step,wall_time,value
1,1747925513.3362873,0.6998296976089478
2,1747925517.5469048,0.7031000852584839
3,1747925520.9549387,0.6889435648918152
4,1747925524.9595654,0.6977661848068237
5,1747925529.1012948,0.6947142481803894
6,1747925532.5137105,0.6784933805465698
7,1747925536.2906077,0.7001247406005859
8,1747925540.2575915,0.6763896346092224
9,1747925545.1198719,0.6683875322341919
10,1747925550.2708242,0.6723195910453796
11,1747925556.069431,0.6766917109489441
12,1747925561.9269352,0.6538147330284119
13,1747925568.2004297,0.6566202640533447
14,1747925575.7890341,0.6701065897941589
15,1747925581.202386,0.6299576163291931
16,1747925586.0103672,0.6369069814682007
17,1747925592.840179,0.6446429491043091
18,1747925596.956784,0.6313915252685547
19,1747925601.5534894,0.6155189275741577
20,1747925606.900532,0.6061103940010071
21,1747925611.4560673,0.5997315645217896
22,1747925616.224392,0.6075124144554138
23,1747925621.7178893,0.5706452131271362
24,1747925628.826007,0.598813533782959
25,1747925633.9508758,0.5821797847747803
26,1747925638.5792677,0.5528610944747925
27,1747925644.88123,0.5448655486106873
28,1747925649.8808784,0.548564076423645
29,1747925654.212376,0.49509531259536743
30,1747925657.9861774,0.5054712295532227
31,1747925663.0641608,0.5225215554237366
32,1747925668.3446064,0.5493616461753845
33,1747925673.0448866,0.5418329834938049
34,1747925679.373105,0.571425199508667
35,1747925685.7750616,0.511975109577179
36,1747925692.0840786,0.3773401975631714
37,1747925695.8026245,0.39956697821617126
38,1747925701.5260534,0.48467350006103516
39,1747925704.9682746,0.5098462104797363
40,1747925711.4385765,0.4485956132411957
41,1747925717.1535342,0.4373195171356201
42,1747925722.124818,0.3714219331741333
43,1747925727.440321,0.5074095129966736
44,1747925732.8776097,0.43582090735435486
45,1747925739.0760653,0.5128536224365234
46,1747925743.7478316,0.5279973149299622
47,1747925748.9894843,0.35005277395248413
48,1747925755.3586621,0.49252837896347046
49,1747925762.0537553,0.4862465262413025
50,1747925767.990104,0.21174776554107666
51,1747925772.9870996,0.3821403384208679
52,1747925777.1640446,0.38565123081207275
53,1747925781.5565822,0.4773523211479187
54,1747925787.4543517,0.3596222400665283
55,1747925794.0961993,0.39579063653945923
56,1747925798.538455,0.3048895597457886
57,1747925804.1449604,0.26711148023605347
58,1747925807.9330807,0.3902507722377777
59,1747925814.3071845,0.5351197719573975
60,1747925820.2384505,0.9480551481246948
61,1747925825.456407,0.2561008334159851
62,1747925830.9341865,0.49078863859176636
63,1747925835.3675814,0.37448757886886597
64,1747925841.3342645,0.4075329005718231
65,1747925845.7068841,0.6122521162033081
66,1747925850.233339,0.2960089445114136
67,1747925854.982959,0.428696870803833
68,1747925862.3853993,0.41461801528930664
69,1747925868.4568284,0.4304177165031433
70,1747925874.8482237,0.47000157833099365
71,1747925880.5318108,0.4128882586956024
72,1747925886.463172,0.4128870368003845
73,1747925890.5251253,0.29150164127349854
74,1747925896.8132386,0.3807717561721802
75,1747925902.0031672,0.33381351828575134
76,1747925907.0413291,0.3375135660171509
77,1747925913.0431943,0.3332444429397583
78,1747925918.8246245,0.3692002296447754
79,1747925924.2399313,0.6558558940887451
80,1747925932.978264,0.5199089050292969
81,1747925938.0569615,0.4472951889038086
82,1747925942.4898653,0.2637109160423279
83,1747925948.1921208,0.2539370656013489
84,1747925953.4154425,0.2938503921031952
85,1747925958.877475,0.21182742714881897
86,1747925962.9748058,0.6425148844718933
87,1747925968.61003,0.4435865879058838
88,1747925976.3854523,0.2839469909667969
89,1747925982.4332361,0.33008062839508057
90,1747925988.533721,0.5064096450805664
91,1747925994.1905568,0.3482736349105835
92,1747925998.9851205,0.18398980796337128
93,1747926006.0498626,0.1704973429441452
94,1747926012.7915256,0.5318654775619507
95,1747926021.0273948,0.24860712885856628
96,1747926029.3936815,0.13902735710144043
97,1747926033.27219,0.39026087522506714
98,1747926039.341891,0.6326029896736145
99,1747926044.1626632,0.3927166163921356
100,1747926050.757241,0.2461273968219757
101,1747926056.86917,0.4203730821609497
102,1747926062.317972,0.3917733132839203
103,1747926066.5894194,0.1832689493894577
104,1747926072.5546558,0.381596177816391
105,1747926079.9453619,0.3348108232021332
106,1747926086.206483,0.5517251491546631
107,1747926091.485493,0.37426257133483887
108,1747926098.4477506,0.3531842827796936
109,1747926105.138068,0.2626644968986511
110,1747926111.4710095,0.1816551685333252
111,1747926118.1729112,0.1779317706823349
112,1747926124.621826,0.28699836134910583
113,1747926132.4040453,0.5612401366233826
114,1747926140.7746634,0.2407163381576538
115,1747926148.2227726,0.5054285526275635
116,1747926149.8396876,0.6142259240150452
117,1747926222.4724016,0.3877561688423157
118,1747926229.2517924,0.26917314529418945
119,1747926235.5399466,0.3625619113445282
120,1747926241.6443098,0.20135322213172913
121,1747926247.8743346,0.5086849927902222
122,1747926252.7657907,0.4107494354248047
123,1747926257.4491909,0.4013288617134094
124,1747926262.282928,0.38797470927238464
125,1747926268.7024841,0.23726534843444824
126,1747926276.436564,0.3448983132839203
127,1747926284.564867,0.26410576701164246
128,1747926293.6856673,0.3376717269420624
129,1747926301.5500968,0.3786895275115967
130,1747926309.1518307,0.42206573486328125
131,1747926316.0131414,0.38430365920066833
132,1747926323.7917418,0.3329271078109741
133,1747926328.3864284,0.2260972261428833
134,1747926332.8436294,0.15211670100688934
135,1747926338.820521,0.3322458267211914
136,1747926343.549019,0.13386040925979614
137,1747926348.0730762,0.2580656409263611
138,1747926354.8817518,0.2941412925720215
139,1747926359.8386302,0.20239746570587158
140,1747926366.6462586,0.1954372376203537
141,1747926373.4330466,0.219339057803154
142,1747926379.8457677,0.15928377211093903
143,1747926385.8730135,0.34302645921707153
144,1747926390.4519165,0.31723833084106445
145,1747926396.6257372,0.19698116183280945
146,1747926402.4795516,0.2504591941833496
147,1747926407.2418866,0.2745214104652405
148,1747926413.5299437,0.17608708143234253
149,1747926419.2436893,0.2802925109863281
150,1747926425.9816446,0.4561874270439148
151,1747926432.9920652,0.1283230036497116
152,1747926439.8501642,0.16365861892700195
153,1747926445.3832898,0.3238532543182373
154,1747926451.0440886,0.1942514032125473
155,1747926456.364694,0.23350101709365845
156,1747926460.1495936,0.15145285427570343
157,1747926466.0200412,0.23256365954875946
158,1747926472.2342236,0.2548465430736542
159,1747926478.521804,0.22328166663646698
160,1747926483.291196,0.11908890306949615
161,1747926489.5969207,0.08911457657814026
162,1747926497.0779116,0.26692456007003784
163,1747926502.7575758,0.23150329291820526
164,1747926506.9522624,0.015966789796948433
165,1747926513.104201,0.44124945998191833
166,1747926520.286307,0.356870174407959
167,1747926528.2297308,0.20648960769176483
168,1747926533.4088705,0.1641138792037964
169,1747926538.3533847,0.33458778262138367
170,1747926545.3842533,0.3247658908367157
171,1747926552.2459283,0.19520744681358337
172,1747926556.6989014,0.04199948161840439
173,1747926561.8776286,0.17410366237163544
174,1747926567.0480459,0.4222888946533203
175,1747926573.606633,0.12573868036270142
176,1747926579.5567894,0.14977562427520752
177,1747926585.4754634,0.27350911498069763
178,1747926591.2806313,0.6218029856681824
179,1747926597.4657054,0.42270776629447937
180,1747926603.4345286,0.10363292694091797
181,1747926609.5482247,0.1926717609167099
182,1747926615.5718656,0.11420506238937378
183,1747926619.960514,0.16752099990844727
184,1747926624.4769578,0.18665441870689392
185,1747926630.5485663,0.25886136293411255
186,1747926635.6508996,0.6978474855422974
187,1747926642.347139,0.1194617748260498
188,1747926648.61344,0.1168321967124939
189,1747926653.7301848,0.16110502183437347
190,1747926659.8738418,0.24984705448150635
191,1747926665.8667507,0.08935585618019104
192,1747926669.8883832,0.23938362300395966
193,1747926675.3288867,0.21456202864646912
194,1747926680.5363414,0.3551735579967499
195,1747926685.9961052,0.26627275347709656
196,1747926693.7079105,0.3874177932739258
197,1747926701.5204773,0.4151116609573364
198,1747926709.119706,0.1985803097486496
199,1747926717.6913333,0.3599805235862732
200,1747926724.4303296,0.08742670714855194
201,1747926729.5367985,0.13729563355445862
202,1747926737.7079153,0.2187570333480835
203,1747926743.3518496,0.30524909496307373
204,1747926749.7373416,0.15483926236629486
205,1747926756.1342628,0.1871759593486786
206,1747926759.7729456,0.2902299761772156
207,1747926765.9198368,0.2424662709236145
208,1747926771.3900974,0.21121227741241455
209,1747926775.7238069,0.1404857337474823
210,1747926782.5767694,0.07926119118928909
211,1747926790.7093887,0.18006615340709686
212,1747926796.0473385,0.2631065845489502
213,1747926801.8371844,0.26094263792037964
214,1747926808.7524958,0.4718720316886902
215,1747926814.013775,0.11610084772109985
216,1747926819.6973875,0.23507289588451385
217,1747926824.4489496,0.09671153128147125
218,1747926829.7783701,0.012587065808475018
219,1747926836.543989,0.1613619178533554
220,1747926841.7538867,0.31916120648384094
221,1747926846.695258,0.18533119559288025
222,1747926852.9805527,0.23714369535446167
223,1747926858.2178488,0.4769819378852844
224,1747926864.4915347,0.08040112257003784
225,1747926871.9017615,0.271358847618103
226,1747926878.971301,0.5017002820968628
227,1747926887.1656687,0.1479370892047882
228,1747926894.0699248,0.12652470171451569
229,1747926902.2073078,0.2249271273612976
230,1747926908.8563545,0.09520282596349716
231,1747926918.5395644,0.1423746943473816
232,1747926919.4877982,0.05760132521390915
233,1747927004.6281161,0.27414602041244507
234,1747927010.2890837,0.5338393449783325
235,1747927015.166731,0.07621381431818008
236,1747927019.4418802,0.19694793224334717
237,1747927026.1870277,0.1977577656507492
238,1747927031.8613622,0.3265432119369507
239,1747927036.4342504,0.1876172125339508
240,1747927040.029852,0.054593198001384735
241,1747927044.7158086,0.28619474172592163
242,1747927051.2366354,0.5697659254074097
243,1747927056.3677976,0.36612236499786377
244,1747927062.0197449,0.1602560132741928
245,1747927069.2092767,0.25277671217918396
246,1747927074.0519626,0.14637333154678345
247,1747927079.520365,0.11899463832378387
248,1747927084.8887377,0.29543444514274597
249,1747927091.6289294,0.20152753591537476
250,1747927095.2241275,0.11845072358846664
251,1747927099.3074574,0.23556682467460632
252,1747927104.4849775,0.25865137577056885
253,1747927112.9591649,0.14475004374980927
254,1747927119.4484189,0.027112510055303574
255,1747927124.351782,0.23405107855796814
256,1747927129.0288649,0.03412625938653946
257,1747927133.2099006,0.08285728096961975
258,1747927139.534364,0.24435719847679138
259,1747927143.4360285,0.18546812236309052
260,1747927148.9883745,0.31583860516548157
261,1747927156.5196242,0.08149585127830505
262,1747927161.987487,0.18145351111888885
263,1747927169.5607615,0.105618916451931
264,1747927176.28341,0.44029176235198975
265,1747927185.1649613,0.11196553707122803
266,1747927191.4813068,0.08283576369285583
267,1747927197.3684638,0.09622237086296082
268,1747927200.4205031,0.0674680694937706
269,1747927205.8306637,0.3323628306388855
270,1747927212.2302253,0.07885201275348663
271,1747927217.7023869,0.14628945291042328
272,1747927223.661188,0.16181643307209015
273,1747927230.1681385,0.19979283213615417
274,1747927236.8342087,0.4665141999721527
275,1747927242.0596292,0.19300024211406708
276,1747927247.1328719,0.2616111636161804
277,1747927250.517784,0.04560036584734917
278,1747927257.584959,0.351274311542511
279,1747927263.2008443,0.3234148919582367
280,1747927271.1414917,0.1202111691236496
281,1747927277.6658843,0.07443220913410187
282,1747927282.25321,0.3113020062446594
283,1747927286.7216034,0.09964430332183838
284,1747927294.991783,0.1856400966644287
285,1747927300.9829705,0.11436992883682251
286,1747927304.7532604,0.15646639466285706
287,1747927309.6406288,0.24242906272411346
288,1747927317.8649497,0.24913308024406433
289,1747927324.3581982,0.09500676393508911
290,1747927329.1504579,0.2510027289390564
291,1747927335.8075423,0.5089744329452515
292,1747927339.637018,0.3103911578655243
293,1747927343.8567708,0.18622097373008728
294,1747927353.5556998,0.3517957925796509
295,1747927357.250168,0.17676430940628052
296,1747927362.3266213,0.16020408272743225
297,1747927367.1528783,0.09539961069822311
298,1747927371.4373047,0.05615629255771637
299,1747927376.2604501,0.10415375232696533
300,1747927383.9878993,0.1063930094242096
301,1747927389.1706707,0.06891728937625885
302,1747927397.2280955,0.21510732173919678
303,1747927402.7679813,0.01790659874677658
304,1747927406.9120343,0.367593377828598
305,1747927411.0645714,0.2539175748825073
306,1747927417.3089666,0.5005040168762207
307,1747927422.497685,0.17314964532852173
308,1747927429.2776587,0.10674029588699341
309,1747927434.6360588,0.07690955698490143
310,1747927439.23424,0.10549601167440414
311,1747927444.164401,0.19633418321609497
312,1747927451.8992715,0.11672262847423553
313,1747927454.704182,0.13117781281471252
314,1747927462.0142038,0.11168694496154785
315,1747927469.2997544,0.33993715047836304
316,1747927476.1072342,0.206368550658226
317,1747927481.2395627,0.28690192103385925
318,1747927486.4633532,0.2808758616447449
319,1747927491.685287,0.1388978213071823
320,1747927497.567887,0.03456619381904602
321,1747927505.281756,0.24714860320091248
322,1747927513.9047506,0.23204410076141357
323,1747927520.4304538,0.08479108661413193
324,1747927524.4513326,0.21636013686656952
325,1747927530.2948544,0.14255359768867493
326,1747927537.2234344,0.166429340839386
327,1747927543.8953228,0.27065372467041016
328,1747927551.0444493,0.2304007112979889
329,1747927555.9862182,0.28511297702789307
330,1747927564.9890342,0.3161168694496155
331,1747927571.985227,0.3043338656425476
332,1747927577.7285948,0.27638018131256104
333,1747927581.264071,0.1764948070049286
334,1747927587.280637,0.18125447630882263
335,1747927591.5771072,0.41550296545028687
336,1747927597.020266,0.3107030689716339
337,1747927600.961338,0.13707219064235687
338,1747927606.8093045,0.15066076815128326
339,1747927612.7390692,0.32593587040901184
340,1747927619.3165526,0.28862854838371277
341,1747927628.3824098,0.17183904349803925
342,1747927636.0447595,0.21244119107723236
343,1747927640.9649112,0.10160470008850098
344,1747927650.5462737,0.2589472234249115
345,1747927658.528778,0.09313320368528366
346,1747927666.959729,0.09792529791593552
347,1747927671.5220141,0.21866536140441895
348,1747927674.652777,0.4358552098274231
349,1747927756.470644,0.14813774824142456
350,1747927760.3534129,0.08064702153205872
351,1747927767.7474506,0.5369608402252197
352,1747927773.0606625,0.41665026545524597
353,1747927777.0950775,0.2137419432401657
354,1747927782.9432526,0.19757996499538422
355,1747927793.2309144,0.2815272808074951
356,1747927801.1474538,0.14021693170070648
357,1747927808.7113252,0.08711182326078415
358,1747927813.9755557,0.5824210047721863
359,1747927819.6669688,0.2686140537261963
360,1747927824.346699,0.31211042404174805
361,1747927828.324926,0.13097122311592102
362,1747927833.9742582,0.3510345220565796
363,1747927838.814893,0.33340367674827576
364,1747927844.195433,0.17916250228881836
365,1747927850.1677823,0.29204830527305603
366,1747927854.4486177,0.06157365441322327
367,1747927859.618308,0.5488356351852417
368,1747927865.2051666,0.15105833113193512
369,1747927869.2321699,0.04741402715444565
370,1747927874.1783416,0.06049327552318573
371,1747927879.7620733,0.283982515335083
372,1747927886.3117323,0.07608310133218765
373,1747927891.7342339,0.12500756978988647
374,1747927897.4433627,0.5013932585716248
375,1747927902.979513,0.19060680270195007
376,1747927907.9656777,0.08647134900093079
377,1747927911.934258,0.13099241256713867
378,1747927918.1493359,0.3051450252532959
379,1747927926.497231,0.09175035357475281
380,1747927933.9010706,0.40269288420677185
381,1747927939.516777,0.031491927802562714
382,1747927943.9398146,0.11206549406051636
383,1747927950.594683,0.4003201723098755
384,1747927955.849637,0.07088121771812439
385,1747927962.2282753,0.39780446887016296
386,1747927968.0475633,0.1071396917104721
387,1747927973.51903,0.3356907367706299
388,1747927981.040764,0.27473920583724976
389,1747927986.1943307,0.1187342032790184
390,1747927990.982493,0.40934067964553833
391,1747927996.7641003,0.28164637088775635
392,1747928003.939294,0.17807897925376892
393,1747928012.2957246,0.15982602536678314
394,1747928016.3841789,0.1008765920996666
395,1747928024.0344357,0.25479206442832947
396,1747928029.6822689,0.11743810772895813
397,1747928034.853383,0.10770728439092636
398,1747928043.2861953,0.09413990378379822
399,1747928048.748424,0.08137092739343643
400,1747928055.8137078,0.14998707175254822
401,1747928061.6516006,0.2328113317489624
402,1747928066.802421,0.025571299716830254
403,1747928070.6667976,0.3542332053184509
404,1747928075.057842,0.35904765129089355
405,1747928082.302952,0.37940049171447754
406,1747928087.0731468,0.3001869320869446
407,1747928092.8827012,0.30367037653923035
408,1747928100.0852854,0.21527135372161865
409,1747928105.6983006,0.09409290552139282
410,1747928110.523562,0.20204079151153564
411,1747928115.610691,0.27490347623825073
412,1747928121.7348413,0.2421920895576477
413,1747928126.9876196,0.16732025146484375
414,1747928131.325727,0.17142736911773682
415,1747928137.0799952,0.09516551345586777
416,1747928143.5626123,0.17210516333580017
417,1747928150.427738,0.12487052381038666
418,1747928156.5925186,0.08046413213014603
419,1747928163.6402237,0.06519550085067749
420,1747928170.6506286,0.038348741829395294
421,1747928177.482977,0.21692430973052979
422,1747928181.6763947,0.10390811413526535
423,1747928189.1891336,0.03457892686128616
424,1747928194.3567622,0.1275341808795929
425,1747928199.6457975,0.23211371898651123
426,1747928206.7416668,0.19460046291351318
427,1747928212.9342582,0.15403161942958832
428,1747928218.9982092,0.16772150993347168
429,1747928224.88302,0.23040567338466644
430,1747928228.4505122,0.046862877905368805
431,1747928233.3287475,0.8611577749252319
432,1747928239.3358493,0.30912286043167114
433,1747928244.4554842,0.35082030296325684
434,1747928250.713841,0.1766819804906845
435,1747928255.8976395,0.16121575236320496
436,1747928263.7755165,0.3197202682495117
437,1747928269.7975516,0.1176571249961853
438,1747928275.046194,0.33808469772338867
439,1747928281.6107528,0.2611142694950104
440,1747928286.4431322,0.10293804109096527
441,1747928291.7667441,0.2109563946723938
442,1747928296.567853,0.09645308554172516
443,1747928301.297279,0.11823873966932297
444,1747928307.2898734,0.2136942446231842
445,1747928312.8575685,0.1744627058506012
446,1747928317.4960325,0.14395833015441895
447,1747928322.9934006,0.4211735725402832
448,1747928328.342836,0.09112116694450378
449,1747928333.462451,0.22484928369522095
450,1747928338.0065784,0.3675764501094818
451,1747928345.3385618,0.20081475377082825
452,1747928351.814261,0.22818605601787567
453,1747928357.9090335,0.19491814076900482
454,1747928363.8005927,0.05165490508079529
455,1747928371.7080953,0.09813403338193893
456,1747928377.1683848,0.05631326884031296
457,1747928382.3315306,0.16582024097442627
458,1747928387.813862,0.06642106175422668
459,1747928391.5837388,0.19872067868709564
460,1747928398.5847545,0.16937187314033508
461,1747928405.1708214,0.07962039113044739
462,1747928414.7843862,0.2324950098991394
463,1747928419.993656,0.1580353081226349
464,1747928420.5823228,0.006493072025477886
465,1747928497.534244,0.04778771847486496
466,1747928502.7924652,0.0737285166978836
467,1747928508.162415,0.09590442478656769
468,1747928512.8387594,0.052571266889572144
469,1747928517.7961705,0.14385583996772766
470,1747928523.2082758,0.1609891653060913
471,1747928527.2189023,0.05295055732131004
472,1747928532.388123,0.3078327178955078
473,1747928538.3581553,0.2904077172279358
474,1747928543.8249044,0.017627838999032974
475,1747928549.7416549,0.02517583779990673
476,1747928556.7614267,0.0021046255715191364
477,1747928563.9726634,0.04541851207613945
478,1747928572.1828399,0.11328952014446259
479,1747928579.0823512,0.08120700716972351
480,1747928586.2226746,0.021630678325891495
481,1747928590.5520947,0.0656997486948967
482,1747928597.6006646,0.1253584623336792
483,1747928604.7254024,0.0901549905538559
484,1747928610.652953,0.05468226596713066
485,1747928618.3305597,0.030672702938318253
486,1747928623.2393856,0.307009756565094
487,1747928626.4220622,0.06010977923870087
488,1747928631.4643986,0.295214980840683
489,1747928637.3741014,0.026941489428281784
490,1747928643.217307,0.7559722661972046
491,1747928646.5082376,0.18098728358745575
492,1747928652.1678662,0.04544591158628464
493,1747928658.0898533,0.20168250799179077
494,1747928662.999269,0.15346524119377136
495,1747928670.0693903,0.1194288581609726
496,1747928679.2058842,0.25532886385917664
497,1747928687.13968,0.12381553649902344
498,1747928692.9338193,0.09435242414474487
499,1747928701.8163607,0.34003859758377075
500,1747928708.094905,0.45719537138938904
501,1747928713.1983764,0.19263672828674316
502,1747928720.7553277,0.21137064695358276
503,1747928725.3787124,0.42605072259902954
504,1747928731.8295712,0.3875280022621155
505,1747928736.5571034,0.0644606351852417
506,1747928743.802742,0.05001763626933098
507,1747928748.0342655,0.10488200187683105
508,1747928751.3743103,0.5975466370582581
509,1747928757.991293,0.24986115097999573
510,1747928762.3427913,0.24295029044151306
511,1747928769.3260005,0.16970676183700562
512,1747928774.7962458,0.4658907651901245
513,1747928780.5780284,0.13104453682899475
514,1747928785.1163256,0.2819512188434601
515,1747928791.3765507,0.11637019366025925
516,1747928798.083515,0.21454596519470215
517,1747928803.9275122,0.14049923419952393
518,1747928807.7051792,0.06656531989574432
519,1747928811.749377,0.21654026210308075
520,1747928817.4645488,0.04197151958942413
521,1747928823.7938402,0.22120893001556396
522,1747928831.8814917,0.1645963191986084
523,1747928835.6835098,0.30359309911727905
524,1747928841.2650385,0.11013974249362946
525,1747928845.541193,0.07104118913412094
526,1747928850.921281,0.03457752615213394
527,1747928858.0085964,0.04388457164168358
528,1747928861.9530153,0.04458996653556824
529,1747928867.1067755,0.10250817239284515
530,1747928873.8162963,0.4169309139251709
531,1747928880.1474075,0.007505305111408234
532,1747928885.7435458,0.12501589953899384
533,1747928891.0362022,0.1100880354642868
534,1747928894.416071,0.050524093210697174
535,1747928900.0785654,0.0965060442686081
536,1747928906.5572734,0.1826532483100891
537,1747928911.6406407,0.05964052304625511
538,1747928919.1499674,0.1501847505569458
539,1747928924.207005,0.1550467312335968
540,1747928931.7887065,0.03847667574882507
541,1747928936.4014046,0.10958852618932724
542,1747928940.779289,0.09112255275249481
543,1747928945.9909809,0.15179848670959473
544,1747928951.8072116,0.04102601483464241
545,1747928957.4968016,0.05116546154022217
546,1747928964.9858992,0.18077903985977173
547,1747928969.351036,0.06019338220357895
548,1747928974.067404,0.30020028352737427
549,1747928981.434225,0.2794468104839325
550,1747928989.9805405,0.36423325538635254
551,1747928995.4529982,0.726303219795227
552,1747929002.880952,0.006354530807584524
553,1747929009.8848228,0.4974759817123413
554,1747929016.0958807,0.11873319745063782
555,1747929022.2184718,0.2750244736671448
556,1747929027.6479962,0.15808889269828796
557,1747929032.639886,0.305252343416214
558,1747929036.1644194,0.095919668674469
559,1747929043.771929,0.27620729804039
560,1747929048.4626224,0.24797676503658295
561,1747929054.85679,0.14791186153888702
562,1747929060.110256,0.18569432199001312
563,1747929065.7717853,0.3487122058868408
564,1747929070.4117763,0.3174208402633667
565,1747929075.687127,0.28661587834358215
566,1747929082.2805543,0.26891252398490906
567,1747929089.3022912,0.22446539998054504
568,1747929094.9438863,0.1633053421974182
569,1747929100.2157745,0.14658860862255096
570,1747929106.1343603,0.18146225810050964
571,1747929113.3585124,0.03316158056259155
572,1747929118.1521368,0.1151609867811203
573,1747929121.7106025,0.10432126373052597
574,1747929126.99762,0.2550177574157715
575,1747929132.845558,0.013704775832593441
576,1747929138.1703203,0.08490266650915146
577,1747929145.4480605,0.6190365552902222
578,1747929151.229659,0.25679436326026917
579,1747929159.7686357,0.25516414642333984
580,1747929161.0431736,0.005119483917951584
581,1747929244.4880934,0.12486203759908676
582,1747929248.1734746,0.08718881011009216
583,1747929253.8176544,0.20903834700584412
584,1747929259.3916469,0.3156852126121521
585,1747929265.3708375,0.07540235668420792
586,1747929270.2961519,0.20173859596252441
587,1747929277.1064978,0.0643298551440239
588,1747929283.7438517,0.06492891907691956
589,1747929288.566978,0.21854963898658752
590,1747929293.5529094,0.16422760486602783
591,1747929299.7988558,0.08278985321521759
592,1747929304.395863,0.0399191752076149
593,1747929308.7813964,0.09170204401016235
594,1747929314.89921,0.14648404717445374
595,1747929321.1344113,0.05832551047205925
596,1747929327.505344,0.031437791883945465
597,1747929336.1121526,0.15578964352607727
598,1747929342.8030393,0.1677880883216858
599,1747929346.2739882,0.2181454598903656
600,1747929353.942245,0.1414005160331726
601,1747929360.7170417,0.15479373931884766
602,1747929367.88882,0.038996629416942596
603,1747929374.5127995,0.04934712499380112
604,1747929381.766045,0.07710963487625122
605,1747929389.9023454,0.1791352480649948
606,1747929395.5774395,0.19689612090587616
607,1747929402.2566407,0.01418069563806057
608,1747929408.0148065,0.02846410498023033
609,1747929414.978554,0.08363427966833115
610,1747929419.2145698,0.5806006789207458
611,1747929425.7902749,0.05520215630531311
612,1747929431.548396,0.1829526424407959
613,1747929435.6910064,0.5551513433456421
614,1747929442.1323087,0.5139912366867065
615,1747929449.1364286,0.20352298021316528
616,1747929455.9246802,0.26453447341918945
617,1747929459.533968,0.6035068035125732
618,1747929464.4724157,0.4509703516960144
619,1747929471.0956306,0.1674005687236786
620,1747929477.7694585,0.16701629757881165
621,1747929484.807154,0.20577792823314667
622,1747929491.2082896,0.3001311421394348
623,1747929497.1036785,0.28319084644317627
624,1747929505.5629232,0.3882829546928406
625,1747929513.1091886,0.2569385766983032
626,1747929521.723832,0.2940160632133484
627,1747929530.8436732,0.23877346515655518
628,1747929535.990762,0.20532748103141785
629,1747929540.2718692,0.14342017471790314
630,1747929545.1805325,0.30734872817993164
631,1747929548.7958727,0.23267361521720886
632,1747929554.6471565,0.10761758685112
633,1747929562.3601444,0.15023881196975708
634,1747929568.1112108,0.14140558242797852
635,1747929573.3948452,0.07151268422603607
636,1747929578.0848444,0.13300740718841553
637,1747929582.7262175,0.021798020228743553
638,1747929588.2287607,0.3185447156429291
639,1747929595.7106788,0.13239392638206482
640,1747929600.818309,0.041996609419584274
641,1747929608.475597,0.07655172049999237
642,1747929612.1450136,0.16869768500328064
643,1747929618.3078716,0.24494415521621704
644,1747929625.1926684,0.1461668312549591
645,1747929632.0617862,0.1511988788843155
646,1747929637.2342396,0.33044135570526123
647,1747929642.688516,0.15383347868919373
648,1747929647.0713289,0.2694498300552368
649,1747929653.5441525,0.8251137137413025
650,1747929657.957396,0.2589678168296814
651,1747929661.7905502,0.0857628732919693
652,1747929667.2965739,0.07051505148410797
653,1747929672.3260229,0.10055221617221832
654,1747929678.4829757,0.15382099151611328
655,1747929682.9659817,0.40879160165786743
656,1747929686.8604221,0.3611929416656494
657,1747929694.0956805,0.44169628620147705
658,1747929698.4520345,0.07462875545024872
659,1747929702.6245496,0.15139536559581757
660,1747929707.5073242,0.12703388929367065
661,1747929713.072951,0.132773756980896
662,1747929720.0342817,0.2306109368801117
663,1747929724.2637806,0.20736627280712128
664,1747929728.2536457,0.17288175225257874
665,1747929734.4967852,0.1112385094165802
666,1747929740.1653638,0.10385790467262268
667,1747929745.7831423,0.17626965045928955
668,1747929751.699265,0.19715285301208496
669,1747929759.8618321,0.44875213503837585
670,1747929766.7371426,0.04676906019449234
671,1747929773.7768269,0.037720777094364166
672,1747929779.7843938,0.0038782076444476843
673,1747929787.5730693,0.07373019307851791
674,1747929794.8027096,0.19981145858764648
675,1747929799.2263975,0.007169743999838829
676,1747929803.2467349,0.28220880031585693
677,1747929809.981272,0.35142481327056885
678,1747929816.0420003,0.14272770285606384
679,1747929822.9303923,0.06312661617994308
680,1747929828.6594427,0.23466716706752777
681,1747929833.4768414,0.1503242552280426
682,1747929837.0820382,0.1303018033504486
683,1747929843.6844437,0.13109061121940613
684,1747929848.7088819,0.13907283544540405
685,1747929854.4547126,0.653458833694458
686,1747929858.860928,0.16655002534389496
687,1747929863.6009023,0.13752153515815735
688,1747929869.7670064,0.17521211504936218
689,1747929877.8420691,0.1599503606557846
690,1747929887.193364,0.3654153347015381
691,1747929893.0795152,0.23187768459320068
692,1747929896.661342,0.17560362815856934
693,1747929902.0231879,0.22993646562099457
694,1747929908.5754826,0.1674203872680664
695,1747929915.7636473,0.08601789176464081
696,1747929916.987825,1.2945165634155273
697,1747929992.0556297,0.03280731290578842
698,1747929997.0827017,0.38286182284355164
699,1747930003.6640997,0.5795366764068604
700,1747930008.8100884,0.47218212485313416
701,1747930013.3523088,0.25348973274230957
702,1747930017.7589796,0.17424732446670532
703,1747930023.5721867,0.19202570617198944
704,1747930031.1851401,0.0656355693936348
705,1747930039.115486,0.2984478771686554
706,1747930044.3202844,0.10343330353498459
707,1747930051.5382283,0.10259753465652466
708,1747930057.1975656,0.08209804445505142
709,1747930065.340263,0.053036704659461975
710,1747930073.5579104,0.12748152017593384
711,1747930077.9559448,0.06906532496213913
712,1747930083.224995,0.10891011357307434
713,1747930090.0902464,0.21397268772125244
714,1747930094.522254,0.3319138288497925
715,1747930099.2419095,0.19172994792461395
716,1747930106.5773845,0.2285039871931076
717,1747930112.4643831,0.32844671607017517
718,1747930119.0620618,0.040118105709552765
719,1747930124.2494223,0.08868193626403809
720,1747930128.8133512,0.19379788637161255
721,1747930133.9099636,0.05426132306456566
722,1747930141.1342542,0.21788762509822845
723,1747930145.565618,0.07016709446907043
724,1747930152.9089348,0.24879692494869232
725,1747930157.5953748,0.0065344031900167465
726,1747930161.8399892,0.2791721224784851
727,1747930167.3145576,0.20041334629058838
728,1747930172.65661,0.13908927142620087
729,1747930176.5466635,0.06382566690444946
730,1747930182.3828042,0.016160311177372932
731,1747930187.911779,0.5424368381500244
732,1747930196.591379,0.021524246782064438
733,1747930201.5729778,0.11615799367427826
734,1747930206.7532573,0.11034825444221497
735,1747930211.1534693,0.38035982847213745
736,1747930216.2342863,0.18009166419506073
737,1747930223.0541594,0.19608144462108612
738,1747930230.5967205,0.018528103828430176
739,1747930237.9714916,0.13619612157344818
740,1747930245.3316867,0.1839141547679901
741,1747930253.0320928,0.4374394416809082
742,1747930257.4447033,0.034811533987522125
743,1747930261.829552,0.030197879299521446
744,1747930268.8721523,0.3880864083766937
745,1747930274.0749815,0.6158957481384277
746,1747930279.0774822,0.2588353455066681
747,1747930282.4302616,0.19180218875408173
748,1747930288.720572,0.036436114460229874
749,1747930295.0445156,0.32331526279449463
750,1747930299.609094,0.11703469604253769
751,1747930304.8988078,0.09538554400205612
752,1747930314.9588306,0.49347469210624695
753,1747930320.1634963,0.16722021996974945
754,1747930325.1034446,0.45201608538627625
755,1747930330.002412,0.1609102338552475
756,1747930334.7753549,0.4506604075431824
757,1747930340.441647,0.12424361705780029
758,1747930345.7947748,0.12318669259548187
759,1747930350.89103,0.2238798588514328
760,1747930357.316089,0.2572399973869324
761,1747930364.7132757,0.25543761253356934
762,1747930371.1042585,0.09078545868396759
763,1747930376.9267392,0.1413131058216095
764,1747930382.1610076,0.08120854198932648
765,1747930386.2751753,0.13353405892848969
766,1747930390.4451063,0.18016552925109863
767,1747930395.5475864,0.03725800663232803
768,1747930400.881571,0.7055231928825378
769,1747930407.6063461,0.19252046942710876
770,1747930414.2234218,0.358681857585907
771,1747930421.0751233,0.0892038568854332
772,1747930427.282104,0.026646088808774948
773,1747930433.358714,0.20784026384353638
774,1747930438.3069875,0.15550176799297333
775,1747930443.3583956,0.04580162093043327
776,1747930450.866039,0.2245095819234848
777,1747930454.7804327,0.1275433599948883
778,1747930464.7598433,0.1456463634967804
779,1747930471.650356,0.23551714420318604
780,1747930477.828681,0.05466108024120331
781,1747930482.2816448,0.01550612784922123
782,1747930489.1504517,0.2845554053783417
783,1747930495.0566764,0.1415608525276184
784,1747930504.547534,0.09560894221067429
785,1747930511.8703597,0.14703242480754852
786,1747930517.6783588,0.2376539409160614
787,1747930521.6342318,0.17374436557292938
788,1747930525.5373585,0.3084415793418884
789,1747930532.5183344,0.24131730198860168
790,1747930537.5304506,0.019335675984621048
791,1747930543.9400516,0.01788260042667389
792,1747930549.5305386,0.5382864475250244
793,1747930556.795932,0.2854836881160736
794,1747930562.0960581,0.13623976707458496
795,1747930565.3368165,0.04874337837100029
796,1747930572.172053,0.3069545030593872
797,1747930577.4148936,0.2647489011287689
798,1747930583.7570314,0.34341520071029663
799,1747930588.8044877,0.171098530292511
800,1747930594.9111197,0.23393921554088593
801,1747930602.4595098,0.22830908000469208
802,1747930607.723495,0.1905754655599594
803,1747930614.6799273,0.1828990876674652
804,1747930620.0714011,0.11635605990886688
805,1747930625.713704,0.10788975656032562
806,1747930630.9591382,0.24244913458824158
807,1747930635.88395,0.1273428350687027
808,1747930639.57419,0.1589217483997345
809,1747930646.0413291,0.016351919621229172
810,1747930651.2878637,0.05902440845966339
811,1747930656.1343422,0.08478596061468124
812,1747930658.0393639,0.023736558854579926
813,1747930734.8590493,0.021784674376249313
814,1747930741.0210276,0.22109627723693848
815,1747930747.1522007,0.051618821918964386
816,1747930754.9273763,0.0625382512807846
817,1747930762.4514196,0.08309121429920197
818,1747930770.0085876,0.11391862481832504
819,1747930776.314006,0.1789204329252243
820,1747930783.0624363,0.01465781033039093
821,1747930790.727903,0.08303454518318176
822,1747930797.0397718,0.3304975926876068
823,1747930803.7683773,0.09111063182353973
824,1747930810.3464634,0.09454400837421417
825,1747930817.652152,0.3326035737991333
826,1747930824.373151,0.11934645473957062
827,1747930831.296123,0.17732350528240204
828,1747930834.7703698,0.059302881360054016
829,1747930839.7545354,0.06477461755275726
830,1747930844.694818,0.1304437220096588
831,1747930850.6586041,0.1133289486169815
832,1747930856.434227,0.22703519463539124
833,1747930861.9640596,0.19409874081611633
834,1747930866.2828813,0.07037343084812164
835,1747930872.6813307,0.13913790881633759
836,1747930879.9552584,0.1320776641368866
837,1747930888.8584495,0.23112866282463074
838,1747930894.6662045,0.1425165981054306
839,1747930899.563554,0.0799180269241333
840,1747930903.1940026,0.11111538112163544
841,1747930908.9454968,0.1655750274658203
842,1747930912.960821,0.03748191520571709
843,1747930917.854188,0.24752244353294373
844,1747930923.0925694,0.08069358766078949
845,1747930927.3585775,0.010329252108931541
846,1747930932.2202423,0.025253495201468468
847,1747930940.4537184,0.04512542486190796
848,1747930947.0358067,0.010298166424036026
849,1747930953.1727388,0.08543471992015839
850,1747930960.4477646,0.03701339662075043
851,1747930965.2652953,0.14613835513591766
852,1747930970.47924,0.12898162007331848
853,1747930976.489749,0.01587677001953125
854,1747930982.542029,0.3321390151977539
855,1747930989.407374,0.09720945358276367
856,1747930994.6543832,0.054345518350601196
857,1747930999.5754125,0.06710761040449142
858,1747931005.7493262,0.07072314620018005
859,1747931013.9758272,0.043115608394145966
860,1747931021.351308,0.09218892455101013
861,1747931027.1354442,0.014689738862216473
862,1747931031.7851448,0.05609794706106186
863,1747931040.2623432,0.0848466083407402
864,1747931046.8197942,0.004010625649243593
865,1747931050.066782,0.03144326061010361
866,1747931055.9508293,0.00861777551472187
867,1747931061.352563,0.13040690124034882
868,1747931067.1859515,0.19635026156902313
869,1747931074.7355094,0.37613141536712646
870,1747931079.8960912,0.02297665923833847
871,1747931083.968737,0.10887102782726288
872,1747931090.597338,0.08595941960811615
873,1747931095.6854842,0.08975135535001755
874,1747931103.7643626,0.0018950365483760834
875,1747931109.8038216,0.33096426725387573
876,1747931116.1945066,0.2657430171966553
877,1747931123.5323682,0.158610537648201
878,1747931128.0392475,0.14334285259246826
879,1747931131.9409904,0.10574287176132202
880,1747931136.8390338,0.14711053669452667
881,1747931143.9840322,0.35488006472587585
882,1747931149.2264485,0.16468235850334167
883,1747931153.7628722,0.46218952536582947
884,1747931157.9118881,0.021881472319364548
885,1747931162.9923332,0.13659727573394775
886,1747931168.2666516,0.1490049660205841
887,1747931174.1342506,0.1272643506526947
888,1747931179.958378,0.08401528000831604
889,1747931185.0834644,0.06881926953792572
890,1747931193.2019212,0.14600983262062073
891,1747931199.383966,0.06339500844478607
892,1747931205.3302817,0.29532575607299805
893,1747931210.3952663,0.1656814068555832
894,1747931215.8108354,0.10012117028236389
895,1747931219.3520715,0.1007808968424797
896,1747931224.699982,0.27721869945526123
897,1747931230.9554229,0.17030370235443115
898,1747931237.3508618,0.04840915650129318
899,1747931243.223258,0.03942100703716278
900,1747931247.845463,0.06277833133935928
901,1747931253.391874,0.05210985988378525
902,1747931261.662889,0.0594976544380188
903,1747931266.7518518,0.04691050201654434
904,1747931274.375895,0.03332255408167839
905,1747931279.9021306,0.14835584163665771
906,1747931283.7585208,0.013350360095500946
907,1747931288.814176,0.17625586688518524
908,1747931294.3491004,0.2874334454536438
909,1747931300.534187,0.23330913484096527
910,1747931304.6166363,0.13533994555473328
911,1747931310.4023576,0.35743388533592224
912,1747931315.6478224,0.1232306957244873
913,1747931321.7350302,0.0922737643122673
914,1747931330.4323854,0.07430757582187653
915,1747931336.1354177,0.23870998620986938
916,1747931341.79003,0.028014298528432846
917,1747931345.556581,0.24453608691692352
918,1747931351.1490052,0.05656062811613083
919,1747931355.05295,0.27868950366973877
920,1747931361.5679436,0.09080847352743149
921,1747931367.1321208,0.059448711574077606
922,1747931371.8783116,0.1705225706100464
923,1747931377.3345027,0.16540485620498657
924,1747931382.2039702,0.017312653362751007
925,1747931388.8573706,0.181722491979599
926,1747931394.5599086,0.5422447919845581
927,1747931403.1630259,0.5277864933013916
928,1747931403.9630725,0.008060876280069351
929,1747931484.0005784,0.09399645030498505
930,1747931489.1274185,0.19541959464550018
931,1747931493.5414708,0.05986274778842926
932,1747931499.3730614,0.18894797563552856
933,1747931503.7445633,0.22140762209892273
934,1747931507.5213804,0.04297950863838196
935,1747931514.1114964,0.24134425818920135
936,1747931520.7630653,0.0898025631904602
937,1747931527.238926,0.0870203971862793
938,1747931534.2998984,0.29564419388771057
939,1747931539.6312518,0.08278451859951019
940,1747931546.2578259,0.062160708010196686
941,1747931551.9748526,0.04501206427812576
942,1747931560.1757176,0.1381511688232422
943,1747931567.814898,0.08857157081365585
944,1747931575.044877,0.11673247814178467
945,1747931580.0607064,0.03904148191213608
946,1747931584.6090374,0.04371677339076996
947,1747931588.9499211,0.15205827355384827
948,1747931595.783016,0.0415736585855484
949,1747931599.400047,0.04055814817547798
950,1747931606.2986593,0.17059147357940674
951,1747931613.5344412,0.18837349116802216
952,1747931617.4325078,0.17456987500190735
953,1747931622.3958259,0.19461578130722046
954,1747931629.9892883,0.18321745097637177
955,1747931635.0729513,0.2989112138748169
956,1747931640.9402196,0.06905017793178558
957,1747931647.245127,0.06633834540843964
958,1747931653.9964283,0.12861575186252594
959,1747931658.7440557,0.12947705388069153
960,1747931663.6148531,0.4332479238510132
961,1747931668.657602,0.29279980063438416
962,1747931674.2037299,0.03499222919344902
963,1747931681.5550694,0.1534915268421173
964,1747931687.4069514,0.08601756393909454
965,1747931692.6584213,0.07969588041305542
966,1747931698.2387018,0.019932761788368225
967,1747931706.8467574,0.2332228124141693
968,1747931713.1035702,0.11985404789447784
969,1747931717.6173277,0.09167017787694931
970,1747931722.2735968,0.0032071666792035103
971,1747931727.7307591,0.06484296917915344
972,1747931734.132501,0.035276129841804504
973,1747931738.369199,0.18576470017433167
974,1747931744.5615351,0.2748032212257385
975,1747931749.7546391,0.03587201610207558
976,1747931755.4431725,0.05330018326640129
977,1747931761.4416575,0.11432646960020065
978,1747931766.3182287,0.1962156593799591
979,1747931771.5452452,0.028383322060108185
980,1747931775.9698827,0.37749552726745605
981,1747931782.8970222,0.24949604272842407
982,1747931790.418605,0.099117711186409
983,1747931793.9500225,0.0020193816162645817
984,1747931800.415623,0.09001612663269043
985,1747931807.6981928,0.3005577623844147
986,1747931813.813225,0.03073469176888466
987,1747931818.0364122,0.5004116892814636
988,1747931822.1446667,0.07083078473806381
989,1747931826.7364275,0.293752521276474
990,1747931832.0402668,0.015889283269643784
991,1747931837.4628694,0.04910457879304886
992,1747931841.8070064,0.0034188036806881428
993,1747931849.0946362,0.14548692107200623
994,1747931854.0741339,0.1418563425540924
995,1747931859.9124439,0.1952759027481079
996,1747931865.5125008,0.14211080968379974
997,1747931871.678405,0.11492539942264557
998,1747931878.3945925,0.024340173229575157
999,1747931884.0014324,0.189454585313797
1000,1747931891.6209266,0.09349286556243896
1001,1747931898.2623916,0.1564253270626068
1002,1747931906.1223817,0.18899613618850708
1003,1747931914.5534217,0.00920272246003151
1004,1747931922.9382076,0.09131374210119247
1005,1747931928.96389,0.14907191693782806
1006,1747931935.4476693,0.0955701693892479
1007,1747931945.2730873,0.10353132337331772
1008,1747931954.554493,0.020794451236724854
1009,1747931961.0531936,0.13363711535930634
1010,1747931966.9882903,0.024890676140785217
1011,1747931971.6366,0.005022647324949503
1012,1747931976.4893422,0.14125090837478638
1013,1747931980.3458364,0.22602516412734985
1014,1747931985.7818544,0.007010658271610737
1015,1747931993.5229912,0.08327688276767731
1016,1747931997.8393557,0.08100877702236176
1017,1747932003.1449857,0.17170476913452148
1018,1747932009.591146,0.2391340136528015
1019,1747932013.4101264,0.11987940967082977
1020,1747932019.944448,0.1757785975933075
1021,1747932026.9398468,0.09943608939647675
1022,1747932034.7007542,0.1513054072856903
1023,1747932042.6269932,0.5040054321289062
1024,1747932049.8688247,0.09745161235332489
1025,1747932056.7729824,0.20836496353149414
1026,1747932063.11755,0.04543574899435043
1027,1747932070.821454,0.08567927777767181
1028,1747932077.7230005,0.24098989367485046
1029,1747932082.6161559,0.09332972764968872
1030,1747932086.7893684,0.07359792292118073
1031,1747932091.8427851,0.09862636774778366
1032,1747932097.389972,0.08522622287273407
1033,1747932103.6938891,0.11383266746997833
1034,1747932112.0834084,0.10148695111274719
1035,1747932116.3939388,0.13332499563694
1036,1747932125.3688104,0.1814267635345459
1037,1747932132.238968,0.09085582941770554
1038,1747932137.6916087,0.10525362193584442
1039,1747932144.5874429,0.167988121509552
1040,1747932148.6423492,0.07874111831188202
1041,1747932153.5440497,0.04779135808348656
1042,1747932158.947476,0.02100258320569992
1043,1747932163.8368433,0.1259470283985138
1044,1747932164.7342138,0.02802053652703762
1045,1747932249.2881622,0.01376674696803093
1046,1747932253.4842148,0.0886809453368187
1047,1747932259.890958,0.053115569055080414
1048,1747932269.3027165,0.2526547312736511
1049,1747932273.8873372,0.0431002639234066
1050,1747932277.8505821,0.12833420932292938
1051,1747932283.136471,0.007567918859422207
1052,1747932289.6689775,0.24856601655483246
1053,1747932296.2900038,0.1480596661567688
1054,1747932303.1001308,0.09776616096496582
1055,1747932309.7040331,0.021409807726740837
1056,1747932315.7969384,0.0030042545404285192
1057,1747932319.5513756,0.026138585060834885
1058,1747932324.93729,0.05812007188796997
1059,1747932329.5301404,0.5714282989501953
1060,1747932334.8950384,0.531056821346283
1061,1747932339.8519294,0.013142276555299759
1062,1747932348.4480598,0.07420887798070908
1063,1747932353.1289701,0.08049841970205307
1064,1747932357.9369967,0.051588013768196106
1065,1747932361.9365723,0.05223056301474571
1066,1747932368.2999687,0.20666798949241638
1067,1747932373.557158,0.023882225155830383
1068,1747932379.697309,0.35921210050582886
1069,1747932383.7375395,0.06470219790935516
1070,1747932388.3605962,0.15701773762702942
1071,1747932394.4061892,0.034765906631946564
1072,1747932399.857649,0.21062526106834412
1073,1747932404.8301234,0.3627336621284485
1074,1747932409.9523363,0.13388937711715698
1075,1747932415.818937,0.08767157047986984
1076,1747932421.3159413,0.06022879108786583
1077,1747932429.3453288,0.14223040640354156
1078,1747932437.1094527,0.07907865196466446
1079,1747932443.8351233,0.1993466466665268
1080,1747932449.8531623,0.1672917902469635
1081,1747932456.481605,0.11132894456386566
1082,1747932460.412927,0.030201412737369537
1083,1747932466.024299,0.029884353280067444
1084,1747932471.4820843,0.21766626834869385
1085,1747932476.9912028,0.06032519042491913
1086,1747932485.7259874,0.16903012990951538
1087,1747932490.4773853,0.07127329707145691
1088,1747932496.954181,0.0716744214296341
1089,1747932502.258442,0.2841610908508301
1090,1747932506.2396104,0.10162842273712158
1091,1747932511.0962052,0.18106995522975922
1092,1747932517.6087399,0.31852227449417114
1093,1747932522.8808942,0.06278937309980392
1094,1747932529.176688,0.3224969506263733
1095,1747932535.775053,0.19843387603759766
1096,1747932540.238729,0.09418642520904541
1097,1747932546.6499336,0.0958411693572998
1098,1747932551.20838,0.13519160449504852
1099,1747932557.686289,0.19739580154418945
1100,1747932562.849459,0.022736120969057083
1101,1747932568.4103746,0.0869644433259964
1102,1747932572.8679266,0.03480914235115051
1103,1747932577.7775636,0.13073819875717163
1104,1747932583.0921333,0.11151795089244843
1105,1747932589.8191724,0.2006165087223053
1106,1747932595.6013799,0.07125494629144669
1107,1747932601.1285317,0.0518055334687233
1108,1747932608.7501411,0.07514165341854095
1109,1747932613.5451376,0.15276774764060974
1110,1747932618.7695646,0.012094506993889809
1111,1747932625.4887896,0.03827231004834175
1112,1747932630.8807929,0.028177058324217796
1113,1747932636.3913014,0.1273636817932129
1114,1747932641.8508792,0.04600368067622185
1115,1747932652.1543546,0.21742287278175354
1116,1747932658.921044,0.1975594162940979
1117,1747932663.7419095,0.05840645730495453
1118,1747932668.8364356,0.26024019718170166
1119,1747932674.4157624,0.0847841203212738
1120,1747932681.290986,0.07484026253223419
1121,1747932687.8076766,0.06616415083408356
1122,1747932694.473204,0.2468082308769226
1123,1747932700.9969943,0.10895930975675583
1124,1747932709.1963906,0.02130206488072872
1125,1747932715.8841877,0.014970915392041206
1126,1747932722.7277408,0.006446060724556446
1127,1747932731.497383,0.05312338098883629
1128,1747932736.6766036,0.09660857170820236
1129,1747932741.3771122,0.2931964099407196
1130,1747932747.4873903,0.12070918083190918
1131,1747932753.790904,0.01427672989666462
1132,1747932759.2538874,0.10221122950315475
1133,1747932764.3014252,0.045298002660274506
1134,1747932770.3547173,0.4631846845149994
1135,1747932779.9058917,0.3426433205604553
1136,1747932787.7664258,0.16276711225509644
1137,1747932795.226691,0.2604515552520752
1138,1747932800.299075,0.13183964788913727
1139,1747932804.6418734,0.25756633281707764
1140,1747932811.0145679,0.14863470196723938
1141,1747932816.246448,0.2003159373998642
1142,1747932822.8790042,0.2770254611968994
1143,1747932827.1885145,0.6751812696456909
1144,1747932831.4631877,0.09079333394765854
1145,1747932835.3286915,0.025153186172246933
1146,1747932840.4965868,0.05314628779888153
1147,1747932846.27304,0.19258248805999756
1148,1747932852.644864,0.14841051399707794
1149,1747932858.0055907,0.005506343673914671
1150,1747932866.1952248,0.38636669516563416
1151,1747932872.5602458,0.15413957834243774
1152,1747932879.3950973,0.29900115728378296
1153,1747932883.191516,0.051542699337005615
1154,1747932887.4210856,0.01249648816883564
1155,1747932893.883631,0.0755029171705246
1156,1747932897.3593912,0.08962196111679077
1157,1747932901.7797296,0.16649053990840912
1158,1747932907.8021235,0.3762693405151367
1159,1747932913.9342682,0.12992843985557556
1160,1747932915.2023754,0.2239961475133896
1161,1747932994.6975749,0.0778098925948143
1162,1747933001.2415185,0.008221695199608803
1163,1747933007.4370189,0.01144377887248993
1164,1747933011.5886292,0.1526021659374237
1165,1747933018.670667,0.16289085149765015
1166,1747933024.8071046,0.09930966794490814
1167,1747933030.2079525,0.05446518957614899
1168,1747933035.4620883,0.06501119583845139
1169,1747933041.9598713,0.019850563257932663
1170,1747933046.609956,0.2012195587158203
1171,1747933053.636819,0.07458055019378662
1172,1747933057.6132193,0.08742398023605347
1173,1747933062.7365687,0.16570694744586945
1174,1747933068.367509,0.08256494998931885
1175,1747933072.5266304,0.2630978524684906
1176,1747933077.236864,0.06655892729759216
1177,1747933082.1244652,0.02710535190999508
1178,1747933089.3655097,0.16998088359832764
1179,1747933095.1411865,0.0834212526679039
1180,1747933101.8444667,0.26525557041168213
1181,1747933107.50096,0.04513256996870041
1182,1747933114.3929954,0.17001044750213623
1183,1747933121.2475405,0.0016258464893326163
1184,1747933130.899987,0.08539953082799911
1185,1747933138.498779,0.00255961692892015
1186,1747933146.3801565,0.4108550548553467
1187,1747933152.4973462,0.07029536366462708
1188,1747933161.7219527,0.04920516908168793
1189,1747933168.9995034,0.22418442368507385
1190,1747933174.226847,0.10317987203598022
1191,1747933181.7569938,0.12892091274261475
1192,1747933187.2238095,0.44068822264671326
1193,1747933195.1900022,0.27722397446632385
1194,1747933199.8635876,0.07213182002305984
1195,1747933206.248418,0.08668884634971619
1196,1747933210.4697983,0.09733164310455322
1197,1747933218.0379317,0.21910087764263153
1198,1747933223.1589148,0.1311718076467514
1199,1747933228.819157,0.1829792559146881
1200,1747933233.5166059,0.04269655793905258
1201,1747933239.296968,0.14035095274448395
1202,1747933245.7392168,0.06371308863162994
1203,1747933251.3342822,0.2701135277748108
1204,1747933256.1318252,0.18283091485500336
1205,1747933261.926648,0.07614816725254059
1206,1747933266.9586134,0.0776904821395874
1207,1747933273.6085756,0.3060786724090576
1208,1747933279.6956985,0.28691786527633667
1209,1747933283.6647248,0.1754673570394516
1210,1747933289.0229583,0.14154766499996185
1211,1747933294.4690166,0.053081102669239044
1212,1747933300.5700243,0.006738943513482809
1213,1747933304.5606315,0.029212303459644318
1214,1747933308.754203,0.0638357549905777
1215,1747933315.441707,0.21069669723510742
1216,1747933321.196117,0.33769404888153076
1217,1747933325.7737653,0.059491246938705444
1218,1747933331.778429,0.10230066627264023
1219,1747933336.813439,0.1776357740163803
1220,1747933342.5899801,0.2374080866575241
1221,1747933348.3844786,0.06192108243703842
1222,1747933353.6631122,0.057274848222732544
1223,1747933357.5830698,0.2200336754322052
1224,1747933361.6003437,0.028791729360818863
1225,1747933367.7708776,0.06588444113731384
1226,1747933373.9034655,0.32460513710975647
1227,1747933380.702725,0.02384905144572258
1228,1747933387.065305,0.020070023834705353
1229,1747933395.066823,0.06408759951591492
1230,1747933402.5986438,0.16916625201702118
1231,1747933408.0370789,0.024373400956392288
1232,1747933412.716471,0.07798349857330322
1233,1747933417.3334372,0.10274776816368103
1234,1747933422.6456125,0.06833171844482422
1235,1747933428.1904287,0.03121493011713028
1236,1747933433.134094,0.041948556900024414
1237,1747933438.4342566,0.05782696604728699
1238,1747933445.169964,0.06869754195213318
1239,1747933453.1473625,0.12710466980934143
1240,1747933458.0028915,0.013879191130399704
1241,1747933464.5342228,0.017633823677897453
1242,1747933474.6366434,0.12612026929855347
1243,1747933478.6230295,0.012577428482472897
1244,1747933483.7548158,0.07105179876089096
1245,1747933490.709968,0.020136723294854164
1246,1747933496.6783338,0.12228228896856308
1247,1747933501.2944784,0.01985778473317623
1248,1747933508.6448815,0.0015878485282883048
1249,1747933514.895752,0.014259755611419678
1250,1747933522.6342912,0.2870979905128479
1251,1747933527.3052578,0.06959313899278641
1252,1747933533.2786617,0.0565122589468956
1253,1747933542.7598364,0.28703582286834717
1254,1747933548.210307,0.06280003488063812
1255,1747933553.619591,0.06732349097728729
1256,1747933559.7979941,0.06983283162117004
1257,1747933564.7540796,0.012194441631436348
1258,1747933569.8421068,0.43111976981163025
1259,1747933575.364206,0.022917360067367554
1260,1747933580.1054265,0.09492535889148712
1261,1747933585.2046907,0.06316991150379181
1262,1747933591.5590882,0.11434432119131088
1263,1747933597.425254,0.041132453829050064
1264,1747933603.9162805,0.08238386362791061
1265,1747933609.3296747,0.18871544301509857
1266,1747933613.2864134,0.279787540435791
1267,1747933617.4535263,0.003558880416676402
1268,1747933623.8186316,0.002800020156428218
1269,1747933628.3225412,0.13671529293060303
1270,1747933634.360997,0.08358307927846909
1271,1747933640.7870874,0.17273813486099243
1272,1747933645.7248685,0.1591995358467102
1273,1747933652.5024729,0.06281137466430664
1274,1747933660.2431414,0.16605167090892792
1275,1747933665.2081902,0.10034694522619247
1276,1747933667.4131088,0.04738098382949829
1277,1747933742.4696043,0.34924909472465515
1278,1747933752.23105,0.23568540811538696
1279,1747933758.4240153,0.01434738002717495
1280,1747933762.4848022,0.10065126419067383
1281,1747933766.6603699,0.0005401812959462404
1282,1747933771.1893618,0.010697278194129467
1283,1747933778.3802655,0.13475239276885986
1284,1747933786.4436748,0.3049705922603607
1285,1747933790.7345183,0.058495424687862396
1286,1747933795.8342588,0.13936197757720947
1287,1747933802.1631494,0.22265994548797607
1288,1747933805.4696147,0.010171739384531975
1289,1747933812.4182491,0.10097512602806091
1290,1747933818.7342267,0.09313498437404633
1291,1747933827.8300474,0.017711076885461807
1292,1747933834.4539418,0.14311030507087708
1293,1747933840.3462033,0.02889864519238472
1294,1747933845.732859,0.025646856054663658
1295,1747933852.7899911,0.11258575320243835
1296,1747933857.3668718,0.09725718200206757
1297,1747933863.1769261,0.052023664116859436
1298,1747933867.8339746,0.27937379479408264
1299,1747933871.7200084,0.05854587256908417
1300,1747933876.9069164,0.021226128563284874
1301,1747933883.909166,0.00633732695132494
1302,1747933889.3695655,0.10172504186630249
1303,1747933895.3940358,0.16611339151859283
1304,1747933899.856552,0.18645641207695007
1305,1747933907.0481472,0.6118258237838745
1306,1747933912.2159417,0.08276735246181488
1307,1747933917.8620052,0.003649530466645956
1308,1747933926.0585446,0.11838646233081818
1309,1747933933.2343261,0.022564364597201347
1310,1747933940.2018976,0.047221239656209946
1311,1747933946.006093,0.03395579382777214
1312,1747933949.4823492,0.12979373335838318
1313,1747933954.5365396,0.067210853099823
1314,1747933958.634157,0.026530280709266663
1315,1747933965.976491,0.0598357729613781
1316,1747933973.9714372,0.33381569385528564
1317,1747933978.5219388,0.07796531915664673
1318,1747933982.3803966,0.2546856999397278
1319,1747933986.9633498,0.02131986990571022
1320,1747933991.6664166,0.06948094069957733
1321,1747933997.497269,0.08902167528867722
1322,1747934001.9241745,0.12351973354816437
1323,1747934008.9271858,0.060021013021469116
1324,1747934015.5559647,0.032907869666814804
1325,1747934019.6407316,0.022982727736234665
1326,1747934026.403947,0.029366523027420044
1327,1747934031.3167496,0.17329326272010803
1328,1747934037.0342622,0.19823989272117615
1329,1747934041.8147767,0.014405747875571251
1330,1747934049.6684382,0.01033761352300644
1331,1747934057.2169003,0.14269959926605225
1332,1747934065.5963314,0.2393607199192047
1333,1747934072.2577147,0.16536743938922882
1334,1747934078.6413007,0.08255184441804886
1335,1747934083.039038,0.007890159264206886
1336,1747934086.1847053,0.008993979543447495
1337,1747934091.0401118,0.013822153210639954
1338,1747934098.1913016,0.29954323172569275
1339,1747934105.3342285,0.11903147399425507
1340,1747934110.984416,0.1495978981256485
1341,1747934118.6775453,0.23587188124656677
1342,1747934124.7095098,0.1863151490688324
1343,1747934129.7806442,0.07177682220935822
1344,1747934134.7713852,0.05088886618614197
1345,1747934139.9365025,0.11381440609693527
1346,1747934146.6299055,0.05403655022382736
1347,1747934155.392089,0.08799640834331512
1348,1747934160.5874088,0.11387036740779877
1349,1747934167.3226311,0.030389776453375816
1350,1747934171.4723477,0.046702273190021515
1351,1747934176.259131,0.15008237957954407
1352,1747934180.807106,0.23180222511291504
1353,1747934186.0901093,0.0211402028799057
1354,1747934192.234299,0.10047858953475952
1355,1747934196.5526044,0.20344659686088562
1356,1747934201.76503,0.03346479684114456
1357,1747934208.5273964,0.05040268227458
1358,1747934215.5441942,0.06779904663562775
1359,1747934224.4153097,0.06915919482707977
1360,1747934228.987804,0.057987045496702194
1361,1747934232.8398113,0.1760525405406952
1362,1747934239.8562984,0.014110984280705452
1363,1747934245.2090955,0.03179075941443443
1364,1747934252.9575367,0.045453861355781555
1365,1747934257.7716255,0.00954354740679264
1366,1747934262.717474,0.03455932438373566
1367,1747934267.1373627,0.04075778275728226
1368,1747934270.8416746,0.06893470138311386
1369,1747934274.706683,0.004349001683294773
1370,1747934279.4695325,0.008088044822216034
1371,1747934283.8738172,0.070745550096035
1372,1747934288.634224,0.030279450118541718
1373,1747934294.4433787,0.03984740003943443
1374,1747934300.7892907,0.07359688729047775
1375,1747934305.8265657,0.039007626473903656
1376,1747934313.493807,0.06233685463666916
1377,1747934318.8943648,0.00853041559457779
1378,1747934326.6761096,0.0945364460349083
1379,1747934333.0516827,0.0011864133412018418
1380,1747934341.7883325,0.028778493404388428
1381,1747934348.9724245,0.0013294564560055733
1382,1747934353.3520713,0.008065009489655495
1383,1747934358.818195,0.10050182789564133
1384,1747934363.1788483,0.07455120980739594
1385,1747934370.8104002,0.06123211979866028
1386,1747934376.6787984,0.040848325937986374
1387,1747934382.3644059,0.013823455199599266
1388,1747934387.106438,0.015441080555319786
1389,1747934392.4330182,0.02900826558470726
1390,1747934398.1370006,0.023105651140213013
1391,1747934402.4342313,0.19626003503799438
1392,1747934404.7868347,0.05686725676059723
1393,1747934486.1851158,0.762835681438446
1394,1747934491.9529681,0.25713977217674255
1395,1747934496.862073,0.1954280436038971
1396,1747934501.2064443,0.027403777465224266
1397,1747934505.7294788,0.2426580786705017
1398,1747934511.843022,0.14067906141281128
1399,1747934517.1253734,0.0179989505559206
1400,1747934524.9098608,0.08530047535896301
1401,1747934531.0961735,0.012116745114326477
1402,1747934536.4419038,0.17996880412101746
1403,1747934541.4560826,0.18908201158046722
1404,1747934548.7750032,0.3275606334209442
1405,1747934554.9533648,0.4424423575401306
1406,1747934559.017114,0.102540522813797
1407,1747934565.0717013,0.15705803036689758
1408,1747934570.6172287,0.22290128469467163
1409,1747934575.1941514,0.13059504330158234
1410,1747934581.905156,0.16670775413513184
1411,1747934587.2294846,0.0487949475646019
1412,1747934591.3112397,0.15200857818126678
1413,1747934595.9279842,0.04012039303779602
1414,1747934602.8476644,0.20804671943187714
1415,1747934607.7043066,0.08504550158977509
1416,1747934611.9104896,0.016598355025053024
1417,1747934617.415436,0.029628491029143333
1418,1747934624.092373,0.07756934314966202
1419,1747934629.2134318,0.06379353255033493
1420,1747934633.6000369,0.092606320977211
1421,1747934639.4856062,0.12370079010725021
1422,1747934646.7761056,0.08093567937612534
1423,1747934652.1734555,0.07768117636442184
1424,1747934659.181726,0.023509947583079338
1425,1747934662.757957,0.06994443386793137
1426,1747934668.039416,0.021699916571378708
1427,1747934672.9007013,0.029687879607081413
1428,1747934677.8478782,0.1661262810230255
1429,1747934686.9521942,0.06268433481454849
1430,1747934692.3928847,0.005589609034359455
1431,1747934699.8147063,0.10294544696807861
1432,1747934707.7043812,0.4350723624229431
1433,1747934714.734509,0.04837067425251007
1434,1747934717.9949136,0.24501025676727295
1435,1747934725.4386263,0.2264767736196518
1436,1747934731.473101,0.004933149088174105
1437,1747934735.3343015,0.11471971124410629
1438,1747934738.9512835,0.011280566453933716
1439,1747934745.88718,0.1101217120885849
1440,1747934752.2064478,0.014459231868386269
1441,1747934761.4165344,0.12443606555461884
1442,1747934768.9231544,0.2856544852256775
1443,1747934774.3709817,0.11288994550704956
1444,1747934778.9322734,0.25733309984207153
1445,1747934784.832441,0.008386803790926933
1446,1747934792.2478323,0.16134479641914368
1447,1747934797.4554806,0.09169187396764755
1448,1747934800.9781792,0.01728072017431259
1449,1747934808.0366225,0.17343637347221375
1450,1747934816.6917152,0.09838730096817017
1451,1747934820.820417,0.07387804239988327
1452,1747934825.142117,0.03759096562862396
1453,1747934830.7680736,0.06302107125520706
1454,1747934837.3335133,0.02379094623029232
1455,1747934842.834378,0.059834372252225876
1456,1747934847.9654753,0.00442223995923996
1457,1747934851.2620623,0.06969670951366425
1458,1747934856.4455445,0.23481063544750214
1459,1747934862.7853227,0.1841476559638977
1460,1747934868.877408,0.014854866079986095
1461,1747934872.3701243,0.07831627130508423
1462,1747934876.976816,0.14161279797554016
1463,1747934882.905211,0.08840493857860565
1464,1747934888.134226,0.08469366282224655
1465,1747934891.1179984,0.06442136317491531
1466,1747934895.6010118,0.021549684926867485
1467,1747934898.8163495,0.040116481482982635
1468,1747934904.7295005,0.059855278581380844
1469,1747934909.9217973,0.11991569399833679
1470,1747934917.9210448,0.15108022093772888
1471,1747934924.446976,0.06170269474387169
1472,1747934931.0342267,0.04714673012495041
1473,1747934939.6811936,0.06772790849208832
1474,1747934947.318044,0.04330720752477646
1475,1747934954.1071408,0.11113759130239487
1476,1747934962.7829623,0.08403508365154266
1477,1747934968.4660382,0.03444882109761238
1478,1747934976.7950242,0.08427101373672485
1479,1747934983.386052,0.07891620695590973
1480,1747934988.6923707,0.011616232804954052
1481,1747934994.1527917,0.135857954621315
1482,1747934999.0985947,0.010393211618065834
1483,1747935007.0240433,0.042206283658742905
1484,1747935014.9098253,0.0025801891461014748
1485,1747935019.2835019,0.07763633131980896
1486,1747935022.798215,0.010168145410716534
1487,1747935028.323409,0.021147113293409348
1488,1747935034.4483848,0.013138767331838608
1489,1747935040.6378007,0.14653560519218445
1490,1747935044.431138,0.030238663777709007
1491,1747935051.2154098,0.09573973715305328
1492,1747935056.784485,0.7057595252990723
1493,1747935061.290426,0.10397689044475555
1494,1747935066.0524516,0.046529483050107956
1495,1747935072.442257,0.1888914555311203
1496,1747935078.0067542,0.14067769050598145
1497,1747935083.8022287,0.006817120127379894
1498,1747935090.7966878,0.021251924335956573
1499,1747935098.4418833,0.6704503297805786
1500,1747935102.9342458,0.17845594882965088
1501,1747935107.4622204,0.0720912516117096
1502,1747935112.2732487,0.07909901440143585
1503,1747935117.49793,0.2997778654098511
1504,1747935121.3744266,0.3457615077495575
1505,1747935128.4968266,0.028780510649085045
1506,1747935134.527998,0.013940205797553062
1507,1747935139.0160503,0.06585816293954849
1508,1747935141.4505193,0.0014264764031395316
1509,1747935217.5554655,0.08630587160587311
1510,1747935221.69924,0.11949193477630615
1511,1747935227.550288,0.21925759315490723
1512,1747935232.5958972,0.14575766026973724
1513,1747935239.1401508,0.150231271982193
1514,1747935243.9762108,0.16966699063777924
1515,1747935251.9948304,0.047649480402469635
1516,1747935258.60775,0.18503832817077637
1517,1747935263.1229107,0.025645798072218895
1518,1747935269.2742674,0.08992224186658859
1519,1747935274.46198,0.03861422836780548
1520,1747935279.303136,0.008043414913117886
1521,1747935285.8160546,0.09464861452579498
1522,1747935293.0316775,0.09462052583694458
1523,1747935299.9510112,0.11672383546829224
1524,1747935305.0913763,0.17884540557861328
1525,1747935310.3444953,0.015788143500685692
1526,1747935316.8375225,0.0438176654279232
1527,1747935326.9709208,0.19159045815467834
1528,1747935330.5097952,0.0008676671423017979
1529,1747935335.0627456,0.008616328239440918
1530,1747935339.8998344,0.25159403681755066
1531,1747935350.3940828,0.11348941922187805
1532,1747935362.3906605,0.12583628296852112
1533,1747935369.3446472,0.05088595673441887
1534,1747935374.2493618,0.004651951603591442
1535,1747935378.924743,0.2175203263759613
1536,1747935384.0105755,0.02696235477924347
1537,1747935388.5774174,0.01633007824420929
1538,1747935395.8493886,0.01745360717177391
1539,1747935402.3877933,0.04987647756934166
1540,1747935407.5521226,0.010582221671938896
1541,1747935413.079153,0.13371548056602478
1542,1747935416.8975387,0.02322947047650814
1543,1747935423.122415,0.0770966038107872
1544,1747935429.038737,0.020296543836593628
1545,1747935434.5480978,0.006502839736640453
1546,1747935442.0761876,0.052577923983335495
1547,1747935445.8298037,0.04362171143293381
1548,1747935449.4451041,0.03315184265375137
1549,1747935453.8794737,0.2999906539916992
1550,1747935462.260047,0.5965617895126343
1551,1747935468.478194,0.16604337096214294
1552,1747935472.4522948,0.1570204794406891
1553,1747935477.544532,0.07984888553619385
1554,1747935483.8437815,0.38145896792411804
1555,1747935489.33702,0.0697283148765564
1556,1747935495.8205273,0.08874871581792831
1557,1747935499.5689216,0.07807352393865585
1558,1747935504.0593033,0.07858265936374664
1559,1747935508.7342362,0.04027124121785164
1560,1747935516.0018585,0.0637398213148117
1561,1747935520.8361955,0.15199239552021027
1562,1747935526.7409587,0.09017781913280487
1563,1747935531.0438187,0.03181811794638634
1564,1747935537.238587,0.09385477751493454
1565,1747935544.3448994,0.06499544531106949
1566,1747935549.3598068,0.06822974234819412
1567,1747935556.1408854,0.06960859894752502
1568,1747935561.280543,0.0047611938789486885
1569,1747935565.1623836,0.01883898861706257
1570,1747935570.809393,0.11742585152387619
1571,1747935575.4158494,0.03089255839586258
1572,1747935582.5051203,0.21234773099422455
1573,1747935588.4308708,0.023146813735365868
1574,1747935594.5513246,0.02438218891620636
1575,1747935599.285259,0.09059735387563705
1576,1747935606.7283063,0.13684312999248505
1577,1747935612.134248,0.015457208268344402
1578,1747935616.0620034,0.011168895289301872
1579,1747935621.8986337,0.0790928304195404
1580,1747935627.3411849,0.07242371141910553
1581,1747935632.4265904,0.004972737282514572
1582,1747935636.1851382,0.0037404783070087433
1583,1747935643.384635,0.04587877541780472
1584,1747935648.2567034,0.044426243752241135
1585,1747935655.3719985,0.010992398485541344
1586,1747935661.4907796,0.005268213804811239
1587,1747935669.8539097,0.26561424136161804
1588,1747935676.825685,0.009066276252269745
1589,1747935684.730112,0.17012034356594086
1590,1747935692.3099735,0.11488386243581772
1591,1747935695.9593623,0.0007491379510611296
1592,1747935699.4292464,0.02287597768008709
1593,1747935705.7342536,0.24453100562095642
1594,1747935709.8569214,0.19689421355724335
1595,1747935715.4486914,0.06742800772190094
1596,1747935721.1797931,0.01128745824098587
1597,1747935725.3479478,0.098136305809021
1598,1747935729.5651844,0.04748758301138878
1599,1747935736.0799792,0.23848983645439148
1600,1747935740.4851732,0.005751702934503555
1601,1747935745.5585558,0.002094754483550787
1602,1747935752.5991592,0.2839215099811554
1603,1747935758.0554364,0.025074398145079613
1604,1747935762.8479145,0.12361294031143188
1605,1747935768.1476507,0.00537131167948246
1606,1747935774.8532138,0.12846052646636963
1607,1747935780.149583,0.12675760686397552
1608,1747935786.2890577,0.02885107323527336
1609,1747935794.6175313,0.024001415818929672
1610,1747935801.6656265,0.27013853192329407
1611,1747935807.3928163,0.011503085494041443
1612,1747935815.1833115,0.014690141193568707
1613,1747935821.0652547,0.012911733239889145
1614,1747935824.6446872,0.19076508283615112
1615,1747935829.8365605,0.21109621226787567
1616,1747935833.5692875,0.07068511843681335
1617,1747935840.5383687,0.09780409932136536
1618,1747935847.256153,0.3417896032333374
1619,1747935853.8342714,0.04409771412611008
1620,1747935860.4440086,0.055476509034633636
1621,1747935865.3121076,0.21490341424942017
1622,1747935872.5681653,0.0765111893415451
1623,1747935878.201769,0.05480613932013512
1624,1747935879.1833618,0.006553345359861851
1625,1747935960.2862911,0.19335973262786865
1626,1747935967.2613852,0.2345166653394699
1627,1747935973.2546985,0.06207326799631119
1628,1747935977.0868351,0.08773645758628845
1629,1747935982.9368086,0.07895072549581528
1630,1747935988.3821378,0.04468856379389763
1631,1747935996.0186467,0.09128185361623764
1632,1747936001.3208394,0.07200637459754944
1633,1747936008.970759,0.05664967745542526
1634,1747936016.0299911,0.14583176374435425
1635,1747936023.5866923,0.06282458454370499
1636,1747936028.448341,0.01683029532432556
1637,1747936033.9418736,0.005655439104884863
1638,1747936039.032692,0.00486625824123621
1639,1747936042.6612437,0.005044297780841589
1640,1747936047.7570882,0.17589157819747925
1641,1747936053.4859421,0.08903805911540985
1642,1747936057.7869031,0.0054406896233558655
1643,1747936061.108604,0.0007254170486703515
1644,1747936065.9313042,0.0405874066054821
1645,1747936071.3542569,0.024120841175317764
1646,1747936077.10952,0.15185783803462982
1647,1747936081.0941386,0.04236708581447601
1648,1747936088.0472448,0.1540525257587433
1649,1747936093.7873762,0.4884468913078308
1650,1747936100.3970644,0.05800953134894371
1651,1747936106.8284655,0.06994611024856567
1652,1747936111.0981503,0.037168122828006744
1653,1747936115.1538417,0.11332792043685913
1654,1747936120.2583628,0.20325049757957458
1655,1747936125.539107,0.3508908152580261
1656,1747936129.9262507,0.0036885251756757498
1657,1747936135.7429342,0.07286317646503448
1658,1747936144.4976287,0.016918513923883438
1659,1747936153.3768117,0.055661641061306
1660,1747936159.5264297,0.030727289617061615
1661,1747936166.3728633,0.050435103476047516
1662,1747936170.9505205,0.009518802165985107
1663,1747936176.1807563,0.00977637805044651
1664,1747936180.1213255,0.30716097354888916
1665,1747936187.0081954,0.006610676180571318
1666,1747936194.5957553,0.028914976865053177
1667,1747936199.9508142,0.05267457664012909
1668,1747936208.6314113,0.021296560764312744
1669,1747936214.0351243,0.12656047940254211
1670,1747936217.970712,0.06935921311378479
1671,1747936224.87596,0.12117588520050049
1672,1747936229.8302264,0.08338482677936554
1673,1747936236.444732,0.1077282652258873
1674,1747936240.7969227,0.03918185830116272
1675,1747936244.6464722,0.3718244731426239
1676,1747936250.9102607,0.18298260867595673
1677,1747936255.9481704,0.06877532601356506
1678,1747936262.3380566,0.04122118279337883
1679,1747936268.3299289,0.0607285350561142
1680,1747936274.4155366,0.08052454143762589
1681,1747936278.300395,0.07054822891950607
1682,1747936282.8909357,0.012546990066766739
1683,1747936288.294337,0.1024286150932312
1684,1747936295.9934096,0.19697138667106628
1685,1747936302.8225317,0.023476865142583847
1686,1747936308.5343544,0.005785568617284298
1687,1747936311.6438582,0.020527418702840805
1688,1747936318.0198777,0.07053306698799133
1689,1747936327.3470833,0.14233949780464172
1690,1747936332.749937,0.09690534323453903
1691,1747936337.7132661,0.08758362382650375
1692,1747936344.689835,0.009825870394706726
1693,1747936347.4547038,0.042324699461460114
1694,1747936353.1827219,0.05270856246352196
1695,1747936357.2777026,0.051493823528289795
1696,1747936361.7771034,0.17250964045524597
1697,1747936367.5342755,0.2551681399345398
1698,1747936372.7304883,0.280617892742157
1699,1747936377.8399315,0.027162611484527588
1700,1747936383.1653435,0.021734274923801422
1701,1747936391.0137987,0.01066747959703207
1702,1747936396.359658,0.1991136372089386
1703,1747936401.282177,0.03632340580224991
1704,1747936406.131451,0.011203604750335217
1705,1747936412.0573442,0.023386534303426743
1706,1747936418.1618955,0.06222441419959068
1707,1747936425.8622162,0.03749646246433258
1708,1747936435.3497193,0.0835966095328331
1709,1747936442.5506601,0.030930031090974808
1710,1747936453.9137764,0.016574380919337273
1711,1747936460.4518735,0.3842344880104065
1712,1747936467.04881,0.010411951690912247
1713,1747936472.2342324,0.1442118138074875
1714,1747936476.4074712,0.006150458939373493
1715,1747936482.1655416,0.21458512544631958
1716,1747936486.8008564,0.028861451894044876
1717,1747936491.922379,0.03422535955905914
1718,1747936497.1031163,0.011401369236409664
1719,1747936501.7422523,0.06053320690989494
1720,1747936506.134826,0.0017118131509050727
1721,1747936511.146868,0.08118018507957458
1722,1747936516.0300832,0.2586135268211365
1723,1747936518.5922627,0.0014206067426130176
1724,1747936523.9608653,0.017529606819152832
1725,1747936529.7601495,0.08227920532226562
1726,1747936536.8484263,0.052575528621673584
1727,1747936539.8899412,0.05128884315490723
1728,1747936545.2065787,0.21782253682613373
1729,1747936550.1004026,0.0017383582890033722
1730,1747936559.2125607,0.1277889609336853
1731,1747936566.614804,0.19258765876293182
1732,1747936573.8953607,0.008563526906073093
1733,1747936579.0443444,0.02286124788224697
1734,1747936584.337495,0.17825764417648315
1735,1747936588.705246,0.09469668567180634
1736,1747936593.8627863,0.03520823270082474
1737,1747936598.3783097,0.1036408394575119
1738,1747936603.591347,0.1512654721736908
1739,1747936609.351963,0.3790064752101898
1740,1747936610.9257612,0.00598089350387454
1741,1747936684.1741748,0.0014963428257033229
1742,1747936690.5323386,0.36590775847435
1743,1747936697.4594562,0.08936264365911484
1744,1747936704.9194658,0.0498940646648407
1745,1747936709.5874636,0.0036425553262233734
1746,1747936715.1552472,0.04859858378767967
1747,1747936720.0134475,0.11205878108739853
1748,1747936726.307778,0.047389015555381775
1749,1747936732.8567257,0.1465045064687729
1750,1747936737.872811,0.12623213231563568
1751,1747936743.4676583,0.025267405435442924
1752,1747936749.3259888,0.03522421419620514
1753,1747936753.2882128,0.01693732663989067
1754,1747936759.5044074,0.015304338186979294
1755,1747936765.8704565,0.01576864719390869
1756,1747936773.5823574,0.136195570230484
1757,1747936780.9291785,0.0052015045657753944
1758,1747936787.2439036,0.17909298837184906
1759,1747936793.879845,0.006355367135256529
1760,1747936798.4342766,0.06880047917366028
1761,1747936805.625982,0.0042638410814106464
1762,1747936811.0300295,0.0025059848558157682
1763,1747936815.5509143,0.34226566553115845
1764,1747936819.595498,0.13651402294635773
1765,1747936824.964442,0.10681445896625519
1766,1747936832.696943,0.04701269418001175
1767,1747936840.0236592,0.013688305392861366
1768,1747936844.562291,0.10516300797462463
1769,1747936849.8974612,0.05793729051947594
1770,1747936855.1627522,0.015608735382556915
1771,1747936859.302456,0.019124679267406464
1772,1747936862.8342428,0.08578743785619736
1773,1747936868.1792085,0.33392393589019775
1774,1747936873.8016398,0.01668865792453289
1775,1747936879.8452685,0.14897775650024414
1776,1747936884.7124999,0.30148011445999146
1777,1747936890.0496624,0.016569815576076508
1778,1747936896.1841016,0.05263683199882507
1779,1747936902.514819,0.14481133222579956
1780,1747936906.8713095,0.023894770070910454
1781,1747936911.1010883,0.07429509609937668
1782,1747936916.137662,0.05956733226776123
1783,1747936920.670985,0.0069937813095748425
1784,1747936924.8843105,0.05785166472196579
1785,1747936929.5259805,0.05821843072772026
1786,1747936935.246848,0.011481568217277527
1787,1747936941.7713385,0.1484227478504181
1788,1747936948.5958233,0.39034485816955566
1789,1747936953.3720276,0.13788458704948425
1790,1747936957.2186894,0.025422705337405205
1791,1747936961.8803694,0.07632440328598022
1792,1747936968.3327558,0.02227785438299179
1793,1747936973.9659,0.01905645616352558
1794,1747936980.113012,0.0351579487323761
1795,1747936985.6320412,0.01388381328433752
1796,1747936991.8778884,0.006452171131968498
1797,1747936995.6453793,0.08020763099193573
1798,1747937002.0779006,0.0300290547311306
1799,1747937007.4441977,0.011191531084477901
1800,1747937013.150956,0.032089993357658386
1801,1747937019.0420973,0.0661432072520256
1802,1747937024.8632574,0.13337871432304382
1803,1747937029.6054497,0.7223982214927673
1804,1747937034.7868848,0.021081386134028435
1805,1747937040.3342419,0.021930262446403503
1806,1747937044.9911816,0.12315258383750916
1807,1747937050.9755135,0.010914104990661144
1808,1747937057.0630298,0.20424479246139526
1809,1747937061.4371824,0.11171014606952667
1810,1747937067.179702,0.012054335325956345
1811,1747937071.8615212,0.012871665880084038
1812,1747937076.5236373,0.11215173453092575
1813,1747937081.1054988,0.0791892409324646
1814,1747937088.1253028,0.0668143630027771
1815,1747937094.938926,0.006815389730036259
1816,1747937100.7114396,0.008567959070205688
1817,1747937107.6568556,0.18183736503124237
1818,1747937112.146086,0.06951318681240082
1819,1747937119.5187426,0.038762278854846954
1820,1747937126.946277,0.1135607659816742
1821,1747937133.2607632,0.07908590137958527
1822,1747937139.2239707,0.049259599298238754
1823,1747937144.3493006,0.020359249785542488
1824,1747937150.063215,0.003543697064742446
1825,1747937155.1479268,0.0072415051981806755
1826,1747937160.8979344,0.030465206131339073
1827,1747937165.002311,0.00814864132553339
1828,1747937170.3991418,0.1209920272231102
1829,1747937178.2994666,0.24349181354045868
1830,1747937183.7940052,0.009788282215595245
1831,1747937189.013223,0.009709924459457397
1832,1747937194.7460663,0.010121623054146767
1833,1747937198.1810424,0.44188031554222107
1834,1747937204.2358644,0.20116618275642395
1835,1747937211.706814,0.1240968331694603
1836,1747937216.944147,0.03465012460947037
1837,1747937220.8445947,0.09576724469661713
1838,1747937227.0522928,0.13115817308425903
1839,1747937231.1551723,0.006531023886054754
1840,1747937238.596476,0.20513664186000824
1841,1747937244.9747167,0.1354600191116333
1842,1747937250.708309,0.005120068788528442
1843,1747937255.6828096,0.03913304954767227
1844,1747937261.3381264,0.06303898990154266
1845,1747937268.351799,0.04112185165286064
1846,1747937274.4817235,0.2705395817756653
1847,1747937277.905394,0.16590481996536255
1848,1747937283.6864102,0.18102578818798065
1849,1747937288.993599,0.020385608077049255
1850,1747937295.6674607,0.002411908470094204
1851,1747937302.489556,0.1167626604437828
1852,1747937308.1452324,0.03131839632987976
1853,1747937315.6725357,0.02395102009177208
1854,1747937318.9693198,0.013600262813270092
1855,1747937324.578236,0.06370549649000168
1856,1747937326.5334835,0.11802294105291367
1857,1747937400.6557152,0.01685088872909546
1858,1747937404.4182832,0.03512575849890709
1859,1747937411.829093,0.04714260995388031
1860,1747937418.2284899,0.04544886201620102
1861,1747937423.5137713,0.011009234003722668
1862,1747937428.4728677,0.02347167581319809
1863,1747937435.364259,0.09839325398206711
1864,1747937442.0692167,0.007313556503504515
1865,1747937447.6332695,0.011548087000846863
1866,1747937450.704549,0.06302739679813385
1867,1747937456.8587685,0.005410613492131233
1868,1747937461.5964892,0.1044977530837059
1869,1747937466.495954,0.014835985377430916
1870,1747937472.3266091,0.0031809615902602673
1871,1747937476.897125,0.3977799415588379
1872,1747937482.4344215,0.12212042510509491
1873,1747937486.7713103,0.12157784402370453
1874,1747937492.215383,0.13189083337783813
1875,1747937496.7644415,0.3276525139808655
1876,1747937501.4293115,0.06964659690856934
1877,1747937506.3830106,0.08343437314033508
1878,1747937512.3140168,0.07496825605630875
1879,1747937516.7852743,0.007446925155818462
1880,1747937520.5703666,0.02063080668449402
1881,1747937527.1596093,0.04613111540675163
1882,1747937532.701661,0.023496245965361595
1883,1747937538.8918386,0.12713399529457092
1884,1747937546.0694766,0.059812676161527634
1885,1747937551.1191957,0.05993204563856125
1886,1747937558.8920615,0.17411401867866516
1887,1747937566.217974,0.029553567990660667
1888,1747937571.1228507,0.10256147384643555
1889,1747937577.691305,0.032129451632499695
1890,1747937584.3883746,0.05681795999407768
1891,1747937590.9766088,0.04452342912554741
1892,1747937597.7409494,0.013810812495648861
1893,1747937604.5368114,0.021805785596370697
1894,1747937611.1237125,0.0676519051194191
1895,1747937615.7947567,0.2253321260213852
1896,1747937623.6789932,0.0424145869910717
1897,1747937628.6308455,0.026352521032094955
1898,1747937636.7452848,0.006598935928195715
1899,1747937644.8820672,0.15297669172286987
1900,1747937652.1422012,0.14350268244743347
1901,1747937658.1213064,0.06899364292621613
1902,1747937662.1585941,0.08020979166030884
1903,1747937667.434269,0.18409959971904755
1904,1747937673.0604165,0.048995789140462875
1905,1747937678.6019561,0.021058563143014908
1906,1747937685.060074,0.016395702958106995
1907,1747937693.2599936,0.8502033948898315
1908,1747937698.8473794,0.29305678606033325
1909,1747937703.285737,0.26125529408454895
1910,1747937706.7704983,0.0031975700985640287
1911,1747937711.0569754,0.0075007034465670586
1912,1747937717.4123867,0.07684405148029327
1913,1747937721.267203,0.1887751817703247
1914,1747937727.6305726,0.09744928777217865
1915,1747937733.3892944,0.21213066577911377
1916,1747937738.6495395,0.12457746267318726
1917,1747937745.6621737,0.13450925052165985
1918,1747937751.2118094,0.07584691047668457
1919,1747937757.7185383,0.014493994414806366
1920,1747937764.3631823,0.11752770841121674
1921,1747937769.9342492,0.0514209121465683
1922,1747937773.8545303,0.07118239998817444
1923,1747937780.0987911,0.11693745851516724
1924,1747937785.2674441,0.016511570662260056
1925,1747937788.392281,0.04410120099782944
1926,1747937794.251566,0.021018151193857193
1927,1747937799.529657,0.03664863482117653
1928,1747937804.6697872,0.21614155173301697
1929,1747937812.6685536,0.0753001794219017
1930,1747937821.553274,0.07842156291007996
1931,1747937826.5442755,0.1307600736618042
1932,1747937829.9692278,0.04475986585021019
1933,1747937837.0416892,0.06451015174388885
1934,1747937841.4862046,0.007614126428961754
1935,1747937847.5348644,0.01045806985348463
1936,1747937853.5212877,0.16965597867965698
1937,1747937860.2444901,0.026510030031204224
1938,1747937863.6471052,0.059674717485904694
1939,1747937872.2579892,0.025149788707494736
1940,1747937876.2195137,0.14143012464046478
1941,1747937881.669123,0.07799087464809418
1942,1747937888.7202296,0.1563047617673874
1943,1747937895.0733087,0.05819494277238846
1944,1747937904.6912591,0.12008173763751984
1945,1747937910.5293207,0.011583155952394009
1946,1747937917.5742633,0.043775178492069244
1947,1747937923.5316534,0.07367057353258133
1948,1747937931.3137522,0.02515343576669693
1949,1747937936.088091,0.013166039250791073
1950,1747937941.1666021,0.02682434767484665
1951,1747937944.1698754,0.07802426815032959
1952,1747937950.335422,0.05328774079680443
1953,1747937954.4469762,0.008284814655780792
1954,1747937959.6680353,0.0799650177359581
1955,1747937965.4028754,0.030803650617599487
1956,1747937972.876134,0.033366888761520386
1957,1747937977.9832273,0.013670014217495918
1958,1747937982.6080987,0.006697704084217548
1959,1747937990.366775,0.11401635408401489
1960,1747937998.7040472,0.20937880873680115
1961,1747938001.5532043,0.021804427728056908
1962,1747938006.8568323,0.2701975107192993
1963,1747938012.2776537,0.23402225971221924
1964,1747938018.2829316,0.026028987020254135
1965,1747938024.396722,0.11933130025863647
1966,1747938029.7860794,0.2528778612613678
1967,1747938033.7042272,0.08653288334608078
1968,1747938039.6958673,0.02566433697938919
1969,1747938045.7560618,0.03775950148701668
1970,1747938052.8536198,0.0516829751431942
1971,1747938056.7368922,0.13074272871017456
1972,1747938058.1339798,0.8787453174591064
1973,1747938136.2029195,0.1632317751646042
1974,1747938140.6947198,0.03334004431962967
1975,1747938146.3489296,0.020821427926421165
1976,1747938149.7040744,0.14742940664291382
1977,1747938155.734244,0.5015813112258911
1978,1747938164.755196,0.14759978652000427
1979,1747938171.1850169,0.16629603505134583
1980,1747938178.4344175,0.08572878688573837
1981,1747938184.783972,0.07635407894849777
1982,1747938189.2958028,0.12614332139492035
1983,1747938194.494187,0.14994052052497864
1984,1747938199.6633506,0.09801259636878967
1985,1747938204.9437072,0.10608339309692383
1986,1747938210.514266,0.011417164467275143
1987,1747938217.1315157,0.15609678626060486
1988,1747938223.621763,0.34734126925468445
1989,1747938230.7729526,0.059640686959028244
1990,1747938235.4668458,0.2011640965938568
1991,1747938239.4072914,0.10057468712329865
1992,1747938244.7343464,0.05321158468723297
1993,1747938250.67814,0.06874829530715942
1994,1747938256.530611,0.07569234818220139
1995,1747938263.7620974,0.14249387383460999
1996,1747938269.5358052,0.02699454128742218
1997,1747938276.9189866,0.07064293324947357
1998,1747938285.3397424,0.08203759789466858
1999,1747938293.0771317,0.10120853781700134
2000,1747938298.678969,0.037143774330616
2001,1747938302.2362201,0.04119767248630524
2002,1747938308.4962745,0.08235634863376617
2003,1747938314.7926078,0.058353669941425323
2004,1747938320.232845,0.08330261707305908
2005,1747938325.8038223,0.014113621786236763
2006,1747938330.706998,0.20910906791687012
2007,1747938333.8649845,0.009201263077557087
2008,1747938339.1105607,0.05601130425930023
2009,1747938347.1730661,0.0714607983827591
2010,1747938351.1159942,0.07224394381046295
2011,1747938354.4882274,0.0128123564645648
2012,1747938362.217657,0.08397229760885239
2013,1747938369.1635246,0.041315581649541855
2014,1747938375.0119076,0.024284711107611656
2015,1747938382.091986,0.02367311716079712
2016,1747938389.5045364,0.18419067561626434
2017,1747938397.7188945,0.005067792721092701
2018,1747938403.6737773,0.009668851271271706
2019,1747938408.4709487,0.089022696018219
2020,1747938414.4639707,0.005988858640193939
2021,1747938421.819187,0.07760442793369293
2022,1747938428.5053613,0.1470615416765213
2023,1747938433.4693434,0.08962081372737885
2024,1747938438.607372,0.03526544198393822
2025,1747938443.6792517,0.004730443470180035
2026,1747938452.3029664,0.03590214252471924
2027,1747938456.8692298,0.0013295881217345595
2028,1747938460.0412488,0.018268724903464317
2029,1747938466.170005,0.0008575432002544403
2030,1747938472.3847756,0.04969575256109238
2031,1747938479.4008458,0.03806978464126587
2032,1747938485.8525093,0.017342282459139824
2033,1747938491.4901998,0.0013970452127978206
2034,1747938495.8000212,0.029025448486208916
2035,1747938501.514501,0.0017243757611140609
2036,1747938505.9705591,0.024185631424188614
2037,1747938509.457162,0.0008004146511666477
2038,1747938516.8119302,0.11351422965526581
2039,1747938522.4497552,0.0029818774200975895
2040,1747938528.065381,0.01091381162405014
2041,1747938532.4693875,0.0022007329389452934
2042,1747938536.4535296,0.005455462262034416
2043,1747938540.8571336,0.000807111500762403
2044,1747938545.3491173,0.0024321768432855606
2045,1747938552.8144755,0.0030800416134297848
2046,1747938560.32463,0.41116708517074585
2047,1747938564.3718183,0.11261545866727829
2048,1747938569.2097602,0.022835342213511467
2049,1747938575.6335173,0.019151896238327026
2050,1747938579.3768842,0.3796479403972626
2051,1747938585.5126276,0.08872108161449432
2052,1747938590.5784438,0.0028487802483141422
2053,1747938596.6930778,0.08376254141330719
2054,1747938600.9594998,0.015560178086161613
2055,1747938606.7783477,0.08578430861234665
2056,1747938612.231529,0.19763730466365814
2057,1747938618.6426082,0.07049586623907089
2058,1747938623.8171625,0.02441597729921341
2059,1747938628.2753072,0.04951600357890129
2060,1747938634.3471446,0.07944207638502121
2061,1747938638.4672136,0.08509643375873566
2062,1747938645.3011866,0.0772223100066185
2063,1747938653.35294,0.03647547587752342
2064,1747938659.3571343,0.05994349718093872
2065,1747938665.9983861,0.07754598557949066
2066,1747938669.85038,0.4113614559173584
2067,1747938675.0737245,0.005868441425263882
2068,1747938683.046376,0.07431197166442871
2069,1747938688.1487987,0.10974373668432236
2070,1747938691.0055456,0.06927421689033508
2071,1747938696.772209,0.0759706050157547
2072,1747938702.2664425,0.2910764515399933
2073,1747938706.6002595,0.5583779215812683
2074,1747938712.3487992,0.1377709060907364
2075,1747938720.0054092,0.10167273133993149
2076,1747938724.5812845,0.014721781015396118
2077,1747938730.5150998,0.05542945861816406
2078,1747938737.162746,0.10489245504140854
2079,1747938742.2557254,0.028307005763053894
2080,1747938749.0913837,0.32198935747146606
2081,1747938754.4294949,0.004232482984662056
2082,1747938761.8931673,0.15117506682872772
2083,1747938770.040522,0.08904723823070526
2084,1747938776.0511951,0.23995071649551392
2085,1747938783.3655353,0.2296922653913498
2086,1747938790.8071089,0.05553688853979111
2087,1747938794.967133,0.025791969150304794
2088,1747938796.7446237,0.008904967457056046
2089,1747938876.1915329,0.06519916653633118
2090,1747938882.3699732,0.010104486718773842
2091,1747938888.090849,0.0834072157740593
2092,1747938893.6606426,0.16293415427207947
2093,1747938899.0687392,0.040135882794857025
2094,1747938903.9298055,0.02358510158956051
2095,1747938908.2167444,0.041689183562994
2096,1747938913.0872822,0.05948464199900627
2097,1747938917.560753,0.09775269031524658
2098,1747938923.8271139,0.05574272200465202
2099,1747938929.2823627,0.004841107875108719
2100,1747938933.3429751,0.038663435727357864
2101,1747938940.3922982,0.1722232550382614
2102,1747938948.8549323,0.22332815825939178
2103,1747938955.3576713,0.2010362446308136
2104,1747938960.534231,0.12688082456588745
2105,1747938966.96512,0.1512216478586197
2106,1747938971.273741,0.07309563457965851
2107,1747938976.3070736,0.2068006992340088
2108,1747938982.3996239,0.11599278450012207
2109,1747938989.2440856,0.04715166240930557
2110,1747938996.6579463,0.038641758263111115
2111,1747939001.1358886,0.14231480658054352
2112,1747939004.8421264,0.07974393665790558
2113,1747939009.9086063,0.07270170748233795
2114,1747939015.807737,0.003626767545938492
2115,1747939021.6830492,0.0020095109939575195
2116,1747939025.3541927,0.14291736483573914
2117,1747939029.968589,0.005349336192011833
2118,1747939037.187901,0.06994985789060593
2119,1747939041.9520762,0.16541430354118347
2120,1747939044.8363981,0.17644289135932922
2121,1747939049.672381,0.028035467490553856
2122,1747939058.0595932,0.0759732574224472
2123,1747939063.636948,0.04587974399328232
2124,1747939069.0201304,0.02392455004155636
2125,1747939073.0562575,0.050187282264232635
2126,1747939079.5306191,0.3200133144855499
2127,1747939083.2529485,0.12770289182662964
2128,1747939088.9548285,0.023838970810174942
2129,1747939094.2066772,0.058019693940877914
2130,1747939098.8000972,0.020927883684635162
2131,1747939106.5348349,0.2175828218460083
2132,1747939112.9318383,0.053717732429504395
2133,1747939118.0867546,0.05696997046470642
2134,1747939123.250371,0.02334045246243477
2135,1747939131.533166,0.03620269149541855
2136,1747939137.6802487,0.02743886038661003
2137,1747939142.142027,0.012020806781947613
2138,1747939146.477067,0.16912256181240082
2139,1747939151.6085825,0.18102332949638367
2140,1747939157.9207456,0.19867810606956482
2141,1747939164.7077217,0.0820227861404419
2142,1747939171.5376985,0.03997429460287094
2143,1747939177.2336838,0.016959872096776962
2144,1747939181.4830282,0.019833067432045937
2145,1747939187.9833512,0.0029524273704737425
2146,1747939194.9586096,0.17144930362701416
2147,1747939201.9766493,0.04867713898420334
2148,1747939206.8296778,0.010080630891025066
2149,1747939211.9786596,0.027399975806474686
2150,1747939218.043061,0.020831985399127007
2151,1747939222.5708976,0.2856511175632477
2152,1747939227.1342847,0.12607070803642273
2153,1747939231.8507698,0.13731533288955688
2154,1747939237.3859644,0.0025097494944930077
2155,1747939242.5247838,0.019096512347459793
2156,1747939246.9976435,0.25882309675216675
2157,1747939254.520828,0.04506732150912285
2158,1747939259.6503532,0.05593535304069519
2159,1747939263.972143,0.05502825230360031
2160,1747939268.5981133,0.009684568271040916
2161,1747939275.4975502,0.010355491191148758
2162,1747939280.7789154,0.0034966357052326202
2163,1747939285.6549976,0.06345584988594055
2164,1747939290.928355,0.06934009492397308
2165,1747939297.7408774,0.11241175979375839
2166,1747939303.446392,0.11702512204647064
2167,1747939306.848593,0.00867492612451315
2168,1747939312.914382,0.00047759595327079296
2169,1747939317.5858338,0.07748058438301086
2170,1747939323.6845746,0.0690755695104599
2171,1747939331.7187982,0.03676685690879822
2172,1747939335.7905054,0.0023797391913831234
2173,1747939339.4466703,0.09674851596355438
2174,1747939345.8548899,0.04941495507955551
2175,1747939349.563558,0.0229251217097044
2176,1747939356.1710985,0.003557420102879405
2177,1747939364.7185142,0.2316666841506958
2178,1747939370.9645867,0.23680904507637024
2179,1747939376.5947707,0.0010055784368887544
2180,1747939383.6801455,0.014975844882428646
2181,1747939391.343572,0.014887625351548195
2182,1747939398.2890625,0.0755714699625969
2183,1747939401.483118,0.027567554265260696
2184,1747939409.2948272,0.03801174461841583
2185,1747939414.814823,0.010040698572993279
2186,1747939421.1728384,0.011806678026914597
2187,1747939427.5050435,0.07710787653923035
2188,1747939434.7501647,0.1848697066307068
2189,1747939441.2944217,0.002662378130480647
2190,1747939444.8623052,0.03255554661154747
2191,1747939450.6023085,0.12956809997558594
2192,1747939457.066984,0.02314278483390808
2193,1747939462.3275754,0.008879212662577629
2194,1747939466.3338094,0.05836259946227074
2195,1747939471.3341684,0.02814178727567196
2196,1747939478.59255,0.06820442527532578
2197,1747939484.207299,0.012637464329600334
2198,1747939489.7580173,0.00024299169308505952
2199,1747939493.400787,0.004754005931317806
2200,1747939497.9399984,0.1225176602602005
2201,1747939503.5711687,0.007888703607022762
2202,1747939509.244308,0.002088643843308091
2203,1747939513.726079,0.0009560358012095094
2204,1747939515.3887584,0.17818914353847504
2205,1747939591.198008,0.0029488911386579275
2206,1747939598.485835,0.013741949573159218
2207,1747939605.4429336,0.004427817650139332
2208,1747939612.867776,0.006697000470012426
2209,1747939618.4330983,0.0007856476586312056
2210,1747939626.391194,0.01403663121163845
2211,1747939632.3916013,0.0050750793889164925
2212,1747939639.941844,0.03951538726687431
2213,1747939644.0102243,0.004576091188937426
2214,1747939649.9546154,0.08012963831424713
2215,1747939655.3838294,0.019903719425201416
2216,1747939661.952434,0.002481261035427451
2217,1747939666.4897923,0.020659716799855232
2218,1747939674.5229814,0.008742887526750565
2219,1747939680.2685404,0.010225299745798111
2220,1747939683.1286762,0.005124642048031092
2221,1747939688.707341,0.040006451308727264
2222,1747939695.909965,0.12513484060764313
2223,1747939703.9733372,0.2698436677455902
2224,1747939708.1329415,0.041261930018663406
2225,1747939714.0601368,0.001967984950169921
2226,1747939721.0601027,0.003503604559227824
2227,1747939725.6501741,0.045550599694252014
2228,1747939731.702088,0.042846690863370895
2229,1747939739.0919204,0.07845870405435562
2230,1747939744.0059843,0.0018144592177122831
2231,1747939750.556501,0.020457962527871132
2232,1747939754.6342392,0.026442036032676697
2233,1747939759.0443826,0.04856026917695999
2234,1747939763.7672837,0.0011321569327265024
2235,1747939770.9453547,0.013670115731656551
2236,1747939776.2051399,0.034432459622621536
2237,1747939781.3586187,0.0012939017033204436
2238,1747939788.1835573,0.09188806265592575
2239,1747939793.491389,0.0023510372266173363
2240,1747939800.9334767,0.02319466695189476
2241,1747939805.2573636,0.0048754154704511166
2242,1747939809.9475625,0.07274245470762253
2243,1747939816.505726,0.03822364658117294
2244,1747939824.327197,0.027922164648771286
2245,1747939830.3045237,0.0071642277762293816
2246,1747939835.7481005,0.005838179495185614
2247,1747939845.1847818,0.0953727662563324
2248,1747939850.667794,0.012512191198766232
2249,1747939855.5046983,0.0021438412368297577
2250,1747939861.940589,0.06961694359779358
2251,1747939867.5953999,0.0020206603221595287
2252,1747939871.8374395,0.008458944037556648
2253,1747939876.2225451,0.004532870836555958
2254,1747939880.4589987,0.02285948395729065
2255,1747939887.5676546,0.02609340101480484
2256,1747939894.1583407,0.0010040679480880499
2257,1747939898.7689378,0.12775227427482605
2258,1747939902.9584508,0.1286163032054901
2259,1747939907.3607106,0.03902369737625122
2260,1747939911.6682377,0.033602770417928696
2261,1747939917.2838418,0.0010375943966209888
2262,1747939924.6452577,0.0036982260644435883
2263,1747939932.3775303,0.16085055470466614
2264,1747939937.7354844,0.024509824812412262
2265,1747939943.153698,0.001948151970282197
2266,1747939946.27102,0.004251403734087944
2267,1747939953.273991,0.0009728383156470954
2268,1747939960.509569,0.027969947084784508
2269,1747939966.5343819,0.03572670742869377
2270,1747939970.643498,0.02110470086336136
2271,1747939976.33747,0.013469076715409756
2272,1747939985.0568845,0.0014297141460701823
2273,1747939992.094286,0.0571601465344429
2274,1747940000.0093307,0.4824373722076416
2275,1747940005.8727412,0.5540268421173096
2276,1747940011.657356,0.1157635897397995
2277,1747940016.9577127,0.0019242155831307173
2278,1747940022.837366,0.016508176922798157
2279,1747940028.9055123,0.24042682349681854
2280,1747940032.1935415,0.013931505382061005
2281,1747940036.8531885,0.015158288180828094
2282,1747940042.1557937,0.04171687364578247
2283,1747940047.0479739,0.002291971119120717
2284,1747940053.7979057,0.09459196776151657
2285,1747940060.2258217,0.006025845184922218
2286,1747940065.5379815,0.002092920709401369
2287,1747940069.870345,0.04574285075068474
2288,1747940075.709706,0.003220196347683668
2289,1747940084.6621678,0.17005455493927002
2290,1747940092.2160835,0.05900263786315918
2291,1747940098.1890848,0.039065539836883545
2292,1747940103.7787716,0.10404618829488754
2293,1747940110.4342618,0.037394918501377106
2294,1747940116.3989968,0.00564343249425292
2295,1747940121.0339766,0.18852055072784424
2296,1747940126.040723,0.027725450694561005
2297,1747940132.3533204,0.020141659304499626
2298,1747940137.5835872,0.05918223783373833
2299,1747940143.6941817,0.006797842215746641
2300,1747940149.6407828,0.06164292246103287
2301,1747940152.8555243,0.11489080637693405
2302,1747940159.1466544,0.011821210384368896
2303,1747940165.860247,0.03199340030550957
2304,1747940171.9854944,0.12023478001356125
2305,1747940177.6466627,0.05027874559164047
2306,1747940184.1989954,0.017829731106758118
2307,1747940191.3876214,0.12217863649129868
2308,1747940196.536907,0.03262671083211899
2309,1747940201.155468,0.05821412801742554
2310,1747940205.2368548,0.03584472835063934
2311,1747940209.8894641,0.020923998206853867
2312,1747940216.0659606,0.027301138266921043
2313,1747940220.9516501,0.01685539074242115
2314,1747940226.590717,0.0635080486536026
2315,1747940230.2098382,0.041150107979774475
2316,1747940236.559484,0.2157057523727417
2317,1747940244.8522937,0.017183031886816025
2318,1747940251.3369513,0.07721614092588425
2319,1747940256.9599373,0.0016353251412510872
2320,1747940258.281637,0.013857114128768444
