step,wall_time,value
1,1745680652.6284344,0.7972965836524963
2,1745680674.2132783,0.5731945037841797
3,1745680692.9269025,0.6612584590911865
4,1745680703.2065232,0.525126576423645
5,1745680714.5458736,0.5715417265892029
6,1745680729.373955,0.6761654019355774
7,1745680743.6498702,0.60455322265625
8,1745680757.9732919,0.5496879816055298
9,1745680775.2110643,0.6264508366584778
10,1745680783.109433,0.6386541724205017
11,1745680796.010536,0.6839572191238403
12,1745680811.158513,0.5892019867897034
13,1745680831.148879,0.5043214559555054
14,1745680842.5182524,0.4384006857872009
15,1745680859.225133,0.4854125380516052
16,1745680869.2279148,0.38644474744796753
17,1745680877.9652293,0.5606048703193665
18,1745680900.4873705,0.403312087059021
19,1745680908.4594958,0.48095691204071045
20,1745680921.854749,0.4193563461303711
21,1745680949.3637056,0.4615785777568817
22,1745680971.556449,0.32759493589401245
23,1745680987.72768,0.3855805993080139
24,1745681004.44096,0.39650964736938477
25,1745681009.5168374,0.4032268226146698
26,1745681024.3592536,0.3414461314678192
27,1745681034.2483385,0.30214259028434753
28,1745681052.4779491,0.293852299451828
29,1745681066.0789304,0.3124903440475464
30,1745681076.5425727,0.2577793002128601
31,1745681095.6613486,0.2672172784805298
32,1745681106.2305884,0.2375214844942093
33,1745681121.329009,0.21003173291683197
34,1745681139.4092286,0.22897005081176758
35,1745681160.322571,0.20581339299678802
36,1745681183.0853317,0.15243269503116608
37,1745681195.5753295,0.25883749127388
38,1745681210.5840878,0.19500187039375305
39,1745681219.9427154,0.17024187743663788
40,1745681243.367171,0.15210333466529846
41,1745681254.73054,0.15553396940231323
42,1745681273.3447514,0.17043283581733704
43,1745681279.702592,0.20065994560718536
44,1745681302.0420206,0.13000699877738953
45,1745681313.7626774,0.14201346039772034
46,1745681330.5258913,0.11353439837694168
47,1745681347.7172163,0.11760562658309937
48,1745681359.3915367,0.1263003796339035
49,1745681375.7990627,0.1371254026889801
50,1745681391.7111237,0.16246160864830017
51,1745681403.3884625,0.139384463429451
52,1745681419.5265052,0.1072380468249321
53,1745681429.0547218,0.11679401993751526
54,1745681451.9635844,0.07445667684078217
55,1745681459.492019,0.10673500597476959
56,1745681480.4035182,0.1290762722492218
57,1745681490.1419396,0.09277820587158203
58,1745681508.2572944,0.10598917305469513
59,1745681530.6244261,0.12174893170595169
60,1745681537.615335,0.12350679934024811
61,1745681557.3459568,0.11092773079872131
62,1745681573.7745242,0.12892507016658783
63,1745681591.9833136,0.07666093111038208
64,1745681602.8465881,0.13352814316749573
65,1745681618.952715,0.07460477203130722
66,1745681630.5867753,0.07711084932088852
67,1745681652.2809098,0.06497294455766678
68,1745681678.7643142,0.0860876590013504
69,1745681691.1953342,0.13476483523845673
70,1745681702.6441314,0.1313554048538208
71,1745681718.4816515,0.1415022611618042
72,1745681728.3507578,0.11813061684370041
73,1745681752.9301598,0.09480971097946167
74,1745681773.548534,0.0716092586517334
75,1745681781.0579238,0.08225947618484497
76,1745681798.0297143,0.1119055449962616
77,1745681811.2422698,0.10220364481210709
78,1745681821.2029731,0.15314115583896637
79,1745681842.6857052,0.07733884453773499
80,1745681858.7679403,0.11206638813018799
81,1745681864.2065616,0.08854527771472931
82,1745681986.8568356,0.09554698318243027
83,1745682003.5627441,0.1869637817144394
84,1745682024.5944612,0.06553670763969421
85,1745682035.7209353,0.18466304242610931
86,1745682053.9409125,0.10099120438098907
87,1745682070.4158833,0.15648852288722992
88,1745682083.003648,0.1407351940870285
89,1745682102.9146516,0.05692688375711441
90,1745682118.5884674,0.1690588742494583
91,1745682138.266099,0.07395490258932114
92,1745682151.6011448,0.13561393320560455
93,1745682163.0047054,0.07524754852056503
94,1745682177.4348881,0.13642679154872894
95,1745682202.9053159,0.048224058002233505
96,1745682214.2431448,0.1163334846496582
97,1745682226.050216,0.11523611843585968
98,1745682237.5576768,0.1045944020152092
99,1745682253.801368,0.1248043030500412
100,1745682262.6066277,0.14566785097122192
101,1745682285.2323527,0.07623077183961868
102,1745682297.2657313,0.1022278293967247
103,1745682306.9469235,0.12682168185710907
104,1745682330.9272232,0.07982644438743591
105,1745682342.2933419,0.08075922727584839
106,1745682368.9511895,0.079249806702137
107,1745682377.5793765,0.12895046174526215
108,1745682399.549708,0.06024426594376564
109,1745682421.2910147,0.0951235219836235
110,1745682428.769121,0.07287292927503586
111,1745682460.6512141,0.039606526494026184
112,1745682478.5336847,0.08163256198167801
113,1745682489.4978921,0.07535424828529358
114,1745682517.13158,0.06674229353666306
115,1745682525.2463963,0.1861191987991333
116,1745682543.2645807,0.0723230317234993
117,1745682551.3324275,0.07541316002607346
118,1745682565.7695682,0.08677008748054504
119,1745682583.218723,0.0642334371805191
120,1745682589.3841703,0.17005591094493866
121,1745682616.6131334,0.08137351274490356
122,1745682625.6489975,0.14120139181613922
123,1745682643.7946115,0.07626385241746902
124,1745682662.2635694,0.12777243554592133
125,1745682681.1993034,0.07308785617351532
126,1745682695.6781666,0.09472378343343735
127,1745682718.148224,0.06746168434619904
128,1745682731.449465,0.06870550662279129
129,1745682752.8130698,0.05512973293662071
130,1745682771.8935366,0.06102712079882622
131,1745682795.548993,0.07178322970867157
132,1745682809.9666216,0.06886203587055206
133,1745682832.530345,0.06354814767837524
134,1745682842.6433744,0.1658554971218109
135,1745682853.8525999,0.10555470734834671
136,1745682865.9365437,0.09354325383901596
137,1745682876.9688177,0.09482239186763763
138,1745682888.655117,0.09957404434680939
139,1745682899.5529044,0.10104427486658096
140,1745682905.8048062,0.11634538322687149
141,1745682924.7065947,0.12266005575656891
142,1745682937.7769048,0.06810293346643448
143,1745682945.5726924,0.0844842866063118
144,1745682959.3070111,0.08637972921133041
145,1745682975.4467604,0.09856785833835602
146,1745682983.6247642,0.07200302183628082
147,1745682994.3781378,0.1616913378238678
148,1745683009.4047883,0.08659379929304123
149,1745683022.5278485,0.08484465628862381
150,1745683033.3875031,0.11598176509141922
151,1745683051.3065279,0.07994339615106583
152,1745683068.173204,0.08049969375133514
153,1745683083.2615933,0.08174517750740051
154,1745683098.1714325,0.07939407229423523
155,1745683116.5131323,0.0871788039803505
156,1745683129.1123946,0.07012074440717697
157,1745683140.3006632,0.10938537865877151
158,1745683150.6147978,0.11656542867422104
159,1745683168.826536,0.09111516922712326
160,1745683186.4850564,0.0713673010468483
161,1745683201.0967686,0.075926773250103
162,1745683210.3229148,0.05268922075629234
163,1745683331.897385,0.05036512389779091
164,1745683349.3781192,0.08043961971998215
165,1745683359.5859282,0.12937545776367188
166,1745683373.4662724,0.08863075822591782
167,1745683398.0583653,0.07752561569213867
168,1745683408.5665047,0.08430894464254379
169,1745683431.0190854,0.09714745730161667
170,1745683440.7607856,0.07453343272209167
171,1745683469.2460082,0.05536884441971779
172,1745683476.5420089,0.10213723033666611
173,1745683491.2725031,0.10351154208183289
174,1745683498.9859302,0.07056669145822525
175,1745683519.3679352,0.09082536399364471
176,1745683528.8999062,0.09011654555797577
177,1745683541.5425315,0.13681110739707947
178,1745683559.0905254,0.06268373876810074
179,1745683569.0763526,0.0944720208644867
180,1745683584.097873,0.05001780018210411
181,1745683596.9911308,0.0710972398519516
182,1745683616.1294017,0.05742834880948067
183,1745683637.275939,0.07678112387657166
184,1745683655.2798033,0.056108057498931885
185,1745683669.3296745,0.08164188265800476
186,1745683680.9912217,0.08790716528892517
187,1745683695.9132686,0.06745203584432602
188,1745683712.054658,0.09111524373292923
189,1745683725.4265206,0.05557124316692352
190,1745683741.8343115,0.06924673169851303
191,1745683759.4103208,0.06339706480503082
192,1745683767.937469,0.14736513793468475
193,1745683778.2784572,0.11554989963769913
194,1745683797.2259166,0.09875122457742691
195,1745683817.00001,0.0674380362033844
196,1745683832.5915828,0.09253010153770447
197,1745683845.9631793,0.08562585711479187
198,1745683865.2556248,0.06113161891698837
199,1745683876.4759004,0.08488041162490845
200,1745683884.1838694,0.08802565932273865
201,1745683895.9896278,0.12191105633974075
202,1745683909.4917276,0.05215074121952057
203,1745683922.3459384,0.07949929684400558
204,1745683936.2745323,0.10587432235479355
205,1745683947.352624,0.17099836468696594
206,1745683962.5569084,0.05901442840695381
207,1745683975.912283,0.08272957801818848
208,1745683989.737153,0.06688684225082397
209,1745684004.148162,0.06578141450881958
210,1745684018.709551,0.06770603358745575
211,1745684031.5668688,0.07750464975833893
212,1745684042.4206579,0.1073857918381691
213,1745684068.3671236,0.07242900878190994
214,1745684098.5918515,0.042876001447439194
215,1745684118.837312,0.06792668998241425
216,1745684126.9222739,0.06023714318871498
217,1745684148.1783342,0.08614803850650787
218,1745684165.856885,0.09724097698926926
219,1745684177.3748453,0.09053047001361847
220,1745684199.4832377,0.0800945833325386
221,1745684225.1983097,0.04513128846883774
222,1745684232.4342706,0.077379010617733
223,1745684256.4977293,0.10648293793201447
224,1745684268.7797596,0.06728062033653259
225,1745684282.2215996,0.06936346739530563
226,1745684289.9897242,0.04218036308884621
227,1745684313.8547614,0.04162384942173958
228,1745684327.2415524,0.08403367549180984
229,1745684340.6522324,0.06911994516849518
230,1745684353.144534,0.06368233263492584
231,1745684370.4835021,0.042785365134477615
232,1745684389.2690134,0.05001096427440643
233,1745684408.3474743,0.04416980966925621
234,1745684424.3629313,0.056935690343379974
235,1745684443.82001,0.05468649044632912
236,1745684452.8689,0.046623826026916504
237,1745684473.530782,0.06993597745895386
238,1745684484.0348637,0.0652095228433609
239,1745684495.6338286,0.06486518681049347
240,1745684514.6225128,0.056919969618320465
241,1745684522.9230773,0.06344141066074371
242,1745684535.8847673,0.0932876467704773
243,1745684541.3985767,0.10404413193464279
244,1745684645.994491,0.08577151596546173
245,1745684659.3431358,0.06803738325834274
246,1745684674.5616271,0.048754360526800156
247,1745684688.5251231,0.07661862671375275
248,1745684700.859682,0.07935851812362671
249,1745684715.7264287,0.06515283137559891
250,1745684736.9511495,0.05663438141345978
251,1745684750.038636,0.07644253969192505
252,1745684766.2282183,0.04287680983543396
253,1745684776.1547985,0.06823326647281647
254,1745684793.218505,0.07453782856464386
255,1745684803.3650763,0.10153146833181381
256,1745684824.471767,0.04868609830737114
257,1745684841.4705606,0.038505882024765015
258,1745684861.5903747,0.04866516962647438
259,1745684882.439364,0.06079413741827011
260,1745684899.520789,0.048951782286167145
261,1745684912.6753132,0.07167068868875504
262,1745684934.6025636,0.039341580122709274
263,1745684949.7927184,0.13637281954288483
264,1745684965.5621614,0.06726785004138947
265,1745684975.9932761,0.13265086710453033
266,1745684993.9646797,0.07768584787845612
267,1745685012.062443,0.03361133858561516
268,1745685020.1515174,0.10940871387720108
269,1745685035.5880775,0.10986974835395813
270,1745685045.8400266,0.07433340698480606
271,1745685058.6275468,0.0451786145567894
272,1745685069.2376473,0.06024511530995369
273,1745685080.7872412,0.09074903279542923
274,1745685092.9945784,0.1283433735370636
275,1745685106.6996453,0.05570117384195328
276,1745685126.5779495,0.06458921730518341
277,1745685142.8415475,0.070745550096035
278,1745685172.0957122,0.04613873362541199
279,1745685186.9650378,0.06905488669872284
280,1745685209.1409948,0.047138091176748276
281,1745685229.273651,0.06851083785295486
282,1745685252.6475513,0.07158035039901733
283,1745685270.7605913,0.0646473690867424
284,1745685280.9979212,0.1510169953107834
285,1745685292.8894176,0.06098485738039017
286,1745685308.730548,0.10032863169908524
287,1745685320.7697754,0.11584490537643433
288,1745685341.1921782,0.05668874830007553
289,1745685358.1892703,0.06104326620697975
290,1745685372.272864,0.03736689314246178
291,1745685388.595209,0.05428595840930939
292,1745685404.0183783,0.0701533779501915
293,1745685419.0684648,0.07123246788978577
294,1745685432.4523423,0.036095622926950455
295,1745685444.9447823,0.09212113916873932
296,1745685456.8431656,0.06820400804281235
297,1745685485.06347,0.039589278399944305
298,1745685495.4957461,0.05996187776327133
299,1745685504.2211237,0.08680405467748642
300,1745685520.53848,0.06718064844608307
301,1745685539.6616247,0.038291819393634796
302,1745685562.1142294,0.07187005877494812
303,1745685587.4399066,0.05115080252289772
304,1745685613.493861,0.04149935767054558
305,1745685636.6989222,0.03883467987179756
306,1745685646.1192195,0.03844805434346199
307,1745685658.1078389,0.06835755705833435
308,1745685684.6103425,0.04504752904176712
309,1745685693.9716258,0.04831399396061897
310,1745685712.773884,0.07043491303920746
311,1745685723.3917255,0.060169968754053116
312,1745685734.498676,0.07114315778017044
313,1745685755.2831497,0.05908346176147461
314,1745685774.8357506,0.046142131090164185
315,1745685786.0697658,0.06635080277919769
316,1745685804.0486908,0.05754043161869049
317,1745685814.2510786,0.09258329123258591
318,1745685827.9207723,0.08646375685930252
319,1745685843.9629414,0.05381549149751663
320,1745685857.7310188,0.06642255932092667
321,1745685875.4285173,0.042520564049482346
322,1745685886.2904713,0.04948164522647858
323,1745685903.5112658,0.06067445129156113
324,1745685909.6683676,0.07484731078147888
325,1745686009.0226367,0.07123131304979324
326,1745686022.8050613,0.0719415694475174
327,1745686035.957307,0.09482195973396301
328,1745686050.5247726,0.04626746103167534
329,1745686066.8617892,0.06071444973349571
330,1745686079.7513893,0.04973738640546799
331,1745686105.9272974,0.045200761407613754
332,1745686125.0167792,0.05754724517464638
333,1745686138.6281962,0.07255615293979645
334,1745686152.6424012,0.058913834393024445
335,1745686175.6545017,0.03328552842140198
336,1745686196.6621413,0.060957085341215134
337,1745686217.762238,0.040751006454229355
338,1745686244.9595642,0.06056845560669899
339,1745686257.7205536,0.05253748595714569
340,1745686271.0552561,0.04819217324256897
341,1745686281.946956,0.07007866352796555
342,1745686294.4141765,0.05956517532467842
343,1745686308.8639464,0.07817355543375015
344,1745686321.4125977,0.047444313764572144
345,1745686342.061821,0.04569036141037941
346,1745686356.6188269,0.0738818347454071
347,1745686374.8338902,0.06377673894166946
348,1745686383.866912,0.05839142948389053
349,1745686402.1517208,0.04747582972049713
350,1745686412.1490545,0.04559607803821564
351,1745686432.9446156,0.09315452724695206
352,1745686459.0781424,0.04382854700088501
353,1745686487.3123038,0.05392644181847572
354,1745686497.2819343,0.18612638115882874
355,1745686508.5826042,0.062443189322948456
356,1745686525.8731341,0.061441514641046524
357,1745686548.0423656,0.05963316559791565
358,1745686558.3728912,0.07503523677587509
359,1745686567.9960191,0.08077489584684372
360,1745686582.6081922,0.06130991503596306
361,1745686601.2311764,0.046658921986818314
362,1745686623.814885,0.05026240646839142
363,1745686636.173596,0.09265008568763733
364,1745686658.7084951,0.04628393426537514
365,1745686677.596938,0.05763900652527809
366,1745686686.4813876,0.03919512405991554
367,1745686701.5699549,0.04303847998380661
368,1745686713.7210596,0.0630268082022667
369,1745686727.423896,0.05557859688997269
370,1745686750.5972526,0.033176764845848083
371,1745686767.1374993,0.12147415429353714
372,1745686782.6701477,0.060755517333745956
373,1745686793.843178,0.05222286656498909
374,1745686809.1154556,0.06801978498697281
375,1745686826.2214036,0.06141887977719307
376,1745686845.0592146,0.02714327536523342
377,1745686867.8936908,0.062167972326278687
378,1745686873.537672,0.05113517865538597
379,1745686892.6572042,0.07666108012199402
380,1745686908.3893256,0.05350178852677345
381,1745686924.81899,0.045906912535429
382,1745686939.8480296,0.05390544235706329
383,1745686953.3062909,0.05419714376330376
384,1745686967.903887,0.056153103709220886
385,1745686981.2733347,0.04046334698796272
386,1745686992.404444,0.052082259207963943
387,1745687014.204491,0.04174424707889557
388,1745687040.734609,0.05509660765528679
389,1745687053.4351006,0.03893016651272774
390,1745687064.1691318,0.059648431837558746
391,1745687078.1465423,0.04622577875852585
392,1745687089.7042575,0.04489430785179138
393,1745687106.9541764,0.04035646840929985
394,1745687124.382601,0.02628682740032673
395,1745687143.2379272,0.04364106059074402
396,1745687153.6462047,0.04085196182131767
397,1745687169.8496065,0.054909106343984604
398,1745687186.4425514,0.058858878910541534
399,1745687195.723421,0.06049244478344917
400,1745687216.2053485,0.04031086713075638
401,1745687233.5436218,0.04515231028199196
402,1745687241.7857273,0.05350016802549362
403,1745687265.4767025,0.04178715497255325
404,1745687279.810075,0.043333470821380615
405,1745687287.503221,0.0723222866654396
406,1745687401.0041971,0.0244462750852108
407,1745687409.4238052,0.03491802513599396
408,1745687426.4767094,0.05479065328836441
409,1745687449.5025547,0.04235144332051277
410,1745687468.4509876,0.05431732162833214
411,1745687485.081776,0.05515914782881737
412,1745687503.6546896,0.03758547082543373
413,1745687513.850468,0.058547087013721466
414,1745687525.2958267,0.15185606479644775
415,1745687542.8105288,0.06814690679311752
416,1745687562.0226939,0.04167834296822548
417,1745687573.7098417,0.059413909912109375
418,1745687591.7808192,0.052628688514232635
419,1745687607.3339665,0.030946150422096252
420,1745687618.923747,0.05621341988444328
421,1745687641.9200742,0.03347257152199745
422,1745687660.8386059,0.04859834164381027
423,1745687669.9028785,0.048189811408519745
424,1745687689.1055396,0.03689349815249443
425,1745687698.9150138,0.05817071348428726
426,1745687719.0447247,0.04181849956512451
427,1745687741.2196026,0.03447994589805603
428,1745687765.081454,0.05562145262956619
429,1745687783.0618942,0.1030641719698906
430,1745687799.1545815,0.047982942312955856
431,1745687811.7223234,0.08246347308158875
432,1745687828.3536615,0.06542140245437622
433,1745687835.7640169,0.05705171823501587
434,1745687861.4614189,0.034367796033620834
435,1745687877.16556,0.03209145739674568
436,1745687886.9386506,0.040528152137994766
437,1745687908.7266164,0.05640476942062378
438,1745687926.8277001,0.06961014866828918
439,1745687941.441199,0.048920851200819016
440,1745687950.945654,0.05846266448497772
441,1745687976.0320501,0.04081420600414276
442,1745687986.2967825,0.054853394627571106
443,1745688004.9179437,0.06786777824163437
444,1745688019.7825713,0.06881710141897202
445,1745688039.5172417,0.038661133497953415
446,1745688052.8647606,0.06270494312047958
447,1745688072.575506,0.03442959859967232
448,1745688085.083564,0.038522884249687195
449,1745688100.676355,0.04244554787874222
450,1745688118.8272488,0.0407438762485981
451,1745688129.9308941,0.0905572846531868
452,1745688153.2928154,0.04456241801381111
453,1745688162.3920178,0.0644722655415535
454,1745688185.6673694,0.06065110117197037
455,1745688194.1503584,0.08695308864116669
456,1745688209.7785234,0.025495339184999466
457,1745688220.4154954,0.08079574257135391
458,1745688233.058814,0.04378005862236023
459,1745688245.923331,0.03973284363746643
460,1745688255.2432728,0.08385935425758362
461,1745688276.509596,0.03391994908452034
462,1745688289.0597894,0.034444671124219894
463,1745688314.8077736,0.06090215966105461
464,1745688327.4419377,0.04324047639966011
465,1745688342.0553603,0.027143005281686783
466,1745688356.3627174,0.04375331103801727
467,1745688376.3328798,0.030925463885068893
468,1745688400.5363722,0.027857763692736626
469,1745688411.974528,0.057398904114961624
470,1745688436.322554,0.04762359708547592
471,1745688461.240385,0.02411181665956974
472,1745688481.7197075,0.0381186343729496
473,1745688498.693871,0.06142643094062805
474,1745688509.5948443,0.050119586288928986
475,1745688533.1849554,0.046873789280653
476,1745688541.7021976,0.10299338400363922
477,1745688555.6434355,0.04398919641971588
478,1745688572.2105367,0.0510919950902462
479,1745688583.2131402,0.03477323427796364
480,1745688605.7370944,0.0301316250115633
481,1745688627.4513283,0.04920020326972008
482,1745688634.2286472,0.04767754673957825
483,1745688650.9202523,0.06842800974845886
484,1745688659.7989206,0.08543985337018967
485,1745688676.590676,0.06292325258255005
486,1745688682.7784429,0.06209441274404526
487,1745688797.4987967,0.06232403218746185
488,1745688808.4491131,0.03264899551868439
489,1745688821.1908844,0.050066590309143066
490,1745688838.3628726,0.05832524970173836
491,1745688857.149442,0.06665032356977463
492,1745688879.1673784,0.03407446667551994
493,1745688898.5488992,0.0225567314773798
494,1745688906.8427625,0.03414500877261162
495,1745688926.8735418,0.04804026708006859
496,1745688939.2815862,0.04370444640517235
497,1745688958.0463042,0.030390162020921707
498,1745688974.7776196,0.07318463921546936
499,1745688987.4469845,0.03306043893098831
500,1745689001.8615205,0.0598735585808754
501,1745689014.2692688,0.09197235107421875
502,1745689030.5225523,0.027101390063762665
503,1745689049.8958092,0.060456644743680954
504,1745689065.7970307,0.04616962745785713
505,1745689090.6835978,0.027485569939017296
506,1745689105.007654,0.021042758598923683
507,1745689120.6577263,0.06314411759376526
508,1745689138.9471633,0.0498989038169384
509,1745689146.7539015,0.03996163606643677
510,1745689169.6295252,0.05047178640961647
511,1745689181.724932,0.039887286722660065
512,1745689192.5088644,0.06598236411809921
513,1745689208.5467837,0.051722366362810135
514,1745689222.7932286,0.04491330310702324
515,1745689242.661745,0.0398968867957592
516,1745689254.749312,0.04390397295355797
517,1745689262.2275655,0.05701027438044548
518,1745689288.6572902,0.029515473172068596
519,1745689311.8939717,0.015407676808536053
520,1745689324.9780223,0.032848671078681946
521,1745689335.4210658,0.048326339572668076
522,1745689345.3040707,0.07596336305141449
523,1745689359.7079184,0.11797576397657394
524,1745689370.9146507,0.03703049197793007
525,1745689383.8495572,0.04448539763689041
526,1745689400.1531966,0.040154922753572464
527,1745689408.8784866,0.0779721811413765
528,1745689420.9650056,0.05125587433576584
529,1745689435.4484477,0.04786822944879532
530,1745689457.1877637,0.041722748428583145
531,1745689467.7383618,0.051862627267837524
532,1745689485.0211334,0.045478858053684235
533,1745689502.3557217,0.043235741555690765
534,1745689511.9871247,0.04035481810569763
535,1745689522.5870745,0.03247064724564552
536,1745689541.7932515,0.039351340383291245
537,1745689566.1209788,0.05019402131438255
538,1745689575.7152472,0.05777308717370033
539,1745689585.755574,0.09533519297838211
540,1745689594.4599547,0.060977812856435776
541,1745689624.040427,0.042490992695093155
542,1745689636.615673,0.09930623322725296
543,1745689645.6364338,0.02181750349700451
544,1745689661.4488146,0.05688029155135155
545,1745689674.818587,0.03476281091570854
546,1745689692.4450047,0.022029248997569084
547,1745689698.3875167,0.05710615590214729
548,1745689715.9798481,0.05375637859106064
549,1745689737.1086226,0.04238096997141838
550,1745689746.5477273,0.02688470669090748
551,1745689760.539386,0.07701418548822403
552,1745689770.1229033,0.04336458817124367
553,1745689793.8838003,0.05538637936115265
554,1745689816.0654948,0.03917543590068817
555,1745689829.684324,0.037500347942113876
556,1745689849.154397,0.05356520041823387
557,1745689864.8185444,0.036659661680459976
558,1745689879.7778676,0.03743690624833107
559,1745689893.0515234,0.041115134954452515
560,1745689903.5457416,0.051680296659469604
561,1745689923.5915577,0.03285155072808266
562,1745689942.1153605,0.024593234062194824
563,1745689963.190596,0.02948286570608616
564,1745689975.9151273,0.07756402343511581
565,1745689997.5745392,0.029907865449786186
566,1745690014.663543,0.03846447169780731
567,1745690022.8299258,0.027705660089850426
568,1745690136.433831,0.055045634508132935
569,1745690149.7102814,0.036277107894420624
570,1745690165.4211254,0.06092119961977005
571,1745690185.17485,0.030790874734520912
572,1745690202.3692124,0.023570366203784943
573,1745690219.6336198,0.03273763135075569
574,1745690243.5336688,0.05195354297757149
575,1745690258.8413565,0.036764759570360184
576,1745690270.993268,0.026299472898244858
577,1745690283.4074054,0.04505477473139763
578,1745690299.966827,0.03839632123708725
579,1745690323.6137788,0.030728638172149658
580,1745690334.3286786,0.07378693670034409
581,1745690351.8259988,0.04496336355805397
582,1745690366.4117527,0.029591448605060577
583,1745690377.3471072,0.027194403111934662
584,1745690401.968562,0.02541479282081127
585,1745690411.5747817,0.033681511878967285
586,1745690429.1585417,0.05690431594848633
587,1745690447.1625783,0.056653548032045364
588,1745690459.7286088,0.021573614329099655
589,1745690470.5309594,0.05873500928282738
590,1745690483.6025908,0.0625365599989891
591,1745690499.2842026,0.04106764495372772
592,1745690513.9066265,0.10482708364725113
593,1745690533.4785855,0.037002548575401306
594,1745690543.7175422,0.04220261052250862
595,1745690562.5999944,0.026341482996940613
596,1745690571.7185616,0.06582874804735184
597,1745690594.586538,0.030390067026019096
598,1745690610.7402618,0.02993343584239483
599,1745690626.602926,0.0614914670586586
600,1745690638.943459,0.052627794444561005
601,1745690660.1837249,0.02582685276865959
602,1745690678.4129052,0.06867481768131256
603,1745690687.9758372,0.0263094250112772
604,1745690701.5789168,0.03453121334314346
605,1745690719.3792613,0.04279717803001404
606,1745690737.311947,0.033142272382974625
607,1745690753.4081256,0.02776867151260376
608,1745690764.7542045,0.032734476029872894
609,1745690777.7297049,0.05748038366436958
610,1745690791.9763422,0.04189695417881012
611,1745690801.0458167,0.035102732479572296
612,1745690823.329539,0.038694072514772415
613,1745690835.01634,0.028486760333180428
614,1745690852.1185467,0.052025146782398224
615,1745690865.1322322,0.032286979258060455
616,1745690885.1139953,0.04669541120529175
617,1745690909.1391098,0.05812368169426918
618,1745690929.5030513,0.037151891738176346
619,1745690947.9984791,0.024474870413541794
620,1745690961.151811,0.02928072214126587
621,1745690977.6468902,0.0377945676445961
622,1745690987.220004,0.01979714259505272
623,1745690995.1856842,0.035855185240507126
624,1745691015.5669274,0.04947670176625252
625,1745691040.3466973,0.04247492924332619
626,1745691062.7053435,0.03809802979230881
627,1745691082.0201788,0.04336531460285187
628,1745691098.3952062,0.03944551199674606
629,1745691110.0186393,0.037991177290678024
630,1745691132.3638806,0.035332802683115005
631,1745691152.7050433,0.026825420558452606
632,1745691164.7858365,0.040330205112695694
633,1745691178.6939993,0.04944968968629837
634,1745691191.6882675,0.05013689398765564
635,1745691208.8816128,0.03382105752825737
636,1745691224.2075238,0.047396279871463776
637,1745691234.898869,0.021800002083182335
638,1745691256.1449947,0.024246420711278915
639,1745691277.056434,0.025489285588264465
640,1745691292.4365256,0.04937988147139549
641,1745691309.9328105,0.048120107501745224
642,1745691323.9004152,0.058350592851638794
643,1745691338.314692,0.025633370503783226
644,1745691348.766999,0.030486727133393288
645,1745691359.7061396,0.02183924987912178
646,1745691371.171316,0.059975799173116684
647,1745691384.96271,0.03657112643122673
648,1745691395.8780863,0.03009849414229393
649,1745691501.314975,0.030176201835274696
650,1745691532.0985172,0.027852442115545273
651,1745691559.5360348,0.06508247554302216
652,1745691578.937436,0.03704925999045372
653,1745691606.7656918,0.04179232940077782
654,1745691634.1042154,0.032102443277835846
655,1745691663.026105,0.05702168121933937
656,1745691683.2324378,0.03178812935948372
657,1745691705.6407425,0.02929181233048439
658,1745691738.5514622,0.034291114658117294
659,1745691778.4193301,0.021263958886265755
660,1745691797.2301953,0.0703098326921463
661,1745691828.8586473,0.03287918493151665
662,1745691857.11075,0.030793804675340652
663,1745691879.5949962,0.024131888523697853
664,1745691902.205248,0.07485459744930267
665,1745691926.6665132,0.04116338863968849
666,1745691958.627015,0.04356420412659645
667,1745691979.9833002,0.06695950776338577
668,1745691999.865056,0.05166804790496826
669,1745692027.1492085,0.02917874976992607
670,1745692057.527146,0.021474232897162437
671,1745692086.1465912,0.028904888778924942
672,1745692121.9742484,0.02522267960011959
673,1745692151.686086,0.041354864835739136
674,1745692182.2089756,0.054810937494039536
675,1745692216.6679375,0.03122211992740631
676,1745692246.3060932,0.017550544813275337
677,1745692270.4482055,0.028110338374972343
678,1745692295.3506684,0.039095066487789154
679,1745692314.677126,0.05623776838183403
680,1745692348.3748212,0.06671806424856186
681,1745692356.7855592,0.037056006491184235
682,1745692381.9735487,0.024888919666409492
683,1745692402.7296207,0.01648121327161789
684,1745692429.6566029,0.05035436898469925
685,1745692453.4195945,0.03959973156452179
686,1745692475.4778898,0.04253261536359787
687,1745692496.473343,0.03869601711630821
688,1745692521.4953575,0.05030151456594467
689,1745692557.574633,0.0448758564889431
690,1745692575.6367624,0.028540588915348053
691,1745692596.6976094,0.030599204823374748
692,1745692624.0922618,0.0730602964758873
693,1745692652.7936296,0.01977808028459549
694,1745692683.8541532,0.03074837103486061
695,1745692695.1686978,0.05440954491496086
696,1745692725.0607011,0.04096382483839989
697,1745692744.7789576,0.024952426552772522
698,1745692773.8543181,0.01821560226380825
699,1745692800.4574666,0.02162313647568226
700,1745692831.5501769,0.019748849794268608
701,1745692839.49271,0.05676775425672531
702,1745692868.6619947,0.014015760272741318
703,1745692880.9659812,0.029852354899048805
704,1745692909.0627391,0.05141599848866463
705,1745692934.6810493,0.02815033309161663
706,1745692962.002912,0.03674239665269852
707,1745692993.2439823,0.038231879472732544
708,1745693017.7476022,0.07137734442949295
709,1745693043.008053,0.023826222866773605
710,1745693076.2746875,0.021489789709448814
711,1745693105.4095347,0.02876676805317402
712,1745693131.1481376,0.0444500558078289
713,1745693149.8299487,0.026907101273536682
714,1745693178.2091076,0.041033580899238586
715,1745693188.2259002,0.059812866151332855
716,1745693200.8695424,0.05133254826068878
717,1745693235.1834006,0.027266543358564377
718,1745693266.790697,0.045312464237213135
719,1745693300.1745055,0.02779356949031353
720,1745693312.4587991,0.040258970111608505
721,1745693348.3989823,0.010647565126419067
722,1745693375.975186,0.03447912260890007
723,1745693401.0708199,0.027914265170693398
724,1745693418.1391165,0.022101614624261856
725,1745693442.5359097,0.04363580793142319
726,1745693471.8962448,0.039330314844846725
727,1745693493.2354307,0.03281766176223755
728,1745693520.2304702,0.03807570040225983
729,1745693531.4591248,0.029193488880991936
730,1745693789.3555932,0.02966875582933426
731,1745693819.936572,0.03671897202730179
732,1745693851.7907622,0.03755851835012436
733,1745693875.714768,0.02931237779557705
734,1745693904.6816347,0.03500805422663689
735,1745693933.218834,0.019723383709788322
736,1745693962.0445337,0.06021743267774582
737,1745693990.7745836,0.0526445135474205
738,1745694017.097389,0.033785026520490646
739,1745694045.6050386,0.024234594777226448
740,1745694073.1841416,0.017390206456184387
741,1745694095.8101995,0.02859163098037243
742,1745694124.9311092,0.02216935157775879
743,1745694151.7555947,0.016026508063077927
744,1745694178.5946531,0.044468436390161514
745,1745694202.8460412,0.0438024066388607
746,1745694231.6165316,0.038270652294158936
747,1745694252.5377645,0.030721038579940796
748,1745694278.0035396,0.03298632428050041
749,1745694306.8405187,0.025815604254603386
750,1745694328.3310463,0.016768362373113632
751,1745694355.7425768,0.05010713264346123
752,1745694380.3965528,0.02482343651354313
753,1745694404.856753,0.011393523775041103
754,1745694429.707687,0.044199138879776
755,1745694459.3868155,0.037632912397384644
756,1745694480.9394832,0.048274073749780655
757,1745694511.5508957,0.0250935610383749
758,1745694537.7087343,0.035168495029211044
759,1745694558.3481808,0.02164897695183754
760,1745694585.6074367,0.021241916343569756
761,1745694617.365898,0.023162612691521645
762,1745694642.2475224,0.02582096867263317
763,1745694669.1905568,0.034261759370565414
764,1745694682.4289148,0.03705906122922897
765,1745694709.7994626,0.041171181946992874
766,1745694735.109396,0.05148741602897644
767,1745694766.0995083,0.06168481335043907
768,1745694797.0828934,0.03138216584920883
769,1745694830.5863445,0.023815397173166275
770,1745694857.119025,0.044587165117263794
771,1745694889.0453975,0.02912072464823723
772,1745694921.5308905,0.04122767597436905
773,1745694957.2464967,0.03502710908651352
774,1745694984.7602448,0.0279968474060297
775,1745695004.4172761,0.020584622398018837
776,1745695031.104089,0.039344459772109985
777,1745695058.064238,0.027878981083631516
778,1745695083.148387,0.03120092861354351
779,1745695110.766912,0.04354395717382431
780,1745695135.7455604,0.03704101964831352
781,1745695161.4315207,0.03487185016274452
782,1745695184.2902238,0.031546786427497864
783,1745695212.3775938,0.031798940151929855
784,1745695239.2960117,0.051404088735580444
785,1745695266.202803,0.028879983350634575
786,1745695292.6200955,0.018124708905816078
787,1745695318.4244058,0.025067051872611046
788,1745695341.600537,0.0315505787730217
789,1745695370.2503707,0.019972452893853188
790,1745695394.1022532,0.03027389757335186
791,1745695426.0179062,0.015824202448129654
792,1745695451.9764426,0.04155111312866211
793,1745695472.669757,0.022282056510448456
794,1745695498.0778592,0.041906073689460754
795,1745695537.4473534,0.015323110856115818
796,1745695570.98187,0.03054617904126644
797,1745695581.961372,0.03627021983265877
798,1745695609.152135,0.04149988666176796
799,1745695639.3750553,0.023599589243531227
800,1745695661.9230378,0.0434398427605629
801,1745695686.5224478,0.0670652836561203
802,1745695712.3650763,0.02683628350496292
803,1745695740.1929212,0.019122984260320663
804,1745695773.9501038,0.03225558251142502
805,1745695790.6125333,0.01487989816814661
806,1745695816.610801,0.023485340178012848
807,1745695847.102251,0.01590326614677906
808,1745695859.1805868,0.020649442449212074
809,1745695891.8102396,0.016637349501252174
810,1745695905.1132042,0.056128859519958496
811,1745696161.367938,0.022060994058847427
812,1745696190.8797228,0.04002158343791962
813,1745696225.9636903,0.014940595254302025
814,1745696258.5990374,0.046979811042547226
815,1745696274.6512816,0.014015552587807178
816,1745696297.324563,0.04086627438664436
817,1745696323.4629447,0.0516238696873188
818,1745696349.4248362,0.04649863392114639
819,1745696370.8649716,0.03136175498366356
820,1745696397.3305004,0.04100125655531883
821,1745696426.3753679,0.028614627197384834
822,1745696454.754941,0.02130243554711342
823,1745696485.9177566,0.022333361208438873
824,1745696520.4249833,0.029273325577378273
825,1745696531.4115608,0.035284172743558884
826,1745696565.2791722,0.016921861097216606
827,1745696609.542124,0.02536948397755623
828,1745696627.3972087,0.04169956594705582
829,1745696654.1138937,0.019277924671769142
830,1745696661.4581509,0.0165603868663311
831,1745696693.7413108,0.02292316034436226
832,1745696721.400927,0.02320939302444458
833,1745696733.2147756,0.017353763803839684
834,1745696765.671034,0.033404819667339325
835,1745696796.3656945,0.023373650386929512
836,1745696817.8775854,0.022360356524586678
837,1745696842.0874672,0.013246507383883
838,1745696869.7642615,0.02946297638118267
839,1745696900.3857815,0.02630777470767498
840,1745696935.6086562,0.029502825811505318
841,1745696949.5647616,0.015909714624285698
842,1745696975.6039622,0.028165316209197044
843,1745697003.0384848,0.033700983971357346
844,1745697029.8769686,0.03393454849720001
845,1745697054.5885038,0.014574214816093445
846,1745697075.3382492,0.015025235712528229
847,1745697100.081824,0.02160177007317543
848,1745697125.2373013,0.023612739518284798
849,1745697158.944229,0.03153635188937187
850,1745697192.5945754,0.024960657581686974
851,1745697226.6934044,0.027749016880989075
852,1745697249.3973515,0.023432428017258644
853,1745697277.9295676,0.014944883994758129
854,1745697304.491754,0.031018031761050224
855,1745697329.8584874,0.038969509303569794
856,1745697351.6236956,0.05401547998189926
857,1745697373.0672507,0.02878393419086933
858,1745697393.9658384,0.026962708681821823
859,1745697426.1422517,0.013709071092307568
860,1745697435.2873175,0.04244626685976982
861,1745697475.0051863,0.020096084102988243
862,1745697501.1877935,0.033472128212451935
863,1745697515.4908667,0.01979653351008892
864,1745697545.2928803,0.01586976833641529
865,1745697578.5662901,0.017352428287267685
866,1745697600.0895216,0.024773892015218735
867,1745697627.564622,0.02074824646115303
868,1745697651.9016185,0.054138053208589554
869,1745697673.2804615,0.04210127890110016
870,1745697704.6641269,0.015766240656375885
871,1745697729.8554895,0.02201526239514351
872,1745697758.2180884,0.021307138726115227
873,1745697780.3261306,0.024362560361623764
874,1745697800.817006,0.0597028024494648
875,1745697838.295545,0.020560791715979576
876,1745697874.3078425,0.06478329747915268
877,1745697886.642352,0.05649994686245918
878,1745697920.038462,0.028039082884788513
879,1745697927.9892383,0.031238816678524017
880,1745697955.62752,0.039018500596284866
881,1745697981.48546,0.009911955334246159
882,1745698012.3273077,0.017474796622991562
883,1745698029.6786,0.028019407764077187
884,1745698049.276536,0.04687616601586342
885,1745698079.1955595,0.015191445127129555
886,1745698100.7211812,0.022674597799777985
887,1745698126.0127585,0.04789320379495621
888,1745698154.4691787,0.03901420161128044
889,1745698181.667636,0.011350085958838463
890,1745698208.0912547,0.02196083404123783
891,1745698219.1588216,0.025481969118118286
892,1745698465.4910753,0.022183816879987717
893,1745698501.135325,0.021944034844636917
894,1745698530.4820418,0.023395851254463196
895,1745698559.2126155,0.02243502251803875
896,1745698589.4442832,0.011818128637969494
897,1745698614.7429152,0.027703845873475075
898,1745698649.5221853,0.04428717494010925
899,1745698680.0553858,0.03422809764742851
900,1745698700.1558297,0.019725507125258446
901,1745698722.9770553,0.0177354384213686
902,1745698747.1189885,0.022090187296271324
903,1745698779.5780046,0.036973439157009125
904,1745698809.4499433,0.007009056396782398
905,1745698834.405404,0.024925624951720238
906,1745698860.0884597,0.014713925309479237
907,1745698881.4061937,0.016427744179964066
908,1745698911.6533532,0.016487471759319305
909,1745698922.19908,0.029398933053016663
910,1745698942.8454432,0.022275762632489204
911,1745698975.0884004,0.029169300571084023
912,1745699012.1939735,0.017322713509202003
913,1745699043.5100696,0.02075902745127678
914,1745699063.273014,0.0591231994330883
915,1745699080.7454183,0.01673099398612976
916,1745699113.2944233,0.023328257724642754
917,1745699153.3346171,0.023922361433506012
918,1745699161.3511083,0.020803453400731087
919,1745699180.323397,0.02660949155688286
920,1745699208.7128146,0.015713637694716454
921,1745699236.7310324,0.023526068776845932
922,1745699268.1920593,0.026955444365739822
923,1745699277.3116806,0.012766087427735329
924,1745699310.32998,0.009606904350221157
925,1745699324.4415102,0.012584798969328403
926,1745699348.3562663,0.016955086961388588
927,1745699377.7132738,0.036279045045375824
928,1745699405.222284,0.05246664211153984
929,1745699430.9714634,0.01801886036992073
930,1745699458.0373383,0.013130417093634605
931,1745699496.6668637,0.012883471325039864
932,1745699517.6071105,0.019802864640951157
933,1745699549.1214414,0.016849681735038757
934,1745699566.9928026,0.01682555116713047
935,1745699591.8413413,0.018232552334666252
936,1745699619.8339615,0.0352468378841877
937,1745699642.8911848,0.010159827768802643
938,1745699663.3740675,0.056301333010196686
939,1745699685.0086544,0.04378163069486618
940,1745699712.6020176,0.03257813677191734
941,1745699741.6395097,0.020631777122616768
942,1745699765.7178438,0.022401362657546997
943,1745699790.8668556,0.026447923853993416
944,1745699825.8641665,0.019503382965922356
945,1745699854.8038723,0.018938547000288963
946,1745699870.1897902,0.020709972828626633
947,1745699900.5245569,0.02285490557551384
948,1745699925.5977762,0.03811018168926239
949,1745699945.5423558,0.02174747921526432
950,1745699973.0653408,0.02512296475470066
951,1745699997.5069277,0.027243008837103844
952,1745700024.3186877,0.013251017779111862
953,1745700038.6276371,0.025531673803925514
954,1745700067.4760003,0.03411068022251129
955,1745700095.9657297,0.029332516714930534
956,1745700122.6444077,0.012132628820836544
957,1745700148.6927452,0.03979555517435074
958,1745700167.4549537,0.017305072396993637
959,1745700201.5858254,0.018320200964808464
960,1745700227.3381133,0.028660818934440613
961,1745700249.071573,0.031233299523591995
962,1745700272.2091157,0.021802259609103203
963,1745700300.209324,0.004801931791007519
964,1745700328.7181423,0.03150127828121185
965,1745700356.6429052,0.022600000724196434
966,1745700374.035845,0.021874746307730675
967,1745700402.6421309,0.028535960242152214
968,1745700437.5100079,0.018046652898192406
969,1745700471.5180109,0.013467181473970413
970,1745700483.9145422,0.027539588510990143
971,1745700514.3331516,0.02468041703104973
972,1745700528.3448684,0.03293180838227272
973,1745700776.7640498,0.01465335488319397
974,1745700808.400111,0.011566722765564919
975,1745700840.1632679,0.026451054960489273
976,1745700864.4554121,0.02566828764975071
977,1745700895.124072,0.018787993118166924
978,1745700921.9557307,0.02004479430615902
979,1745700951.6750104,0.025112763047218323
980,1745700976.9064696,0.02822813391685486
981,1745701004.9234128,0.014599056914448738
982,1745701031.473728,0.02430018037557602
983,1745701057.27607,0.009935281239449978
984,1745701086.8569698,0.02527998946607113
985,1745701110.8899114,0.00945014413446188
986,1745701143.6611004,0.012178270146250725
987,1745701175.2623646,0.012051143683493137
988,1745701207.363924,0.02588796243071556
989,1745701234.8405623,0.012670163996517658
990,1745701257.0103223,0.01600831374526024
991,1745701275.7309148,0.056816305965185165
992,1745701304.8342865,0.0385923832654953
993,1745701333.8347266,0.02890527993440628
994,1745701355.6583362,0.01168169267475605
995,1745701383.1826398,0.028005216270685196
996,1745701411.157773,0.01632562093436718
997,1745701428.40528,0.024168338626623154
998,1745701451.78841,0.024390118196606636
999,1745701477.230841,0.010159771889448166
1000,1745701503.6440566,0.017641250044107437
1001,1745701532.432756,0.0331944078207016
1002,1745701565.201926,0.02141772024333477
1003,1745701577.225853,0.01992167718708515
1004,1745701606.4770393,0.008215581998229027
1005,1745701631.758772,0.006455111317336559
1006,1745701664.8914068,0.026089413091540337
1007,1745701690.3785777,0.022275803610682487
1008,1745701714.687741,0.014928442426025867
1009,1745701734.4594905,0.007110347039997578
1010,1745701765.6960695,0.026511624455451965
1011,1745701781.7828083,0.022720035165548325
1012,1745701811.46841,0.016395695507526398
1013,1745701837.8778737,0.013522688299417496
1014,1745701863.8730178,0.011752520687878132
1015,1745701885.5537195,0.010539897717535496
1016,1745701910.828766,0.02409989759325981
1017,1745701947.5733902,0.015024618245661259
1018,1745701975.5350838,0.014715452678501606
1019,1745702003.7618766,0.01950574666261673
1020,1745702029.8393967,0.020161530002951622
1021,1745702046.5463657,0.04679203778505325
1022,1745702074.0887432,0.008645130321383476
1023,1745702097.995465,0.043418899178504944
1024,1745702117.9477363,0.009976809844374657
1025,1745702148.7621908,0.013276581652462482
1026,1745702172.3786027,0.013922271318733692
1027,1745702192.2441788,0.02062901295721531
1028,1745702222.0859356,0.016644947230815887
1029,1745702250.7357414,0.02160358801484108
1030,1745702272.7261026,0.010176747106015682
1031,1745702302.3408551,0.012546136043965816
1032,1745702331.1721041,0.013044043444097042
1033,1745702357.684526,0.016612393781542778
1034,1745702376.8054998,0.014140929095447063
1035,1745702406.5716128,0.019119882956147194
1036,1745702440.6109402,0.01343068853020668
1037,1745702468.6018207,0.009077990427613258
1038,1745702491.097464,0.025595033541321754
1039,1745702516.335217,0.01339340303093195
1040,1745702546.0159159,0.029468905180692673
1041,1745702565.694447,0.014865808188915253
1042,1745702596.1817122,0.016968080773949623
1043,1745702627.9177296,0.021019482985138893
1044,1745702648.7167654,0.03323042392730713
1045,1745702669.7347236,0.02591611258685589
1046,1745702698.9419322,0.013966147787868977
1047,1745702729.9562137,0.013954638503491879
1048,1745702754.2565024,0.015477212145924568
1049,1745702782.7179444,0.014867736957967281
1050,1745702811.3526855,0.024944745004177094
1051,1745702838.7092037,0.01573888398706913
1052,1745702852.2790272,0.032314423471689224
1053,1745702867.9645267,0.022485878318548203
1054,1745703113.1967103,0.00997321680188179
1055,1745703139.7602684,0.012386336922645569
1056,1745703167.7552648,0.012135623954236507
1057,1745703199.9345136,0.019682100042700768
1058,1745703228.083606,0.01652464084327221
1059,1745703261.3767734,0.015376649796962738
1060,1745703286.9829977,0.03798803687095642
1061,1745703310.5386617,0.02098280005156994
1062,1745703337.9938433,0.022152645513415337
1063,1745703364.564528,0.019522251561284065
1064,1745703391.7410674,0.019995955750346184
1065,1745703422.494141,0.019992398098111153
1066,1745703455.1685884,0.00698378449305892
1067,1745703483.5248463,0.009168538264930248
1068,1745703501.6622972,0.014525579288601875
1069,1745703529.4736712,0.013123973272740841
1070,1745703561.3936784,0.020738892257213593
1071,1745703583.3420079,0.018853304907679558
1072,1745703601.055145,0.012499299831688404
1073,1745703628.1561246,0.010238593444228172
1074,1745703663.4314609,0.01218844298273325
1075,1745703696.557091,0.0036866669543087482
1076,1745703708.5815098,0.012997628189623356
1077,1745703737.4983687,0.00919440109282732
1078,1745703753.602779,0.016572514548897743
1079,1745703777.443129,0.005706062540411949
1080,1745703804.9032118,0.014915106818079948
1081,1745703834.290421,0.017718328163027763
1082,1745703859.8916142,0.00951814092695713
1083,1745703883.1396737,0.010159623809158802
1084,1745703907.3902197,0.012609071098268032
1085,1745703933.9309916,0.010646253824234009
1086,1745703959.3314273,0.008747744373977184
1087,1745703988.711064,0.012113706208765507
1088,1745704014.7550766,0.00697149895131588
1089,1745704044.4804893,0.012899976223707199
1090,1745704079.3491402,0.016370298340916634
1091,1745704090.7782493,0.031110389158129692
1092,1745704118.038415,0.01989261992275715
1093,1745704142.2232215,0.012347842566668987
1094,1745704166.7534568,0.016254575923085213
1095,1745704195.3734496,0.010541748255491257
1096,1745704221.0532203,0.014356456696987152
1097,1745704246.9498172,0.014630714431405067
1098,1745704274.5528731,0.014468513429164886
1099,1745704305.829311,0.012155636213719845
1100,1745704329.8405745,0.011346865445375443
1101,1745704347.868376,0.01590007357299328
1102,1745704375.844162,0.017947247251868248
1103,1745704394.2242742,0.007220431696623564
1104,1745704431.0031521,0.018626311793923378
1105,1745704456.1045523,0.018190555274486542
1106,1745704473.3172846,0.008165070787072182
1107,1745704499.3325107,0.011990753002464771
1108,1745704525.1624458,0.010198567993938923
1109,1745704553.8482566,0.015476642176508904
1110,1745704581.301754,0.02158360555768013
1111,1745704615.9905448,0.011477852240204811
1112,1745704641.9752805,0.030321985483169556
1113,1745704671.1710513,0.017572464421391487
1114,1745704687.3744361,0.010264787822961807
1115,1745704717.8253682,0.017713496461510658
1116,1745704740.062588,0.02192203886806965
1117,1745704756.6317923,0.014626388438045979
1118,1745704785.0322003,0.017965277656912804
1119,1745704815.1720262,0.011222859844565392
1120,1745704836.7573986,0.008671543560922146
1121,1745704864.2838225,0.01957329921424389
1122,1745704885.9113798,0.012689285911619663
1123,1745704915.1857977,0.009839748032391071
1124,1745704940.3927577,0.018086088821291924
1125,1745704966.2267473,0.019677186384797096
1126,1745704993.1792004,0.011047626845538616
1127,1745705005.4440491,0.014497833326458931
1128,1745705028.9083788,0.010304274968802929
1129,1745705056.2627437,0.011947830207645893
1130,1745705090.8746912,0.0180730652064085
1131,1745705127.2073464,0.02904851920902729
1132,1745705155.11762,0.008778812363743782
1133,1745705172.3609624,0.015494502149522305
1134,1745705184.756578,0.011702202260494232
1135,1745705429.6741593,0.024394378066062927
1136,1745705460.5497649,0.01290099136531353
1137,1745705488.7423286,0.004719865042716265
1138,1745705522.8163264,0.005729337688535452
1139,1745705546.0348291,0.014416174963116646
1140,1745705568.3084168,0.005543108563870192
1141,1745705595.121309,0.01099594496190548
1142,1745705622.7765238,0.00884915143251419
1143,1745705654.798111,0.011238958686590195
1144,1745705677.8206959,0.009158722124993801
1145,1745705718.3639011,0.01136601623147726
1146,1745705743.262919,0.008610382676124573
1147,1745705764.2643754,0.010307845659554005
1148,1745705793.7339678,0.006464783102273941
1149,1745705824.8401127,0.009828322567045689
1150,1745705852.4909701,0.012909142300486565
1151,1745705878.4411976,0.011974100954830647
1152,1745705904.6985261,0.01556344423443079
1153,1745705944.4430697,0.009181389585137367
1154,1745705972.6287146,0.009500417858362198
1155,1745705996.941642,0.015780746936798096
1156,1745706016.001511,0.011239509098231792
1157,1745706044.435411,0.012961860746145248
1158,1745706072.2611685,0.006627094466239214
1159,1745706102.0017254,0.01141897402703762
1160,1745706114.7924306,0.014980309642851353
1161,1745706141.1104527,0.00436347397044301
1162,1745706167.0181465,0.013401027768850327
1163,1745706199.2480822,0.0058724782429635525
1164,1745706219.3560815,0.003286086255684495
1165,1745706246.1795502,0.011667273938655853
1166,1745706270.8972147,0.005974844563752413
1167,1745706301.0911493,0.007990150712430477
1168,1745706331.2485714,0.01482170820236206
1169,1745706357.778516,0.013736596331000328
1170,1745706382.2424748,0.012674105353653431
1171,1745706412.2169447,0.005550375673919916
1172,1745706436.524273,0.009258490987122059
1173,1745706455.3675897,0.005501177627593279
1174,1745706483.9167426,0.009097831323742867
1175,1745706497.465032,0.006528365891426802
1176,1745706526.0674782,0.011895091272890568
1177,1745706554.420773,0.008465424180030823
1178,1745706567.137682,0.005681793671101332
1179,1745706596.690926,0.022830098867416382
1180,1745706623.9114578,0.012404704466462135
1181,1745706647.2738261,0.009322233498096466
1182,1745706672.3960059,0.007625254336744547
1183,1745706704.2645583,0.01602565310895443
1184,1745706741.3778765,0.009775789454579353
1185,1745706770.0617068,0.019987722858786583
1186,1745706794.0224931,0.017450615763664246
1187,1745706814.231038,0.0077443537302315235
1188,1745706843.97577,0.011792249977588654
1189,1745706876.6710155,0.007775396108627319
1190,1745706899.5941336,0.007744858041405678
1191,1745706926.514152,0.012840550392866135
1192,1745706954.797139,0.004165465943515301
1193,1745706978.8654392,0.010615779086947441
1194,1745707013.202425,0.011348477564752102
1195,1745707021.8811257,0.01295391097664833
1196,1745707049.8843622,0.012307058088481426
1197,1745707077.5545022,0.0066956705413758755
1198,1745707105.7718105,0.02152066119015217
1199,1745707132.050066,0.00494224950671196
1200,1745707155.5527108,0.0034523659851402044
1201,1745707183.538041,0.004744167439639568
1202,1745707199.4401808,0.010353650897741318
1203,1745707223.3552742,0.020435821264982224
1204,1745707251.685404,0.01789088547229767
1205,1745707279.46774,0.011875857599079609
1206,1745707306.775302,0.010484752245247364
1207,1745707331.7625155,0.011928261257708073
1208,1745707362.111702,0.006879029329866171
1209,1745707390.6007013,0.006136914249509573
1210,1745707417.3923259,0.00937507301568985
1211,1745707445.3600562,0.03349963575601578
1212,1745707473.3550234,0.012012315914034843
1213,1745707496.2459762,0.012456084601581097
1214,1745707522.4569824,0.007668789941817522
1215,1745707538.2364068,0.009092047810554504
1216,1745707794.0466993,0.009133311919867992
1217,1745707822.5334997,0.006469523534178734
1218,1745707846.1986372,0.005514954682439566
1219,1745707870.149235,0.009596457704901695
1220,1745707901.346558,0.008996078744530678
1221,1745707927.9149804,0.0046224757097661495
1222,1745707954.2962883,0.003162045031785965
1223,1745707980.2467165,0.004757062532007694
1224,1745708007.2629669,0.007322536315768957
1225,1745708037.226969,0.0061393859796226025
1226,1745708065.1052988,0.008871226571500301
1227,1745708090.2667146,0.008887172676622868
1228,1745708118.6019073,0.005800412967801094
1229,1745708143.9957693,0.009267629124224186
1230,1745708171.6046972,0.013403212651610374
1231,1745708191.6206234,0.00989513285458088
1232,1745708225.8800385,0.005149154923856258
1233,1745708234.931204,0.0051572080701589584
1234,1745708262.4795556,0.0035225132014602423
1235,1745708289.7959177,0.014211003668606281
1236,1745708312.1688378,0.0034148136619478464
1237,1745708338.1401553,0.015634482726454735
1238,1745708365.0864654,0.011702170595526695
1239,1745708397.8914099,0.0038818959146738052
1240,1745708422.522441,0.0038103514816612005
1241,1745708444.2528613,0.011078111827373505
1242,1745708483.6271925,0.008557834662497044
1243,1745708493.1024914,0.0035262862220406532
1244,1745708523.0992253,0.004851485602557659
1245,1745708553.7816837,0.00496283732354641
1246,1745708570.7114396,0.005912112072110176
1247,1745708593.572193,0.004059483762830496
1248,1745708635.5312011,0.008025391027331352
1249,1745708648.2147026,0.0063645546324551105
1250,1745708681.3157213,0.011949910782277584
1251,1745708706.136722,0.011213785968720913
1252,1745708728.4669063,0.006112472154200077
1253,1745708753.6825132,0.012866469100117683
1254,1745708780.3436584,0.006826390512287617
1255,1745708806.8280358,0.006308357696980238
1256,1745708833.9876912,0.0035624594893306494
1257,1745708865.0619752,0.00544227147474885
1258,1745708888.4521263,0.011683271266520023
1259,1745708915.4116461,0.009285605512559414
1260,1745708943.3866408,0.009518216364085674
1261,1745708970.51378,0.004323142580688
1262,1745709005.9766424,0.0024261632934212685
1263,1745709034.2328737,0.006954840384423733
1264,1745709061.297581,0.004571958910673857
1265,1745709098.256193,0.00587619561702013
1266,1745709111.1013708,0.012247651815414429
1267,1745709127.2513962,0.014472885057330132
1268,1745709163.0819707,0.009021308273077011
1269,1745709172.0830932,0.0024368742015212774
1270,1745709199.2344432,0.01636488363146782
1271,1745709216.2196517,0.00238472456112504
1272,1745709244.8644807,0.0076224529184401035
1273,1745709274.0368493,0.014809587970376015
1274,1745709306.4000452,0.00891959574073553
1275,1745709342.8177907,0.006459107156842947
1276,1745709372.8296542,0.006284221075475216
1277,1745709387.1026375,0.008937749080359936
1278,1745709411.1277826,0.007400825619697571
1279,1745709430.7854166,0.011577640660107136
1280,1745709457.116678,0.007717151660472155
1281,1745709476.6974597,0.008058005943894386
1282,1745709508.1054258,0.00584644777700305
1283,1745709548.2281675,0.007956160232424736
1284,1745709570.485354,0.004769790917634964
1285,1745709594.5578802,0.001637876033782959
1286,1745709616.2117267,0.011361725628376007
1287,1745709643.9674423,0.005296909250319004
1288,1745709671.1386955,0.006944289430975914
1289,1745709699.7379858,0.0044149053283035755
1290,1745709718.2746294,0.015391583554446697
1291,1745709742.5038002,0.010796714574098587
1292,1745709775.7345538,0.011572496965527534
1293,1745709796.201102,0.005562596023082733
1294,1745709817.84418,0.0044404733926057816
1295,1745709844.4556825,0.010750439018011093
1296,1745709862.8035433,0.008825150318443775
1297,1745710110.5663047,0.009268057532608509
1298,1745710137.544209,0.004614161793142557
1299,1745710154.7833123,0.005592754110693932
1300,1745710182.3189235,0.003801127430051565
1301,1745710208.1413777,0.00425400584936142
1302,1745710236.0095394,0.00476536201313138
1303,1745710264.338976,0.006138665601611137
1304,1745710291.442034,0.005843834485858679
1305,1745710310.5271451,0.00715663330629468
1306,1745710335.2442951,0.007596843410283327
1307,1745710358.7305417,0.009522706270217896
1308,1745710383.498157,0.006867480929940939
1309,1745710411.7935271,0.004202136304229498
1310,1745710436.936103,0.010522079654037952
1311,1745710468.3511457,0.005052391905337572
1312,1745710498.7797453,0.0072564329020679
1313,1745710535.3511648,0.005577755160629749
1314,1745710569.4903433,0.0024744849652051926
1315,1745710594.637389,0.005075395572930574
1316,1745710633.8496532,0.004290139302611351
1317,1745710652.5249665,0.0035429203417152166
1318,1745710674.0010164,0.002219440881162882
1319,1745710702.6540222,0.007610063999891281
1320,1745710736.4757323,0.012655798345804214
1321,1745710772.3893242,0.005830339156091213
1322,1745710793.8326352,0.0025603575631976128
1323,1745710818.0444841,0.006818751804530621
1324,1745710844.7446718,0.0024163585621863604
1325,1745710863.4697616,0.003590647829696536
1326,1745710893.7910109,0.006780893076211214
1327,1745710920.3985415,0.004424989689141512
1328,1745710937.6758504,0.005789751652628183
1329,1745710961.3363855,0.014351168647408485
1330,1745710983.372226,0.003490401664748788
1331,1745711015.4396782,0.004485884681344032
1332,1745711042.2355714,0.0036808084696531296
1333,1745711067.4606183,0.0011746938107535243
1334,1745711096.4833584,0.005930196028202772
1335,1745711118.33774,0.012443682178854942
1336,1745711143.5967298,0.004525596275925636
1337,1745711159.3584313,0.003299452131614089
1338,1745711196.1427608,0.0019167002756148577
1339,1745711224.564825,0.003431048709899187
1340,1745711234.725497,0.028274212032556534
1341,1745711264.0143936,0.004498644266277552
1342,1745711280.6094334,0.0052218749187886715
1343,1745711314.5603049,0.004860502667725086
1344,1745711323.4508345,0.00370809412561357
1345,1745711363.673154,0.004021568689495325
1346,1745711387.1721773,0.007929950952529907
1347,1745711411.8951066,0.005702645052224398
1348,1745711439.723594,0.005090577993541956
1349,1745711461.4129264,0.0023476106580346823
1350,1745711481.580741,0.005319106392562389
1351,1745711513.034989,0.005872450303286314
1352,1745711545.38548,0.004101178143173456
1353,1745711565.860845,0.009071647189557552
1354,1745711585.2145703,0.0034315858501940966
1355,1745711615.850307,0.003731910139322281
1356,1745711633.3452985,0.0030726215336471796
1357,1745711660.0052762,0.0035871954169124365
1358,1745711688.0562217,0.0037131216377019882
1359,1745711708.1048408,0.004589774180203676
1360,1745711736.1896236,0.0037817677948623896
1361,1745711764.6356578,0.001908768666908145
1362,1745711791.7500575,0.002119714394211769
1363,1745711825.0337029,0.003466528607532382
1364,1745711849.957797,0.005244692321866751
1365,1745711870.9920154,0.00876609142869711
1366,1745711890.701542,0.00623026629909873
1367,1745711913.8846078,0.0020355284214019775
1368,1745711933.137679,0.003470695810392499
1369,1745711964.8573563,0.005272960290312767
1370,1745711999.1504767,0.0013120085932314396
1371,1745712019.7471979,0.004563737660646439
1372,1745712047.5659864,0.00777653930708766
1373,1745712081.8469503,0.0030210658442229033
1374,1745712114.3182633,0.005315735004842281
1375,1745712134.4904892,0.004039660561829805
1376,1745712152.3726134,0.004885154776275158
1377,1745712165.6314483,0.0032116600777953863
1378,1745712405.8053398,0.0041841245256364346
1379,1745712435.4112587,0.007295664399862289
1380,1745712474.2547698,0.002226694719865918
1381,1745712501.4882674,0.0037521279882639647
1382,1745712534.1177986,0.0016397470608353615
1383,1745712555.7535825,0.0033861363772302866
1384,1745712581.4753997,0.0015329979360103607
1385,1745712609.2051947,0.003789077512919903
1386,1745712633.3382607,0.0032312371768057346
1387,1745712659.4455998,0.002954731695353985
1388,1745712687.029948,0.002043852349743247
1389,1745712715.491408,0.003760179504752159
1390,1745712753.9660668,0.0018877576803788543
1391,1745712780.763878,0.0015209256671369076
1392,1745712803.6970806,0.0010071659926325083
1393,1745712829.0792987,0.0024142805486917496
1394,1745712858.1069613,0.0023843960370868444
1395,1745712877.117953,0.0022273859940469265
1396,1745712908.98729,0.0036553521640598774
1397,1745712938.829676,0.0029558504465967417
1398,1745712965.480785,0.001897050766274333
1399,1745712999.653489,0.0025161439552903175
1400,1745713024.0128174,0.003014850430190563
1401,1745713040.3967829,0.003969963639974594
1402,1745713074.4511414,0.003925374709069729
1403,1745713103.6136594,0.0022857473231852055
1404,1745713124.837665,0.002027091570198536
1405,1745713151.609962,0.001848102081567049
1406,1745713178.1398013,0.0013601328246295452
1407,1745713202.6335073,0.001402083900757134
1408,1745713234.160416,0.007666942663490772
1409,1745713260.553382,0.0021173846907913685
1410,1745713285.6077678,0.0028249379247426987
1411,1745713312.2560139,0.0025505342055112123
1412,1745713335.6064208,0.002876373240724206
1413,1745713358.3227298,0.0011861077509820461
1414,1745713386.025487,0.0008943903958424926
1415,1745713413.3749738,0.003878070740029216
1416,1745713446.2875981,0.002650749869644642
1417,1745713457.0826488,0.003828431712463498
1418,1745713484.4285905,0.0034216551575809717
1419,1745713510.9361482,0.0016893188003450632
1420,1745713538.6535642,0.00614841328933835
1421,1745713568.751987,0.0015275680925697088
1422,1745713597.074588,0.0006376617238856852
1423,1745713617.0945485,0.0032734181731939316
1424,1745713640.930614,0.005170315038412809
1425,1745713670.272643,0.004278640728443861
1426,1745713699.7155416,0.0020878128707408905
1427,1745713731.920671,0.0017496469663456082
1428,1745713752.64947,0.002459968440234661
1429,1745713772.365803,0.004023908171802759
1430,1745713805.4577415,0.00590388523414731
1431,1745713834.625154,0.007682831957936287
1432,1745713855.872624,0.0038364059291779995
1433,1745713881.6746507,0.0035656981635838747
1434,1745713911.897037,0.0018415952799841762
1435,1745713940.106209,0.005662070587277412
1436,1745713964.4764738,0.008033571764826775
1437,1745713989.5311992,0.0019072187133133411
1438,1745714015.2622435,0.003495987970381975
1439,1745714040.7770631,0.0023944114800542593
1440,1745714065.4354815,0.008893278427422047
1441,1745714096.3260744,0.004254803527146578
1442,1745714104.8332474,0.0019442237680777907
1443,1745714133.7971284,0.025454062968492508
1444,1745714161.6502874,0.0016305380268022418
1445,1745714196.5350857,0.002477820497006178
1446,1745714207.155266,0.005719589535146952
1447,1745714236.0578303,0.00859637651592493
1448,1745714260.5127742,0.002651994349434972
1449,1745714299.264642,0.0028586171101778746
1450,1745714331.383759,0.0015202624490484595
1451,1745714358.7256465,0.002787091303616762
1452,1745714381.709984,0.01206115446984768
1453,1745714404.2348545,0.003140195505693555
1454,1745714432.633149,0.005084273871034384
1455,1745714457.7513068,0.0035336180590093136
1456,1745714486.9652405,0.0029014914762228727
1457,1745714510.9115446,0.006789202336221933
1458,1745714522.3159962,0.01449690293520689
1459,1745714770.1986442,0.002864515408873558
1460,1745714798.018965,0.004020289052277803
1461,1745714826.2642617,0.0015313378535211086
1462,1745714856.8653712,0.00816309079527855
1463,1745714884.3729503,0.0052735148929059505
1464,1745714909.2631035,0.014450020156800747
1465,1745714933.686836,0.0074496096931397915
1466,1745714962.5509393,0.0024325018748641014
1467,1745714985.5534832,0.0009840242564678192
1468,1745715016.7065604,0.002114861970767379
1469,1745715041.5145493,0.008023985661566257
1470,1745715059.814778,0.02688341774046421
1471,1745715087.9719188,0.003912477754056454
1472,1745715109.5784276,0.01044043991714716
1473,1745715138.0933666,0.00551229901611805
1474,1745715156.6977677,0.0020904906559735537
1475,1745715182.973468,0.001113144331611693
1476,1745715202.046029,0.0029968186281621456
1477,1745715229.9958076,0.003458684775978327
1478,1745715266.8176255,0.004033113829791546
1479,1745715297.7281692,0.004505055025219917
1480,1745715323.545873,0.002690498251467943
1481,1745715346.8948486,0.0012684440007433295
1482,1745715367.6737552,0.0031892387196421623
1483,1745715399.8943636,0.0026102960109710693
1484,1745715430.818513,0.003658855566754937
1485,1745715457.5192704,0.003015802474692464
1486,1745715481.4376938,0.0014439142541959882
1487,1745715504.625323,0.0012339563108980656
1488,1745715531.3233755,0.0034623416140675545
1489,1745715549.7476592,0.005811002571135759
1490,1745715572.0864592,0.0015924980398267508
1491,1745715598.8727396,0.027874233201146126
1492,1745715627.6257675,0.006440019700676203
1493,1745715653.4928403,0.00187279365491122
1494,1745715673.1103003,0.0031893800478428602
1495,1745715706.5732756,0.0022890684194862843
1496,1745715737.8237865,0.0038354091811925173
1497,1745715768.8809948,0.006741202436387539
1498,1745715796.523125,0.003839250421151519
1499,1745715815.8511293,0.002712717978283763
1500,1745715847.7477512,0.0036717720795422792
1501,1745715878.5461895,0.001550973393023014
1502,1745715905.3474934,0.0037476862780749798
1503,1745715938.8863084,0.006871205288916826
1504,1745715970.5082538,0.0010512053268030286
1505,1745715979.2197366,0.0013909235130995512
1506,1745716011.5230238,0.004552190192043781
1507,1745716019.9603493,0.0027905369643121958
1508,1745716047.6241703,0.002851557917892933
1509,1745716066.7670324,0.004159389529377222
1510,1745716095.8101258,0.0018365610158070922
1511,1745716124.8047974,0.001278108567930758
1512,1745716151.6320572,0.0020001183729618788
1513,1745716179.6642783,0.0033180539030581713
1514,1745716206.3875,0.001924272975884378
1515,1745716229.5937505,0.0036663080099970102
1516,1745716256.2410283,0.001815073424950242
1517,1745716277.755877,0.0025812017265707254
1518,1745716308.6926014,0.002123109996318817
1519,1745716336.1897378,0.005334626883268356
1520,1745716357.1513913,0.0026577964890748262
1521,1745716383.9832506,0.0030232088174670935
1522,1745716410.97822,0.0027184304781258106
1523,1745716435.66828,0.0022595368791371584
1524,1745716464.295162,0.0021751655731350183
1525,1745716493.5935419,0.004190654028207064
1526,1745716502.5557039,0.0005640913150273263
1527,1745716535.1139326,0.0008091279305517673
1528,1745716543.4508972,0.0017628298373892903
1529,1745716567.9034412,0.000980054261162877
1530,1745716594.8991091,0.004161234479397535
1531,1745716623.8903115,0.004312544595450163
1532,1745716655.7369533,0.0007836428703740239
1533,1745716684.1271882,0.0005017059738747776
1534,1745716712.4961843,0.00215281848795712
1535,1745716739.414582,0.0033208495005965233
1536,1745716765.4253058,0.0032279654406011105
1537,1745716793.3140376,0.0011103261495009065
1538,1745716816.4074996,0.016860608011484146
1539,1745716829.0996363,0.0024476468097418547
1540,1745717060.375026,0.0017293263226747513
1541,1745717092.978027,0.001278346753679216
1542,1745717120.094041,0.0035883327946066856
1543,1745717150.203935,0.0007778042345307767
1544,1745717177.756337,0.0017821368528530002
1545,1745717207.448531,0.0006508093210868537
1546,1745717232.2342348,0.010960627347230911
1547,1745717260.4167776,0.00589293148368597
1548,1745717284.7564962,0.00106290343683213
1549,1745717310.0172544,0.001060587470419705
1550,1745717343.7034118,0.0041261776350438595
1551,1745717370.3776295,0.0018298033392056823
1552,1745717404.3180406,0.0011069414904341102
1553,1745717440.2798815,0.007966150529682636
1554,1745717466.673503,0.0011675303103402257
1555,1745717498.5012825,0.0008522793650627136
1556,1745717528.4918282,0.0024385866709053516
1557,1745717552.1204474,0.004644401371479034
1558,1745717568.041336,0.005035085137933493
1559,1745717596.093069,0.0005468481685966253
1560,1745717622.2316496,0.010310616344213486
1561,1745717645.211583,0.002151850378140807
1562,1745717673.2027886,0.0035802186466753483
1563,1745717696.067901,0.0020327905658632517
1564,1745717722.8920565,0.00627998448908329
1565,1745717750.112753,0.005264636129140854
1566,1745717775.5930984,0.004601317457854748
1567,1745717801.7560222,0.0013954119058325887
1568,1745717824.3012753,0.0034364776220172644
1569,1745717849.248267,0.011805936694145203
1570,1745717877.6077113,0.0009381860145367682
1571,1745717903.0733762,0.0038803047500550747
1572,1745717933.7026691,0.007117546163499355
1573,1745717965.6395125,0.00016449653776362538
1574,1745717977.3413043,0.0018074557883664966
1575,1745718000.1047306,0.0010393691482022405
1576,1745718030.302167,0.0012496673734858632
1577,1745718042.329842,0.001777059631422162
1578,1745718075.6031542,0.0010704569285735488
1579,1745718102.338007,0.002292994875460863
1580,1745718136.0690851,0.0010986077832058072
1581,1745718174.3612735,0.002088008215650916
1582,1745718184.4977639,0.009318982250988483
1583,1745718224.2898576,0.0019218965899199247
1584,1745718246.2425973,0.001987643074244261
1585,1745718275.9087095,0.0020789040718227625
1586,1745718301.09915,0.0023220910225063562
1587,1745718334.51743,0.0018335632048547268
1588,1745718362.9723217,0.001049971440806985
1589,1745718397.387853,0.0007939434144645929
1590,1745718408.7073903,0.0035025165416300297
1591,1745718435.3047264,0.0007934499881230295
1592,1745718464.315272,0.0005798105848953128
1593,1745718488.2379758,0.002982306992635131
1594,1745718512.2769983,0.0007913273293524981
1595,1745718544.7117057,0.001088636345230043
1596,1745718574.0408537,0.0024436297826468945
1597,1745718594.9250433,0.002782655879855156
1598,1745718619.5372827,0.0035281667951494455
1599,1745718653.1864657,0.0024179278407245874
1600,1745718689.3813462,0.0025145087856799364
1601,1745718715.335593,0.003964265342801809
1602,1745718738.997187,0.0010790369706228375
1603,1745718772.6203892,0.00385466031730175
1604,1745718780.399188,0.006310709286481142
1605,1745718810.7711837,0.0011167263146489859
1606,1745718847.1274354,0.0019141561351716518
1607,1745718854.2568686,0.001046429737471044
1608,1745718883.837314,0.0020343444775789976
1609,1745718909.8563647,0.0035623819567263126
1610,1745718943.352403,0.0014356233878061175
1611,1745718959.9954426,0.006721335928887129
1612,1745718986.0681942,0.0015522509347647429
1613,1745719010.4965606,0.0002087745233438909
1614,1745719036.9347494,0.000688276719301939
1615,1745719070.110142,0.0016754831885918975
1616,1745719109.246028,0.0007340931915678084
1617,1745719143.6171122,0.00970255583524704
1618,1745719177.6804335,0.0008722303900867701
1619,1745719203.0004432,0.006634903606027365
1620,1745719214.3908074,0.001127149211242795
1621,1745719456.0681937,0.0005514811491593719
1622,1745719485.9179711,0.001343196490779519
1623,1745719513.8720205,0.0008142535807564855
1624,1745719545.8570778,0.0012521336320787668
1625,1745719570.4074671,0.0007759540458209813
1626,1745719593.2538972,0.002912278985604644
1627,1745719620.472499,0.0030519270803779364
1628,1745719648.105937,0.0008902503759600222
1629,1745719682.3494742,0.0012374194338917732
1630,1745719690.6350594,0.0005315708694979548
1631,1745719722.7048535,0.006923055741935968
1632,1745719753.5484943,0.004169217310845852
1633,1745719780.2020493,0.0018442390719428658
1634,1745719803.705289,0.001432250370271504
1635,1745719829.5247676,0.0016924231313169003
1636,1745719855.5875,0.004369779024273157
1637,1745719889.4650328,0.0028698870446532965
1638,1745719921.1177166,0.002069782232865691
1639,1745719947.1256547,0.001101480913348496
1640,1745719977.0420222,0.0009637411567382514
1641,1745720009.0231254,0.0006428089691326022
1642,1745720035.4643724,0.0003430396318435669
1643,1745720059.6567445,0.001118202111683786
1644,1745720084.1047108,0.0005225882050581276
1645,1745720109.1992054,0.0015955489361658692
1646,1745720142.7685697,0.003049419028684497
1647,1745720183.262068,0.001110496697947383
1648,1745720203.442984,0.009782466106116772
1649,1745720230.5489013,0.002434029011055827
1650,1745720245.712477,0.0009027973865158856
1651,1745720278.799619,0.0018811378395184875
1652,1745720300.870128,0.0011248990194872022
1653,1745720324.7378733,0.0035505900159478188
1654,1745720349.4918973,0.0027228982653468847
1655,1745720375.434714,0.0034540994092822075
1656,1745720400.2104816,0.0028720383998006582
1657,1745720425.852014,0.0007782857283018529
1658,1745720449.3948407,0.0005042028496973217
1659,1745720477.274795,0.0037278365343809128
1660,1745720503.1376467,0.008091310039162636
1661,1745720533.9199955,0.002332968171685934
1662,1745720557.2541502,0.0015872830990701914
1663,1745720578.7470324,0.0076483930461108685
1664,1745720612.2973216,0.0006649995921179652
1665,1745720625.6399174,0.0022912221029400826
1666,1745720657.3622143,0.0011048229644075036
1667,1745720688.700733,0.0021975908894091845
1668,1745720717.2461495,0.0017257301369681954
1669,1745720747.5095112,0.003483692416921258
1670,1745720784.4552767,0.001409984310157597
1671,1745720818.782962,0.00671074353158474
1672,1745720849.1660314,0.0004059715720359236
1673,1745720861.887852,0.0011049591703340411
1674,1745720892.7770581,0.0011582841398194432
1675,1745720925.5054448,0.003641303861513734
1676,1745720953.343291,0.00412608589977026
1677,1745720977.0712821,0.0022170506417751312
1678,1745721004.4168084,0.004349506925791502
1679,1745721029.4275265,0.0015991156687960029
1680,1745721055.4075317,0.0004410228575579822
1681,1745721090.786086,0.0004824446514248848
1682,1745721102.4714832,0.0018415997037664056
1683,1745721128.5429785,0.0013665417209267616
1684,1745721152.120452,0.003165636910125613
1685,1745721185.887977,0.0012439163401722908
1686,1745721217.3411686,0.0027279688511043787
1687,1745721253.7885015,0.005217764060944319
1688,1745721283.4249663,0.0006411179783754051
1689,1745721299.6087408,0.0017510498873889446
1690,1745721325.2450473,0.0012728734873235226
1691,1745721357.0243297,0.0008997217519208789
1692,1745721389.3784444,0.005041641183197498
1693,1745721421.13475,0.000940020487178117
1694,1745721442.1155274,0.0008495462825521827
1695,1745721467.4955876,0.0008853126782923937
1696,1745721490.5198503,0.0035084045957773924
1697,1745721523.1580737,0.0005752085126005113
1698,1745721553.4345176,0.00036789182922802866
1699,1745721593.524651,0.00031931267585605383
1700,1745721615.7521288,0.00023965215950738639
1701,1745721633.7333004,0.0011506935115903616
1702,1745721879.950109,0.0007109203143045306
1703,1745721908.493233,0.0016189757734537125
1704,1745721936.6624477,0.00011620043369475752
1705,1745721962.9897559,0.0002876687212847173
1706,1745721984.6789653,0.0014020501403138041
1707,1745722008.444843,0.00017124778241850436
1708,1745722032.6948347,0.00045714678708463907
1709,1745722060.7129078,0.002994970651343465
1710,1745722085.906205,0.000629457354079932
1711,1745722104.1100256,0.0025517966132611036
1712,1745722130.144734,0.0003585443482734263
1713,1745722157.144093,0.0005640446906909347
1714,1745722184.6484597,0.0021628672257065773
1715,1745722209.3070846,0.0008962315623648465
1716,1745722238.0035384,0.0006401584832929075
1717,1745722263.161407,0.0013174869818612933
1718,1745722290.1018052,0.00022025208454579115
1719,1745722318.0366776,0.0030076445546001196
1720,1745722345.1527674,0.00024839266552589834
1721,1745722367.3780396,0.000581601751036942
1722,1745722391.3780823,0.0036974819377064705
1723,1745722417.9952164,0.00027553888503462076
1724,1745722444.8992598,0.000724168261513114
1725,1745722469.9615812,0.0005416152998805046
1726,1745722499.0237377,0.0015261467779055238
1727,1745722537.093783,0.00024481103173457086
1728,1745722563.548738,0.0010211581829935312
1729,1745722590.8417726,0.010192210786044598
1730,1745722621.9655807,0.005666182842105627
1731,1745722638.8486547,0.0007880703778937459
1732,1745722660.3572586,0.00036717619514092803
1733,1745722685.5463123,0.0008999275742098689
1734,1745722720.1152492,0.002445676364004612
1735,1745722741.1994557,0.003531239926815033
1736,1745722764.1701763,0.0015016489196568727
1737,1745722794.2640905,0.0021636327728629112
1738,1745722822.727393,0.00012001425784546882
1739,1745722861.729691,0.00029537826776504517
1740,1745722885.80946,0.0029037222266197205
1741,1745722904.0453434,0.0026293674018234015
1742,1745722937.2744913,0.0007517638150602579
1743,1745722952.746705,0.0007013576105237007
1744,1745722978.1025202,0.0020151250064373016
1745,1745722997.436927,0.0007668653852306306
1746,1745723034.2497504,0.00014551071217283607
1747,1745723068.92666,0.0007681545685045421
1748,1745723092.9402807,0.0003539531026035547
1749,1745723108.0340295,0.0008790884166955948
1750,1745723152.4842176,0.007384433411061764
1751,1745723180.9068034,0.0009406466269865632
1752,1745723205.001388,0.0011491364566609263
1753,1745723221.4090602,0.0017917410004884005
1754,1745723247.9945104,0.0016229819739237428
1755,1745723275.3620222,0.0008595021208748221
1756,1745723306.2504885,0.0009048387291841209
1757,1745723337.4854257,0.0012974950950592756
1758,1745723358.3741758,0.0008223834447562695
1759,1745723380.6188638,0.01748744025826454
1760,1745723413.7020688,0.0008880829554982483
1761,1745723446.0757651,0.0016330394428223372
1762,1745723468.2178233,0.0018656988395377994
1763,1745723500.7923224,0.007207715883851051
1764,1745723540.4857705,0.0028174221515655518
1765,1745723548.7356036,0.0016131288139149547
1766,1745723577.0658572,0.0011487059528008103
1767,1745723605.9899082,0.005238474812358618
1768,1745723635.146077,0.0008082995191216469
1769,1745723646.4102807,0.0007033785805106163
1770,1745723678.4399405,0.0015888098860159516
1771,1745723712.2680411,0.0002061809500446543
1772,1745723743.4090753,0.0005098852561786771
1773,1745723778.1416457,0.00045155236148275435
1774,1745723800.8578165,0.0008110625785775483
1775,1745723820.0879045,0.00247935950756073
1776,1745723854.9569747,0.0005536187090910971
1777,1745723894.012612,0.003394568571820855
1778,1745723921.5830848,0.0011158256093040109
1779,1745723930.7682557,0.0021843486465513706
1780,1745723960.6114786,0.0005323606310412288
1781,1745723972.1363792,0.0004106207634322345
1782,1745723989.912504,0.00019382746540941298
1783,1745724227.5905755,0.0014487025327980518
1784,1745724244.9534628,0.0005171634256839752
1785,1745724269.7585683,0.0006235578912310302
1786,1745724305.076982,0.0008190080407075584
1787,1745724342.7420537,0.0010154207702726126
1788,1745724355.2770214,0.008295953273773193
1789,1745724389.9763088,0.0005720088956877589
1790,1745724415.560555,0.020213965326547623
1791,1745724441.5993187,0.00023795450397301465
1792,1745724467.224464,0.002680428558960557
1793,1745724491.846417,0.0005675919819623232
1794,1745724517.7221353,0.0019117823103442788
1795,1745724546.4025578,0.0003354027576278895
1796,1745724573.9347436,0.0005546605098061264
1797,1745724606.0788736,0.005789424758404493
1798,1745724627.603863,0.0003971970872953534
1799,1745724653.0682793,0.00048207363579422235
1800,1745724676.3215432,0.00043391951476223767
1801,1745724704.0988712,0.005671608727425337
1802,1745724734.003821,0.02893497236073017
1803,1745724761.2692208,0.0008947834721766412
1804,1745724782.5516765,0.001312536420300603
1805,1745724803.387642,0.004826122894883156
1806,1745724830.5540767,0.005610673222690821
1807,1745724863.0995593,0.0014206639025360346
1808,1745724888.0884993,0.0011453753104433417
1809,1745724920.2038922,0.0005912844790145755
1810,1745724946.5065436,0.0005257116863504052
1811,1745724969.605927,0.0002760367060545832
1812,1745724991.1635013,0.007120552938431501
1813,1745725018.9913933,0.0002770822902675718
1814,1745725052.844458,0.0008815211476758122
1815,1745725066.4052272,0.0009580806363373995
1816,1745725090.5194166,0.0040641771629452705
1817,1745725124.0191653,0.0019172552274540067
1818,1745725136.4819794,0.004816504195332527
1819,1745725164.6860716,0.0009217651095241308
1820,1745725193.6735806,0.0011102206772193313
1821,1745725233.0044467,0.00038810702972114086
1822,1745725263.2414691,0.0007335374830290675
1823,1745725279.1202526,0.0007557727512903512
1824,1745725299.1515326,0.005302896723151207
1825,1745725328.4296176,0.00683609489351511
1826,1745725350.1000962,0.001240814570337534
1827,1745725373.4642208,0.0005008302978239954
1828,1745725411.8144848,0.0009155418956652284
1829,1745725420.9410937,0.0004174714849796146
1830,1745725445.5150082,0.0012484730686992407
1831,1745725470.2221153,0.0005269969697110355
1832,1745725496.1607502,0.0004540769150480628
1833,1745725521.8348353,0.0003008805797435343
1834,1745725555.7721932,0.004113431088626385
1835,1745725594.859673,0.0004988725413568318
1836,1745725621.5934033,0.0004407553351484239
1837,1745725632.7372186,0.0010445405496284366
1838,1745725663.554592,0.0012143374187871814
1839,1745725701.8656251,0.0006346501177176833
1840,1745725722.2547286,0.002629549941048026
1841,1745725744.125025,0.006215323228389025
1842,1745725779.858081,0.0004030260315630585
1843,1745725808.6423106,0.0004316185077186674
1844,1745725825.8868985,0.001366423792205751
1845,1745725843.8841078,0.0006416519754566252
1846,1745725868.3905149,0.0019171519670635462
1847,1745725890.6019611,0.0009063770994544029
1848,1745725916.2984297,0.0011961854761466384
1849,1745725954.7764301,0.0005695756408385932
1850,1745725966.1305096,0.014008335769176483
1851,1745725995.0766804,0.00031780547578819096
1852,1745726024.1376584,0.0017367692198604345
1853,1745726047.807401,0.0005127859185449779
1854,1745726075.94473,0.0006285823183134198
1855,1745726106.3505676,0.002468348480761051
1856,1745726128.90631,0.000671965186484158
1857,1745726155.6705287,0.0086424071341753
1858,1745726176.6198103,0.001406259136274457
1859,1745726196.0201685,0.0002534916275180876
1860,1745726213.61261,0.0006384431035257876
1861,1745726236.9544716,0.0004864320217166096
1862,1745726258.0527914,0.00040038287988863885
1863,1745726271.322682,0.002257503801956773
1864,1745726517.9677958,0.00044540612725540996
1865,1745726545.7875755,0.0005616953712888062
1866,1745726577.9271803,0.0006883793976157904
1867,1745726600.0544958,0.0014946063747629523
1868,1745726623.841321,0.0005936051020398736
1869,1745726656.6804268,0.001679181819781661
1870,1745726684.951362,0.0005495100049301982
1871,1745726706.3466704,0.00034676495124585927
1872,1745726727.374175,0.000854745099786669
1873,1745726756.4302604,0.0007811494870111346
1874,1745726792.2036705,0.0003566691593732685
1875,1745726807.7987664,0.00017912940529640764
1876,1745726830.374506,0.00042598540312610567
1877,1745726856.0841494,0.00044204434379935265
1878,1745726887.707087,0.000556548242457211
1879,1745726921.467974,0.003001274773851037
1880,1745726961.921137,0.0003370834165252745
1881,1745726996.9776661,0.0008491207263432443
1882,1745727024.7755394,0.0012665989343076944
1883,1745727038.3549342,0.0008070615003816783
1884,1745727064.9463472,0.0002474420762155205
1885,1745727087.9791372,0.00027709713322110474
1886,1745727112.7232678,0.0010972258169203997
1887,1745727134.5015976,0.00016181948012672365
1888,1745727159.0334764,0.0007208380266092718
1889,1745727167.9807515,0.00011478824308142066
1890,1745727179.4610517,0.00020758764003403485
1891,1745727210.334481,0.00040135422023013234
1892,1745727231.1179082,0.0003953869454562664
1893,1745727257.1150978,0.00045445244177244604
1894,1745727280.9125881,0.0003476242709439248
1895,1745727307.5137365,0.00020064225827809423
1896,1745727339.8171268,0.003948374185711145
1897,1745727368.928671,0.00036547708441503346
1898,1745727392.9581335,0.00030951667577028275
1899,1745727424.9545105,0.0002406518324278295
1900,1745727439.9838247,0.0003959718451369554
1901,1745727469.7590723,0.0006980064208619297
1902,1745727493.826893,0.0002843629918061197
1903,1745727515.7426271,0.004721751436591148
1904,1745727546.5687144,0.00029908097349107265
1905,1745727580.9551258,0.0006624521920457482
1906,1745727594.7471037,0.0003450594958849251
1907,1745727625.8755403,0.00012390062329359353
1908,1745727637.8135316,0.00019165231788065284
1909,1745727660.6627743,0.000725234451238066
1910,1745727687.8410347,0.0002161443408112973
1911,1745727715.2356198,0.0003612467844504863
1912,1745727727.8380644,0.0006035754340700805
1913,1745727769.7636445,0.0007044043159112334
1914,1745727778.205747,0.00020034467161167413
1915,1745727801.9564784,0.0001230219058925286
1916,1745727842.415852,0.00023988464090507478
1917,1745727870.032591,0.00031072378624230623
1918,1745727883.7031336,0.0012886066688224673
1919,1745727909.6332705,0.0026081197429448366
1920,1745727936.1288593,0.022038960829377174
1921,1745727963.318948,0.0005679478053934872
1922,1745727976.1021616,0.002156425965949893
1923,1745728011.7357748,0.0015961375320330262
1924,1745728036.6103761,0.0017008380964398384
1925,1745728064.103815,0.0009400839917361736
1926,1745728079.6320472,0.001324978074990213
1927,1745728107.1602824,0.0002626493223942816
1928,1745728133.776973,0.00018987664952874184
1929,1745728159.4200428,0.0003826435131486505
1930,1745728188.7157657,0.0007641172269359231
1931,1745728214.3323069,0.00031983410008251667
1932,1745728240.7154243,0.0007287818589247763
1933,1745728268.5019093,0.0017013774486258626
1934,1745728304.7310069,0.0015886705368757248
1935,1745728332.123644,0.0013093098532408476
1936,1745728352.136514,0.0013726535253226757
1937,1745728376.1933756,0.002886806847527623
1938,1745728406.3865826,0.0005651125102303922
1939,1745728433.330361,0.012288378551602364
1940,1745728458.9175746,0.0005062600248493254
1941,1745728489.8667796,0.00040984307997860014
1942,1745728503.2223756,0.0007215935620479286
1943,1745728531.6781297,0.0001872232969617471
1944,1745728548.612724,0.00012704373511951417
1945,1745728796.9771135,0.00045192186371423304
1946,1745728831.5959194,0.0005218610167503357
1947,1745728853.4148495,0.0002003493282245472
1948,1745728873.5233262,0.00015066805644892156
1949,1745728902.4610686,0.000367652450222522
1950,1745728924.502637,0.0003726520808413625
1951,1745728951.6247816,0.0004048909177072346
1952,1745728984.419095,9.330713510280475e-05
1953,1745729009.8581135,0.00043243556865490973
1954,1745729039.955696,0.0012460136786103249
1955,1745729080.7812846,0.0003878001298289746
1956,1745729091.6225955,0.00041830181726254523
1957,1745729126.4890344,0.0009757106308825314
1958,1745729138.6994803,0.0005849636509083211
1959,1745729166.5222845,0.00042892585042864084
1960,1745729197.2934718,0.00036723032826557755
1961,1745729235.2927506,0.00027885811869055033
1962,1745729272.7282844,0.00016465458611492068
1963,1745729295.4123402,9.718692308524624e-05
1964,1745729315.5497034,0.00021628376271110028
1965,1745729343.5183234,0.0004470034909900278
1966,1745729373.144689,0.00010212943743681535
1967,1745729390.0850523,0.0003049241495318711
1968,1745729415.032121,0.00021906013716943562
1969,1745729448.2275794,0.0004288043128326535
1970,1745729486.7993526,0.0006264648400247097
1971,1745729514.5720975,0.00012254409375600517
1972,1745729535.1869814,8.179977157851681e-05
1973,1745729561.399682,0.0003880102885887027
1974,1745729589.3503706,0.032327983528375626
1975,1745729619.2445178,0.00031853889231570065
1976,1745729643.2943757,0.00023341549967881292
1977,1745729668.5656133,0.0006848825723864138
1978,1745729696.733173,0.0018093594117090106
1979,1745729738.6985438,0.0005595593829639256
1980,1745729753.1892884,0.0008343926747329533
1981,1745729778.4619877,0.00023581752611789852
1982,1745729807.5168374,0.0012213157024234533
1983,1745729836.9532957,0.0003838747215922922
1984,1745729863.4954052,0.00020021465024910867
1985,1745729880.7195008,0.00025817297864705324
1986,1745729913.3601525,0.0001285010512219742
1987,1745729940.034052,0.000497088476549834
1988,1745729958.67418,0.0018781976541504264
1989,1745729982.576001,0.0011366668622940779
1990,1745730009.7709603,0.00014566810568794608
1991,1745730035.7158828,0.00043088168604299426
1992,1745730059.8661408,0.0004442696808837354
1993,1745730085.9175925,0.00020938186207786202
1994,1745730110.4565868,8.93711403477937e-05
1995,1745730136.1232293,0.0008790945284999907
1996,1745730155.8207874,0.0002962754515465349
1997,1745730190.6438937,0.00021609643590636551
1998,1745730214.6253383,0.001193500473164022
1999,1745730237.3835886,0.011989446356892586
2000,1745730262.6908143,0.00023610421339981258
2001,1745730290.0294142,0.00038506087730638683
2002,1745730303.0982895,0.0005370002472773194
2003,1745730335.6892817,0.0002797525667119771
2004,1745730364.6972477,0.0004611728945747018
2005,1745730388.4468884,0.00036289775744080544
2006,1745730411.9414518,0.0010536870686337352
2007,1745730440.5935931,0.0009312063339166343
2008,1745730475.5165062,0.00034772782237268984
2009,1745730504.594994,0.0003919467853847891
2010,1745730536.8244326,0.0002800848742481321
2011,1745730544.592061,0.00012587840319611132
2012,1745730563.830891,0.004531614948064089
2013,1745730588.7841423,0.0003582663484849036
2014,1745730619.1671498,0.0021855144295841455
2015,1745730637.881843,0.0024868021719157696
2016,1745730663.344229,0.0005066670128144324
2017,1745730687.422511,0.0003687672142405063
2018,1745730716.3399744,0.008132454939186573
2019,1745730742.3330388,0.0003169710689689964
2020,1745730771.8120086,0.0003341707633808255
2021,1745730796.5896409,0.0004347343055997044
2022,1745730822.3476062,0.015608467161655426
2023,1745730847.8587723,0.0007744926260784268
2024,1745730874.1100047,0.0003928010701201856
2025,1745730886.8488474,0.0009304719278588891
2026,1745731136.25625,0.0001734228862915188
2027,1745731168.1531956,0.0006691929884254932
2028,1745731196.6577132,0.00016490108100697398
2029,1745731222.0702126,0.0002476113731972873
2030,1745731250.9575615,0.0003950096433982253
2031,1745731268.5698676,0.0005955604719929397
2032,1745731298.0722256,9.156521264230832e-05
2033,1745731313.3272548,9.401013085152954e-05
2034,1745731339.594154,0.001493910443969071
2035,1745731362.8465035,0.0006316723302006721
2036,1745731384.1068416,0.00012129224342061207
2037,1745731418.2964728,0.00023932491603773087
2038,1745731440.5568469,0.00019676212104968727
2039,1745731469.6270123,0.0005067620077170432
2040,1745731495.6055253,0.0001765877241268754
2041,1745731523.0962472,0.00017147688777185977
2042,1745731546.2919455,0.00016992806922644377
2043,1745731574.257251,0.003233780851587653
2044,1745731600.823223,0.00019576327758841217
2045,1745731624.4675026,0.00017067066801246256
2046,1745731660.280987,0.00025108028785325587
2047,1745731671.2629476,0.00016971844888757914
2048,1745731699.0630722,0.0004025997477583587
2049,1745731719.8737469,0.0003672891471069306
2050,1745731744.768885,0.0004642070271074772
2051,1745731770.401313,0.00018907566845882684
2052,1745731796.9599082,9.284402767661959e-05
2053,1745731826.1227076,0.00022340030409395695
2054,1745731856.6630743,0.003299955977126956
2055,1745731882.0294585,0.019422801211476326
2056,1745731913.799117,0.0002573792007751763
2057,1745731926.1765206,0.0003432234516367316
2058,1745731957.511966,0.00012365543807391077
2059,1745731973.2359455,0.0002783148374874145
2060,1745731992.3930893,0.0003408139746170491
2061,1745732024.7405565,0.0003340364492032677
2062,1745732037.4922223,0.0002680778270587325
2063,1745732062.784092,0.00032759830355644226
2064,1745732090.1058104,0.0004584509879350662
2065,1745732112.2407715,0.000393734488170594
2066,1745732139.6291049,0.009602817706763744
2067,1745732164.3726635,0.008749160915613174
2068,1745732199.3711066,0.0009558141464367509
2069,1745732225.9696386,0.0005869698361493647
2070,1745732256.3986444,0.005858760792762041
2071,1745732284.8134253,0.0008299789624288678
2072,1745732316.3117642,0.0007620910182595253
2073,1745732327.7956262,0.0002062928833765909
2074,1745732358.6777458,0.00016905188385862857
2075,1745732384.0622003,0.0004150565655436367
2076,1745732403.1195464,0.0009824417065829039
2077,1745732433.4305496,0.000967775471508503
2078,1745732463.7921388,0.001288337167352438
2079,1745732485.0638452,0.0006918049766682088
2080,1745732516.2734327,0.0005964385345578194
2081,1745732542.0574472,0.00015153212007135153
2082,1745732565.2217734,0.0011347471736371517
2083,1745732587.3172886,0.0002941161801572889
2084,1745732611.8937776,0.00029079659725539386
2085,1745732641.6201031,0.00023817694454919547
2086,1745732668.4219618,0.00019996208720840514
2087,1745732688.3999853,9.324815619038418e-05
2088,1745732714.50275,0.00019155428162775934
2089,1745732739.5211327,0.00020756383310072124
2090,1745732760.7410944,0.00014431457384489477
2091,1745732783.9392645,0.000262620160356164
2092,1745732810.547578,0.00019684441213030368
2093,1745732844.868704,0.00026668666396290064
2094,1745732870.503926,0.0001542580866953358
2095,1745732887.5194614,0.0002279804029967636
2096,1745732909.5547094,0.00014220208686310798
2097,1745732938.3715103,0.00038697413401678205
2098,1745732964.6473575,3.906814526999369e-05
2099,1745732992.3464909,0.019258150830864906
2100,1745733019.9978218,0.0004224510630592704
2101,1745733050.4508255,0.0001910920545924455
2102,1745733077.7459009,0.0005612972308881581
2103,1745733101.7085927,0.00022397043358068913
2104,1745733129.9248278,0.00010926517279585823
2105,1745733157.8525248,0.00017791788559406996
2106,1745733167.8632264,0.00015255976177286357
2107,1745733415.5249028,0.00022684289433527738
2108,1745733450.0235298,8.259539754362777e-05
2109,1745733479.9022934,0.00013570484588854015
2110,1745733503.1988034,0.00021784556156489998
2111,1745733534.3934445,0.00031907798256725073
2112,1745733569.966248,0.00043543442734517157
2113,1745733587.5459414,0.00013735009997617453
2114,1745733615.2683747,0.00027183734346181154
2115,1745733635.4454505,0.00028629432199522853
2116,1745733659.6640818,0.0006454887916333973
2117,1745733685.116934,0.00021009847114328295
2118,1745733712.0768783,0.007045367266982794
2119,1745733739.8541155,0.00015724412514828146
2120,1745733769.3992617,0.0002471215557307005
2121,1745733797.7237954,0.001721175853163004
2122,1745733825.4263809,0.00040680740494281054
2123,1745733854.8406265,0.00020294343994464725
2124,1745733880.7575128,0.03599219396710396
2125,1745733905.9817352,0.0002147128980141133
2126,1745733930.6063433,0.0013646185398101807
2127,1745733958.7088108,0.0018590415129438043
2128,1745733991.31464,0.001018407754600048
2129,1745734015.1690423,0.0008870363235473633
2130,1745734038.1853058,0.0006048722425475717
2131,1745734058.9072454,0.0007021973142400384
2132,1745734086.0695586,0.0009244459797628224
2133,1745734114.047797,0.00047019898192957044
2134,1745734140.9764602,0.0020410397555679083
2135,1745734168.3132143,0.0002198347938247025
2136,1745734199.0997803,0.0004940227954648435
2137,1745734224.3377626,0.0018963003531098366
2138,1745734254.1949189,0.0024708821438252926
2139,1745734278.6141024,0.000127131468616426
2140,1745734308.2026596,0.0029996081721037626
2141,1745734333.1909387,0.0035198091063648462
2142,1745734358.9963658,0.0012106697540730238
2143,1745734385.2869258,0.00012467330088838935
2144,1745734412.5821657,0.00324516580440104
2145,1745734423.0760584,0.0002200720482505858
2146,1745734454.2320576,0.0008847623830661178
2147,1745734494.457871,0.00047696538968011737
2148,1745734503.9065487,0.0028653431218117476
2149,1745734529.5475647,0.00024232524447143078
2150,1745734566.9191399,0.00013035380106884986
2151,1745734591.9822729,0.0013074625749140978
2152,1745734621.3793962,0.0006703152903355658
2153,1745734657.9578686,0.0014938904205337167
2154,1745734669.1802995,0.00041648317710496485
2155,1745734696.6262083,0.001427800627425313
2156,1745734734.7651877,7.371844549197704e-05
2157,1745734754.378158,0.00021345959976315498
2158,1745734778.8572,0.0072762370109558105
2159,1745734804.9810905,0.0003536073782015592
2160,1745734830.3989668,0.00043898200965486467
2161,1745734857.3171628,0.008258054032921791
2162,1745734881.0645692,0.0006262064562179148
2163,1745734908.8722446,0.0001252701331395656
2164,1745734938.3266058,0.00042504924931563437
2165,1745734970.0526092,0.00045300336205400527
2166,1745734996.9928331,8.734127914067358e-05
2167,1745735020.547815,0.00018245461978949606
2168,1745735049.9612436,0.004171209409832954
2169,1745735078.6865742,0.0010405238717794418
2170,1745735101.229251,0.002551333513110876
2171,1745735126.6863751,0.00018107588402926922
2172,1745735154.5662582,0.0002994952374137938
2173,1745735181.1181314,0.00035450770519673824
2174,1745735208.8730025,0.0003695857885759324
2175,1745735233.1756847,0.0021873111836612225
2176,1745735259.877082,0.0009027289343066514
2177,1745735284.060826,7.202785491244867e-05
2178,1745735311.7561324,0.0002871517790481448
2179,1745735335.9286773,0.00011176669067936018
2180,1745735364.3259177,0.00023402975057251751
2181,1745735387.0858452,0.00020858408242929727
2182,1745735407.4636438,0.0001415041770087555
2183,1745735437.5305948,0.06218019872903824
2184,1745735465.3163543,7.78278918005526e-05
2185,1745735503.2340555,0.012696056626737118
2186,1745735535.811205,0.004904476460069418
2187,1745735544.7084887,0.0013190401950851083
2188,1745735779.1412385,2.3714228518656455e-05
2189,1745735807.8502607,0.0010957508347928524
2190,1745735845.4752884,0.0017871627351269126
2191,1745735872.1806424,0.0006690601003356278
2192,1745735904.5481384,0.00018509554502088577
2193,1745735938.0345342,0.0003972647828049958
2194,1745735970.2912984,0.00019164194236509502
2195,1745735994.6423047,0.00023428289568983018
2196,1745736015.117385,0.00021714337344747037
2197,1745736042.6072567,0.00046656507765874267
2198,1745736068.6140773,0.0001290939108002931
2199,1745736096.3732913,0.0008917582454159856
2200,1745736121.7363071,0.0003256476193200797
2201,1745736147.2466528,0.000755001965444535
2202,1745736173.1832943,0.004921308718621731
2203,1745736195.3036234,0.0005631062667816877
2204,1745736224.5654767,0.0035003777593374252
2205,1745736254.3145127,0.0005828142166137695
2206,1745736286.0901523,0.0008344461675733328
2207,1745736318.2453115,0.00015767327568028122
2208,1745736336.532266,0.000899104168638587
2209,1745736363.4380267,0.000742310774512589
2210,1745736389.9402273,0.00024008368200156838
2211,1745736420.4947982,0.00016790020163170993
2212,1745736445.677581,6.415732786990702e-05
2213,1745736473.5835607,0.021654067561030388
2214,1745736501.383022,0.00036131672095507383
2215,1745736526.0438945,0.0004924922250211239
2216,1745736547.4688,0.00045918082469142973
2217,1745736590.7970972,0.00041470263386145234
2218,1745736610.5393722,0.0009949997765943408
2219,1745736637.8160834,0.0023076608777046204
2220,1745736656.6584136,0.0004273731028661132
2221,1745736684.1172082,0.000278615509159863
2222,1745736710.884633,0.0011184901231899858
2223,1745736739.981739,0.029652612283825874
2224,1745736769.2621517,0.0003359030815772712
2225,1745736792.3936307,0.0003923301992472261
2226,1745736814.5041845,0.0010565000120550394
2227,1745736838.0788298,0.010046896524727345
2228,1745736870.4156768,0.0012238136259838939
2229,1745736886.5823455,0.0073874229565262794
2230,1745736918.1108892,0.00030050883651711047
2231,1745736943.1066809,0.0008281756890937686
2232,1745736955.464388,0.00013566967390943319
2233,1745736985.9284384,0.00024102938186842948
2234,1745737006.983093,9.01221064850688e-05
2235,1745737029.3989213,0.005982495844364166
2236,1745737055.7509224,0.00035322969779372215
2237,1745737083.5985289,0.0001478583726566285
2238,1745737110.101376,0.020116573199629784
2239,1745737140.9901447,0.002455715090036392
2240,1745737167.2369316,0.00023744229110889137
2241,1745737190.1574855,0.0013681917916983366
2242,1745737215.0901136,0.00011078460374847054
2243,1745737235.7597415,0.00013579727965407073
2244,1745737264.1097975,0.0004059651691932231
2245,1745737293.2000995,0.0002897301746997982
2246,1745737318.9828937,0.0026678992435336113
2247,1745737350.390066,0.0007211004267446697
2248,1745737364.7152007,0.0035426639951765537
2249,1745737396.911931,0.00021064463362563401
2250,1745737419.1491523,0.0019374877447262406
2251,1745737447.9839878,0.0013792349491268396
2252,1745737468.67838,0.003610435174778104
2253,1745737497.4994652,0.004756643436849117
2254,1745737527.6921468,0.0021996989380568266
2255,1745737550.6491728,0.001790556125342846
2256,1745737568.5929348,0.0005464677815325558
2257,1745737602.044513,0.00023063183471094817
2258,1745737630.0400696,0.00011510976764839143
2259,1745737650.908846,0.00032167439348995686
2260,1745737675.602667,0.00035442280932329595
2261,1745737705.4791694,0.0003353850916028023
2262,1745737735.0439548,0.00035718228900805116
2263,1745737756.673491,0.00042374126496724784
2264,1745737778.4288108,0.0028639419469982386
2265,1745737801.8591518,0.0010588675504550338
2266,1745737829.1962204,0.0011007135035470128
2267,1745737859.2586913,0.00042497387039475143
2268,1745737873.1535223,0.0002655926800798625
2269,1745738091.2052834,0.0008447163854725659
2270,1745738117.61605,0.00204945239238441
2271,1745738143.304099,0.0008153486414812505
2272,1745738174.4852555,0.001081920345313847
2273,1745738202.064379,0.0002483721182215959
2274,1745738231.3037748,0.00017217280401382595
2275,1745738258.8658354,0.0005132927326485515
2276,1745738286.4840586,0.0009328414453193545
2277,1745738314.07491,0.00027305784169584513
2278,1745738343.4932284,0.00012718868674710393
2279,1745738378.7491643,5.2944022172596306e-05
2280,1745738399.2667499,0.00034260895336046815
2281,1745738420.038306,0.0005294588045217097
2282,1745738447.4350178,0.0001593669003341347
2283,1745738472.9363542,0.00010107558773597702
2284,1745738504.2519422,0.00020600367861334234
2285,1745738533.783837,0.00024125567870214581
2286,1745738552.340748,0.0021283722016960382
2287,1745738575.8340576,0.0001845094229793176
2288,1745738607.1133456,0.00014046796422917396
2289,1745738640.7412305,0.00012530453386716545
2290,1745738672.1157417,0.0003820999409072101
2291,1745738701.675629,0.0009681169176474214
2292,1745738727.675388,0.00041186026646755636
2293,1745738753.1961114,0.00017722617485560477
2294,1745738778.645446,0.00016367051284760237
2295,1745738793.4475346,0.000262184941675514
2296,1745738828.002333,0.0004039883497171104
2297,1745738863.730996,0.004376725293695927
2298,1745738891.2957249,0.0004910953575745225
2299,1745738915.8727071,0.00010936379840131849
2300,1745738944.1228945,0.00045321090146899223
2301,1745738972.6478512,0.0002270704135298729
2302,1745738994.681869,0.0004131430177949369
2303,1745739022.460011,0.0013323177117854357
2304,1745739047.1007092,0.0014490379253402352
2305,1745739072.369401,0.0010548460995778441
2306,1745739097.4132223,0.05010487139225006
2307,1745739124.696535,0.0004842529015149921
2308,1745739152.7837145,0.0032506522256881
2309,1745739179.3023787,0.004843478091061115
2310,1745739206.5374162,0.0116819366812706
2311,1745739231.762757,0.0001849164254963398
2312,1745739260.8909717,0.0007538332720287144
2313,1745739284.0295618,0.0008736395393498242
2314,1745739308.372645,0.014982004649937153
2315,1745739343.1182559,0.0014251475222408772
2316,1745739369.5867746,7.618112431373447e-05
2317,1745739389.3647406,0.003953862935304642
2318,1745739417.2552528,0.004551845137029886
2319,1745739444.8119426,0.0004917262704111636
2320,1745739468.4050198,0.0004093931056559086
2321,1745739496.637557,0.0017708799568936229
2322,1745739525.8852403,0.004167029168456793
2323,1745739556.0765908,0.0009471085504628718
2324,1745739583.2726445,0.00520441634580493
2325,1745739617.674143,0.00046198329073376954
2326,1745739635.418256,0.00014026582357473671
2327,1745739655.6258988,0.005283364560455084
2328,1745739692.397983,0.0005464442656375468
2329,1745739720.1635664,0.003692749422043562
2330,1745739740.3180625,0.015074045397341251
2331,1745739763.7122939,0.00010672324424376711
2332,1745739803.6801288,8.934264769777656e-05
2333,1745739835.199664,0.002888315822929144
2334,1745739866.5543568,0.0013953059678897262
2335,1745739878.3047695,0.0001263894373551011
2336,1745739905.1629772,0.0009653770830482244
2337,1745739924.1643913,0.0006377111421898007
2338,1745739949.1672418,0.00772832753136754
2339,1745739975.5785084,0.0007388059166260064
2340,1745740006.4575114,0.0012610363774001598
2341,1745740040.9605975,0.006661451421678066
2342,1745740070.393721,0.00021572176774498075
2343,1745740107.7866743,0.00036601602914743125
2344,1745740141.0096257,0.004440472461283207
2345,1745740181.9771576,0.00030093311215750873
2346,1745740212.452128,0.003221455728635192
2347,1745740250.976082,0.01145974826067686
2348,1745740276.6137583,0.0020191643852740526
2349,1745740291.272022,0.0039980532601475716
2350,1745740522.8476686,0.0003448237548582256
2351,1745740551.648189,0.014025595970451832
2352,1745740579.3120186,0.0013913809088990092
2353,1745740613.0917356,0.00208382960408926
2354,1745740643.949422,0.0007837869925424457
2355,1745740653.3733509,0.0008177655399776995
2356,1745740677.6498454,0.0002259112661704421
2357,1745740704.7997074,0.0031584184616804123
2358,1745740736.086865,0.0019801573362201452
2359,1745740765.8953385,0.0053168125450611115
2360,1745740797.5471375,0.0016506260726600885
2361,1745740830.8929706,0.0006332474295049906
2362,1745740858.0166917,0.000212655242648907
2363,1745740874.672811,0.00029321963666006923
2364,1745740899.8069565,0.0036456147208809853
2365,1745740934.074474,0.006408292800188065
2366,1745740966.0731084,0.0007806980866007507
2367,1745740988.7599916,0.0012614225270226598
2368,1745741015.1552927,0.00018559528689365834
2369,1745741039.617775,0.0008170708315446973
2370,1745741071.2722323,0.003072019899263978
2371,1745741107.531541,0.017428375780582428
2372,1745741116.9483564,0.0010261544957756996
2373,1745741144.4454882,0.0001385695650242269
2374,1745741162.235265,0.0038228523917496204
2375,1745741192.1348078,3.7023120967205614e-05
2376,1745741208.4039598,0.0007173643680289388
2377,1745741232.3890426,0.0003782832936849445
2378,1745741260.813254,0.0010752390371635556
2379,1745741292.306559,0.001539425109513104
2380,1745741329.7413366,0.0042991479858756065
2381,1745741360.3769195,8.554330270271748e-05
2382,1745741394.939097,0.0010858579771593213
2383,1745741408.9435267,0.004949596710503101
2384,1745741432.825136,0.0021082176826894283
2385,1745741459.667717,0.0012180190533399582
2386,1745741480.823982,0.0004311392258387059
2387,1745741512.075305,0.014231317676603794
2388,1745741533.5810044,9.967462392523885e-05
2389,1745741558.1804647,0.0004348182410467416
2390,1745741585.8837333,0.000146875434438698
2391,1745741613.8131664,0.0008271762053482234
2392,1745741639.4225314,0.0038377747405320406
2393,1745741665.279212,7.648414612049237e-05
2394,1745741692.0201972,0.0003666973498184234
2395,1745741719.537596,0.0007818108424544334
2396,1745741745.7940986,0.01079763937741518
2397,1745741767.0851083,0.0022031026892364025
2398,1745741795.8985808,0.009069211781024933
2399,1745741820.630243,0.010202532634139061
2400,1745741845.481339,0.0054069263860583305
2401,1745741874.4690094,0.00014102587010711432
2402,1745741902.5029826,0.000982787343673408
2403,1745741927.7195685,0.001172032323665917
2404,1745741953.704892,0.0011097800452262163
2405,1745741980.5132759,0.0027554405387490988
2406,1745742006.9076576,0.013093418441712856
2407,1745742031.0957634,0.004336722660809755
2408,1745742057.333059,0.0007436982123181224
2409,1745742081.73673,0.00014288992679212242
2410,1745742111.481814,0.0015600211918354034
2411,1745742120.423167,0.0017842334927991033
2412,1745742153.6703434,0.016170134767889977
2413,1745742165.9580863,0.0020675284322351217
2414,1745742194.1408584,0.0009845910826697946
2415,1745742222.6791217,0.00013067344843875617
2416,1745742253.594515,0.00013686635065823793
2417,1745742274.7737029,0.00027227620012126863
2418,1745742297.4417992,0.0012186988024041057
2419,1745742321.6740434,0.0029776704031974077
2420,1745742347.310139,0.0026703805197030306
2421,1745742382.938446,0.003907633479684591
2422,1745742415.4612815,0.00027875794330611825
2423,1745742442.6644354,0.017324477434158325
2424,1745742473.5514638,0.004283901769667864
2425,1745742505.7607987,0.0002185696503147483
2426,1745742538.3765454,0.00016141605738084763
2427,1745742551.382449,0.004232758190482855
2428,1745742578.1913245,0.0004094586765859276
2429,1745742604.4763546,0.0006943214102648199
2430,1745742613.5538888,0.0003313128836452961
2431,1745742856.3997123,0.000135630791191943
2432,1745742875.453413,0.0006828283076174557
2433,1745742905.815593,0.0008984401938505471
2434,1745742934.8796208,0.0006230833823792636
2435,1745742961.6256714,0.0013671605847775936
2436,1745742988.9357543,0.0015367026207968593
2437,1745743015.4407191,0.0015344200655817986
2438,1745743040.811194,0.011621300131082535
2439,1745743066.6400857,0.0005497757229022682
2440,1745743089.7828658,0.00016102634253911674
2441,1745743113.0883553,0.00033826695289462805
2442,1745743135.7874486,9.49142558965832e-05
2443,1745743168.060094,0.0003902926982846111
2444,1745743189.4772303,0.002927637891843915
2445,1745743206.7854788,0.014349892735481262
2446,1745743235.735169,0.00019446376245468855
2447,1745743258.193822,8.774385059950873e-05
2448,1745743288.73617,0.00023169469204731286
2449,1745743328.788653,0.00015163084026426077
2450,1745743356.5715928,0.004418514668941498
2451,1745743365.0027606,0.0005839371588081121
2452,1745743389.4151924,0.0002560672292020172
2453,1745743420.400438,0.0004135984927415848
2454,1745743446.7843924,0.012818031944334507
2455,1745743462.7189271,8.011658792383969e-05
2456,1745743489.8683157,0.0006196829490363598
2457,1745743517.916041,0.0005978357512503862
2458,1745743549.6743565,0.0014487492153421044
2459,1745743579.8478806,0.0004816180153284222
2460,1745743590.6275904,0.0008043430862016976
2461,1745743620.6145425,0.0007776130805723369
2462,1745743644.532089,7.757513230899349e-05
2463,1745743662.6645095,0.00036672319401986897
2464,1745743690.5056543,6.685974221909419e-05
2465,1745743720.8863966,0.0004201818082947284
2466,1745743751.8360662,0.010451914742588997
2467,1745743764.9126832,0.004963387735188007
2468,1745743807.2602623,0.0008984612068161368
2469,1745743833.2659671,0.003328125225380063
2470,1745743845.6689317,0.00025209164596162736
2471,1745743873.9954655,0.0027342080138623714
2472,1745743902.1307008,0.008294356986880302
2473,1745743924.932853,0.0003885801415890455
2474,1745743957.427402,0.0009606975363567472
2475,1745743978.02667,0.0012937868013978004
2476,1745744002.607171,0.0031653267797082663
2477,1745744031.886914,0.0010563971009105444
2478,1745744055.7512136,0.0003758503880817443
2479,1745744080.8805165,0.003748166374862194
2480,1745744106.3608446,0.000788299716077745
2481,1745744130.9874203,0.008253328502178192
2482,1745744161.4719222,0.0005891342298127711
2483,1745744187.3937883,7.033559086266905e-05
2484,1745744211.7941992,0.00012630528362933546
2485,1745744238.4100204,0.0003004157042596489
2486,1745744261.8552363,0.00017954797658603638
2487,1745744286.183171,0.0006771576590836048
2488,1745744312.2115703,0.0004763231845572591
2489,1745744340.9911993,0.0018365057185292244
2490,1745744369.7964501,0.0005509009351953864
2491,1745744405.2672231,0.0005391821032389998
2492,1745744417.2635393,0.00012840090494137257
2493,1745744444.414015,0.003111964790150523
2494,1745744469.7018232,0.0013471361016854644
2495,1745744499.6082084,0.0004902374930679798
2496,1745744523.6917393,0.00025259339599870145
2497,1745744547.6747947,0.0005473891505971551
2498,1745744588.879502,0.0010390857933089137
2499,1745744620.484022,0.0011820062063634396
2500,1745744650.1924894,0.005126284901052713
2501,1745744676.5211372,0.004711920395493507
2502,1745744699.3855662,0.0005403730319812894
2503,1745744723.2331805,0.0007217276724986732
2504,1745744752.207544,9.570239490130916e-05
2505,1745744779.9223995,0.00039297484909184277
2506,1745744801.0628135,0.00021360766550060362
2507,1745744825.1419764,9.350664186058566e-05
2508,1745744844.6260748,7.170037133619189e-05
2509,1745744875.9592197,0.0023201534058898687
2510,1745744905.0638123,0.0003952629631385207
2511,1745744920.6260846,0.004935773555189371
2512,1745745145.3032029,0.0008218155126087368
2513,1745745173.0348268,6.053199467714876e-05
2514,1745745201.5755608,0.00017377895710524172
2515,1745745229.6565228,0.0002968386688735336
2516,1745745265.1099966,0.012003582902252674
2517,1745745296.776971,0.0002181288000429049
2518,1745745323.2875357,0.00010731590009527281
2519,1745745349.4001567,0.009698743931949139
2520,1745745373.82286,0.0004166910075582564
2521,1745745399.145451,0.0005113989464007318
2522,1745745427.7822764,0.00025815219851210713
2523,1745745457.982086,0.0001945110852830112
2524,1745745472.2799623,0.00019169625011272728
2525,1745745501.2238815,9.55609793891199e-05
2526,1745745528.743125,0.00014529893815051764
2527,1745745559.9205704,0.00032570818439126015
2528,1745745585.8997526,0.0004634795186575502
2529,1745745615.1289172,0.0038535045459866524
2530,1745745645.205445,0.0005543821607716382
2531,1745745671.5610287,0.00022192089818418026
2532,1745745697.8884282,1.2426725334080402e-05
2533,1745745717.703728,0.00015934614930301905
2534,1745745757.7592506,0.0002649753005243838
2535,1745745778.5533588,0.0001338462607236579
2536,1745745797.12,0.0003505650965962559
2537,1745745833.1928067,0.00014003875548951328
2538,1745745858.9618323,0.00018960697343572974
2539,1745745875.294293,0.0001911208819365129
2540,1745745906.001008,9.768690506462008e-05
2541,1745745942.1172884,8.678073209011927e-05
2542,1745745962.9619398,0.003299705684185028
2543,1745745985.7515125,0.0006510274251922965
2544,1745746010.7631383,0.00012976862490177155
2545,1745746039.5748394,0.00023550626065116376
2546,1745746069.5578768,8.947421883931383e-05
2547,1745746083.7812035,0.00020337282330729067
2548,1745746114.5981555,0.004641854669898748
2549,1745746142.978606,5.2722087275469676e-05
2550,1745746161.2709372,0.00011458904191385955
2551,1745746187.0897508,0.0012673697201535106
2552,1745746223.506338,0.00022525092936120927
2553,1745746250.8432853,8.029051241464913e-05
2554,1745746267.9630136,0.0002740926283877343
2555,1745746294.0657337,0.0002704886137507856
2556,1745746326.1347942,0.011724892072379589
2557,1745746358.449354,0.0001691722427494824
2558,1745746378.793747,0.0003347830206621438
2559,1745746410.0932853,0.0006409098277799785
2560,1745746421.6978836,0.0003687000134959817
2561,1745746463.8381846,8.80364459590055e-05
2562,1745746489.4722905,0.00020533833594527096
2563,1745746514.6239073,0.00010031725105363876
2564,1745746542.7488334,0.00013541925000026822
2565,1745746566.7555861,0.0016240670811384916
2566,1745746590.8875175,0.0012881308794021606
2567,1745746620.897919,0.010248360224068165
2568,1745746642.228682,0.00032877828925848007
2569,1745746666.2370284,4.72013525723014e-05
2570,1745746693.0111094,1.9430806787568145e-05
2571,1745746720.1205404,0.0005977813852950931
2572,1745746741.2612786,0.0019282252760604024
2573,1745746767.8795688,0.0006346426671370864
2574,1745746796.303676,0.007027366664260626
2575,1745746825.2869594,0.0004250529455021024
2576,1745746860.4347486,0.0013216545339673758
2577,1745746884.1438823,0.0005439657252281904
2578,1745746919.6472237,0.002009438117966056
2579,1745746945.0111783,0.00014183060557115823
2580,1745746967.583315,0.0001417722669430077
2581,1745746995.846329,0.00010175741044804454
2582,1745747021.4480226,3.996005489170784e-06
2583,1745747048.5784194,0.00025375912082381546
2584,1745747075.169734,3.742418630281463e-05
2585,1745747107.18242,0.0001386223448207602
2586,1745747139.9782646,0.0005074618384242058
2587,1745747167.8123922,0.0024084444157779217
2588,1745747189.2274292,0.0012773812049999833
2589,1745747214.44615,0.0003141401393804699
2590,1745747235.9863465,0.00030340341618284583
2591,1745747270.961992,0.0004338182043284178
2592,1745747285.867124,0.0011255716672167182
2593,1745747515.4002492,0.007327019702643156
2594,1745747545.5354896,0.001717180130071938
2595,1745747573.5430865,0.0002630320377647877
2596,1745747598.4541194,0.0001919594214996323
2597,1745747628.1074216,0.00108881457708776
2598,1745747655.980122,0.001727501512505114
2599,1745747683.8475006,0.0013374276459217072
2600,1745747711.9898183,0.0008621674496680498
2601,1745747737.4658234,0.0001729553478071466
2602,1745747762.1496048,0.0005432273610495031
2603,1745747788.9880936,0.00011258263111812994
2604,1745747817.5521364,4.074861135450192e-05
2605,1745747843.6747448,4.462129800231196e-05
2606,1745747872.3394692,0.0003034956753253937
2607,1745747900.5832572,4.436965537024662e-05
2608,1745747928.2021983,0.00011413147876737639
2609,1745747961.9366896,0.0001364609197480604
2610,1745747990.2405224,0.0005536251701414585
2611,1745748016.8997083,9.525581117486581e-05
2612,1745748041.833972,0.00019118396448902786
2613,1745748067.8285851,0.00027957235579378903
2614,1745748096.6458228,0.00011223740148125216
2615,1745748130.7935529,0.001153687248006463
2616,1745748153.045732,0.00012890843208879232
2617,1745748186.4553857,6.922699685674161e-05
2618,1745748201.2670357,0.0002952909853775054
2619,1745748229.036206,6.704119732603431e-05
2620,1745748256.2731252,0.00029448684654198587
2621,1745748283.6671834,7.048680708976462e-05
2622,1745748312.431579,0.00015517395513597876
2623,1745748341.997395,0.0010933881858363748
2624,1745748369.226141,8.548013283871114e-05
2625,1745748394.1719978,0.00020244410552550107
2626,1745748417.6385574,0.00016087220865301788
2627,1745748440.9816525,0.00030817260267212987
2628,1745748468.799621,0.00473002577200532
2629,1745748495.0874279,0.0010524870594963431
2630,1745748518.7520194,0.0003278247604612261
2631,1745748540.7737694,0.003609949490055442
2632,1745748568.7496593,0.013503514230251312
2633,1745748595.9543295,0.00029755683499388397
2634,1745748622.7518256,5.0414600991643965e-05
2635,1745748651.7253494,0.0005670742830261588
2636,1745748675.6805112,0.00016830081585794687
2637,1745748701.8463206,0.0003546072985045612
2638,1745748723.4798362,0.0003452210803516209
2639,1745748751.0796576,0.0002493753272574395
2640,1745748777.2420974,0.0020904541015625
2641,1745748800.3302045,0.006309667136520147
2642,1745748830.3173254,0.0006305273855105042
2643,1745748856.0924008,0.0007777218124829233
2644,1745748881.4046254,1.9871213225997053e-05
2645,1745748904.1533344,0.00046889696386642754
2646,1745748929.9187443,0.0006320821703411639
2647,1745748956.2340627,0.0007378459558822215
2648,1745748980.1371446,0.00032257885322906077
2649,1745749021.918255,0.0006818122346885502
2650,1745749054.678581,0.0027033935766667128
2651,1745749071.1476276,0.0052718897350132465
2652,1745749101.8138347,0.000128574509290047
2653,1745749126.5235198,0.00021372016635723412
2654,1745749154.0153143,0.0018889533821493387
2655,1745749177.3373983,0.0004948466666974127
2656,1745749202.8581388,0.00272450246848166
2657,1745749232.5242221,8.901181718101725e-05
2658,1745749258.0118425,0.0003921391617041081
2659,1745749287.414544,0.0004137012001592666
2660,1745749319.0613418,5.848540604347363e-05
2661,1745749331.2648656,0.02314792573451996
2662,1745749356.9556005,0.0004337752179708332
2663,1745749385.8263373,0.00029048172291368246
2664,1745749414.1566184,0.0006917609716765583
2665,1745749436.921817,0.000840189924929291
2666,1745749464.8535852,0.00021525475312955678
2667,1745749490.358677,3.581041528377682e-05
2668,1745749514.2789524,0.0004238610272295773
2669,1745749541.171826,4.9087608203990385e-05
2670,1745749567.7744176,0.00012913384125567973
2671,1745749599.2411842,0.00014721680781804025
2672,1745749628.5712664,0.0001490447175456211
2673,1745749642.8908489,0.0006451813387684524
2674,1745749850.4321387,8.366703696083277e-05
2675,1745749880.6875927,0.00020111184858251363
2676,1745749907.3215938,0.00011291792907286435
2677,1745749925.6341517,0.00026392602012492716
2678,1745749949.8388152,0.001737690530717373
2679,1745749980.7533963,0.00028679604292847216
2680,1745750014.8682199,3.4788787161232904e-05
2681,1745750045.598822,3.751903204829432e-05
2682,1745750075.4047747,0.008526382967829704
2683,1745750104.3977225,8.598552085459232e-05
2684,1745750115.2768834,0.00011114290828118101
2685,1745750153.9428577,0.00236623571254313
2686,1745750186.8553836,0.017713965848088264
2687,1745750217.5253117,0.0005312906578183174
2688,1745750244.2399874,7.066349644446746e-05
2689,1745750263.9753914,0.00011250024545006454
2690,1745750294.5211477,0.00024675659369677305
2691,1745750321.526059,0.00020040803065057844
2692,1745750345.3302958,0.00013511448923964053
2693,1745750369.3194535,0.00016204877465497702
2694,1745750402.409339,3.473794276942499e-05
2695,1745750415.5969977,0.0003728065930772573
2696,1745750442.3463066,6.544459029100835e-05
2697,1745750471.1881096,0.0002471704501658678
2698,1745750494.667605,0.0029045643750578165
2699,1745750521.374306,3.871969602187164e-05
2700,1745750548.4137142,0.00049556017620489
2701,1745750575.5771718,0.00010625178401824087
2702,1745750603.1288393,0.0001452529977541417
2703,1745750624.543067,0.00014220101002138108
2704,1745750654.0321882,0.0003621600626502186
2705,1745750678.4324765,0.0029717462603002787
2706,1745750703.713505,8.717244782019407e-05
2707,1745750728.3168397,0.0003140860644634813
2708,1745750749.0631332,0.0002121592842740938
2709,1745750779.8309584,0.0024202410131692886
2710,1745750810.34368,0.00031122128712013364
2711,1745750845.8581238,0.000363545143045485
2712,1745750878.7005844,0.00012207319377921522
2713,1745750905.348209,0.004271191544830799
2714,1745750928.4678488,0.002790535567328334
2715,1745750954.9011574,0.00024188437964767218
2716,1745750977.176198,2.7754498660215177e-05
2717,1745751003.7867901,0.0035962744150310755
2718,1745751032.9690447,0.0012555897701531649
2719,1745751062.072422,0.0015919122379273176
2720,1745751078.3751528,0.0006776252994313836
2721,1745751104.5127776,0.00130637944675982
2722,1745751129.418592,0.00036426918813958764
2723,1745751158.9512362,0.00014672103861812502
2724,1745751180.1333168,5.5657175835222006e-05
2725,1745751201.0044158,0.0001060076174326241
2726,1745751233.5464633,0.0003679756773635745
2727,1745751260.782549,0.0007518773199990392
2728,1745751281.275617,0.00014735742297489196
2729,1745751309.9873576,0.00014215840201359242
2730,1745751335.550629,0.00011980775889242068
2731,1745751359.4589136,3.3375155908288434e-05
2732,1745751379.4514775,6.744012353010476e-05
2733,1745751411.969333,5.754769154009409e-05
2734,1745751439.4712148,0.0071778679266572
2735,1745751461.7787552,6.675660551991314e-05
2736,1745751486.8234031,0.0003122165217064321
2737,1745751514.6483686,6.039083018549718e-05
2738,1745751544.5938478,0.0009093869011849165
2739,1745751576.1365452,0.0001433953584637493
2740,1745751598.193933,0.013593323528766632
2741,1745751615.8279197,4.128500586375594e-05
2742,1745751646.2764196,0.00013283676526043564
2743,1745751678.7872138,5.5218446505023167e-05
2744,1745751709.882249,0.00044836633605882525
2745,1745751749.0652974,0.0031108667608350515
2746,1745751773.0149212,0.00035427859984338284
2747,1745751795.3730314,0.0002543191658332944
2748,1745751816.46867,0.0007417225860990584
2749,1745751842.4633152,0.0006336492369882762
2750,1745751867.9797993,0.0046902671456336975
2751,1745751897.8712368,0.0014637000858783722
2752,1745751921.095031,0.00015321427781600505
2753,1745751954.375972,0.00016904267249628901
2754,1745751965.571279,0.0001418835308868438
2755,1745752193.471606,0.00021881783322896808
2756,1745752219.9227643,0.00028012300026603043
2757,1745752249.7384236,0.0016289068153128028
2758,1745752277.8511128,3.554227441782132e-05
2759,1745752303.360184,0.00018873176304623485
2760,1745752330.2172828,0.004295229446142912
2761,1745752354.1388736,0.006524073891341686
2762,1745752382.7178123,5.533164585358463e-05
2763,1745752405.475377,0.00011825848196167499
2764,1745752430.8738766,0.0005825130501762033
2765,1745752456.8885305,0.0005509738111868501
2766,1745752481.162723,0.004637469537556171
2767,1745752508.6411266,0.007256365846842527
2768,1745752532.6309574,0.0038400234188884497
2769,1745752556.0824559,9.265310654882342e-05
2770,1745752583.695164,2.204491465818137e-05
2771,1745752609.3744295,0.0008406626875512302
2772,1745752636.854814,0.0007535152835771441
2773,1745752662.358008,0.001194008276797831
2774,1745752687.2320204,0.0026472846511751413
2775,1745752714.2786906,0.0041629476472735405
2776,1745752737.2887435,0.005044268444180489
2777,1745752768.7091177,0.011854312382638454
2778,1745752796.198625,2.2228374291444197e-05
2779,1745752822.4543014,0.02342969737946987
2780,1745752850.980661,0.00755692133679986
2781,1745752878.1529891,0.0002577146515250206
2782,1745752907.222118,0.0004942607483826578
2783,1745752930.5983775,0.0006370596820488572
2784,1745752955.582964,7.773697871016338e-05
2785,1745752983.3764374,0.0001777602155925706
2786,1745753004.786659,5.528752808459103e-05
2787,1745753033.847004,6.833570660091937e-05
2788,1745753065.081857,0.00030938335112296045
2789,1745753096.7708323,0.0004383808118291199
2790,1745753109.621316,0.00011889077723026276
2791,1745753144.0617023,0.00012731108290608972
2792,1745753176.4455488,0.0013209562748670578
2793,1745753188.0698593,0.000927090528421104
2794,1745753213.0212615,0.00013704299635719508
2795,1745753242.991828,0.003857656382024288
2796,1745753265.6381824,0.00013010847033001482
2797,1745753292.7827024,0.0018057546112686396
2798,1745753331.0414727,0.0012138732708990574
2799,1745753355.8030567,0.0038319826126098633
2800,1745753386.0199277,0.0334276519715786
2801,1745753421.2772214,0.00031918782042339444
2802,1745753426.8456717,0.0001306017948081717
2803,1745753460.2427537,0.0023794425651431084
2804,1745753487.6433475,0.0001515820767963305
2805,1745753523.3753204,0.0005733729340136051
2806,1745753542.716301,0.00017647493223194033
2807,1745753568.1351707,0.00019696357776410878
2808,1745753576.05455,0.00012538337614387274
2809,1745753606.6019943,0.00082897994434461
2810,1745753637.2774634,0.0004571554600261152
2811,1745753663.5076125,0.00022800332226324826
2812,1745753691.0075548,0.00058405427262187
2813,1745753713.8711581,0.0005156966508366168
2814,1745753741.996368,4.531917875283398e-05
2815,1745753761.5575304,2.8071915949112736e-05
2816,1745753796.8078485,0.0003790842602029443
2817,1745753808.2324734,3.345771983731538e-05
2818,1745753836.6816485,0.0013684001751244068
2819,1745753867.3668945,0.00021197577007114887
2820,1745753898.9338174,0.0006826422177255154
2821,1745753925.802773,0.004359869752079248
2822,1745753955.4713604,0.00690061179921031
2823,1745753979.4142537,0.0001461106730857864
2824,1745754002.6846924,0.0004148295265622437
2825,1745754027.6372333,0.0022725535091012716
2826,1745754054.1838803,0.00016908280667848885
2827,1745754088.3688536,0.003867092775180936
2828,1745754113.933373,0.0001331530511379242
2829,1745754139.6706004,0.00014478692901320755
2830,1745754155.2067318,0.001126597635447979
2831,1745754184.2943084,0.00046774381189607084
2832,1745754217.3740475,0.0002745649835560471
2833,1745754243.8606489,0.0006281492533162236
2834,1745754271.4951496,0.0007359673618339002
2835,1745754284.0673287,4.278539563529193e-06
2836,1745754516.3834567,0.0019052267307415605
2837,1745754537.6595693,0.0001808086526580155
2838,1745754567.412814,0.00011015131894964725
2839,1745754594.6366885,0.0027745221741497517
2840,1745754621.2716644,0.00010937917977571487
2841,1745754653.9548109,9.754945494933054e-05
2842,1745754684.5252438,1.3915310773882084e-05
2843,1745754713.1024697,0.0011155183892697096
2844,1745754739.7405148,0.000554925762116909
2845,1745754764.3273087,3.440921864239499e-05
2846,1745754790.9578137,0.00014432938769459724
2847,1745754817.2751899,0.000207950608455576
2848,1745754841.3827522,0.00018800584075506777
2849,1745754868.3783119,0.003815221367403865
2850,1745754894.7325008,0.0008793760207481682
2851,1745754923.537668,4.374123818706721e-05
2852,1745754950.736805,9.37592558329925e-05
2853,1745754981.201791,0.00886279996484518
2854,1745754991.2007291,0.00027989651425741613
2855,1745755019.8141513,0.0005275915027596056
2856,1745755050.8618686,0.00011998268746538088
2857,1745755076.6267142,0.0047605144791305065
2858,1745755106.3117125,0.000529859506059438
2859,1745755131.32147,7.044867379590869e-05
2860,1745755161.012944,0.001417243736796081
2861,1745755187.92658,7.12775654392317e-05
2862,1745755215.5293028,0.003909656777977943
2863,1745755240.8643372,0.00035897979978471994
2864,1745755269.5715256,0.00030728618730790913
2865,1745755284.9354742,0.0001361533795716241
2866,1745755314.1005554,0.0004158673691563308
2867,1745755342.440084,5.757227700087242e-05
2868,1745755377.8291225,2.4470868083881214e-05
2869,1745755404.8696706,0.00022170909505803138
2870,1745755421.7551506,0.00017590839706826955
2871,1745755450.1454282,0.000535530736669898
2872,1745755478.0552661,0.0034378415439277887
2873,1745755503.632312,0.0005379511858336627
2874,1745755532.0367906,0.00030273839365690947
2875,1745755558.0863056,0.00010409652895759791
2876,1745755587.0258124,0.0004699788405559957
2877,1745755608.5895596,0.00016675119695719332
2878,1745755632.9589183,0.0016746162436902523
2879,1745755658.1218948,0.0006928564980626106
2880,1745755701.3915005,0.0007114760228432715
2881,1745755713.7434843,3.085084608756006e-05
2882,1745755739.0064945,1.4585129065380897e-05
2883,1745755771.6186607,0.00012885914475191385
2884,1745755800.854777,0.025363337248563766
2885,1745755810.4729033,2.9876460757805035e-05
2886,1745755840.7244341,0.00010552486492088065
2887,1745755856.3527522,0.0005360028590075672
2888,1745755880.1395102,8.97548579814611e-06
2889,1745755910.1914296,0.0030500662978738546
2890,1745755941.8880801,0.0036668030079454184
2891,1745755958.7083144,0.00013550303992815316
2892,1745755986.9103222,0.00027631307602860034
2893,1745756013.8025222,5.290489207254723e-05
2894,1745756041.7906053,0.00042846292490139604
2895,1745756068.3938982,7.599698437843472e-05
2896,1745756094.7354069,9.800102998269722e-05
2897,1745756122.0912025,0.0002874175552278757
2898,1745756151.9949503,0.00019731475913431495
2899,1745756169.1347687,0.006164043676108122
2900,1745756188.0618248,0.00013430854596663266
2901,1745756215.8039525,4.1295908886240795e-05
2902,1745756244.087061,2.0749939722009003e-05
2903,1745756278.3795753,0.00026622554287314415
2904,1745756311.177974,0.0001719417195999995
2905,1745756336.1324315,0.00029987056041136384
2906,1745756362.9332976,0.0013758864952251315
2907,1745756388.1858,0.0016928899567574263
2908,1745756410.6924891,4.998597432859242e-05
2909,1745756439.049634,0.0002601105079520494
2910,1745756464.2475507,0.0015611306298524141
2911,1745756494.5583642,0.0001676757528912276
2912,1745756517.0892868,8.605041512055323e-05
2913,1745756538.5188541,7.227530295494944e-05
2914,1745756564.6135015,7.76208471506834e-05
2915,1745756600.6604826,0.00040531624108552933
2916,1745756616.1680522,5.704461000277661e-05
2917,1745756840.9546309,0.0002117769472533837
2918,1745756873.4576476,8.209261432057247e-05
2919,1745756897.9553595,5.161812441656366e-05
2920,1745756924.3221083,8.196166891139e-05
2921,1745756951.2850256,0.00027503949240781367
2922,1745756977.6867874,1.368535595247522e-05
2923,1745757004.1100314,6.421035504899919e-05
2924,1745757027.2094946,0.00023113949282560498
2925,1745757049.7124069,7.557485514553264e-05
2926,1745757075.8959525,0.00016207175212912261
2927,1745757105.3576849,3.312196349725127e-05
2928,1745757132.7009482,0.00018520245794206858
2929,1745757162.8366792,0.000725889578461647
2930,1745757189.6136243,5.1786802941933274e-05
2931,1745757213.6499298,3.8426467654062435e-05
2932,1745757245.8360898,9.163776849163696e-05
2933,1745757273.0921733,8.49436764838174e-05
2934,1745757300.7551258,0.011090452782809734
2935,1745757326.5926383,4.2929761548293754e-05
2936,1745757351.1206338,4.920023275190033e-05
2937,1745757376.0883656,0.0002582515880931169
2938,1745757400.5825458,0.0013823906192556024
2939,1745757432.3762527,0.0002878246596083045
2940,1745757446.5166786,0.0004420957120601088
2941,1745757477.3241045,0.00045936580863781273
2942,1745757509.9664266,0.00018650396668817848
2943,1745757544.438058,0.000820307934191078
2944,1745757555.9595795,0.0003960395115427673
2945,1745757591.352945,0.0002620741433929652
2946,1745757615.085573,5.21053334523458e-05
2947,1745757645.0970972,0.005994774401187897
2948,1745757669.3586001,0.0004856537561863661
2949,1745757697.441914,0.0001149555464508012
2950,1745757721.4629438,0.00015426395111717284
2951,1745757747.0236387,0.00013600800593849272
2952,1745757775.4672983,0.00100134767126292
2953,1745757799.893484,1.483181677031098e-05
2954,1745757825.6340086,0.0011839453363791108
2955,1745757853.6343646,0.00013934147136751562
2956,1745757879.9636807,0.0004842115449719131
2957,1745757904.1571178,8.63035602378659e-05
2958,1745757930.659972,0.0008944505243562162
2959,1745757958.051059,3.5062643291894346e-05
2960,1745757985.031713,4.8750240239314735e-05
2961,1745758008.3179185,5.529388363356702e-05
2962,1745758033.6216228,7.387666119029745e-05
2963,1745758053.891027,0.0011322208447381854
2964,1745758080.9926577,0.00021501087758224458
2965,1745758109.469841,0.00032250949880108237
2966,1745758144.1056683,0.0039906310848891735
2967,1745758155.240326,0.00015100122254807502
2968,1745758184.9007444,8.985507156467065e-05
2969,1745758207.8233607,0.00027390531613491476
2970,1745758240.6239693,5.4730648116674274e-05
2971,1745758271.1691837,0.006701254285871983
2972,1745758283.5636935,0.00019498915935400873
2973,1745758312.6023512,8.537738904124126e-05
2974,1745758342.3599458,4.5192540710559115e-05
2975,1745758369.5310588,8.072712807916105e-05
2976,1745758384.1096573,0.00012577259622048587
2977,1745758415.907425,0.00011645818449323997
2978,1745758441.7458293,0.00011476847430458292
2979,1745758473.0225637,0.00026112032355740666
2980,1745758496.3579323,0.00034821737790480256
2981,1745758517.398544,2.53498692472931e-05
2982,1745758542.347547,2.7539164875634015e-05
2983,1745758569.3682585,0.00040162273216992617
2984,1745758595.4541812,0.00016758732090238482
2985,1745758621.6422513,0.0001295007241424173
2986,1745758651.628094,7.406844815704972e-05
2987,1745758682.0949893,0.0014081825502216816
2988,1745758713.872502,5.3303694585338235e-05
2989,1745758748.05443,3.731722608790733e-05
2990,1745758777.584715,0.0002468819438945502
2991,1745758794.4322283,0.000607136869803071
2992,1745758820.2827232,0.00012095812417101115
2993,1745758846.2981226,0.00010194536298513412
2994,1745758874.3313227,0.00022891849221196026
2995,1745758890.5988255,0.0009687569108791649
2996,1745758916.4191723,0.00023814960150048137
2997,1745758930.7279606,3.3485623134765774e-05
2998,1745759170.379011,6.702256359858438e-05
2999,1745759195.0040488,5.0337057473370805e-05
3000,1745759225.1371236,4.687356704380363e-05
3001,1745759253.0612133,3.906607162207365e-05
3002,1745759274.516141,4.463834557100199e-05
3003,1745759301.3617659,4.566122515825555e-05
3004,1745759328.6277654,0.0006706309504806995
3005,1745759354.841239,7.655969238840044e-05
3006,1745759379.8664768,8.374082972295582e-05
3007,1745759407.378754,4.7284072934417054e-05
3008,1745759436.0582807,3.118689346592873e-05
3009,1745759462.9624677,0.00021595902217086405
3010,1745759490.6461163,4.529915167950094e-05
3011,1745759513.989852,0.00030134993721731007
3012,1745759537.755559,6.562295311596245e-05
3013,1745759564.3753185,8.669457020005211e-05
3014,1745759591.3591378,8.125603199005127e-05
3015,1745759618.0707994,3.175380697939545e-05
3016,1745759643.540056,5.527728717424907e-05
3017,1745759672.4973676,1.520149817224592e-05
3018,1745759704.44532,8.358367631444708e-05
3019,1745759730.0503156,0.001351968850940466
3020,1745759757.8388917,1.5467374396394007e-05
3021,1745759783.138259,0.06179913878440857
3022,1745759804.992587,6.888071220600978e-05
3023,1745759832.6404724,0.0002849808952305466
3024,1745759860.481319,3.368058969499543e-05
3025,1745759888.8255928,0.001965597737580538
3026,1745759909.5635521,0.001859278418123722
3027,1745759935.0422175,0.0005569232162088156
3028,1745759957.7154884,0.0002418401709292084
3029,1745759984.571623,0.0008949521579779685
3030,1745760010.5958269,0.00014642869064118713
3031,1745760039.4048903,0.0029475169721990824
3032,1745760064.9319131,5.652758409269154e-05
3033,1745760090.7494802,3.273565016570501e-05
3034,1745760115.7157454,4.049868221045472e-05
3035,1745760142.005755,0.0017646593041718006
3036,1745760183.8689415,0.0003547385276760906
3037,1745760206.5356421,0.00012888814671896398
3038,1745760227.7212067,0.0002740300842560828
3039,1745760257.0973074,0.00011931449262192473
3040,1745760288.923947,7.195193029474467e-05
3041,1745760316.2010207,0.000421347125666216
3042,1745760339.9780018,0.0002503231808077544
3043,1745760375.3405166,0.00017624004976823926
3044,1745760391.7818556,7.101424125721678e-05
3045,1745760418.1707053,3.164722875226289e-05
3046,1745760431.725899,0.0002716059098020196
3047,1745760462.9264894,6.826658500358462e-05
3048,1745760479.8672602,0.00020399346249178052
3049,1745760507.5904353,4.000265835202299e-05
3050,1745760539.386889,3.187424590578303e-05
3051,1745760573.5384135,3.125740113318898e-05
3052,1745760611.4024098,5.2711766329593956e-05
3053,1745760618.7188652,4.998772419639863e-05
3054,1745760648.6671813,0.024188311770558357
3055,1745760675.974828,8.093695214483887e-05
3056,1745760704.0909336,0.00010992908210027963
3057,1745760720.2774885,0.00015447013720404357
3058,1745760747.431286,0.0008519475813955069
3059,1745760779.218019,0.0042938170954585075
3060,1745760806.302795,3.367888348293491e-05
3061,1745760834.096231,0.0011975120287388563
3062,1745760858.721572,2.1577439838438295e-05
3063,1745760875.6361318,0.00032121321419253945
3064,1745760903.6574788,0.0002130971843143925
3065,1745760931.538562,5.3713025408796966e-05
3066,1745760958.8742757,0.00020214282267261297
3067,1745760981.6865053,0.000298292696243152
3068,1745761008.032024,0.00013962357479613274
3069,1745761037.0623758,0.00019266409799456596
3070,1745761062.9246314,9.407999641553033e-06
3071,1745761089.4303696,7.414325955323875e-05
3072,1745761115.23506,0.00011760250345105305
3073,1745761133.7905107,3.078903318964876e-05
3074,1745761161.515188,0.00034331411006860435
3075,1745761187.9274745,0.0009035607217811048
3076,1745761217.5612,0.0054128640331327915
3077,1745761246.614143,0.0001385966461384669
3078,1745761259.972525,0.0029664624016731977
3079,1745761488.2547023,3.7955389416310936e-05
3080,1745761514.612851,6.015744929754874e-06
3081,1745761541.7123606,7.462179200956598e-05
3082,1745761576.7872467,3.272021422162652e-05
3083,1745761604.8865707,3.8691345253027976e-05
3084,1745761633.5992482,0.00020407438569236547
3085,1745761662.6760168,0.025329913944005966
3086,1745761687.6814787,7.287827611435205e-05
3087,1745761714.8858159,2.6015712137450464e-05
3088,1745761743.4109206,8.965716551756486e-05
3089,1745761770.5247374,5.039459210820496e-05
3090,1745761793.8979423,0.0004395251744426787
3091,1745761820.1226761,0.0002193563850596547
3092,1745761847.0993004,0.0028646208811551332
3093,1745761873.3870533,0.00015776413783896714
3094,1745761900.3677678,0.00013954826863482594
3095,1745761930.32137,0.0005749697447754443
3096,1745761962.3118308,0.0006209085695445538
3097,1745762000.278476,7.848188397474587e-05
3098,1745762030.327153,0.0005063206772319973
3099,1745762055.1941786,2.9860921131330542e-05
3100,1745762087.562076,0.00021943908359389752
3101,1745762116.5944273,3.8266291085164994e-05
3102,1745762137.438147,0.001310529769398272
3103,1745762164.2902813,2.6829842681763694e-05
3104,1745762188.1456392,0.0005837885546498001
3105,1745762212.141991,0.00015692689339630306
3106,1745762237.9889941,0.00022427357907872647
3107,1745762270.4128091,0.00016572103777434677
3108,1745762294.3269386,0.00024688366102054715
3109,1745762317.7523594,0.0008090796764008701
3110,1745762347.352436,0.0006680566584691405
3111,1745762385.9607537,0.016076967120170593
3112,1745762399.8498473,0.00011300871847197413
3113,1745762420.5497038,0.0008079815888777375
3114,1745762444.0645378,0.00011585121683310717
3115,1745762473.925289,0.0004687469336204231
3116,1745762496.8103242,3.751928670681082e-05
3117,1745762521.2444475,4.7708752390462905e-05
3118,1745762549.3995008,0.0001631157792871818
3119,1745762586.542355,8.868623262969777e-05
3120,1745762611.0653152,5.415590203483589e-05
3121,1745762627.8480868,0.02484802156686783
3122,1745762664.382061,0.00012301771494094282
3123,1745762687.5736349,0.0009362284909002483
3124,1745762715.3132563,0.002175189321860671
3125,1745762749.5424368,0.001998028252273798
3126,1745762774.763646,0.0002289969997946173
3127,1745762795.4917898,0.0027029167395085096
3128,1745762828.1676824,0.00015026633627712727
3129,1745762853.699809,3.28052046825178e-05
3130,1745762869.8905325,9.04130229173461e-06
3131,1745762899.4890096,5.987416807329282e-05
3132,1745762930.030043,0.00017119153926614672
3133,1745762956.866983,0.00024217218742705882
3134,1745762986.5897968,0.0001650620688451454
3135,1745763013.5686805,0.0006871458608657122
3136,1745763031.8410172,0.0004078042693436146
3137,1745763066.705173,0.0004420735058374703
3138,1745763099.9925263,0.00016396795399487019
3139,1745763126.9301112,0.0002777127956505865
3140,1745763140.5353966,5.3865460358792916e-05
3141,1745763176.3487682,0.00020722522458527237
3142,1745763219.313967,0.00026305150822736323
3143,1745763243.0862622,8.987283217720687e-05
3144,1745763275.3691442,0.01662769913673401
3145,1745763304.3497305,5.309369589667767e-05
3146,1745763332.2859683,0.00016622310795355588
3147,1745763362.081076,0.0010729137575253844
3148,1745763396.5758395,0.00010323504830012098
3149,1745763433.3076825,6.722768011968583e-05
3150,1745763444.8052068,0.0002219064044766128
3151,1745763483.9883857,0.00012516896822489798
3152,1745763509.4288285,0.00015987627557478845
3153,1745763529.0529633,2.3945334760355763e-05
3154,1745763556.4650154,8.69298746692948e-05
3155,1745763586.8209302,4.428015381563455e-05
3156,1745763620.6107385,5.112026337883435e-05
3157,1745763648.623687,4.754825931740925e-05
3158,1745763675.0661435,0.0023828172124922276
3159,1745763689.4195096,3.946404831367545e-06
3160,1745763946.0107973,6.36557160760276e-05
3161,1745763976.901872,0.002500824863091111
3162,1745764009.154274,2.1027950424468145e-05
3163,1745764038.4519987,0.0005183300818316638
3164,1745764072.3052857,8.080628322204575e-05
3165,1745764102.109682,4.312952296459116e-05
3166,1745764127.7560875,3.816323805949651e-05
3167,1745764155.8144062,0.00034054956631734967
3168,1745764180.3491795,5.499112739926204e-05
3169,1745764208.3701923,3.6132303648628294e-05
3170,1745764230.7642903,3.3260621421504766e-05
3171,1745764257.3001733,0.0001419586769770831
3172,1745764285.3164833,5.468953895615414e-05
3173,1745764305.1425798,5.333877197699621e-05
3174,1745764334.641157,1.8712369637796655e-05
3175,1745764365.4398553,1.6101070286822505e-05
3176,1745764398.5865176,0.0002903806453105062
3177,1745764421.1595192,0.00021204906806815416
3178,1745764444.016899,1.8160490071750246e-05
3179,1745764467.6942503,9.178995242109522e-05
3180,1745764498.82012,0.007319445256143808
3181,1745764517.654699,4.9070982640841976e-05
3182,1745764550.2719536,5.620760566671379e-05
3183,1745764574.612258,0.004681648686528206
3184,1745764596.951039,0.01387993898242712
3185,1745764623.794875,7.017025200184435e-05
3186,1745764653.0994236,2.658568882907275e-05
3187,1745764679.5454028,0.0002860196982510388
3188,1745764710.2298796,0.0002771244617179036
3189,1745764730.116671,0.0004921639920212328
3190,1745764756.0896366,0.00037143894587643445
3191,1745764787.166204,0.0004474090237636119
3192,1745764818.6942496,0.0011984087759628892
3193,1745764841.3180883,0.00014322003698907793
3194,1745764872.692381,0.0003773185017053038
3195,1745764884.8635767,0.0002118815464200452
3196,1745764926.6393933,9.305137791670859e-05
3197,1745764961.4693146,0.00015828537289053202
3198,1745764981.1284351,0.00012949063966516405
3199,1745765007.0140736,0.008756541647017002
3200,1745765032.8865411,9.724093251861632e-05
3201,1745765058.7987003,2.4721914087422192e-05
3202,1745765090.5731595,0.00024332806060556322
3203,1745765125.5948615,6.874690825497964e-06
3204,1745765137.7769003,0.00012184724619146436
3205,1745765166.9432964,5.643202894134447e-05
3206,1745765193.9614785,2.1952850147499703e-05
3207,1745765219.7928402,0.000867038092110306
3208,1745765240.4498913,0.00013487139949575067
3209,1745765278.9015043,0.0001894337183330208
3210,1745765310.9678056,5.596793562290259e-05
3211,1745765341.9441156,0.00013217695232015103
3212,1745765354.7424557,1.9488001271383837e-05
3213,1745765378.449441,6.582579226233065e-05
3214,1745765410.1143656,0.003992638550698757
3215,1745765434.4243054,6.4803989516803995e-06
3216,1745765460.466483,2.6283267288818024e-05
3217,1745765485.784711,3.398969056433998e-05
3218,1745765514.786617,4.91736973344814e-05
3219,1745765528.4848325,4.715146133094095e-05
3220,1745765560.768881,0.0001554301124997437
3221,1745765576.471419,0.0017228767974302173
3222,1745765600.9120677,5.0471979193389416e-05
3223,1745765630.8375015,0.0029749544337391853
3224,1745765659.623809,3.226321859983727e-05
3225,1745765703.4087973,2.6218542188871652e-05
3226,1745765736.976396,6.914572441019118e-05
3227,1745765762.0429306,1.3491385288944002e-05
3228,1745765789.060811,1.855254049587529e-05
3229,1745765817.163254,0.00010217263479717076
3230,1745765844.923897,8.296265150420368e-05
3231,1745765868.511657,0.00015820156841073185
3232,1745765890.5256772,0.0001248581538675353
3233,1745765923.218719,0.0004143902042414993
3234,1745765964.1224957,3.3613338018767536e-05
3235,1745765983.4850311,0.00010166769789066166
3236,1745766007.1504924,0.00017174049571622163
3237,1745766033.9843743,0.00014634380931966007
3238,1745766059.368964,3.7863210309296846e-05
3239,1745766080.32926,8.825650729704648e-05
3240,1745766093.2235644,0.00019284059817437083
3241,1745766328.6584265,0.00011221122986171395
3242,1745766355.9068794,0.0022408454678952694
3243,1745766381.9099617,9.581122867530212e-05
3244,1745766406.2647245,0.0172466728836298
3245,1745766439.492987,1.449731644243002e-05
3246,1745766464.6028419,5.602454621111974e-05
3247,1745766487.4962833,1.8731319869402796e-05
3248,1745766519.9231427,4.113988688914105e-05
3249,1745766550.0789979,7.520583312725648e-05
3250,1745766578.9067376,0.0001228111796081066
3251,1745766608.8103743,8.588509808760136e-05
3252,1745766636.220677,0.00041598151437938213
3253,1745766660.2469075,0.0001200891929329373
3254,1745766680.6959853,0.00011526497837621719
3255,1745766710.8401592,0.00273746345192194
3256,1745766737.0006182,0.00020491625764407218
3257,1745766768.0054948,0.00013706879690289497
3258,1745766795.7615345,0.00016951753059402108
3259,1745766823.104758,5.837395292473957e-05
3260,1745766849.4260669,6.509353988803923e-05
3261,1745766887.0417738,2.7240514100412838e-05
3262,1745766917.2531738,0.02067369408905506
3263,1745766946.5238771,1.7961383491638117e-05
3264,1745766975.9076087,4.2152987589361146e-05
3265,1745766985.2926624,9.413874067831784e-05
3266,1745767013.6205273,0.00023410488211084157
3267,1745767041.736088,5.726831204810878e-06
3268,1745767061.2575378,0.00021811526676174253
3269,1745767071.036269,0.0009138626628555357
3270,1745767093.3909855,0.0004814789572264999
3271,1745767108.9284205,6.637545448029414e-05
3272,1745767119.1560085,0.0002255308791063726
3273,1745767137.8918626,0.0005908884340897202
3274,1745767152.9406612,0.0006723041296936572
3275,1745767160.8542864,0.00018576793081592768
3276,1745767185.810688,7.554554758826271e-05
3277,1745767207.558631,9.207611583406106e-05
3278,1745767220.8079875,0.00012679776409640908
3279,1745767239.9889605,5.7641456805868074e-05
3280,1745767248.0570269,6.330972973955795e-05
3281,1745767266.560883,1.695066566753667e-05
3282,1745767282.730756,3.204953100066632e-05
3283,1745767301.2163324,3.2562056730967015e-05
3284,1745767309.9688768,5.680065805790946e-05
3285,1745767323.895402,0.00014249380910769105
3286,1745767339.5898545,4.7849480324657634e-05
3287,1745767352.3901784,0.00016217361553572118
3288,1745767371.2038586,2.6996318410965614e-05
3289,1745767398.0476272,0.003238098695874214
3290,1745767412.0621018,6.014156315359287e-05
3291,1745767421.444353,5.743475412600674e-05
3292,1745767442.9367979,3.719535379786976e-05
3293,1745767460.2896154,6.812754872953519e-05
3294,1745767479.1265342,0.00014005393313709646
3295,1745767491.4999156,4.372001421870664e-05
3296,1745767503.2722266,1.0745906365627889e-05
3297,1745767515.1492593,4.548998185782693e-05
3298,1745767532.956158,4.423752397997305e-05
3299,1745767552.3645265,2.180006958951708e-05
3300,1745767561.3745785,7.104782707756385e-05
3301,1745767578.9498181,0.00010042179928859696
3302,1745767603.5905435,0.0006105601787567139
3303,1745767619.0552425,6.253479659790173e-05
3304,1745767628.7757976,9.436107939109206e-05
3305,1745767641.0159183,3.119694520137273e-05
3306,1745767654.9434454,1.6821215467643924e-05
3307,1745767669.078985,0.0040258546359837055
3308,1745767677.2933934,4.6041775931371376e-05
3309,1745767703.1032166,7.004333019722253e-05
3310,1745767716.0352945,0.001185671892017126
3311,1745767731.112316,0.00013318877608980983
3312,1745767747.207402,0.00015528881340287626
3313,1745767769.3321397,0.00023351477284450084
3314,1745767783.6402159,0.00011228633229620755
3315,1745767796.8385727,0.0002982808800879866
3316,1745767813.8173835,0.00022787660418543965
3317,1745767831.1443932,0.0001638968096813187
3318,1745767847.978797,0.000546746829058975
3319,1745767864.7253604,0.00012183287617517635
3320,1745767882.326172,0.0002856370119843632
3321,1745767892.9825058,0.00016036976012401283
3322,1745767986.7803702,0.0003394797968212515
3323,1745768002.8617487,3.443804962444119e-05
3324,1745768022.4201224,5.551232970901765e-05
3325,1745768036.6255085,2.798108835122548e-05
3326,1745768048.5403435,2.9991873816470616e-05
3327,1745768060.4916306,1.7555612430442125e-05
3328,1745768076.312626,2.008629780902993e-05
3329,1745768097.4360979,0.0012618209002539515
3330,1745768109.989152,1.1832823474833276e-05
3331,1745768124.1365,1.9973775124526583e-05
3332,1745768142.127081,1.7728549437379115e-06
3333,1745768150.806183,1.7086094885598868e-05
3334,1745768160.428365,0.00017350533744320273
3335,1745768182.7169561,5.870921813766472e-05
3336,1745768190.5847301,0.00026892259484156966
3337,1745768210.3704991,0.00018109340453520417
3338,1745768228.6985364,2.264207068947144e-05
3339,1745768255.1286077,3.932016988983378e-05
3340,1745768262.9562593,0.00016268908802885562
3341,1745768288.8696885,0.00014435798220802099
3342,1745768304.5315104,0.00011031061876565218
3343,1745768322.5056837,0.00027272256556898355
3344,1745768335.1176054,6.623112130910158e-05
3345,1745768350.707521,0.0001230107300216332
3346,1745768360.8950727,0.00010862856288440526
3347,1745768378.1304448,1.9295794118079357e-05
3348,1745768387.72624,4.745312253362499e-05
3349,1745768406.2287946,9.235087418346666e-06
3350,1745768426.8185341,7.121591625036672e-05
3351,1745768438.1587954,1.512851486040745e-05
3352,1745768454.2803674,1.103743397834478e-05
3353,1745768465.1404667,2.762378608167637e-05
3354,1745768481.4545827,6.827378911111737e-06
3355,1745768495.1806934,0.009090418927371502
3356,1745768521.5581348,2.2794836695538834e-05
3357,1745768534.3241308,1.3878454410587437e-05
3358,1745768549.4225814,6.83985635987483e-05
3359,1745768564.6558673,0.0004034267331007868
3360,1745768590.9780064,0.0007729658391326666
3361,1745768599.8457491,0.0015726119745522738
3362,1745768616.474472,0.0003529406967572868
3363,1745768635.763943,0.00010584234405541793
3364,1745768651.7047086,0.0001630064070923254
3365,1745768661.831507,0.00015027530025690794
3366,1745768674.2008867,9.72328198258765e-05
3367,1745768697.1606495,2.323996159248054e-05
3368,1745768707.4492784,2.0225963453412987e-05
3369,1745768729.9888887,4.436574090505019e-05
3370,1745768750.7748427,2.8642567485803738e-05
3371,1745768763.153388,9.513502845948096e-06
3372,1745768774.8762553,2.2956111934036016e-05
3373,1745768793.7799182,7.106192788342014e-05
3374,1745768813.1655538,5.532615978154354e-05
3375,1745768822.8978302,5.095790766063146e-05
3376,1745768843.6077938,1.1025697858713102e-05
3377,1745768859.265052,3.415398532524705e-05
3378,1745768870.4286041,0.0020151501521468163
3379,1745768891.2636724,0.0011257072910666466
3380,1745768918.5002544,1.2808206520276144e-05
3381,1745768929.491986,6.375139491865411e-05
3382,1745768940.1701162,2.6699506634031422e-05
3383,1745768959.4927924,0.00023100839462131262
3384,1745768974.6416469,2.983040758408606e-05
3385,1745768988.9939804,9.580559708410874e-05
3386,1745769015.7913475,0.014863826334476471
3387,1745769026.7868712,1.7046797438524663e-05
3388,1745769042.7698917,4.450622509466484e-05
3389,1745769056.6981323,2.1621242922265083e-05
3390,1745769073.0814111,3.765889414353296e-05
3391,1745769085.3681347,2.35832339967601e-05
3392,1745769108.8522418,2.486623816366773e-05
3393,1745769132.5370953,1.563802652526647e-05
3394,1745769150.279987,0.0002741756907198578
3395,1745769166.3625643,1.2041547051921953e-05
3396,1745769189.0463603,0.009103292599320412
3397,1745769206.6025438,6.146910163806751e-05
3398,1745769216.8313682,2.0274439521017484e-05
3399,1745769234.367175,0.00010931829456239939
3400,1745769247.3440557,0.000988077837973833
3401,1745769260.0361598,0.002039167797192931
3402,1745769269.3560328,6.051106083759805e-06
3403,1745769388.6200886,0.00046180374920368195
3404,1745769419.551929,0.00022548649576492608
3405,1745769430.6870775,3.0914325179765e-05
3406,1745769446.9108284,0.00020447108545340598
3407,1745769464.9343147,7.166306022554636e-05
3408,1745769481.787705,0.00012433553638402373
3409,1745769492.250684,4.194070788798854e-05
3410,1745769505.0566106,6.703215331071988e-05
3411,1745769516.9669938,2.677076554391533e-05
3412,1745769531.4244213,6.39292420601123e-06
3413,1745769544.6405492,0.005945086479187012
3414,1745769555.7351785,0.0006021028384566307
3415,1745769570.611755,5.3314000979298726e-05
3416,1745769581.3837044,6.322840636130422e-05
3417,1745769603.6437025,0.0001204732179758139
3418,1745769623.1127472,0.00021474903041962534
3419,1745769641.6508198,0.0004629687173292041
3420,1745769655.5427566,0.00019583616813179106
3421,1745769671.0976586,0.00040372347575612366
3422,1745769679.5538533,0.0006988901877775788
3423,1745769699.7931328,0.00010168937296839431
3424,1745769711.788299,6.763688725186512e-05
3425,1745769726.971946,3.145238588331267e-05
3426,1745769746.2244346,0.0004192770575173199
3427,1745769762.679075,9.282446262659505e-05
3428,1745769772.5301058,3.552195630618371e-05
3429,1745769794.9339359,3.664734322228469e-05
3430,1745769807.7786725,2.0247332940925844e-05
3431,1745769819.2660027,0.010374844074249268
3432,1745769835.017483,5.4154945246409625e-05
3433,1745769851.6356583,2.762263648037333e-05
3434,1745769870.7112458,4.707676998805255e-05
3435,1745769882.9524617,0.0008905319846235216
3436,1745769904.5405383,0.00022570040891878307
3437,1745769915.3909514,0.00019489882106427103
3438,1745769930.330873,0.00020253028196748346
3439,1745769939.0611,0.0005141176516190171
3440,1745769952.9009962,0.0016071494901552796
3441,1745769972.9961543,0.0013167738215997815
3442,1745769980.9187825,0.0002278841275256127
3443,1745770003.082371,0.010106268338859081
3444,1745770027.3063536,1.864017394836992e-05
3445,1745770046.602731,4.566357165458612e-05
3446,1745770053.8882718,6.072839823900722e-05
3447,1745770067.9594588,0.000525952666066587
3448,1745770089.3977568,0.00034488466917537153
3449,1745770109.542418,0.0050465757958590984
3450,1745770136.831864,0.006533184554427862
3451,1745770149.10322,0.00014019217633176595
3452,1745770169.43065,3.6291181459091604e-05
3453,1745770180.8438823,4.406563675729558e-05
3454,1745770198.2801428,9.463413152843714e-05
3455,1745770211.0423334,1.2270791557966731e-05
3456,1745770222.6662803,0.0001605084107723087
3457,1745770235.4569755,6.421145371859893e-05
3458,1745770252.7341428,0.00034271072945557535
3459,1745770267.8765292,6.305460556177422e-05
3460,1745770286.7213721,0.00010039561311714351
3461,1745770298.013986,9.723760013002902e-05
3462,1745770314.1665835,5.3756069974042475e-05
3463,1745770323.318636,0.0001977592910407111
3464,1745770337.8703966,9.524414781481028e-05
3465,1745770362.588209,0.00012245784455444664
3466,1745770373.3346689,0.00041520080412738025
3467,1745770401.216097,0.0011223600013181567
3468,1745770418.8610394,0.00019550452998373657
3469,1745770429.6481078,1.3122276868671179e-05
3470,1745770446.0266414,0.00020640094589907676
3471,1745770453.6661892,0.00029197786352597177
3472,1745770472.401561,5.4808340792078525e-05
3473,1745770479.8345194,3.0111950763966888e-05
3474,1745770492.9010036,8.285638614324853e-05
3475,1745770517.0400932,2.1944988475297578e-05
3476,1745770536.5105608,1.1384049685148057e-05
3477,1745770555.8243475,3.830622881650925e-05
3478,1745770579.3597586,0.00014025058771949261
3479,1745770597.9659603,0.00018550525419414043
3480,1745770609.831164,0.0009373902576044202
3481,1745770622.6717167,3.7020268791820854e-05
3482,1745770634.9065707,8.684800559422001e-05
3483,1745770641.2700074,2.0281422621337697e-05
3484,1745770749.041005,0.00015109089144971222
3485,1745770760.3665445,0.00012719613732770085
3486,1745770772.7779768,0.00015080775483511388
3487,1745770789.6789033,0.0002083923463942483
3488,1745770804.7325096,6.886855408083647e-05
3489,1745770814.0225446,0.00020175246754661202
3490,1745770840.1818707,0.0002806521370075643
3491,1745770865.2016714,9.574288560543209e-05
3492,1745770873.9845138,0.0001928480196511373
3493,1745770889.3213978,0.00012817300739698112
3494,1745770908.4866726,3.444089088588953e-05
3495,1745770917.579057,2.161887641705107e-05
3496,1745770933.067057,2.9979166356497444e-05
3497,1745770949.1765609,1.729729956423398e-05
3498,1745770967.186837,1.609572245797608e-05
3499,1745770989.3892322,5.9291787692927755e-06
3500,1745771000.6704373,1.690486169536598e-05
3501,1745771013.3684294,2.0632276573451236e-05
3502,1745771024.5012498,5.262348713586107e-05
3503,1745771038.9013963,4.730956788989715e-05
3504,1745771059.5470893,1.7609958376851864e-05
3505,1745771073.1360557,2.342756124562584e-05
3506,1745771087.5927455,2.7338728614267893e-05
3507,1745771095.5000825,8.624039764981717e-06
3508,1745771117.2285917,1.921073089761194e-05
3509,1745771129.7193065,7.31325917513459e-06
3510,1745771149.5747488,0.00014387596456799656
3511,1745771158.0687158,8.842507668305188e-06
3512,1745771177.8429713,7.3148748924722895e-06
3513,1745771194.8325603,1.971213805518346e-06
3514,1745771210.7408302,2.2981888832873665e-05
3515,1745771221.267434,0.0001661853166297078
3516,1745771233.9180977,9.632449291530065e-06
3517,1745771252.754364,2.77566650765948e-05
3518,1745771267.1585815,8.944678484112956e-06
3519,1745771281.5465553,1.6694457372068428e-05
3520,1745771289.3476338,8.408311259699985e-06
3521,1745771306.9689534,7.949696737341583e-06
3522,1745771316.6599674,5.853998118254822e-06
3523,1745771335.1209044,0.0001934026222443208
3524,1745771350.054532,2.126493382093031e-05
3525,1745771359.6883402,3.3553835237398744e-05
3526,1745771382.079908,2.1124438717379235e-05
3527,1745771394.877085,1.0131197086593602e-05
3528,1745771414.1523032,5.792937372461893e-06
3529,1745771434.1437776,1.8959901353809983e-05
3530,1745771450.7247953,4.060364153701812e-05
3531,1745771464.6825929,3.634147333286819e-06
3532,1745771479.1066368,5.233196134213358e-05
3533,1745771497.7021997,1.6009526007110253e-05
3534,1745771523.901935,0.00021836433734279126
3535,1745771538.2449825,7.645278856216464e-06
3536,1745771551.8382192,0.040739089250564575
3537,1745771564.5498626,5.1536320825107396e-05
3538,1745771580.3404317,0.00018367942539043725
3539,1745771599.7941406,0.00044705584878101945
3540,1745771605.7572749,0.003622631775215268
3541,1745771626.4515457,0.003425552975386381
3542,1745771638.3341823,0.001588720129802823
3543,1745771649.1505075,8.017929940251634e-05
3544,1745771663.1963506,8.532485662726685e-05
3545,1745771685.6459901,1.6301304640364833e-05
3546,1745771707.6186595,3.8526828575413674e-05
3547,1745771723.4078405,5.2708892326336354e-05
3548,1745771747.919325,0.013496526516973972
3549,1745771755.3260605,0.0012839788105338812
3550,1745771772.7968218,0.0010847527300938964
3551,1745771789.7225466,0.0012594138970598578
3552,1745771800.3847692,0.003070386126637459
3553,1745771811.799435,0.00015090608212631196
3554,1745771829.5096338,0.002110382542014122
3555,1745771852.4285934,0.00024678558111190796
3556,1745771863.905561,0.00030493218218907714
3557,1745771871.7371876,3.243627361371182e-05
3558,1745771895.4822838,7.906353857833892e-06
3559,1745771915.8924303,0.00011689693201333284
3560,1745771935.7490098,3.854980968753807e-05
3561,1745771945.9828374,8.755036105867475e-06
3562,1745771967.9995408,0.0003721216635312885
3563,1745771984.9309294,4.45668374595698e-05
3564,1745771997.9856327,2.13757607525622e-06
3565,1745772101.100233,0.0003222259692847729
3566,1745772113.479864,0.0012660692445933819
3567,1745772133.6918008,0.00013659174146596342
3568,1745772154.6300397,0.0005050530890002847
3569,1745772165.4725032,0.0005955120432190597
3570,1745772182.994533,5.4476262448588386e-05
3571,1745772194.0148451,0.0003658703062683344
3572,1745772209.9135551,3.64613879355602e-05
3573,1745772221.6757164,7.369073864538223e-05
3574,1745772240.6849515,0.00011208500654902309
3575,1745772254.371207,0.00025636822101660073
3576,1745772266.2008111,0.0001260114659089595
3577,1745772283.0457692,0.00039236736483871937
3578,1745772295.6625574,0.004419365432113409
3579,1745772307.3252869,0.000135584210511297
3580,1745772330.8250256,9.49865352595225e-05
3581,1745772346.698718,1.6905232769204304e-05
3582,1745772355.261514,2.2186939531820826e-05
3583,1745772372.3916912,8.046138827921823e-05
3584,1745772394.6402562,3.190665665897541e-05
3585,1745772426.7128558,0.001890519866719842
3586,1745772437.9573042,0.00012261532538104802
3587,1745772452.0789933,4.473239096114412e-05
3588,1745772469.6599574,0.00021259846107568592
3589,1745772490.6956239,0.00021425809245556593
3590,1745772503.4315581,1.2069090189470444e-05
3591,1745772521.9457047,5.971826612949371e-05
3592,1745772532.1979637,4.812694896827452e-05
3593,1745772540.4589078,0.00011444728443166241
3594,1745772559.291324,0.00032357691088691354
3595,1745772573.3363054,3.662859307951294e-05
3596,1745772593.8386753,4.085061664227396e-05
3597,1745772603.1796157,0.016603248193860054
3598,1745772632.9912732,0.00012301748211029917
3599,1745772651.628778,5.7285917137051e-05
3600,1745772674.8459358,2.9751721740467474e-05
3601,1745772685.6598227,0.006202157586812973
3602,1745772696.3111382,0.0008759472402743995
3603,1745772713.260793,7.154297782108188e-05
3604,1745772729.8276544,0.0022118142805993557
3605,1745772742.721044,0.0014440052909776568
3606,1745772762.8954995,6.338072853395715e-05
3607,1745772780.7915535,5.984797826386057e-05
3608,1745772805.7533646,3.076322900597006e-05
3609,1745772814.1238592,3.1331557693192735e-05
3610,1745772834.7444823,2.2686535885441117e-05
3611,1745772847.2409215,0.0003084250492975116
3612,1745772862.021359,0.000257579842582345
3613,1745772880.8648348,0.00026612079818733037
3614,1745772889.7093542,0.00020556454546749592
3615,1745772903.7429886,9.972490079235286e-05
3616,1745772917.7540915,0.0002951377537101507
3617,1745772938.9091115,0.00012987408263143152
3618,1745772956.068286,0.00014950221520848572
3619,1745772964.8604374,4.705074388766661e-05
3620,1745772983.9079847,0.00020102964481338859
3621,1745772996.4233205,0.0001221072016051039
3622,1745773010.729519,5.780056380899623e-05
3623,1745773027.2649186,0.0001348910591332242
3624,1745773040.4318383,0.0001903826923808083
3625,1745773053.424432,0.00012312730541452765
3626,1745773069.2387733,0.0003766577283386141
3627,1745773078.8779225,0.00015607957902830094
3628,1745773092.4888883,0.0004903212538920343
3629,1745773109.4423616,0.02621936798095703
3630,1745773117.7661908,7.780009036650881e-05
3631,1745773138.0133157,5.7979010307462886e-05
3632,1745773147.6978896,0.00015246619295794517
3633,1745773167.4854882,0.0026166376192122698
3634,1745773184.0152028,8.771051216172054e-05
3635,1745773198.0651698,0.00016713161312509328
3636,1745773220.8532984,3.4822383895516396e-05
3637,1745773231.5730467,1.211910512211034e-05
3638,1745773250.9370472,0.00014386330440174788
3639,1745773267.8062205,9.741706162458286e-05
3640,1745773284.2137444,0.00019534604507498443
3641,1745773296.9722056,9.157200111076236e-06
3642,1745773309.8707683,3.889438448823057e-05
3643,1745773331.742348,1.7346537788398564e-05
3644,1745773354.1555269,1.092236561817117e-05
3645,1745773361.8820713,3.193107477272861e-05
3646,1745773464.1355345,8.915718353819102e-05
3647,1745773480.927299,2.2751684809918515e-05
3648,1745773491.1286292,0.00017625954933464527
3649,1745773514.749932,3.9216960431076586e-05
3650,1745773532.4235373,1.8333814296056516e-05
3651,1745773548.3679962,2.735693851718679e-05
3652,1745773569.5550923,2.1245046809781343e-05
3653,1745773596.7118466,0.00010609207674860954
3654,1745773616.0019376,4.099045690963976e-05
3655,1745773624.374882,0.00010680645209504291
3656,1745773639.7449105,1.295189304073574e-05
3657,1745773656.915595,4.853227437706664e-05
3658,1745773664.678895,1.3690379091713112e-05
3659,1745773689.018555,2.402442078164313e-05
3660,1745773701.8781781,3.6077213735552505e-05
3661,1745773712.9176219,4.454830923350528e-05
3662,1745773725.1695669,2.028167546086479e-05
3663,1745773743.4448764,7.307192572625354e-05
3664,1745773753.5778246,1.3543161003326531e-05
3665,1745773765.5534437,7.447222742484882e-05
3666,1745773781.1580884,2.2795369659434073e-05
3667,1745773794.34028,0.0002510477206669748
3668,1745773803.4043093,1.17448062155745e-05
3669,1745773812.7570076,0.00012404027802404016
3670,1745773828.3230598,7.262325379997492e-05
3671,1745773837.926163,3.686177296913229e-05
3672,1745773854.362139,6.354115612339228e-05
3673,1745773863.480295,5.24504212080501e-05
3674,1745773869.953723,1.6571206288062967e-05
3675,1745773894.3743956,9.803070133784786e-05
3676,1745773914.5616665,3.402418951736763e-05
3677,1745773925.7547638,7.735105100437067e-06
3678,1745773950.0876594,1.4606892364099622e-05
3679,1745773970.7134805,5.646515273838304e-05
3680,1745773986.8894973,2.900354411394801e-05
3681,1745774001.584712,2.728613981162198e-05
3682,1745774020.237814,0.0007973025785759091
3683,1745774032.204004,3.0969658837420866e-05
3684,1745774043.4491622,1.3355942428461276e-05
3685,1745774052.714365,3.333017957629636e-05
3686,1745774084.9415743,0.0008989601628854871
3687,1745774108.1785743,8.781870565144345e-05
3688,1745774120.6225297,2.4884620870579965e-05
3689,1745774137.0787933,2.757294350885786e-05
3690,1745774153.3837473,6.632970325881615e-05
3691,1745774169.876918,2.6581843485473655e-05
3692,1745774197.4446242,5.87023350817617e-05
3693,1745774214.9231327,0.0011936972150579095
3694,1745774231.3293118,5.517432509805076e-05
3695,1745774251.666551,1.737451930239331e-05
3696,1745774270.033291,7.65715740271844e-05
3697,1745774283.400963,2.6685098418965936e-05
3698,1745774299.0775852,0.0014971335185691714
3699,1745774311.868931,3.6035020457347855e-05
3700,1745774322.4974706,4.2958530684700236e-05
3701,1745774341.25966,2.869717172870878e-05
3702,1745774356.1670928,6.1290120356716216e-06
3703,1745774370.451538,1.8967662981594913e-05
3704,1745774382.5558152,1.850549415394198e-05
3705,1745774397.7345111,1.9388209693715908e-05
3706,1745774413.624185,7.383298361673951e-05
3707,1745774434.84025,0.004646717570722103
3708,1745774446.5318885,6.237163324840367e-05
3709,1745774460.41981,0.0001353270490653813
3710,1745774485.8395033,2.997139199578669e-05
3711,1745774495.0616817,0.00018378422828391194
3712,1745774515.5180483,1.747012538544368e-05
3713,1745774529.490001,4.2561870941426605e-05
3714,1745774537.827295,9.65627532423241e-06
3715,1745774550.1532192,1.616476038179826e-05
3716,1745774562.5493054,0.00010652665514498949
3717,1745774582.0009508,3.322337943245657e-05
3718,1745774593.5322669,0.00012970794341526926
3719,1745774610.4478526,5.077117384644225e-05
3720,1745774621.1054327,2.3247775970958173e-05
3721,1745774633.9877825,1.5102776160347275e-05
3722,1745774655.3965015,0.0044202301651239395
3723,1745774674.0505378,7.861258927732706e-05
3724,1745774692.1505363,4.540259760688059e-05
3725,1745774701.851438,6.442927406169474e-05
3726,1745774708.8969347,9.477115963818505e-05
3727,1745774805.1080568,3.990626646555029e-05
3728,1745774816.2487483,1.2596323358593509e-05
3729,1745774833.037353,2.4858642063918523e-05
3730,1745774848.2625544,5.7442000979790464e-05
3731,1745774867.3708467,9.325824066763744e-05
3732,1745774887.1811593,1.4214588190952782e-05
3733,1745774903.1268272,1.2527282706287224e-05
3734,1745774915.2915564,2.0816029064008035e-05
3735,1745774939.5195389,1.053527375916019e-05
3736,1745774960.2111871,2.9114784410921857e-05
3737,1745774976.0540693,1.3858242709829938e-05
3738,1745774992.6514955,3.454769466770813e-05
3739,1745775002.6767561,2.4190128897316754e-05
3740,1745775018.5498707,0.0001809669629437849
3741,1745775040.6716812,0.008614741265773773
3742,1745775054.2575166,2.370534093643073e-05
3743,1745775069.2527018,6.317397492239252e-05
3744,1745775080.4081671,0.0011344562517479062
3745,1745775103.9142737,0.00101696967612952
3746,1745775128.23971,8.092632197076455e-05
3747,1745775147.1927774,0.00015882740262895823
3748,1745775164.4073036,2.1620286133838817e-05
3749,1745775176.1324384,0.00024037346884142607
3750,1745775188.287459,2.8046226361766458e-05
3751,1745775198.764825,2.135943759640213e-05
3752,1745775212.6223807,4.9059475713875145e-05
3753,1745775247.4780843,2.1620735424221493e-05
3754,1745775272.0170383,4.1134542698273435e-05
3755,1745775292.1233633,2.50324828812154e-05
3756,1745775300.2666326,3.089650272158906e-05
3757,1745775319.0266361,7.728149284957908e-06
3758,1745775343.5492523,0.00010574451880529523
3759,1745775366.7115703,0.0046371109783649445
3760,1745775386.0025396,3.0567709472961724e-05
3761,1745775398.779996,0.0004507389385253191
3762,1745775412.8911602,0.0002687064406927675
3763,1745775429.5979047,0.00011059035023208708
3764,1745775446.3117104,0.00013806398783344775
3765,1745775460.4529471,0.00014795910101383924
3766,1745775473.2782927,0.00018345708667766303
3767,1745775489.5079596,0.00024727394338697195
3768,1745775504.3312716,7.633474888280034e-05
3769,1745775525.732826,9.003990271594375e-05
3770,1745775541.5689952,0.0001306668418692425
3771,1745775556.1878378,0.00017042452236637473
3772,1745775571.6970222,0.00021712844318244606
3773,1745775590.1108086,5.131995567353442e-05
3774,1745775606.010539,3.8953734474489465e-05
3775,1745775613.2618499,0.00015234311285894364
3776,1745775633.9487967,3.5641911381389946e-05
3777,1745775640.2857797,1.7323889551335014e-05
3778,1745775662.2008488,6.967244553379714e-05
3779,1745775690.1007721,1.9622120817075484e-05
3780,1745775697.3006973,1.40858373924857e-05
3781,1745775716.9997392,1.0290338650520425e-05
3782,1745775727.7009642,0.007407746277749538
3783,1745775741.2570176,3.904457844328135e-05
3784,1745775755.519974,1.9583912944654003e-05
3785,1745775768.266965,1.98336347239092e-05
3786,1745775785.4484367,4.386050932225771e-05
3787,1745775799.3065577,1.3228265743236989e-05
3788,1745775808.8059442,5.661755039909622e-06
3789,1745775823.7476099,4.636221274267882e-05
3790,1745775843.0605714,3.691816527862102e-05
3791,1745775859.7522051,2.760690222203266e-05
3792,1745775869.7606905,4.60508672404103e-05
3793,1745775879.7329097,2.787972152873408e-05
3794,1745775898.8511865,8.450678433291614e-05
3795,1745775910.9119751,6.865760224172845e-05
3796,1745775931.3475835,6.486899656010792e-05
3797,1745775939.080324,2.170349489460932e-06
3798,1745775958.4426193,8.50331925903447e-05
3799,1745775970.526748,3.229072171961889e-05
3800,1745775985.32196,3.090576865361072e-05
3801,1745776003.9625602,7.2053494477586355e-06
3802,1745776011.704635,9.113066880672704e-06
3803,1745776030.2170303,7.278774137375876e-05
3804,1745776047.8274035,2.356855293328408e-05
3805,1745776058.6068912,7.385479875665624e-06
3806,1745776073.327301,6.558104360010475e-05
3807,1745776082.4269714,8.151317160809413e-06
3808,1745776180.9167297,1.9261855413787998e-05
3809,1745776201.3048391,2.401754136371892e-05
3810,1745776208.3398645,2.4791841497062705e-05
3811,1745776228.7657425,1.3416117326414678e-05
3812,1745776240.1308022,1.7476848370279185e-05
3813,1745776251.4282055,1.0079982530442066e-05
3814,1745776269.8834977,5.06550577483722e-06
3815,1745776292.7308726,3.703606853378005e-05
3816,1745776306.620579,0.002140413038432598
3817,1745776318.1005058,2.630789458635263e-05
3818,1745776330.4591756,9.327070074505173e-06
3819,1745776357.6906385,7.707387339905836e-06
3820,1745776368.2356234,2.0499002857832238e-05
3821,1745776391.248609,5.68561335967388e-05
3822,1745776407.2470026,7.367161288129864e-06
3823,1745776420.7950816,3.209467831766233e-05
3824,1745776430.35127,9.40181689657038e-06
3825,1745776457.3006232,1.6024358046706766e-05
3826,1745776474.02199,3.0364415579242632e-05
3827,1745776495.969126,1.188310397992609e-05
3828,1745776509.0372543,1.2323586815909948e-05
3829,1745776520.0533254,3.436396946199238e-05
3830,1745776528.174955,8.465094651910476e-06
3831,1745776547.2248847,3.618044047470903e-06
3832,1745776562.3411963,1.5964753401931375e-05
3833,1745776579.4826443,7.899091542640235e-06
3834,1745776588.3823767,1.5558978702756576e-05
3835,1745776602.4626658,9.40971676754998e-06
3836,1745776622.5552685,3.3494914077891735e-06
3837,1745776644.2392821,8.30484350444749e-05
3838,1745776663.5129514,9.151275298791006e-05
3839,1745776680.8730886,4.6575987653341144e-06
3840,1745776692.2442713,6.0062852753617335e-06
3841,1745776718.1147985,0.008281858637928963
3842,1745776729.913749,6.527605000883341e-05
3843,1745776752.7762544,2.4718785425648093e-05
3844,1745776763.32949,8.665186032885686e-05
3845,1745776782.659658,0.001023727236315608
3846,1745776794.9040148,3.808793917414732e-05
3847,1745776804.6317492,6.231461156858131e-05
3848,1745776817.376566,4.574370450427523e-06
3849,1745776836.0535586,7.383120646409225e-06
3850,1745776850.0181506,3.4866792702814564e-05
3851,1745776865.1219766,7.73517822381109e-05
3852,1745776886.8835647,4.849884135182947e-05
3853,1745776899.3141656,3.8442718505393714e-05
3854,1745776921.7835684,2.1655188902514055e-05
3855,1745776949.1670482,1.637675813981332e-05
3856,1745776967.1613665,1.212474217027193e-05
3857,1745776984.9195302,0.00012477395648602396
3858,1745777003.547589,8.94366530701518e-06
3859,1745777027.8812113,5.471483018482104e-05
3860,1745777060.2872305,3.4397432955302065e-06
3861,1745777088.346559,1.8081325833918527e-05
3862,1745777108.9976454,3.369269325048663e-05
3863,1745777134.78453,1.4856122106721159e-05
3864,1745777160.9819918,1.8943857867270708e-05
3865,1745777189.6650407,1.7882532119983807e-05
3866,1745777220.278118,1.1555137461982667e-05
3867,1745777247.025624,1.0438640856591519e-05
3868,1745777264.152104,3.0382807381101884e-05
3869,1745777288.42108,4.569232714857208e-06
3870,1745777314.51539,2.839665648934897e-05
3871,1745777341.2021277,3.5146691516274586e-05
3872,1745777364.7731318,3.147918278045836e-06
3873,1745777389.651619,1.5328098015743308e-05
3874,1745777413.839163,8.834426262183115e-05
3875,1745777441.8724332,0.0028476847801357508
3876,1745777471.6279247,0.00841895118355751
3877,1745777499.3404744,2.1834241124452092e-05
3878,1745777526.96385,2.9392796932370402e-05
3879,1745777553.985219,2.2590822482015938e-05
3880,1745777579.5865047,0.0001445380476070568
3881,1745777606.8203998,0.00012763879203703254
3882,1745777632.9802341,4.176478978479281e-05
3883,1745777662.8573751,0.0008842349634505808
3884,1745777693.038558,0.0006510312668979168
3885,1745777715.533489,0.0002135005488526076
3886,1745777740.6158843,5.1855913625331596e-05
3887,1745777771.3946528,8.346645336132497e-05
3888,1745777779.5477307,1.6639258319628425e-05
3889,1745778018.897857,4.129075023229234e-05
3890,1745778051.0810518,0.00042463940917514265
3891,1745778077.5225077,4.619116589310579e-05
3892,1745778104.7491324,1.4644482689618599e-05
3893,1745778130.6163828,3.3994725527008995e-05
3894,1745778156.83144,1.076282023859676e-05
3895,1745778182.6383464,0.003593150759115815
3896,1745778209.5530546,6.50489982945146e-06
3897,1745778236.5858839,3.726795330294408e-05
3898,1745778272.8864071,0.00011143654410261661
3899,1745778289.0866323,3.128482785541564e-05
3900,1745778312.2002344,0.00018931186059489846
3901,1745778339.9891691,0.00012418227561283857
3902,1745778375.4812791,2.7059000785811804e-05
3903,1745778403.3692682,4.5400141971185803e-05
3904,1745778422.7552204,4.66915917058941e-05
3905,1745778446.8854527,0.00035095278872177005
3906,1745778476.5990503,0.0003673643514048308
3907,1745778503.423002,0.0003277998184785247
3908,1745778533.6767612,0.00021023571025580168
3909,1745778548.4257734,1.282416906178696e-05
3910,1745778573.447834,2.0695384591817856e-05
3911,1745778603.8511837,0.018651844933629036
3912,1745778641.0042274,9.182895155390725e-05
3913,1745778676.3886244,4.898479801340727e-06
3914,1745778694.9335012,8.108443580567837e-06
3915,1745778720.8090065,5.071187479188666e-05
3916,1745778745.3005846,1.228766268468462e-05
3917,1745778781.2969613,8.984554369817488e-06
3918,1745778803.0856442,1.2059178516210523e-05
3919,1745778819.294558,6.13959928159602e-05
3920,1745778854.6730149,2.6328811145504005e-05
3921,1745778874.2815857,2.3261673050001264e-05
3922,1745778900.2602484,3.8362009945558384e-05
3923,1745778932.0979502,3.758137609111145e-05
3924,1745778972.7853901,3.252560782129876e-05
3925,1745778996.408943,3.054723856621422e-05
3926,1745779021.3551493,1.706190778349992e-05
3927,1745779055.067181,0.00010367372306063771
3928,1745779077.1041603,2.521958049328532e-05
3929,1745779101.73849,1.3241046872281004e-05
3930,1745779131.8093529,2.2466840164270252e-05
3931,1745779158.0196729,5.6280950957443565e-05
3932,1745779185.2433898,2.5638360966695473e-05
3933,1745779209.7111135,1.7491318430984393e-05
3934,1745779238.349658,1.1261551662755664e-05
3935,1745779269.384603,2.2943881049286574e-05
3936,1745779300.8385665,3.276564530096948e-05
3937,1745779313.805886,5.1640457968460396e-05
3938,1745779345.7027225,1.5039072422950994e-05
3939,1745779374.7108092,2.9609720513690263e-05
3940,1745779408.8118513,1.781860009941738e-05
3941,1745779440.3103633,1.5852758224355057e-05
3942,1745779469.3181255,2.1860570996068418e-05
3943,1745779503.5692925,8.811427687760442e-05
3944,1745779528.0108368,1.3985893019707873e-05
3945,1745779554.3833938,1.4851043488306459e-05
3946,1745779574.6371355,1.6220992620219477e-05
3947,1745779601.9327116,1.0179178389080334e-05
3948,1745779631.613953,9.495458471064921e-06
3949,1745779668.4467392,1.3948680134490132e-05
3950,1745779679.5932384,8.579962013754994e-06
3951,1745779707.5279176,0.010370614007115364
3952,1745779737.9992585,1.1287049346719868e-05
3953,1745779771.703991,1.947552664205432e-05
3954,1745779778.8007398,6.573272003151942e-06
3955,1745779814.9699578,1.4627966265834402e-05
3956,1745779839.1474223,1.866040111053735e-05
3957,1745779864.6170182,1.0003542229242157e-05
3958,1745779892.2480388,1.5901738152024336e-05
3959,1745779928.144418,1.2171663001936395e-05
3960,1745779961.5012555,0.012775575742125511
3961,1745779993.557736,9.331508408649825e-06
3962,1745780027.8386478,2.5003710106830113e-05
3963,1745780058.3473523,1.3020875485381112e-05
3964,1745780093.5991614,0.00048400007653981447
3965,1745780121.7937675,4.813501800526865e-05
3966,1745780143.7177806,0.00018548211664892733
3967,1745780167.5168803,2.1311832824721932e-05
3968,1745780193.9813094,0.0002153612149413675
3969,1745780207.4816697,9.087973012356088e-06
3970,1745780450.8883915,0.016710730269551277
3971,1745780481.1027763,4.999841985409148e-05
3972,1745780511.341486,3.0395423891604878e-05
3973,1745780538.9841847,1.8451572032063268e-05
3974,1745780565.6563673,1.6412712284363806e-05
3975,1745780581.7847958,1.502111081208568e-05
3976,1745780614.2916682,3.924777411157265e-05
3977,1745780647.3921022,0.00325290416367352
3978,1745780678.1439745,1.5383386198664084e-05
3979,1745780706.9046226,1.6144125766004436e-05
3980,1745780720.386627,1.1983457625319716e-05
3981,1745780750.6505363,3.662158269435167e-05
3982,1745780777.5970998,0.00023558683460578322
3983,1745780808.1666744,9.942186443367973e-05
3984,1745780824.898877,4.127240754314698e-05
3985,1745780850.1991699,5.8488578360993415e-05
3986,1745780876.031848,0.00014256025315262377
3987,1745780901.940674,0.00365608767606318
3988,1745780930.868416,0.015377094969153404
3989,1745780960.2450907,2.2120486391941085e-05
3990,1745780983.7282798,2.050408284048899e-06
3991,1745781008.127865,9.140811016550288e-05
3992,1745781034.1707845,9.132003469858319e-05
3993,1745781065.5702498,0.0005103182047605515
3994,1745781092.5393026,0.0007666660821996629
3995,1745781134.2721686,0.0004605669528245926
3996,1745781167.7283025,0.0003977589658461511
3997,1745781184.269684,0.0004205243312753737
3998,1745781214.0826623,5.364781463867985e-05
3999,1745781242.9103413,0.00037570641143247485
4000,1745781271.1264722,0.00030207683448679745
4001,1745781298.4754996,0.00014140507846605033
4002,1745781330.3240073,0.0002197266003349796
4003,1745781339.4977598,5.420656179921934e-06
4004,1745781368.3230212,6.770528852939606e-05
4005,1745781385.8223288,1.5870426068431698e-05
4006,1745781419.3254948,4.0970786358229816e-05
4007,1745781446.0354426,4.407500819070265e-05
4008,1745781470.640602,3.8149955798871815e-05
4009,1745781497.5904832,2.3769103790982626e-05
4010,1745781522.4320166,5.5612534197280183e-05
4011,1745781543.7445676,3.5634646337712184e-05
4012,1745781567.9076872,3.210309296264313e-05
4013,1745781594.1530704,8.441269892500713e-05
4014,1745781620.23873,8.699567842995748e-05
4015,1745781645.537624,3.723994086612947e-05
4016,1745781676.2060924,0.0001283768651774153
4017,1745781701.0775747,0.0001446262904210016
4018,1745781715.8153927,6.517256406368688e-05
4019,1745781739.2470133,1.758381949912291e-05
4020,1745781760.7737708,0.0001221969141624868
4021,1745781779.3177674,2.1058232960058376e-05
4022,1745781807.090278,2.3533708372269757e-05
4023,1745781841.427141,4.4982163672102615e-05
4024,1745781865.5181026,6.2297021941049024e-06
4025,1745781891.4245133,1.1951159649470355e-05
4026,1745781913.480224,2.2466672817245126e-05
4027,1745781930.7105489,2.4540106096537784e-05
4028,1745781950.0754468,7.281875696207862e-06
4029,1745781970.780041,2.3642573069082573e-05
4030,1745781999.8066947,1.3242351087683346e-05
4031,1745782013.310871,1.0038311302196234e-05
4032,1745782035.7598615,2.6555982913123444e-05
4033,1745782062.14627,1.521005015092669e-05
4034,1745782084.2199771,1.3672447494172957e-05
4035,1745782107.480629,1.961450652743224e-05
4036,1745782135.7461054,2.567624324001372e-05
4037,1745782162.1578052,9.15677628654521e-06
4038,1745782184.8047218,1.4175790965964552e-05
4039,1745782208.689922,1.276788862014655e-05
4040,1745782233.956226,9.107091500482056e-06
4041,1745782256.7656894,3.6079938581679016e-05
4042,1745782263.8644345,1.0247028512821998e-05
4043,1745782283.2649636,0.009306233376264572
4044,1745782300.9785373,3.065038254135288e-05
4045,1745782318.0237627,1.8218723198515363e-05
4046,1745782333.6405056,6.1997220655030105e-06
4047,1745782349.224544,9.423925803275779e-05
4048,1745782370.0862684,1.2094054909539409e-05
4049,1745782383.7364068,1.6688070900272578e-05
4050,1745782392.752771,8.606188202975318e-05
