step,wall_time,value
1,1745681226.3285704,1.2195122245373113e-08
2,1745681244.318025,2.4390244490746227e-08
3,1745681251.564976,3.658536584794092e-08
4,1745681270.2197807,4.8780488981492454e-08
5,1745681288.478423,6.097560856233031e-08
6,1745681298.0933568,7.317073169588184e-08
7,1745681309.3715894,8.536585482943337e-08
8,1745681326.8285124,9.756097796298491e-08
9,1745681333.7565498,1.0975610109653644e-07
10,1745681345.0476274,1.2195121712466062e-07
11,1745681354.1465828,1.341463473636395e-07
12,1745681367.9916692,1.4634146339176368e-07
13,1745681385.9834151,1.5853657941988786e-07
14,1745681397.324414,1.7073170965886675e-07
15,1745681416.4771535,1.8292682568699092e-07
16,1745681422.0068085,1.9512195592596981e-07
17,1745681440.8889828,2.07317071954094e-07
18,1745681455.9998527,2.1951220219307288e-07
19,1745681471.620126,2.3170731822119706e-07
20,1745681486.080026,2.4390243424932123e-07
21,1745681502.9383385,2.560975644883001e-07
22,1745681531.9698062,2.68292694727279e-07
23,1745681541.9405081,2.8048779654454847e-07
24,1745681558.7581737,2.9268292678352736e-07
25,1745681573.4055727,3.0487805702250625e-07
26,1745681582.7797904,3.170731588397757e-07
27,1745681598.8345482,3.292682890787546e-07
28,1745681611.9969673,3.414634193177335e-07
29,1745681619.0717158,3.536585495567124e-07
30,1745681633.4278612,3.6585365137398185e-07
31,1745681652.5369709,3.7804878161296074e-07
32,1745681668.6041703,3.9024391185193963e-07
33,1745681685.799334,4.024390136692091e-07
34,1745681698.9021063,4.14634143908188e-07
35,1745681714.2558599,4.2682927414716687e-07
36,1745681727.708958,4.3902440438614576e-07
37,1745681743.0518398,4.512195062034152e-07
38,1745681760.821772,4.634146364423941e-07
39,1745681784.605544,4.75609766681373e-07
40,1745681798.6459284,4.878048684986425e-07
41,1745681806.3049831,4.999999987376214e-07
42,1745681820.1529486,5.121951289766002e-07
43,1745681831.0938222,5.243902592155791e-07
44,1745681845.697099,5.36585389454558e-07
45,1745681853.2856834,5.487804628501181e-07
46,1745681870.7155733,5.609755930890969e-07
47,1745681887.9237852,5.731707233280758e-07
48,1745681897.6282725,5.853658535670547e-07
49,1745681910.245225,5.975609838060336e-07
50,1745681921.7575152,6.097561140450125e-07
51,1745681934.4197788,6.219512442839914e-07
52,1745681942.2530997,6.341463176795514e-07
53,1745681960.8978302,6.463414479185303e-07
54,1745681974.2904985,6.585365781575092e-07
55,1745681988.722948,6.707317083964881e-07
56,1745682008.4261732,6.82926838635467e-07
57,1745682013.7531693,6.951219688744459e-07
58,1745682025.8400564,7.073170991134248e-07
59,1745682036.8075783,7.195121725089848e-07
60,1745682051.1787753,7.317073027479637e-07
61,1745682067.5010056,7.439024329869426e-07
62,1745682078.4960763,7.560975632259215e-07
63,1745682092.7786431,7.682926934649004e-07
64,1745682104.3638897,7.804878237038793e-07
65,1745682114.186192,7.926829539428581e-07
66,1745682124.9999971,8.048780273384182e-07
67,1745682132.1086304,8.170731575773971e-07
68,1745682148.7678185,8.29268287816376e-07
69,1745682167.0331507,8.414634180553549e-07
70,1745682176.2493238,8.536585482943337e-07
71,1745682188.1607049,8.658536785333126e-07
72,1745682200.193727,8.780488087722915e-07
73,1745682213.4916494,8.902438821678516e-07
74,1745682228.1377966,9.024390124068304e-07
75,1745682233.4663017,9.146341426458093e-07
76,1745682246.9615786,9.268292728847882e-07
77,1745682255.3607903,9.390244031237671e-07
78,1745682262.9005036,9.51219533362746e-07
79,1745682275.2919025,9.63414663601725e-07
80,1745682282.7789557,9.75609736997285e-07
81,1745682293.1706977,9.878049240796827e-07
82,1745682297.545673,9.999999974752427e-07
83,1745682408.566549,1.0121950708708027e-06
84,1745682428.7566767,1.0243902579532005e-06
85,1745682438.6010468,1.0365853313487605e-06
86,1745682449.1149395,1.0487805184311583e-06
87,1745682460.5573962,1.0609755918267183e-06
88,1745682470.5408263,1.073170778909116e-06
89,1745682481.8305182,1.085365852304676e-06
90,1745682495.1283474,1.0975609257002361e-06
91,1745682504.750202,1.1097561127826339e-06
92,1745682510.3301609,1.1219511861781939e-06
93,1745682527.934003,1.1341463732605916e-06
94,1745682537.4794068,1.1463414466561517e-06
95,1745682559.07801,1.1585366337385494e-06
96,1745682564.1233718,1.1707317071341095e-06
97,1745682587.1984427,1.1829267805296695e-06
98,1745682603.220893,1.1951219676120672e-06
99,1745682611.463441,1.2073170410076273e-06
100,1745682631.3590372,1.219512228090025e-06
101,1745682651.8803098,1.231707301485585e-06
102,1745682664.5117428,1.2439024885679828e-06
103,1745682674.2933493,1.2560975619635428e-06
104,1745682687.7878554,1.2682926353591029e-06
105,1745682699.4103372,1.2804878224415006e-06
106,1745682714.9563775,1.2926828958370606e-06
107,1745682725.383399,1.3048780829194584e-06
108,1745682737.6731408,1.3170731563150184e-06
109,1745682755.467354,1.3292683433974162e-06
110,1745682764.3085487,1.3414634167929762e-06
111,1745682782.7943115,1.3536584901885362e-06
112,1745682788.0717788,1.365853677270934e-06
113,1745682807.3340936,1.378048750666494e-06
114,1745682816.075854,1.3902439377488918e-06
115,1745682833.321262,1.4024390111444518e-06
116,1745682840.515323,1.4146341982268495e-06
117,1745682848.8566854,1.4268292716224096e-06
118,1745682859.7294772,1.4390243450179696e-06
119,1745682877.04316,1.4512195321003674e-06
120,1745682894.7290847,1.4634146054959274e-06
121,1745682903.9537592,1.4756097925783251e-06
122,1745682923.0958712,1.4878048659738852e-06
123,1745682934.9955168,1.500000053056283e-06
124,1745682945.5280526,1.512195126451843e-06
125,1745682957.4702814,1.524390199847403e-06
126,1745682968.647426,1.5365853869298007e-06
127,1745682982.9062462,1.5487804603253608e-06
128,1745682994.600789,1.5609756474077585e-06
129,1745683014.355904,1.5731707208033185e-06
130,1745683026.698567,1.5853659078857163e-06
131,1745683038.9982598,1.5975609812812763e-06
132,1745683061.7894187,1.6097560546768364e-06
133,1745683077.8413332,1.6219512417592341e-06
134,1745683089.6515834,1.6341463151547941e-06
135,1745683111.276059,1.6463415022371919e-06
136,1745683120.2686093,1.658536575632752e-06
137,1745683137.7110794,1.6707317627151497e-06
138,1745683145.4324155,1.6829268361107097e-06
139,1745683155.04701,1.6951219095062697e-06
140,1745683162.5365715,1.7073170965886675e-06
141,1745683177.9113548,1.7195121699842275e-06
142,1745683190.5926642,1.7317073570666253e-06
143,1745683204.2220197,1.7439024304621853e-06
144,1745683222.0020473,1.756097617544583e-06
145,1745683243.983392,1.768292690940143e-06
146,1745683253.6278496,1.780487764335703e-06
147,1745683267.6345332,1.7926829514181009e-06
148,1745683277.7172306,1.8048780248136609e-06
149,1745683285.4511733,1.8170732118960586e-06
150,1745683302.1135664,1.8292682852916187e-06
151,1745683308.3354537,1.8414633586871787e-06
152,1745683322.325298,1.8536585457695764e-06
153,1745683334.5926335,1.8658536191651365e-06
154,1745683345.6706777,1.8780488062475342e-06
155,1745683355.6366365,1.8902438796430943e-06
156,1745683365.184864,1.902439066725492e-06
157,1745683381.3706903,1.914634140121052e-06
158,1745683391.6626308,1.92682932720345e-06
159,1745683403.3310692,1.939024286912172e-06
160,1745683412.2832422,1.95121947399457e-06
161,1745683436.6174679,1.9634146610769676e-06
162,1745683447.9611251,1.9756098481593654e-06
163,1745683463.2283657,1.9878048078680877e-06
164,1745683470.2218766,1.9999999949504854e-06
165,1745683563.634221,2.012195182032883e-06
166,1745683573.1747491,2.0243901417416055e-06
167,1745683589.9171395,2.0365853288240032e-06
168,1745683608.5038464,2.048780515906401e-06
169,1745683616.004683,2.0609757029887987e-06
170,1745683629.1473172,2.073170662697521e-06
171,1745683637.1174614,2.085365849779919e-06
172,1745683653.714745,2.0975610368623165e-06
173,1745683674.784222,2.109755996571039e-06
174,1745683695.915139,2.1219511836534366e-06
175,1745683707.868233,2.1341463707358344e-06
176,1745683714.7641623,2.146341557818232e-06
177,1745683732.007757,2.1585365175269544e-06
178,1745683739.4308589,2.170731704609352e-06
179,1745683753.8257053,2.18292689169175e-06
180,1745683775.0300615,2.1951218514004722e-06
181,1745683788.8597374,2.20731703848287e-06
182,1745683797.6573596,2.2195122255652677e-06
183,1745683817.3365521,2.2317074126476655e-06
184,1745683838.6912198,2.2439023723563878e-06
185,1745683856.6045823,2.2560975594387855e-06
186,1745683865.9659312,2.2682927465211833e-06
187,1745683876.4656901,2.2804877062299056e-06
188,1745683883.5524857,2.2926828933123033e-06
189,1745683896.7055051,2.304878080394701e-06
190,1745683914.1633866,2.317073267477099e-06
191,1745683921.2243426,2.329268227185821e-06
192,1745683936.5483243,2.341463414268219e-06
193,1745683952.4592862,2.3536586013506167e-06
194,1745683968.1989734,2.365853561059339e-06
195,1745683981.7865603,2.3780487481417367e-06
196,1745683990.1494927,2.3902439352241345e-06
197,1745684004.8804471,2.4024391223065322e-06
198,1745684011.0248244,2.4146340820152545e-06
199,1745684023.5585365,2.4268292690976523e-06
200,1745684036.482919,2.43902445618005e-06
201,1745684052.4837883,2.4512194158887723e-06
202,1745684061.1227832,2.46341460297117e-06
203,1745684074.8269181,2.475609790053568e-06
204,1745684084.1990817,2.4878049771359656e-06
205,1745684104.2624722,2.499999936844688e-06
206,1745684117.6465607,2.5121951239270857e-06
207,1745684125.7724218,2.5243903110094834e-06
208,1745684145.7111757,2.5365852707182057e-06
209,1745684159.2907891,2.5487804578006035e-06
210,1745684168.9263353,2.5609756448830012e-06
211,1745684182.9334905,2.573170831965399e-06
212,1745684197.8922298,2.5853657916741213e-06
213,1745684206.1578531,2.597560978756519e-06
214,1745684219.4101872,2.6097561658389168e-06
215,1745684226.8288271,2.621951125547639e-06
216,1745684243.5844288,2.634146312630037e-06
217,1745684254.4431517,2.6463414997124346e-06
218,1745684269.163855,2.6585366867948323e-06
219,1745684274.010927,2.6707316465035547e-06
220,1745684297.8367577,2.6829268335859524e-06
221,1745684306.8518677,2.69512202066835e-06
222,1745684321.782928,2.7073169803770725e-06
223,1745684335.9584055,2.7195121674594702e-06
224,1745684361.9009044,2.731707354541868e-06
225,1745684369.3526034,2.7439025416242657e-06
226,1745684380.0348885,2.756097501332988e-06
227,1745684385.416162,2.7682926884153858e-06
228,1745684404.0591269,2.7804878754977835e-06
229,1745684418.965723,2.792682835206506e-06
230,1745684427.2516189,2.8048780222889036e-06
231,1745684446.870742,2.8170732093713013e-06
232,1745684458.466594,2.829268396453699e-06
233,1745684479.4250765,2.8414633561624214e-06
234,1745684504.2822084,2.853658543244819e-06
235,1745684521.6412868,2.865853730327217e-06
236,1745684531.0056345,2.8780486900359392e-06
237,1745684544.4815626,2.890243877118337e-06
238,1745684553.869468,2.9024390642007347e-06
239,1745684565.2638795,2.9146342512831325e-06
240,1745684581.8438575,2.9268292109918548e-06
241,1745684599.0394518,2.9390243980742525e-06
242,1745684612.0342886,2.9512195851566503e-06
243,1745684631.5806398,2.9634145448653726e-06
244,1745684638.6764197,2.9756097319477703e-06
245,1745684651.0430386,2.987804919030168e-06
246,1745684653.809552,3.000000106112566e-06
247,1745684761.3570085,3.012195065821288e-06
248,1745684775.4936054,3.024390252903686e-06
249,1745684783.4325812,3.0365854399860837e-06
250,1745684797.0775423,3.048780399694806e-06
251,1745684813.5068953,3.0609755867772037e-06
252,1745684822.5983949,3.0731707738596015e-06
253,1745684832.4511344,3.0853659609419992e-06
254,1745684841.9498699,3.0975609206507215e-06
255,1745684851.912131,3.1097561077331193e-06
256,1745684867.0002818,3.121951294815517e-06
257,1745684873.582857,3.1341462545242393e-06
258,1745684883.9941933,3.146341441606637e-06
259,1745684898.9338984,3.158536628689035e-06
260,1745684907.6474419,3.1707318157714326e-06
261,1745684922.1368418,3.182926775480155e-06
262,1745684937.3485305,3.1951219625625527e-06
263,1745684959.6091874,3.2073171496449504e-06
264,1745684971.9626315,3.2195121093536727e-06
265,1745684979.2891967,3.2317072964360705e-06
266,1745684994.5403082,3.2439024835184682e-06
267,1745685008.7221694,3.256097670600866e-06
268,1745685019.8348598,3.2682926303095883e-06
269,1745685032.3040483,3.280487817391986e-06
270,1745685044.9745548,3.2926830044743838e-06
271,1745685054.2357287,3.304877964183106e-06
272,1745685068.7029228,3.317073151265504e-06
273,1745685076.2845592,3.3292683383479016e-06
274,1745685088.1643977,3.3414635254302993e-06
275,1745685097.4878385,3.3536584851390216e-06
276,1745685112.667681,3.3658536722214194e-06
277,1745685126.7608159,3.378048859303817e-06
278,1745685138.4775555,3.3902438190125395e-06
279,1745685144.7317283,3.4024390060949372e-06
280,1745685157.8884327,3.414634193177335e-06
281,1745685184.1497438,3.4268293802597327e-06
282,1745685198.3304281,3.439024339968455e-06
283,1745685206.5152218,3.4512195270508528e-06
284,1745685216.9195616,3.4634147141332505e-06
285,1745685236.2377477,3.475609673841973e-06
286,1745685250.423473,3.4878048609243706e-06
287,1745685266.339563,3.5000000480067683e-06
288,1745685272.1750665,3.512195235089166e-06
289,1745685281.282225,3.5243901947978884e-06
290,1745685293.2632546,3.536585381880286e-06
291,1745685308.2478738,3.548780568962684e-06
292,1745685315.9822443,3.560975528671406e-06
293,1745685333.6230028,3.573170715753804e-06
294,1745685349.8482363,3.5853659028362017e-06
295,1745685368.6248016,3.597560862544924e-06
296,1745685382.2870262,3.6097560496273218e-06
297,1745685394.0615988,3.6219512367097195e-06
298,1745685407.2936935,3.6341464237921173e-06
299,1745685417.434542,3.6463413835008396e-06
300,1745685431.1041698,3.6585365705832373e-06
301,1745685448.2893853,3.670731757665635e-06
302,1745685462.0512557,3.6829267173743574e-06
303,1745685478.4541175,3.695121904456755e-06
304,1745685498.3772259,3.707317091539153e-06
305,1745685516.7705266,3.7195122786215506e-06
306,1745685532.2629519,3.731707238330273e-06
307,1745685543.0422947,3.7439024254126707e-06
308,1745685559.043928,3.7560976124950685e-06
309,1745685571.5583577,3.7682925722037908e-06
310,1745685587.0999665,3.7804877592861885e-06
311,1745685605.7782116,3.7926829463685863e-06
312,1745685621.9353933,3.804878133450984e-06
313,1745685637.3134577,3.817073320533382e-06
314,1745685647.4380927,3.829268280242104e-06
315,1745685660.2885928,3.841463239950826e-06
316,1745685673.7278135,3.8536586544069e-06
317,1745685685.7232864,3.865853614115622e-06
318,1745685699.4278617,3.878048573824344e-06
319,1745685716.2052343,3.890243988280417e-06
320,1745685729.2580588,3.90243894798914e-06
321,1745685744.9809136,3.914634362445213e-06
322,1745685754.1079109,3.926829322153935e-06
323,1745685767.6286447,3.9390242818626575e-06
324,1745685776.807322,3.951219696318731e-06
325,1745685789.9040382,3.963414656027453e-06
326,1745685799.4028041,3.975609615736175e-06
327,1745685814.9272454,3.9878050301922485e-06
328,1745685818.2521555,3.999999989900971e-06
329,1745685932.3398862,4.012194949609693e-06
330,1745685944.6478922,4.024390364065766e-06
331,1745685966.193413,4.036585323774489e-06
332,1745685973.1364968,4.048780283483211e-06
333,1745685987.1071155,4.060975697939284e-06
334,1745685994.9869652,4.0731706576480065e-06
335,1745686013.0103815,4.08536607210408e-06
336,1745686025.3869517,4.097561031812802e-06
337,1745686044.3070846,4.109755991521524e-06
338,1745686056.9748619,4.1219514059775975e-06
339,1745686068.481287,4.13414636568632e-06
340,1745686084.9554977,4.146341325395042e-06
341,1745686091.823981,4.158536739851115e-06
342,1745686107.0534334,4.170731699559838e-06
343,1745686119.7589078,4.18292665926856e-06
344,1745686129.127264,4.195122073724633e-06
345,1745686146.5742812,4.207317033433355e-06
346,1745686160.3974535,4.219511993142078e-06
347,1745686173.6377726,4.231707407598151e-06
348,1745686186.9274542,4.243902367306873e-06
349,1745686196.814306,4.256097781762946e-06
350,1745686211.246672,4.268292741471669e-06
351,1745686217.6103714,4.280487701180391e-06
352,1745686236.8998032,4.292683115636464e-06
353,1745686251.6053026,4.3048780753451865e-06
354,1745686264.8846781,4.317073035053909e-06
355,1745686271.886007,4.329268449509982e-06
356,1745686288.1917315,4.341463409218704e-06
357,1745686306.03648,4.353658368927427e-06
358,1745686314.749255,4.3658537833835e-06
359,1745686332.0710897,4.378048743092222e-06
360,1745686339.6809723,4.3902437028009444e-06
361,1745686351.5823472,4.402439117257018e-06
362,1745686359.9302907,4.41463407696574e-06
363,1745686368.7848482,4.426829491421813e-06
364,1745686379.0079188,4.4390244511305355e-06
365,1745686395.6585531,4.451219410839258e-06
366,1745686408.7405906,4.463414825295331e-06
367,1745686422.5873795,4.475609785004053e-06
368,1745686438.8749864,4.4878047447127756e-06
369,1745686450.1278346,4.500000159168849e-06
370,1745686464.6390474,4.512195118877571e-06
371,1745686470.8774962,4.524390078586293e-06
372,1745686478.6124644,4.536585493042367e-06
373,1745686491.0355814,4.548780452751089e-06
374,1745686508.498166,4.560975412459811e-06
375,1745686532.762772,4.573170826915884e-06
376,1745686555.6336923,4.585365786624607e-06
377,1745686572.7329104,4.59756120108068e-06
378,1745686587.4352233,4.609756160789402e-06
379,1745686598.8686125,4.6219511204981245e-06
380,1745686614.2833765,4.634146534954198e-06
381,1745686630.3286865,4.64634149466292e-06
382,1745686642.7157385,4.658536454371642e-06
383,1745686655.8228288,4.6707318688277155e-06
384,1745686668.7639327,4.682926828536438e-06
385,1745686680.7286928,4.69512178824516e-06
386,1745686692.2511332,4.707317202701233e-06
387,1745686704.3005931,4.719512162409956e-06
388,1745686717.194599,4.731707122118678e-06
389,1745686734.3630564,4.743902536574751e-06
390,1745686752.0113177,4.7560974962834734e-06
391,1745686761.1555097,4.768292455992196e-06
392,1745686773.2199035,4.780487870448269e-06
393,1745686795.9740887,4.792682830156991e-06
394,1745686811.1087441,4.8048782446130645e-06
395,1745686821.72758,4.817073204321787e-06
396,1745686831.0684776,4.829268164030509e-06
397,1745686851.48871,4.841463578486582e-06
398,1745686862.4365447,4.8536585381953046e-06
399,1745686874.9684389,4.865853497904027e-06
400,1745686892.4349916,4.8780489123601e-06
401,1745686911.3351161,4.890243872068822e-06
402,1745686921.8341281,4.902438831777545e-06
403,1745686940.2251415,4.914634246233618e-06
404,1745686950.830357,4.92682920594234e-06
405,1745686960.2692988,4.9390241656510625e-06
406,1745686973.8084593,4.951219580107136e-06
407,1745686988.5096467,4.963414539815858e-06
408,1745687000.6699414,4.975609954271931e-06
409,1745687012.1849437,4.9878049139806535e-06
410,1745687016.3185585,4.999999873689376e-06
411,1745687120.2408504,5.012195288145449e-06
412,1745687130.7654328,5.024390247854171e-06
413,1745687146.4590023,5.036585207562894e-06
414,1745687160.0562935,5.048780622018967e-06
415,1745687173.1085768,5.060975581727689e-06
416,1745687185.4868915,5.0731705414364114e-06
417,1745687201.9750135,5.085365955892485e-06
418,1745687217.2296596,5.097560915601207e-06
419,1745687231.6394901,5.109755875309929e-06
420,1745687244.5838366,5.1219512897660024e-06
421,1745687267.81439,5.134146249474725e-06
422,1745687280.2292154,5.146341663930798e-06
423,1745687292.3161738,5.15853662363952e-06
424,1745687311.3360732,5.1707315833482426e-06
425,1745687329.0660248,5.182926997804316e-06
426,1745687344.4718325,5.195121957513038e-06
427,1745687354.6477556,5.20731691722176e-06
428,1745687363.2261744,5.2195123316778336e-06
429,1745687368.904479,5.231707291386556e-06
430,1745687387.8119926,5.243902251095278e-06
431,1745687399.0488143,5.256097665551351e-06
432,1745687411.1562543,5.268292625260074e-06
433,1745687426.6107466,5.280487584968796e-06
434,1745687446.8661222,5.292682999424869e-06
435,1745687453.8216217,5.3048779591335915e-06
436,1745687468.235259,5.317073373589665e-06
437,1745687481.1528537,5.329268333298387e-06
438,1745687492.6650894,5.341463293007109e-06
439,1745687510.2696009,5.3536587074631825e-06
440,1745687530.8005517,5.365853667171905e-06
441,1745687535.771345,5.378048626880627e-06
442,1745687559.3834493,5.3902440413367e-06
443,1745687571.1668665,5.402439001045423e-06
444,1745687588.6462526,5.414633960754145e-06
445,1745687603.052207,5.426829375210218e-06
446,1745687608.4177823,5.4390243349189404e-06
447,1745687630.5169628,5.451219294627663e-06
448,1745687640.6247537,5.463414709083736e-06
449,1745687657.3137221,5.475609668792458e-06
450,1745687672.5470972,5.4878050832485314e-06
451,1745687685.655654,5.500000042957254e-06
452,1745687691.7470877,5.512195002665976e-06
453,1745687706.3816094,5.524390417122049e-06
454,1745687716.721828,5.5365853768307716e-06
455,1745687734.755838,5.548780336539494e-06
456,1745687757.93953,5.560975750995567e-06
457,1745687775.4713807,5.573170710704289e-06
458,1745687780.7053552,5.585365670413012e-06
459,1745687808.1880002,5.597561084869085e-06
460,1745687819.4423366,5.609756044577807e-06
461,1745687828.156617,5.6219510042865295e-06
462,1745687838.3266056,5.634146418742603e-06
463,1745687846.9689648,5.646341378451325e-06
464,1745687858.9879632,5.658536792907398e-06
465,1745687870.6924858,5.6707317526161205e-06
466,1745687882.101561,5.682926712324843e-06
467,1745687891.3160396,5.695122126780916e-06
468,1745687905.619724,5.707317086489638e-06
469,1745687915.2803638,5.719512046198361e-06
470,1745687923.0103092,5.731707460654434e-06
471,1745687932.4819403,5.743902420363156e-06
472,1745687944.174483,5.7560973800718784e-06
473,1745687956.114394,5.768292794527952e-06
474,1745687967.792175,5.780487754236674e-06
475,1745687978.6782396,5.792682713945396e-06
476,1745687996.047497,5.8048781284014694e-06
477,1745688006.4328156,5.817073088110192e-06
478,1745688020.2598336,5.829268502566265e-06
479,1745688030.457591,5.841463462274987e-06
480,1745688045.719949,5.8536584219837096e-06
481,1745688061.168056,5.865853836439783e-06
482,1745688067.049033,5.878048796148505e-06
483,1745688083.9268448,5.890243755857227e-06
484,1745688090.9913285,5.9024391703133006e-06
485,1745688107.4099896,5.914634130022023e-06
486,1745688122.010213,5.926829089730745e-06
487,1745688132.7278717,5.939024504186818e-06
488,1745688138.6029248,5.951219463895541e-06
489,1745688153.3360515,5.963414423604263e-06
490,1745688166.6680562,5.975609838060336e-06
491,1745688176.030139,5.9878047977690585e-06
492,1745688179.0704763,6.000000212225132e-06
493,1745688276.940247,6.012195171933854e-06
494,1745688295.9015565,6.024390131642576e-06
495,1745688304.475436,6.0365855460986495e-06
496,1745688327.1988888,6.048780505807372e-06
497,1745688337.5951734,6.060975465516094e-06
498,1745688349.8105326,6.073170879972167e-06
499,1745688365.018572,6.08536583968089e-06
500,1745688375.5254154,6.097560799389612e-06
501,1745688388.2245173,6.109756213845685e-06
502,1745688398.806038,6.1219511735544074e-06
503,1745688410.5134497,6.13414613326313e-06
504,1745688418.1261694,6.146341547719203e-06
505,1745688427.2646074,6.158536507427925e-06
506,1745688446.7714493,6.1707319218839984e-06
507,1745688461.6409063,6.182926881592721e-06
508,1745688467.12193,6.195121841301443e-06
509,1745688492.2451012,6.207317255757516e-06
510,1745688503.6922755,6.2195122154662386e-06
511,1745688518.8545167,6.231707175174961e-06
512,1745688540.0592096,6.243902589631034e-06
513,1745688553.351355,6.256097549339756e-06
514,1745688564.7303436,6.268292509048479e-06
515,1745688579.1694646,6.280487923504552e-06
516,1745688587.4810808,6.292682883213274e-06
517,1745688612.7024646,6.3048778429219965e-06
518,1745688624.2860866,6.31707325737807e-06
519,1745688633.6604743,6.329268217086792e-06
520,1745688651.7486112,6.341463631542865e-06
521,1745688665.9937348,6.3536585912515875e-06
522,1745688674.6608865,6.36585355096031e-06
523,1745688688.3410122,6.378048965416383e-06
524,1745688696.6346788,6.390243925125105e-06
525,1745688707.3700655,6.402438884833828e-06
526,1745688719.9346058,6.414634299289901e-06
527,1745688732.6295378,6.426829258998623e-06
528,1745688740.6588883,6.4390242187073454e-06
529,1745688751.612961,6.451219633163419e-06
530,1745688762.5749657,6.463414592872141e-06
531,1745688772.359192,6.475609552580863e-06
532,1745688792.700091,6.4878049670369364e-06
533,1745688806.4029477,6.499999926745659e-06
534,1745688815.6622062,6.512195341201732e-06
535,1745688829.356718,6.524390300910454e-06
536,1745688840.8029983,6.5365852606191766e-06
537,1745688860.2553084,6.54878067507525e-06
538,1745688873.2524188,6.560975634783972e-06
539,1745688883.0740724,6.573170594492694e-06
540,1745688904.3668067,6.5853660089487676e-06
541,1745688920.562213,6.59756096865749e-06
542,1745688933.4516308,6.609755928366212e-06
543,1745688943.5176613,6.621951342822285e-06
544,1745688960.7035155,6.634146302531008e-06
545,1745688970.2505531,6.64634126223973e-06
546,1745688978.9919806,6.658536676695803e-06
547,1745688991.155806,6.6707316364045255e-06
548,1745689001.936806,6.682927050860599e-06
549,1745689018.576571,6.695122010569321e-06
550,1745689027.8540666,6.707316970278043e-06
551,1745689040.8741462,6.7195123847341165e-06
552,1745689054.3074868,6.731707344442839e-06
553,1745689063.9825625,6.743902304151561e-06
554,1745689074.4430554,6.756097718607634e-06
555,1745689087.690277,6.768292678316357e-06
556,1745689103.9215255,6.780487638025079e-06
557,1745689116.0158763,6.792683052481152e-06
558,1745689125.6351998,6.8048780121898744e-06
559,1745689134.663586,6.817072971898597e-06
560,1745689154.1352253,6.82926838635467e-06
561,1745689162.0239604,6.841463346063392e-06
562,1745689185.3842025,6.8536587605194654e-06
563,1745689204.7469778,6.865853720228188e-06
564,1745689218.1808193,6.87804867993691e-06
565,1745689229.9853852,6.890244094392983e-06
566,1745689245.6360602,6.9024390541017056e-06
567,1745689251.4363425,6.914634013810428e-06
568,1745689266.1411839,6.926829428266501e-06
569,1745689280.346385,6.939024387975223e-06
570,1745689292.021874,6.951219347683946e-06
571,1745689302.4921558,6.963414762140019e-06
572,1745689311.1660411,6.975609721848741e-06
573,1745689324.5338588,6.9878046815574635e-06
574,1745689329.357777,7.000000096013537e-06
575,1745689432.9304006,7.012195055722259e-06
576,1745689453.1361382,7.024390470178332e-06
577,1745689469.4271948,7.0365854298870545e-06
578,1745689482.307198,7.048780389595777e-06
579,1745689502.1594865,7.06097580405185e-06
580,1745689518.9680202,7.073170763760572e-06
581,1745689526.91096,7.085365723469295e-06
582,1745689542.495894,7.097561137925368e-06
583,1745689563.2143583,7.10975609763409e-06
584,1745689576.9859395,7.121951057342812e-06
585,1745689586.9841256,7.134146471798886e-06
586,1745689605.7800314,7.146341431507608e-06
587,1745689614.8026834,7.15853639121633e-06
588,1745689621.3755345,7.1707318056724034e-06
589,1745689632.0389009,7.182926765381126e-06
590,1745689644.78087,7.195121725089848e-06
591,1745689656.2545807,7.207317139545921e-06
592,1745689664.1143022,7.2195120992546435e-06
593,1745689676.0010211,7.231707513710717e-06
594,1745689684.140113,7.243902473419439e-06
595,1745689700.738138,7.256097433128161e-06
596,1745689716.7905817,7.2682928475842346e-06
597,1745689730.9670527,7.280487807292957e-06
598,1745689740.353552,7.292682767001679e-06
599,1745689752.727774,7.304878181457752e-06
600,1745689765.5169866,7.317073141166475e-06
601,1745689779.2811196,7.329268100875197e-06
602,1745689791.6119602,7.34146351533127e-06
603,1745689808.3313246,7.3536584750399925e-06
604,1745689832.3578,7.365853434748715e-06
605,1745689841.8800924,7.378048849204788e-06
606,1745689852.7663045,7.39024380891351e-06
607,1745689863.4259436,7.4024392233695835e-06
608,1745689872.5802493,7.414634183078306e-06
609,1745689885.6311545,7.426829142787028e-06
610,1745689901.6715145,7.439024557243101e-06
611,1745689916.1136754,7.451219516951824e-06
612,1745689928.939542,7.463414476660546e-06
613,1745689948.5829692,7.475609891116619e-06
614,1745689964.3602052,7.487804850825341e-06
615,1745689975.7080178,7.499999810534064e-06
616,1745689995.7178624,7.512195224990137e-06
617,1745690001.8837197,7.524390184698859e-06
618,1745690024.5237253,7.5365851444075815e-06
619,1745690037.8817985,7.548780558863655e-06
620,1745690050.1411476,7.560975518572377e-06
621,1745690056.7492354,7.57317093302845e-06
622,1745690076.6482987,7.5853658927371725e-06
623,1745690088.8098888,7.597560852445895e-06
624,1745690100.142729,7.609756266901968e-06
625,1745690118.4965756,7.62195122661069e-06
626,1745690128.7329528,7.634146641066764e-06
627,1745690139.617109,7.646341146028135e-06
628,1745690149.1758502,7.658536560484208e-06
629,1745690161.7934318,7.670731974940281e-06
630,1745690174.3959873,7.682926479901653e-06
631,1745690185.5639167,7.695121894357726e-06
632,1745690201.071446,7.7073173088138e-06
633,1745690223.1931076,7.71951181377517e-06
634,1745690238.2206793,7.731707228231244e-06
635,1745690248.6026185,7.743902642687317e-06
636,1745690260.4381917,7.756097147648688e-06
637,1745690270.2601168,7.768292562104762e-06
638,1745690284.3511345,7.780487976560835e-06
639,1745690292.4807918,7.792682481522206e-06
640,1745690312.005969,7.80487789597828e-06
641,1745690320.889945,7.817073310434353e-06
642,1745690333.0776215,7.829268724890426e-06
643,1745690351.777075,7.841463229851797e-06
644,1745690358.0906994,7.85365864430787e-06
645,1745690376.6080449,7.865854058763944e-06
646,1745690391.3070068,7.878048563725315e-06
647,1745690401.0738885,7.890243978181388e-06
648,1745690407.676296,7.902439392637461e-06
649,1745690421.9935887,7.914633897598833e-06
650,1745690437.7464414,7.926829312054906e-06
651,1745690448.9712358,7.93902472651098e-06
652,1745690466.2799523,7.95121923147235e-06
653,1745690477.9591238,7.963414645928424e-06
654,1745690493.5052476,7.975610060384497e-06
655,1745690505.197703,7.987804565345868e-06
656,1745690509.979458,7.999999979801942e-06
657,1745690604.844081,8.012195394258015e-06
658,1745690618.6408029,8.024389899219386e-06
659,1745690629.1165948,8.03658531367546e-06
660,1745690639.4837303,8.048780728131533e-06
661,1745690648.0117447,8.060975233092904e-06
662,1745690656.2828364,8.073170647548977e-06
663,1745690677.4517598,8.08536606200505e-06
664,1745690686.5135114,8.097560566966422e-06
665,1745690700.0477831,8.109755981422495e-06
666,1745690713.6998472,8.121951395878568e-06
667,1745690735.3126717,8.13414590083994e-06
668,1745690751.7671168,8.146341315296013e-06
669,1745690771.679621,8.158536729752086e-06
670,1745690785.1212964,8.17073214420816e-06
671,1745690797.5902262,8.18292664916953e-06
672,1745690810.4798203,8.195122063625604e-06
673,1745690820.1041274,8.207317478081677e-06
674,1745690829.510375,8.219511983043049e-06
675,1745690843.7743325,8.231707397499122e-06
676,1745690860.6005394,8.243902811955195e-06
677,1745690874.3955836,8.256097316916566e-06
678,1745690882.3358812,8.26829273137264e-06
679,1745690892.6274052,8.280488145828713e-06
680,1745690909.5114532,8.292682650790084e-06
681,1745690923.271817,8.304878065246157e-06
682,1745690931.5162318,8.31707347970223e-06
683,1745690943.1483338,8.329267984663602e-06
684,1745690957.9068546,8.341463399119675e-06
685,1745690969.550226,8.353658813575748e-06
686,1745690980.7518818,8.36585331853712e-06
687,1745690996.915561,8.378048732993193e-06
688,1745691012.623728,8.390244147449266e-06
689,1745691032.1732838,8.402438652410638e-06
690,1745691037.9119577,8.41463406686671e-06
691,1745691054.4486558,8.426829481322784e-06
692,1745691071.6555388,8.439023986284155e-06
693,1745691079.703405,8.451219400740229e-06
694,1745691100.075776,8.463414815196302e-06
695,1745691107.2313948,8.475609320157673e-06
696,1745691119.6988678,8.487804734613746e-06
697,1745691135.664379,8.50000014906982e-06
698,1745691143.788247,8.512195563525893e-06
699,1745691169.0321465,8.524390068487264e-06
700,1745691179.991336,8.536585482943337e-06
701,1745691199.3532102,8.54878089739941e-06
702,1745691219.79871,8.560975402360782e-06
703,1745691225.251136,8.573170816816855e-06
704,1745691248.757256,8.585366231272928e-06
705,1745691260.7090526,8.5975607362343e-06
706,1745691274.5542066,8.609756150690373e-06
707,1745691280.5658522,8.621951565146446e-06
708,1745691296.6809683,8.634146070107818e-06
709,1745691309.7345617,8.64634148456389e-06
710,1745691330.9563997,8.658536899019964e-06
711,1745691345.1558673,8.670731403981335e-06
712,1745691362.357136,8.682926818437409e-06
713,1745691374.4876685,8.695122232893482e-06
714,1745691380.1152952,8.707316737854853e-06
715,1745691397.8470454,8.719512152310926e-06
716,1745691412.4023993,8.731707566767e-06
717,1745691421.736686,8.743902071728371e-06
718,1745691440.2006755,8.756097486184444e-06
719,1745691455.7392573,8.768292900640517e-06
720,1745691467.5871303,8.780487405601889e-06
721,1745691480.784373,8.792682820057962e-06
722,1745691488.1823936,8.804878234514035e-06
723,1745691498.9948447,8.817072739475407e-06
724,1745691518.2389538,8.82926815393148e-06
725,1745691536.6776202,8.841463568387553e-06
726,1745691549.0035791,8.853658982843626e-06
727,1745691556.1892464,8.865853487804998e-06
728,1745691567.573917,8.878048902261071e-06
729,1745691574.255407,8.890244316717144e-06
730,1745691589.6253629,8.902438821678516e-06
731,1745691597.7630563,8.914634236134589e-06
732,1745691609.801703,8.926829650590662e-06
733,1745691618.8778589,8.939024155552033e-06
734,1745691633.334051,8.951219570008107e-06
735,1745691652.6636035,8.96341498446418e-06
736,1745691665.7736952,8.975609489425551e-06
737,1745691677.1197498,8.987804903881624e-06
738,1745691681.0887804,9.000000318337698e-06
739,1745691773.4872077,9.012194823299069e-06
740,1745691786.0335536,9.024390237755142e-06
741,1745691791.8956442,9.036585652211215e-06
742,1745691813.5096598,9.048780157172587e-06
743,1745691826.6240659,9.06097557162866e-06
744,1745691836.6136725,9.073170986084733e-06
745,1745691854.3481808,9.085365491046105e-06
746,1745691871.378852,9.097560905502178e-06
747,1745691889.717286,9.109756319958251e-06
748,1745691913.1816812,9.121950824919622e-06
749,1745691920.8084261,9.134146239375696e-06
750,1745691932.6132448,9.146341653831769e-06
751,1745691947.0080113,9.15853615879314e-06
752,1745691960.6044047,9.170731573249213e-06
753,1745691977.710037,9.182926987705287e-06
754,1745691992.3221378,9.19512240216136e-06
755,1745692004.9655378,9.207316907122731e-06
756,1745692017.8790085,9.219512321578804e-06
757,1745692029.166144,9.231707736034878e-06
758,1745692042.6203766,9.243902240996249e-06
759,1745692050.2026718,9.256097655452322e-06
760,1745692058.828853,9.268293069908395e-06
761,1745692069.458503,9.280487574869767e-06
762,1745692089.573646,9.29268298932584e-06
763,1745692102.7992005,9.304878403781913e-06
764,1745692110.3613663,9.317072908743285e-06
765,1745692130.0803292,9.329268323199358e-06
766,1745692148.6489844,9.341463737655431e-06
767,1745692163.0588431,9.353658242616802e-06
768,1745692169.191267,9.365853657072876e-06
769,1745692182.3524082,9.378049071528949e-06
770,1745692191.5500333,9.39024357649032e-06
771,1745692199.288982,9.402438990946393e-06
772,1745692206.708317,9.414634405402467e-06
773,1745692221.5777276,9.426828910363838e-06
774,1745692231.5312512,9.439024324819911e-06
775,1745692244.9587636,9.451219739275984e-06
776,1745692265.9646893,9.463414244237356e-06
777,1745692279.84385,9.475609658693429e-06
778,1745692293.2155209,9.487805073149502e-06
779,1745692302.7210014,9.499999578110874e-06
780,1745692311.3896081,9.512194992566947e-06
781,1745692332.2016866,9.52439040702302e-06
782,1745692343.4859614,9.536584911984392e-06
783,1745692351.938088,9.548780326440465e-06
784,1745692366.0162127,9.560975740896538e-06
785,1745692375.158037,9.573171155352611e-06
786,1745692382.3093982,9.585365660313983e-06
787,1745692394.248217,9.597561074770056e-06
788,1745692406.5856993,9.609756489226129e-06
789,1745692419.7253,9.6219509941875e-06
790,1745692433.4725258,9.634146408643574e-06
791,1745692446.4808056,9.646341823099647e-06
792,1745692456.1152601,9.658536328061018e-06
793,1745692476.727195,9.670731742517091e-06
794,1745692494.6822648,9.682927156973165e-06
795,1745692502.1971085,9.695121661934536e-06
796,1745692516.498571,9.707317076390609e-06
797,1745692524.191748,9.719512490846682e-06
798,1745692532.3549573,9.731706995808054e-06
799,1745692551.6129282,9.743902410264127e-06
800,1745692558.7000434,9.7560978247202e-06
801,1745692571.476667,9.768292329681572e-06
802,1745692588.0178268,9.780487744137645e-06
803,1745692594.9665177,9.792683158593718e-06
804,1745692606.013761,9.80487766355509e-06
805,1745692615.4202776,9.817073078011163e-06
806,1745692635.6480498,9.829268492467236e-06
807,1745692652.434459,9.841462997428607e-06
808,1745692661.44233,9.85365841188468e-06
809,1745692682.428819,9.865853826340754e-06
810,1745692698.0895631,9.878048331302125e-06
811,1745692713.6759744,9.890243745758198e-06
812,1745692728.7383769,9.902439160214271e-06
813,1745692738.665897,9.914634574670345e-06
814,1745692750.875369,9.926829079631716e-06
815,1745692761.328154,9.93902449408779e-06
816,1745692769.1838927,9.951219908543862e-06
817,1745692781.6629403,9.963414413505234e-06
818,1745692798.345705,9.975609827961307e-06
819,1745692814.8547406,9.98780524241738e-06
820,1745692817.464103,9.999999747378752e-06
821,1745692924.340012,1.0012195161834825e-05
822,1745692934.8629394,1.0024390576290898e-05
823,1745692949.0882974,1.003658508125227e-05
824,1745692959.285448,1.0048780495708343e-05
825,1745692971.6253848,1.0060975910164416e-05
826,1745692983.9516072,1.0073170415125787e-05
827,1745693002.691969,1.008536582958186e-05
828,1745693017.9486418,1.0097561244037934e-05
829,1745693026.881993,1.0109755748999305e-05
830,1745693040.3506186,1.0121951163455378e-05
831,1745693054.81256,1.0134146577911451e-05
832,1745693066.4866312,1.0146341082872823e-05
833,1745693082.6441417,1.0158536497328896e-05
834,1745693097.119627,1.017073191178497e-05
835,1745693109.127113,1.018292641674634e-05
836,1745693120.6226642,1.0195121831202414e-05
837,1745693132.3295567,1.0207317245658487e-05
838,1745693143.1017132,1.0219511750619859e-05
839,1745693156.2182646,1.0231707165075932e-05
840,1745693167.674437,1.0243902579532005e-05
841,1745693182.8088722,1.0256097993988078e-05
842,1745693196.8919392,1.026829249894945e-05
843,1745693211.6084497,1.0280487913405523e-05
844,1745693220.3274684,1.0292683327861596e-05
845,1745693229.9245834,1.0304877832822967e-05
846,1745693248.5098736,1.031707324727904e-05
847,1745693256.7780368,1.0329268661735114e-05
848,1745693273.2720249,1.0341463166696485e-05
849,1745693290.4940946,1.0353658581152558e-05
850,1745693309.262668,1.0365853995608632e-05
851,1745693316.6125233,1.0378048500570003e-05
852,1745693330.9223502,1.0390243915026076e-05
853,1745693344.560572,1.040243932948215e-05
854,1745693356.2096663,1.041463383444352e-05
855,1745693369.1758747,1.0426829248899594e-05
856,1745693379.2792604,1.0439024663355667e-05
857,1745693389.5868921,1.0451219168317039e-05
858,1745693408.2355163,1.0463414582773112e-05
859,1745693418.1134996,1.0475609997229185e-05
860,1745693427.599847,1.0487804502190556e-05
861,1745693434.7585893,1.049999991664663e-05
862,1745693444.6008532,1.0512195331102703e-05
863,1745693457.3579767,1.0524389836064074e-05
864,1745693469.0397701,1.0536585250520147e-05
865,1745693486.1705613,1.054878066497622e-05
866,1745693494.900902,1.0560975169937592e-05
867,1745693513.1046474,1.0573170584393665e-05
868,1745693522.6211064,1.0585365998849738e-05
869,1745693534.7718387,1.0597561413305812e-05
870,1745693544.3260128,1.0609755918267183e-05
871,1745693555.0577002,1.0621951332723256e-05
872,1745693571.9432313,1.063414674717933e-05
873,1745693580.0097213,1.06463412521407e-05
874,1745693590.512573,1.0658536666596774e-05
875,1745693608.7465696,1.0670732081052847e-05
876,1745693621.9199066,1.0682926586014219e-05
877,1745693642.166434,1.0695122000470292e-05
878,1745693651.0777209,1.0707317414926365e-05
879,1745693662.7094395,1.0719511919887736e-05
880,1745693669.6393225,1.073170733434381e-05
881,1745693679.8300483,1.0743902748799883e-05
882,1745693691.7195306,1.0756097253761254e-05
883,1745693703.6341174,1.0768292668217327e-05
884,1745693711.3683794,1.07804880826734e-05
885,1745693723.934058,1.0792682587634772e-05
886,1745693733.156225,1.0804878002090845e-05
887,1745693758.6904569,1.0817073416546918e-05
888,1745693777.53422,1.082926792150829e-05
889,1745693791.239854,1.0841463335964363e-05
890,1745693799.1288476,1.0853658750420436e-05
891,1745693815.6318424,1.0865853255381808e-05
892,1745693825.491845,1.0878048669837881e-05
893,1745693835.7291656,1.0890244084293954e-05
894,1745693847.6497078,1.0902438589255325e-05
895,1745693868.3415189,1.0914634003711399e-05
896,1745693879.9816048,1.0926829418167472e-05
897,1745693896.490358,1.0939024832623545e-05
898,1745693917.3910463,1.0951219337584917e-05
899,1745693928.6798725,1.096341475204099e-05
900,1745693938.5095997,1.0975610166497063e-05
901,1745693950.0729618,1.0987804671458434e-05
902,1745693956.930775,1.1000000085914508e-05
903,1745694046.5518692,1.101219550037058e-05
904,1745694064.5261989,1.1024390005331952e-05
905,1745694089.0169473,1.1036585419788025e-05
906,1745694100.9125125,1.1048780834244099e-05
907,1745694110.8209717,1.106097533920547e-05
908,1745694126.8309474,1.1073170753661543e-05
909,1745694138.6798656,1.1085366168117616e-05
910,1745694153.2366548,1.1097560673078988e-05
911,1745694172.917421,1.1109756087535061e-05
912,1745694186.0907516,1.1121951501991134e-05
913,1745694196.6948981,1.1134146006952506e-05
914,1745694204.6153226,1.1146341421408579e-05
915,1745694224.4181228,1.1158536835864652e-05
916,1745694230.6313953,1.1170731340826023e-05
917,1745694251.496447,1.1182926755282097e-05
918,1745694260.100817,1.119512216973817e-05
919,1745694275.7721088,1.1207316674699541e-05
920,1745694282.2080524,1.1219512089155614e-05
921,1745694296.9497175,1.1231707503611688e-05
922,1745694305.6549041,1.1243902008573059e-05
923,1745694313.2901278,1.1256097423029132e-05
924,1745694327.2192295,1.1268292837485205e-05
925,1745694344.8247051,1.1280488251941279e-05
926,1745694358.1998374,1.129268275690265e-05
927,1745694369.7465384,1.1304878171358723e-05
928,1745694381.0792615,1.1317073585814796e-05
929,1745694399.3678524,1.1329268090776168e-05
930,1745694411.2585785,1.1341463505232241e-05
931,1745694419.4657345,1.1353658919688314e-05
932,1745694429.5893135,1.1365853424649686e-05
933,1745694438.2145767,1.1378048839105759e-05
934,1745694454.9462483,1.1390244253561832e-05
935,1745694464.985629,1.1402438758523203e-05
936,1745694485.3237689,1.1414634172979277e-05
937,1745694513.1040254,1.142682958743535e-05
938,1745694536.4855938,1.1439024092396721e-05
939,1745694554.5831592,1.1451219506852794e-05
940,1745694583.384186,1.1463414921308868e-05
941,1745694595.565173,1.1475609426270239e-05
942,1745694611.4222372,1.1487804840726312e-05
943,1745694630.6510866,1.1500000255182385e-05
944,1745694651.3248587,1.1512194760143757e-05
945,1745694662.8652172,1.152439017459983e-05
946,1745694676.583407,1.1536585589055903e-05
947,1745694699.7018812,1.1548780094017275e-05
948,1745694718.943855,1.1560975508473348e-05
949,1745694734.245946,1.1573170922929421e-05
950,1745694741.8264084,1.1585365427890792e-05
951,1745694766.1538856,1.1597560842346866e-05
952,1745694794.7789524,1.1609756256802939e-05
953,1745694802.8528707,1.1621951671259012e-05
954,1745694833.0083354,1.1634146176220383e-05
955,1745694851.8434207,1.1646341590676457e-05
956,1745694882.6120315,1.165853700513253e-05
957,1745694912.5877373,1.1670731510093901e-05
958,1745694926.5376966,1.1682926924549975e-05
959,1745694944.3931878,1.1695122339006048e-05
960,1745694965.013117,1.1707316843967419e-05
961,1745694984.9179475,1.1719512258423492e-05
962,1745695004.4055917,1.1731707672879566e-05
963,1745695023.8056746,1.1743902177840937e-05
964,1745695042.0921607,1.175609759229701e-05
965,1745695062.6423037,1.1768293006753083e-05
966,1745695080.4035244,1.1780487511714455e-05
967,1745695101.7430327,1.1792682926170528e-05
968,1745695127.5145953,1.1804878340626601e-05
969,1745695135.0184095,1.1817072845587973e-05
970,1745695159.8377042,1.1829268260044046e-05
971,1745695172.2693007,1.1841463674500119e-05
972,1745695196.8989325,1.185365817946149e-05
973,1745695225.298736,1.1865853593917564e-05
974,1745695249.969456,1.1878049008373637e-05
975,1745695272.9333107,1.1890243513335008e-05
976,1745695294.6953728,1.1902438927791081e-05
977,1745695316.7220953,1.1914634342247155e-05
978,1745695335.3726134,1.1926828847208526e-05
979,1745695356.4797075,1.19390242616646e-05
980,1745695382.5815144,1.1951219676120672e-05
981,1745695406.3373709,1.1963414181082044e-05
982,1745695423.9696496,1.1975609595538117e-05
983,1745695448.0415998,1.198780500999419e-05
984,1745695453.962802,1.2000000424450263e-05
985,1745695658.0645738,1.2012194929411635e-05
986,1745695678.1679354,1.2024390343867708e-05
987,1745695697.2509356,1.2036585758323781e-05
988,1745695721.0849655,1.2048780263285153e-05
989,1745695730.9593892,1.2060975677741226e-05
990,1745695749.9548137,1.2073171092197299e-05
991,1745695774.61159,1.208536559715867e-05
992,1745695804.457478,1.2097561011614744e-05
993,1745695816.3779573,1.2109756426070817e-05
994,1745695834.5614536,1.2121950931032188e-05
995,1745695858.2974136,1.2134146345488261e-05
996,1745695881.0415657,1.2146341759944335e-05
997,1745695890.4497864,1.2158536264905706e-05
998,1745695923.9626906,1.217073167936178e-05
999,1745695947.2858906,1.2182927093817852e-05
1000,1745695973.5594745,1.2195121598779224e-05
1001,1745695992.9459891,1.2207317013235297e-05
1002,1745696005.144902,1.221951242769137e-05
1003,1745696030.0447598,1.2231706932652742e-05
1004,1745696053.3593833,1.2243902347108815e-05
1005,1745696071.6672711,1.2256097761564888e-05
1006,1745696085.9426734,1.226829226652626e-05
1007,1745696107.821146,1.2280487680982333e-05
1008,1745696137.292466,1.2292683095438406e-05
1009,1745696156.4796152,1.2304877600399777e-05
1010,1745696183.0412946,1.231707301485585e-05
1011,1745696192.6511526,1.2329268429311924e-05
1012,1745696217.5107968,1.2341463843767997e-05
1013,1745696238.0610542,1.2353658348729368e-05
1014,1745696261.0262265,1.2365853763185441e-05
1015,1745696276.167354,1.2378049177641515e-05
1016,1745696293.4564083,1.2390243682602886e-05
1017,1745696318.356509,1.240243909705896e-05
1018,1745696328.4307346,1.2414634511515033e-05
1019,1745696353.9266746,1.2426829016476404e-05
1020,1745696382.7197602,1.2439024430932477e-05
1021,1745696396.500419,1.245121984538855e-05
1022,1745696418.8296719,1.2463414350349922e-05
1023,1745696437.3750856,1.2475609764805995e-05
1024,1745696467.5850534,1.2487805179262068e-05
1025,1745696492.0022328,1.249999968422344e-05
1026,1745696504.3097715,1.2512195098679513e-05
1027,1745696525.057686,1.2524390513135586e-05
1028,1745696549.5222247,1.2536585018096957e-05
1029,1745696565.4734583,1.254878043255303e-05
1030,1745696585.2833083,1.2560975847009104e-05
1031,1745696604.4481323,1.2573170351970475e-05
1032,1745696622.9783795,1.2585365766426548e-05
1033,1745696642.7450273,1.2597561180882622e-05
1034,1745696661.692332,1.2609755685843993e-05
1035,1745696677.233881,1.2621951100300066e-05
1036,1745696708.213642,1.263414651475614e-05
1037,1745696718.8662302,1.264634101971751e-05
1038,1745696739.1463048,1.2658536434173584e-05
1039,1745696760.0328965,1.2670731848629657e-05
1040,1745696776.5188868,1.268292726308573e-05
1041,1745696797.9196317,1.2695121768047102e-05
1042,1745696817.0988896,1.2707317182503175e-05
1043,1745696840.416466,1.2719512596959248e-05
1044,1745696854.9180863,1.273170710192062e-05
1045,1745696874.3895493,1.2743902516376693e-05
1046,1745696893.5924654,1.2756097930832766e-05
1047,1745696906.417962,1.2768292435794137e-05
1048,1745696926.957533,1.278048785025021e-05
1049,1745696947.1204557,1.2792683264706284e-05
1050,1745696957.9842305,1.2804877769667655e-05
1051,1745696969.0395293,1.2817073184123728e-05
1052,1745696989.5174627,1.2829268598579802e-05
1053,1745697007.2878597,1.2841463103541173e-05
1054,1745697028.7666728,1.2853658517997246e-05
1055,1745697049.0635042,1.286585393245332e-05
1056,1745697065.993374,1.2878048437414691e-05
1057,1745697085.8511834,1.2890243851870764e-05
1058,1745697108.2315154,1.2902439266326837e-05
1059,1745697128.1450045,1.2914633771288209e-05
1060,1745697148.4028034,1.2926829185744282e-05
1061,1745697172.2713695,1.2939024600200355e-05
1062,1745697194.659453,1.2951219105161726e-05
1063,1745697211.9585836,1.29634145196178e-05
1064,1745697229.8080149,1.2975609934073873e-05
1065,1745697251.5751479,1.2987804439035244e-05
1066,1745697260.322963,1.2999999853491317e-05
1067,1745697471.9542112,1.301219526794739e-05
1068,1745697495.6747167,1.3024390682403464e-05
1069,1745697517.334445,1.3036585187364835e-05
1070,1745697540.7178125,1.3048780601820908e-05
1071,1745697561.323909,1.3060976016276982e-05
1072,1745697591.3402634,1.3073170521238353e-05
1073,1745697610.9750345,1.3085365935694426e-05
1074,1745697619.6057477,1.30975613501505e-05
1075,1745697640.6418774,1.3109755855111871e-05
1076,1745697661.3876624,1.3121951269567944e-05
1077,1745697679.59901,1.3134146684024017e-05
1078,1745697699.9877968,1.3146341188985389e-05
1079,1745697720.162385,1.3158536603441462e-05
1080,1745697739.753942,1.3170732017897535e-05
1081,1745697758.2558541,1.3182926522858907e-05
1082,1745697780.9236448,1.319512193731498e-05
1083,1745697800.4411905,1.3207317351771053e-05
1084,1745697817.0719638,1.3219511856732424e-05
1085,1745697827.081981,1.3231707271188498e-05
1086,1745697849.0518432,1.324390268564457e-05
1087,1745697864.9063482,1.3256097190605942e-05
1088,1745697885.4334235,1.3268292605062015e-05
1089,1745697908.8581727,1.3280488019518089e-05
1090,1745697929.063842,1.329268252447946e-05
1091,1745697946.0498366,1.3304877938935533e-05
1092,1745697964.2126448,1.3317073353391606e-05
1093,1745697982.5292964,1.3329267858352978e-05
1094,1745698009.0848415,1.3341463272809051e-05
1095,1745698021.8865423,1.3353658687265124e-05
1096,1745698045.7564628,1.3365854101721197e-05
1097,1745698067.7875185,1.3378048606682569e-05
1098,1745698077.0415173,1.3390244021138642e-05
1099,1745698106.51,1.3402439435594715e-05
1100,1745698118.2603364,1.3414633940556087e-05
1101,1745698141.6573105,1.342682935501216e-05
1102,1745698163.9044616,1.3439024769468233e-05
1103,1745698176.114107,1.3451219274429604e-05
1104,1745698198.7553647,1.3463414688885678e-05
1105,1745698218.9425266,1.347561010334175e-05
1106,1745698232.385423,1.3487804608303122e-05
1107,1745698251.1887965,1.3500000022759195e-05
1108,1745698271.6721373,1.3512195437215269e-05
1109,1745698289.107179,1.352438994217664e-05
1110,1745698310.7561855,1.3536585356632713e-05
1111,1745698331.3011317,1.3548780771088786e-05
1112,1745698349.3665178,1.3560975276050158e-05
1113,1745698373.8726585,1.3573170690506231e-05
1114,1745698390.2058253,1.3585366104962304e-05
1115,1745698408.6831698,1.3597560609923676e-05
1116,1745698430.8004577,1.3609756024379749e-05
1117,1745698450.0515773,1.3621951438835822e-05
1118,1745698479.4555643,1.3634145943797193e-05
1119,1745698511.1554177,1.3646341358253267e-05
1120,1745698529.5642552,1.365853677270934e-05
1121,1745698546.0501466,1.3670731277670711e-05
1122,1745698566.5633354,1.3682926692126784e-05
1123,1745698589.5451071,1.3695122106582858e-05
1124,1745698617.7747102,1.3707317521038931e-05
1125,1745698623.596858,1.3719512026000302e-05
1126,1745698639.464037,1.3731707440456375e-05
1127,1745698666.448093,1.3743902854912449e-05
1128,1745698688.2138703,1.375609735987382e-05
1129,1745698704.879576,1.3768292774329893e-05
1130,1745698724.308348,1.3780488188785966e-05
1131,1745698746.395289,1.3792682693747338e-05
1132,1745698757.268317,1.3804878108203411e-05
1133,1745698778.6960192,1.3817073522659484e-05
1134,1745698800.739749,1.3829268027620856e-05
1135,1745698827.0849626,1.3841463442076929e-05
1136,1745698851.9144092,1.3853658856533002e-05
1137,1745698874.7705233,1.3865853361494374e-05
1138,1745698898.1978,1.3878048775950447e-05
1139,1745698915.653578,1.389024419040652e-05
1140,1745698932.3178387,1.3902438695367891e-05
1141,1745698948.8575716,1.3914634109823965e-05
1142,1745698968.9153137,1.3926829524280038e-05
1143,1745698986.794203,1.3939024029241409e-05
1144,1745699010.7225041,1.3951219443697482e-05
1145,1745699028.8974211,1.3963414858153556e-05
1146,1745699048.1135523,1.3975609363114927e-05
1147,1745699070.6803174,1.3987804777571e-05
1148,1745699076.2274303,1.4000000192027073e-05
1149,1745699261.438815,1.4012194696988445e-05
1150,1745699289.885393,1.4024390111444518e-05
1151,1745699300.5606608,1.4036585525900591e-05
1152,1745699322.9611866,1.4048780940356664e-05
1153,1745699345.0372584,1.4060975445318036e-05
1154,1745699366.132921,1.4073170859774109e-05
1155,1745699385.1639915,1.4085366274230182e-05
1156,1745699408.909721,1.4097560779191554e-05
1157,1745699425.7764623,1.4109756193647627e-05
1158,1745699448.9232357,1.41219516081037e-05
1159,1745699469.5930827,1.4134146113065071e-05
1160,1745699482.4691083,1.4146341527521145e-05
1161,1745699503.9268095,1.4158536941977218e-05
1162,1745699534.6530128,1.417073144693859e-05
1163,1745699541.3877566,1.4182926861394662e-05
1164,1745699564.0139685,1.4195122275850736e-05
1165,1745699582.892989,1.4207316780812107e-05
1166,1745699603.8354044,1.421951219526818e-05
1167,1745699623.6902559,1.4231707609724253e-05
1168,1745699639.8734994,1.4243902114685625e-05
1169,1745699658.3177495,1.4256097529141698e-05
1170,1745699675.4007373,1.4268292943597771e-05
1171,1745699693.581598,1.4280487448559143e-05
1172,1745699710.9879165,1.4292682863015216e-05
1173,1745699736.7056613,1.4304878277471289e-05
1174,1745699756.1284301,1.431707278243266e-05
1175,1745699771.5221393,1.4329268196888734e-05
1176,1745699784.4379804,1.4341463611344807e-05
1177,1745699809.8408115,1.4353658116306178e-05
1178,1745699832.4709225,1.4365853530762251e-05
1179,1745699850.9864428,1.4378048945218325e-05
1180,1745699867.2148702,1.4390243450179696e-05
1181,1745699887.225142,1.440243886463577e-05
1182,1745699910.253381,1.4414634279091842e-05
1183,1745699934.0741122,1.4426829693547916e-05
1184,1745699958.2778409,1.4439024198509287e-05
1185,1745699971.5424352,1.445121961296536e-05
1186,1745699999.156234,1.4463415027421433e-05
1187,1745700008.3123558,1.4475609532382805e-05
1188,1745700030.2171397,1.4487804946838878e-05
1189,1745700048.2683787,1.4500000361294951e-05
1190,1745700064.8883543,1.4512194866256323e-05
1191,1745700092.666003,1.4524390280712396e-05
1192,1745700103.9414964,1.4536585695168469e-05
1193,1745700121.7155986,1.454878020012984e-05
1194,1745700141.6792767,1.4560975614585914e-05
1195,1745700167.90125,1.4573171029041987e-05
1196,1745700183.9563758,1.4585365534003358e-05
1197,1745700205.7345438,1.4597560948459432e-05
1198,1745700224.9432776,1.4609756362915505e-05
1199,1745700237.3839288,1.4621950867876876e-05
1200,1745700263.727313,1.463414628233295e-05
1201,1745700282.2582467,1.4646341696789023e-05
1202,1745700309.2564523,1.4658536201750394e-05
1203,1745700322.4920285,1.4670731616206467e-05
1204,1745700348.6542616,1.468292703066254e-05
1205,1745700370.9866707,1.4695121535623912e-05
1206,1745700388.7892754,1.4707316950079985e-05
1207,1745700411.9898696,1.4719512364536058e-05
1208,1745700420.4207654,1.473170686949743e-05
1209,1745700442.1660125,1.4743902283953503e-05
1210,1745700467.2488616,1.4756097698409576e-05
1211,1745700482.1279588,1.476829311286565e-05
1212,1745700489.958614,1.478048761782702e-05
1213,1745700513.3431647,1.4792683032283094e-05
1214,1745700534.2394762,1.4804878446739167e-05
1215,1745700553.9255326,1.4817072951700538e-05
1216,1745700573.2780485,1.4829268366156612e-05
1217,1745700593.027508,1.4841463780612685e-05
1218,1745700610.0925255,1.4853658285574056e-05
1219,1745700626.2601922,1.486585370003013e-05
1220,1745700646.1270273,1.4878049114486203e-05
1221,1745700665.9381475,1.4890243619447574e-05
1222,1745700688.382787,1.4902439033903647e-05
1223,1745700701.3403845,1.491463444835972e-05
1224,1745700722.7571545,1.4926828953321092e-05
1225,1745700738.6639774,1.4939024367777165e-05
1226,1745700751.417969,1.4951219782233238e-05
1227,1745700777.0518749,1.496341428719461e-05
1228,1745700806.1899722,1.4975609701650683e-05
1229,1745700830.0401819,1.4987805116106756e-05
1230,1745700838.4146466,1.4999999621068127e-05
1231,1745701046.604021,1.50121950355242e-05
1232,1745701068.995181,1.5024390449980274e-05
1233,1745701087.407005,1.5036584954941645e-05
1234,1745701106.4737701,1.5048780369397718e-05
1235,1745701130.1782553,1.5060975783853792e-05
1236,1745701156.1129162,1.5073170288815163e-05
1237,1745701181.401039,1.5085365703271236e-05
1238,1745701191.1794052,1.509756111772731e-05
1239,1745701214.7046912,1.5109756532183383e-05
1240,1745701239.9718535,1.5121951037144754e-05
1241,1745701250.490037,1.5134146451600827e-05
1242,1745701277.2961364,1.51463418660569e-05
1243,1745701291.0287442,1.5158536371018272e-05
1244,1745701301.8381088,1.5170731785474345e-05
1245,1745701329.8214734,1.5182927199930418e-05
1246,1745701353.668409,1.519512170489179e-05
1247,1745701375.8270195,1.5207317119347863e-05
1248,1745701388.8270786,1.5219512533803936e-05
1249,1745701422.4140553,1.5231707038765308e-05
1250,1745701438.6799772,1.524390245322138e-05
1251,1745701455.3743105,1.5256097867677454e-05
1252,1745701471.555411,1.5268293282133527e-05
1253,1745701500.933676,1.52804877870949e-05
1254,1745701521.5536995,1.529268229205627e-05
1255,1745701541.5169468,1.5304878616007045e-05
1256,1745701558.863239,1.5317073120968416e-05
1257,1745701586.115869,1.5329267625929788e-05
1258,1745701594.4256592,1.5341463949880563e-05
1259,1745701610.5401974,1.5353658454841934e-05
1260,1745701636.44353,1.5365852959803306e-05
1261,1745701659.8669512,1.537804928375408e-05
1262,1745701668.648359,1.5390243788715452e-05
1263,1745701693.850434,1.5402438293676823e-05
1264,1745701714.3401551,1.54146346176276e-05
1265,1745701728.4468722,1.542682912258897e-05
1266,1745701752.2189617,1.543902362755034e-05
1267,1745701768.9649787,1.5451219951501116e-05
1268,1745701791.2663536,1.5463414456462488e-05
1269,1745701815.9162815,1.547560896142386e-05
1270,1745701841.126847,1.5487805285374634e-05
1271,1745701862.5780857,1.5499999790336005e-05
1272,1745701869.9835794,1.5512194295297377e-05
1273,1745701894.904941,1.5524390619248152e-05
1274,1745701917.7503533,1.5536585124209523e-05
1275,1745701932.0080423,1.5548779629170895e-05
1276,1745701959.0433176,1.556097595312167e-05
1277,1745701967.9983194,1.557317045808304e-05
1278,1745701993.6052754,1.5585364963044412e-05
1279,1745702010.216961,1.5597561286995187e-05
1280,1745702025.7776022,1.560975579195656e-05
1281,1745702047.7558603,1.5621952115907334e-05
1282,1745702065.6265914,1.5634146620868705e-05
1283,1745702086.0390487,1.5646341125830077e-05
1284,1745702106.4922798,1.565853744978085e-05
1285,1745702135.376109,1.5670731954742223e-05
1286,1745702142.51146,1.5682926459703594e-05
1287,1745702166.898589,1.569512278365437e-05
1288,1745702187.3035777,1.570731728861574e-05
1289,1745702194.0212042,1.5719511793577112e-05
1290,1745702214.4567194,1.5731708117527887e-05
1291,1745702234.6773026,1.574390262248926e-05
1292,1745702256.5505404,1.575609712745063e-05
1293,1745702280.0369627,1.5768293451401405e-05
1294,1745702298.6786387,1.5780487956362776e-05
1295,1745702323.526247,1.5792682461324148e-05
1296,1745702352.2143772,1.5804878785274923e-05
1297,1745702378.1877995,1.5817073290236294e-05
1298,1745702397.2260225,1.5829267795197666e-05
1299,1745702419.1007338,1.584146411914844e-05
1300,1745702440.0203657,1.5853658624109812e-05
1301,1745702459.8512712,1.5865853129071184e-05
1302,1745702486.881598,1.587804945302196e-05
1303,1745702518.0785244,1.589024395798333e-05
1304,1745702536.7954414,1.59024384629447e-05
1305,1745702555.4129808,1.5914634786895476e-05
1306,1745702575.640285,1.5926829291856848e-05
1307,1745702600.152719,1.593902379681822e-05
1308,1745702629.56904,1.5951220120768994e-05
1309,1745702652.5025094,1.5963414625730366e-05
1310,1745702674.7806127,1.5975609130691737e-05
1311,1745702692.8133953,1.5987805454642512e-05
1312,1745702701.1611795,1.5999999959603883e-05
1313,1745702892.6685348,1.6012194464565255e-05
1314,1745702914.1760213,1.602439078851603e-05
1315,1745702934.0875828,1.60365852934774e-05
1316,1745702954.7223396,1.6048779798438773e-05
1317,1745702983.045696,1.6060976122389548e-05
1318,1745703005.1474814,1.607317062735092e-05
1319,1745703035.271855,1.608536513231229e-05
1320,1745703069.6002395,1.6097561456263065e-05
1321,1745703087.6366444,1.6109755961224437e-05
1322,1745703106.9908462,1.6121950466185808e-05
1323,1745703129.2968369,1.6134146790136583e-05
1324,1745703145.3306015,1.6146341295097955e-05
1325,1745703169.7462914,1.6158535800059326e-05
1326,1745703181.402132,1.61707321240101e-05
1327,1745703203.6305141,1.6182926628971472e-05
1328,1745703222.526178,1.6195121133932844e-05
1329,1745703244.0890672,1.620731745788362e-05
1330,1745703267.4296043,1.621951196284499e-05
1331,1745703290.976287,1.623170646780636e-05
1332,1745703310.5100765,1.6243902791757137e-05
1333,1745703327.4095178,1.6256097296718508e-05
1334,1745703356.3177922,1.626829180167988e-05
1335,1745703386.0823894,1.6280488125630654e-05
1336,1745703396.856719,1.6292682630592026e-05
1337,1745703417.3442676,1.63048789545428e-05
1338,1745703443.4953632,1.6317073459504172e-05
1339,1745703464.5579548,1.6329267964465544e-05
1340,1745703475.8726676,1.634146428841632e-05
1341,1745703497.5978403,1.635365879337769e-05
1342,1745703513.0125356,1.636585329833906e-05
1343,1745703540.2420044,1.6378049622289836e-05
1344,1745703553.4994676,1.6390244127251208e-05
1345,1745703569.989361,1.640243863221258e-05
1346,1745703596.295845,1.6414634956163354e-05
1347,1745703608.022442,1.6426829461124726e-05
1348,1745703630.1444533,1.6439023966086097e-05
1349,1745703666.7834508,1.6451220290036872e-05
1350,1745703676.0686667,1.6463414794998243e-05
1351,1745703704.5478451,1.6475609299959615e-05
1352,1745703716.3074894,1.648780562391039e-05
1353,1745703739.8646836,1.650000012887176e-05
1354,1745703770.101921,1.6512194633833133e-05
1355,1745703798.931485,1.6524390957783908e-05
1356,1745703828.7990968,1.653658546274528e-05
1357,1745703850.1579123,1.654877996770665e-05
1358,1745703870.8247554,1.6560976291657425e-05
1359,1745703901.9269836,1.6573170796618797e-05
1360,1745703918.6695836,1.658536530158017e-05
1361,1745703942.5541303,1.6597561625530943e-05
1362,1745703960.5242586,1.6609756130492315e-05
1363,1745703979.153817,1.6621950635453686e-05
1364,1745703998.6740296,1.663414695940446e-05
1365,1745704017.7228804,1.6646341464365833e-05
1366,1745704037.8818603,1.6658535969327204e-05
1367,1745704054.7454638,1.667073229327798e-05
1368,1745704070.4213927,1.668292679823935e-05
1369,1745704102.6284204,1.6695121303200722e-05
1370,1745704113.3772764,1.6707317627151497e-05
1371,1745704149.959182,1.6719512132112868e-05
1372,1745704166.1099436,1.673170663707424e-05
1373,1745704183.0217445,1.6743902961025015e-05
1374,1745704197.9840827,1.6756097465986386e-05
1375,1745704216.64431,1.6768291970947757e-05
1376,1745704240.4251194,1.6780488294898532e-05
1377,1745704261.4373171,1.6792682799859904e-05
1378,1745704275.240648,1.6804877304821275e-05
1379,1745704293.7175221,1.681707362877205e-05
1380,1745704311.4484055,1.682926813373342e-05
1381,1745704328.5816276,1.6841462638694793e-05
1382,1745704348.7963192,1.6853658962645568e-05
1383,1745704371.2500684,1.686585346760694e-05
1384,1745704392.5254416,1.687804797256831e-05
1385,1745704405.2739124,1.6890244296519086e-05
1386,1745704421.8253922,1.6902438801480457e-05
1387,1745704446.9795833,1.691463330644183e-05
1388,1745704468.0403218,1.6926829630392604e-05
1389,1745704494.3592951,1.6939024135353975e-05
1390,1745704518.0725236,1.6951218640315346e-05
1391,1745704547.5345054,1.696341496426612e-05
1392,1745704572.0405383,1.6975609469227493e-05
1393,1745704592.686587,1.6987803974188864e-05
1394,1745704601.4126005,1.700000029813964e-05
1395,1745704798.6430447,1.701219480310101e-05
1396,1745704817.9668994,1.7024391127051786e-05
1397,1745704828.6406257,1.7036585632013157e-05
1398,1745704838.2507257,1.704878013697453e-05
1399,1745704864.1264286,1.7060976460925303e-05
1400,1745704879.4133217,1.7073170965886675e-05
1401,1745704892.4880717,1.7085365470848046e-05
1402,1745704915.6617355,1.709756179479882e-05
1403,1745704927.1187172,1.7109756299760193e-05
1404,1745704945.0985105,1.7121950804721564e-05
1405,1745704968.9819727,1.713414712867234e-05
1406,1745704993.0338497,1.714634163363371e-05
1407,1745705023.8747284,1.7158536138595082e-05
1408,1745705035.535249,1.7170732462545857e-05
1409,1745705051.3316216,1.7182926967507228e-05
1410,1745705079.0268364,1.71951214724686e-05
1411,1745705106.7687654,1.7207317796419375e-05
1412,1745705127.8627996,1.7219512301380746e-05
1413,1745705150.19966,1.7231706806342117e-05
1414,1745705175.876449,1.7243903130292892e-05
1415,1745705199.9318135,1.7256097635254264e-05
1416,1745705210.8493657,1.7268292140215635e-05
1417,1745705221.323933,1.728048846416641e-05
1418,1745705247.1735811,1.729268296912778e-05
1419,1745705256.9762733,1.7304877474089153e-05
1420,1745705273.0714195,1.7317073798039928e-05
1421,1745705293.4379904,1.73292683030013e-05
1422,1745705316.080057,1.734146280796267e-05
1423,1745705345.9393854,1.7353659131913446e-05
1424,1745705355.9843893,1.7365853636874817e-05
1425,1745705383.9217288,1.737804814183619e-05
1426,1745705403.1813226,1.7390244465786964e-05
1427,1745705422.018782,1.7402438970748335e-05
1428,1745705440.7053795,1.7414633475709707e-05
1429,1745705455.1657293,1.742682979966048e-05
1430,1745705473.7228863,1.7439024304621853e-05
1431,1745705494.0127103,1.7451218809583224e-05
1432,1745705532.3858626,1.7463415133534e-05
1433,1745705551.6855702,1.747560963849537e-05
1434,1745705566.0131445,1.7487804143456742e-05
1435,1745705586.5961626,1.7500000467407517e-05
1436,1745705611.5897264,1.751219497236889e-05
1437,1745705626.877364,1.752438947733026e-05
1438,1745705644.2016735,1.7536585801281035e-05
1439,1745705669.990606,1.7548780306242406e-05
1440,1745705690.195681,1.7560974811203778e-05
1441,1745705716.2580082,1.7573171135154553e-05
1442,1745705728.3553712,1.7585365640115924e-05
1443,1745705753.770191,1.7597560145077296e-05
1444,1745705770.889143,1.760975646902807e-05
1445,1745705790.8154433,1.7621950973989442e-05
1446,1745705809.1742575,1.7634145478950813e-05
1447,1745705822.3517804,1.764634180290159e-05
1448,1745705843.7185686,1.765853630786296e-05
1449,1745705866.7798545,1.767073081282433e-05
1450,1745705897.5954223,1.7682927136775106e-05
1451,1745705912.7680242,1.7695121641736478e-05
1452,1745705931.5283952,1.7707317965687253e-05
1453,1745705949.8449218,1.7719512470648624e-05
1454,1745705981.7753215,1.7731706975609995e-05
1455,1745705996.3801885,1.774390329956077e-05
1456,1745706017.3889055,1.7756097804522142e-05
1457,1745706029.703357,1.7768292309483513e-05
1458,1745706049.98253,1.7780488633434288e-05
1459,1745706073.8720846,1.779268313839566e-05
1460,1745706091.3079422,1.780487764335703e-05
1461,1745706123.4342825,1.7817073967307806e-05
1462,1745706138.067505,1.7829268472269177e-05
1463,1745706159.4959989,1.784146297723055e-05
1464,1745706183.5170321,1.7853659301181324e-05
1465,1745706205.0397708,1.7865853806142695e-05
1466,1745706226.6307788,1.7878048311104067e-05
1467,1745706248.2557058,1.789024463505484e-05
1468,1745706270.8740485,1.7902439140016213e-05
1469,1745706294.002513,1.7914633644977584e-05
1470,1745706311.5790854,1.792682996892836e-05
1471,1745706333.7937129,1.793902447388973e-05
1472,1745706354.8982012,1.7951218978851102e-05
1473,1745706376.506741,1.7963415302801877e-05
1474,1745706397.3352797,1.797560980776325e-05
1475,1745706415.3181045,1.798780431272462e-05
1476,1745706423.954536,1.8000000636675395e-05
1477,1745706612.9048014,1.8012195141636766e-05
1478,1745706637.2584565,1.8024389646598138e-05
1479,1745706662.2742832,1.8036585970548913e-05
1480,1745706668.5575056,1.8048780475510284e-05
1481,1745706694.5588143,1.8060974980471656e-05
1482,1745706721.0012007,1.807317130442243e-05
1483,1745706739.4723475,1.8085365809383802e-05
1484,1745706753.803021,1.8097560314345174e-05
1485,1745706781.6088738,1.810975663829595e-05
1486,1745706791.551518,1.812195114325732e-05
1487,1745706813.607277,1.813414564821869e-05
1488,1745706829.4279232,1.8146341972169466e-05
1489,1745706847.6113226,1.8158536477130838e-05
1490,1745706864.9355402,1.817073098209221e-05
1491,1745706883.1599176,1.8182927306042984e-05
1492,1745706904.3300872,1.8195121811004356e-05
1493,1745706923.1119184,1.8207316315965727e-05
1494,1745706945.2013507,1.8219512639916502e-05
1495,1745706960.7064202,1.8231707144877873e-05
1496,1745706982.9626892,1.8243901649839245e-05
1497,1745707000.3535044,1.825609797379002e-05
1498,1745707023.6734312,1.826829247875139e-05
1499,1745707035.7694187,1.8280486983712763e-05
1500,1745707059.9454446,1.8292683307663538e-05
1501,1745707086.5010753,1.830487781262491e-05
1502,1745707098.6006224,1.831707231758628e-05
1503,1745707133.963786,1.8329268641537055e-05
1504,1745707155.4697812,1.8341463146498427e-05
1505,1745707173.1765337,1.8353657651459798e-05
1506,1745707193.0072098,1.8365853975410573e-05
1507,1745707210.8282816,1.8378048480371945e-05
1508,1745707236.2638566,1.839024480432272e-05
1509,1745707248.6452544,1.840243930928409e-05
1510,1745707271.1281865,1.8414633814245462e-05
1511,1745707289.9104319,1.8426830138196237e-05
1512,1745707310.0303915,1.843902464315761e-05
1513,1745707320.9894845,1.845121914811898e-05
1514,1745707339.107395,1.8463415472069755e-05
1515,1745707366.0469267,1.8475609977031127e-05
1516,1745707375.3136075,1.8487804481992498e-05
1517,1745707400.8506567,1.8500000805943273e-05
1518,1745707416.3805685,1.8512195310904644e-05
1519,1745707436.4500427,1.8524389815866016e-05
1520,1745707444.9212346,1.853658613981679e-05
1521,1745707463.0454774,1.8548780644778162e-05
1522,1745707484.891332,1.8560975149739534e-05
1523,1745707501.9479883,1.857317147369031e-05
1524,1745707534.7111144,1.858536597865168e-05
1525,1745707542.927893,1.859756048361305e-05
1526,1745707553.728593,1.8609756807563826e-05
1527,1745707571.9913359,1.8621951312525198e-05
1528,1745707592.793821,1.863414581748657e-05
1529,1745707614.2973254,1.8646342141437344e-05
1530,1745707628.1096137,1.8658536646398716e-05
1531,1745707651.0503132,1.8670731151360087e-05
1532,1745707674.2986822,1.8682927475310862e-05
1533,1745707688.344732,1.8695121980272233e-05
1534,1745707706.3340232,1.8707316485233605e-05
1535,1745707730.538436,1.871951280918438e-05
1536,1745707746.0422235,1.873170731414575e-05
1537,1745707767.4004564,1.8743901819107123e-05
1538,1745707785.9406056,1.8756098143057898e-05
1539,1745707812.3660896,1.876829264801927e-05
1540,1745707827.0879695,1.878048715298064e-05
1541,1745707842.9776797,1.8792683476931415e-05
1542,1745707862.8927813,1.8804877981892787e-05
1543,1745707879.7576404,1.881707248685416e-05
1544,1745707900.5982509,1.8829268810804933e-05
1545,1745707920.054735,1.8841463315766305e-05
1546,1745707940.4770515,1.8853657820727676e-05
1547,1745707961.400344,1.886585414467845e-05
1548,1745707983.1712847,1.8878048649639823e-05
1549,1745708006.2715511,1.8890243154601194e-05
1550,1745708031.3063948,1.890243947855197e-05
1551,1745708049.9216375,1.891463398351334e-05
1552,1745708075.3224201,1.8926828488474712e-05
1553,1745708101.817783,1.8939024812425487e-05
1554,1745708123.3651276,1.8951219317386858e-05
1555,1745708135.6002753,1.896341382234823e-05
1556,1745708159.7529137,1.8975610146299005e-05
1557,1745708180.5383687,1.8987804651260376e-05
1558,1745708190.8093972,1.8999999156221747e-05
1559,1745708378.7964714,1.9012195480172522e-05
1560,1745708403.5707886,1.9024389985133894e-05
1561,1745708413.6174698,1.9036584490095265e-05
1562,1745708432.4843185,1.904878081404604e-05
1563,1745708451.1501558,1.906097531900741e-05
1564,1745708472.6555812,1.9073169823968783e-05
1565,1745708492.752574,1.9085366147919558e-05
1566,1745708507.359936,1.909756065288093e-05
1567,1745708523.6209483,1.9109756976831704e-05
1568,1745708554.1931524,1.9121951481793076e-05
1569,1745708574.3370957,1.9134145986754447e-05
1570,1745708596.3772266,1.9146342310705222e-05
1571,1745708606.418154,1.9158536815666594e-05
1572,1745708629.4744687,1.9170731320627965e-05
1573,1745708656.998503,1.918292764457874e-05
1574,1745708665.1169043,1.919512214954011e-05
1575,1745708685.3031213,1.9207316654501483e-05
1576,1745708702.3661883,1.9219512978452258e-05
1577,1745708716.666194,1.923170748341363e-05
1578,1745708741.4253113,1.9243901988375e-05
1579,1745708761.0828154,1.9256098312325776e-05
1580,1745708773.826225,1.9268292817287147e-05
1581,1745708796.7991836,1.928048732224852e-05
1582,1745708826.1883576,1.9292683646199293e-05
1583,1745708845.9890587,1.9304878151160665e-05
1584,1745708861.2511704,1.9317072656122036e-05
1585,1745708878.4647875,1.932926898007281e-05
1586,1745708906.5426342,1.9341463485034183e-05
1587,1745708919.0899131,1.9353657989995554e-05
1588,1745708938.2030938,1.936585431394633e-05
1589,1745708970.2658267,1.93780488189077e-05
1590,1745708991.9369152,1.9390243323869072e-05
1591,1745709002.9072607,1.9402439647819847e-05
1592,1745709022.8277218,1.9414634152781218e-05
1593,1745709042.9114425,1.942682865774259e-05
1594,1745709054.9884315,1.9439024981693365e-05
1595,1745709077.268878,1.9451219486654736e-05
1596,1745709098.045499,1.9463413991616108e-05
1597,1745709123.0622165,1.9475610315566882e-05
1598,1745709154.6082952,1.9487804820528254e-05
1599,1745709175.4472086,1.9499999325489625e-05
1600,1745709181.2929022,1.95121956494404e-05
1601,1745709205.6798155,1.9524390154401772e-05
1602,1745709218.4101472,1.9536584659363143e-05
1603,1745709237.0738745,1.9548780983313918e-05
1604,1745709245.8758733,1.956097548827529e-05
1605,1745709252.4514434,1.957316999323666e-05
1606,1745709275.26489,1.9585366317187436e-05
1607,1745709290.2060459,1.9597560822148807e-05
1608,1745709311.541257,1.960975532711018e-05
1609,1745709337.3999083,1.9621951651060954e-05
1610,1745709357.0432162,1.9634146156022325e-05
1611,1745709369.3764825,1.9646340660983697e-05
1612,1745709395.8882282,1.965853698493447e-05
1613,1745709415.9271078,1.9670731489895843e-05
1614,1745709441.35989,1.9682925994857214e-05
1615,1745709462.0096228,1.969512231880799e-05
1616,1745709474.7859402,1.970731682376936e-05
1617,1745709490.647398,1.9719511328730732e-05
1618,1745709510.6634593,1.9731707652681507e-05
1619,1745709532.840344,1.974390215764288e-05
1620,1745709553.8366277,1.975609666260425e-05
1621,1745709578.2549021,1.9768292986555025e-05
1622,1745709606.2617154,1.9780487491516396e-05
1623,1745709622.9965801,1.979268381546717e-05
1624,1745709647.890816,1.9804878320428543e-05
1625,1745709673.5854776,1.9817072825389914e-05
1626,1745709687.0010612,1.982926914934069e-05
1627,1745709707.1126895,1.984146365430206e-05
1628,1745709728.182642,1.9853658159263432e-05
1629,1745709751.7248566,1.9865854483214207e-05
1630,1745709775.466438,1.987804898817558e-05
1631,1745709798.9134283,1.989024349313695e-05
1632,1745709825.484009,1.9902439817087725e-05
1633,1745709846.2452598,1.9914634322049096e-05
1634,1745709871.3553855,1.9926828827010468e-05
1635,1745709891.1612866,1.9939025150961243e-05
1636,1745709918.1340313,1.9951219655922614e-05
1637,1745709932.396125,1.9963414160883985e-05
1638,1745709951.3847125,1.997561048483476e-05
1639,1745709983.3346086,1.9987804989796132e-05
1640,1745709987.4374492,1.9999999494757503e-05
1641,1745710178.1109374,2.0012195818708278e-05
1642,1745710200.6333148,2.002439032366965e-05
1643,1745710218.0971026,2.003658482863102e-05
1644,1745710237.647926,2.0048781152581796e-05
1645,1745710260.7640886,2.0060975657543167e-05
1646,1745710271.1840901,2.007317016250454e-05
1647,1745710295.6724439,2.0085366486455314e-05
1648,1745710318.6215968,2.0097560991416685e-05
1649,1745710338.7941577,2.0109755496378057e-05
1650,1745710362.3219159,2.012195182032883e-05
1651,1745710375.0439,2.0134146325290203e-05
1652,1745710396.2270699,2.0146340830251575e-05
1653,1745710421.736931,2.015853715420235e-05
1654,1745710430.5370252,2.017073165916372e-05
1655,1745710457.6705034,2.0182926164125092e-05
1656,1745710467.5053067,2.0195122488075867e-05
1657,1745710497.2468455,2.020731699303724e-05
1658,1745710514.1638114,2.021951149799861e-05
1659,1745710527.664359,2.0231707821949385e-05
1660,1745710544.7965393,2.0243902326910757e-05
1661,1745710570.2768,2.0256096831872128e-05
1662,1745710578.5984204,2.0268293155822903e-05
1663,1745710598.6309164,2.0280487660784274e-05
1664,1745710619.9926374,2.0292682165745646e-05
1665,1745710636.1828551,2.030487848969642e-05
1666,1745710656.2277088,2.0317072994657792e-05
1667,1745710677.0980854,2.0329267499619164e-05
1668,1745710699.257858,2.034146382356994e-05
1669,1745710718.5475926,2.035365832853131e-05
1670,1745710745.3398075,2.036585283349268e-05
1671,1745710759.7217116,2.0378049157443456e-05
1672,1745710773.0214162,2.0390243662404828e-05
1673,1745710794.5853798,2.04024381673662e-05
1674,1745710807.6552818,2.0414634491316974e-05
1675,1745710819.4405086,2.0426828996278346e-05
1676,1745710842.6394863,2.0439023501239717e-05
1677,1745710860.526256,2.0451219825190492e-05
1678,1745710875.4911447,2.0463414330151863e-05
1679,1745710896.9966977,2.047561065410264e-05
1680,1745710918.577135,2.048780515906401e-05
1681,1745710936.787738,2.049999966402538e-05
1682,1745710956.990199,2.0512195987976156e-05
1683,1745710974.1111257,2.0524390492937528e-05
1684,1745710997.1393998,2.05365849978989e-05
1685,1745711023.8867693,2.0548781321849674e-05
1686,1745711049.550816,2.0560975826811045e-05
1687,1745711060.2254262,2.0573170331772417e-05
1688,1745711082.9166448,2.0585366655723192e-05
1689,1745711097.8245356,2.0597561160684563e-05
1690,1745711118.8480089,2.0609755665645935e-05
1691,1745711141.8849413,2.062195198959671e-05
1692,1745711154.4427383,2.063414649455808e-05
1693,1745711175.9068954,2.0646340999519452e-05
1694,1745711184.3381867,2.0658537323470227e-05
1695,1745711205.6734147,2.06707318284316e-05
1696,1745711227.4051912,2.068292633339297e-05
1697,1745711254.6156101,2.0695122657343745e-05
1698,1745711281.2473445,2.0707317162305117e-05
1699,1745711292.7746384,2.0719511667266488e-05
1700,1745711316.3413653,2.0731707991217263e-05
1701,1745711336.854774,2.0743902496178634e-05
1702,1745711349.9638937,2.0756097001140006e-05
1703,1745711371.2182243,2.076829332509078e-05
1704,1745711389.9422958,2.0780487830052152e-05
1705,1745711419.2620878,2.0792682335013524e-05
1706,1745711437.6782792,2.08048786589643e-05
1707,1745711459.34774,2.081707316392567e-05
1708,1745711482.12963,2.082926766888704e-05
1709,1745711509.7937574,2.0841463992837816e-05
1710,1745711531.9598022,2.0853658497799188e-05
1711,1745711552.9849472,2.086585300276056e-05
1712,1745711570.7265985,2.0878049326711334e-05
1713,1745711589.5576525,2.0890243831672706e-05
1714,1745711609.5038693,2.0902438336634077e-05
1715,1745711634.566737,2.0914634660584852e-05
1716,1745711654.8013682,2.0926829165546224e-05
1717,1745711674.8042772,2.0939023670507595e-05
1718,1745711693.1023662,2.095121999445837e-05
1719,1745711709.8299525,2.096341449941974e-05
1720,1745711730.3620396,2.0975609004381113e-05
1721,1745711752.5645318,2.0987805328331888e-05
1722,1745711761.0775123,2.099999983329326e-05
1723,1745711954.8256266,2.101219433825463e-05
1724,1745711978.8428526,2.1024390662205406e-05
1725,1745712003.4881349,2.1036585167166777e-05
1726,1745712014.582781,2.104877967212815e-05
1727,1745712038.2327967,2.1060975996078923e-05
1728,1745712058.6545403,2.1073170501040295e-05
1729,1745712074.6906168,2.1085365006001666e-05
1730,1745712099.913378,2.109756132995244e-05
1731,1745712114.9861236,2.1109755834913813e-05
1732,1745712137.0357327,2.1121950339875184e-05
1733,1745712155.7652006,2.113414666382596e-05
1734,1745712177.774199,2.114634116878733e-05
1735,1745712197.7618537,2.1158537492738105e-05
1736,1745712210.3873386,2.1170731997699477e-05
1737,1745712233.0285072,2.1182926502660848e-05
1738,1745712251.1769004,2.1195122826611623e-05
1739,1745712270.103844,2.1207317331572995e-05
1740,1745712290.6053622,2.1219511836534366e-05
1741,1745712308.209297,2.123170816048514e-05
1742,1745712332.8576858,2.1243902665446512e-05
1743,1745712363.7984676,2.1256097170407884e-05
1744,1745712371.6422284,2.126829349435866e-05
1745,1745712389.5445132,2.128048799932003e-05
1746,1745712408.7843056,2.12926825042814e-05
1747,1745712423.715502,2.1304878828232177e-05
1748,1745712440.2216496,2.1317073333193548e-05
1749,1745712470.3696241,2.132926783815492e-05
1750,1745712485.8600478,2.1341464162105694e-05
1751,1745712505.670927,2.1353658667067066e-05
1752,1745712525.9245071,2.1365853172028437e-05
1753,1745712545.7065246,2.1378049495979212e-05
1754,1745712565.646548,2.1390244000940584e-05
1755,1745712584.3116677,2.1402438505901955e-05
1756,1745712604.3515546,2.141463482985273e-05
1757,1745712633.0062566,2.14268293348141e-05
1758,1745712646.1503408,2.1439023839775473e-05
1759,1745712666.2636702,2.1451220163726248e-05
1760,1745712689.523342,2.146341466868762e-05
1761,1745712709.0564454,2.147560917364899e-05
1762,1745712726.5066118,2.1487805497599766e-05
1763,1745712743.003354,2.1500000002561137e-05
1764,1745712761.2374084,2.151219450752251e-05
1765,1745712783.0822933,2.1524390831473283e-05
1766,1745712807.4365401,2.1536585336434655e-05
1767,1745712836.6439908,2.1548779841396026e-05
1768,1745712847.4151354,2.15609761653468e-05
1769,1745712868.9398842,2.1573170670308173e-05
1770,1745712898.3059092,2.1585365175269544e-05
1771,1745712923.6304348,2.159756149922032e-05
1772,1745712942.3901367,2.160975600418169e-05
1773,1745712958.5702243,2.1621950509143062e-05
1774,1745712976.1614287,2.1634146833093837e-05
1775,1745713007.3678226,2.164634133805521e-05
1776,1745713034.06984,2.165853584301658e-05
1777,1745713057.6287336,2.1670732166967355e-05
1778,1745713075.1989703,2.1682926671928726e-05
1779,1745713090.11212,2.1695121176890098e-05
1780,1745713116.0249684,2.1707317500840873e-05
1781,1745713129.7808745,2.1719512005802244e-05
1782,1745713150.6903536,2.1731706510763615e-05
1783,1745713167.522491,2.174390283471439e-05
1784,1745713189.546935,2.1756097339675762e-05
1785,1745713199.1880805,2.1768291844637133e-05
1786,1745713216.363269,2.1780488168587908e-05
1787,1745713242.597592,2.179268267354928e-05
1788,1745713262.5145428,2.180487717851065e-05
1789,1745713289.7603416,2.1817073502461426e-05
1790,1745713314.8399248,2.1829268007422797e-05
1791,1745713334.0688448,2.184146251238417e-05
1792,1745713358.8192658,2.1853658836334944e-05
1793,1745713379.0103734,2.1865853341296315e-05
1794,1745713396.7684684,2.187804966524709e-05
1795,1745713421.6934772,2.189024417020846e-05
1796,1745713451.0913267,2.1902438675169833e-05
1797,1745713474.012195,2.1914634999120608e-05
1798,1745713503.1407328,2.192682950408198e-05
1799,1745713520.3064325,2.193902400904335e-05
1800,1745713537.9811513,2.1951220332994126e-05
1801,1745713554.3282382,2.1963414837955497e-05
1802,1745713573.8550575,2.197560934291687e-05
1803,1745713596.671844,2.1987805666867644e-05
1804,1745713605.6399984,2.2000000171829015e-05
1805,1745713786.7380497,2.2012194676790386e-05
1806,1745713803.478368,2.202439100074116e-05
1807,1745713827.875323,2.2036585505702533e-05
1808,1745713845.691803,2.2048780010663904e-05
1809,1745713866.1440456,2.206097633461468e-05
1810,1745713890.504917,2.207317083957605e-05
1811,1745713901.279706,2.2085365344537422e-05
1812,1745713922.486195,2.2097561668488197e-05
1813,1745713949.4334278,2.210975617344957e-05
1814,1745713960.6907113,2.212195067841094e-05
1815,1745713978.4809759,2.2134147002361715e-05
1816,1745713996.6860278,2.2146341507323086e-05
1817,1745714019.2317913,2.2158536012284458e-05
1818,1745714034.034183,2.2170732336235233e-05
1819,1745714055.549611,2.2182926841196604e-05
1820,1745714074.5473008,2.2195121346157975e-05
1821,1745714094.0768466,2.220731767010875e-05
1822,1745714112.0805166,2.2219512175070122e-05
1823,1745714131.8032236,2.2231706680031493e-05
1824,1745714157.685124,2.2243903003982268e-05
1825,1745714168.8403974,2.225609750894364e-05
1826,1745714193.0005777,2.226829201390501e-05
1827,1745714215.2229595,2.2280488337855786e-05
1828,1745714221.57434,2.2292682842817158e-05
1829,1745714245.0772915,2.230487734777853e-05
1830,1745714259.062571,2.2317073671729304e-05
1831,1745714277.127851,2.2329268176690675e-05
1832,1745714298.5237956,2.2341462681652047e-05
1833,1745714321.1730077,2.2353659005602822e-05
1834,1745714348.4123316,2.2365853510564193e-05
1835,1745714369.2559278,2.2378048015525565e-05
1836,1745714398.1075563,2.239024433947634e-05
1837,1745714418.4456222,2.240243884443771e-05
1838,1745714433.406748,2.2414633349399082e-05
1839,1745714451.3933258,2.2426829673349857e-05
1840,1745714479.34684,2.243902417831123e-05
1841,1745714489.7483425,2.24512186832726e-05
1842,1745714515.808728,2.2463415007223375e-05
1843,1745714539.245762,2.2475609512184747e-05
1844,1745714569.7587452,2.2487804017146118e-05
1845,1745714587.2904313,2.2500000341096893e-05
1846,1745714605.9250474,2.2512194846058264e-05
1847,1745714626.6776853,2.2524389351019636e-05
1848,1745714644.2909582,2.253658567497041e-05
1849,1745714668.7718384,2.2548780179931782e-05
1850,1745714675.6081004,2.2560976503882557e-05
1851,1745714696.2446733,2.257317100884393e-05
1852,1745714704.6124122,2.25853655138053e-05
1853,1745714727.3986337,2.2597561837756075e-05
1854,1745714741.5838308,2.2609756342717446e-05
1855,1745714758.4778266,2.2621950847678818e-05
1856,1745714783.1210747,2.2634147171629593e-05
1857,1745714806.23877,2.2646341676590964e-05
1858,1745714831.7640674,2.2658536181552336e-05
1859,1745714839.104288,2.267073250550311e-05
1860,1745714865.192798,2.2682927010464482e-05
1861,1745714896.4208436,2.2695121515425853e-05
1862,1745714916.9090219,2.270731783937663e-05
1863,1745714928.052918,2.2719512344338e-05
1864,1745714949.723788,2.273170684929937e-05
1865,1745714967.872774,2.2743903173250146e-05
1866,1745714986.6667361,2.2756097678211518e-05
1867,1745715007.3337662,2.276829218317289e-05
1868,1745715027.1959386,2.2780488507123664e-05
1869,1745715050.3956234,2.2792683012085035e-05
1870,1745715071.6041763,2.2804877517046407e-05
1871,1745715088.5790908,2.2817073840997182e-05
1872,1745715111.4131477,2.2829268345958553e-05
1873,1745715132.1966934,2.2841462850919925e-05
1874,1745715156.8210192,2.28536591748707e-05
1875,1745715177.8483536,2.286585367983207e-05
1876,1745715203.9440682,2.2878048184793442e-05
1877,1745715232.332704,2.2890244508744217e-05
1878,1745715249.3193634,2.290243901370559e-05
1879,1745715268.6950443,2.291463351866696e-05
1880,1745715288.873112,2.2926829842617735e-05
1881,1745715304.6575665,2.2939024347579107e-05
1882,1745715319.946452,2.2951218852540478e-05
1883,1745715340.447376,2.2963415176491253e-05
1884,1745715363.030305,2.2975609681452624e-05
1885,1745715381.775774,2.2987804186413996e-05
1886,1745715391.255933,2.300000051036477e-05
1887,1745715599.2038932,2.3012195015326142e-05
1888,1745715623.882801,2.3024389520287514e-05
1889,1745715640.9994793,2.303658584423829e-05
1890,1745715663.50748,2.304878034919966e-05
1891,1745715681.3037245,2.306097485416103e-05
1892,1745715701.7502387,2.3073171178111807e-05
1893,1745715723.334535,2.3085365683073178e-05
1894,1745715744.7367413,2.309756018803455e-05
1895,1745715755.4466925,2.3109756511985324e-05
1896,1745715777.5468636,2.3121951016946696e-05
1897,1745715799.8193603,2.3134145521908067e-05
1898,1745715815.2194774,2.3146341845858842e-05
1899,1745715831.1402385,2.3158536350820214e-05
1900,1745715846.6771615,2.3170730855781585e-05
1901,1745715871.1137707,2.318292717973236e-05
1902,1745715883.927646,2.319512168469373e-05
1903,1745715904.99353,2.3207316189655103e-05
1904,1745715926.1038446,2.3219512513605878e-05
1905,1745715946.9635026,2.323170701856725e-05
1906,1745715966.9772687,2.3243903342518024e-05
1907,1745715985.838772,2.3256097847479396e-05
1908,1745716002.5843947,2.3268292352440767e-05
1909,1745716022.0746799,2.3280488676391542e-05
1910,1745716050.5690308,2.3292683181352913e-05
1911,1745716066.5804503,2.3304877686314285e-05
1912,1745716084.4080927,2.331707401026506e-05
1913,1745716101.1608553,2.332926851522643e-05
1914,1745716115.1529782,2.3341463020187803e-05
1915,1745716134.1828601,2.3353659344138578e-05
1916,1745716152.8051896,2.336585384909995e-05
1917,1745716169.7720277,2.337804835406132e-05
1918,1745716183.5643167,2.3390244678012095e-05
1919,1745716203.7788157,2.3402439182973467e-05
1920,1745716230.4538386,2.3414633687934838e-05
1921,1745716251.648387,2.3426830011885613e-05
1922,1745716262.548416,2.3439024516846985e-05
1923,1745716287.0454547,2.3451219021808356e-05
1924,1745716307.5038383,2.346341534575913e-05
1925,1745716323.4925208,2.3475609850720502e-05
1926,1745716342.099581,2.3487804355681874e-05
1927,1745716364.7994971,2.350000067963265e-05
1928,1745716388.3162358,2.351219518459402e-05
1929,1745716395.517238,2.352438968955539e-05
1930,1745716416.7528753,2.3536586013506167e-05
1931,1745716443.9669614,2.3548780518467538e-05
1932,1745716459.140184,2.356097502342891e-05
1933,1745716484.606732,2.3573171347379684e-05
1934,1745716498.9188478,2.3585365852341056e-05
1935,1745716512.5080993,2.3597560357302427e-05
1936,1745716535.7956786,2.3609756681253202e-05
1937,1745716549.9276178,2.3621951186214574e-05
1938,1745716575.5238729,2.3634145691175945e-05
1939,1745716592.0395124,2.364634201512672e-05
1940,1745716614.2676468,2.365853652008809e-05
1941,1745716631.7832274,2.3670731025049463e-05
1942,1745716655.1179879,2.3682927349000238e-05
1943,1745716675.7053127,2.369512185396161e-05
1944,1745716698.5378733,2.370731635892298e-05
1945,1745716717.0768251,2.3719512682873756e-05
1946,1745716727.3903964,2.3731707187835127e-05
1947,1745716743.6207051,2.37439016927965e-05
1948,1745716779.5875187,2.3756098016747274e-05
1949,1745716793.0625472,2.3768292521708645e-05
1950,1745716817.0186586,2.3780487026670016e-05
1951,1745716839.1170542,2.379268335062079e-05
1952,1745716861.3090463,2.3804877855582163e-05
1953,1745716886.6541378,2.3817072360543534e-05
1954,1745716912.2232985,2.382926868449431e-05
1955,1745716933.9919314,2.384146318945568e-05
1956,1745716953.9970298,2.3853657694417052e-05
1957,1745716975.0705066,2.3865854018367827e-05
1958,1745716997.2909324,2.38780485233292e-05
1959,1745717021.0000553,2.389024302829057e-05
1960,1745717047.3005533,2.3902439352241345e-05
1961,1745717072.4186776,2.3914633857202716e-05
1962,1745717086.311723,2.3926828362164088e-05
1963,1745717109.1471121,2.3939024686114863e-05
1964,1745717125.1250088,2.3951219191076234e-05
1965,1745717149.6500192,2.396341551502701e-05
1966,1745717182.2757783,2.397561001998838e-05
1967,1745717208.1744223,2.3987804524949752e-05
1968,1745717216.5802467,2.4000000848900527e-05
1969,1745717395.5538173,2.4012195353861898e-05
1970,1745717420.0886548,2.402438985882327e-05
1971,1745717443.2451434,2.4036586182774045e-05
1972,1745717463.4757462,2.4048780687735416e-05
1973,1745717473.0268915,2.4060975192696787e-05
1974,1745717494.8837698,2.4073171516647562e-05
1975,1745717517.7059338,2.4085366021608934e-05
1976,1745717537.8025846,2.4097560526570305e-05
1977,1745717562.972117,2.410975685052108e-05
1978,1745717582.8895323,2.412195135548245e-05
1979,1745717597.3992941,2.4134145860443823e-05
1980,1745717620.7453926,2.4146342184394598e-05
1981,1745717643.425531,2.415853668935597e-05
1982,1745717657.3483744,2.417073119431734e-05
1983,1745717690.2805789,2.4182927518268116e-05
1984,1745717707.5786066,2.4195122023229487e-05
1985,1745717725.4402258,2.420731652819086e-05
1986,1745717761.9353878,2.4219512852141634e-05
1987,1745717773.4580803,2.4231707357103005e-05
1988,1745717794.8862581,2.4243901862064376e-05
1989,1745717816.1713908,2.425609818601515e-05
1990,1745717827.5972397,2.4268292690976523e-05
1991,1745717847.6546972,2.4280487195937894e-05
1992,1745717869.3758545,2.429268351988867e-05
1993,1745717890.646729,2.430487802485004e-05
1994,1745717912.8687038,2.4317072529811412e-05
1995,1745717933.646269,2.4329268853762187e-05
1996,1745717955.956088,2.434146335872356e-05
1997,1745717969.8694458,2.435365786368493e-05
1998,1745717983.111204,2.4365854187635705e-05
1999,1745718008.5875678,2.4378048692597076e-05
2000,1745718023.1043532,2.4390243197558448e-05
2001,1745718040.5179439,2.4402439521509223e-05
2002,1745718062.9716063,2.4414634026470594e-05
2003,1745718082.6919823,2.4426828531431966e-05
2004,1745718097.535799,2.443902485538274e-05
2005,1745718118.2267437,2.4451219360344112e-05
2006,1745718138.2444224,2.4463413865305483e-05
2007,1745718163.427642,2.447561018925626e-05
2008,1745718177.3866053,2.448780469421763e-05
2009,1745718197.0018282,2.4499999199179e-05
2010,1745718218.7436426,2.4512195523129776e-05
2011,1745718238.3316233,2.4524390028091148e-05
2012,1745718257.6070614,2.453658453305252e-05
2013,1745718279.1102517,2.4548780857003294e-05
2014,1745718299.2958488,2.4560975361964665e-05
2015,1745718333.7004995,2.4573169866926037e-05
2016,1745718357.7346985,2.4585366190876812e-05
2017,1745718371.4851575,2.4597560695838183e-05
2018,1745718390.516368,2.4609755200799555e-05
2019,1745718413.4092686,2.462195152475033e-05
2020,1745718433.4246356,2.46341460297117e-05
2021,1745718457.0848823,2.4646342353662476e-05
2022,1745718477.269472,2.4658536858623847e-05
2023,1745718488.9377005,2.467073136358522e-05
2024,1745718509.8958461,2.4682927687535994e-05
2025,1745718522.4641204,2.4695122192497365e-05
2026,1745718541.5754852,2.4707316697458737e-05
2027,1745718559.4118712,2.471951302140951e-05
2028,1745718574.6158137,2.4731707526370883e-05
2029,1745718590.2478414,2.4743902031332254e-05
2030,1745718609.9518478,2.475609835528303e-05
2031,1745718629.0055258,2.47682928602444e-05
2032,1745718649.436371,2.4780487365205772e-05
2033,1745718673.357954,2.4792683689156547e-05
2034,1745718697.7330234,2.480487819411792e-05
2035,1745718719.5653987,2.481707269907929e-05
2036,1745718745.1043136,2.4829269023030065e-05
2037,1745718761.4979134,2.4841463527991436e-05
2038,1745718781.33234,2.4853658032952808e-05
2039,1745718809.398903,2.4865854356903583e-05
2040,1745718841.5908287,2.4878048861864954e-05
2041,1745718861.6014395,2.4890243366826326e-05
2042,1745718876.7498975,2.49024396907771e-05
2043,1745718892.1745894,2.4914634195738472e-05
2044,1745718917.0751698,2.4926828700699843e-05
2045,1745718936.9924903,2.493902502465062e-05
2046,1745718956.0178285,2.495121952961199e-05
2047,1745718979.291877,2.496341403457336e-05
2048,1745719002.8310344,2.4975610358524136e-05
2049,1745719023.4081323,2.4987804863485508e-05
2050,1745719034.269155,2.499999936844688e-05
2051,1745719220.1220038,2.5012195692397654e-05
2052,1745719248.5329654,2.5024390197359025e-05
2053,1745719260.59047,2.5036584702320397e-05
2054,1745719279.7419734,2.5048781026271172e-05
2055,1745719303.0543303,2.5060975531232543e-05
2056,1745719325.6681492,2.5073170036193915e-05
2057,1745719346.0203831,2.508536636014469e-05
2058,1745719364.7435777,2.509756086510606e-05
2059,1745719388.116359,2.5109755370067433e-05
2060,1745719402.0336955,2.5121951694018207e-05
2061,1745719419.1404495,2.513414619897958e-05
2062,1745719438.2429428,2.514634070394095e-05
2063,1745719461.3378396,2.5158537027891725e-05
2064,1745719480.6525269,2.5170731532853097e-05
2065,1745719500.5773351,2.5182926037814468e-05
2066,1745719521.0448399,2.5195122361765243e-05
2067,1745719551.2487066,2.5207316866726615e-05
2068,1745719574.0833476,2.5219511371687986e-05
2069,1745719595.191441,2.523170769563876e-05
2070,1745719613.2855542,2.5243902200600132e-05
2071,1745719636.3318925,2.5256096705561504e-05
2072,1745719652.1927447,2.526829302951228e-05
2073,1745719672.9065843,2.528048753447365e-05
2074,1745719693.2506177,2.529268203943502e-05
2075,1745719716.5806148,2.5304878363385797e-05
2076,1745719735.7023416,2.5317072868347168e-05
2077,1745719750.5500903,2.5329269192297943e-05
2078,1745719776.0138793,2.5341463697259314e-05
2079,1745719800.8400776,2.5353658202220686e-05
2080,1745719820.2728758,2.536585452617146e-05
2081,1745719840.8168354,2.5378049031132832e-05
2082,1745719866.7071118,2.5390243536094204e-05
2083,1745719880.0934558,2.540243986004498e-05
2084,1745719902.6854937,2.541463436500635e-05
2085,1745719927.1987572,2.542682886996772e-05
2086,1745719942.984929,2.5439025193918496e-05
2087,1745719964.4093766,2.5451219698879868e-05
2088,1745719984.4875247,2.546341420384124e-05
2089,1745720002.1330678,2.5475610527792014e-05
2090,1745720021.6961875,2.5487805032753386e-05
2091,1745720043.6573133,2.5499999537714757e-05
2092,1745720058.4503715,2.5512195861665532e-05
2093,1745720083.1432295,2.5524390366626903e-05
2094,1745720103.716776,2.5536584871588275e-05
2095,1745720121.666248,2.554878119553905e-05
2096,1745720142.6471958,2.556097570050042e-05
2097,1745720164.5300262,2.5573170205461793e-05
2098,1745720189.5823464,2.5585366529412568e-05
2099,1745720207.5678644,2.559756103437394e-05
2100,1745720222.516168,2.560975553933531e-05
2101,1745720232.1166239,2.5621951863286085e-05
2102,1745720256.3438756,2.5634146368247457e-05
2103,1745720275.5912323,2.5646340873208828e-05
2104,1745720299.681277,2.5658537197159603e-05
2105,1745720316.2070527,2.5670731702120975e-05
2106,1745720331.441031,2.5682926207082346e-05
2107,1745720357.460476,2.569512253103312e-05
2108,1745720374.6283588,2.5707317035994492e-05
2109,1745720391.8923717,2.5719511540955864e-05
2110,1745720414.7196245,2.573170786490664e-05
2111,1745720423.6978097,2.574390236986801e-05
2112,1745720435.8429766,2.5756096874829382e-05
2113,1745720458.4719505,2.5768293198780157e-05
2114,1745720478.427782,2.5780487703741528e-05
2115,1745720501.5022962,2.57926822087029e-05
2116,1745720525.607773,2.5804878532653674e-05
2117,1745720542.3898633,2.5817073037615046e-05
2118,1745720564.9576528,2.5829267542576417e-05
2119,1745720588.7755642,2.5841463866527192e-05
2120,1745720613.6035106,2.5853658371488564e-05
2121,1745720634.2808666,2.5865852876449935e-05
2122,1745720662.874749,2.587804920040071e-05
2123,1745720686.4167802,2.589024370536208e-05
2124,1745720708.6144466,2.5902438210323453e-05
2125,1745720730.775265,2.5914634534274228e-05
2126,1745720759.6960685,2.59268290392356e-05
2127,1745720780.3414373,2.593902354419697e-05
2128,1745720809.952453,2.5951219868147746e-05
2129,1745720816.7184932,2.5963414373109117e-05
2130,1745720837.357377,2.597560887807049e-05
2131,1745720862.608137,2.5987805202021264e-05
2132,1745720869.4286842,2.5999999706982635e-05
2133,1745721048.2072935,2.601219603093341e-05
2134,1745721070.897006,2.602439053589478e-05
2135,1745721091.1724842,2.6036585040856153e-05
2136,1745721102.9241192,2.6048781364806928e-05
2137,1745721124.2662036,2.60609758697683e-05
2138,1745721133.6948476,2.607317037472967e-05
2139,1745721155.212972,2.6085366698680446e-05
2140,1745721176.6323438,2.6097561203641817e-05
2141,1745721197.8996158,2.610975570860319e-05
2142,1745721217.516702,2.6121952032553963e-05
2143,1745721235.1394873,2.6134146537515335e-05
2144,1745721256.2117374,2.6146341042476706e-05
2145,1745721274.7278295,2.615853736642748e-05
2146,1745721306.481508,2.6170731871388853e-05
2147,1745721320.1654599,2.6182926376350224e-05
2148,1745721339.265686,2.6195122700301e-05
2149,1745721364.8127577,2.620731720526237e-05
2150,1745721385.0597284,2.6219511710223742e-05
2151,1745721402.7705815,2.6231708034174517e-05
2152,1745721419.5178509,2.6243902539135888e-05
2153,1745721440.7689462,2.625609704409726e-05
2154,1745721460.5749037,2.6268293368048035e-05
2155,1745721476.649684,2.6280487873009406e-05
2156,1745721507.9548697,2.6292682377970777e-05
2157,1745721516.2859612,2.6304878701921552e-05
2158,1745721538.183396,2.6317073206882924e-05
2159,1745721556.7939131,2.6329267711844295e-05
2160,1745721578.4955668,2.634146403579507e-05
2161,1745721602.6490018,2.635365854075644e-05
2162,1745721618.383785,2.6365853045717813e-05
2163,1745721634.8573565,2.6378049369668588e-05
2164,1745721657.0750031,2.639024387462996e-05
2165,1745721670.0833306,2.640243837959133e-05
2166,1745721690.2149062,2.6414634703542106e-05
2167,1745721715.1334865,2.6426829208503477e-05
2168,1745721733.3412392,2.643902371346485e-05
2169,1745721751.443834,2.6451220037415624e-05
2170,1745721774.2311103,2.6463414542376995e-05
2171,1745721801.2018595,2.6475609047338367e-05
2172,1745721810.8621356,2.648780537128914e-05
2173,1745721834.1096544,2.6499999876250513e-05
2174,1745721854.1920636,2.6512194381211884e-05
2175,1745721871.3752337,2.652439070516266e-05
2176,1745721892.0802805,2.653658521012403e-05
2177,1745721908.5537238,2.6548779715085402e-05
2178,1745721932.8192532,2.6560976039036177e-05
2179,1745721953.6112502,2.657317054399755e-05
2180,1745721969.5008464,2.658536504895892e-05
2181,1745721990.2999077,2.6597561372909695e-05
2182,1745722008.978215,2.6609755877871066e-05
2183,1745722029.321467,2.6621950382832438e-05
2184,1745722050.2947588,2.6634146706783213e-05
2185,1745722071.6229014,2.6646341211744584e-05
2186,1745722085.9821663,2.6658535716705956e-05
2187,1745722114.0828323,2.667073204065673e-05
2188,1745722132.965874,2.6682926545618102e-05
2189,1745722154.2262917,2.6695121050579473e-05
2190,1745722175.9533758,2.670731737453025e-05
2191,1745722200.441415,2.671951187949162e-05
2192,1745722222.7494097,2.6731708203442395e-05
2193,1745722244.6348603,2.6743902708403766e-05
2194,1745722263.1232889,2.6756097213365138e-05
2195,1745722283.8057792,2.6768293537315913e-05
2196,1745722303.4959967,2.6780488042277284e-05
2197,1745722323.7374902,2.6792682547238655e-05
2198,1745722341.6683946,2.680487887118943e-05
2199,1745722366.607902,2.6817073376150802e-05
2200,1745722389.1492405,2.6829267881112173e-05
2201,1745722416.58802,2.6841464205062948e-05
2202,1745722438.7539158,2.685365871002432e-05
2203,1745722460.4625728,2.686585321498569e-05
2204,1745722485.6018336,2.6878049538936466e-05
2205,1745722506.7144938,2.6890244043897837e-05
2206,1745722527.6629722,2.690243854885921e-05
2207,1745722542.4653282,2.6914634872809984e-05
2208,1745722565.9988291,2.6926829377771355e-05
2209,1745722585.9679055,2.6939023882732727e-05
2210,1745722609.349815,2.69512202066835e-05
2211,1745722634.6450548,2.6963414711644873e-05
2212,1745722652.4034078,2.6975609216606244e-05
2213,1745722671.3659573,2.698780554055702e-05
2214,1745722679.3068876,2.700000004551839e-05
2215,1745722874.0471137,2.7012194550479762e-05
2216,1745722894.2256024,2.7024390874430537e-05
2217,1745722920.5754352,2.703658537939191e-05
2218,1745722933.1909494,2.704877988435328e-05
2219,1745722955.884262,2.7060976208304055e-05
2220,1745722977.7761931,2.7073170713265426e-05
2221,1745723000.58538,2.7085365218226798e-05
2222,1745723022.0801654,2.7097561542177573e-05
2223,1745723042.3525102,2.7109756047138944e-05
2224,1745723069.932324,2.7121950552100316e-05
2225,1745723082.3826344,2.713414687605109e-05
2226,1745723101.2715888,2.7146341381012462e-05
2227,1745723127.9341257,2.7158535885973834e-05
2228,1745723152.5804045,2.717073220992461e-05
2229,1745723169.9424095,2.718292671488598e-05
2230,1745723199.0364375,2.719512121984735e-05
2231,1745723214.1538758,2.7207317543798126e-05
2232,1745723238.3218365,2.7219512048759498e-05
2233,1745723255.7230144,2.723170655372087e-05
2234,1745723276.805585,2.7243902877671644e-05
2235,1745723290.612692,2.7256097382633016e-05
2236,1745723309.0572746,2.7268291887594387e-05
2237,1745723335.6541157,2.7280488211545162e-05
2238,1745723343.4748933,2.7292682716506533e-05
2239,1745723369.317215,2.7304877221467905e-05
2240,1745723378.1322713,2.731707354541868e-05
2241,1745723402.7992299,2.732926805038005e-05
2242,1745723420.6791449,2.7341462555341423e-05
2243,1745723438.920601,2.7353658879292198e-05
2244,1745723460.8449478,2.736585338425357e-05
2245,1745723481.8078396,2.737804788921494e-05
2246,1745723500.9366014,2.7390244213165715e-05
2247,1745723524.9210064,2.7402438718127087e-05
2248,1745723540.6800814,2.7414635042077862e-05
2249,1745723553.1707308,2.7426829547039233e-05
2250,1745723577.9226842,2.7439024052000605e-05
2251,1745723588.921858,2.745122037595138e-05
2252,1745723616.5326498,2.746341488091275e-05
2253,1745723631.5442762,2.7475609385874122e-05
2254,1745723650.7177622,2.7487805709824897e-05
2255,1745723666.1370463,2.750000021478627e-05
2256,1745723693.7815537,2.751219471974764e-05
2257,1745723723.112638,2.7524391043698415e-05
2258,1745723732.5539804,2.7536585548659787e-05
2259,1745723756.4065843,2.7548780053621158e-05
2260,1745723779.0038996,2.7560976377571933e-05
2261,1745723800.4741144,2.7573170882533304e-05
2262,1745723821.1399782,2.7585365387494676e-05
2263,1745723837.478467,2.759756171144545e-05
2264,1745723855.4798045,2.7609756216406822e-05
2265,1745723881.5024393,2.7621950721368194e-05
2266,1745723914.982268,2.763414704531897e-05
2267,1745723942.5393147,2.764634155028034e-05
2268,1745723952.5758722,2.765853605524171e-05
2269,1745723974.8867388,2.7670732379192486e-05
2270,1745723997.0859733,2.7682926884153858e-05
2271,1745724007.0914586,2.769512138911523e-05
2272,1745724023.863021,2.7707317713066004e-05
2273,1745724052.761626,2.7719512218027376e-05
2274,1745724079.8501906,2.7731706722988747e-05
2275,1745724103.8862567,2.7743903046939522e-05
2276,1745724135.7826762,2.7756097551900893e-05
2277,1745724160.1962707,2.7768292056862265e-05
2278,1745724179.040833,2.778048838081304e-05
2279,1745724195.5534992,2.779268288577441e-05
2280,1745724218.4931123,2.7804877390735783e-05
2281,1745724238.7282424,2.7817073714686558e-05
2282,1745724274.2699752,2.782926821964793e-05
2283,1745724288.9036503,2.78414627246093e-05
2284,1745724305.5210607,2.7853659048560075e-05
2285,1745724324.584874,2.7865853553521447e-05
2286,1745724347.2100017,2.7878048058482818e-05
2287,1745724371.400294,2.7890244382433593e-05
2288,1745724390.3647013,2.7902438887394965e-05
2289,1745724411.8366394,2.7914633392356336e-05
2290,1745724430.8783,2.792682971630711e-05
2291,1745724454.2949126,2.7939024221268483e-05
2292,1745724472.1711981,2.7951218726229854e-05
2293,1745724490.7846203,2.796341505018063e-05
2294,1745724515.1803362,2.7975609555142e-05
2295,1745724538.9698737,2.7987804060103372e-05
2296,1745724546.3783977,2.8000000384054147e-05
2297,1745724729.4627438,2.8012194889015518e-05
2298,1745724742.2843277,2.802438939397689e-05
2299,1745724766.0001721,2.8036585717927665e-05
2300,1745724781.4875953,2.8048780222889036e-05
2301,1745724812.0473757,2.8060974727850407e-05
2302,1745724830.2621355,2.8073171051801182e-05
2303,1745724850.4033213,2.8085365556762554e-05
2304,1745724870.4800625,2.809756188071333e-05
2305,1745724898.0517464,2.81097563856747e-05
2306,1745724921.3846548,2.812195089063607e-05
2307,1745724944.6357956,2.8134147214586847e-05
2308,1745724966.9928315,2.8146341719548218e-05
2309,1745724994.5297968,2.815853622450959e-05
2310,1745725006.9436798,2.8170732548460364e-05
2311,1745725030.9363244,2.8182927053421736e-05
2312,1745725052.7406044,2.8195121558383107e-05
2313,1745725078.7579868,2.8207317882333882e-05
2314,1745725094.2949588,2.8219512387295254e-05
2315,1745725113.9709556,2.8231706892256625e-05
2316,1745725133.9307754,2.82439032162074e-05
2317,1745725148.689945,2.825609772116877e-05
2318,1745725172.761583,2.8268292226130143e-05
2319,1745725193.9667265,2.8280488550080918e-05
2320,1745725215.927147,2.829268305504229e-05
2321,1745725247.4139383,2.830487756000366e-05
2322,1745725264.5423605,2.8317073883954436e-05
2323,1745725277.6932888,2.8329268388915807e-05
2324,1745725300.5009277,2.834146289387718e-05
2325,1745725324.7727997,2.8353659217827953e-05
2326,1745725350.6177304,2.8365853722789325e-05
2327,1745725370.4808455,2.8378048227750696e-05
2328,1745725383.5384007,2.839024455170147e-05
2329,1745725409.116897,2.8402439056662843e-05
2330,1745725423.766309,2.8414633561624214e-05
2331,1745725444.9349937,2.842682988557499e-05
2332,1745725468.3153205,2.843902439053636e-05
2333,1745725487.7801359,2.8451218895497732e-05
2334,1745725511.6492565,2.8463415219448507e-05
2335,1745725528.6980968,2.8475609724409878e-05
2336,1745725557.170871,2.848780422937125e-05
2337,1745725583.2261868,2.8500000553322025e-05
2338,1745725610.4906719,2.8512195058283396e-05
2339,1745725618.0518365,2.8524389563244767e-05
2340,1745725637.8772674,2.8536585887195542e-05
2341,1745725664.2371082,2.8548780392156914e-05
2342,1745725677.7697585,2.8560974897118285e-05
2343,1745725700.898041,2.857317122106906e-05
2344,1745725720.5942686,2.858536572603043e-05
2345,1745725735.6167238,2.8597560230991803e-05
2346,1745725758.6433663,2.8609756554942578e-05
2347,1745725780.2135565,2.862195105990395e-05
2348,1745725798.7700438,2.863414556486532e-05
2349,1745725818.3389459,2.8646341888816096e-05
2350,1745725842.0367334,2.8658536393777467e-05
2351,1745725863.261637,2.867073089873884e-05
2352,1745725890.283741,2.8682927222689614e-05
2353,1745725914.4420245,2.8695121727650985e-05
2354,1745725935.0951421,2.8707316232612357e-05
2355,1745725955.6200883,2.871951255656313e-05
2356,1745725976.8348107,2.8731707061524503e-05
2357,1745725999.4086664,2.8743901566485874e-05
2358,1745726005.765663,2.875609789043665e-05
2359,1745726027.7818563,2.876829239539802e-05
2360,1745726036.1699848,2.8780486900359392e-05
2361,1745726059.3343058,2.8792683224310167e-05
2362,1745726086.6411612,2.880487772927154e-05
2363,1745726110.61985,2.8817074053222314e-05
2364,1745726120.9420931,2.8829268558183685e-05
2365,1745726139.6251154,2.8841463063145056e-05
2366,1745726162.0511649,2.885365938709583e-05
2367,1745726176.781524,2.8865853892057203e-05
2368,1745726201.093053,2.8878048397018574e-05
2369,1745726214.9324224,2.889024472096935e-05
2370,1745726239.9838686,2.890243922593072e-05
2371,1745726262.104911,2.8914633730892092e-05
2372,1745726284.5097656,2.8926830054842867e-05
2373,1745726305.4744458,2.893902455980424e-05
2374,1745726339.091773,2.895121906476561e-05
2375,1745726357.2935143,2.8963415388716385e-05
2376,1745726381.4729056,2.8975609893677756e-05
2377,1745726402.9202185,2.8987804398639128e-05
2378,1745726414.016107,2.9000000722589903e-05
2379,1745726589.9491646,2.9012195227551274e-05
2380,1745726615.264924,2.9024389732512645e-05
2381,1745726641.6006541,2.903658605646342e-05
2382,1745726650.6101685,2.9048780561424792e-05
2383,1745726670.253658,2.9060975066386163e-05
2384,1745726683.8627675,2.9073171390336938e-05
2385,1745726699.5198617,2.908536589529831e-05
2386,1745726716.349357,2.909756040025968e-05
2387,1745726752.6545846,2.9109756724210456e-05
2388,1745726761.729835,2.9121951229171827e-05
2389,1745726768.7557547,2.91341457341332e-05
2390,1745726802.7729163,2.9146342058083974e-05
2391,1745726812.6082058,2.9158536563045345e-05
2392,1745726839.2304056,2.9170731068006717e-05
2393,1745726860.4357038,2.918292739195749e-05
2394,1745726871.8913279,2.9195121896918863e-05
2395,1745726898.3943808,2.9207316401880234e-05
2396,1745726929.6814804,2.921951272583101e-05
2397,1745726937.1846032,2.923170723079238e-05
2398,1745726947.232488,2.9243901735753752e-05
2399,1745726965.3193817,2.9256098059704527e-05
2400,1745726988.7043452,2.92682925646659e-05
2401,1745727001.3782322,2.928048706962727e-05
2402,1745727023.4001465,2.9292683393578045e-05
2403,1745727050.4987278,2.9304877898539416e-05
2404,1745727075.141971,2.9317072403500788e-05
2405,1745727087.776431,2.9329268727451563e-05
2406,1745727112.7379541,2.9341463232412934e-05
2407,1745727130.0009944,2.9353657737374306e-05
2408,1745727149.2885418,2.936585406132508e-05
2409,1745727173.0181947,2.9378048566286452e-05
2410,1745727192.1998656,2.9390243071247824e-05
2411,1745727212.6509018,2.94024393951986e-05
2412,1745727224.028399,2.941463390015997e-05
2413,1745727243.562486,2.942682840512134e-05
2414,1745727264.3293638,2.9439024729072116e-05
2415,1745727287.3470826,2.9451219234033488e-05
2416,1745727304.675569,2.946341373899486e-05
2417,1745727322.8674064,2.9475610062945634e-05
2418,1745727344.4207814,2.9487804567907006e-05
2419,1745727366.6936145,2.950000089185778e-05
2420,1745727383.5984998,2.9512195396819152e-05
2421,1745727401.2899928,2.9524389901780523e-05
2422,1745727423.8028948,2.95365862257313e-05
2423,1745727445.5669696,2.954878073069267e-05
2424,1745727466.028044,2.956097523565404e-05
2425,1745727485.9027424,2.9573171559604816e-05
2426,1745727517.9344814,2.9585366064566188e-05
2427,1745727526.1727316,2.959756056952756e-05
2428,1745727557.9723642,2.9609756893478334e-05
2429,1745727585.7958658,2.9621951398439705e-05
2430,1745727598.8112895,2.9634145903401077e-05
2431,1745727618.1598382,2.9646342227351852e-05
2432,1745727634.8269281,2.9658536732313223e-05
2433,1745727658.393737,2.9670731237274595e-05
2434,1745727680.6898901,2.968292756122537e-05
2435,1745727710.9651322,2.969512206618674e-05
2436,1745727739.9530709,2.9707316571148112e-05
2437,1745727764.1491156,2.9719512895098887e-05
2438,1745727787.8404324,2.973170740006026e-05
2439,1745727811.3450418,2.974390190502163e-05
2440,1745727840.910078,2.9756098228972405e-05
2441,1745727851.6536756,2.9768292733933777e-05
2442,1745727876.1012573,2.9780487238895148e-05
2443,1745727892.5033653,2.9792683562845923e-05
2444,1745727923.9148073,2.9804878067807294e-05
2445,1745727950.4100258,2.9817072572768666e-05
2446,1745727974.048503,2.982926889671944e-05
2447,1745728006.3882012,2.9841463401680812e-05
2448,1745728029.0314422,2.9853657906642184e-05
2449,1745728052.8713515,2.986585423059296e-05
2450,1745728073.3834038,2.987804873555433e-05
2451,1745728097.8484476,2.98902432405157e-05
2452,1745728120.5099103,2.9902439564466476e-05
2453,1745728134.5351987,2.9914634069427848e-05
2454,1745728156.1043131,2.992682857438922e-05
2455,1745728177.9157836,2.9939024898339994e-05
2456,1745728202.161209,2.9951219403301366e-05
2457,1745728222.8932269,2.9963413908262737e-05
2458,1745728242.29884,2.9975610232213512e-05
2459,1745728257.4552472,2.9987804737174883e-05
2460,1745728263.1332514,2.9999999242136255e-05
2461,1745728449.390394,2.9998644095030613e-05
2462,1745728470.1305141,2.9997290766914375e-05
2463,1745728484.0452967,2.9995935619808733e-05
2464,1745728502.038231,2.9994580472703092e-05
2465,1745728519.855412,2.999322532559745e-05
2466,1745728539.4784048,2.999187017849181e-05
2467,1745728555.0040202,2.9990515031386167e-05
2468,1745728575.8566933,2.9989159884280525e-05
2469,1745728604.3240411,2.9987804737174883e-05
2470,1745728615.7511141,2.9986449590069242e-05
2471,1745728642.5836296,2.99850944429636e-05
2472,1745728660.0985332,2.998373929585796e-05
2473,1745728681.7945442,2.9982384148752317e-05
2474,1745728694.5747526,2.9981029001646675e-05
2475,1745728731.5377696,2.9979675673530437e-05
2476,1745728760.7108662,2.9978320526424795e-05
2477,1745728772.2577074,2.9976965379319154e-05
2478,1745728793.9831083,2.9975610232213512e-05
2479,1745728814.3657763,2.997425508510787e-05
2480,1745728825.8024921,2.997289993800223e-05
2481,1745728861.5785985,2.9971544790896587e-05
2482,1745728881.8975253,2.9970189643790945e-05
2483,1745728898.5352337,2.9968834496685304e-05
2484,1745728918.5063329,2.9967479349579662e-05
2485,1745728941.7357206,2.996612420247402e-05
2486,1745728964.6233737,2.996476905536838e-05
2487,1745728979.9114637,2.9963413908262737e-05
2488,1745728997.5376573,2.9962058761157095e-05
2489,1745729022.2936351,2.9960705433040857e-05
2490,1745729039.7012076,2.9959350285935216e-05
2491,1745729058.6953456,2.9957995138829574e-05
2492,1745729086.8281314,2.9956639991723932e-05
2493,1745729097.0209713,2.995528484461829e-05
2494,1745729116.01112,2.995392969751265e-05
2495,1745729138.6530952,2.9952574550407007e-05
2496,1745729165.8567638,2.9951219403301366e-05
2497,1745729189.9573908,2.9949864256195724e-05
2498,1745729207.5040302,2.9948509109090082e-05
2499,1745729221.358979,2.994715396198444e-05
2500,1745729244.852823,2.99457988148788e-05
2501,1745729270.225115,2.9944443667773157e-05
2502,1745729287.8038673,2.994309033965692e-05
2503,1745729305.639823,2.9941735192551278e-05
2504,1745729329.9513478,2.9940380045445636e-05
2505,1745729349.9338284,2.9939024898339994e-05
2506,1745729368.4762526,2.9937669751234353e-05
2507,1745729387.3564346,2.993631460412871e-05
2508,1745729415.1758459,2.993495945702307e-05
2509,1745729421.7961495,2.9933604309917428e-05
2510,1745729441.0866325,2.9932249162811786e-05
2511,1745729464.2562325,2.9930894015706144e-05
2512,1745729485.2393355,2.9929538868600503e-05
2513,1745729505.991185,2.992818372149486e-05
2514,1745729526.7058156,2.992682857438922e-05
2515,1745729545.1014576,2.9925473427283578e-05
2516,1745729566.164969,2.992412009916734e-05
2517,1745729589.9185152,2.9922764952061698e-05
2518,1745729610.2865932,2.9921409804956056e-05
2519,1745729636.6996036,2.9920054657850415e-05
2520,1745729660.011232,2.9918699510744773e-05
2521,1745729679.482475,2.991734436363913e-05
2522,1745729692.8508966,2.991598921653349e-05
2523,1745729718.3234365,2.9914634069427848e-05
2524,1745729747.3443258,2.9913278922322206e-05
2525,1745729773.3741236,2.9911923775216565e-05
2526,1745729803.0029268,2.9910568628110923e-05
2527,1745729821.0388627,2.990921348100528e-05
2528,1745729846.365157,2.990785833389964e-05
2529,1745729854.7512293,2.9906503186793998e-05
2530,1745729878.0496366,2.990514985867776e-05
2531,1745729898.982883,2.9903794711572118e-05
2532,1745729923.2062407,2.9902439564466476e-05
2533,1745729945.4650555,2.9901084417360835e-05
2534,1745729966.5784655,2.9899729270255193e-05
2535,1745729982.4488347,2.989837412314955e-05
2536,1745730000.1487029,2.989701897604391e-05
2537,1745730017.145722,2.9895663828938268e-05
2538,1745730032.624933,2.9894308681832626e-05
2539,1745730059.2026064,2.9892953534726985e-05
2540,1745730080.6002505,2.9891598387621343e-05
2541,1745730103.183854,2.98902432405157e-05
2542,1745730108.7553065,2.988888809341006e-05
2543,1745730290.388907,2.988753476529382e-05
2544,1745730311.9919236,2.988617961818818e-05
2545,1745730336.033549,2.988482447108254e-05
2546,1745730353.1136982,2.9883469323976897e-05
2547,1745730375.1746175,2.9882114176871255e-05
2548,1745730390.227231,2.9880759029765613e-05
2549,1745730408.5336742,2.9879403882659972e-05
2550,1745730427.12633,2.987804873555433e-05
2551,1745730447.437265,2.987669358844869e-05
2552,1745730472.7683687,2.9875338441343047e-05
2553,1745730481.6022422,2.9873983294237405e-05
2554,1745730509.3729107,2.9872628147131763e-05
2555,1745730533.1592968,2.9871273000026122e-05
2556,1745730554.5184562,2.986991785292048e-05
2557,1745730568.025564,2.9868564524804242e-05
2558,1745730588.6258776,2.98672093776986e-05
2559,1745730606.3749607,2.986585423059296e-05
2560,1745730626.9958634,2.9864499083487317e-05
2561,1745730658.871549,2.9863143936381675e-05
2562,1745730666.16839,2.9861788789276034e-05
2563,1745730682.7587085,2.9860433642170392e-05
2564,1745730700.6459205,2.985907849506475e-05
2565,1745730724.7417822,2.985772334795911e-05
2566,1745730752.6985657,2.9856368200853467e-05
2567,1745730766.3892715,2.9855013053747825e-05
2568,1745730783.3585854,2.9853657906642184e-05
2569,1745730804.3749433,2.9852302759536542e-05
2570,1745730832.4477365,2.98509476124309e-05
2571,1745730841.3635237,2.9849594284314662e-05
2572,1745730848.7779593,2.984823913720902e-05
2573,1745730869.7779596,2.984688399010338e-05
2574,1745730889.0719447,2.9845528842997737e-05
2575,1745730906.193654,2.9844173695892096e-05
2576,1745730931.1743262,2.9842818548786454e-05
2577,1745730941.3593557,2.9841463401680812e-05
2578,1745730961.669141,2.984010825457517e-05
2579,1745730980.926997,2.983875310746953e-05
2580,1745731001.568179,2.9837397960363887e-05
2581,1745731024.9594963,2.9836042813258246e-05
2582,1745731043.9009938,2.9834687666152604e-05
2583,1745731068.6115236,2.9833332519046962e-05
2584,1745731089.5106668,2.9831979190930724e-05
2585,1745731106.4505801,2.9830624043825082e-05
2586,1745731124.88556,2.982926889671944e-05
2587,1745731147.7896657,2.98279137496138e-05
2588,1745731153.7619774,2.9826558602508157e-05
2589,1745731178.4515886,2.9825203455402516e-05
2590,1745731192.7651105,2.9823848308296874e-05
2591,1745731219.7589793,2.9822493161191233e-05
2592,1745731235.9106119,2.982113801408559e-05
2593,1745731256.6543317,2.981978286697995e-05
2594,1745731282.072031,2.9818427719874308e-05
2595,1745731305.045157,2.9817072572768666e-05
2596,1745731328.2387667,2.9815717425663024e-05
2597,1745731351.1736836,2.9814362278557383e-05
2598,1745731369.5162702,2.9813008950441144e-05
2599,1745731392.2942438,2.9811653803335503e-05
2600,1745731418.7535412,2.981029865622986e-05
2601,1745731435.6531775,2.980894350912422e-05
2602,1745731463.2393892,2.9807588362018578e-05
2603,1745731481.888817,2.9806233214912936e-05
2604,1745731502.7961707,2.9804878067807294e-05
2605,1745731516.9985862,2.9803522920701653e-05
2606,1745731541.7282329,2.980216777359601e-05
2607,1745731563.3398921,2.980081262649037e-05
2608,1745731581.3715935,2.9799457479384728e-05
2609,1745731601.399131,2.9798102332279086e-05
2610,1745731622.7553222,2.9796747185173444e-05
2611,1745731640.034961,2.9795393857057206e-05
2612,1745731658.1699145,2.9794038709951565e-05
2613,1745731675.92502,2.9792683562845923e-05
2614,1745731692.3663454,2.979132841574028e-05
2615,1745731715.3068485,2.978997326863464e-05
2616,1745731740.3655398,2.9788618121528998e-05
2617,1745731762.8544035,2.9787262974423356e-05
2618,1745731786.7087164,2.9785907827317715e-05
2619,1745731806.3162324,2.9784552680212073e-05
2620,1745731826.2152815,2.978319753310643e-05
2621,1745731845.9285808,2.978184238600079e-05
2622,1745731864.972573,2.9780487238895148e-05
2623,1745731876.9044445,2.9779132091789506e-05
2624,1745731887.0636046,2.9777776944683865e-05
2625,1745732065.874138,2.9776423616567627e-05
2626,1745732074.9776695,2.9775068469461985e-05
2627,1745732094.4337394,2.9773713322356343e-05
2628,1745732119.872957,2.97723581752507e-05
2629,1745732131.3936775,2.977100302814506e-05
2630,1745732162.379424,2.9769647881039418e-05
2631,1745732171.3662968,2.9768292733933777e-05
2632,1745732196.4120069,2.9766937586828135e-05
2633,1745732217.2158854,2.9765582439722493e-05
2634,1745732240.2504907,2.976422729261685e-05
2635,1745732259.671451,2.976287214551121e-05
2636,1745732278.452957,2.9761516998405568e-05
2637,1745732297.8028684,2.9760161851299927e-05
2638,1745732320.5532641,2.9758806704194285e-05
2639,1745732331.083405,2.9757453376078047e-05
2640,1745732352.9890652,2.9756098228972405e-05
2641,1745732369.1132872,2.9754743081866764e-05
2642,1745732386.24271,2.9753387934761122e-05
2643,1745732402.9685247,2.975203278765548e-05
2644,1745732426.4129627,2.975067764054984e-05
2645,1745732434.4732244,2.9749322493444197e-05
2646,1745732461.4987648,2.9747967346338555e-05
2647,1745732477.4390068,2.9746612199232914e-05
2648,1745732493.352239,2.9745257052127272e-05
2649,1745732515.7382545,2.974390190502163e-05
2650,1745732538.2444682,2.974254675791599e-05
2651,1745732563.292929,2.9741191610810347e-05
2652,1745732595.9260685,2.973983828269411e-05
2653,1745732614.0068667,2.9738483135588467e-05
2654,1745732624.0139134,2.9737127988482825e-05
2655,1745732644.4379518,2.9735772841377184e-05
2656,1745732663.339765,2.9734417694271542e-05
2657,1745732684.932376,2.97330625471659e-05
2658,1745732705.6359065,2.973170740006026e-05
2659,1745732720.6807878,2.9730352252954617e-05
2660,1745732737.5496874,2.9728997105848975e-05
2661,1745732765.5593488,2.9727641958743334e-05
2662,1745732780.0999386,2.9726286811637692e-05
2663,1745732797.160013,2.972493166453205e-05
2664,1745732821.24295,2.972357651742641e-05
2665,1745732835.0955415,2.9722221370320767e-05
2666,1745732856.886444,2.972086804220453e-05
2667,1745732875.5998714,2.9719512895098887e-05
2668,1745732893.3346617,2.9718157747993246e-05
2669,1745732919.2350852,2.9716802600887604e-05
2670,1745732926.3688965,2.9715447453781962e-05
2671,1745732950.9055667,2.971409230667632e-05
2672,1745732980.0475433,2.971273715957068e-05
2673,1745732998.9560704,2.9711382012465037e-05
2674,1745733015.7406728,2.9710026865359396e-05
2675,1745733043.0470824,2.9708671718253754e-05
2676,1745733062.375531,2.9707316571148112e-05
2677,1745733081.5719204,2.970596142404247e-05
2678,1745733104.2840593,2.970460627693683e-05
2679,1745733125.52027,2.9703251129831187e-05
2680,1745733144.7101362,2.970189780171495e-05
2681,1745733166.808981,2.9700542654609308e-05
2682,1745733184.342125,2.9699187507503666e-05
2683,1745733205.9439955,2.9697832360398024e-05
2684,1745733229.3726091,2.9696477213292383e-05
2685,1745733252.1424904,2.969512206618674e-05
2686,1745733276.5627172,2.96937669190811e-05
2687,1745733300.0948498,2.9692411771975458e-05
2688,1745733313.0279403,2.9691056624869816e-05
2689,1745733336.4314067,2.9689701477764174e-05
2690,1745733360.7221453,2.9688346330658533e-05
2691,1745733386.598547,2.968699118355289e-05
2692,1745733413.4103186,2.968563603644725e-05
2693,1745733432.6683884,2.968428270833101e-05
2694,1745733454.6605024,2.968292756122537e-05
2695,1745733470.3255153,2.9681572414119728e-05
2696,1745733484.1854393,2.9680217267014086e-05
2697,1745733514.615153,2.9678862119908445e-05
2698,1745733532.2791784,2.9677506972802803e-05
2699,1745733553.4191103,2.967615182569716e-05
2700,1745733571.9374685,2.967479667859152e-05
2701,1745733597.165104,2.9673441531485878e-05
2702,1745733606.623597,2.9672086384380236e-05
2703,1745733626.983369,2.9670731237274595e-05
2704,1745733635.7779872,2.9669376090168953e-05
2705,1745733658.0962818,2.966802094306331e-05
2706,1745733662.4444368,2.966666579595767e-05
2707,1745733855.681522,2.966531246784143e-05
2708,1745733876.1934404,2.966395732073579e-05
2709,1745733884.9223633,2.9662602173630148e-05
2710,1745733907.1152391,2.9661247026524507e-05
2711,1745733924.3894925,2.9659891879418865e-05
2712,1745733946.3873813,2.9658536732313223e-05
2713,1745733966.423931,2.965718158520758e-05
2714,1745733986.5052261,2.965582643810194e-05
2715,1745733996.8254225,2.9654471290996298e-05
2716,1745734022.9272337,2.9653116143890657e-05
2717,1745734028.0260856,2.9651760996785015e-05
2718,1745734053.1106305,2.9650405849679373e-05
2719,1745734070.3688421,2.964905070257373e-05
2720,1745734089.533446,2.9647697374457493e-05
2721,1745734111.7032235,2.9646342227351852e-05
2722,1745734133.4695325,2.964498708024621e-05
2723,1745734141.6789536,2.964363193314057e-05
2724,1745734166.9972336,2.9642276786034927e-05
2725,1745734180.6656985,2.9640921638929285e-05
2726,1745734202.057336,2.9639566491823643e-05
2727,1745734224.3300955,2.9638211344718002e-05
2728,1745734241.392509,2.963685619761236e-05
2729,1745734262.3934128,2.963550105050672e-05
2730,1745734283.6900127,2.9634145903401077e-05
2731,1745734318.3457,2.9632790756295435e-05
2732,1745734332.485943,2.9631435609189793e-05
2733,1745734350.3762867,2.9630080462084152e-05
2734,1745734368.0600345,2.9628727133967914e-05
2735,1745734388.230934,2.9627371986862272e-05
2736,1745734413.8884304,2.962601683975663e-05
2737,1745734436.80728,2.962466169265099e-05
2738,1745734463.58945,2.9623306545545347e-05
2739,1745734474.5598097,2.9621951398439705e-05
2740,1745734499.8983345,2.9620596251334064e-05
2741,1745734526.0193703,2.9619241104228422e-05
2742,1745734545.3179967,2.961788595712278e-05
2743,1745734564.1050408,2.961653081001714e-05
2744,1745734595.8302395,2.9615175662911497e-05
2745,1745734628.316332,2.9613820515805855e-05
2746,1745734651.8228464,2.9612465368700214e-05
2747,1745734665.8527215,2.9611110221594572e-05
2748,1745734675.403323,2.9609756893478334e-05
2749,1745734707.7435079,2.9608401746372692e-05
2750,1745734726.0625424,2.960704659926705e-05
2751,1745734753.8439186,2.960569145216141e-05
2752,1745734766.1618032,2.9604336305055767e-05
2753,1745734789.791134,2.9602981157950126e-05
2754,1745734807.657626,2.9601626010844484e-05
2755,1745734828.380682,2.9600270863738842e-05
2756,1745734848.2278628,2.95989157166332e-05
2757,1745734865.0014284,2.959756056952756e-05
2758,1745734888.830153,2.9596205422421917e-05
2759,1745734915.209266,2.9594850275316276e-05
2760,1745734941.3496773,2.9593495128210634e-05
2761,1745734967.6279614,2.9592141800094396e-05
2762,1745734987.0726836,2.9590786652988754e-05
2763,1745735006.6970568,2.9589431505883113e-05
2764,1745735028.6788123,2.958807635877747e-05
2765,1745735045.5510595,2.958672121167183e-05
2766,1745735066.1954048,2.9585366064566188e-05
2767,1745735094.1943948,2.9584010917460546e-05
2768,1745735112.8001993,2.9582655770354904e-05
2769,1745735133.9534912,2.9581300623249263e-05
2770,1745735150.1584203,2.957994547614362e-05
2771,1745735173.1584847,2.957859032903798e-05
2772,1745735180.4685628,2.9577235181932338e-05
2773,1745735204.9306483,2.9575880034826696e-05
2774,1745735225.4382176,2.9574524887721054e-05
2775,1745735252.1359801,2.9573171559604816e-05
2776,1745735271.7390962,2.9571816412499174e-05
2777,1745735290.1555505,2.9570461265393533e-05
2778,1745735311.2005177,2.956910611828789e-05
2779,1745735329.138626,2.956775097118225e-05
2780,1745735349.2204854,2.9566395824076608e-05
2781,1745735374.1251755,2.9565040676970966e-05
2782,1745735396.9489095,2.9563685529865324e-05
2783,1745735417.6936173,2.9562330382759683e-05
2784,1745735433.044997,2.956097523565404e-05
2785,1745735452.799321,2.95596200885484e-05
2786,1745735474.079852,2.9558264941442758e-05
2787,1745735502.5092123,2.9556909794337116e-05
2788,1745735511.036624,2.9555554647231475e-05
2789,1745735678.8605146,2.9554201319115236e-05
2790,1745735700.533961,2.9552846172009595e-05
2791,1745735720.0321984,2.9551491024903953e-05
2792,1745735742.3148317,2.955013587779831e-05
2793,1745735763.2358205,2.954878073069267e-05
2794,1745735783.2735736,2.9547425583587028e-05
2795,1745735798.8475645,2.9546070436481386e-05
2796,1745735821.8372693,2.9544715289375745e-05
2797,1745735851.1260133,2.9543360142270103e-05
2798,1745735875.776265,2.954200499516446e-05
2799,1745735884.938385,2.954064984805882e-05
2800,1745735909.117618,2.9539294700953178e-05
2801,1745735932.7706702,2.9537939553847536e-05
2802,1745735944.5481586,2.95365862257313e-05
2803,1745735970.8447895,2.9535231078625657e-05
2804,1745735993.643876,2.9533875931520015e-05
2805,1745736010.203787,2.9532520784414373e-05
2806,1745736026.7430556,2.953116563730873e-05
2807,1745736054.2648377,2.952981049020309e-05
2808,1745736081.4426177,2.952845534309745e-05
2809,1745736089.375137,2.9527100195991807e-05
2810,1745736114.2900143,2.9525745048886165e-05
2811,1745736139.8681605,2.9524389901780523e-05
2812,1745736158.5882375,2.9523034754674882e-05
2813,1745736177.6236196,2.952167960756924e-05
2814,1745736198.1693003,2.95203244604636e-05
2815,1745736214.3736248,2.9518969313357957e-05
2816,1745736236.7480457,2.951761598524172e-05
2817,1745736251.9994268,2.9516260838136077e-05
2818,1745736274.1141732,2.9514905691030435e-05
2819,1745736295.456507,2.9513550543924794e-05
2820,1745736321.3841164,2.9512195396819152e-05
2821,1745736343.4473093,2.951084024971351e-05
2822,1745736351.1627653,2.950948510260787e-05
2823,1745736373.7488966,2.9508129955502227e-05
2824,1745736403.39937,2.9506774808396585e-05
2825,1745736418.1751971,2.9505419661290944e-05
2826,1745736437.7665946,2.9504064514185302e-05
2827,1745736453.6857035,2.950270936707966e-05
2828,1745736477.2223125,2.950135421997402e-05
2829,1745736494.3755207,2.950000089185778e-05
2830,1745736515.1747165,2.949864574475214e-05
2831,1745736538.2566657,2.9497290597646497e-05
2832,1745736554.3886154,2.9495935450540856e-05
2833,1745736575.376913,2.9494580303435214e-05
2834,1745736594.0603817,2.9493225156329572e-05
2835,1745736615.554972,2.949187000922393e-05
2836,1745736638.5737092,2.949051486211829e-05
2837,1745736657.7303863,2.9489159715012647e-05
2838,1745736672.2158654,2.9487804567907006e-05
2839,1745736690.1541789,2.9486449420801364e-05
2840,1745736707.8661592,2.9485094273695722e-05
2841,1745736730.1789823,2.948373912659008e-05
2842,1745736751.202317,2.948238397948444e-05
2843,1745736773.5187867,2.94810306513682e-05
2844,1745736794.7199485,2.947967550426256e-05
2845,1745736817.217562,2.9478320357156917e-05
2846,1745736839.631679,2.9476965210051276e-05
2847,1745736859.0570252,2.9475610062945634e-05
2848,1745736877.6852927,2.9474254915839992e-05
2849,1745736904.709681,2.947289976873435e-05
2850,1745736930.7918446,2.947154462162871e-05
2851,1745736942.7726216,2.9470189474523067e-05
2852,1745736959.712457,2.9468834327417426e-05
2853,1745736982.572427,2.9467479180311784e-05
2854,1745737010.6945317,2.9466124033206142e-05
2855,1745737030.157054,2.94647688861005e-05
2856,1745737050.0883229,2.946341373899486e-05
2857,1745737069.5748317,2.946206041087862e-05
2858,1745737091.1593866,2.946070526377298e-05
2859,1745737120.231517,2.9459350116667338e-05
2860,1745737143.9653702,2.9457994969561696e-05
2861,1745737161.8310106,2.9456639822456054e-05
2862,1745737191.034442,2.9455284675350413e-05
2863,1745737205.7767615,2.945392952824477e-05
2864,1745737226.2281892,2.945257438113913e-05
2865,1745737245.51583,2.9451219234033488e-05
2866,1745737271.664192,2.9449864086927846e-05
2867,1745737289.4156353,2.9448508939822204e-05
2868,1745737312.4840033,2.9447153792716563e-05
2869,1745737341.9939384,2.944579864561092e-05
2870,1745737346.0807245,2.9444445317494683e-05
2871,1745737513.7784789,2.944309017038904e-05
2872,1745737528.280496,2.94417350232834e-05
2873,1745737550.4651792,2.9440379876177758e-05
2874,1745737574.6870856,2.9439024729072116e-05
2875,1745737594.8100545,2.9437669581966475e-05
2876,1745737613.067301,2.9436314434860833e-05
2877,1745737630.4146,2.943495928775519e-05
2878,1745737655.5364718,2.943360414064955e-05
2879,1745737673.5096848,2.9432248993543908e-05
2880,1745737693.7095075,2.9430893846438266e-05
2881,1745737720.495739,2.9429538699332625e-05
2882,1745737746.0498068,2.9428183552226983e-05
2883,1745737764.2075412,2.942682840512134e-05
2884,1745737785.2601843,2.9425475077005103e-05
2885,1745737812.4443476,2.942411992989946e-05
2886,1745737834.1831954,2.942276478279382e-05
2887,1745737862.5286238,2.9421409635688178e-05
2888,1745737875.6384468,2.9420054488582537e-05
2889,1745737895.3371348,2.9418699341476895e-05
2890,1745737917.072452,2.9417344194371253e-05
2891,1745737942.2473636,2.941598904726561e-05
2892,1745737955.882084,2.941463390015997e-05
2893,1745737974.3234847,2.9413278753054328e-05
2894,1745737999.3330433,2.9411923605948687e-05
2895,1745738022.4793835,2.9410568458843045e-05
2896,1745738041.5789425,2.9409213311737403e-05
2897,1745738059.5778441,2.9407859983621165e-05
2898,1745738096.7375402,2.9406504836515523e-05
2899,1745738108.3233063,2.9405149689409882e-05
2900,1745738134.073811,2.940379454230424e-05
2901,1745738157.4545608,2.94024393951986e-05
2902,1745738184.0588982,2.9401084248092957e-05
2903,1745738196.4715047,2.9399729100987315e-05
2904,1745738228.5132408,2.9398373953881674e-05
2905,1745738243.887791,2.9397018806776032e-05
2906,1745738250.2352154,2.939566365967039e-05
2907,1745738279.225665,2.939430851256475e-05
2908,1745738299.125539,2.9392953365459107e-05
2909,1745738324.3529537,2.9391598218353465e-05
2910,1745738342.1471336,2.9390243071247824e-05
2911,1745738354.0809052,2.9388889743131585e-05
2912,1745738376.3972445,2.9387534596025944e-05
2913,1745738405.1405928,2.9386179448920302e-05
2914,1745738425.5364735,2.938482430181466e-05
2915,1745738449.2567844,2.938346915470902e-05
2916,1745738469.013615,2.9382114007603377e-05
2917,1745738491.629223,2.9380758860497735e-05
2918,1745738504.2874918,2.9379403713392094e-05
2919,1745738525.9853473,2.9378048566286452e-05
2920,1745738549.375302,2.937669341918081e-05
2921,1745738572.4533157,2.937533827207517e-05
2922,1745738596.2802944,2.9373983124969527e-05
2923,1745738620.755302,2.9372627977863885e-05
2924,1745738638.146808,2.9371272830758244e-05
2925,1745738660.463386,2.9369919502642006e-05
2926,1745738678.1210117,2.9368564355536364e-05
2927,1745738694.529312,2.9367209208430722e-05
2928,1745738714.8429663,2.936585406132508e-05
2929,1745738735.278648,2.936449891421944e-05
2930,1745738753.722194,2.9363143767113797e-05
2931,1745738771.3389559,2.9361788620008156e-05
2932,1745738790.9623098,2.9360433472902514e-05
2933,1745738813.553559,2.9359078325796872e-05
2934,1745738837.625858,2.935772317869123e-05
2935,1745738852.1475987,2.935636803158559e-05
2936,1745738874.2418075,2.9355012884479947e-05
2937,1745738895.7258363,2.9353657737374306e-05
2938,1745738907.6874115,2.9352304409258068e-05
2939,1745738930.1561642,2.9350949262152426e-05
2940,1745738949.8118095,2.9349594115046784e-05
2941,1745738965.6329198,2.9348238967941143e-05
2942,1745738985.7340426,2.93468838208355e-05
2943,1745739001.553827,2.934552867372986e-05
2944,1745739027.2146883,2.9344173526624218e-05
2945,1745739051.2847245,2.9342818379518576e-05
2946,1745739073.116632,2.9341463232412934e-05
2947,1745739096.6265178,2.9340108085307293e-05
2948,1745739117.0962484,2.933875293820165e-05
2949,1745739139.0838342,2.933739779109601e-05
2950,1745739167.0496137,2.9336042643990368e-05
2951,1745739180.635755,2.9334687496884726e-05
2952,1745739188.6443188,2.9333334168768488e-05
2953,1745739362.8463626,2.9331979021662846e-05
2954,1745739373.6196415,2.9330623874557205e-05
2955,1745739400.3034816,2.9329268727451563e-05
2956,1745739409.560051,2.932791358034592e-05
2957,1745739436.2341077,2.932655843324028e-05
2958,1745739461.3578029,2.9325203286134638e-05
2959,1745739473.953888,2.9323848139028996e-05
2960,1745739497.3654325,2.9322492991923355e-05
2961,1745739505.262408,2.9321137844817713e-05
2962,1745739526.686919,2.931978269771207e-05
2963,1745739550.9299247,2.931842755060643e-05
2964,1745739571.588156,2.9317072403500788e-05
2965,1745739598.6808243,2.9315717256395146e-05
2966,1745739606.8596563,2.9314363928278908e-05
2967,1745739631.6186574,2.9313008781173266e-05
2968,1745739645.3139863,2.9311653634067625e-05
2969,1745739667.0214238,2.9310298486961983e-05
2970,1745739675.644961,2.930894333985634e-05
2971,1745739700.1155245,2.93075881927507e-05
2972,1745739719.142773,2.9306233045645058e-05
2973,1745739735.1729336,2.9304877898539416e-05
2974,1745739757.835492,2.9303522751433775e-05
2975,1745739779.178199,2.9302167604328133e-05
2976,1745739796.9504793,2.930081245722249e-05
2977,1745739817.0952473,2.929945731011685e-05
2978,1745739840.091825,2.9298102163011208e-05
2979,1745739856.4213724,2.929674883489497e-05
2980,1745739873.390448,2.929539368778933e-05
2981,1745739895.8855655,2.9294038540683687e-05
2982,1745739918.1568625,2.9292683393578045e-05
2983,1745739934.4482408,2.9291328246472403e-05
2984,1745739954.8252425,2.9289973099366762e-05
2985,1745739972.624798,2.928861795226112e-05
2986,1745739995.1887221,2.928726280515548e-05
2987,1745740016.2169764,2.9285907658049837e-05
2988,1745740026.8405066,2.9284552510944195e-05
2989,1745740047.4145598,2.9283197363838553e-05
2990,1745740077.9289026,2.9281842216732912e-05
2991,1745740091.5816271,2.928048706962727e-05
2992,1745740118.6028025,2.927913192252163e-05
2993,1745740124.3857617,2.927777859440539e-05
2994,1745740149.8423789,2.927642344729975e-05
2995,1745740177.5440333,2.9275068300194107e-05
2996,1745740194.9970877,2.9273713153088465e-05
2997,1745740218.02637,2.9272358005982824e-05
2998,1745740242.82659,2.9271002858877182e-05
2999,1745740258.0766325,2.926964771177154e-05
3000,1745740279.2727866,2.92682925646659e-05
3001,1745740292.8526506,2.9266937417560257e-05
3002,1745740315.1864324,2.9265582270454615e-05
3003,1745740331.2131476,2.9264227123348974e-05
3004,1745740351.6587815,2.9262871976243332e-05
3005,1745740374.4088812,2.926151682913769e-05
3006,1745740392.3571503,2.9260163501021452e-05
3007,1745740416.0591385,2.925880835391581e-05
3008,1745740436.7700942,2.925745320681017e-05
3009,1745740461.4441957,2.9256098059704527e-05
3010,1745740481.7221284,2.9254742912598886e-05
3011,1745740503.4444487,2.9253387765493244e-05
3012,1745740534.5608165,2.9252032618387602e-05
3013,1745740553.5342083,2.925067747128196e-05
3014,1745740575.6194608,2.924932232417632e-05
3015,1745740595.3326888,2.9247967177070677e-05
3016,1745740614.5559673,2.9246612029965036e-05
3017,1745740636.8425682,2.9245256882859394e-05
3018,1745740655.1237984,2.9243901735753752e-05
3019,1745740676.5083537,2.924254658864811e-05
3020,1745740698.5104089,2.9241193260531873e-05
3021,1745740717.13972,2.923983811342623e-05
3022,1745740746.5229945,2.923848296632059e-05
3023,1745740754.38643,2.9237127819214948e-05
3024,1745740777.5622115,2.9235772672109306e-05
3025,1745740796.0729065,2.9234417525003664e-05
3026,1745740815.8050985,2.9233062377898023e-05
3027,1745740836.5923722,2.923170723079238e-05
3028,1745740858.0958817,2.923035208368674e-05
3029,1745740879.4162495,2.9228996936581098e-05
3030,1745740903.0252948,2.9227641789475456e-05
3031,1745740930.3016543,2.9226286642369814e-05
3032,1745740955.0615802,2.9224931495264173e-05
3033,1745740976.083888,2.922357634815853e-05
3034,1745740981.3092206,2.9222223020042293e-05
3035,1745741175.783639,2.922086787293665e-05
3036,1745741194.104011,2.921951272583101e-05
3037,1745741211.982168,2.9218157578725368e-05
3038,1745741236.3969,2.9216802431619726e-05
3039,1745741257.0784802,2.9215447284514084e-05
3040,1745741271.751394,2.9214092137408443e-05
3041,1745741293.1826105,2.92127369903028e-05
3042,1745741302.7572958,2.921138184319716e-05
3043,1745741325.333406,2.9210026696091518e-05
3044,1745741345.3487651,2.9208671548985876e-05
3045,1745741373.732704,2.9207316401880234e-05
3046,1745741402.9158556,2.9205961254774593e-05
3047,1745741424.261064,2.9204607926658355e-05
3048,1745741455.1204138,2.9203252779552713e-05
3049,1745741464.0099714,2.920189763244707e-05
3050,1745741483.971938,2.920054248534143e-05
3051,1745741497.3631077,2.9199187338235788e-05
3052,1745741516.2959988,2.9197832191130146e-05
3053,1745741533.8972821,2.9196477044024505e-05
3054,1745741560.3027663,2.9195121896918863e-05
3055,1745741576.8960536,2.919376674981322e-05
3056,1745741596.930712,2.919241160270758e-05
3057,1745741606.3683863,2.9191056455601938e-05
3058,1745741633.2467933,2.9189701308496296e-05
3059,1745741645.1494782,2.9188346161390655e-05
3060,1745741665.3304396,2.9186991014285013e-05
3061,1745741686.9310515,2.9185637686168775e-05
3062,1745741702.4689631,2.9184282539063133e-05
3063,1745741728.2753525,2.918292739195749e-05
3064,1745741747.4662712,2.918157224485185e-05
3065,1745741770.3107343,2.918021709774621e-05
3066,1745741792.5184903,2.9178861950640567e-05
3067,1745741806.3136637,2.9177506803534925e-05
3068,1745741823.4788888,2.9176151656429283e-05
3069,1745741848.071868,2.917479650932364e-05
3070,1745741872.4891202,2.9173441362218e-05
3071,1745741891.4640965,2.917208621511236e-05
3072,1745741910.0661445,2.9170731068006717e-05
3073,1745741930.6741967,2.9169375920901075e-05
3074,1745741950.595838,2.9168020773795433e-05
3075,1745741966.1427958,2.9166667445679195e-05
3076,1745741986.8247716,2.9165312298573554e-05
3077,1745742018.2661707,2.9163957151467912e-05
3078,1745742028.1659052,2.916260200436227e-05
3079,1745742054.2912152,2.916124685725663e-05
3080,1745742078.4890242,2.9159891710150987e-05
3081,1745742100.2534888,2.9158536563045345e-05
3082,1745742114.7926292,2.9157181415939704e-05
3083,1745742134.2450953,2.9155826268834062e-05
3084,1745742159.7833564,2.915447112172842e-05
3085,1745742186.2506626,2.915311597462278e-05
3086,1745742209.7852466,2.9151760827517137e-05
3087,1745742233.3189833,2.9150405680411495e-05
3088,1745742257.2761414,2.9149052352295257e-05
3089,1745742275.8998764,2.9147697205189615e-05
3090,1745742297.2061994,2.9146342058083974e-05
3091,1745742314.9122536,2.9144986910978332e-05
3092,1745742336.2670133,2.914363176387269e-05
3093,1745742365.454311,2.914227661676705e-05
3094,1745742388.3156881,2.9140921469661407e-05
3095,1745742407.5627382,2.9139566322555766e-05
3096,1745742419.5021875,2.9138211175450124e-05
3097,1745742439.1156113,2.9136856028344482e-05
3098,1745742458.3962169,2.913550088123884e-05
3099,1745742475.8223631,2.91341457341332e-05
3100,1745742492.608559,2.9132790587027557e-05
3101,1745742500.489518,2.9131435439921916e-05
3102,1745742535.5974596,2.9130082111805677e-05
3103,1745742562.3184001,2.9128726964700036e-05
3104,1745742582.7353506,2.9127371817594394e-05
3105,1745742604.0146916,2.9126016670488752e-05
3106,1745742619.2519083,2.912466152338311e-05
3107,1745742643.497599,2.912330637627747e-05
3108,1745742665.3123865,2.9121951229171827e-05
3109,1745742682.819515,2.9120596082066186e-05
3110,1745742698.7523007,2.9119240934960544e-05
3111,1745742717.554575,2.9117885787854902e-05
3112,1745742740.2865896,2.911653064074926e-05
3113,1745742763.5246575,2.911517549364362e-05
3114,1745742778.379758,2.9113820346537977e-05
3115,1745742800.537785,2.911246701842174e-05
3116,1745742805.3316214,2.9111111871316098e-05
3117,1745742984.880096,2.9109756724210456e-05
3118,1745742996.951981,2.9108401577104814e-05
3119,1745743016.4441001,2.9107046429999173e-05
3120,1745743042.5400822,2.910569128289353e-05
3121,1745743063.1874413,2.910433613578789e-05
3122,1745743085.4109058,2.9102980988682248e-05
3123,1745743100.648965,2.9101625841576606e-05
3124,1745743124.8913815,2.9100270694470964e-05
3125,1745743140.573168,2.9098915547365323e-05
3126,1745743160.9752836,2.909756040025968e-05
3127,1745743180.8544295,2.909620525315404e-05
3128,1745743200.037904,2.9094850106048398e-05
3129,1745743216.845369,2.909349677793216e-05
3130,1745743232.112555,2.9092141630826518e-05
3131,1745743255.9118116,2.9090786483720876e-05
3132,1745743284.5339937,2.9089431336615235e-05
3133,1745743293.61042,2.9088076189509593e-05
3134,1745743317.3512435,2.908672104240395e-05
3135,1745743332.604979,2.908536589529831e-05
3136,1745743349.611859,2.9084010748192668e-05
3137,1745743370.6145573,2.9082655601087026e-05
3138,1745743389.5315318,2.9081300453981385e-05
3139,1745743420.0476904,2.9079945306875743e-05
3140,1745743429.852483,2.90785901597701e-05
3141,1745743450.1355348,2.907723501266446e-05
3142,1745743471.5874405,2.9075879865558818e-05
3143,1745743488.5196657,2.907452653744258e-05
3144,1745743513.006585,2.9073171390336938e-05
3145,1745743536.6421428,2.9071816243231297e-05
3146,1745743556.7002625,2.9070461096125655e-05
3147,1745743573.767857,2.9069105949020013e-05
3148,1745743598.1508546,2.906775080191437e-05
3149,1745743613.57362,2.906639565480873e-05
3150,1745743628.3023603,2.9065040507703088e-05
3151,1745743646.8793595,2.9063685360597447e-05
3152,1745743671.531681,2.9062330213491805e-05
3153,1745743694.2052617,2.9060975066386163e-05
3154,1745743715.9112694,2.905961991928052e-05
3155,1745743740.9210467,2.905826477217488e-05
3156,1745743754.6025765,2.9056911444058642e-05
3157,1745743780.4436011,2.9055556296953e-05
3158,1745743800.7644603,2.905420114984736e-05
3159,1745743820.819443,2.9052846002741717e-05
3160,1745743842.5457156,2.9051490855636075e-05
3161,1745743857.6947289,2.9050135708530433e-05
3162,1745743881.7323558,2.9048780561424792e-05
3163,1745743908.303443,2.904742541431915e-05
3164,1745743935.7456865,2.904607026721351e-05
3165,1745743955.1017272,2.9044715120107867e-05
3166,1745743966.9208386,2.9043359973002225e-05
3167,1745743995.980033,2.9042004825896583e-05
3168,1745744015.366866,2.9040649678790942e-05
3169,1745744037.4759521,2.90392945316853e-05
3170,1745744055.7282617,2.9037941203569062e-05
3171,1745744079.0470262,2.903658605646342e-05
3172,1745744102.2235868,2.903523090935778e-05
3173,1745744132.3953803,2.9033875762252137e-05
3174,1745744155.092103,2.9032520615146495e-05
3175,1745744177.621015,2.9031165468040854e-05
3176,1745744203.8570747,2.9029810320935212e-05
3177,1745744227.4651794,2.902845517382957e-05
3178,1745744250.589593,2.902710002672393e-05
3179,1745744267.4919364,2.9025744879618287e-05
3180,1745744287.0742245,2.9024389732512645e-05
3181,1745744308.7722404,2.9023034585407004e-05
3182,1745744333.9219534,2.9021679438301362e-05
3183,1745744346.175259,2.9020326110185124e-05
3184,1745744372.1678379,2.9018970963079482e-05
3185,1745744389.251678,2.901761581597384e-05
3186,1745744411.430331,2.90162606688682e-05
3187,1745744432.658701,2.9014905521762557e-05
3188,1745744460.7225215,2.9013550374656916e-05
3189,1745744485.4569695,2.9012195227551274e-05
3190,1745744504.9854147,2.9010840080445632e-05
3191,1745744526.579784,2.900948493333999e-05
3192,1745744549.8078473,2.900812978623435e-05
3193,1745744569.3970294,2.9006774639128707e-05
3194,1745744588.4543757,2.9005419492023066e-05
3195,1745744614.2504904,2.9004064344917424e-05
3196,1745744635.3445926,2.9002709197811782e-05
3197,1745744656.6200564,2.9001355869695544e-05
3198,1745744665.8936799,2.9000000722589903e-05
3199,1745744844.920612,2.899864557548426e-05
3200,1745744872.741712,2.899729042837862e-05
3201,1745744886.7342474,2.8995935281272978e-05
3202,1745744907.720231,2.8994580134167336e-05
3203,1745744931.5466096,2.8993224987061694e-05
3204,1745744949.4260557,2.8991869839956053e-05
3205,1745744971.6468563,2.899051469285041e-05
3206,1745744994.2930145,2.898915954574477e-05
3207,1745745024.2280009,2.8987804398639128e-05
3208,1745745046.1940608,2.8986449251533486e-05
3209,1745745067.3347013,2.8985094104427844e-05
3210,1745745087.9854174,2.8983738957322203e-05
3211,1745745108.7078776,2.8982385629205965e-05
3212,1745745126.7191834,2.8981030482100323e-05
3213,1745745151.0172644,2.897967533499468e-05
3214,1745745161.003664,2.897832018788904e-05
3215,1745745182.826655,2.8976965040783398e-05
3216,1745745210.866392,2.8975609893677756e-05
3217,1745745222.2535543,2.8974254746572115e-05
3218,1745745244.8019543,2.8972899599466473e-05
3219,1745745255.6041477,2.897154445236083e-05
3220,1745745279.482874,2.897018930525519e-05
3221,1745745293.9663863,2.8968834158149548e-05
3222,1745745314.729657,2.8967479011043906e-05
3223,1745745336.8989713,2.8966123863938265e-05
3224,1745745359.9546964,2.8964770535822026e-05
3225,1745745383.6330755,2.8963415388716385e-05
3226,1745745396.2998006,2.8962060241610743e-05
3227,1745745417.662584,2.89607050945051e-05
3228,1745745446.5952287,2.895934994739946e-05
3229,1745745484.0093033,2.8957994800293818e-05
3230,1745745493.8381548,2.8956639653188176e-05
3231,1745745513.865896,2.8955284506082535e-05
3232,1745745534.3570015,2.8953929358976893e-05
3233,1745745556.8080208,2.895257421187125e-05
3234,1745745570.5115201,2.895121906476561e-05
3235,1745745590.868678,2.8949863917659968e-05
3236,1745745620.1608565,2.8948508770554326e-05
3237,1745745629.5724962,2.8947153623448685e-05
3238,1745745660.4413798,2.8945800295332447e-05
3239,1745745679.2108939,2.8944445148226805e-05
3240,1745745712.1799467,2.8943090001121163e-05
3241,1745745725.5287907,2.8941734854015522e-05
3242,1745745747.148293,2.894037970690988e-05
3243,1745745767.4878118,2.893902455980424e-05
3244,1745745790.7909112,2.8937669412698597e-05
3245,1745745802.3751214,2.8936314265592955e-05
3246,1745745829.9480329,2.8934959118487313e-05
3247,1745745851.8558564,2.8933603971381672e-05
3248,1745745874.0567994,2.893224882427603e-05
3249,1745745884.5197854,2.893089367717039e-05
3250,1745745909.7182536,2.8929538530064747e-05
3251,1745745930.437803,2.8928183382959105e-05
3252,1745745956.3854008,2.8926830054842867e-05
3253,1745745980.419045,2.8925474907737225e-05
3254,1745746009.0384016,2.8924119760631584e-05
3255,1745746034.7180674,2.8922764613525942e-05
3256,1745746054.1463685,2.89214094664203e-05
3257,1745746077.153057,2.892005431931466e-05
3258,1745746102.148383,2.8918699172209017e-05
3259,1745746124.0472887,2.8917344025103375e-05
3260,1745746148.7589402,2.8915988877997734e-05
3261,1745746166.737039,2.8914633730892092e-05
3262,1745746180.6252337,2.891327858378645e-05
3263,1745746205.34127,2.891192343668081e-05
3264,1745746229.3645158,2.8910568289575167e-05
3265,1745746240.64955,2.890921496145893e-05
3266,1745746267.2354898,2.8907859814353287e-05
3267,1745746294.9037964,2.8906504667247646e-05
3268,1745746319.9757304,2.8905149520142004e-05
3269,1745746339.9272242,2.8903794373036362e-05
3270,1745746361.7415297,2.890243922593072e-05
3271,1745746376.7594929,2.890108407882508e-05
3272,1745746397.0542688,2.8899728931719437e-05
3273,1745746423.6469252,2.8898373784613796e-05
3274,1745746453.6797607,2.8897018637508154e-05
3275,1745746473.2157872,2.8895663490402512e-05
3276,1745746494.4240847,2.889430834329687e-05
3277,1745746513.789757,2.889295319619123e-05
3278,1745746537.7101657,2.8891598049085587e-05
3279,1745746559.4018497,2.889024472096935e-05
3280,1745746572.5079713,2.8888889573863707e-05
3281,1745746742.9043777,2.8887534426758066e-05
3282,1745746764.8326647,2.8886179279652424e-05
3283,1745746788.6587267,2.8884824132546782e-05
3284,1745746804.4336364,2.888346898544114e-05
3285,1745746824.809804,2.88821138383355e-05
3286,1745746841.9187202,2.8880758691229858e-05
3287,1745746858.51679,2.8879403544124216e-05
3288,1745746883.2840264,2.8878048397018574e-05
3289,1745746904.7260072,2.8876693249912933e-05
3290,1745746933.215802,2.887533810280729e-05
3291,1745746946.4502392,2.887398295570165e-05
3292,1745746965.2840817,2.887262962758541e-05
3293,1745746987.8521209,2.887127448047977e-05
3294,1745746997.2748473,2.8869919333374128e-05
3295,1745747016.0097065,2.8868564186268486e-05
3296,1745747030.5770652,2.8867209039162844e-05
3297,1745747057.9023726,2.8865853892057203e-05
3298,1745747078.7724855,2.886449874495156e-05
3299,1745747100.5805626,2.886314359784592e-05
3300,1745747119.358963,2.8861788450740278e-05
3301,1745747138.9242892,2.8860433303634636e-05
3302,1745747149.755636,2.8859078156528994e-05
3303,1745747170.7152433,2.8857723009423353e-05
3304,1745747196.974979,2.885636786231771e-05
3305,1745747224.5593355,2.885501271521207e-05
3306,1745747239.5164878,2.885365938709583e-05
3307,1745747259.2538006,2.885230423999019e-05
3308,1745747290.2271483,2.8850949092884548e-05
3309,1745747307.4220061,2.8849593945778906e-05
3310,1745747327.181314,2.8848238798673265e-05
3311,1745747344.567195,2.8846883651567623e-05
3312,1745747372.0099967,2.884552850446198e-05
3313,1745747389.8704722,2.884417335735634e-05
3314,1745747406.2274623,2.8842818210250698e-05
3315,1745747424.7463458,2.8841463063145056e-05
3316,1745747441.7339003,2.8840107916039415e-05
3317,1745747465.853076,2.8838752768933773e-05
3318,1745747485.4950523,2.883739762182813e-05
3319,1745747499.4644723,2.883604247472249e-05
3320,1745747518.8547153,2.883468914660625e-05
3321,1745747548.2747989,2.883333399950061e-05
3322,1745747569.1218662,2.8831978852394968e-05
3323,1745747584.8681824,2.8830623705289327e-05
3324,1745747604.0054796,2.8829268558183685e-05
3325,1745747629.0438206,2.8827913411078043e-05
3326,1745747642.5944154,2.88265582639724e-05
3327,1745747662.7981117,2.882520311686676e-05
3328,1745747682.9261,2.8823847969761118e-05
3329,1745747697.9047902,2.8822492822655477e-05
3330,1745747730.4131026,2.8821137675549835e-05
3331,1745747757.465776,2.8819782528444193e-05
3332,1745747783.9186678,2.881842738133855e-05
3333,1745747807.7327998,2.8817074053222314e-05
3334,1745747828.6777797,2.8815718906116672e-05
3335,1745747852.1725392,2.881436375901103e-05
3336,1745747873.4822178,2.881300861190539e-05
3337,1745747895.4711244,2.8811653464799747e-05
3338,1745747914.8761485,2.8810298317694105e-05
3339,1745747934.296021,2.8808943170588464e-05
3340,1745747957.2983437,2.8807588023482822e-05
3341,1745747978.8278182,2.880623287637718e-05
3342,1745748005.288849,2.880487772927154e-05
3343,1745748029.7021859,2.8803522582165897e-05
3344,1745748045.3673072,2.8802167435060255e-05
3345,1745748062.1438231,2.8800812287954614e-05
3346,1745748083.0040612,2.8799457140848972e-05
3347,1745748103.1149268,2.8798103812732734e-05
3348,1745748125.3782477,2.8796748665627092e-05
3349,1745748150.0571837,2.879539351852145e-05
3350,1745748174.558802,2.879403837141581e-05
3351,1745748192.1563249,2.8792683224310167e-05
3352,1745748208.1935496,2.8791328077204525e-05
3353,1745748230.698248,2.8789972930098884e-05
3354,1745748254.9332309,2.8788617782993242e-05
3355,1745748287.7775927,2.87872626358876e-05
3356,1745748305.7262027,2.878590748878196e-05
3357,1745748321.0896559,2.8784552341676317e-05
3358,1745748344.0671775,2.8783197194570675e-05
3359,1745748369.2297025,2.8781842047465034e-05
3360,1745748383.2470706,2.8780486900359392e-05
3361,1745748410.4788122,2.8779133572243154e-05
3362,1745748415.5860772,2.8777778425137512e-05
3363,1745748601.1020787,2.877642327803187e-05
3364,1745748615.903435,2.877506813092623e-05
3365,1745748635.112681,2.8773712983820587e-05
3366,1745748657.3643687,2.8772357836714946e-05
3367,1745748675.6675212,2.8771002689609304e-05
3368,1745748693.8562214,2.8769647542503662e-05
3369,1745748724.9381454,2.876829239539802e-05
3370,1745748737.1219137,2.876693724829238e-05
3371,1745748759.084305,2.8765582101186737e-05
3372,1745748777.2967346,2.8764226954081096e-05
3373,1745748794.5989943,2.8762871806975454e-05
3374,1745748815.3022013,2.8761518478859216e-05
3375,1745748838.047402,2.8760163331753574e-05
3376,1745748860.244399,2.8758808184647933e-05
3377,1745748880.982726,2.875745303754229e-05
3378,1745748895.6526296,2.875609789043665e-05
3379,1745748915.9949045,2.8754742743331008e-05
3380,1745748941.7017455,2.8753387596225366e-05
3381,1745748951.1707664,2.8752032449119724e-05
3382,1745748982.2900467,2.8750677302014083e-05
3383,1745748992.9721334,2.874932215490844e-05
3384,1745749016.1637614,2.87479670078028e-05
3385,1745749036.8561678,2.8746611860697158e-05
3386,1745749070.6240914,2.8745256713591516e-05
3387,1745749093.5878112,2.8743901566485874e-05
3388,1745749113.75717,2.8742548238369636e-05
3389,1745749126.3482301,2.8741193091263995e-05
3390,1745749149.394365,2.8739837944158353e-05
3391,1745749168.3923914,2.873848279705271e-05
3392,1745749187.30342,2.873712764994707e-05
3393,1745749204.9098713,2.8735772502841428e-05
3394,1745749229.2682722,2.8734417355735786e-05
3395,1745749250.3150668,2.8733062208630145e-05
3396,1745749268.7031305,2.8731707061524503e-05
3397,1745749289.3520744,2.873035191441886e-05
3398,1745749302.6857452,2.872899676731322e-05
3399,1745749323.064974,2.8727641620207578e-05
3400,1745749336.0499303,2.8726286473101936e-05
3401,1745749357.1248784,2.8724933144985698e-05
3402,1745749385.4796412,2.8723577997880057e-05
3403,1745749398.8579168,2.8722222850774415e-05
3404,1745749413.0415766,2.8720867703668773e-05
3405,1745749438.1231227,2.871951255656313e-05
3406,1745749463.6222086,2.871815740945749e-05
3407,1745749477.698492,2.8716802262351848e-05
3408,1745749500.4447625,2.8715447115246207e-05
3409,1745749520.087201,2.8714091968140565e-05
3410,1745749542.9752831,2.8712736821034923e-05
3411,1745749563.421008,2.871138167392928e-05
3412,1745749584.6281064,2.871002652682364e-05
3413,1745749604.1497338,2.8708671379717998e-05
3414,1745749621.7528524,2.8707316232612357e-05
3415,1745749643.5685086,2.870596290449612e-05
3416,1745749666.9828377,2.8704607757390477e-05
3417,1745749690.931751,2.8703252610284835e-05
3418,1745749713.103811,2.8701897463179193e-05
3419,1745749729.1569226,2.8700542316073552e-05
3420,1745749750.623622,2.869918716896791e-05
3421,1745749777.2180905,2.869783202186227e-05
3422,1745749802.9514468,2.8696476874756627e-05
3423,1745749814.6668313,2.8695121727650985e-05
3424,1745749837.5155118,2.8693766580545343e-05
3425,1745749859.4450653,2.8692411433439702e-05
3426,1745749879.554067,2.869105628633406e-05
3427,1745749899.821913,2.868970113922842e-05
3428,1745749929.0195713,2.8688345992122777e-05
3429,1745749952.5214677,2.868699266400654e-05
3430,1745749985.2788382,2.8685637516900897e-05
3431,1745750019.0938296,2.8684282369795255e-05
3432,1745750038.8485622,2.8682927222689614e-05
3433,1745750059.6536658,2.8681572075583972e-05
3434,1745750074.5494413,2.868021692847833e-05
3435,1745750094.4266417,2.867886178137269e-05
3436,1745750116.6935713,2.8677506634267047e-05
3437,1745750140.6177425,2.8676151487161405e-05
3438,1745750160.6797867,2.8674796340055764e-05
3439,1745750180.1585672,2.8673441192950122e-05
3440,1745750199.3362355,2.867208604584448e-05
3441,1745750217.3957489,2.867073089873884e-05
3442,1745750242.5490303,2.86693775706226e-05
3443,1745750251.6771002,2.866802242351696e-05
3444,1745750261.1808946,2.8666667276411317e-05
3445,1745750448.6678588,2.8665312129305676e-05
3446,1745750462.0313416,2.8663956982200034e-05
3447,1745750485.1978545,2.8662601835094392e-05
3448,1745750506.9638972,2.866124668798875e-05
3449,1745750525.9527216,2.865989154088311e-05
3450,1745750546.9095662,2.8658536393777467e-05
3451,1745750563.3179169,2.8657181246671826e-05
3452,1745750582.1284153,2.8655826099566184e-05
3453,1745750608.4918647,2.8654470952460542e-05
3454,1745750639.43862,2.86531158053549e-05
3455,1745750652.4696276,2.865176065824926e-05
3456,1745750675.329546,2.865040733013302e-05
3457,1745750710.0451336,2.864905218302738e-05
3458,1745750718.593073,2.8647697035921738e-05
3459,1745750742.401396,2.8646341888816096e-05
3460,1745750764.1253974,2.8644986741710454e-05
3461,1745750778.003395,2.8643631594604813e-05
3462,1745750802.9542804,2.864227644749917e-05
3463,1745750828.7045424,2.864092130039353e-05
3464,1745750836.3851082,2.8639566153287888e-05
3465,1745750851.1681206,2.8638211006182246e-05
3466,1745750876.87105,2.8636855859076604e-05
3467,1745750907.3626604,2.8635500711970963e-05
3468,1745750915.153142,2.863414556486532e-05
3469,1745750933.2305148,2.8632792236749083e-05
3470,1745750953.8035429,2.863143708964344e-05
3471,1745750973.6852064,2.86300819425378e-05
3472,1745750994.3354406,2.8628726795432158e-05
3473,1745751014.0857105,2.8627371648326516e-05
3474,1745751044.9909403,2.8626016501220874e-05
3475,1745751057.6802444,2.8624661354115233e-05
3476,1745751078.3956037,2.862330620700959e-05
3477,1745751102.3079863,2.862195105990395e-05
3478,1745751113.0149724,2.8620595912798308e-05
3479,1745751134.2178056,2.8619240765692666e-05
3480,1745751156.6484408,2.8617885618587025e-05
3481,1745751187.6379905,2.8616530471481383e-05
3482,1745751209.2541597,2.861517532437574e-05
3483,1745751231.5425558,2.8613821996259503e-05
3484,1745751254.423296,2.861246684915386e-05
3485,1745751277.63678,2.861111170204822e-05
3486,1745751295.0419574,2.8609756554942578e-05
3487,1745751332.045776,2.8608401407836936e-05
3488,1745751349.0453138,2.8607046260731295e-05
3489,1745751369.3139627,2.8605691113625653e-05
3490,1745751388.8468611,2.860433596652001e-05
3491,1745751413.9996693,2.860298081941437e-05
3492,1745751439.7282882,2.8601625672308728e-05
3493,1745751461.762527,2.8600270525203086e-05
3494,1745751485.214995,2.8598915378097445e-05
3495,1745751507.3454297,2.8597560230991803e-05
3496,1745751530.1233423,2.859620508388616e-05
3497,1745751554.519171,2.8594851755769923e-05
3498,1745751571.144351,2.859349660866428e-05
3499,1745751594.8837116,2.859214146155864e-05
3500,1745751628.0922918,2.8590786314453e-05
3501,1745751646.264853,2.8589431167347357e-05
3502,1745751662.6037252,2.8588076020241715e-05
3503,1745751680.3393016,2.8586720873136073e-05
3504,1745751707.2963357,2.858536572603043e-05
3505,1745751717.1733694,2.858401057892479e-05
3506,1745751738.5964935,2.858265543181915e-05
3507,1745751764.6841679,2.8581300284713507e-05
3508,1745751777.3040054,2.8579945137607865e-05
3509,1745751807.1257734,2.8578589990502223e-05
3510,1745751816.9568698,2.8577236662385985e-05
3511,1745751837.0903316,2.8575881515280344e-05
3512,1745751856.529959,2.8574526368174702e-05
3513,1745751878.3742352,2.857317122106906e-05
3514,1745751906.2831745,2.857181607396342e-05
3515,1745751919.0620844,2.8570460926857777e-05
3516,1745751941.291925,2.8569105779752135e-05
3517,1745751958.3958452,2.8567750632646494e-05
3518,1745751978.4220557,2.8566395485540852e-05
3519,1745751995.8381724,2.856504033843521e-05
3520,1745752021.5137377,2.856368519132957e-05
3521,1745752043.7259748,2.8562330044223927e-05
3522,1745752061.5178862,2.8560974897118285e-05
3523,1745752079.0091033,2.8559619750012644e-05
3524,1745752100.6280968,2.8558266421896406e-05
3525,1745752119.4189255,2.8556911274790764e-05
3526,1745752127.823747,2.8555556127685122e-05
3527,1745752314.0870984,2.855420098057948e-05
3528,1745752323.2373924,2.855284583347384e-05
3529,1745752344.3687055,2.8551490686368197e-05
3530,1745752365.9017503,2.8550135539262556e-05
3531,1745752385.8917916,2.8548780392156914e-05
3532,1745752407.1808877,2.8547425245051272e-05
3533,1745752428.8332653,2.854607009794563e-05
3534,1745752448.4779377,2.854471495083999e-05
3535,1745752470.3966382,2.8543359803734347e-05
3536,1745752496.3377533,2.8542004656628706e-05
3537,1745752514.6760778,2.8540649509523064e-05
3538,1745752529.2223392,2.8539296181406826e-05
3539,1745752552.1308663,2.8537941034301184e-05
3540,1745752571.7214682,2.8536585887195542e-05
3541,1745752599.1677265,2.85352307400899e-05
3542,1745752608.7334173,2.853387559298426e-05
3543,1745752629.1363645,2.8532520445878617e-05
3544,1745752654.6793573,2.8531165298772976e-05
3545,1745752678.1350963,2.8529810151667334e-05
3546,1745752704.5680134,2.8528455004561692e-05
3547,1745752726.9617758,2.852709985745605e-05
3548,1745752737.6749215,2.852574471035041e-05
3549,1745752771.6941907,2.8524389563244767e-05
3550,1745752795.5559642,2.8523034416139126e-05
3551,1745752813.8673549,2.8521681088022888e-05
3552,1745752837.0833545,2.8520325940917246e-05
3553,1745752857.335833,2.8518970793811604e-05
3554,1745752880.5358171,2.8517615646705963e-05
3555,1745752906.4738333,2.851626049960032e-05
3556,1745752925.589806,2.851490535249468e-05
3557,1745752953.5288398,2.8513550205389038e-05
3558,1745752960.1422925,2.8512195058283396e-05
3559,1745752986.2189293,2.8510839911177754e-05
3560,1745752998.8513117,2.8509484764072113e-05
3561,1745753023.3348546,2.850812961696647e-05
3562,1745753047.5523736,2.850677446986083e-05
3563,1745753060.8611054,2.8505419322755188e-05
3564,1745753081.0161273,2.8504064175649546e-05
3565,1745753102.2165036,2.8502710847533308e-05
3566,1745753122.0960293,2.8501355700427666e-05
3567,1745753146.4487112,2.8500000553322025e-05
3568,1745753163.1521595,2.8498645406216383e-05
3569,1745753182.8244293,2.849729025911074e-05
3570,1745753208.7188838,2.84959351120051e-05
3571,1745753240.8906639,2.8494579964899458e-05
3572,1745753266.5017745,2.8493224817793816e-05
3573,1745753292.9313915,2.8491869670688175e-05
3574,1745753314.898911,2.8490514523582533e-05
3575,1745753335.5730278,2.848915937647689e-05
3576,1745753356.5963879,2.848780422937125e-05
3577,1745753378.9407187,2.8486449082265608e-05
3578,1745753400.2478225,2.848509575414937e-05
3579,1745753420.3627594,2.8483740607043728e-05
3580,1745753431.6015322,2.8482385459938087e-05
3581,1745753454.3657525,2.8481030312832445e-05
3582,1745753476.4670002,2.8479675165726803e-05
3583,1745753506.5888846,2.847832001862116e-05
3584,1745753519.8953638,2.847696487151552e-05
3585,1745753538.7122273,2.8475609724409878e-05
3586,1745753565.554467,2.8474254577304237e-05
3587,1745753585.6243284,2.8472899430198595e-05
3588,1745753601.75429,2.8471544283092953e-05
3589,1745753627.0310116,2.847018913598731e-05
3590,1745753655.2834704,2.846883398888167e-05
3591,1745753679.0338159,2.8467478841776028e-05
3592,1745753701.4252703,2.846612551365979e-05
3593,1745753733.157266,2.846477036655415e-05
3594,1745753749.6939592,2.8463415219448507e-05
3595,1745753765.5531962,2.8462060072342865e-05
3596,1745753782.09126,2.8460704925237224e-05
3597,1745753797.36346,2.8459349778131582e-05
3598,1745753814.8623445,2.845799463102594e-05
3599,1745753837.3646448,2.84566394839203e-05
3600,1745753857.308745,2.8455284336814657e-05
3601,1745753876.9924822,2.8453929189709015e-05
3602,1745753899.1445735,2.8452574042603374e-05
3603,1745753917.1923351,2.8451218895497732e-05
3604,1745753940.8490572,2.844986374839209e-05
3605,1745753967.647432,2.844850860128645e-05
3606,1745754000.6336203,2.844715527317021e-05
3607,1745754015.1617324,2.844580012606457e-05
3608,1745754022.9329078,2.8444444978958927e-05
3609,1745754208.7414587,2.8443089831853285e-05
3610,1745754230.2049062,2.8441734684747644e-05
3611,1745754261.4771569,2.8440379537642002e-05
3612,1745754292.6830077,2.843902439053636e-05
3613,1745754302.5390828,2.843766924343072e-05
3614,1745754323.4499893,2.8436314096325077e-05
3615,1745754347.0085607,2.8434958949219435e-05
3616,1745754372.701776,2.8433603802113794e-05
3617,1745754392.6660168,2.8432248655008152e-05
3618,1745754414.1623023,2.843089350790251e-05
3619,1745754434.576024,2.8429540179786272e-05
3620,1745754454.1206224,2.842818503268063e-05
3621,1745754479.1118808,2.842682988557499e-05
3622,1745754501.7910116,2.8425474738469347e-05
3623,1745754522.779901,2.8424119591363706e-05
3624,1745754539.1977212,2.8422764444258064e-05
3625,1745754560.5006146,2.8421409297152422e-05
3626,1745754582.2931542,2.842005415004678e-05
3627,1745754595.1321838,2.841869900294114e-05
3628,1745754612.9480898,2.8417343855835497e-05
3629,1745754638.63634,2.8415988708729856e-05
3630,1745754657.193474,2.8414633561624214e-05
3631,1745754683.5111048,2.8413278414518572e-05
3632,1745754701.3007433,2.841192326741293e-05
3633,1745754713.0980759,2.8410569939296693e-05
3634,1745754738.0060704,2.840921479219105e-05
3635,1745754760.6339672,2.840785964508541e-05
3636,1745754782.669118,2.8406504497979768e-05
3637,1745754795.7141235,2.8405149350874126e-05
3638,1745754820.361939,2.8403794203768484e-05
3639,1745754840.794624,2.8402439056662843e-05
3640,1745754857.8622057,2.84010839095572e-05
3641,1745754876.7509592,2.839972876245156e-05
3642,1745754903.8379354,2.8398373615345918e-05
3643,1745754926.0319414,2.8397018468240276e-05
3644,1745754948.0328326,2.8395663321134634e-05
3645,1745754963.5402992,2.8394308174028993e-05
3646,1745754985.3800676,2.839295302692335e-05
3647,1745755001.7611704,2.8391599698807113e-05
3648,1745755023.3889418,2.839024455170147e-05
3649,1745755040.9601438,2.838888940459583e-05
3650,1745755056.309893,2.8387534257490188e-05
3651,1745755078.3828902,2.8386179110384546e-05
3652,1745755106.791862,2.8384823963278905e-05
3653,1745755117.4417038,2.8383468816173263e-05
3654,1745755135.1569772,2.838211366906762e-05
3655,1745755157.0097191,2.838075852196198e-05
3656,1745755180.3638718,2.8379403374856338e-05
3657,1745755203.3156626,2.8378048227750696e-05
3658,1745755223.943143,2.8376693080645055e-05
3659,1745755248.344239,2.8375337933539413e-05
3660,1745755267.3134177,2.8373984605423175e-05
3661,1745755289.3456242,2.8372629458317533e-05
3662,1745755308.8575983,2.837127431121189e-05
3663,1745755329.8993316,2.836991916410625e-05
3664,1745755353.3715835,2.8368564017000608e-05
3665,1745755372.4421458,2.8367208869894966e-05
3666,1745755401.9663143,2.8365853722789325e-05
3667,1745755418.812721,2.8364498575683683e-05
3668,1745755444.1939263,2.836314342857804e-05
3669,1745755454.3858018,2.83617882814724e-05
3670,1745755475.548625,2.8360433134366758e-05
3671,1745755501.8042243,2.8359077987261117e-05
3672,1745755533.1933653,2.8357722840155475e-05
3673,1745755555.2884014,2.8356367693049833e-05
3674,1745755572.8487723,2.8355014364933595e-05
3675,1745755602.0229323,2.8353659217827953e-05
3676,1745755623.9022222,2.8352304070722312e-05
3677,1745755637.5058467,2.835094892361667e-05
3678,1745755658.308578,2.834959377651103e-05
3679,1745755679.2396786,2.8348238629405387e-05
3680,1745755699.9253309,2.8346883482299745e-05
3681,1745755720.4326665,2.8345528335194103e-05
3682,1745755733.4605255,2.8344173188088462e-05
3683,1745755755.3820846,2.834281804098282e-05
3684,1745755769.289943,2.834146289387718e-05
3685,1745755789.0867188,2.8340107746771537e-05
3686,1745755808.8408995,2.8338752599665895e-05
3687,1745755831.5481658,2.8337399271549657e-05
3688,1745755851.9801621,2.8336044124444015e-05
3689,1745755877.1783898,2.8334688977338374e-05
3690,1745755887.5208182,2.8333333830232732e-05
3691,1745756064.1517286,2.833197868312709e-05
3692,1745756093.7435362,2.833062353602145e-05
3693,1745756114.787065,2.8329268388915807e-05
3694,1745756135.536131,2.8327913241810165e-05
3695,1745756151.9850094,2.8326558094704524e-05
3696,1745756171.9890542,2.8325202947598882e-05
3697,1745756191.2102027,2.832384780049324e-05
3698,1745756211.1909297,2.83224926533876e-05
3699,1745756240.1136374,2.8321137506281957e-05
3700,1745756252.0577104,2.8319782359176315e-05
3701,1745756285.7265618,2.8318429031060077e-05
3702,1745756294.0944703,2.8317073883954436e-05
3703,1745756315.4418721,2.8315718736848794e-05
3704,1745756335.7374704,2.8314363589743152e-05
3705,1745756350.7492113,2.831300844263751e-05
3706,1745756374.8144987,2.831165329553187e-05
3707,1745756397.9996424,2.8310298148426227e-05
3708,1745756417.3091745,2.8308943001320586e-05
3709,1745756441.4003103,2.8307587854214944e-05
3710,1745756458.5735195,2.8306232707109302e-05
3711,1745756477.370568,2.830487756000366e-05
3712,1745756497.2764902,2.830352241289802e-05
3713,1745756511.5740545,2.8302167265792377e-05
3714,1745756518.1710227,2.8300812118686736e-05
3715,1745756537.8218071,2.8299458790570498e-05
3716,1745756555.9045465,2.8298103643464856e-05
3717,1745756578.864756,2.8296748496359214e-05
3718,1745756600.2243652,2.8295393349253573e-05
3719,1745756617.6906106,2.829403820214793e-05
3720,1745756636.4205613,2.829268305504229e-05
3721,1745756657.3791118,2.8291327907936648e-05
3722,1745756680.534561,2.8289972760831006e-05
3723,1745756702.03616,2.8288617613725364e-05
3724,1745756726.025133,2.8287262466619723e-05
3725,1745756746.8573227,2.828590731951408e-05
3726,1745756760.6537623,2.828455217240844e-05
3727,1745756782.035521,2.8283197025302798e-05
3728,1745756812.738193,2.828184369718656e-05
3729,1745756825.615892,2.8280488550080918e-05
3730,1745756852.629025,2.8279133402975276e-05
3731,1745756874.5182638,2.8277778255869634e-05
3732,1745756889.745447,2.8276423108763993e-05
3733,1745756911.7272651,2.827506796165835e-05
3734,1745756935.0933304,2.827371281455271e-05
3735,1745756966.870573,2.8272357667447068e-05
3736,1745756988.014044,2.8271002520341426e-05
3737,1745757012.2277257,2.8269647373235784e-05
3738,1745757036.118502,2.8268292226130143e-05
3739,1745757055.2415912,2.82669370790245e-05
3740,1745757076.867669,2.826558193191886e-05
3741,1745757094.9562905,2.8264226784813218e-05
3742,1745757116.1162457,2.826287345669698e-05
3743,1745757137.7086627,2.8261518309591338e-05
3744,1745757160.3601813,2.8260163162485696e-05
3745,1745757178.7257514,2.8258808015380055e-05
3746,1745757199.4893599,2.8257452868274413e-05
3747,1745757217.613121,2.825609772116877e-05
3748,1745757243.4811692,2.825474257406313e-05
3749,1745757267.6133013,2.8253387426957488e-05
3750,1745757290.0948665,2.8252032279851846e-05
3751,1745757301.3506403,2.8250677132746205e-05
3752,1745757331.2168753,2.8249321985640563e-05
3753,1745757351.2746506,2.824796683853492e-05
3754,1745757368.9635074,2.824661169142928e-05
3755,1745757386.4967797,2.8245256544323638e-05
3756,1745757409.720217,2.82439032162074e-05
3757,1745757433.3479438,2.8242548069101758e-05
3758,1745757454.4126506,2.8241192921996117e-05
3759,1745757482.9742446,2.8239837774890475e-05
3760,1745757490.9201162,2.8238482627784833e-05
3761,1745757508.9220757,2.823712748067919e-05
3762,1745757537.6760929,2.823577233357355e-05
3763,1745757555.6053593,2.823441718646791e-05
3764,1745757580.750886,2.8233062039362267e-05
3765,1745757599.5259457,2.8231706892256625e-05
3766,1745757619.7758555,2.8230351745150983e-05
3767,1745757639.9030006,2.822899659804534e-05
3768,1745757656.6826334,2.82276414509397e-05
3769,1745757679.263423,2.8226288122823462e-05
3770,1745757700.6857054,2.822493297571782e-05
3771,1745757718.7557907,2.822357782861218e-05
3772,1745757727.0216427,2.8222222681506537e-05
3773,1745757908.0702722,2.8220867534400895e-05
3774,1745757938.611379,2.8219512387295254e-05
3775,1745757958.0844588,2.8218157240189612e-05
3776,1745757981.448028,2.821680209308397e-05
3777,1745758000.58207,2.821544694597833e-05
3778,1745758023.4987404,2.8214091798872687e-05
3779,1745758044.278432,2.8212736651767045e-05
3780,1745758071.1037674,2.8211381504661404e-05
3781,1745758097.4846797,2.8210026357555762e-05
3782,1745758112.6755593,2.820867121045012e-05
3783,1745758136.9345722,2.8207317882333882e-05
3784,1745758159.523648,2.820596273522824e-05
3785,1745758181.3511977,2.82046075881226e-05
3786,1745758191.1353452,2.8203252441016957e-05
3787,1745758215.0483744,2.8201897293911316e-05
3788,1745758235.4727008,2.8200542146805674e-05
3789,1745758257.520438,2.8199186999700032e-05
3790,1745758270.7300289,2.819783185259439e-05
3791,1745758289.5492284,2.819647670548875e-05
3792,1745758305.5275488,2.8195121558383107e-05
3793,1745758327.2250066,2.8193766411277466e-05
3794,1745758351.3661222,2.8192411264171824e-05
3795,1745758365.7838004,2.8191056117066182e-05
3796,1745758387.273269,2.8189702788949944e-05
3797,1745758408.4291892,2.8188347641844302e-05
3798,1745758435.150658,2.818699249473866e-05
3799,1745758452.7900116,2.818563734763302e-05
3800,1745758473.0328124,2.8184282200527377e-05
3801,1745758490.5661466,2.8182927053421736e-05
3802,1745758506.9610467,2.8181571906316094e-05
3803,1745758535.7092426,2.8180216759210452e-05
3804,1745758548.2680202,2.817886161210481e-05
3805,1745758570.1412585,2.817750646499917e-05
3806,1745758590.784498,2.8176151317893527e-05
3807,1745758612.2653458,2.8174796170787886e-05
3808,1745758632.2728531,2.8173441023682244e-05
3809,1745758651.476821,2.8172085876576602e-05
3810,1745758677.8815324,2.8170732548460364e-05
3811,1745758701.1983626,2.8169377401354723e-05
3812,1745758722.419676,2.816802225424908e-05
3813,1745758744.270226,2.816666710714344e-05
3814,1745758767.990481,2.8165311960037798e-05
3815,1745758786.766718,2.8163956812932156e-05
3816,1745758806.1939366,2.8162601665826514e-05
3817,1745758829.5377843,2.8161246518720873e-05
3818,1745758854.269848,2.815989137161523e-05
3819,1745758879.139875,2.815853622450959e-05
3820,1745758898.9541187,2.8157181077403948e-05
3821,1745758924.4885092,2.8155825930298306e-05
3822,1745758949.0725052,2.8154470783192664e-05
3823,1745758972.7407382,2.8153115636087023e-05
3824,1745758992.3838606,2.8151762307970785e-05
3825,1745759010.1245663,2.8150407160865143e-05
3826,1745759029.4997475,2.81490520137595e-05
3827,1745759050.8648763,2.814769686665386e-05
3828,1745759076.2589562,2.8146341719548218e-05
3829,1745759102.4842227,2.8144986572442576e-05
3830,1745759119.3981695,2.8143631425336935e-05
3831,1745759134.029384,2.8142276278231293e-05
3832,1745759165.1951818,2.814092113112565e-05
3833,1745759190.735605,2.813956598402001e-05
3834,1745759209.7084637,2.8138210836914368e-05
3835,1745759225.081987,2.8136855689808726e-05
3836,1745759248.5324218,2.8135500542703085e-05
3837,1745759275.6214614,2.8134147214586847e-05
3838,1745759283.0298448,2.8132792067481205e-05
3839,1745759310.8136463,2.8131436920375563e-05
3840,1745759337.5233226,2.813008177326992e-05
3841,1745759361.2200367,2.812872662616428e-05
3842,1745759379.3494267,2.8127371479058638e-05
3843,1745759400.6106486,2.8126016331952997e-05
3844,1745759408.9858565,2.8124661184847355e-05
3845,1745759434.934297,2.8123306037741713e-05
3846,1745759453.6806302,2.812195089063607e-05
3847,1745759479.6057673,2.812059574353043e-05
3848,1745759493.363464,2.8119240596424788e-05
3849,1745759514.6363945,2.8117885449319147e-05
3850,1745759537.0770612,2.8116530302213505e-05
3851,1745759568.4865046,2.8115176974097267e-05
3852,1745759591.8085773,2.8113821826991625e-05
3853,1745759609.6397867,2.8112466679885983e-05
3854,1745759616.9156632,2.8111111532780342e-05
3855,1745759776.6473842,2.81097563856747e-05
3856,1745759797.5532327,2.810840123856906e-05
3857,1745759824.600434,2.8107046091463417e-05
3858,1745759832.3479543,2.8105690944357775e-05
3859,1745759856.1124868,2.8104335797252133e-05
3860,1745759874.2464302,2.8102980650146492e-05
3861,1745759898.8454678,2.810162550304085e-05
3862,1745759914.5218115,2.810027035593521e-05
3863,1745759939.3269727,2.8098915208829567e-05
3864,1745759949.8111522,2.809756188071333e-05
3865,1745759972.3933716,2.8096206733607687e-05
3866,1745759991.8126771,2.8094851586502045e-05
3867,1745760016.4940383,2.8093496439396404e-05
3868,1745760035.9812977,2.8092141292290762e-05
3869,1745760057.3413265,2.809078614518512e-05
3870,1745760070.114856,2.808943099807948e-05
3871,1745760098.006464,2.8088075850973837e-05
3872,1745760121.9044049,2.8086720703868195e-05
3873,1745760143.179398,2.8085365556762554e-05
3874,1745760164.8150778,2.8084010409656912e-05
3875,1745760186.1137505,2.808265526255127e-05
3876,1745760199.3269098,2.808130011544563e-05
3877,1745760222.964934,2.8079944968339987e-05
3878,1745760241.3794634,2.807859164022375e-05
3879,1745760260.8192587,2.8077236493118107e-05
3880,1745760286.5294833,2.8075881346012466e-05
3881,1745760306.8001313,2.8074526198906824e-05
3882,1745760318.6869054,2.8073171051801182e-05
3883,1745760342.5725296,2.807181590469554e-05
3884,1745760367.1988094,2.80704607575899e-05
3885,1745760397.3689828,2.8069105610484257e-05
3886,1745760405.987801,2.8067750463378616e-05
3887,1745760435.804298,2.8066395316272974e-05
3888,1745760450.9833047,2.8065040169167332e-05
3889,1745760466.8146627,2.806368502206169e-05
3890,1745760484.091574,2.806232987495605e-05
3891,1745760505.936515,2.8060974727850407e-05
3892,1745760525.6731539,2.805962139973417e-05
3893,1745760551.9217606,2.8058266252628528e-05
3894,1745760570.522443,2.8056911105522886e-05
3895,1745760597.2121577,2.8055555958417244e-05
3896,1745760607.7236903,2.8054200811311603e-05
3897,1745760631.5573926,2.805284566420596e-05
3898,1745760656.5271401,2.805149051710032e-05
3899,1745760678.1299336,2.8050135369994678e-05
3900,1745760699.9267075,2.8048780222889036e-05
3901,1745760719.4725504,2.8047425075783394e-05
3902,1745760740.6341183,2.8046069928677753e-05
3903,1745760762.4054646,2.804471478157211e-05
3904,1745760784.2519069,2.804335963446647e-05
3905,1745760805.8098114,2.804200630635023e-05
3906,1745760825.6003485,2.804065115924459e-05
3907,1745760845.5603418,2.8039296012138948e-05
3908,1745760865.0848672,2.8037940865033306e-05
3909,1745760887.185904,2.8036585717927665e-05
3910,1745760909.1952083,2.8035230570822023e-05
3911,1745760929.7781427,2.803387542371638e-05
3912,1745760956.6929977,2.803252027661074e-05
3913,1745760967.6059873,2.8031165129505098e-05
3914,1745760997.3888226,2.8029809982399456e-05
3915,1745761004.686517,2.8028454835293815e-05
3916,1745761026.2529879,2.8027099688188173e-05
3917,1745761048.6837718,2.802574454108253e-05
3918,1745761066.016156,2.802438939397689e-05
3919,1745761082.3941622,2.802303606586065e-05
3920,1745761103.8532677,2.802168091875501e-05
3921,1745761124.813099,2.8020325771649368e-05
3922,1745761149.0594165,2.8018970624543726e-05
3923,1745761167.92326,2.8017615477438085e-05
3924,1745761191.0260503,2.8016260330332443e-05
3925,1745761214.4767191,2.80149051832268e-05
3926,1745761227.2025514,2.801355003612116e-05
3927,1745761251.7167873,2.8012194889015518e-05
3928,1745761259.1869135,2.8010839741909876e-05
3929,1745761280.5746713,2.8009484594804235e-05
3930,1745761302.3764095,2.8008129447698593e-05
3931,1745761323.7961466,2.800677430059295e-05
3932,1745761349.4257243,2.800541915348731e-05
3933,1745761372.3249202,2.8004065825371072e-05
3934,1745761389.7019947,2.800271067826543e-05
3935,1745761412.3921206,2.800135553115979e-05
3936,1745761421.1175752,2.8000000384054147e-05
3937,1745761605.224297,2.7998645236948505e-05
3938,1745761623.367676,2.7997290089842863e-05
3939,1745761651.291817,2.7995934942737222e-05
3940,1745761674.0110643,2.799457979563158e-05
3941,1745761683.979911,2.799322464852594e-05
3942,1745761719.0793302,2.7991869501420297e-05
3943,1745761727.507198,2.7990514354314655e-05
3944,1745761754.904124,2.7989159207209013e-05
3945,1745761764.6048558,2.7987804060103372e-05
3946,1745761790.6025577,2.7986450731987134e-05
3947,1745761814.5516558,2.7985095584881492e-05
3948,1745761828.6513839,2.798374043777585e-05
3949,1745761852.2485187,2.798238529067021e-05
3950,1745761878.0990431,2.7981030143564567e-05
3951,1745761887.6366563,2.7979674996458925e-05
3952,1745761907.9569848,2.7978319849353284e-05
3953,1745761944.157521,2.7976964702247642e-05
3954,1745761960.958918,2.7975609555142e-05
3955,1745761979.886875,2.797425440803636e-05
3956,1745761998.690951,2.7972899260930717e-05
3957,1745762023.7204652,2.7971544113825075e-05
3958,1745762046.6717546,2.7970188966719434e-05
3959,1745762063.1019297,2.7968833819613792e-05
3960,1745762084.7967288,2.7967480491497554e-05
3961,1745762099.9575717,2.7966125344391912e-05
3962,1745762119.2280712,2.796477019728627e-05
3963,1745762148.6571314,2.796341505018063e-05
3964,1745762165.972622,2.7962059903074987e-05
3965,1745762187.5272517,2.7960704755969346e-05
3966,1745762201.6040177,2.7959349608863704e-05
3967,1745762226.5391276,2.7957994461758062e-05
3968,1745762246.8467,2.795663931465242e-05
3969,1745762273.124229,2.795528416754678e-05
3970,1745762291.0816402,2.7953929020441137e-05
3971,1745762314.6748035,2.7952573873335496e-05
3972,1745762327.9678948,2.7951218726229854e-05
3973,1745762348.9907851,2.7949865398113616e-05
3974,1745762373.7741091,2.7948510251007974e-05
3975,1745762392.385002,2.7947155103902332e-05
3976,1745762416.8069906,2.794579995679669e-05
3977,1745762438.8307471,2.794444480969105e-05
3978,1745762457.0170097,2.7943089662585407e-05
3979,1745762481.177235,2.7941734515479766e-05
3980,1745762498.8131373,2.7940379368374124e-05
3981,1745762515.260411,2.7939024221268483e-05
3982,1745762537.4797094,2.793766907416284e-05
3983,1745762556.2212996,2.79363139270572e-05
3984,1745762586.849554,2.7934958779951558e-05
3985,1745762617.2165363,2.7933603632845916e-05
3986,1745762626.2401264,2.7932248485740274e-05
3987,1745762650.06373,2.7930895157624036e-05
3988,1745762674.5526178,2.7929540010518394e-05
3989,1745762697.5071576,2.7928184863412753e-05
3990,1745762713.971691,2.792682971630711e-05
3991,1745762734.8788114,2.792547456920147e-05
3992,1745762756.5743287,2.7924119422095828e-05
3993,1745762775.8974783,2.7922764274990186e-05
3994,1745762797.7038558,2.7921409127884544e-05
3995,1745762818.729815,2.7920053980778903e-05
3996,1745762847.4129167,2.791869883367326e-05
3997,1745762871.1624703,2.791734368656762e-05
3998,1745762894.6757345,2.7915988539461978e-05
3999,1745762908.7069776,2.7914633392356336e-05
4000,1745762935.453397,2.7913278245250694e-05
4001,1745762945.8317058,2.7911924917134456e-05
4002,1745762977.5174713,2.7910569770028815e-05
4003,1745762994.719488,2.7909214622923173e-05
4004,1745763017.9321852,2.790785947581753e-05
4005,1745763040.005464,2.790650432871189e-05
4006,1745763067.0093117,2.7905149181606248e-05
4007,1745763079.9114113,2.7903794034500606e-05
4008,1745763100.6767902,2.7902438887394965e-05
4009,1745763123.2503738,2.7901083740289323e-05
4010,1745763143.3288758,2.789972859318368e-05
4011,1745763161.8832002,2.789837344607804e-05
4012,1745763179.8790686,2.7897018298972398e-05
4013,1745763201.2250743,2.7895663151866756e-05
4014,1745763224.001649,2.7894309823750518e-05
4015,1745763242.6761062,2.7892954676644877e-05
4016,1745763263.060926,2.7891599529539235e-05
4017,1745763286.6874814,2.7890244382433593e-05
4018,1745763294.4040978,2.788888923532795e-05
4019,1745763489.1863847,2.788753408822231e-05
4020,1745763505.8362672,2.7886178941116668e-05
4021,1745763524.5930455,2.7884823794011027e-05
4022,1745763541.5227954,2.7883468646905385e-05
4023,1745763562.1753685,2.7882113499799743e-05
4024,1745763584.9949288,2.78807583526941e-05
4025,1745763611.2502937,2.787940320558846e-05
4026,1745763628.1970162,2.7878048058482818e-05
4027,1745763654.5315506,2.7876692911377177e-05
4028,1745763675.3574326,2.787533958326094e-05
4029,1745763689.5883782,2.7873984436155297e-05
4030,1745763705.4838982,2.7872629289049655e-05
4031,1745763723.2126575,2.7871274141944014e-05
4032,1745763748.5564785,2.7869918994838372e-05
4033,1745763778.4417443,2.786856384773273e-05
4034,1745763786.7043667,2.786720870062709e-05
4035,1745763807.4039454,2.7865853553521447e-05
4036,1745763829.6918533,2.7864498406415805e-05
4037,1745763845.8446555,2.7863143259310164e-05
4038,1745763866.8122387,2.7861788112204522e-05
4039,1745763892.9081678,2.786043296509888e-05
4040,1745763913.5692744,2.785907781799324e-05
4041,1745763934.8015368,2.7857722670887597e-05
4042,1745763953.2938254,2.785636934277136e-05
4043,1745763972.61586,2.7855014195665717e-05
4044,1745763995.247967,2.7853659048560075e-05
4045,1745764016.0848253,2.7852303901454434e-05
4046,1745764037.4624493,2.7850948754348792e-05
4047,1745764061.0415895,2.784959360724315e-05
4048,1745764080.8542516,2.784823846013751e-05
4049,1745764108.3064523,2.7846883313031867e-05
4050,1745764134.3137317,2.7845528165926225e-05
4051,1745764156.142086,2.7844173018820584e-05
4052,1745764175.472091,2.7842817871714942e-05
4053,1745764198.563544,2.78414627246093e-05
4054,1745764218.3723462,2.784010757750366e-05
4055,1745764230.8145204,2.783875424938742e-05
4056,1745764256.3123016,2.783739910228178e-05
4057,1745764281.8578384,2.7836043955176137e-05
4058,1745764309.6471665,2.7834688808070496e-05
4059,1745764330.128977,2.7833333660964854e-05
4060,1745764350.5143728,2.7831978513859212e-05
4061,1745764367.7735186,2.783062336675357e-05
4062,1745764388.343544,2.782926821964793e-05
4063,1745764419.2399528,2.7827913072542287e-05
4064,1745764445.5556145,2.7826557925436646e-05
4065,1745764469.5304139,2.7825202778331004e-05
4066,1745764490.0817826,2.7823847631225362e-05
4067,1745764494.4287162,2.782249248411972e-05
4068,1745764514.3098505,2.782113733701408e-05
4069,1745764530.0573285,2.781978400889784e-05
4070,1745764548.3001304,2.78184288617922e-05
4071,1745764564.8774872,2.7817073714686558e-05
4072,1745764578.082733,2.7815718567580916e-05
4073,1745764592.3292787,2.7814363420475274e-05
4074,1745764608.2463849,2.7813008273369633e-05
4075,1745764625.9843245,2.781165312626399e-05
4076,1745764643.825602,2.781029797915835e-05
4077,1745764658.9113214,2.7808942832052708e-05
4078,1745764674.1805441,2.7807587684947066e-05
4079,1745764690.2405467,2.7806232537841424e-05
4080,1745764701.4339025,2.7804877390735783e-05
4081,1745764708.2718544,2.780352224363014e-05
4082,1745764717.6176963,2.7802168915513903e-05
4083,1745764727.65651,2.780081376840826e-05
4084,1745764738.4173603,2.779945862130262e-05
4085,1745764748.9176116,2.7798103474196978e-05
4086,1745764755.243373,2.7796748327091336e-05
4087,1745764764.974403,2.7795393179985695e-05
4088,1745764773.8651316,2.7794038032880053e-05
4089,1745764783.3903627,2.779268288577441e-05
4090,1745764791.0022907,2.779132773866877e-05
4091,1745764798.9155204,2.7789972591563128e-05
4092,1745764806.3965538,2.7788617444457486e-05
4093,1745764816.6403215,2.7787262297351845e-05
4094,1745764828.0478456,2.7785907150246203e-05
4095,1745764837.9712114,2.778455200314056e-05
4096,1745764847.522391,2.7783198675024323e-05
4097,1745764855.6152117,2.778184352791868e-05
4098,1745764859.717927,2.778048838081304e-05
4099,1745764864.1012926,2.7779133233707398e-05
4100,1745764867.1533003,2.7777778086601757e-05
