step,wall_time,value
1,1745683747.4143152,1.8817832469940186
2,1745683765.0914927,1.858165979385376
3,1745683777.8808012,1.7349514961242676
4,1745683793.7869925,1.7105305194854736
5,1745683804.0503125,1.8868684768676758
6,1745683817.1584222,1.6718506813049316
7,1745683829.3099186,1.8540208339691162
8,1745683837.9040225,1.6424192190170288
9,1745683848.8942957,1.714025616645813
10,1745683860.4056358,1.639806866645813
11,1745683873.7799428,1.4742588996887207
12,1745683886.202584,1.5394010543823242
13,1745683897.9046526,1.5350728034973145
14,1745683913.8576496,1.4037431478500366
15,1745683925.5215313,1.3796888589859009
16,1745683937.8709428,1.4539674520492554
17,1745683950.5810604,1.2562168836593628
18,1745683960.1386168,1.1603519916534424
19,1745683969.0606925,1.3694744110107422
20,1745683979.6662972,1.1626216173171997
21,1745683991.8100274,0.966106116771698
22,1745684004.6765966,0.9892621040344238
23,1745684012.0831497,0.8835954070091248
24,1745684023.6463408,0.878354549407959
25,1745684036.3970294,0.842054545879364
26,1745684050.0551155,0.7843672633171082
27,1745684061.6109583,0.6600005030632019
28,1745684071.6603937,0.5970328450202942
29,1745684083.5872798,0.5782784223556519
30,1745684093.8081958,0.5035757422447205
31,1745684110.0559936,0.3822616934776306
32,1745684116.3783538,0.39897421002388
33,1745684128.4683588,0.42174679040908813
34,1745684140.6189196,0.3300419747829437
35,1745684154.6337044,0.3155237138271332
36,1745684168.1945164,0.28528323769569397
37,1745684180.3204496,0.2585214376449585
38,1745684185.9714687,0.231405571103096
39,1745684198.7555645,0.20487934350967407
40,1745684210.9125485,0.19971109926700592
41,1745684223.7954085,0.19776953756809235
42,1745684234.7681675,0.17741528153419495
43,1745684247.5155373,0.169889435172081
44,1745684258.5881436,0.1548255980014801
45,1745684266.5156007,0.16245250403881073
46,1745684278.3819876,0.13520319759845734
47,1745684296.4940677,0.10849100351333618
48,1745684314.0375173,0.16446202993392944
49,1745684326.9184692,0.11621003597974777
50,1745684336.6350775,0.11903204023838043
51,1745684347.9775774,0.12208159267902374
52,1745684358.805334,0.11962403357028961
53,1745684371.3436253,0.12221813201904297
54,1745684382.113938,0.1329585611820221
55,1745684396.7804096,0.1015932485461235
56,1745684407.4624753,0.134073406457901
57,1745684418.0776894,0.1543216109275818
58,1745684428.901304,0.1294049322605133
59,1745684439.985991,0.08933283388614655
60,1745684452.4412668,0.11305588483810425
61,1745684463.605434,0.14229287207126617
62,1745684474.7552152,0.14960606396198273
63,1745684484.9168727,0.16532926261425018
64,1745684495.4975858,0.07977508008480072
65,1745684508.661492,0.09535733610391617
66,1745684520.9198387,0.09889034926891327
67,1745684531.134381,0.141194149851799
68,1745684544.5690086,0.14239194989204407
69,1745684555.5010974,0.19605077803134918
70,1745684566.782652,0.09903856366872787
71,1745684578.3912926,0.1293596625328064
72,1745684588.528085,0.1808905154466629
73,1745684599.0284967,0.10015244781970978
74,1745684609.653514,0.10624270141124725
75,1745684624.1319602,0.10112515091896057
76,1745684636.8144243,0.15676529705524445
77,1745684650.6384447,0.12207547575235367
78,1745684662.8651543,0.09672917425632477
79,1745684676.5436099,0.12124086916446686
80,1745684688.475742,0.22057364881038666
81,1745684697.3935006,0.12604711949825287
82,1745684708.7705257,0.14235319197177887
83,1745684720.6739337,0.11779315769672394
84,1745684728.8739164,0.1737716943025589
85,1745684738.5512938,0.11370933055877686
86,1745684742.6897545,0.06914891302585602
87,1745684817.2847052,0.1304416060447693
88,1745684829.8757355,0.10284779220819473
89,1745684842.36632,0.11821932345628738
90,1745684853.405208,0.1718868464231491
91,1745684864.4802058,0.13387824594974518
92,1745684874.4799116,0.08538439124822617
93,1745684884.2626774,0.11883614212274551
94,1745684897.925518,0.11714477092027664
95,1745684907.6397882,0.1500478982925415
96,1745684923.5546556,0.1457362025976181
97,1745684932.5030751,0.1385238617658615
98,1745684943.336005,0.14185315370559692
99,1745684953.0790145,0.15306434035301208
100,1745684967.6783438,0.12715959548950195
101,1745684980.048646,0.11366575956344604
102,1745684991.2193894,0.11749804019927979
103,1745685003.4654348,0.12057061493396759
104,1745685013.9296072,0.14018844068050385
105,1745685021.728967,0.13640068471431732
106,1745685035.152119,0.12471216917037964
107,1745685048.618656,0.09034086018800735
108,1745685062.9270005,0.07716718316078186
109,1745685075.9605098,0.11776131391525269
110,1745685083.1294918,0.10268458724021912
111,1745685095.8234797,0.13357917964458466
112,1745685107.6425552,0.10607810318470001
113,1745685113.7016175,0.11669276654720306
114,1745685127.97888,0.11135131120681763
115,1745685134.9711976,0.16755716502666473
116,1745685142.7930758,0.1254132091999054
117,1745685157.6275852,0.09667608886957169
118,1745685167.8257391,0.1113547533750534
119,1745685182.4540255,0.17942212522029877
120,1745685193.7854922,0.1334252804517746
121,1745685205.6095452,0.09516184777021408
122,1745685216.1397328,0.11295013874769211
123,1745685228.8076127,0.09467383474111557
124,1745685242.7224116,0.0876099243760109
125,1745685254.9181783,0.1231115534901619
126,1745685264.8941443,0.12904059886932373
127,1745685274.9095283,0.23959247767925262
128,1745685285.5913055,0.15597409009933472
129,1745685295.7397687,0.10452452301979065
130,1745685308.4781537,0.11485732346773148
131,1745685319.0242248,0.13649196922779083
132,1745685331.062257,0.14472079277038574
133,1745685338.2471921,0.1684959977865219
134,1745685353.0015767,0.09651943296194077
135,1745685365.0014906,0.1453244686126709
136,1745685373.96687,0.1312611997127533
137,1745685384.0472786,0.11962219327688217
138,1745685396.0855265,0.13408741354942322
139,1745685409.9919703,0.09113139659166336
140,1745685422.5404916,0.07390259206295013
141,1745685431.0428083,0.11559640616178513
142,1745685442.9168777,0.13200519979000092
143,1745685453.1660507,0.10577251762151718
144,1745685464.8205104,0.099373959004879
145,1745685473.9335787,0.12190836668014526
146,1745685481.7045202,0.19686241447925568
147,1745685495.0106454,0.11138688772916794
148,1745685510.4099338,0.0970376580953598
149,1745685525.9663684,0.08025595545768738
150,1745685539.0656633,0.0999937430024147
151,1745685551.4674687,0.14053337275981903
152,1745685564.7112532,0.11066202074289322
153,1745685575.5733128,0.0799519494175911
154,1745685585.4941084,0.11021249741315842
155,1745685598.9968557,0.09875424951314926
156,1745685611.6536932,0.10556838661432266
157,1745685624.122158,0.1058393269777298
158,1745685634.5804098,0.11804909259080887
159,1745685644.5261543,0.15614455938339233
160,1745685654.7176442,0.12386184930801392
161,1745685666.106973,0.0886635109782219
162,1745685681.3689034,0.15086664259433746
163,1745685696.9582777,0.11345164477825165
164,1745685709.827224,0.10061735659837723
165,1745685719.402787,0.11245197802782059
166,1745685727.661206,0.11867400258779526
167,1745685739.2422824,0.12020566314458847
168,1745685752.5736632,0.10475948452949524
169,1745685766.3532667,0.13008953630924225
170,1745685772.3848917,0.0977039784193039
171,1745685783.2289908,0.09364176541566849
172,1745685785.191398,0.10410476475954056
173,1745685870.0747256,0.10296307504177094
174,1745685883.2559385,0.1344248503446579
175,1745685890.4957163,0.14020152390003204
176,1745685903.4429536,0.09137871861457825
177,1745685917.7152178,0.09456191956996918
178,1745685925.921338,0.15773829817771912
179,1745685935.3262746,0.15151135623455048
180,1745685950.3796918,0.09168361127376556
181,1745685964.1581972,0.09168441593647003
182,1745685973.4205296,0.13903389871120453
183,1745685984.6342435,0.10161568969488144
184,1745685996.8460598,0.13872525095939636
185,1745686002.94894,0.09670644253492355
186,1745686013.7695446,0.0956931859254837
187,1745686023.7862585,0.09955105930566788
188,1745686036.885848,0.12970374524593353
189,1745686051.1764834,0.07171890884637833
190,1745686062.3259168,0.1624908596277237
191,1745686076.0764241,0.08725275099277496
192,1745686085.6248035,0.09377100318670273
193,1745686098.2741938,0.11884448677301407
194,1745686107.214324,0.120194211602211
195,1745686119.626176,0.12155934423208237
196,1745686132.8203032,0.10218938440084457
197,1745686138.4472322,0.17669476568698883
198,1745686150.4130032,0.12298280000686646
199,1745686167.7015376,0.09015173465013504
200,1745686179.7966118,0.08235548436641693
201,1745686193.0727181,0.07984738796949387
202,1745686198.6433213,0.0876745656132698
203,1745686209.5270236,0.09806099534034729
204,1745686219.4319987,0.1058376133441925
205,1745686228.2222917,0.08243284374475479
206,1745686235.5765483,0.1273447871208191
207,1745686249.1424344,0.1002708226442337
208,1745686261.0645726,0.11226247251033783
209,1745686267.5393019,0.12249136716127396
210,1745686280.2450578,0.07994277775287628
211,1745686291.8615289,0.10219547897577286
212,1745686303.7859995,0.11417235434055328
213,1745686315.595574,0.10032575577497482
214,1745686326.8349583,0.13102677464485168
215,1745686341.3406131,0.10665489733219147
216,1745686351.449281,0.24736468493938446
217,1745686363.7287009,0.10620303452014923
218,1745686373.4985816,0.09638728946447372
219,1745686386.7848425,0.08075343072414398
220,1745686398.77613,0.1043761596083641
221,1745686410.1768234,0.10046564787626266
222,1745686422.317335,0.15402764081954956
223,1745686429.308949,0.12136725336313248
224,1745686440.9884655,0.07804538309574127
225,1745686454.8095372,0.10848252475261688
226,1745686468.9893038,0.07644817233085632
227,1745686481.0365534,0.0780177190899849
228,1745686492.7013044,0.08394989371299744
229,1745686502.1832275,0.12469866126775742
230,1745686514.4008064,0.08692988753318787
231,1745686526.1875896,0.1058705598115921
232,1745686535.6593208,0.15169362723827362
233,1745686550.0700126,0.07248952984809875
234,1745686562.7275198,0.08358324319124222
235,1745686572.6636791,0.08032543957233429
236,1745686584.9406602,0.08173137158155441
237,1745686597.2567265,0.06436306238174438
238,1745686610.3634307,0.08184228837490082
239,1745686622.3441582,0.08844108134508133
240,1745686632.7352235,0.08394906669855118
241,1745686645.2495413,0.0981253832578659
242,1745686656.4218755,0.12866242229938507
243,1745686666.2350852,0.11709962040185928
244,1745686676.1055658,0.07805590331554413
245,1745686685.142721,0.1614188253879547
246,1745686698.4781106,0.11235375702381134
247,1745686712.310838,0.076832115650177
248,1745686724.6386647,0.06773587316274643
249,1745686738.4517653,0.09291844069957733
250,1745686751.7738853,0.07004911452531815
251,1745686765.6327715,0.12326965481042862
252,1745686777.5259905,0.08856131136417389
253,1745686782.6685328,0.09136582911014557
254,1745686794.2250555,0.1445319801568985
255,1745686806.5213945,0.09148523956537247
256,1745686819.4339638,0.09471730887889862
257,1745686828.2199457,0.08465836197137833
258,1745686830.8622458,0.09107937663793564
259,1745686895.3781586,0.10665707290172577
260,1745686904.7914686,0.08448401093482971
261,1745686915.2958891,0.10685710608959198
262,1745686928.118813,0.07836350053548813
263,1745686938.9055362,0.1435709446668625
264,1745686949.2725925,0.07833481580018997
265,1745686960.533576,0.08896274864673615
266,1745686978.0855086,0.12329874187707901
267,1745686989.3120563,0.09202786535024643
268,1745687001.284423,0.10122308135032654
269,1745687016.2127087,0.10748223215341568
270,1745687030.3996413,0.08491470664739609
271,1745687045.79281,0.14331527054309845
272,1745687056.4134758,0.12366262823343277
273,1745687064.742496,0.10656312108039856
274,1745687077.1185465,0.08165642619132996
275,1745687088.4739907,0.11795111745595932
276,1745687096.6945632,0.10963140428066254
277,1745687110.4927888,0.1510198712348938
278,1745687122.1033995,0.09097426384687424
279,1745687128.3359125,0.11303213238716125
280,1745687139.888143,0.10475214570760727
281,1745687153.8661249,0.07307121902704239
282,1745687166.4323225,0.11087097972631454
283,1745687179.6082113,0.10229028016328812
284,1745687196.057371,0.1177193820476532
285,1745687206.9882948,0.0882018581032753
286,1745687217.4367619,0.08520498871803284
287,1745687229.0654824,0.08963298797607422
288,1745687243.340715,0.07663633674383163
289,1745687255.7516854,0.07541632652282715
290,1745687263.0119948,0.08322763442993164
291,1745687276.577325,0.07006450742483139
292,1745687289.618356,0.0844712108373642
293,1745687307.081603,0.12186753004789352
294,1745687324.129534,0.07419034093618393
295,1745687337.8333037,0.09127337485551834
296,1745687348.2751646,0.09131329506635666
297,1745687357.2232428,0.08141026645898819
298,1745687371.0958557,0.07694131135940552
299,1745687382.0924122,0.08031455427408218
300,1745687395.065021,0.10901235044002533
301,1745687406.5956597,0.08313432335853577
302,1745687418.836214,0.0725705623626709
303,1745687428.9653711,0.09371306002140045
304,1745687441.9277894,0.06315851211547852
305,1745687454.6046438,0.08791423588991165
306,1745687466.6003447,0.0975283831357956
307,1745687479.0954828,0.07332005351781845
308,1745687491.4057891,0.10801663994789124
309,1745687500.3503647,0.07773581892251968
310,1745687512.578849,0.057718779891729355
311,1745687521.523059,0.09145573526620865
312,1745687531.9571211,0.12574812769889832
313,1745687542.5017927,0.11108794808387756
314,1745687550.5113614,0.11406149715185165
315,1745687562.6131947,0.09329486638307571
316,1745687575.5816007,0.11206405609846115
317,1745687588.458888,0.09424035996198654
318,1745687602.1075897,0.10809455066919327
319,1745687615.4380493,0.07389353960752487
320,1745687628.261146,0.06899718940258026
321,1745687640.8172567,0.059706129133701324
322,1745687651.0965025,0.09221650660037994
323,1745687660.2395208,0.09079538285732269
324,1745687672.7810993,0.05691881477832794
325,1745687683.9345577,0.09431034326553345
326,1745687695.259744,0.07716474682092667
327,1745687706.9492218,0.08131375908851624
328,1745687719.903598,0.06375177204608917
329,1745687729.1162536,0.07199284434318542
330,1745687739.7794454,0.07449962943792343
331,1745687752.3339665,0.06963763386011124
332,1745687759.748743,0.13886350393295288
333,1745687767.986857,0.13436882197856903
334,1745687776.251328,0.0945127084851265
335,1745687791.8204768,0.06327177584171295
336,1745687802.1085305,0.09496483951807022
337,1745687815.4925354,0.09847696870565414
338,1745687827.8691463,0.10361834615468979
339,1745687843.3989446,0.06649984419345856
340,1745687853.3283982,0.09454069286584854
341,1745687866.6326847,0.08204236626625061
342,1745687872.0209143,0.0687011331319809
343,1745687887.2408452,0.09390493482351303
344,1745687891.2253895,0.0671924278140068
345,1745687956.745213,0.09201018512248993
346,1745687965.2672741,0.10143567621707916
347,1745687981.3787313,0.07173913717269897
348,1745687993.1109035,0.08649653941392899
349,1745687999.3839169,0.12276241183280945
350,1745688013.3876004,0.06366395205259323
351,1745688026.4463933,0.10545413196086884
352,1745688043.6298711,0.10118881613016129
353,1745688056.0176544,0.0968237966299057
354,1745688061.1371953,0.07239603996276855
355,1745688073.7909498,0.1367161124944687
356,1745688083.0317059,0.0847284197807312
357,1745688092.3472333,0.12537242472171783
358,1745688105.2838745,0.0899101197719574
359,1745688120.4924273,0.06771779805421829
360,1745688133.2265558,0.07912222295999527
361,1745688140.767323,0.07270228862762451
362,1745688153.2434032,0.06759366393089294
363,1745688168.2327933,0.05426168441772461
364,1745688186.7830536,0.06939716637134552
365,1745688199.3776643,0.059649571776390076
366,1745688210.820738,0.0624786801636219
367,1745688220.1820993,0.09445542097091675
368,1745688227.9658175,0.11530504375696182
369,1745688242.7093499,0.0628613829612732
370,1745688257.1575263,0.116839699447155
371,1745688274.4849901,0.19774582982063293
372,1745688287.607751,0.06271129846572876
373,1745688298.041513,0.09400196373462677
374,1745688309.621191,0.09726250916719437
375,1745688318.4340158,0.07501863688230515
376,1745688331.0882246,0.06718035787343979
377,1745688338.8643572,0.11522965878248215
378,1745688347.8285668,0.06642010062932968
379,1745688363.326572,0.11183693259954453
380,1745688374.415878,0.09486375004053116
381,1745688387.6270447,0.06249544769525528
382,1745688400.4205806,0.10422045737504959
383,1745688412.973367,0.10183402895927429
384,1745688428.4018664,0.12622955441474915
385,1745688440.2436547,0.10304418951272964
386,1745688452.3499148,0.08125104010105133
387,1745688464.3508801,0.07830788940191269
388,1745688478.4535115,0.08268965035676956
389,1745688487.6138544,0.08786240220069885
390,1745688497.8550842,0.06142451986670494
391,1745688508.4709036,0.0711769089102745
392,1745688520.425675,0.08337944746017456
393,1745688530.3883564,0.08307664841413498
394,1745688544.3375385,0.09696909785270691
395,1745688556.7833195,0.0637812539935112
396,1745688572.3028052,0.10383463650941849
397,1745688585.063959,0.06774907559156418
398,1745688596.0681324,0.07515829801559448
399,1745688608.4683623,0.1082085445523262
400,1745688619.9615467,0.06041515991091728
401,1745688635.134032,0.07141634076833725
402,1745688645.2060237,0.08308031409978867
403,1745688654.7401414,0.07186266034841537
404,1745688668.456538,0.09275096654891968
405,1745688681.1199403,0.07376464456319809
406,1745688691.2703736,0.07544375211000443
407,1745688702.1827216,0.07860800623893738
408,1745688719.6522849,0.07894827425479889
409,1745688730.6964388,0.05595863610506058
410,1745688742.6298661,0.06535512208938599
411,1745688750.393745,0.06850333511829376
412,1745688759.2098594,0.06886224448680878
413,1745688765.809209,0.10918602347373962
414,1745688780.743402,0.13763956725597382
415,1745688788.580533,0.06956157833337784
416,1745688798.2696922,0.07980846613645554
417,1745688809.104368,0.056334953755140305
418,1745688819.3404584,0.06541991233825684
419,1745688828.9961994,0.06571443378925323
420,1745688837.3335116,0.0667434111237526
421,1745688847.457525,0.0444553941488266
422,1745688857.1658134,0.06211448833346367
423,1745688871.6227598,0.06810275465250015
424,1745688886.1716912,0.07719454914331436
425,1745688894.6813056,0.11822646111249924
426,1745688905.1772013,0.07685895264148712
427,1745688915.7117615,0.08972395211458206
428,1745688928.9690487,0.0713101476430893
429,1745688945.9426963,0.06138232722878456
430,1745688947.4922419,0.09236329793930054
431,1745689022.0876205,0.0736786425113678
432,1745689031.864217,0.10705560445785522
433,1745689042.6086607,0.12827283143997192
434,1745689052.649772,0.057165175676345825
435,1745689064.8574817,0.06421682238578796
436,1745689077.0120387,0.06769286096096039
437,1745689091.4602098,0.06148192286491394
438,1745689102.0645146,0.0864778384566307
439,1745689114.7600229,0.08703897893428802
440,1745689126.7510371,0.0679551362991333
441,1745689138.419802,0.07092615962028503
442,1745689151.786938,0.07898649573326111
443,1745689162.8636827,0.04401843994855881
444,1745689177.185664,0.09699378907680511
445,1745689190.2235124,0.0564207024872303
446,1745689196.6935263,0.07221153378486633
447,1745689210.1205993,0.06504873186349869
448,1745689224.1345758,0.059858404099941254
449,1745689235.7981143,0.05689014121890068
450,1745689248.222205,0.08286941796541214
451,1745689260.9726603,0.05249456316232681
452,1745689275.2984464,0.12309667468070984
453,1745689286.975611,0.08290216326713562
454,1745689295.0240197,0.06467156857252121
455,1745689305.1291351,0.10162454098463058
456,1745689316.4278662,0.06557561457157135
457,1745689329.5834572,0.060688216239213943
458,1745689339.4607778,0.09768399596214294
459,1745689350.3879583,0.06106862053275108
460,1745689361.3838122,0.07735113799571991
461,1745689373.0444126,0.08606580644845963
462,1745689381.2694836,0.10770612210035324
463,1745689395.0031657,0.07946635782718658
464,1745689406.6240191,0.08348050713539124
465,1745689418.4834664,0.05836863070726395
466,1745689428.1842315,0.08686693757772446
467,1745689439.0543344,0.10945513844490051
468,1745689449.272446,0.07084359228610992
469,1745689461.840193,0.07796964794397354
470,1745689471.4263303,0.061133887618780136
471,1745689482.0034254,0.14332227408885956
472,1745689490.0528274,0.11377397179603577
473,1745689499.9935274,0.10204368829727173
474,1745689510.2638576,0.09330813586711884
475,1745689522.2439308,0.08679545670747757
476,1745689535.144384,0.07296155393123627
477,1745689545.678792,0.07061555981636047
478,1745689559.1097481,0.058034349232912064
479,1745689571.861252,0.0517660416662693
480,1745689583.7793427,0.08153481781482697
481,1745689588.9644122,0.08468218147754669
482,1745689601.8535578,0.07485175877809525
483,1745689616.3154566,0.07711475342512131
484,1745689625.6880827,0.2221059501171112
485,1745689637.8729725,0.12522828578948975
486,1745689650.0593739,0.09067680686712265
487,1745689666.055739,0.04023108258843422
488,1745689679.5775106,0.05194097012281418
489,1745689693.5695226,0.05626535043120384
490,1745689698.9773333,0.07804273068904877
491,1745689709.2971344,0.19177673757076263
492,1745689723.305093,0.0927807167172432
493,1745689740.1427507,0.06642165780067444
494,1745689752.1084118,0.053172554820775986
495,1745689762.5571687,0.08814971894025803
496,1745689776.2343323,0.07885493338108063
497,1745689787.01351,0.06642310321331024
498,1745689796.8077295,0.09859085083007812
499,1745689808.9095347,0.05862681195139885
500,1745689814.511543,0.054605159908533096
501,1745689824.3731866,0.0791798010468483
502,1745689836.0521076,0.07330142706632614
503,1745689847.9303322,0.05243430659174919
504,1745689858.455471,0.07250216603279114
505,1745689872.9043334,0.07781902700662613
506,1745689885.123266,0.0748722180724144
507,1745689898.8394122,0.047596525400877
508,1745689909.8140662,0.06985582411289215
509,1745689921.61706,0.036108456552028656
510,1745689932.5972195,0.1041780337691307
511,1745689937.9970524,0.06780290603637695
512,1745689950.7107508,0.08019240200519562
513,1745689963.7977843,0.04799206554889679
514,1745689972.549169,0.03116387128829956
515,1745689986.0800188,0.06020764634013176
516,1745689990.6576798,0.1002296432852745
517,1745690059.4206145,0.09203660488128662
518,1745690072.0701752,0.06486845016479492
519,1745690078.732079,0.12245136499404907
520,1745690088.9577625,0.09427995979785919
521,1745690101.3014734,0.08423834294080734
522,1745690114.165133,0.052285220474004745
523,1745690123.5973513,0.07461174577474594
524,1745690135.1243827,0.07094042748212814
525,1745690148.4417374,0.04174908250570297
526,1745690159.9990134,0.06162147969007492
527,1745690171.1949358,0.06586268544197083
528,1745690183.1362498,0.06645603477954865
529,1745690194.4482179,0.07202056795358658
530,1745690204.501105,0.07703576236963272
531,1745690218.4357834,0.05993594601750374
532,1745690232.042443,0.05612926930189133
533,1745690242.95256,0.10035040974617004
534,1745690251.3334823,0.046018339693546295
535,1745690263.77211,0.07428189367055893
536,1745690272.6178765,0.05762598291039467
537,1745690284.680258,0.07864006608724594
538,1745690289.0034995,0.06322280317544937
539,1745690302.7250354,0.07759923487901688
540,1745690313.0864444,0.07525419443845749
541,1745690326.4736965,0.06425058096647263
542,1745690333.8238902,0.07887567579746246
543,1745690346.0165622,0.054441627115011215
544,1745690359.4895828,0.05835951492190361
545,1745690370.1105607,0.07426674664020538
546,1745690385.9565206,0.07582146674394608
547,1745690398.3810601,0.05085941404104233
548,1745690410.07549,0.08777622878551483
549,1745690421.6901202,0.08508137613534927
550,1745690433.493994,0.05690237507224083
551,1745690445.5612016,0.054725855588912964
552,1745690458.7655866,0.06666314601898193
553,1745690467.9708421,0.04608837515115738
554,1745690484.0929549,0.05226483196020126
555,1745690495.3847375,0.06055411696434021
556,1745690509.4637592,0.06330962479114532
557,1745690523.1177676,0.05583829805254936
558,1745690530.9869592,0.06556519865989685
559,1745690543.2949498,0.13148485124111176
560,1745690555.4622495,0.09835910052061081
561,1745690563.8709118,0.14061585068702698
562,1745690574.1082265,0.1326165348291397
563,1745690585.268022,0.0965610221028328
564,1745690599.0165417,0.04403203725814819
565,1745690608.4127803,0.07384762167930603
566,1745690620.1667094,0.07421132177114487
567,1745690633.0287097,0.04705452173948288
568,1745690646.803002,0.05620469152927399
569,1745690659.8284917,0.10875210165977478
570,1745690668.8371704,0.05576581507921219
571,1745690682.5143561,0.08538486063480377
572,1745690693.158944,0.04744725674390793
573,1745690703.613187,0.07149861752986908
574,1745690718.6633756,0.05590524151921272
575,1745690727.718684,0.11560245603322983
576,1745690735.7914155,0.06802858412265778
577,1745690752.2864544,0.04306064546108246
578,1745690765.4454517,0.06350890547037125
579,1745690771.4636958,0.06043621525168419
580,1745690786.4032314,0.07974600046873093
581,1745690800.734593,0.05919996276497841
582,1745690813.912815,0.05599246174097061
583,1745690822.9690123,0.09674987196922302
584,1745690835.746647,0.09256303310394287
585,1745690844.7630627,0.07588424533605576
586,1745690854.3539777,0.0753253847360611
587,1745690863.2000363,0.08379845321178436
588,1745690870.6157668,0.0661691352725029
589,1745690879.9175165,0.05850449576973915
590,1745690892.0964086,0.05895335227251053
591,1745690905.7484019,0.06447543948888779
592,1745690914.611655,0.05839569494128227
593,1745690927.449409,0.0572846494615078
594,1745690937.7877502,0.0682920590043068
595,1745690949.693974,0.0864219143986702
596,1745690958.692736,0.1321326345205307
597,1745690968.5938027,0.061738744378089905
598,1745690984.8594117,0.04946402460336685
599,1745690998.0293326,0.06015158072113991
600,1745691004.0815268,0.054901089519262314
601,1745691016.291067,0.07998254895210266
602,1745691018.9377754,0.08732115477323532
603,1745691086.643921,0.05109788477420807
604,1745691098.4925368,0.08106740564107895
605,1745691113.1430287,0.05534447357058525
606,1745691123.9626682,0.07687613368034363
607,1745691135.2073686,0.04405384138226509
608,1745691149.2899692,0.06655141711235046
609,1745691164.1398177,0.0661606416106224
610,1745691178.0109255,0.09502465277910233
611,1745691190.8144238,0.07105281203985214
612,1745691204.589511,0.059567734599113464
613,1745691217.0252051,0.04443898797035217
614,1745691226.2766712,0.06510086357593536
615,1745691237.6119206,0.034823935478925705
616,1745691246.2411323,0.12068861722946167
617,1745691259.5235083,0.059286169707775116
618,1745691273.3915505,0.07005627453327179
619,1745691282.1801167,0.06417147070169449
620,1745691294.085554,0.0811757817864418
621,1745691304.3196743,0.04938722774386406
622,1745691316.4967778,0.060791969299316406
623,1745691331.482712,0.08708176761865616
624,1745691344.4622614,0.03843095526099205
625,1745691354.4291377,0.06937766820192337
626,1745691364.1528435,0.04591277241706848
627,1745691379.5833044,0.08647818863391876
628,1745691395.845519,0.08604045957326889
629,1745691407.9296694,0.04788168519735336
630,1745691420.0658827,0.05905614048242569
631,1745691430.920267,0.06820811331272125
632,1745691444.0786617,0.05493227764964104
633,1745691452.79356,0.08709102123975754
634,1745691465.7467918,0.13168124854564667
635,1745691477.425782,0.0795782282948494
636,1745691491.8968813,0.08440104126930237
637,1745691503.3476927,0.035518571734428406
638,1745691514.0621383,0.06479275226593018
639,1745691524.757652,0.0896410271525383
640,1745691535.9311523,0.04502178356051445
641,1745691548.7707872,0.04758186638355255
642,1745691560.69506,0.09889392554759979
643,1745691570.7579982,0.05633309856057167
644,1745691582.2603755,0.051709603518247604
645,1745691592.9793854,0.09548486769199371
646,1745691601.0257819,0.08722425997257233
647,1745691614.3198807,0.05908743292093277
648,1745691627.4436052,0.0680316910147667
649,1745691639.0598052,0.07180322706699371
650,1745691653.591512,0.08550289273262024
651,1745691659.189823,0.059033963829278946
652,1745691670.124201,0.09243344515562057
653,1745691686.945692,0.04516662657260895
654,1745691695.5885491,0.055632900446653366
655,1745691703.7419639,0.09909755736589432
656,1745691711.7765317,0.029228299856185913
657,1745691725.622412,0.08811936527490616
658,1745691736.6085408,0.06062152236700058
659,1745691751.3781953,0.05835068225860596
660,1745691760.7003818,0.05890350416302681
661,1745691769.7954676,0.045284584164619446
662,1745691782.981852,0.059041257947683334
663,1745691797.1202755,0.03320929408073425
664,1745691811.9281917,0.061665501445531845
665,1745691823.5023084,0.0897674411535263
666,1745691831.085956,0.04442380368709564
667,1745691841.0950136,0.05182953551411629
668,1745691850.8233314,0.06456459313631058
669,1745691863.4059992,0.05357362702488899
670,1745691875.6654892,0.03556479886174202
671,1745691887.7042542,0.04656611755490303
672,1745691896.2654903,0.058031871914863586
673,1745691907.2425528,0.04867171123623848
674,1745691916.6293464,0.035424936562776566
675,1745691923.6305895,0.05053451284766197
676,1745691939.9555087,0.06748884916305542
677,1745691950.3526616,0.037600863724946976
678,1745691957.9818723,0.03758815675973892
679,1745691970.2503111,0.061980970203876495
680,1745691985.803604,0.06888262927532196
681,1745691996.3295004,0.1403815746307373
682,1745692009.8339648,0.06191880628466606
683,1745692022.4140437,0.05818559229373932
684,1745692036.4115186,0.09968733042478561
685,1745692046.295914,0.06416834145784378
686,1745692055.200605,0.09755157679319382
687,1745692065.1073148,0.0431157648563385
688,1745692068.0980892,0.04512934014201164
689,1745692139.938446,0.051961734890937805
690,1745692149.0177743,0.08023104816675186
691,1745692160.3801587,0.05925167724490166
692,1745692170.1138442,0.09243028610944748
693,1745692182.8495078,0.04766559600830078
694,1745692195.7117517,0.04626579210162163
695,1745692204.6085906,0.12749244272708893
696,1745692219.9650183,0.0636458694934845
697,1745692228.4790988,0.10461018234491348
698,1745692239.0713336,0.03817304968833923
699,1745692250.6408513,0.043829143047332764
700,1745692262.5159721,0.044936858117580414
701,1745692278.3288226,0.07457006722688675
702,1745692293.4193382,0.12277014553546906
703,1745692307.4923203,0.06457452476024628
704,1745692318.4019325,0.05774734914302826
705,1745692325.947158,0.06270115822553635
706,1745692338.0538118,0.07449893653392792
707,1745692349.5861542,0.02957041561603546
708,1745692360.1860356,0.06784237176179886
709,1745692371.898416,0.06175157427787781
710,1745692387.173496,0.0695771649479866
711,1745692393.3480814,0.09079105406999588
712,1745692402.456034,0.056284379214048386
713,1745692414.8137915,0.057615622878074646
714,1745692427.545693,0.0525192990899086
715,1745692442.162833,0.048836711794137955
716,1745692452.6163607,0.05714363604784012
717,1745692463.8725936,0.04677243158221245
718,1745692474.0415258,0.06651239097118378
719,1745692482.0448184,0.05546041578054428
720,1745692493.5975068,0.04217316210269928
721,1745692504.4300122,0.09521133452653885
722,1745692517.8326454,0.04853495955467224
723,1745692528.589401,0.05590113624930382
724,1745692536.304204,0.09945743530988693
725,1745692549.8056362,0.061304546892642975
726,1745692564.6513228,0.065732941031456
727,1745692579.3927498,0.07832171022891998
728,1745692590.5174642,0.031351763755083084
729,1745692602.3745663,0.04613996297121048
730,1745692611.525764,0.056448448449373245
731,1745692620.9775953,0.057297468185424805
732,1745692637.8348837,0.05695045739412308
733,1745692645.7746603,0.0903681144118309
734,1745692656.4484844,0.0644417330622673
735,1745692669.4697602,0.08651341497898102
736,1745692681.0295565,0.06563399732112885
737,1745692692.5315266,0.05190394073724747
738,1745692705.4237316,0.048422910273075104
739,1745692717.8176045,0.06378647685050964
740,1745692729.4461832,0.04381153732538223
741,1745692740.5804534,0.032833874225616455
742,1745692754.4281878,0.03943689540028572
743,1745692767.2878702,0.07304111123085022
744,1745692776.2630682,0.07899703085422516
745,1745692787.1503108,0.06266344338655472
746,1745692797.6229358,0.07176908850669861
747,1745692809.4836895,0.062103427946567535
748,1745692822.9171305,0.047799982130527496
749,1745692835.5835295,0.04916711524128914
750,1745692847.7727983,0.05441710352897644
751,1745692857.0147457,0.03041750192642212
752,1745692869.8181174,0.04946081340312958
753,1745692883.7006366,0.05242761969566345
754,1745692898.6379318,0.04833259806036949
755,1745692915.793529,0.06796176731586456
756,1745692930.8628595,0.048414744436740875
757,1745692937.5615172,0.024699458852410316
758,1745692948.8312273,0.04504581168293953
759,1745692960.8008125,0.030794154852628708
760,1745692974.9148812,0.05411882698535919
761,1745692984.6998868,0.07074248790740967
762,1745692995.2123368,0.04644910618662834
763,1745693004.5597055,0.06028561294078827
764,1745693018.418622,0.07994765788316727
765,1745693030.9957757,0.06077153980731964
766,1745693041.964466,0.041647281497716904
767,1745693053.8792098,0.0373290590941906
768,1745693066.5798783,0.040978092700242996
769,1745693075.9273727,0.05384413152933121
770,1745693084.4215767,0.056644439697265625
771,1745693092.1231134,0.050735991448163986
772,1745693100.0403817,0.10818824172019958
773,1745693115.6783855,0.048413801938295364
774,1745693119.4163797,0.052774056792259216
775,1745693186.5366697,0.04068073257803917
776,1745693202.0393374,0.03672371804714203
777,1745693216.7960937,0.043517082929611206
778,1745693229.6781514,0.05947813019156456
779,1745693234.928807,0.11898737400770187
780,1745693244.6328607,0.04528460279107094
781,1745693256.159447,0.0366908460855484
782,1745693269.2111564,0.06945507973432541
783,1745693284.5804753,0.03280318155884743
784,1745693295.8238657,0.038040630519390106
785,1745693301.2612016,0.03812716156244278
786,1745693317.1379313,0.03701931983232498
787,1745693330.468123,0.0791945680975914
788,1745693339.5055106,0.05823640525341034
789,1745693352.8591957,0.05907543748617172
790,1745693366.0384536,0.03070260025560856
791,1745693380.0455112,0.08029883354902267
792,1745693390.7914948,0.05582955479621887
793,1745693402.0102246,0.037547316402196884
794,1745693412.9406636,0.03466498479247093
795,1745693422.6606405,0.07598386704921722
796,1745693436.6525304,0.04243757948279381
797,1745693448.4278488,0.0678357407450676
798,1745693462.9737413,0.0452440045773983
799,1745693478.4022956,0.04095325618982315
800,1745693492.130148,0.05958202853798866
801,1745693503.1051342,0.043882858008146286
802,1745693515.2240148,0.05940750241279602
803,1745693527.7895076,0.09300060570240021
804,1745693540.9546828,0.07608596980571747
805,1745693551.9324577,0.03478546440601349
806,1745693560.5581968,0.06754179298877716
807,1745693573.3083136,0.052217256277799606
808,1745693581.4508924,0.07504117488861084
809,1745693593.6797142,0.03873085603117943
810,1745693605.9265168,0.06793905794620514
811,1745693616.927191,0.060705624520778656
812,1745693630.8387733,0.04379308223724365
813,1745693643.4249165,0.08358798921108246
814,1745693657.7548075,0.03759681060910225
815,1745693671.3348227,0.03432874009013176
816,1745693684.279546,0.04359256848692894
817,1745693698.277401,0.06725519895553589
818,1745693707.2351635,0.06880545616149902
819,1745693718.3446383,0.0708286315202713
820,1745693727.7990963,0.06428372859954834
821,1745693742.3490567,0.04146929457783699
822,1745693749.7894921,0.04273096099495888
823,1745693760.4966395,0.04027676582336426
824,1745693771.6178741,0.06518221646547318
825,1745693788.3927002,0.06258199363946915
826,1745693792.5619144,0.07613330334424973
827,1745693807.6846416,0.04625667259097099
828,1745693823.1309655,0.047022633254528046
829,1745693833.5092309,0.05148477107286453
830,1745693842.6908844,0.05701955780386925
831,1745693852.907477,0.030841730535030365
832,1745693862.8195863,0.05952724069356918
833,1745693876.0630448,0.035066984593868256
834,1745693889.5734508,0.04365420714020729
835,1745693899.138762,0.05381141975522041
836,1745693909.317474,0.056467942893505096
837,1745693919.0949352,0.06164452061057091
838,1745693932.577519,0.049780428409576416
839,1745693944.2895198,0.056548312306404114
840,1745693953.0059817,0.036999721080064774
841,1745693966.3565671,0.036088891327381134
842,1745693977.0704758,0.05371227487921715
843,1745693990.9823425,0.042901765555143356
844,1745694006.7734468,0.0656140148639679
845,1745694021.2111008,0.07039910554885864
846,1745694032.4582348,0.06299413740634918
847,1745694047.2854269,0.05767451226711273
848,1745694058.392379,0.07935899496078491
849,1745694070.191123,0.044290587306022644
850,1745694077.3385508,0.03878004476428032
851,1745694087.8726623,0.037811487913131714
852,1745694098.006959,0.13004231452941895
853,1745694105.8001978,0.03251223638653755
854,1745694115.3481221,0.06514082849025726
855,1745694127.3027933,0.04857054352760315
856,1745694141.7589152,0.04124195873737335
857,1745694150.998401,0.06006121262907982
858,1745694163.8364651,0.043875619769096375
859,1745694174.0830662,0.05915079265832901
860,1745694176.712121,0.024795642122626305
861,1745694246.1048934,0.039041295647621155
862,1745694261.0728803,0.0314074344933033
863,1745694267.922939,0.0491495244204998
864,1745694278.430819,0.022453252226114273
865,1745694295.2787256,0.08980665355920792
866,1745694313.8544946,0.039838701486587524
867,1745694324.7897232,0.04291052743792534
868,1745694334.874459,0.04062318056821823
869,1745694345.0449476,0.04933297261595726
870,1745694353.6031694,0.03066457435488701
871,1745694365.7595415,0.06093772500753403
872,1745694378.7711568,0.0354207418859005
873,1745694390.050492,0.035901881754398346
874,1745694399.5076234,0.04124709218740463
875,1745694409.0324116,0.05202038586139679
876,1745694419.7993336,0.030121371150016785
877,1745694431.4356194,0.062443800270557404
878,1745694444.7584615,0.040627263486385345
879,1745694457.2544174,0.043386898934841156
880,1745694467.512691,0.031202077865600586
881,1745694476.8764746,0.04057648777961731
882,1745694492.171382,0.030410273000597954
883,1745694502.9946754,0.05772455409169197
884,1745694518.8731704,0.040129706263542175
885,1745694535.3342078,0.06926751881837845
886,1745694544.7837996,0.04076828435063362
887,1745694554.0212846,0.03358358517289162
888,1745694565.152499,0.03438630327582359
889,1745694575.4508266,0.026579570025205612
890,1745694584.6025615,0.06779156625270844
891,1745694596.8691978,0.05075535178184509
892,1745694610.734524,0.05195445567369461
893,1745694623.2238357,0.04270895570516586
894,1745694635.5203342,0.05384112149477005
895,1745694649.0905704,0.0807526633143425
896,1745694665.081882,0.05619349330663681
897,1745694673.8766677,0.04612264782190323
898,1745694685.2978578,0.07992219179868698
899,1745694696.2335024,0.04451250657439232
900,1745694707.8728364,0.06833264231681824
901,1745694719.6289225,0.06951062381267548
902,1745694732.7602541,0.03005267307162285
903,1745694744.6599479,0.06616464257240295
904,1745694756.6825175,0.025543319061398506
905,1745694767.2661624,0.03236725181341171
906,1745694779.6936913,0.029228724539279938
907,1745694789.8776298,0.07289417088031769
908,1745694804.0140274,0.06978493928909302
909,1745694808.807556,0.03983600437641144
910,1745694822.748502,0.06730213016271591
911,1745694833.3500392,0.020962368696928024
912,1745694848.14337,0.06164482235908508
913,1745694856.7479975,0.05862549692392349
914,1745694868.9746485,0.049567315727472305
915,1745694878.3042436,0.04776902124285698
916,1745694888.0158455,0.042866241186857224
917,1745694897.2357287,0.04566538333892822
918,1745694906.5012186,0.0731709823012352
919,1745694918.5232365,0.02791709452867508
920,1745694933.2978964,0.04936213791370392
921,1745694945.4929652,0.03748369216918945
922,1745694953.8333516,0.05688640847802162
923,1745694968.7527032,0.06028558313846588
924,1745694975.9567995,0.04196997359395027
925,1745694985.4728825,0.043784212321043015
926,1745695001.621136,0.05031885951757431
927,1745695013.163576,0.08204842358827591
928,1745695026.389415,0.04002991318702698
929,1745695041.0759861,0.04211413487792015
930,1745695056.3738806,0.040493618696928024
931,1745695071.9313586,0.04428109899163246
932,1745695085.1044588,0.03470909595489502
933,1745695092.68954,0.09158586710691452
934,1745695102.4999804,0.04004426300525665
935,1745695114.5811996,0.040226101875305176
936,1745695122.2584445,0.06589953601360321
937,1745695134.802968,0.029334712773561478
938,1745695145.9767668,0.062099356204271317
939,1745695156.014986,0.028324544429779053
940,1745695167.1327782,0.05396834760904312
941,1745695180.4686623,0.04226068779826164
942,1745695190.0147507,0.03213890269398689
943,1745695201.1449752,0.04848041385412216
944,1745695215.5432897,0.03713352233171463
945,1745695228.5697646,0.051486510783433914
946,1745695230.8110929,0.08027096837759018
947,1745695298.3023977,0.03269588574767113
948,1745695308.805289,0.0525825060904026
949,1745695314.5093675,0.019961552694439888
950,1745695329.731911,0.03160197660326958
951,1745695339.2209177,0.053657833486795425
952,1745695350.851873,0.04164755716919899
953,1745695364.4026043,0.026937264949083328
954,1745695375.1321065,0.03858477249741554
955,1745695385.9467545,0.0580049566924572
956,1745695397.9363303,0.03616800904273987
957,1745695407.218961,0.01916021667420864
958,1745695416.461495,0.04510916769504547
959,1745695429.8843894,0.03777764365077019
960,1745695440.7951555,0.0407501757144928
961,1745695455.1436255,0.04726233705878258
962,1745695467.5043948,0.030171308666467667
963,1745695479.692633,0.06311819702386856
964,1745695484.3696566,0.03588360920548439
965,1745695498.2183907,0.029557405039668083
966,1745695506.7379732,0.027914056554436684
967,1745695517.1645138,0.04922347888350487
968,1745695532.8195035,0.030659925192594528
969,1745695541.344143,0.038669880479574203
970,1745695558.6197774,0.03586222976446152
971,1745695569.7001417,0.061513751745224
972,1745695579.562479,0.0608595609664917
973,1745695591.4121318,0.04744812101125717
974,1745695602.9763973,0.03290170058608055
975,1745695615.5149825,0.03728047013282776
976,1745695620.2938259,0.06667228043079376
977,1745695633.3175106,0.03992109000682831
978,1745695648.6350226,0.0570451095700264
979,1745695661.9469714,0.03147728741168976
980,1745695676.5698328,0.05822782590985298
981,1745695689.332283,0.044291406869888306
982,1745695699.2069285,0.06710025668144226
983,1745695710.2343276,0.045786429196596146
984,1745695722.1338353,0.04230872914195061
985,1745695733.698919,0.04429929703474045
986,1745695745.3328006,0.027797332033514977
987,1745695762.4964113,0.06326929479837418
988,1745695776.053517,0.039214204996824265
989,1745695786.3871331,0.05134614184498787
990,1745695795.030196,0.024840665981173515
991,1745695812.5934699,0.04371371120214462
992,1745695823.7112036,0.03779440000653267
993,1745695837.4094942,0.03518189489841461
994,1745695845.964391,0.024289695546030998
995,1745695858.65527,0.044371381402015686
996,1745695870.9455523,0.031438250094652176
997,1745695884.2307823,0.0387960784137249
998,1745695897.1487668,0.02593359723687172
999,1745695905.2992837,0.03649108484387398
1000,1745695914.5174975,0.020633503794670105
1001,1745695924.3015232,0.04567980393767357
1002,1745695936.98952,0.030320672318339348
1003,1745695948.1760054,0.045142125338315964
1004,1745695961.7390563,0.0394412986934185
1005,1745695977.593806,0.04961264878511429
1006,1745695989.064109,0.02035694196820259
1007,1745695999.9810877,0.042124200612306595
1008,1745696010.0926764,0.03044797293841839
1009,1745696016.278255,0.05053947493433952
1010,1745696029.8000922,0.0383414663374424
1011,1745696044.5405438,0.032438360154628754
1012,1745696059.97526,0.086845263838768
1013,1745696071.690058,0.05916213244199753
1014,1745696080.6357956,0.043867651373147964
1015,1745696091.8632836,0.04342932254076004
1016,1745696099.0518274,0.03214956820011139
1017,1745696109.4625292,0.03537752106785774
1018,1745696122.976254,0.045267678797245026
1019,1745696134.3545434,0.05486230552196503
1020,1745696143.790089,0.04585648328065872
1021,1745696153.5729194,0.033029597252607346
1022,1745696162.7291915,0.06891167908906937
1023,1745696177.2441738,0.05225062370300293
1024,1745696188.2661912,0.06464681774377823
1025,1745696199.043755,0.037022218108177185
1026,1745696209.826926,0.02837974578142166
1027,1745696218.941312,0.04581989720463753
1028,1745696232.4614909,0.05068283528089523
1029,1745696243.6387255,0.04657900333404541
1030,1745696259.025981,0.04827773571014404
1031,1745696274.2563381,0.022095298394560814
1032,1745696276.7108748,0.02811695635318756
1033,1745696348.900188,0.0419858880341053
1034,1745696362.7736006,0.033916693180799484
1035,1745696371.7837899,0.03800647333264351
1036,1745696387.712636,0.03242574632167816
1037,1745696398.8997443,0.026697110384702682
1038,1745696412.3141794,0.03661428764462471
1039,1745696422.7265024,0.025772523134946823
1040,1745696435.2015462,0.02796470746397972
1041,1745696447.230754,0.06161176785826683
1042,1745696459.13757,0.04737461730837822
1043,1745696474.9334064,0.04142046347260475
1044,1745696485.5045466,0.08590363711118698
1045,1745696491.142248,0.04006291553378105
1046,1745696502.4721508,0.04488563537597656
1047,1745696515.4846547,0.04429822787642479
1048,1745696526.245713,0.0475446954369545
1049,1745696541.2629874,0.03902728483080864
1050,1745696551.629754,0.037245992571115494
1051,1745696565.894182,0.04464865103363991
1052,1745696576.1735194,0.02919650822877884
1053,1745696585.682104,0.03932787477970123
1054,1745696598.7791972,0.04029471054673195
1055,1745696611.7755606,0.03532036766409874
1056,1745696621.1274867,0.0668240338563919
1057,1745696630.6889484,0.02388826198875904
1058,1745696642.8735232,0.023610707372426987
1059,1745696648.9887102,0.01707681082189083
1060,1745696660.9907248,0.03162074089050293
1061,1745696674.249275,0.03304843604564667
1062,1745696687.0606751,0.03430016338825226
1063,1745696699.9574811,0.03979303687810898
1064,1745696711.2239928,0.03400495648384094
1065,1745696719.4709275,0.07619571685791016
1066,1745696733.3755617,0.035841431468725204
1067,1745696747.04551,0.025464383885264397
1068,1745696756.785678,0.03875932842493057
1069,1745696768.098809,0.02879713475704193
1070,1745696783.2574198,0.03925596550107002
1071,1745696794.3743944,0.030815795063972473
1072,1745696805.5130847,0.05199282616376877
1073,1745696815.9254906,0.02725307084619999
1074,1745696828.443594,0.026890601962804794
1075,1745696840.2906852,0.021665798500180244
1076,1745696849.752334,0.05166960135102272
1077,1745696860.651688,0.01902938075363636
1078,1745696870.9010222,0.062353845685720444
1079,1745696878.8075752,0.03831350803375244
1080,1745696892.0252879,0.01608162373304367
1081,1745696902.0137658,0.03176804259419441
1082,1745696912.4374459,0.013853060081601143
1083,1745696923.6663623,0.06731831282377243
1084,1745696932.3591383,0.04579787328839302
1085,1745696942.98484,0.03051123395562172
1086,1745696955.993841,0.05453762039542198
1087,1745696968.0870438,0.02311190776526928
1088,1745696982.117882,0.03300705924630165
1089,1745696993.5667353,0.03039584681391716
1090,1745697000.8598902,0.02269621193408966
1091,1745697013.9007878,0.037721551954746246
1092,1745697028.9818912,0.04269838333129883
1093,1745697038.747258,0.0205069687217474
1094,1745697050.821508,0.050875693559646606
1095,1745697067.0146077,0.06125829741358757
1096,1745697071.7849023,0.029018104076385498
1097,1745697085.3095083,0.031099654734134674
1098,1745697101.9732401,0.04924994334578514
1099,1745697111.0975156,0.031266383826732635
1100,1745697123.3866518,0.0274298544973135
1101,1745697132.754253,0.03866461291909218
1102,1745697148.6963255,0.0469936765730381
1103,1745697159.7558506,0.07394512742757797
1104,1745697168.248175,0.03580591082572937
1105,1745697176.113533,0.028758756816387177
1106,1745697187.5935175,0.03468925878405571
1107,1745697198.840458,0.04502475634217262
1108,1745697209.2859657,0.03687025606632233
1109,1745697219.8008215,0.0160568505525589
1110,1745697229.8644795,0.03934447467327118
1111,1745697241.427498,0.04648242145776749
1112,1745697252.3246627,0.06332423537969589
1113,1745697264.2563004,0.0603044331073761
1114,1745697279.9217298,0.03075741045176983
1115,1745697294.4614809,0.03131222724914551
1116,1745697307.3235574,0.037136148661375046
1117,1745697318.3662806,0.03968612477183342
1118,1745697321.0455127,0.007153179030865431
1119,1745697385.6270144,0.039455562829971313
1120,1745697396.2285488,0.03646116703748703
1121,1745697405.729616,0.01555928960442543
1122,1745697423.034381,0.04676857218146324
1123,1745697438.2942066,0.020153110846877098
1124,1745697447.5886564,0.07034320384263992
1125,1745697457.030096,0.01739865355193615
1126,1745697471.7569904,0.024720266461372375
1127,1745697481.8775175,0.015046116895973682
1128,1745697487.562979,0.03230626508593559
1129,1745697499.367122,0.012774171307682991
1130,1745697513.9120367,0.01699591428041458
1131,1745697528.1094751,0.036645740270614624
1132,1745697545.168563,0.0170472152531147
1133,1745697557.036477,0.025695867836475372
1134,1745697563.1865647,0.03135405108332634
1135,1745697580.470556,0.023681258782744408
1136,1745697594.842188,0.03335213661193848
1137,1745697607.8855636,0.027267372235655785
1138,1745697618.5715415,0.036033663898706436
1139,1745697630.6447928,0.014705721288919449
1140,1745697641.9645634,0.038353826850652695
1141,1745697654.3473005,0.025298206135630608
1142,1745697664.0974166,0.029019992798566818
1143,1745697675.8279653,0.047344233840703964
1144,1745697686.5650134,0.014760445803403854
1145,1745697699.979215,0.018823547288775444
1146,1745697713.7102091,0.038728926330804825
1147,1745697723.2265005,0.04761446639895439
1148,1745697735.7419164,0.03421046957373619
1149,1745697749.183199,0.05918950214982033
1150,1745697760.885092,0.022225873544812202
1151,1745697773.3386235,0.0440705306828022
1152,1745697784.1756067,0.0457451231777668
1153,1745697797.9068246,0.044189535081386566
1154,1745697809.7901156,0.0357360765337944
1155,1745697821.2858827,0.04024016112089157
1156,1745697834.4186966,0.021919680759310722
1157,1745697844.4328148,0.04189268499612808
1158,1745697852.0072255,0.035794708877801895
1159,1745697863.0540307,0.03880095109343529
1160,1745697871.5305214,0.02187414839863777
1161,1745697886.6484172,0.020435519516468048
1162,1745697898.5504866,0.01888294890522957
1163,1745697914.1208327,0.03919682651758194
1164,1745697925.154567,0.025054264813661575
1165,1745697931.4139757,0.041167017072439194
1166,1745697943.527306,0.061520062386989594
1167,1745697954.779183,0.02069639414548874
1168,1745697965.44846,0.03027583844959736
1169,1745697974.9765663,0.02609751559793949
1170,1745697984.3707402,0.024635368958115578
1171,1745697995.6913285,0.04500077664852142
1172,1745698010.2604637,0.019698617979884148
1173,1745698021.3538995,0.03229667246341705
1174,1745698030.513054,0.03928886353969574
1175,1745698042.285215,0.02071068063378334
1176,1745698052.6748517,0.019954564049839973
1177,1745698064.829513,0.02898193895816803
1178,1745698078.4096684,0.026315484195947647
1179,1745698087.1450303,0.028162557631731033
1180,1745698099.3651092,0.02304401807487011
1181,1745698110.2611396,0.08097265660762787
1182,1745698120.4927316,0.05962907150387764
1183,1745698128.7234442,0.015795450657606125
1184,1745698144.4718971,0.04840864986181259
1185,1745698156.3595297,0.03729715198278427
1186,1745698164.7124853,0.034097667783498764
1187,1745698180.548051,0.029550591483712196
1188,1745698189.9534092,0.028698641806840897
1189,1745698202.1353502,0.04971864074468613
1190,1745698216.1102417,0.027554454281926155
1191,1745698225.150623,0.013310601003468037
1192,1745698233.5162072,0.02611684240400791
1193,1745698243.868972,0.03953203186392784
1194,1745698255.0444791,0.02542610839009285
1195,1745698263.9270928,0.03066718764603138
1196,1745698276.8437717,0.02316015213727951
1197,1745698288.8246324,0.03270946443080902
1198,1745698296.5206652,0.03211609646677971
1199,1745698310.9727123,0.03172852471470833
1200,1745698321.6318357,0.02284509316086769
1201,1745698332.6798306,0.019697114825248718
1202,1745698346.5647895,0.021760564297437668
1203,1745698361.1137938,0.03686164692044258
1204,1745698363.3395572,0.033840689808130264
1205,1745698428.99762,0.022439686581492424
1206,1745698437.6931264,0.04952455312013626
1207,1745698447.0269735,0.024115271866321564
1208,1745698455.6073277,0.03685135021805763
1209,1745698467.168936,0.030350442975759506
1210,1745698475.6257997,0.03273134306073189
1211,1745698486.5539482,0.021578602492809296
1212,1745698495.8283775,0.019365619868040085
1213,1745698507.687532,0.04078110307455063
1214,1745698520.7291653,0.033721327781677246
1215,1745698536.1582217,0.02764412760734558
1216,1745698545.0710862,0.030027134343981743
1217,1745698556.232697,0.007500661537051201
1218,1745698569.3625002,0.014304500073194504
1219,1745698579.1186924,0.02592134289443493
1220,1745698591.063499,0.034733787178993225
1221,1745698602.8797877,0.04054969921708107
1222,1745698612.7009234,0.029790770262479782
1223,1745698622.5220263,0.029609575867652893
1224,1745698634.6145475,0.03559233993291855
1225,1745698643.9281723,0.03844262287020683
1226,1745698655.2015185,0.010591978207230568
1227,1745698667.8415112,0.017766740173101425
1228,1745698683.0555387,0.010351059027016163
1229,1745698693.1607814,0.00880985613912344
1230,1745698705.369235,0.012777869589626789
1231,1745698717.0731456,0.030440514907240868
1232,1745698726.077471,0.04469772055745125
1233,1745698741.4458334,0.01644153520464897
1234,1745698751.5380707,0.026922419667243958
1235,1745698767.1024275,0.05313771963119507
1236,1745698774.0562456,0.05176393687725067
1237,1745698785.3175201,0.025031452998518944
1238,1745698799.8787663,0.030686819925904274
1239,1745698815.5050743,0.018578683957457542
1240,1745698823.087943,0.039220016449689865
1241,1745698831.1370742,0.05946960672736168
1242,1745698842.6078088,0.013385540805757046
1243,1745698859.7329366,0.028995100408792496
1244,1745698871.1210358,0.045172058045864105
1245,1745698880.7735,0.025485634803771973
1246,1745698891.606741,0.01715083420276642
1247,1745698902.6545672,0.054177749902009964
1248,1745698912.3081193,0.03314288705587387
1249,1745698923.454211,0.04570280387997627
1250,1745698937.0974889,0.02722044289112091
1251,1745698946.7517116,0.022566724568605423
1252,1745698960.8875725,0.05544384568929672
1253,1745698974.966481,0.025821911171078682
1254,1745698988.7484605,0.015378176234662533
1255,1745699004.1934304,0.024119393900036812
1256,1745699012.5310369,0.038444239646196365
1257,1745699022.5771425,0.030457649379968643
1258,1745699036.2021515,0.042969804257154465
1259,1745699047.1739106,0.02993830479681492
1260,1745699054.2067354,0.02995450608432293
1261,1745699064.0898101,0.04526299238204956
1262,1745699072.4651186,0.027041062712669373
1263,1745699092.3120294,0.029241789132356644
1264,1745699102.1263883,0.03572824224829674
1265,1745699115.491304,0.010121630504727364
1266,1745699127.2734761,0.035384323447942734
1267,1745699137.016924,0.008711669594049454
1268,1745699153.0763419,0.029955683276057243
1269,1745699164.992706,0.010409168899059296
1270,1745699177.4317071,0.025407863780856133
1271,1745699186.9125261,0.029320577159523964
1272,1745699199.7868526,0.025352343916893005
1273,1745699209.1788986,0.024879543110728264
1274,1745699222.2175174,0.028511008247733116
1275,1745699227.7993703,0.024754248559474945
1276,1745699238.8500733,0.01914532482624054
1277,1745699252.565768,0.029045408591628075
1278,1745699263.8052406,0.018748775124549866
1279,1745699269.642328,0.021835219115018845
1280,1745699280.3214805,0.03789795935153961
1281,1745699297.9483452,0.030078250914812088
1282,1745699311.441205,0.031879279762506485
1283,1745699323.1775043,0.038506969809532166
1284,1745699339.1315079,0.04814387857913971
1285,1745699353.951854,0.021575022488832474
1286,1745699366.3135073,0.0213213749229908
1287,1745699375.1655183,0.016454996541142464
1288,1745699385.9743912,0.020657913759350777
1289,1745699396.517317,0.02104036696255207
1290,1745699400.3001356,0.033960673958063126
1291,1745699456.0855777,0.026008950546383858
1292,1745699470.3980248,0.020003661513328552
1293,1745699484.5358963,0.024603547528386116
1294,1745699494.225593,0.02735535055398941
1295,1745699506.2547255,0.027485273778438568
1296,1745699519.0691204,0.018386168405413628
1297,1745699527.5234942,0.03569088503718376
1298,1745699536.604264,0.018534613773226738
1299,1745699552.3617442,0.023157700896263123
1300,1745699564.1289475,0.011692589148879051
1301,1745699571.1118772,0.021688329055905342
1302,1745699588.6985095,0.014100494794547558
1303,1745699602.049516,0.040019918233156204
1304,1745699608.5197816,0.035991717129945755
1305,1745699621.591674,0.018927166238427162
1306,1745699632.151885,0.012934079393744469
1307,1745699640.8459332,0.03867028281092644
1308,1745699653.5001657,0.015301561914384365
1309,1745699667.8921213,0.013918142765760422
1310,1745699681.48276,0.0209779292345047
1311,1745699691.687824,0.028505349531769753
1312,1745699701.4613347,0.02497711032629013
1313,1745699714.7582448,0.022222459316253662
1314,1745699731.5079544,0.02365211956202984
1315,1745699741.869584,0.01653522439301014
1316,1745699753.4496236,0.017649229615926743
1317,1745699765.4047062,0.029312914237380028
1318,1745699774.596268,0.016674939543008804
1319,1745699787.9153595,0.01620190590620041
1320,1745699800.2391388,0.03435465693473816
1321,1745699811.2584028,0.01523052342236042
1322,1745699821.7984812,0.01832062378525734
1323,1745699833.0597708,0.01735803671181202
1324,1745699846.7533953,0.02091534435749054
1325,1745699858.2145214,0.01138255838304758
1326,1745699871.677179,0.023744279518723488
1327,1745699881.465524,0.017559466883540154
1328,1745699890.7439566,0.023215649649500847
1329,1745699903.4368794,0.03327434882521629
1330,1745699914.5074701,0.019544294103980064
1331,1745699926.661989,0.01537349447607994
1332,1745699937.8513,0.007030402775853872
1333,1745699946.4377017,0.00880132894963026
1334,1745699958.10636,0.016795175150036812
1335,1745699972.7698233,0.029839254915714264
1336,1745699984.520914,0.021396365016698837
1337,1745699998.480997,0.007731893099844456
1338,1745700010.8281598,0.013906832784414291
1339,1745700021.726833,0.013406500220298767
1340,1745700031.8329883,0.02059967815876007
1341,1745700042.4969568,0.022068578749895096
1342,1745700053.1758132,0.011642013676464558
1343,1745700065.1048796,0.013708175159990788
1344,1745700076.6107776,0.03179127350449562
1345,1745700088.934012,0.027391022071242332
1346,1745700103.5200324,0.018270185217261314
1347,1745700114.875306,0.009200992062687874
1348,1745700126.0294833,0.011294424533843994
1349,1745700138.5275395,0.015198426321148872
1350,1745700146.9433267,0.0560915544629097
1351,1745700157.4263856,0.04216756299138069
1352,1745700166.215079,0.012810195796191692
1353,1745700178.8885374,0.015964079648256302
1354,1745700183.9265835,0.030083760619163513
1355,1745700195.8841794,0.022455785423517227
1356,1745700206.3457282,0.01986980065703392
1357,1745700218.0570843,0.015786852687597275
1358,1745700229.2011697,0.06847595423460007
1359,1745700240.145616,0.01818244904279709
1360,1745700252.41561,0.02050839550793171
1361,1745700263.3068147,0.055227138102054596
1362,1745700277.0053194,0.021034549921751022
1363,1745700287.7330558,0.019740693271160126
1364,1745700301.1230328,0.020834943279623985
1365,1745700310.9069908,0.04169953241944313
1366,1745700321.3964045,0.016074208542704582
1367,1745700331.5501564,0.04282974451780319
1368,1745700347.5787919,0.021716808900237083
1369,1745700359.8551047,0.016353655606508255
1370,1745700368.3504474,0.011583500541746616
1371,1745700381.2273078,0.028218194842338562
1372,1745700393.8805106,0.020608726888895035
1373,1745700402.906132,0.010694509372115135
1374,1745700415.7874157,0.025941725820302963
1375,1745700426.7535179,0.027581192553043365
1376,1745700431.1445339,0.011213945224881172
1377,1745700500.331923,0.022928524762392044
1378,1745700507.5954556,0.019945213571190834
1379,1745700518.1867461,0.011526181362569332
1380,1745700531.162671,0.014672208577394485
1381,1745700541.8273528,0.012365986593067646
1382,1745700555.129676,0.02291143126785755
1383,1745700563.711854,0.008038305677473545
1384,1745700570.5826688,0.025028245523571968
1385,1745700584.6317003,0.017182370647788048
1386,1745700596.977681,0.015838902443647385
1387,1745700609.7974796,0.023266656324267387
1388,1745700620.8147926,0.023464372381567955
1389,1745700630.4459934,0.05165904015302658
1390,1745700643.7008278,0.00809264462441206
1391,1745700655.3605056,0.0037729796022176743
1392,1745700669.334904,0.019591007381677628
1393,1745700680.5495386,0.022349482402205467
1394,1745700692.0474448,0.07505082339048386
1395,1745700707.7964032,0.01845514215528965
1396,1745700722.232606,0.025653107091784477
1397,1745700735.9403477,0.014152782037854195
1398,1745700749.6123357,0.02336478792130947
1399,1745700764.6057367,0.012720150873064995
1400,1745700776.051316,0.03802059218287468
1401,1745700790.2050226,0.03771711140871048
1402,1745700802.95051,0.02292048931121826
1403,1745700813.8375242,0.02676297351717949
1404,1745700826.055869,0.031579263508319855
1405,1745700840.9268997,0.008801307529211044
1406,1745700847.86933,0.009672821499407291
1407,1745700859.2366893,0.017686327919363976
1408,1745700872.3627062,0.021255675703287125
1409,1745700880.349486,0.01565072312951088
1410,1745700890.5881221,0.02052967995405197
1411,1745700901.3829799,0.016294002532958984
1412,1745700908.8797796,0.02198578417301178
1413,1745700920.8510823,0.021748613566160202
1414,1745700929.1363544,0.013441615737974644
1415,1745700941.52059,0.03503808379173279
1416,1745700951.5304732,0.014706349931657314
1417,1745700960.7240732,0.006690863519906998
1418,1745700971.9153974,0.014985700137913227
1419,1745700983.1269152,0.011066011153161526
1420,1745700994.946729,0.007244429551064968
1421,1745701004.9516842,0.013018785044550896
1422,1745701017.3995109,0.016183234751224518
1423,1745701028.3758929,0.015542449429631233
1424,1745701035.951191,0.011293633840978146
1425,1745701044.1133962,0.003629320999607444
1426,1745701056.2532654,0.017277561128139496
1427,1745701063.7270854,0.022420842200517654
1428,1745701076.198769,0.028487537056207657
1429,1745701088.4787993,0.013814982026815414
1430,1745701104.1787567,0.01230324525386095
1431,1745701114.7057326,0.010578694753348827
1432,1745701123.768054,0.018589545041322708
1433,1745701132.143446,0.014297062531113625
1434,1745701140.1163404,0.02638499066233635
1435,1745701152.9217832,0.017068909481167793
1436,1745701165.4763224,0.011863360181450844
1437,1745701178.61688,0.011417626403272152
1438,1745701188.8092792,0.00943160429596901
1439,1745701200.4870782,0.027532421052455902
1440,1745701214.1491084,0.00823695957660675
1441,1745701223.0656188,0.026811348274350166
1442,1745701235.5537944,0.008695113472640514
1443,1745701251.7420566,0.025909708812832832
1444,1745701262.8760915,0.038905736058950424
1445,1745701272.641534,0.012425859458744526
1446,1745701290.778214,0.007943915203213692
1447,1745701302.4463954,0.02051965892314911
1448,1745701316.8869095,0.02474483847618103
1449,1745701331.1965182,0.03270123526453972
1450,1745701342.3586123,0.02470937743782997
1451,1745701351.936574,0.03213389217853546
1452,1745701360.3921137,0.02450667880475521
1453,1745701373.052163,0.004220008850097656
1454,1745701384.120202,0.021853014826774597
1455,1745701398.133037,0.030400989577174187
1456,1745701407.3215406,0.030834587290883064
1457,1745701418.2739487,0.020275097340345383
1458,1745701429.0078678,0.011997400783002377
1459,1745701434.6846786,0.022710241377353668
1460,1745701447.578981,0.0020278161391615868
1461,1745701458.1672363,0.009121094830334187
1462,1745701462.5472553,0.0007019851473160088
1463,1745701522.4693005,0.013944282196462154
1464,1745701536.304524,0.014491472393274307
1465,1745701550.4531407,0.019282104447484016
1466,1745701556.3653615,0.0028351121582090855
1467,1745701567.870431,0.006234805565327406
1468,1745701576.0990264,0.011940352618694305
1469,1745701589.8724296,0.011273420415818691
1470,1745701599.6973157,0.017292017117142677
1471,1745701604.7961638,0.013684899546205997
1472,1745701616.431231,0.012016045860946178
1473,1745701629.5377371,0.010144547559320927
1474,1745701637.5125504,0.011023769155144691
1475,1745701646.4805496,0.011132415384054184
1476,1745701657.5967495,0.017314907163381577
1477,1745701668.8687806,0.006402898579835892
1478,1745701683.8015673,0.020630376413464546
1479,1745701694.7477725,0.005986602511256933
1480,1745701707.2382033,0.012298357672989368
1481,1745701719.7315974,0.016741476953029633
1482,1745701732.041886,0.008558199740946293
1483,1745701740.7068894,0.007854143157601357
1484,1745701750.4756093,0.015177925117313862
1485,1745701768.5629303,0.006883575581014156
1486,1745701775.4753845,0.0035474146716296673
1487,1745701788.1480348,0.029558667913079262
1488,1745701798.2224116,0.0018540528835728765
1489,1745701810.2023044,0.008070528507232666
1490,1745701818.2947679,0.011966809630393982
1491,1745701827.093281,0.012249033898115158
1492,1745701835.8180866,0.010875115171074867
1493,1745701845.3751042,0.0031149829737842083
1494,1745701855.393449,0.024569472298026085
1495,1745701870.212054,0.016376802697777748
1496,1745701881.318542,0.015722835436463356
1497,1745701889.8125355,0.023910440504550934
1498,1745701903.444942,0.028155280277132988
1499,1745701913.328253,0.016932889819145203
1500,1745701924.9443717,0.013147354125976562
1501,1745701937.7535093,0.011327848769724369
1502,1745701948.2283878,0.0054112509824335575
1503,1745701956.7665093,0.05226275324821472
1504,1745701968.1303368,0.007133146282285452
1505,1745701977.483725,0.01261975709348917
1506,1745701989.5689733,0.00779371801763773
1507,1745702005.0935197,0.023147590458393097
1508,1745702014.818786,0.005330780055373907
1509,1745702027.1576202,0.008672178722918034
1510,1745702040.3399892,0.011228878982365131
1511,1745702057.7099643,0.04971463978290558
1512,1745702069.1090534,0.0075736274011433125
1513,1745702079.9482071,0.013062607496976852
1514,1745702087.5628328,0.012353083118796349
1515,1745702098.9147336,0.0142205273732543
1516,1745702112.8774717,0.04169125109910965
1517,1745702123.0322528,0.016811586916446686
1518,1745702136.4303002,0.016344666481018066
1519,1745702146.1887176,0.018936635926365852
1520,1745702157.0602007,0.026672856882214546
1521,1745702167.1796112,0.0684947669506073
1522,1745702178.6987746,0.021146344020962715
1523,1745702191.5113134,0.0075903404504060745
1524,1745702201.94698,0.0180797316133976
1525,1745702214.253474,0.02596394158899784
1526,1745702229.7669594,0.017374055460095406
1527,1745702243.2399893,0.013825337402522564
1528,1745702255.5847375,0.016492705792188644
1529,1745702265.117298,0.028605744242668152
1530,1745702274.9346197,0.03275924548506737
1531,1745702285.4046717,0.019515089690685272
1532,1745702295.1705544,0.025219369679689407
1533,1745702306.9485543,0.023543236777186394
1534,1745702317.296591,0.03623970225453377
1535,1745702327.4119887,0.037445299327373505
1536,1745702340.6932726,0.029303032904863358
1537,1745702354.0082955,0.0282452329993248
1538,1745702366.507568,0.01593085378408432
1539,1745702373.8095164,0.012835612520575523
1540,1745702382.1474345,0.015620434656739235
1541,1745702390.9858,0.03990679979324341
1542,1745702410.4889576,0.031082000583410263
1543,1745702426.733631,0.06824030727148056
1544,1745702439.3953197,0.010156680829823017
1545,1745702454.2564404,0.010522251948714256
1546,1745702464.37207,0.005641640163958073
1547,1745702478.6807413,0.052063409239053726
1548,1745702482.446369,0.18146571516990662
1549,1745702538.136145,0.006041346117854118
1550,1745702545.8160284,0.012659936212003231
1551,1745702559.6898034,0.02950272522866726
1552,1745702570.6468875,0.028193829581141472
1553,1745702580.595861,0.018777938559651375
1554,1745702589.0383322,0.015360399149358273
1555,1745702597.3425012,0.011901292018592358
1556,1745702608.842041,0.021857229992747307
1557,1745702623.0016448,0.032586731016635895
1558,1745702637.3145692,0.033858686685562134
1559,1745702651.9525266,0.023523380979895592
1560,1745702667.923511,0.011235451325774193
1561,1745702679.7172678,0.018772989511489868
1562,1745702686.8149078,0.029334519058465958
1563,1745702695.695961,0.023884061723947525
1564,1745702704.2501154,0.013399961404502392
1565,1745702715.819902,0.01177629828453064
1566,1745702727.7226224,0.0049728527665138245
1567,1745702738.5861843,0.009247972629964352
1568,1745702753.3909385,0.1263333261013031
1569,1745702769.9814737,0.0367438942193985
1570,1745702784.8346226,0.012445970438420773
1571,1745702793.086436,0.03138318285346031
1572,1745702802.4778142,0.045632801949977875
1573,1745702812.9709678,0.023612668737769127
1574,1745702824.922141,0.010916649363934994
1575,1745702840.6990364,0.01966467872262001
1576,1745702854.9664466,0.035544510930776596
1577,1745702869.5795524,0.017445895820856094
1578,1745702881.4177485,0.014333509840071201
1579,1745702898.717068,0.010420114733278751
1580,1745702911.2254703,0.017803804948925972
1581,1745702923.0450447,0.01269680354744196
1582,1745702936.0388815,0.01616216078400612
1583,1745702946.6741424,0.04111387953162193
1584,1745702957.1947546,0.018522318452596664
1585,1745702975.345126,0.019610805436968803
1586,1745702988.124779,0.01634966768324375
1587,1745702998.151507,0.01784275844693184
1588,1745703008.2784932,0.015447731129825115
1589,1745703019.8848076,0.014299789443612099
1590,1745703030.4024038,0.019158165901899338
1591,1745703040.8651288,0.0072564189322292805
1592,1745703048.0796442,0.014136837795376778
1593,1745703058.922189,0.00891987793147564
1594,1745703067.5486684,0.01392329391092062
1595,1745703081.962759,0.019173361361026764
1596,1745703090.922121,0.005414762068539858
1597,1745703099.7378225,0.024514231830835342
1598,1745703113.284882,0.035548143088817596
1599,1745703123.2438617,0.023044176399707794
1600,1745703132.7288108,0.011076631024479866
1601,1745703143.7255173,0.015116716735064983
1602,1745703154.7314274,0.006980733014643192
1603,1745703169.6321177,0.01416794490069151
1604,1745703182.6734023,0.010089515708386898
1605,1745703191.5071716,0.014953173696994781
1606,1745703201.760382,0.02166924625635147
1607,1745703213.9012735,0.005999376066029072
1608,1745703228.0463593,0.015042976476252079
1609,1745703234.0547082,0.013113810680806637
1610,1745703245.3084316,0.023881282657384872
1611,1745703257.9211943,0.016684170812368393
1612,1745703268.9425206,0.012669028714299202
1613,1745703277.2600143,0.01617683656513691
1614,1745703288.0375586,0.010850019752979279
1615,1745703303.5854845,0.01118376199156046
1616,1745703318.960289,0.014750850386917591
1617,1745703334.3086095,0.016261812299489975
1618,1745703344.41915,0.008124059066176414
1619,1745703353.46905,0.02388768456876278
1620,1745703361.7865226,0.010332203470170498
1621,1745703375.3404896,0.002956240903586149
1622,1745703392.4332964,0.005486660171300173
1623,1745703404.8768432,0.02991008199751377
1624,1745703417.9311693,0.027377044782042503
1625,1745703430.4493904,0.010963408276438713
1626,1745703439.9482276,0.01068350113928318
1627,1745703453.1198967,0.01028873398900032
1628,1745703464.6592371,0.02451876737177372
1629,1745703476.6902664,0.00836425181478262
1630,1745703487.026658,0.016980813816189766
1631,1745703498.3863657,0.0021943054161965847
1632,1745703510.5995135,0.01233235839754343
1633,1745703520.6076474,0.02047833986580372
1634,1745703526.1363287,0.0006846720934845507
1635,1745703588.8965087,0.005229280795902014
1636,1745703599.0737827,0.010539937764406204
1637,1745703606.4751902,0.008165739476680756
1638,1745703617.3708744,0.00799912866204977
1639,1745703630.4431539,0.0034247732255607843
1640,1745703640.0902932,0.01178833469748497
1641,1745703655.6917555,0.005430411081761122
1642,1745703669.7110577,0.007688936311751604
1643,1745703679.3889441,0.003758370177820325
1644,1745703687.9567378,0.008921687491238117
1645,1745703696.4682457,0.007143411319702864
1646,1745703712.0051742,0.00556552316993475
1647,1745703722.0278795,0.006029472220689058
1648,1745703735.3204336,0.007752439472824335
1649,1745703741.919326,0.0059722852893173695
1650,1745703752.0036623,0.00700949365273118
1651,1745703762.8375142,0.008313748054206371
1652,1745703772.1846082,0.0019359857542440295
1653,1745703785.4660294,0.0032391466666013002
1654,1745703796.004801,0.012689763680100441
1655,1745703808.0507576,0.006849960889667273
1656,1745703820.0354111,0.008077029138803482
1657,1745703832.688717,0.004866180941462517
1658,1745703848.4382765,0.009729678742587566
1659,1745703861.9476101,0.002841827692463994
1660,1745703868.669508,0.003006746293976903
1661,1745703883.9072952,0.009695678949356079
1662,1745703897.3440323,0.00893839169293642
1663,1745703911.208894,0.005435682367533445
1664,1745703923.382595,0.008114250376820564
1665,1745703931.399197,0.014114471152424812
1666,1745703942.3671868,0.0020492677576839924
1667,1745703958.2273245,0.007996163330972195
1668,1745703968.8843927,0.004417384508997202
1669,1745703978.8145525,0.0024746540002524853
1670,1745703990.8579748,0.01512710191309452
1671,1745704004.620753,0.007199798244982958
1672,1745704016.456018,0.011397162452340126
1673,1745704031.5056536,0.007708401884883642
1674,1745704036.0655167,0.019580671563744545
1675,1745704050.6049662,0.004328910727053881
1676,1745704063.4732754,0.004466026555746794
1677,1745704069.844824,0.021014055237174034
1678,1745704080.9174523,0.004863000009208918
1679,1745704096.9850862,0.014468424022197723
1680,1745704106.1288342,0.014307811856269836
1681,1745704115.139232,0.029222188517451286
1682,1745704126.3371007,0.01808268576860428
1683,1745704136.4986644,0.00818320270627737
1684,1745704146.2431698,0.00676973070949316
1685,1745704156.7586646,0.007457563653588295
1686,1745704171.6866205,0.005172287113964558
1687,1745704183.0770543,0.0039570871740579605
1688,1745704195.095166,0.01306906621903181
1689,1745704206.7141614,0.004280143417418003
1690,1745704221.0864897,0.002338912570849061
1691,1745704234.6957397,0.017598753795027733
1692,1745704242.1004314,0.015023560263216496
1693,1745704250.873888,0.004530969075858593
1694,1745704263.234672,0.0046704234555363655
1695,1745704276.7216918,0.00406442629173398
1696,1745704287.0032966,0.00978612806648016
1697,1745704300.0465765,0.013061904348433018
1698,1745704312.1118855,0.005301967263221741
1699,1745704318.0327904,0.008140385150909424
1700,1745704328.0492198,0.006708245724439621
1701,1745704346.9695113,0.010615939274430275
1702,1745704359.4791842,0.017930438742041588
1703,1745704367.5521305,0.004087973851710558
1704,1745704377.073296,0.017333438619971275
1705,1745704387.1775146,0.007162990514189005
1706,1745704396.144073,0.017238127067685127
1707,1745704407.0466907,0.014862388372421265
1708,1745704422.8020217,0.0070856306701898575
1709,1745704432.590375,0.02365061827003956
1710,1745704444.4285076,0.02180304192006588
1711,1745704455.6344814,0.01716986857354641
1712,1745704469.084474,0.002720889635384083
1713,1745704481.828314,0.01141341868788004
1714,1745704489.894271,0.020660458132624626
1715,1745704501.7392638,0.007323624100536108
1716,1745704512.7524903,0.022405322641134262
1717,1745704523.2642293,0.005576051771640778
1718,1745704533.1439517,0.008980194106698036
1719,1745704545.0035412,0.004699240904301405
1720,1745704548.391638,0.00047699877177365124
1721,1745704606.5294821,0.0065986718982458115
1722,1745704622.7036848,0.0038552042096853256
1723,1745704637.2134902,0.002814889419823885
1724,1745704643.5467024,0.014271914027631283
1725,1745704655.8977246,0.02650640904903412
1726,1745704670.586792,0.007097049616277218
1727,1745704685.53352,0.006875177379697561
1728,1745704695.279371,0.007927106693387032
1729,1745704705.7304122,0.011459813453257084
1730,1745704722.8285089,0.004353538155555725
1731,1745704733.4514532,0.003931745421141386
1732,1745704742.924658,0.006838266272097826
1733,1745704755.8672647,0.005319542251527309
1734,1745704766.2216206,0.0029252558015286922
1735,1745704776.4160752,0.003597518429160118
1736,1745704785.957888,0.00576477637514472
1737,1745704794.136451,0.005391580518335104
1738,1745704804.7871294,0.004942979663610458
1739,1745704815.9326138,0.005833957344293594
1740,1745704828.273483,0.0025067857932299376
1741,1745704836.0567856,0.0065569523721933365
1742,1745704844.5473657,0.004504241514950991
1743,1745704857.5519984,0.003535793861374259
1744,1745704870.9340954,0.012826344929635525
1745,1745704882.4450603,0.007933733984827995
1746,1745704892.5862303,0.010163284838199615
1747,1745704904.0742502,0.004386186134070158
1748,1745704919.89753,0.0044656312093138695
1749,1745704932.1587136,0.012496472336351871
1750,1745704944.685185,0.005915351677685976
1751,1745704956.931531,0.002534450963139534
1752,1745704969.3404489,0.005983492359519005
1753,1745704979.7834706,0.003426734358072281
1754,1745704991.3726525,0.0016296509420499206
1755,1745705006.729522,0.004392140544950962
1756,1745705017.6863446,0.0030665157828480005
1757,1745705030.114624,0.002623590175062418
1758,1745705039.6767807,0.0014617509441450238
1759,1745705050.7888649,0.011825447902083397
1760,1745705066.159101,0.0015970743261277676
1761,1745705079.0283537,0.0057438090443611145
1762,1745705089.0762064,0.0007678554975427687
1763,1745705100.1696408,0.00897277519106865
1764,1745705111.670889,0.0060997819527983665
1765,1745705119.5152817,0.0036885403096675873
1766,1745705128.3017955,0.001640125410631299
1767,1745705140.1040652,0.0019440934993326664
1768,1745705156.0079362,0.008322661742568016
1769,1745705172.0468624,0.004231959581375122
1770,1745705179.6539097,0.0009070023079402745
1771,1745705195.4760466,0.004799258895218372
1772,1745705206.087985,0.002750726882368326
1773,1745705217.6838794,0.0077904765494167805
1774,1745705228.2684174,0.012173003517091274
1775,1745705240.7018886,0.006421854253858328
1776,1745705251.3097303,0.005632664076983929
1777,1745705265.4259849,0.0024653177242726088
1778,1745705278.5689409,0.004661387298256159
1779,1745705287.5008082,0.014898277819156647
1780,1745705301.3309474,0.0019101040670648217
1781,1745705310.0695057,0.0004378221638035029
1782,1745705320.6601875,0.002639059443026781
1783,1745705326.478615,0.005729748401790857
1784,1745705338.7570171,0.0041040596552193165
1785,1745705349.4262638,0.0020197508856654167
1786,1745705361.508366,0.008658833801746368
1787,1745705370.6890824,0.016395267099142075
1788,1745705382.9298074,0.005189309362322092
1789,1745705391.5278788,0.012177235446870327
1790,1745705400.5470881,0.0066144089214503765
1791,1745705414.7015276,0.0019623481202870607
1792,1745705421.0172482,0.0015064019244164228
1793,1745705430.9774585,0.0060662319883704185
1794,1745705445.503053,0.005145883187651634
1795,1745705459.000045,0.004011898301541805
1796,1745705468.430771,0.001129952841438353
1797,1745705478.766096,0.005780232138931751
1798,1745705488.8045003,0.00392045546323061
1799,1745705500.8428283,0.004671403672546148
1800,1745705516.7305431,0.001887492137029767
1801,1745705527.8711977,0.009087178856134415
1802,1745705536.2922995,0.006434653885662556
1803,1745705550.1733067,0.013017626479268074
1804,1745705560.6953845,0.004015902988612652
1805,1745705571.1183686,0.012151884846389294
1806,1745705576.0209842,0.0001989895390579477
1807,1745705641.7792346,0.002018474042415619
1808,1745705652.29168,0.004175633657723665
1809,1745705661.7869647,0.002678111894056201
1810,1745705674.2631626,0.010089521296322346
1811,1745705687.178843,0.00923672690987587
1812,1745705692.0150137,0.0018960725283250213
1813,1745705703.1650856,0.003300847252830863
1814,1745705718.78862,0.0025784580502659082
1815,1745705729.6740417,0.001349495374597609
1816,1745705743.4296906,0.0036967140622437
1817,1745705749.4829853,0.001440259744413197
1818,1745705761.7460322,0.005244342610239983
1819,1745705773.6392765,0.0030549378134310246
1820,1745705778.6201384,0.03359970822930336
1821,1745705789.570193,0.0018727509304881096
1822,1745705801.3812108,0.0035567539744079113
1823,1745705812.9750924,0.0032208969350904226
1824,1745705824.1202998,0.0020449867006391287
1825,1745705836.434859,0.0022837785072624683
1826,1745705846.7881904,0.0042576598934829235
1827,1745705856.9407043,0.0005776272155344486
1828,1745705868.6009755,0.0032139874529093504
1829,1745705881.4800584,0.0027975195553153753
1830,1745705891.6056275,0.010038092732429504
1831,1745705902.4392033,0.0011432465398684144
1832,1745705913.3356323,0.006060661748051643
1833,1745705927.126784,0.005334837827831507
1834,1745705933.9517457,0.002269309014081955
1835,1745705944.6939957,0.0014464668929576874
1836,1745705961.167655,0.0014013792388141155
1837,1745705970.8809075,0.004031002521514893
1838,1745705983.0566978,0.0066062081605196
1839,1745705999.593224,0.016500983387231827
1840,1745706008.7437792,0.0004904204397462308
1841,1745706020.7215133,0.007005287334322929
1842,1745706033.7910557,0.0014943430433049798
1843,1745706043.6840947,0.001933664665557444
1844,1745706055.8614247,0.0020398255437612534
1845,1745706068.744921,0.004172453191131353
1846,1745706080.9446828,0.00323367677628994
1847,1745706093.9985065,0.005609749350696802
1848,1745706101.5120842,0.0025411362294107676
1849,1745706114.0785203,0.006226969882845879
1850,1745706124.398442,0.0019903904758393764
1851,1745706132.3055618,0.0020640732254832983
1852,1745706143.810201,0.004812749568372965
1853,1745706155.7005422,0.001486707478761673
1854,1745706161.7089512,0.005228537600487471
1855,1745706171.940603,0.0036262297071516514
1856,1745706190.2807043,0.004736295901238918
1857,1745706202.9951704,0.0011122769210487604
1858,1745706217.0088325,0.003000592580065131
1859,1745706226.399722,0.001848485553637147
1860,1745706239.5480244,0.004795670043677092
1861,1745706250.320258,0.002216032240539789
1862,1745706260.2716913,0.007588257547467947
1863,1745706272.666081,0.00271101132966578
1864,1745706287.1651638,0.011773256585001945
1865,1745706297.3116121,0.0008032448822632432
1866,1745706306.8534951,0.002032631076872349
1867,1745706319.5723279,0.0017533525824546814
1868,1745706336.1137762,0.0033952610101550817
1869,1745706352.650461,0.00908715184777975
1870,1745706369.3013692,0.003713330253958702
1871,1745706377.6708767,0.0013031687121838331
1872,1745706393.5685487,0.0085426215082407
1873,1745706407.253828,0.0032893207389861345
1874,1745706428.3799918,0.00328422081656754
1875,1745706438.258223,0.0038792171981185675
1876,1745706455.00142,0.007801145315170288
1877,1745706471.8310447,0.001534853014163673
1878,1745706480.1914463,0.0011872085742652416
1879,1745706500.0026484,0.004563339985907078
1880,1745706515.1760528,0.005740589927881956
1881,1745706530.5360334,0.0016768710920587182
1882,1745706545.685856,0.0014069885946810246
1883,1745706558.4861376,0.01347364205867052
1884,1745706573.635919,0.0045585972256958485
1885,1745706588.8610375,0.0026821403298527002
1886,1745706601.908724,0.0022131747100502253
1887,1745706619.2775981,0.005688392091542482
1888,1745706640.2443993,0.005945123266428709
1889,1745706652.6186202,0.006961002945899963
1890,1745706663.681305,0.00336566218174994
1891,1745706679.4829605,0.0014870630111545324
1892,1745706685.5944417,0.009834392927587032
1893,1745706795.223957,0.0017324237851426005
1894,1745706812.3022568,0.000552584882825613
1895,1745706821.882659,0.006702557671815157
1896,1745706844.7082963,0.002912539290264249
1897,1745706863.4465482,0.0035960995592176914
1898,1745706884.342877,0.003736439161002636
1899,1745706902.6744676,0.0051170047372579575
1900,1745706914.1374557,0.013323672115802765
1901,1745706937.4502163,0.008898528292775154
1902,1745706947.42257,0.0064821685664355755
1903,1745706956.4355056,0.00648721307516098
1904,1745706970.272345,0.002002122113481164
1905,1745706988.6823697,0.0052160159684717655
1906,1745707002.3937516,0.001566004939377308
1907,1745707018.113209,0.006933229044079781
1908,1745707034.5941062,0.0015460305148735642
1909,1745707047.7424684,0.005006889812648296
1910,1745707065.7911758,0.002676483243703842
1911,1745707076.828153,0.009220218285918236
1912,1745707090.5094192,0.006600401364266872
1913,1745707102.6351023,0.002478813985362649
1914,1745707117.955318,0.004893006756901741
1915,1745707132.487354,0.0005140165449120104
1916,1745707144.7906787,0.00578036904335022
1917,1745707161.8168674,0.02012227103114128
1918,1745707179.026402,0.0022822609171271324
1919,1745707189.49387,0.0011803183006122708
1920,1745707206.1386218,0.0015918022254481912
1921,1745707222.6419575,0.0016148374415934086
1922,1745707238.8827813,0.0036276045721024275
1923,1745707250.427763,0.0019350212533026934
1924,1745707266.3603888,0.004013944882899523
1925,1745707281.1498506,0.0014838215429335833
1926,1745707297.3603146,0.008291474543511868
1927,1745707306.5600505,0.0022493512369692326
1928,1745707321.3700109,0.005266956519335508
1929,1745707346.3049636,0.014417259022593498
1930,1745707356.0699453,0.002625920344144106
1931,1745707364.2057528,0.00862198043614626
1932,1745707378.7148788,0.00571582792326808
1933,1745707395.2483246,0.002326017012819648
1934,1745707411.7126818,0.00190268037840724
1935,1745707424.4541476,0.002989089349284768
1936,1745707439.2004783,0.007791641168296337
1937,1745707456.1536434,0.003162527922540903
1938,1745707467.5812073,0.013227921910583973
1939,1745707482.4811742,0.0022393951658159494
1940,1745707496.8079288,0.00024596418370492756
1941,1745707516.8433285,0.001877694041468203
1942,1745707526.440681,0.014796783216297626
1943,1745707547.300345,0.0021196564193814993
1944,1745707554.222916,0.002124188235029578
1945,1745707566.46402,0.0021959927398711443
1946,1745707584.7033348,0.0009302155231125653
1947,1745707592.398626,0.0013358399737626314
1948,1745707609.0663831,0.0031729459296911955
1949,1745707623.7959964,0.0023185526952147484
1950,1745707638.0495477,0.00749995606020093
1951,1745707646.8406067,0.001204433268867433
1952,1745707661.6947157,0.003482084721326828
1953,1745707683.0877392,0.003954265266656876
1954,1745707697.548794,0.0023563022259622812
1955,1745707705.4371817,0.004093528259545565
1956,1745707722.9637558,0.0028480456676334143
1957,1745707735.248495,0.002387961372733116
1958,1745707743.7671497,0.0025300143752247095
1959,1745707761.8286169,0.0013530433643609285
1960,1745707775.650362,0.005273107904940844
1961,1745707782.618567,0.0010843595955520868
1962,1745707802.6745844,0.0025952730793505907
1963,1745707820.099769,0.0008574306848458946
1964,1745707833.5505707,0.0008300995687022805
1965,1745707847.909405,0.0014160339487716556
1966,1745707862.1453636,0.0011666006175801158
1967,1745707874.8823473,0.0067781792022287846
1968,1745707895.431561,0.0072103869169950485
1969,1745707911.9920366,0.0030155987478792667
1970,1745707926.6419375,0.002056133234873414
1971,1745707934.280653,0.0037733567878603935
1972,1745707951.6501343,0.005048840772360563
1973,1745707962.4677,0.0005793029558844864
1974,1745707985.1983716,0.0033351352903991938
1975,1745707998.6814861,0.002800364512950182
1976,1745708010.4606142,0.005159525666385889
1977,1745708021.4079711,0.005265487357974052
1978,1745708027.0571225,0.0006209007697179914
1979,1745708127.186258,0.0012225144309923053
1980,1745708147.714356,0.005986806005239487
1981,1745708167.6514869,0.003235000418499112
1982,1745708172.0639663,0.0020998294930905104
1983,1745708190.1184523,0.0007888046093285084
1984,1745708214.5362844,0.005245302803814411
1985,1745708229.4820101,0.010452594608068466
1986,1745708250.1881614,0.0005368288839235902
1987,1745708261.4054213,0.0037468052469193935
1988,1745708276.8775616,0.006947872694581747
1989,1745708293.1207445,0.000801235088147223
1990,1745708303.7246811,0.004664683248847723
1991,1745708322.7793987,0.002044498920440674
1992,1745708331.9552174,0.003948827739804983
1993,1745708350.0569417,0.002893658122047782
1994,1745708361.6082535,0.0023874747566878796
1995,1745708377.1303408,0.0008389412541873753
1996,1745708396.5973344,0.004993833601474762
1997,1745708413.1967416,0.002573252422735095
1998,1745708429.3287113,0.006198770832270384
1999,1745708440.1633637,0.0045854817144572735
2000,1745708459.0210238,0.000985417515039444
2001,1745708467.951279,0.00117866275832057
2002,1745708485.9669921,0.004723188932985067
2003,1745708500.3341246,0.0016902860952541232
2004,1745708511.709951,0.009388941340148449
2005,1745708526.0062566,0.0010343005415052176
2006,1745708540.0926528,0.00456984480842948
2007,1745708554.9474514,0.0005566867766901851
2008,1745708573.005912,0.002100590616464615
2009,1745708582.6759145,0.0007080056238919497
2010,1745708601.530504,0.00418865866959095
2011,1745708613.119218,0.001200979808345437
2012,1745708624.9320698,0.001257177791558206
2013,1745708636.615908,0.0007771059754304588
2014,1745708649.6727383,0.0017365693347528577
2015,1745708670.930889,0.0028635829221457243
2016,1745708679.3016403,0.0007539603393524885
2017,1745708691.941307,0.02364770881831646
2018,1745708707.0723655,0.0010644245194271207
2019,1745708724.569538,0.0037918207235634327
2020,1745708736.4818363,0.0037079276517033577
2021,1745708750.4997776,0.00382043095305562
2022,1745708763.0670955,0.0014292084379121661
2023,1745708775.5331044,0.0024499346036463976
2024,1745708795.3099031,0.0029816506430506706
2025,1745708809.3665283,0.0008849269361235201
2026,1745708820.4709415,0.003986469469964504
2027,1745708837.1129525,0.005965733900666237
2028,1745708849.0003233,0.001102787908166647
2029,1745708860.8426113,0.0021790217142552137
2030,1745708871.7584317,0.002625030232593417
2031,1745708886.0385509,0.002205546945333481
2032,1745708899.1026988,0.001372948638163507
2033,1745708915.137622,0.0023683274630457163
2034,1745708927.516092,0.0016551787266507745
2035,1745708942.0223825,0.0016532789450138807
2036,1745708957.7833307,0.0007543598767369986
2037,1745708976.0490718,0.004685814958065748
2038,1745708994.7956288,0.001735687255859375
2039,1745709011.0972528,0.002625131979584694
2040,1745709022.2126958,0.001213009119965136
2041,1745709040.6415215,0.001337523222900927
2042,1745709051.1548898,0.01763894222676754
2043,1745709068.6941812,0.0010041280183941126
2044,1745709089.7684686,0.0008473917841911316
2045,1745709103.6865177,0.0014356743777170777
2046,1745709117.0077667,0.0017496271757408977
2047,1745709132.177761,0.010624372400343418
2048,1745709148.332102,0.008435683324933052
2049,1745709171.1322098,0.007512395270168781
2050,1745709184.7753234,0.0010586699936538935
2051,1745709195.3985226,0.0011605329345911741
2052,1745709214.3430016,0.005238506477326155
2053,1745709233.8053255,0.002734762616455555
2054,1745709245.1293185,0.004785637371242046
2055,1745709258.699394,0.0022746736649423838
2056,1745709267.452582,0.0006214269669726491
2057,1745709288.7210944,0.0022480220068246126
2058,1745709301.0392404,0.005761164240539074
2059,1745709326.6732779,0.0021614148281514645
2060,1745709343.8162823,0.0025407506618648767
2061,1745709357.4287808,0.013668847270309925
2062,1745709374.3564978,0.0023423274978995323
2063,1745709386.3716154,0.011763188987970352
2064,1745709388.7422786,0.008612707257270813
2065,1745709516.0355954,0.003865269012749195
2066,1745709529.8631601,0.0008845842094160616
2067,1745709547.1116562,0.001143961912021041
2068,1745709571.305568,0.01674770377576351
2069,1745709582.2442486,0.00445017172023654
2070,1745709597.3490872,0.002189868362620473
2071,1745709606.2437813,0.0005904669524170458
2072,1745709625.3263726,0.00042655743891373277
2073,1745709638.389705,0.015497241169214249
2074,1745709661.1294956,0.01619039475917816
2075,1745709669.4852276,0.000899073202162981
2076,1745709684.8219624,0.014237480238080025
2077,1745709701.7111685,0.00046235579065978527
2078,1745709713.8358176,0.007345760706812143
2079,1745709733.8537118,0.0035930646117776632
2080,1745709750.907038,0.005013533402234316
2081,1745709758.4013267,0.00508669950067997
2082,1745709772.4721124,0.0015047811903059483
2083,1745709793.8191624,0.005091497208923101
2084,1745709807.973741,0.004180910065770149
2085,1745709822.5157542,0.0014253926929086447
2086,1745709837.5845444,0.004994111135601997
2087,1745709852.9014764,0.0025555870961397886
2088,1745709869.3650541,0.009378300048410892
2089,1745709884.9588892,0.0005613827961497009
2090,1745709898.2158346,0.0033620281610637903
2091,1745709915.8013217,0.017500312998890877
2092,1745709932.4331806,0.0015258911298587918
2093,1745709944.510923,0.00306957820430398
2094,1745709962.5957093,0.0006937514990568161
2095,1745709972.4495845,0.0005747909308411181
2096,1745709983.026629,0.0033076258841902018
2097,1745710000.1226957,0.021356351673603058
2098,1745710016.9855278,0.0038302422035485506
2099,1745710027.2755184,0.0035130255855619907
2100,1745710042.5119722,0.010218909941613674
2101,1745710059.4558778,0.0022683271672576666
2102,1745710070.8527842,0.012865363620221615
2103,1745710087.9238214,0.006038479972630739
2104,1745710100.0588093,0.007354854140430689
2105,1745710117.8050568,0.005181645508855581
2106,1745710131.9461231,0.007052285131067038
2107,1745710141.431867,0.0012075804406777024
2108,1745710149.943372,0.00284774973988533
2109,1745710167.3719764,0.0017722189659252763
2110,1745710186.5539293,0.004224947188049555
2111,1745710197.4395773,0.005892258137464523
2112,1745710216.6403024,0.0015198884066194296
2113,1745710231.2501557,0.003029685001820326
2114,1745710243.2425458,0.0029151691123843193
2115,1745710257.3125625,0.0028786002658307552
2116,1745710272.4517546,0.0011941876728087664
2117,1745710286.793499,0.0012092432007193565
2118,1745710304.286279,0.007094243075698614
2119,1745710313.012128,0.0007547129644080997
2120,1745710330.659402,0.005484391935169697
2121,1745710340.033306,0.0015759671805426478
2122,1745710358.9447753,0.002430299762636423
2123,1745710367.7016366,0.0011408962309360504
2124,1745710386.9004712,0.0031334212981164455
2125,1745710398.6393886,0.0010859268950298429
2126,1745710416.3656766,0.015240387059748173
2127,1745710426.8272417,0.0062309675849974155
2128,1745710438.1366231,0.004473759792745113
2129,1745710456.4512637,0.012450320646166801
2130,1745710467.850414,0.005453854333609343
2131,1745710476.7015946,0.014084752649068832
2132,1745710496.762957,0.0088462233543396
2133,1745710505.2535248,0.010363890789449215
2134,1745710526.3546042,0.0009070211672224104
2135,1745710539.6355376,0.0040654768235981464
2136,1745710550.139276,0.028771111741662025
2137,1745710566.331788,0.0028790398500859737
2138,1745710582.503794,0.0022968952544033527
2139,1745710602.8443706,0.0015334360068663955
2140,1745710618.2463214,0.010999440215528011
2141,1745710629.9635556,0.0024127287324517965
2142,1745710642.6030252,0.004615343175828457
2143,1745710659.350337,0.000561961904168129
2144,1745710680.6648142,0.0020568978507071733
2145,1745710686.7232964,0.014530984684824944
2146,1745710702.107773,0.004805891774594784
2147,1745710715.8295,0.004010683856904507
2148,1745710727.2819269,0.004253271967172623
2149,1745710744.6674862,0.00889834575355053
2150,1745710749.0025375,2.6424406314617954e-05
2151,1745710868.9519296,0.0036236215382814407
2152,1745710879.6904771,0.0068198698572814465
2153,1745710897.9588583,0.0018447788897901773
2154,1745710910.2197793,0.006390620023012161
2155,1745710921.3096533,0.0016961235087364912
2156,1745710932.9339752,0.0013801195891574025
2157,1745710951.2450206,0.0021384763531386852
2158,1745710964.810899,0.0012498926371335983
2159,1745710977.574904,0.0019982189405709505
2160,1745710998.6480975,0.018955321982502937
2161,1745711010.5674305,0.0030092354863882065
2162,1745711026.3022697,0.0015870115021243691
2163,1745711043.0616815,0.0028703007847070694
2164,1745711053.1092975,0.006329265423119068
2165,1745711071.4370778,0.0012891620863229036
2166,1745711086.5466638,0.008456903509795666
2167,1745711097.4759042,0.0033177246805280447
2168,1745711108.3938909,0.011159776709973812
2169,1745711133.8384697,0.0012859862763434649
2170,1745711144.1588554,0.0034112457651644945
2171,1745711166.497289,0.002952651819214225
2172,1745711179.2632482,0.008639872074127197
2173,1745711193.5599556,0.0009107601945288479
2174,1745711206.5471926,0.004352491814643145
2175,1745711222.707493,0.0010847714729607105
2176,1745711239.6768413,0.0025962491054087877
2177,1745711256.7525969,0.0021710365545004606
2178,1745711267.480955,0.000570718024391681
2179,1745711284.8179743,0.0003766126756090671
2180,1745711290.2372298,0.003937112633138895
2181,1745711312.378723,0.0022789915092289448
2182,1745711327.5631995,0.005380371119827032
2183,1745711341.3168266,0.0023313495330512524
2184,1745711355.3831959,0.0003823513106908649
2185,1745711363.26014,0.0019727530889213085
2186,1745711383.4772682,0.005368534009903669
2187,1745711391.2287984,0.0009335328359156847
2188,1745711411.1408548,0.0031911679543554783
2189,1745711418.1025672,0.006005704402923584
2190,1745711431.5788262,0.003098184708505869
2191,1745711449.6416636,0.0012202420039102435
2192,1745711465.5939958,0.012141591869294643
2193,1745711476.9066558,0.007116471417248249
2194,1745711499.0934258,0.0013587726280093193
2195,1745711512.0481777,0.009324515238404274
2196,1745711529.6345644,0.002655323361977935
2197,1745711538.7779963,0.0045447079464793205
2198,1745711554.9726849,0.005780730862170458
2199,1745711569.7037296,0.002559125190600753
2200,1745711590.0227726,0.002040216000750661
2201,1745711596.8764188,0.0009323596023023129
2202,1745711615.327704,0.005118048749864101
2203,1745711626.971436,0.002806201111525297
2204,1745711644.1559322,0.00037727641756646335
2205,1745711654.4402816,0.00876354519277811
2206,1745711669.8780196,0.0005169205833226442
2207,1745711684.718802,0.006317727733403444
2208,1745711697.9667306,0.004437202587723732
2209,1745711711.1929014,4.48522150691133e-05
2210,1745711726.9491527,0.001990552293136716
2211,1745711741.6201673,0.0010338592110201716
2212,1745711755.4481182,0.0017069890163838863
2213,1745711773.1083057,0.0028648851439356804
2214,1745711786.2892833,0.002058102050796151
2215,1745711800.4210777,0.005952240899205208
2216,1745711818.6818624,0.00505378982052207
2217,1745711831.6210542,0.0012588296085596085
2218,1745711847.9353116,0.012447956018149853
2219,1745711871.257756,0.017390061169862747
2220,1745711880.5465953,0.001668816083110869
2221,1745711896.8211102,0.00046154868323355913
2222,1745711910.9726164,0.0036354863550513983
2223,1745711922.2196424,0.00228498550131917
2224,1745711943.6200962,0.0037163621746003628
2225,1745711956.1557448,0.009317458607256413
2226,1745711971.9231298,0.0014295170549303293
2227,1745711984.338418,0.0032127369195222855
2228,1745711997.8488836,0.004415609873831272
2229,1745712015.1038272,0.004284212365746498
2230,1745712032.1088743,0.014836466871201992
2231,1745712042.716106,0.0016787414206191897
2232,1745712058.4440577,0.001410789554938674
2233,1745712079.0575244,0.0256407018750906
2234,1745712098.3303556,0.014541178941726685
2235,1745712105.5821257,0.0007599051459692419
2236,1745712110.4371414,0.011536482721567154
2237,1745712233.89969,0.0019945092499256134
2238,1745712249.0686412,0.004024888388812542
2239,1745712265.9366379,0.003997353371232748
2240,1745712280.9900022,0.00398044241592288
2241,1745712294.6145337,0.00891945045441389
2242,1745712314.4649804,0.0003332637425046414
2243,1745712323.3692265,0.0032618287950754166
2244,1745712349.922596,0.017755843698978424
2245,1745712361.1468594,0.0008861364331096411
2246,1745712369.8747056,0.011087738908827305
2247,1745712385.2173443,0.004514198750257492
2248,1745712398.8363733,0.0037313292268663645
2249,1745712413.2959673,0.0004896186292171478
2250,1745712429.191935,0.0036850476171821356
2251,1745712445.57512,0.0007028894615359604
2252,1745712461.8895893,0.012999122962355614
2253,1745712470.3169181,0.0032307589426636696
2254,1745712490.4424424,0.003012163797393441
2255,1745712505.4705648,0.00361923617310822
2256,1745712520.9116104,0.0026995353400707245
2257,1745712535.7881534,0.0038725680205971003
2258,1745712549.0602782,0.003838145872578025
2259,1745712565.3274634,0.0021805884316563606
2260,1745712578.6976492,0.00219784677028656
2261,1745712599.2633507,0.0011843233369290829
2262,1745712605.089733,0.012224126607179642
2263,1745712620.3381045,0.005080659408122301
2264,1745712632.5564804,0.0020413591992110014
2265,1745712640.3738573,0.0017983141588047147
2266,1745712661.810583,0.01785634644329548
2267,1745712673.6479154,8.04625015007332e-05
2268,1745712683.4769468,0.013017861172556877
2269,1745712699.8886306,0.00043395732063800097
2270,1745712712.9843938,0.0004099713696632534
2271,1745712728.4828634,0.0020598559640347958
2272,1745712740.3161492,0.00047194812214002013
2273,1745712760.3198955,0.003942451905459166
2274,1745712769.447316,0.0008808912825770676
2275,1745712790.711659,0.0016208576271310449
2276,1745712803.0248818,0.0005975277163088322
2277,1745712814.7507079,0.0011092191562056541
2278,1745712836.4491193,0.010695487260818481
2279,1745712844.54313,0.0012336198706179857
2280,1745712854.9627619,0.0021741853561252356
2281,1745712868.6772678,0.005424519069492817
2282,1745712883.3795216,0.0038126567378640175
2283,1745712897.079515,0.001036004046909511
2284,1745712912.5987961,0.0014790137065574527
2285,1745712932.3967395,0.0004731844528578222
2286,1745712946.0142252,0.0016778584104031324
2287,1745712961.2851017,0.000675478542689234
2288,1745712983.9663117,0.003829570487141609
2289,1745713006.053505,0.0018859017873182893
2290,1745713016.092326,0.015187675133347511
2291,1745713036.9753008,0.0006411668728105724
2292,1745713046.2670014,0.002721598371863365
2293,1745713057.5876076,0.004978130105882883
2294,1745713073.8761876,0.006424010265618563
2295,1745713081.6875796,0.0012853022199124098
2296,1745713106.5147936,0.0015194629086181521
2297,1745713117.8393328,0.00036076916148886085
2298,1745713129.8960202,0.012170719914138317
2299,1745713149.2188172,0.0010531909065321088
2300,1745713159.5023005,0.003655505832284689
2301,1745713176.6054301,0.001449378440156579
2302,1745713192.1304061,0.0004027923569083214
2303,1745713203.9842842,0.0013126821722835302
2304,1745713223.3343256,0.0033948365598917007
2305,1745713234.581243,0.0022364866454154253
2306,1745713249.622027,0.002526914468035102
2307,1745713265.8470554,0.0020829718559980392
2308,1745713278.7846947,0.0016071824356913567
2309,1745713301.565832,0.003292415291070938
2310,1745713309.3504796,0.007257210556417704
2311,1745713330.1738317,0.00029145830194465816
2312,1745713336.742162,0.0012927675852552056
2313,1745713356.9914649,0.00148215820081532
2314,1745713368.0910208,0.0011529492912814021
2315,1745713385.8643408,0.005219487939029932
2316,1745713399.5599387,0.004318166524171829
2317,1745713416.5591195,0.004587823059409857
2318,1745713428.3653934,0.00597856380045414
2319,1745713441.5184493,0.010222317650914192
2320,1745713458.7350168,0.0005468318704515696
2321,1745713475.5179698,0.00043749954784289
2322,1745713479.7410643,6.771419430151582e-05
2323,1745713594.2878814,0.0002736974274739623
2324,1745713603.5403683,0.004480879288166761
2325,1745713624.1203878,0.0009186423849314451
2326,1745713635.559764,0.0004898045444861054
2327,1745713652.2374482,0.0008908280287869275
2328,1745713669.7277913,0.0061960117891430855
2329,1745713677.8388293,0.004370940383523703
2330,1745713696.1311002,0.005223050247877836
2331,1745713707.9568067,0.00035936912172473967
2332,1745713725.6338708,0.0003550763940438628
2333,1745713738.590324,0.005872057285159826
2334,1745713753.4277732,0.0017605337779968977
2335,1745713774.7479823,0.0007710602367296815
2336,1745713784.2921565,0.017321035265922546
2337,1745713797.6182306,0.007408785168081522
2338,1745713809.29768,0.002651761518791318
2339,1745713826.4117966,0.001540343975648284
2340,1745713844.2401433,0.0011490283068269491
2341,1745713861.2974572,0.0033055089879781008
2342,1745713882.7372973,0.004747781902551651
2343,1745713899.724204,0.002914489945396781
2344,1745713913.0507345,0.0013065418461337686
2345,1745713937.570538,0.0014912151964381337
2346,1745713957.5861008,0.002082704333588481
2347,1745713973.8153718,0.0009854823583737016
2348,1745713984.2126982,0.00685556186363101
2349,1745713999.5345173,0.0007951555890031159
2350,1745714014.424063,0.0034498448949307203
2351,1745714036.2090294,0.0006439186981879175
2352,1745714045.873296,0.0006525300559587777
2353,1745714052.7734194,0.0017673183465376496
2354,1745714069.690147,0.0011157908011227846
2355,1745714084.1172082,0.0019706583116203547
2356,1745714096.645331,0.0003835709358099848
2357,1745714114.0403752,0.0018929373472929
2358,1745714129.5648596,0.0020854929462075233
2359,1745714148.488501,0.0012548444792628288
2360,1745714158.718165,0.0005014247726649046
2361,1745714171.026125,0.004522725474089384
2362,1745714190.4285443,0.010686535388231277
2363,1745714204.4566224,0.0009820677805691957
2364,1745714218.3665662,0.000901197490748018
2365,1745714231.7925968,0.0008015861385501921
2366,1745714247.0395446,0.0023878077045083046
2367,1745714268.8713193,0.00040917808655649424
2368,1745714281.4950645,0.00285242754034698
2369,1745714295.7079027,0.00026790477568283677
2370,1745714308.4393764,0.002332475734874606
2371,1745714322.3042028,0.0018813888309523463
2372,1745714340.0185351,0.0008047829614952207
2373,1745714363.1847854,0.0130242221057415
2374,1745714372.9882007,0.0007027205429039896
2375,1745714389.411016,0.0018367425072938204
2376,1745714400.8600297,0.004254116676747799
2377,1745714423.3392022,0.018034085631370544
2378,1745714436.1071079,0.006667689420282841
2379,1745714448.0184715,0.0038219604175537825
2380,1745714471.5628765,0.0007104078540578485
2381,1745714480.6353407,0.0025970591232180595
2382,1745714497.1340597,0.009891449473798275
2383,1745714513.6855283,0.0007403083145618439
2384,1745714524.1985133,0.0024017926771193743
2385,1745714543.868916,0.0008476687944494188
2386,1745714564.271416,0.00040818381239660084
2387,1745714574.8521297,0.003998315427452326
2388,1745714586.9710839,0.002180105075240135
2389,1745714598.4739313,0.002545964205637574
2390,1745714617.9623353,0.0025803002063184977
2391,1745714638.305871,0.000973075395449996
2392,1745714645.4666197,0.0018307110294699669
2393,1745714667.8180974,0.00132142030633986
2394,1745714679.2901924,0.0006152173737064004
2395,1745714696.913199,0.00011153283412568271
2396,1745714712.251645,0.0001306990598095581
2397,1745714726.69164,0.001782872132025659
2398,1745714744.9205136,0.006666446104645729
2399,1745714761.3592703,0.0005862991674803197
2400,1745714772.3285973,0.0008632215904071927
2401,1745714786.9612088,0.0018809766042977571
2402,1745714802.4891176,0.0008733231225050986
2403,1745714815.0326998,0.0009960244642570615
2404,1745714831.5204358,0.0036444540601223707
2405,1745714843.7682319,0.027838874608278275
2406,1745714861.6415668,0.0009381447453051805
2407,1745714876.1263304,0.0010670946212485433
2408,1745714881.0862167,0.0047845602966845036
2409,1745714995.376572,0.005239854566752911
2410,1745715011.983221,0.011424501426517963
2411,1745715026.9152029,0.0027357812505215406
2412,1745715039.4964983,0.0132864685729146
2413,1745715056.1754322,0.003739268286153674
2414,1745715075.2173138,0.014331284910440445
2415,1745715085.2043104,0.0025612548924982548
2416,1745715103.2924125,0.0001510962756583467
2417,1745715114.314916,0.0004785193013958633
2418,1745715139.1230822,0.010974305681884289
2419,1745715149.6133494,0.018737999722361565
2420,1745715160.1474216,0.006043907254934311
2421,1745715179.7606285,0.0006950318929739296
2422,1745715192.6645484,0.002544729970395565
2423,1745715204.67376,0.012357738800346851
2424,1745715220.2869573,0.01435021124780178
2425,1745715240.6514935,0.006086352281272411
2426,1745715260.6117923,0.002072545001283288
2427,1745715279.1651492,0.010486657731235027
2428,1745715287.4811516,0.022258395329117775
2429,1745715304.0499635,0.0011710092658177018
2430,1745715318.1120934,0.0018969658995047212
2431,1745715334.610621,0.0031570110004395247
2432,1745715350.3720536,0.009165933355689049
2433,1745715361.4254405,0.013105696067214012
2434,1745715374.7195292,0.0015618389006704092
2435,1745715388.9511304,0.0008403728133998811
2436,1745715404.9974012,0.008930710144340992
2437,1745715418.689327,0.012937854044139385
2438,1745715429.613002,0.003846632782369852
2439,1745715448.410621,0.01063482090830803
2440,1745715470.8117347,0.000835049373563379
2441,1745715476.6130717,0.002470874460414052
2442,1745715498.269679,0.027795810252428055
2443,1745715505.719842,0.0008563062292523682
2444,1745715527.5877633,0.008460269309580326
2445,1745715539.626246,0.009541530162096024
2446,1745715555.9191585,0.0026168033946305513
2447,1745715565.169085,0.003141578985378146
2448,1745715582.6631978,0.0029688174836337566
2449,1745715597.737633,0.0034848186187446117
2450,1745715610.818238,0.0006928882794454694
2451,1745715621.2180176,0.0032468093559145927
2452,1745715638.364015,0.0015759167727082968
2453,1745715653.428187,0.0019340551225468516
2454,1745715670.03158,0.002035256242379546
2455,1745715689.2416573,0.00799550674855709
2456,1745715703.4839885,0.002800860907882452
2457,1745715719.1567068,0.006685021799057722
2458,1745715732.9825032,0.0018900519935414195
2459,1745715743.895841,0.004001650959253311
2460,1745715761.5830836,0.0016452870331704617
2461,1745715778.7261078,0.0028622422832995653
2462,1745715791.4136014,0.0014889462618157268
2463,1745715802.391348,0.0006344707799144089
2464,1745715818.601701,0.005457777064293623
2465,1745715828.4229894,0.03975490480661392
2466,1745715837.4200392,0.001062604016624391
2467,1745715851.741481,0.001829045475460589
2468,1745715869.327102,0.001891598105430603
2469,1745715881.2944343,0.016816433519124985
2470,1745715895.1246257,0.0022308563347905874
2471,1745715909.8252423,0.020060738548636436
2472,1745715920.6155908,0.015607007779181004
2473,1745715938.117805,0.004875845741480589
2474,1745715952.372966,0.00029786353115923703
2475,1745715967.0836484,0.0033031448256224394
2476,1745715981.4798005,0.007450614124536514
2477,1745715998.5030603,0.008220318704843521
2478,1745716013.2166483,0.004662660416215658
2479,1745716029.5023267,0.004795484244823456
2480,1745716042.1955884,0.003691276302561164
2481,1745716059.5401556,0.043172456324100494
2482,1745716078.6095026,0.007714485749602318
2483,1745716090.0515254,0.03310161083936691
2484,1745716109.1596444,0.011092016473412514
2485,1745716127.3780386,0.034631550312042236
2486,1745716145.2265754,0.02080080658197403
2487,1745716156.3641095,0.018248412758111954
2488,1745716175.3465068,0.0658467561006546
2489,1745716197.8607616,0.0030507505871355534
2490,1745716210.796419,0.03248314559459686
2491,1745716222.3936145,0.03441561013460159
2492,1745716236.6348379,0.07801146805286407
2493,1745716253.5388844,0.05525967478752136
2494,1745716257.7807965,0.0005577806732617319
2495,1745716386.718435,0.12162180989980698
2496,1745716403.1134708,0.002794311847537756
2497,1745716418.8435671,0.0021858010441064835
2498,1745716432.9415214,0.02923452854156494
2499,1745716447.8794093,0.05607566237449646
2500,1745716464.2273152,0.016784856095910072
2501,1745716475.5493567,0.0054034581407904625
2502,1745716490.3533957,0.006250728387385607
2503,1745716503.9527783,0.016968505457043648
2504,1745716515.010352,0.05551369488239288
2505,1745716529.5022614,0.008018750697374344
2506,1745716556.7415228,0.015990369021892548
2507,1745716567.1070468,0.019537709653377533
2508,1745716576.8959453,0.015227824449539185
2509,1745716591.1154659,0.01678658276796341
2510,1745716607.2664669,0.012771192006766796
2511,1745716625.7785132,0.012445217929780483
2512,1745716641.9937136,0.0016509178094565868
2513,1745716655.8338873,0.007587213534861803
2514,1745716670.0684001,0.017519136890769005
2515,1745716683.6527455,0.021477092057466507
2516,1745716697.416911,0.008612686768174171
2517,1745716715.937592,0.02075079455971718
2518,1745716736.0376668,0.010816683061420918
2519,1745716753.177872,0.0012329663150012493
2520,1745716768.4633443,0.021424058824777603
2521,1745716783.1820276,0.0013908211840316653
2522,1745716800.8833892,0.012446095235645771
2523,1745716809.8260167,0.013631588779389858
2524,1745716825.823526,0.003451982280239463
2525,1745716840.3442538,0.01652437262237072
2526,1745716856.655237,0.010320402681827545
2527,1745716871.6445673,0.007570156827569008
2528,1745716885.6288643,0.0071562426164746284
2529,1745716906.1928027,0.011126192286610603
2530,1745716917.285537,0.0070560043677687645
2531,1745716935.0164304,0.009356556460261345
2532,1745716947.119819,0.011941897682845592
2533,1745716965.6525903,0.005172086879611015
2534,1745716979.6615222,0.001663968083448708
2535,1745716988.5660462,0.002124822000041604
2536,1745717002.840534,0.007682704366743565
2537,1745717020.201076,0.005206502974033356
2538,1745717036.3045082,0.004612623248249292
2539,1745717055.4435613,0.0027810942847281694
2540,1745717063.2400556,0.010865278542041779
2541,1745717080.1950834,0.0028744337614625692
2542,1745717095.3440862,0.0019052393035963178
2543,1745717110.0599303,0.0017599533312022686
2544,1745717124.6783886,0.026862338185310364
2545,1745717137.561171,0.018944628536701202
2546,1745717152.756691,0.004258585162460804
2547,1745717166.943538,0.0027107472997158766
2548,1745717183.8185833,0.005045319441705942
2549,1745717194.5534449,0.011244991794228554
2550,1745717205.466259,0.0048508294858038425
2551,1745717225.158373,0.00338977063074708
2552,1745717232.7042158,0.0011637553106993437
2553,1745717250.829018,0.0004419242322910577
2554,1745717270.4494393,0.009877725504338741
2555,1745717288.0609272,0.002673779847100377
2556,1745717299.5366256,0.007265141699463129
2557,1745717315.8039105,0.002198553644120693
2558,1745717325.5845225,0.0076362756080925465
2559,1745717340.691242,0.008944900706410408
2560,1745717355.3044598,0.021122349426150322
2561,1745717373.1916518,0.0017958669923245907
2562,1745717389.4132903,0.0029784999787807465
2563,1745717402.1330786,0.002891494892537594
2564,1745717416.2130284,0.0020422309171408415
2565,1745717426.9481108,0.015763718634843826
2566,1745717448.1981053,0.00261896476149559
2567,1745717462.072043,0.0026498076040297747
2568,1745717473.8235471,0.007739611901342869
2569,1745717492.2766435,0.004172995686531067
2570,1745717508.663474,0.0032405287493020296
2571,1745717523.3169103,0.011326291598379612
2572,1745717543.312508,0.0007192390039563179
2573,1745717549.164504,0.0010012887651100755
2574,1745717567.8082352,0.0002460143296048045
2575,1745717583.9044557,0.001619683695025742
2576,1745717594.2070663,0.0006113782874308527
2577,1745717612.4415913,0.00873619131743908
2578,1745717626.6439915,0.0010413823183625937
2579,1745717638.9632409,0.001030105515383184
2580,1745717645.9239373,0.0040091960690915585
2581,1745717758.0353403,0.005103172734379768
2582,1745717768.1883307,0.000994934351183474
2583,1745717787.3957584,0.0007351971580646932
2584,1745717805.7786715,0.001505415071733296
2585,1745717818.2812705,0.0005724080838263035
2586,1745717825.086495,0.003557557240128517
2587,1745717845.5156808,0.0016877944581210613
2588,1745717861.0286367,0.0010359743610024452
2589,1745717869.986338,0.000372896232875064
2590,1745717894.9146433,0.0003684652328956872
2591,1745717903.8343186,0.0008223146433010697
2592,1745717916.1872241,0.006772381719201803
2593,1745717930.7804224,0.0009649110725149512
2594,1745717945.3500233,0.0007528093992732465
2595,1745717958.0384674,0.0019049692200496793
2596,1745717979.421264,0.0009377039968967438
2597,1745717988.9518287,0.016107555478811264
2598,1745717995.4361827,0.0010371209355071187
2599,1745718015.8093278,0.001554413465783
2600,1745718030.6728127,0.003831105539575219
2601,1745718043.0946383,0.0026212993543595076
2602,1745718057.3760176,0.0036131897941231728
2603,1745718073.8796785,0.0016484486404806376
2604,1745718089.6860166,0.004824008326977491
2605,1745718101.896575,0.0006356065277941525
2606,1745718116.806569,0.0002771669824142009
2607,1745718141.5916789,0.00026302909827791154
2608,1745718162.9411867,0.008997839875519276
2609,1745718174.6712072,0.008062178269028664
2610,1745718188.8250213,0.0007937392801977694
2611,1745718205.9060574,0.00034209899604320526
2612,1745718225.3213358,0.0016121611697599292
2613,1745718235.1090152,0.00044981317478232086
2614,1745718244.3381486,0.0013059000484645367
2615,1745718259.7355735,0.011872096918523312
2616,1745718279.0566802,0.0008351117721758783
2617,1745718290.7529006,0.004540445748716593
2618,1745718301.8406155,0.0016618245281279087
2619,1745718316.3671584,0.0016201543621718884
2620,1745718340.0184577,0.000381667137844488
2621,1745718357.2093863,0.014810236170887947
2622,1745718372.4613862,0.017786167562007904
2623,1745718381.5020518,0.0023565792944282293
2624,1745718397.098812,9.226999100064859e-05
2625,1745718415.849488,0.0021498941350728273
2626,1745718423.3089063,0.0007657380774617195
2627,1745718439.3498998,0.012579028494656086
2628,1745718452.2169192,0.00031747992034070194
2629,1745718466.536501,0.001465803594328463
2630,1745718482.4484456,0.00031073042191565037
2631,1745718495.244589,0.028220610693097115
2632,1745718515.8476806,0.003448508447036147
2633,1745718524.1488044,0.001040502917021513
2634,1745718543.2507753,0.0008594647515565157
2635,1745718551.0676277,0.0008352750446647406
2636,1745718569.264934,0.0017830881988629699
2637,1745718581.2173424,0.0017534580547362566
2638,1745718603.0049217,0.00173940509557724
2639,1745718610.5806901,0.0005223152693361044
2640,1745718633.479936,0.004006719682365656
2641,1745718640.9048984,0.0038226761389523745
2642,1745718654.1332636,0.013781534507870674
2643,1745718669.770389,0.0017163517186418176
2644,1745718684.282988,0.0002565118484199047
2645,1745718705.5747302,0.005704199429601431
2646,1745718711.8551624,0.00014310417464002967
2647,1745718732.012255,0.0040798489935696125
2648,1745718741.1349132,0.010652103461325169
2649,1745718752.6673694,0.0014799340860918164
2650,1745718762.9045901,0.002377120079472661
2651,1745718777.7633185,0.001618830719962716
2652,1745718786.9522026,0.005865246057510376
2653,1745718806.8720424,0.013311241753399372
2654,1745718817.4582238,0.005631281062960625
2655,1745718835.1655254,0.003679536981508136
2656,1745718848.3178802,0.0015086950734257698
2657,1745718856.9614115,0.0026832250878214836
2658,1745718875.319408,0.001223148894496262
2659,1745718894.1015458,0.002490358194336295
2660,1745718909.5175369,0.0007019150070846081
2661,1745718924.0505838,0.0007260077982209623
2662,1745718936.105304,0.0008099983097054064
2663,1745718949.4863493,0.008803055621683598
2664,1745718965.4552047,0.0002651087415870279
2665,1745718987.4359589,0.0008005135459825397
2666,1745718991.7523117,0.006848278921097517
2667,1745719119.450191,0.00044577830703929067
2668,1745719131.259943,0.0009222880471497774
2669,1745719148.0049665,0.0030703649390488863
2670,1745719159.29803,0.000286082795355469
2671,1745719170.7762318,0.0002584645408205688
2672,1745719193.9884298,0.002312848810106516
2673,1745719204.0113025,0.0012770968023687601
2674,1745719212.0616598,0.002316497266292572
2675,1745719233.8668623,0.0038040275685489178
2676,1745719245.9194903,0.008529850281774998
2677,1745719257.2462606,0.00044059217907488346
2678,1745719264.0619771,0.0008363958331756294
2679,1745719282.847458,5.4728006944060326e-05
2680,1745719292.5717509,0.0004729646607302129
2681,1745719313.9808443,0.0009029519278556108
2682,1745719322.946765,0.0003699105582199991
2683,1745719339.3947866,0.0018334041815251112
2684,1745719349.553953,0.004313215613365173
2685,1745719364.2605484,0.001213330659084022
2686,1745719379.4734356,0.00033479518606327474
2687,1745719391.2335987,0.0031553625594824553
2688,1745719409.2031133,0.0003899976727552712
2689,1745719416.4059825,0.0005027417209930718
2690,1745719435.5602922,0.002151662018150091
2691,1745719451.06536,0.00019148986029904336
2692,1745719470.5009549,0.0005315135349519551
2693,1745719491.7615345,0.000796364329289645
2694,1745719514.8056688,0.000642774801235646
2695,1745719522.1633797,0.0016289633931592107
2696,1745719538.4741192,0.0005512394127435982
2697,1745719557.8615553,0.0002789870195556432
2698,1745719569.4522943,0.0013073959853500128
2699,1745719584.692119,0.0002177194837713614
2700,1745719602.507298,0.008797840215265751
2701,1745719612.4898837,0.00016624607087578624
2702,1745719637.792709,0.0014665869530290365
2703,1745719657.1718128,0.000654149625916034
2704,1745719666.2610126,0.002410706365481019
2705,1745719685.6802998,0.00019980434444732964
2706,1745719695.1778517,0.0007757844869047403
2707,1745719709.2548244,0.0005319699412211776
2708,1745719722.157803,0.007852962240576744
2709,1745719736.8014405,0.0035641517024487257
2710,1745719754.3797114,0.006976666394621134
2711,1745719767.5104816,0.0004704713064711541
2712,1745719782.542253,0.0012331088073551655
2713,1745719801.4372993,0.00018960662418976426
2714,1745719823.3030236,0.0018197239842265844
2715,1745719838.2095027,0.0009806895395740867
2716,1745719846.0397956,0.000455359899206087
2717,1745719866.047213,0.010011609643697739
2718,1745719876.5848463,0.0021645023953169584
2719,1745719889.8663025,0.00962771661579609
2720,1745719904.114298,0.009256427176296711
2721,1745719918.1119962,0.0004816417349502444
2722,1745719932.5716844,0.001006586360745132
2723,1745719945.8643339,0.0008247363730333745
2724,1745719963.622001,0.00145948794670403
2725,1745719980.5596118,0.0011197758140042424
2726,1745719988.3767502,0.0006445386097766459
2727,1745720005.6896126,0.00016412835975643247
2728,1745720018.605622,0.000608158006798476
2729,1745720042.138833,0.0004297069972380996
2730,1745720053.1644864,0.00036463659489527345
2731,1745720061.618045,0.0014880007365718484
2732,1745720077.364192,0.004238195717334747
2733,1745720100.0975378,0.0004317926650401205
2734,1745720107.8536422,0.00021921194274909794
2735,1745720119.8583949,0.0002249918325105682
2736,1745720130.6054454,0.0009607623796910048
2737,1745720151.422797,0.0004207250603940338
2738,1745720162.5310369,0.0008615979459136724
2739,1745720178.1372044,0.023351473733782768
2740,1745720197.1185226,0.000375903386157006
2741,1745720210.2366257,0.0005731339915655553
2742,1745720228.5582142,0.001943183597177267
2743,1745720241.7747366,0.0015602231724187732
2744,1745720254.18224,0.01198899932205677
2745,1745720273.4803503,0.007619751151651144
2746,1745720285.6857808,0.00012427392357494682
2747,1745720300.184957,0.0034324154257774353
2748,1745720319.5414486,0.0010828820522874594
2749,1745720334.9000702,0.005170145537704229
2750,1745720351.5698788,0.00024815931101329625
2751,1745720374.706059,0.0018833847716450691
2752,1745720377.8035562,0.00027545433840714395
2753,1745720518.6883223,0.0016751405782997608
2754,1745720537.4718044,0.0036124594043940306
2755,1745720547.0718513,0.0015944645274430513
2756,1745720561.587355,0.000994991511106491
2757,1745720578.0470104,0.0009285975829698145
2758,1745720594.0035968,0.0023547783493995667
2759,1745720607.5675313,0.001281646778807044
2760,1745720617.6015453,0.007635375019162893
2761,1745720634.2173197,0.0004440822813194245
2762,1745720650.312289,0.000885059533175081
2763,1745720658.3854928,0.0035788898821920156
2764,1745720680.876371,0.0007490809657610953
2765,1745720688.7066607,0.0004272314254194498
2766,1745720703.8735266,0.0008375937468372285
2767,1745720717.2682185,0.0012298849178478122
2768,1745720728.6939666,0.0002739065675996244
2769,1745720745.9524815,0.0004847233649343252
2770,1745720758.859779,0.0025493635330349207
2771,1745720774.3466887,0.004288718570023775
2772,1745720789.6349037,0.0004358803853392601
2773,1745720802.5801225,0.00042419464443810284
2774,1745720818.7581532,0.00040003706817515194
2775,1745720832.5069358,0.004362898878753185
2776,1745720844.8105626,0.0009395797969773412
2777,1745720864.348198,0.0016579767689108849
2778,1745720879.0277905,0.001561652636155486
2779,1745720892.7803333,0.0006326505681499839
2780,1745720909.1758168,0.0021582755725830793
2781,1745720928.8733592,0.0235910564661026
2782,1745720940.4919078,0.001503191189840436
2783,1745720957.2176745,0.0009156300802715123
2784,1745720978.3461986,0.0001248447224497795
2785,1745720988.3843133,0.003068231977522373
2786,1745720998.3133612,0.0003509765665512532
2787,1745721017.347581,0.0002330939460080117
2788,1745721022.1818674,0.005635115783661604
2789,1745721042.249451,0.00018139668100047857
2790,1745721048.8683307,0.0025996211916208267
2791,1745721066.2903707,0.0004125097766518593
2792,1745721073.3738186,0.0006314434576779604
2793,1745721091.615708,0.00036727183032780886
2794,1745721114.6565733,0.006898181047290564
2795,1745721123.8328173,0.000474685279186815
2796,1745721143.2747202,0.00022423364862333983
2797,1745721154.1220303,0.0002722374920267612
2798,1745721174.1770406,0.001101366593502462
2799,1745721181.64258,0.0006849541678093374
2800,1745721200.3984516,0.00023474170302506536
2801,1745721221.9143925,0.0014180332655087113
2802,1745721239.0141382,0.0001948099525179714
2803,1745721252.4682696,0.00029034976614639163
2804,1745721267.0076795,0.0011607315391302109
2805,1745721275.3615713,0.00024068675702437758
2806,1745721290.7167928,7.370310049736872e-05
2807,1745721300.7398672,0.00038482953095808625
2808,1745721320.0338204,0.0004472967120818794
2809,1745721336.577535,0.0023832377046346664
2810,1745721347.6022224,0.006426060106605291
2811,1745721360.4124014,0.0005628129001706839
2812,1745721376.3589087,0.0002812800812534988
2813,1745721390.5497704,0.0002708607353270054
2814,1745721406.7419453,0.00951571948826313
2815,1745721417.892089,0.0029540350660681725
2816,1745721436.051214,0.00019134680042043328
2817,1745721446.0579884,8.457931835437194e-05
2818,1745721458.169643,0.0021180135663598776
2819,1745721473.930184,0.036031678318977356
2820,1745721494.1893408,0.0004493936139624566
2821,1745721503.1877348,0.008328295312821865
2822,1745721516.3037238,0.001760672777891159
2823,1745721540.8816607,0.0005124842864461243
2824,1745721554.193408,0.005243904422968626
2825,1745721571.4881272,0.0011478052474558353
2826,1745721584.518704,0.0027637050952762365
2827,1745721604.2200918,0.012584343552589417
2828,1745721614.4911885,0.004071390721946955
2829,1745721632.4924757,0.00016667468298692256
2830,1745721651.2157736,0.00016049679834395647
2831,1745721657.3046243,0.029038388282060623
2832,1745721673.217544,0.006185096222907305
2833,1745721687.6912994,0.002356508746743202
2834,1745721706.338753,0.0019968405831605196
2835,1745721716.9606857,0.00038829047116450965
2836,1745721732.1549318,0.0006751446053385735
2837,1745721750.7663794,0.0024358893278986216
2838,1745721755.1776319,5.073470310890116e-05
2839,1745721894.7516708,0.00021837122039869428
2840,1745721907.2401419,0.0006947077345103025
2841,1745721917.0003762,0.00041248134220950305
2842,1745721935.902512,0.004130928311496973
2843,1745721948.6374772,0.0006650139112025499
2844,1745721967.345468,0.0008331768331117928
2845,1745721975.5020175,0.00023582647554576397
2846,1745721990.089982,0.0017504604766145349
2847,1745722014.7111104,0.00216503138653934
2848,1745722023.0228364,0.003323446726426482
2849,1745722038.3525786,0.007352862972766161
2850,1745722057.1858015,0.00031656763167120516
2851,1745722066.2558122,0.0003208076814189553
2852,1745722083.1041908,0.00013301079161465168
2853,1745722102.5917053,0.00012936443090438843
2854,1745722123.9251144,7.345966150751337e-05
2855,1745722132.5606205,0.001055314438417554
2856,1745722156.6538172,0.001030509709380567
2857,1745722167.9712691,0.0002836572821252048
2858,1745722183.0735202,0.00034447002690285444
2859,1745722194.906893,0.0018277493072673678
2860,1745722210.3776414,0.002192320767790079
2861,1745722232.1192021,0.011566532775759697
2862,1745722249.656478,0.0006473079556599259
2863,1745722267.6259522,0.00017033977201208472
2864,1745722285.1513107,0.005070153158158064
2865,1745722302.2268617,0.03329623490571976
2866,1745722312.7135653,0.000576340185943991
2867,1745722329.1445522,0.0003870170912705362
2868,1745722349.1588454,0.0012747651198878884
2869,1745722359.1734076,0.0013356043491512537
2870,1745722371.5183978,0.001108863390982151
2871,1745722388.820582,0.0009591090492904186
2872,1745722399.044711,0.0012152816634625196
2873,1745722414.119835,0.0002714298025239259
2874,1745722432.8930268,0.00043984843068756163
2875,1745722441.4888575,0.0002704010112211108
2876,1745722462.959993,0.0005968512268736959
2877,1745722490.123757,0.018712729215621948
2878,1745722501.22553,0.008674743585288525
2879,1745722515.5223053,0.0017701879842206836
2880,1745722533.5490096,0.0015819612890481949
2881,1745722547.2700503,0.00075017154449597
2882,1745722564.9747415,0.0006110754911787808
2883,1745722577.442658,0.0006591466953977942
2884,1745722587.4406676,0.0006631529540754855
2885,1745722605.8985188,0.0020051973406225443
2886,1745722619.4519134,0.00017376414325553924
2887,1745722636.49819,0.0022483495995402336
2888,1745722649.1749523,0.000917669793125242
2889,1745722663.9786868,0.00044548645382747054
2890,1745722682.3621461,0.00718544190749526
2891,1745722697.5590682,0.0002605530899018049
2892,1745722713.2296753,0.0003373566723894328
2893,1745722721.7271845,0.0009809667244553566
2894,1745722732.1616292,0.000634923402685672
2895,1745722745.8123002,0.0006396896787919104
2896,1745722760.995153,0.00011547140456968918
2897,1745722774.679694,9.934391709975898e-05
2898,1745722791.4188037,0.007475897669792175
2899,1745722805.5803406,9.480551671003923e-05
2900,1745722818.072133,0.0004921664367429912
2901,1745722838.954513,0.000348756555467844
2902,1745722848.6503751,0.00042449685861356556
2903,1745722863.8034897,0.0006561172194778919
2904,1745722870.680334,0.0020639561116695404
2905,1745722887.2421107,0.0004666012537200004
2906,1745722902.121749,0.01439073495566845
2907,1745722916.2020178,0.0012086225906386971
2908,1745722934.514327,0.00021058479615021497
2909,1745722946.8012667,0.0011363123776391149
2910,1745722960.3307173,0.0002194890403188765
2911,1745722968.5589552,0.0009906074265018106
2912,1745722986.2065628,0.0005148030468262732
2913,1745722997.4126914,0.001848395331762731
2914,1745723012.238425,0.0054025957360863686
2915,1745723031.2328188,0.0012225195532664657
2916,1745723037.7828705,0.0004566027782857418
2917,1745723057.8779635,0.004050123039633036
2918,1745723078.9774902,0.00193418946582824
2919,1745723093.3463988,0.0004247766628395766
2920,1745723099.4758937,0.0009752216865308583
2921,1745723115.7352543,0.0009719644440338016
2922,1745723124.5904663,0.0017533425707370043
2923,1745723143.744079,0.0005213276017457247
2924,1745723148.0586557,7.373875178018352e-06
2925,1745723284.4224265,0.0002989014610648155
2926,1745723295.7500677,0.0008381206425838172
2927,1745723310.1606815,0.004801139235496521
2928,1745723325.3198159,0.004286831244826317
2929,1745723345.7765965,0.0003553884744178504
2930,1745723356.4654276,0.001146718510426581
2931,1745723375.023092,0.00045595085248351097
2932,1745723386.6520658,0.0007944866665638983
2933,1745723403.1820588,0.00737155694514513
2934,1745723424.1164286,0.0022044091019779444
2935,1745723431.4082494,0.0012892414815723896
2936,1745723446.0433238,0.0011623782338574529
2937,1745723458.8086727,0.000351706548826769
2938,1745723471.8653586,0.00040701712714508176
2939,1745723486.4016683,0.0005927103338763118
2940,1745723496.8356447,0.00033751767477951944
2941,1745723512.2292898,0.0004722551384475082
2942,1745723523.5900779,0.0007087023113854229
2943,1745723542.1666908,9.775469516171142e-05
2944,1745723557.698078,0.0009227633709087968
2945,1745723572.5598464,0.002672346541658044
2946,1745723584.0098176,0.00513887032866478
2947,1745723603.5781803,0.0003325431316625327
2948,1745723616.9678614,0.00017119587573688477
2949,1745723628.7813962,0.00013653238420374691
2950,1745723644.5798523,0.0001711510994937271
2951,1745723664.1363544,0.00026041915407404304
2952,1745723679.0487697,0.0001209041802212596
2953,1745723688.7176993,0.01127331517636776
2954,1745723707.5472565,0.00039864357677288353
2955,1745723731.3505983,0.0016890448750928044
2956,1745723742.2309294,0.0004165060236118734
2957,1745723757.8152487,0.0005463645793497562
2958,1745723775.1203072,0.01728561520576477
2959,1745723787.5657,0.00015936509589664638
2960,1745723805.5778131,0.00022111739963293076
2961,1745723813.547222,0.0001059809437720105
2962,1745723833.3528156,0.0011208259966224432
2963,1745723842.5605345,0.000430586573202163
2964,1745723862.776836,0.00018347865261603147
2965,1745723868.9377208,9.570766269462183e-05
2966,1745723883.8578908,0.0001803655904950574
2967,1745723903.6406395,0.0020713862031698227
2968,1745723919.3471305,0.00018268603889737278
2969,1745723933.785739,0.0015110686654224992
2970,1745723948.180742,0.0002717714523896575
2971,1745723962.08141,0.00031173639581538737
2972,1745723977.3894932,0.0004470682761166245
2973,1745723983.9017003,0.02103542350232601
2974,1745724000.0446126,0.002211514860391617
2975,1745724013.058252,0.00010309659410268068
2976,1745724038.7583027,0.00023556403175462037
2977,1745724047.6221087,0.000104253958852496
2978,1745724058.7179632,8.732038259040564e-05
2979,1745724082.2649238,0.0055489307269454
2980,1745724088.852759,0.0002690503606572747
2981,1745724107.2150218,0.00034217818756587803
2982,1745724120.6448119,0.0001763263571774587
2983,1745724133.704952,0.0006537012523040175
2984,1745724146.9637783,0.0005469563766382635
2985,1745724153.9178622,8.129522029776126e-05
2986,1745724173.1952345,4.796998109668493e-05
2987,1745724185.164529,0.00018351779726799577
2988,1745724198.4920561,0.00016635211068205535
2989,1745724216.1514876,0.0002808476856444031
2990,1745724235.4240422,0.004600119311362505
2991,1745724248.027279,0.00016316387336701155
2992,1745724254.7941077,0.005709415301680565
2993,1745724278.534756,0.0004362356849014759
2994,1745724293.4855063,3.3352323953295127e-05
2995,1745724303.655763,0.00015839056868571788
2996,1745724326.271978,0.004852005280554295
2997,1745724340.4874883,0.0013137608766555786
2998,1745724351.1645167,0.0008278727764263749
2999,1745724366.1763082,0.000784499105066061
3000,1745724381.7502308,0.0002999009739141911
3001,1745724392.0704486,0.00033833878114819527
3002,1745724410.5536604,0.014877071604132652
3003,1745724426.348917,0.00015903431631159037
3004,1745724441.4439294,0.0003038753056898713
3005,1745724459.6864288,0.0006338932435028255
3006,1745724480.3229406,0.005255077965557575
3007,1745724497.776238,0.000837070110719651
3008,1745724515.829,0.0014540719566866755
3009,1745724527.4292855,0.0014837085036560893
3010,1745724530.9298804,0.0001117544888984412
3011,1745724662.0346544,0.0008102799765765667
3012,1745724670.5283873,0.0010152532486245036
3013,1745724681.2004635,0.00011617832205956802
3014,1745724702.0997329,0.0005337841575965285
3015,1745724713.200735,6.378905527526513e-05
3016,1745724727.832423,0.00034135591704398394
3017,1745724745.0654163,0.0003581887576729059
3018,1745724756.2832139,0.00019881068146787584
3019,1745724777.7831094,0.00010559790098341182
3020,1745724787.620651,0.000129193183965981
3021,1745724805.263683,0.0017651526723057032
3022,1745724818.538872,0.0005241558537818491
3023,1745724833.6797962,0.00016658726963214576
3024,1745724849.26354,0.00011142990115331486
3025,1745724861.942282,0.0005195543053559959
3026,1745724877.235847,0.00013657544332090765
3027,1745724887.2532585,0.00011728776735253632
3028,1745724904.700163,0.0006467524217441678
3029,1745724914.6305609,0.004123515449464321
3030,1745724926.1189349,0.00020436746126506478
3031,1745724944.064524,0.00020460957603063434
3032,1745724953.0547042,0.0016249133041128516
3033,1745724964.9287925,4.520743459579535e-05
3034,1745724984.604723,0.00018809264292940497
3035,1745725008.0441628,0.0012125406647101045
3036,1745725027.3426402,0.00021140475291758776
3037,1745725046.204815,8.591695223003626e-05
3038,1745725061.2769725,0.00014219955482985824
3039,1745725072.9730353,1.7076730728149414e-05
3040,1745725090.3912091,9.039990982273594e-05
3041,1745725106.819145,0.0002365631517022848
3042,1745725121.1433842,0.00011959917901549488
3043,1745725136.0988545,0.00023531820625066757
3044,1745725158.777064,4.538097346085124e-05
3045,1745725169.5067005,0.00010118931095348671
3046,1745725185.5618746,0.00013011464034207165
3047,1745725204.337639,0.00014260737225413322
3048,1745725221.1915636,0.00012723532563541085
3049,1745725234.439646,0.0003320903633721173
3050,1745725241.9488726,7.924511737655848e-05
3051,1745725253.4102585,0.0001111257224692963
3052,1745725266.556844,0.00043498750892467797
3053,1745725282.929563,0.00010503118392080069
3054,1745725304.921271,9.264831896871328e-05
3055,1745725319.740018,0.00013865095388609916
3056,1745725334.0364988,7.205600559245795e-05
3057,1745725347.7530096,0.002210216596722603
3058,1745725366.5781171,0.004993499722331762
3059,1745725378.370798,0.0023252107203006744
3060,1745725393.8172333,0.010670243762433529
3061,1745725408.4494517,0.0001645080337766558
3062,1745725424.3222208,0.0009388772305101156
3063,1745725436.3658943,0.0003120045003015548
3064,1745725451.0203006,0.0005467795417644083
3065,1745725465.2588391,0.0005398893845267594
3066,1745725475.7138093,0.0022475372534245253
3067,1745725490.6885114,0.0016594133339822292
3068,1745725503.3977559,0.0003961844486184418
3069,1745725526.6076212,0.0001491887087468058
3070,1745725540.9503176,0.0001221708516823128
3071,1745725553.6523466,0.0001347735960735008
3072,1745725569.5631363,0.00018209381960332394
3073,1745725582.9065654,0.00010411263792775571
3074,1745725597.6036785,0.0005370493745431304
3075,1745725612.5245287,6.21802028035745e-05
3076,1745725626.968382,0.011163609102368355
3077,1745725638.9094803,0.0003421621222514659
3078,1745725657.5372903,0.0003111731493845582
3079,1745725673.9600286,0.00012807261373382062
3080,1745725686.5965698,0.0033397842198610306
3081,1745725700.215566,0.00027309078723192215
3082,1745725712.354243,0.009705152362585068
3083,1745725730.4930046,0.000916991732083261
3084,1745725745.0599532,0.0014207626227289438
3085,1745725755.344077,0.00018459372222423553
3086,1745725776.1043248,6.108390516601503e-05
3087,1745725782.8809133,0.002746510785073042
3088,1745725801.414262,0.000586247188039124
3089,1745725807.0452793,2.400228549959138e-05
3090,1745725830.294549,0.00012993051495868713
3091,1745725844.7139924,0.00030208981479518116
3092,1745725858.3236315,0.00018752389587461948
3093,1745725872.2809775,0.001986788585782051
3094,1745725888.8060806,0.00021413223294075578
3095,1745725904.4377818,0.0005072666681371629
3096,1745725908.3716106,0.0007283624727278948
3097,1745726040.77923,0.00020830699941143394
3098,1745726057.7288275,0.0013105932157486677
3099,1745726074.2557914,0.002563754329457879
3100,1745726091.1927874,0.00013872922863811255
3101,1745726102.8165026,0.0007171780453063548
3102,1745726121.2612398,0.0003138809697702527
3103,1745726141.992514,0.00015496205014642328
3104,1745726152.8343267,0.0002139495190931484
3105,1745726169.5311074,5.7850644225254655e-05
3106,1745726181.3582287,0.0006352972122840583
3107,1745726194.604819,6.355695222737268e-05
3108,1745726207.6547823,0.00041854329174384475
3109,1745726220.0142374,0.00016210002650041133
3110,1745726235.725995,2.853762089216616e-05
3111,1745726252.5667353,0.00029414569144137204
3112,1745726268.415119,0.0007167162839323282
3113,1745726283.3358405,0.00022607365099247545
3114,1745726302.6950576,3.0340854209498502e-05
3115,1745726313.2281232,0.006122216582298279
3116,1745726330.325119,8.543880539946258e-05
3117,1745726348.908361,0.0012894629035145044
3118,1745726361.686654,0.00015946022176649421
3119,1745726375.6053398,0.0006980488542467356
3120,1745726395.8997757,0.00021836244559381157
3121,1745726412.6496952,0.001124089933000505
3122,1745726424.6569288,0.0006673209136351943
3123,1745726440.0924268,0.0002838506770785898
3124,1745726460.127599,0.005844086408615112
3125,1745726468.4850829,0.0003343815915286541
3126,1745726488.2717845,5.761974898632616e-05
3127,1745726506.7325888,0.016535084694623947
3128,1745726518.151901,5.809399226563983e-05
3129,1745726533.903352,0.00011544316657818854
3130,1745726554.3135772,0.0001405700168106705
3131,1745726568.700907,0.00016100464563351125
3132,1745726581.134858,0.00492774648591876
3133,1745726600.052248,0.00023436386254616082
3134,1745726610.6736648,0.0001937747438205406
3135,1745726632.2965102,0.00035935372579842806
3136,1745726639.6408088,0.0016222309786826372
3137,1745726654.9734156,0.002703938400372863
3138,1745726671.903426,0.0006022247835062444
3139,1745726692.1511545,0.0002310621930519119
3140,1745726713.257888,0.0005434020422399044
3141,1745726727.3161554,0.00010688522161217406
3142,1745726742.5138755,7.595661736559123e-05
3143,1745726752.1190174,0.00011956696107517928
3144,1745726770.4428113,1.3388484148890711e-05
3145,1745726785.008976,0.004683861043304205
3146,1745726799.9422905,9.444305032957345e-05
3147,1745726811.649964,5.1172959501855075e-05
3148,1745726829.3165681,0.0004682356375269592
3149,1745726837.9330573,0.0004288640047889203
3150,1745726857.5432422,0.0013301892904564738
3151,1745726872.5814369,0.0009860653663054109
3152,1745726886.762109,0.0005969224730506539
3153,1745726903.8765216,0.0021205625962466
3154,1745726911.2378168,0.013220946304500103
3155,1745726933.4276123,4.266923133400269e-05
3156,1745726943.0445056,6.989969551796094e-05
3157,1745726957.8850665,6.939349259482697e-05
3158,1745726976.6487591,0.002572174184024334
3159,1745726987.5354486,0.0001776641875039786
3160,1745727008.8983235,0.005146359093487263
3161,1745727021.5056424,7.253966759890318e-05
3162,1745727036.5724676,0.0006060753366909921
3163,1745727047.6551583,0.0001131822427851148
3164,1745727065.6667511,0.000194569569430314
3165,1745727077.3727953,0.0001211292328662239
3166,1745727096.497687,0.0003038570866920054
3167,1745727109.6040375,0.00013040662452112883
3168,1745727124.020266,9.31768590817228e-05
3169,1745727138.032287,0.00011958958202740178
3170,1745727154.2662838,0.00038446232792921364
3171,1745727172.465554,9.296559437643737e-05
3172,1745727183.238236,0.001976213650777936
3173,1745727193.644109,9.548256639391184e-05
3174,1745727207.7333896,3.062742325710133e-05
3175,1745727221.0068462,0.000324100605212152
3176,1745727242.4135191,0.00013911382120568305
3177,1745727250.0606418,0.00022517178149428219
3178,1745727269.7714381,7.130507583497092e-05
3179,1745727287.4295862,8.625409100204706e-05
3180,1745727299.0448086,0.00011816696496680379
3181,1745727320.191898,8.355235331691802e-05
3182,1745727325.354269,0.00012657823390327394
3183,1745727451.6048706,7.02228062436916e-05
3184,1745727462.5188184,0.00019786790653597564
3185,1745727485.3358335,0.00010283539450028911
3186,1745727496.6415167,2.4746646886342205e-05
3187,1745727506.6246595,9.971980034606531e-05
3188,1745727522.3161938,6.803780706832185e-05
3189,1745727537.5116403,8.044314017752185e-05
3190,1745727550.0996754,3.420911161811091e-05
3191,1745727568.370331,9.846247121458873e-05
3192,1745727579.6948152,0.00043334407382644713
3193,1745727598.8309386,0.00010403201304143295
3194,1745727623.332928,5.408018478192389e-05
3195,1745727645.8664923,1.5088066902535502e-05
3196,1745727653.6789365,0.0008619176805950701
3197,1745727667.1102023,0.005293808411806822
3198,1745727680.464674,0.00014667835785076022
3199,1745727697.1625223,0.00012513715773820877
3200,1745727711.7776778,0.0001449365954613313
3201,1745727729.0431547,8.290178084280342e-05
3202,1745727742.3371809,0.00018843244470190257
3203,1745727754.0460966,0.0005392517778091133
3204,1745727771.837343,0.00034015491837635636
3205,1745727789.6740677,0.0019140433287248015
3206,1745727800.743453,0.0004580017412081361
3207,1745727823.9821064,3.852118243230507e-05
3208,1745727840.7765937,5.6499109632568434e-05
3209,1745727852.2949615,2.043150379904546e-05
3210,1745727865.6056936,4.414311479195021e-05
3211,1745727882.8206458,2.6363899451098405e-05
3212,1745727901.2471888,3.907367863575928e-05
3213,1745727919.446687,0.0018460637656971812
3214,1745727931.2457547,8.937566599342972e-05
3215,1745727942.2058842,0.0001623477292014286
3216,1745727962.8533423,0.0003158968756906688
3217,1745727972.5776765,0.003219085745513439
3218,1745727987.685059,6.169533298816532e-05
3219,1745727999.4154153,0.00011488141899462789
3220,1745728019.369261,0.00011490294855320826
3221,1745728031.547739,0.00031364691676571965
3222,1745728043.6177824,8.528098987881094e-06
3223,1745728063.9760387,4.273861486581154e-05
3224,1745728078.5998275,0.00015030823124106973
3225,1745728096.788941,6.1749574342684355e-06
3226,1745728107.4263759,0.00015587580855935812
3227,1745728126.1100216,4.371886097942479e-05
3228,1745728137.5808086,5.6710185162955895e-05
3229,1745728155.5036697,5.345560930436477e-05
3230,1745728169.7349935,7.659710536245257e-05
3231,1745728181.1744683,2.4558275981689803e-05
3232,1745728191.075781,0.008350033313035965
3233,1745728210.856471,6.913081597303972e-05
3234,1745728221.8946476,0.0001522959501016885
3235,1745728237.2325635,3.211078728782013e-05
3236,1745728251.2613,0.000353960320353508
3237,1745728265.5762706,0.00016263699217233807
3238,1745728280.4488125,0.0002557967382017523
3239,1745728295.8827255,0.00031598875648342073
3240,1745728312.367923,5.7305787777295336e-05
3241,1745728328.3492804,0.0012547774240374565
3242,1745728345.955796,0.0001734297547955066
3243,1745728360.5232837,0.0001556387433083728
3244,1745728375.182047,0.0001494733733125031
3245,1745728397.814189,0.012000204995274544
3246,1745728406.4580805,0.0002479374234098941
3247,1745728426.0029998,5.150332799530588e-05
3248,1745728437.3361907,0.0001307204074691981
3249,1745728450.3983505,4.9189195124199614e-05
3250,1745728461.724103,0.0001687558979028836
3251,1745728479.3024988,7.035087037365884e-05
3252,1745728497.1022096,0.0002764664823189378
3253,1745728505.2680082,7.089209975674748e-05
3254,1745728516.4657795,8.063414134085178e-05
3255,1745728530.8948936,0.00015477048873435706
3256,1745728553.140918,0.00023640452127438039
3257,1745728564.8441215,0.00017125932208728045
3258,1745728582.7209873,0.021909572184085846
3259,1745728601.224862,9.387843601871282e-05
3260,1745728616.9588704,7.458408072125167e-05
3261,1745728633.0819485,0.006721337325870991
3262,1745728650.263497,0.00016931939171627164
3263,1745728659.661361,0.00038462490192614496
3264,1745728677.4216118,0.0005481504485942423
3265,1745728683.6254706,0.00394622003659606
3266,1745728705.350957,0.00023947475710883737
3267,1745728715.4603472,0.000617144803982228
3268,1745728720.517636,0.0005957813118584454
3269,1745728843.447398,0.0003424862225074321
3270,1745728856.7526422,0.0007494830060750246
3271,1745728873.4217477,0.00019860558677464724
3272,1745728886.7480078,0.0007870111148804426
3273,1745728897.7511754,0.0001401599874952808
3274,1745728912.4646845,9.259847138309851e-05
3275,1745728929.6251247,0.00017120837583206594
3276,1745728948.5353553,0.025887183845043182
3277,1745728966.6727843,0.019111135974526405
3278,1745728977.4304338,0.00028467451920732856
3279,1745728997.364729,0.00014396256301552057
3280,1745729012.2454803,0.0013500729110091925
3281,1745729025.5507402,0.0005169134237803519
3282,1745729034.6331022,0.0023070303723216057
3283,1745729045.947343,0.004087905865162611
3284,1745729065.076332,0.005733036901801825
3285,1745729077.10412,0.0002666381187736988
3286,1745729092.68493,0.006258775480091572
3287,1745729103.1447415,0.0008023497648537159
3288,1745729123.3354206,0.00010090968862641603
3289,1745729142.2723227,0.0008964049629867077
3290,1745729155.4700334,0.005828231107443571
3291,1745729167.4756627,0.003215179778635502
3292,1745729188.1552165,0.00045767304254695773
3293,1745729199.5853496,0.001273576868698001
3294,1745729213.453715,0.0003527307417243719
3295,1745729229.1029432,0.0002659043238963932
3296,1745729241.3176162,0.00025447376538068056
3297,1745729256.6224623,0.00011765030649257824
3298,1745729273.4286833,0.0006793998763896525
3299,1745729287.401136,0.0007144010742194951
3300,1745729304.1288135,0.0007572306203655899
3301,1745729323.0459626,0.000297671154839918
3302,1745729338.2637918,0.021087590605020523
3303,1745729349.1673033,0.01215658150613308
3304,1745729368.431902,9.257847705157474e-05
3305,1745729378.2528384,8.633402467239648e-05
3306,1745729395.930009,4.726333645521663e-05
3307,1745729411.6519704,0.004714156035333872
3308,1745729428.380284,4.6527362428605556e-05
3309,1745729443.9075675,0.00011321337660774589
3310,1745729458.6845744,0.00046684592962265015
3311,1745729472.5973175,0.00869862549006939
3312,1745729485.6709166,0.0009416161919943988
3313,1745729497.2839968,0.0004664199077524245
3314,1745729510.0318878,0.001018643844872713
3315,1745729526.4792435,0.0009134679567068815
3316,1745729534.296095,0.0004288775671739131
3317,1745729555.6645596,0.000497667002491653
3318,1745729566.3487914,0.00023638090351596475
3319,1745729582.0253258,0.00019535663886927068
3320,1745729594.767769,0.00022971007274463773
3321,1745729603.8977582,0.0004506576806306839
3322,1745729623.3299167,0.0003632001462392509
3323,1745729634.6474218,0.01671406999230385
3324,1745729649.8052216,0.0002973245573230088
3325,1745729668.0326793,0.0010909672128036618
3326,1745729689.7002337,0.00032103306148201227
3327,1745729700.1139503,0.0006233693566173315
3328,1745729714.066169,0.00020831589063163847
3329,1745729729.7461238,0.00031300951377488673
3330,1745729743.141443,0.006119334604591131
3331,1745729752.961707,0.00081490637967363
3332,1745729769.9172962,9.238864731742069e-05
3333,1745729782.9079468,0.00037650580634362996
3334,1745729796.8805473,0.0005395422922447324
3335,1745729809.634346,0.00042378882062621415
3336,1745729826.3486245,8.205114136217162e-05
3337,1745729835.6133354,0.00992952473461628
3338,1745729857.8028414,0.006576630752533674
3339,1745729867.5270405,0.0002571291115600616
3340,1745729888.4651086,0.0006156662711873651
3341,1745729897.841819,0.038737766444683075
3342,1745729918.4222033,0.0009436100372113287
3343,1745729928.2630072,0.00034920425969175994
3344,1745729951.3389952,0.00030933271045796573
3345,1745729957.0892375,0.00038495942135341465
3346,1745729968.144128,0.0012258252827450633
3347,1745729986.771411,0.008878601714968681
3348,1745730002.2955716,0.00032283051405102015
3349,1745730015.7873952,0.0009663488017395139
3350,1745730035.3399544,0.001473786192946136
3351,1745730047.7303588,0.000785269308835268
3352,1745730060.5744328,0.00041996853542514145
3353,1745730078.983247,0.00020324406796135008
3354,1745730084.2001238,7.580564124509692e-05
3355,1745730201.9127862,0.00015316317148972303
3356,1745730221.5874593,6.700839003315195e-05
3357,1745730240.4267786,5.7832217862596735e-05
3358,1745730254.4380002,0.007056413684040308
3359,1745730261.7690475,0.00025728991022333503
3360,1745730283.1533656,0.0001570301246829331
3361,1745730304.3993332,0.0002806909033097327
3362,1745730316.1107945,0.001021304284222424
3363,1745730325.4969912,0.001713300822302699
3364,1745730343.84732,0.0032460109796375036
3365,1745730356.4352236,0.00017199011927004904
3366,1745730370.7789571,0.0002902337000705302
3367,1745730386.807448,0.0004164378624409437
3368,1745730404.1338334,9.252668678527698e-05
3369,1745730412.477705,9.107269579544663e-05
3370,1745730431.1392815,0.00019247480668127537
3371,1745730448.3439717,0.0005355143221095204
3372,1745730461.8850622,0.0004631898773368448
3373,1745730477.9461753,0.00030560948653146625
3374,1745730494.2085457,0.0004512775340117514
3375,1745730503.28599,0.023310063406825066
3376,1745730518.5535572,6.767693412257358e-05
3377,1745730537.8242157,0.00029106487636454403
3378,1745730551.6374884,0.0001700955763226375
3379,1745730566.8059149,0.0006818642723374069
3380,1745730584.6229558,0.0018707886338233948
3381,1745730599.921989,0.00045652163680642843
3382,1745730615.7000177,9.977198351407424e-05
3383,1745730627.0677655,0.0004702662117779255
3384,1745730642.430079,0.00010167447908315808
3385,1745730654.4936297,0.0001758934959070757
3386,1745730672.3589084,0.00036415219074115157
3387,1745730688.0532043,0.00028409561491571367
3388,1745730701.031606,0.0002434832858853042
3389,1745730715.5115182,0.00019335652177687734
3390,1745730731.1662145,0.00028844166081398726
3391,1745730745.5746171,0.00026641087606549263
3392,1745730760.970749,0.0003102325717918575
3393,1745730780.7080412,0.0030011418275535107
3394,1745730793.2035174,0.0015222971560433507
3395,1745730807.836753,0.0005240762257017195
3396,1745730825.4176538,0.0001916722976602614
3397,1745730833.6344023,0.0004573894548229873
3398,1745730854.7564507,0.0007353797554969788
3399,1745730879.5389957,0.0007220123079605401
3400,1745730893.930486,0.0003265028935857117
3401,1745730904.6992476,0.00010151683090953156
3402,1745730922.7704256,1.7978225514525548e-05
3403,1745730935.6609027,0.0003825268941000104
3404,1745730947.0189097,0.00016574586334172636
3405,1745730960.0707924,5.2118743042228743e-05
3406,1745730978.980521,0.00013558055798057467
3407,1745730990.7214904,0.004924878478050232
3408,1745731000.9180942,9.3088012363296e-05
3409,1745731014.6529088,0.0001907776459120214
3410,1745731029.4012923,0.0039491355419158936
3411,1745731044.0404015,2.2357678972184658e-05
3412,1745731054.9040964,0.0002852398611139506
3413,1745731077.0189312,0.00018731129239313304
3414,1745731088.972644,0.0012766839936375618
3415,1745731111.3064516,0.000305286783259362
3416,1745731122.0868988,5.0847374950535595e-05
3417,1745731140.6310828,0.00016924207739066333
3418,1745731155.1325755,0.00022136011102702469
3419,1745731165.6579046,0.00016750443319324404
3420,1745731185.0646381,0.0005783124943263829
3421,1745731192.395864,4.04642014473211e-05
3422,1745731214.6272464,0.00019855306891258806
3423,1745731229.8939037,0.0049993363209068775
3424,1745731248.8745031,0.00014479483070317656
3425,1745731255.6824944,0.00025270783226005733
3426,1745731273.1715982,0.00047902174992486835
3427,1745731297.3553793,4.806112701771781e-05
3428,1745731307.3198469,0.00037964401417411864
3429,1745731325.2010376,0.00010267909237882122
3430,1745731335.8949535,0.015675827860832214
3431,1745731347.2810667,0.00015497233835048974
3432,1745731362.3414445,0.00011297650780761614
3433,1745731378.211825,0.00014813248708378524
3434,1745731394.1740766,0.0005916246445849538
3435,1745731410.3431175,0.00022642797557637095
3436,1745731426.2725885,0.00018666188407223672
3437,1745731443.5309849,8.519689436070621e-05
3438,1745731457.5213208,0.0002734294394031167
3439,1745731472.9466097,0.0002751954598352313
3440,1745731476.8701508,7.864211511332542e-06
3441,1745731601.9974725,0.00011486389848869294
3442,1745731612.8263257,0.00024125381605699658
3443,1745731626.475508,0.00022547211847268045
3444,1745731641.0869772,0.00020835810573771596
3445,1745731664.048022,0.00013868292444385588
3446,1745731672.966451,0.0001255859824595973
3447,1745731687.8888507,9.28864028537646e-05
3448,1745731705.2166374,0.00017838094208855182
3449,1745731720.774734,6.038362334948033e-05
3450,1745731734.1090894,9.412619692739099e-05
3451,1745731749.5385783,0.00021281068620737642
3452,1745731768.4953766,0.00010442701750434935
3453,1745731777.7404017,9.147869423031807e-05
3454,1745731796.8108242,8.719141624169424e-05
3455,1745731807.364596,0.00016454936121590436
3456,1745731824.5708864,7.806927169440314e-05
3457,1745731841.5921845,3.299752279417589e-05
3458,1745731853.460913,0.00017577188555151224
3459,1745731871.502272,5.1820465159835294e-05
3460,1745731891.2531505,0.00010215210932074115
3461,1745731903.4184082,0.0001358353765681386
3462,1745731919.4745197,6.390120688593015e-05
3463,1745731935.100804,5.092308492748998e-05
3464,1745731947.6638396,0.00010979754733853042
3465,1745731960.6625454,9.38585217227228e-05
3466,1745731976.975914,8.35897953948006e-05
3467,1745731993.4137821,8.584708120906726e-05
3468,1745732011.8287294,6.113378185546026e-05
3469,1745732019.6252878,7.514323806390166e-05
3470,1745732041.3741076,0.0001032775326166302
3471,1745732054.3932743,0.00018635389278642833
3472,1745732066.4729989,0.0032717494759708643
3473,1745732084.2020373,2.8931064662174322e-05
3474,1745732104.5369525,0.005952555686235428
3475,1745732121.1556976,0.00018068529607262462
3476,1745732130.112166,0.00025788319180719554
3477,1745732148.4884665,0.0003244401596020907
3478,1745732171.7022805,0.0006765127764083445
3479,1745732182.9272778,0.00023706104548182338
3480,1745732206.087896,0.0013693684013560414
3481,1745732223.5440955,0.00022084932425059378
3482,1745732239.8654864,0.0008993081282824278
3483,1745732260.7691643,0.00030322340899147093
3484,1745732278.6979585,0.00013587961439043283
3485,1745732289.6793761,6.170386041048914e-05
3486,1745732302.7727258,0.00011778836051234975
3487,1745732317.3123155,0.0005868320004083216
3488,1745732332.2694774,8.901670662453398e-05
3489,1745732343.4486527,3.3694508601911366e-05
3490,1745732364.649876,5.917851012782194e-05
3491,1745732376.3223624,4.0369104681303725e-05
3492,1745732390.4130642,4.0722585254115984e-05
3493,1745732404.590774,4.43829303549137e-05
3494,1745732421.9005337,7.983591058291495e-05
3495,1745732440.476399,0.00012410910858307034
3496,1745732450.380119,1.4552880202245433e-05
3497,1745732466.5972755,0.00010650249168975279
3498,1745732479.952821,0.00010433879651827738
3499,1745732494.9306667,0.00017960730474442244
3500,1745732504.112702,0.00013343992759473622
3501,1745732518.2131433,3.768418537219986e-05
3502,1745732533.521357,0.0005378270288929343
3503,1745732551.2115872,0.00027112962561659515
3504,1745732563.3058393,9.356151713291183e-05
3505,1745732578.6996548,6.693338946206495e-05
3506,1745732599.2035596,0.0001621121627977118
3507,1745732608.183294,0.00010047446994576603
3508,1745732628.8839724,4.9625046813162044e-05
3509,1745732637.4369967,7.974616892170161e-05
3510,1745732655.3745806,7.422279304591939e-05
3511,1745732667.4720662,0.00024248409317806363
3512,1745732678.3553238,0.018559254705905914
3513,1745732697.1818848,5.8073881518794224e-05
3514,1745732714.021885,6.601017230423167e-05
3515,1745732723.1499052,9.61824698606506e-05
3516,1745732739.5121193,6.489310908364132e-05
3517,1745732757.7563436,0.0014954566722735763
3518,1745732771.7478209,0.0009265915723517537
3519,1745732785.714433,0.01837592013180256
3520,1745732798.8262382,3.6316072510089725e-05
3521,1745732814.443753,7.34417699277401e-05
3522,1745732827.4916432,6.316143844742328e-05
3523,1745732841.839587,5.9045993111794814e-05
3524,1745732855.628947,0.0005511261406354606
3525,1745732873.4373186,0.000209960708161816
3526,1745732878.1660774,7.622708380949916e-06
3527,1745733019.2924736,0.000285846326733008
3528,1745733033.8604124,0.00018697134510148317
3529,1745733046.7000332,0.00018222823564428836
3530,1745733061.9578657,0.00016296669491566718
3531,1745733079.7518866,0.006517956964671612
3532,1745733087.992315,3.277109863120131e-05
3533,1745733110.4590292,3.57413555320818e-05
3534,1745733119.49261,2.114911148964893e-05
3535,1745733135.0813036,4.5075266825733706e-05
3536,1745733147.6130197,8.377131598535925e-05
3537,1745733158.2873871,7.802581967553124e-05
3538,1745733179.8325248,4.224592703394592e-05
3539,1745733188.5460865,0.0001332468818873167
3540,1745733203.7405624,0.00018442787404637784
3541,1745733221.1996107,0.007779922802001238
3542,1745733232.399499,9.530337410978973e-05
3543,1745733252.4059887,0.001120569184422493
3544,1745733263.995993,6.092780677136034e-05
3545,1745733281.550976,3.735815334948711e-05
3546,1745733292.21555,0.000450230116257444
3547,1745733312.1167772,0.00014613568782806396
3548,1745733319.4644742,7.080753130139783e-05
3549,1745733337.0599122,4.070555223734118e-05
3550,1745733353.8570125,0.00010577598004601896
3551,1745733370.4952192,0.00013502211368177086
3552,1745733387.6722956,0.00011606024054344743
3553,1745733395.5851257,0.00011460551468189806
3554,1745733408.4733386,0.007884190417826176
3555,1745733423.9445906,0.00045905556180514395
3556,1745733442.738448,0.00022128858836367726
3557,1745733455.5806026,9.265120752388611e-05
3558,1745733471.7731724,4.5879998651798815e-05
3559,1745733482.466735,6.870578363304958e-05
3560,1745733496.9992306,7.925558747956529e-05
3561,1745733511.9282188,5.109061748953536e-05
3562,1745733528.5176468,0.00016551071894355118
3563,1745733544.5887985,7.111709419405088e-05
3564,1745733560.4269137,5.610045627690852e-05
3565,1745733575.7117221,6.481008313130587e-05
3566,1745733592.5545237,0.00017846455739345402
3567,1745733608.9079711,0.0001277041737921536
3568,1745733626.484994,0.00018868430925067514
3569,1745733639.3664818,0.0032950998283922672
3570,1745733661.0614984,7.98091059550643e-05
3571,1745733668.2299826,7.657016976736486e-05
3572,1745733683.8267791,4.456696842680685e-05
3573,1745733695.5199065,3.316803486086428e-05
3574,1745733710.732779,3.881256270688027e-05
3575,1745733734.162268,3.219189238734543e-05
3576,1745733745.058728,7.518721395172179e-05
3577,1745733754.9090517,5.5279291700571775e-05
3578,1745733773.0202224,6.966086948523298e-05
3579,1745733783.803614,0.00011355851165717468
3580,1745733801.4950788,0.0006421121652238071
3581,1745733815.295996,0.00014741791528649628
3582,1745733828.2940927,4.931630246574059e-05
3583,1745733844.7355695,5.820133810630068e-05
3584,1745733860.3276656,3.305801146780141e-05
3585,1745733873.684895,3.7712004996137694e-05
3586,1745733889.425517,4.7787911171326414e-05
3587,1745733910.7364912,2.1696434487239458e-05
3588,1745733919.5882466,4.3866421037819237e-05
3589,1745733931.5619574,2.5727878892212175e-05
3590,1745733953.9626298,7.570473098894581e-05
3591,1745733962.9658656,2.7845502700074576e-05
3592,1745733980.9469664,4.691637877840549e-05
3593,1745733994.3291814,7.46272926335223e-05
3594,1745734009.7192264,0.0004960643709637225
3595,1745734026.8021963,3.432524317759089e-05
3596,1745734037.901273,6.786585436202586e-05
3597,1745734056.311546,0.005755878984928131
3598,1745734064.018507,5.13978156959638e-05
3599,1745734089.60946,6.899146683281288e-05
3600,1745734101.2113488,8.65580586832948e-05
3601,1745734109.319792,5.6410593970213085e-05
3602,1745734128.804841,6.670411676168442e-05
3603,1745734136.543354,0.00010098577331518754
3604,1745734149.7948852,3.775913501158357e-05
3605,1745734168.7393003,0.00021433575602713972
3606,1745734190.4884017,0.0009382921271026134
3607,1745734198.9766998,9.686498378869146e-05
3608,1745734218.6898305,2.8704698706860654e-05
3609,1745734236.848893,6.644226232310757e-05
3610,1745734249.664678,0.00010361527529312298
3611,1745734267.719284,8.674887794768438e-05
3612,1745734270.9894993,4.175139110884629e-05
3613,1745734378.588342,7.838157034711912e-05
3614,1745734397.035303,5.159959619049914e-05
3615,1745734406.6304352,0.0001207256136694923
3616,1745734419.7012632,0.0014105925802141428
3617,1745734432.0855505,6.877805572003126e-05
3618,1745734454.167933,5.661686373059638e-05
3619,1745734468.6116586,5.511958079296164e-05
3620,1745734475.87391,0.007152603007853031
3621,1745734488.0251265,4.275376704754308e-05
3622,1745734504.4495316,2.8152931918157265e-05
3623,1745734511.8966022,7.955385081004351e-05
3624,1745734530.565012,2.4720549845369533e-05
3625,1745734543.2692044,2.2812675524619408e-05
3626,1745734559.6626103,0.00010441491031087935
3627,1745734575.402121,0.0003147173556499183
3628,1745734594.7818694,0.00017518155800644308
3629,1745734605.471532,0.00012389919720590115
3630,1745734622.7860856,0.00020806421525776386
3631,1745734635.26137,0.00032509115408174694
3632,1745734654.6501338,0.00017490908794570714
3633,1745734666.5061095,9.14071497390978e-05
3634,1745734675.6378632,9.358960232930258e-05
3635,1745734694.064006,0.00016492779832333326
3636,1745734705.9167426,1.977553984033875e-05
3637,1745734722.50428,9.396350651513785e-05
3638,1745734739.8923328,0.00024383851268794388
3639,1745734748.6857452,0.00011553870717762038
3640,1745734765.7257264,2.08853161893785e-05
3641,1745734778.685181,8.140113641275093e-05
3642,1745734794.5307503,1.77012898348039e-05
3643,1745734809.4086492,3.659610956674442e-05
3644,1745734826.5719357,5.07529366586823e-05
3645,1745734841.506461,4.828452074434608e-05
3646,1745734852.4497356,0.00011598374112509191
3647,1745734866.4996736,2.8163154638605192e-05
3648,1745734885.0658998,3.598866533138789e-05
3649,1745734900.8583472,6.39118006802164e-05
3650,1745734920.833239,1.7708900486468337e-05
3651,1745734940.3229306,3.585556260077283e-05
3652,1745734957.6551485,1.638255525904242e-05
3653,1745734972.195199,0.00031310381018556654
3654,1745734987.8534565,1.8109969460056163e-05
3655,1745735010.9190636,3.615792593336664e-05
3656,1745735021.7696776,7.745131006231532e-05
3657,1745735033.1245503,2.6538864403846674e-05
3658,1745735047.0848422,0.003721436485648155
3659,1745735059.7388413,1.807655644370243e-05
3660,1745735084.7732148,3.500424645608291e-05
3661,1745735090.6875217,0.00010957772610709071
3662,1745735105.3243287,0.00010159008525079116
3663,1745735115.1348848,4.538053326541558e-05
3664,1745735135.348086,3.6518955312203616e-05
3665,1745735145.7911315,0.00021816256048623472
3666,1745735160.2483575,0.0004911627038381994
3667,1745735174.9345405,0.00014088898024056107
3668,1745735191.9934702,0.008973219431936741
3669,1745735209.1188757,0.0001770893286447972
3670,1745735218.8006423,0.00021317858772818
3671,1745735240.3614814,0.008571390062570572
3672,1745735246.79628,0.00015390667249448597
3673,1745735270.8933496,0.00013745699834544212
3674,1745735281.6111567,5.5802956921979785e-05
3675,1745735291.8077526,6.342634878819808e-05
3676,1745735308.433867,3.7581157812383026e-05
3677,1745735322.19263,1.7880041923490353e-05
3678,1745735336.7282786,6.0758964536944404e-05
3679,1745735350.1354542,7.512803858844563e-05
3680,1745735365.1957014,2.1493580788956024e-05
3681,1745735383.5775063,4.411030749906786e-05
3682,1745735393.9326632,0.00010122149978997186
3683,1745735411.7191255,3.962137270718813e-05
3684,1745735424.7165344,6.627448601648211e-05
3685,1745735440.0605922,6.719333032378927e-05
3686,1745735455.6419806,0.0004739072755910456
3687,1745735468.7719755,7.067903061397374e-05
3688,1745735484.4044552,6.031548764440231e-05
3689,1745735499.798753,0.000247578980633989
3690,1745735507.8849752,0.00013007147936150432
3691,1745735525.0285711,5.2730130846612155e-05
3692,1745735539.636645,8.202123717637733e-05
3693,1745735561.9118335,0.00020435042097233236
3694,1745735583.219862,2.0521547412499785e-05
3695,1745735590.2099907,3.3503270969958976e-05
3696,1745735605.6830466,3.848441338050179e-05
3697,1745735621.801707,7.540574733866379e-05
3698,1745735626.0927615,4.718298077932559e-05
3699,1745735759.6254773,9.919957847159822e-06
3700,1745735775.726717,1.355742642772384e-05
3701,1745735792.9050117,2.4162221961887553e-05
3702,1745735804.4881778,1.8652448488865048e-05
3703,1745735823.7866507,3.614982415456325e-05
3704,1745735833.3359535,0.0033561307936906815
3705,1745735854.109172,4.929722854285501e-05
3706,1745735862.1325097,2.7505733669386245e-05
3707,1745735884.7495651,0.00012252976011950523
3708,1745735898.267213,4.475105015444569e-05
3709,1745735911.094596,3.479816223261878e-05
3710,1745735921.7228322,0.00013188975572120398
3711,1745735942.6299343,3.6504596209852025e-05
3712,1745735950.8569458,4.46631784143392e-05
3713,1745735967.854175,6.819523696321994e-05
3714,1745735978.5513237,7.942619959067088e-06
3715,1745735999.7190201,0.00010771073721116409
3716,1745736011.376426,2.5629460651543923e-05
3717,1745736033.9143631,1.3484475857694633e-05
3718,1745736042.1240127,1.2950760719832033e-05
3719,1745736062.804457,6.046275302651338e-05
3720,1745736071.7984843,4.994683695258573e-05
3721,1745736089.4040177,2.74572321359301e-05
3722,1745736105.0564177,0.027944128960371017
3723,1745736118.084653,0.00013953006418887526
3724,1745736129.1436594,2.2680036636302248e-05
3725,1745736148.0684361,3.3021900890162215e-05
3726,1745736165.9048727,6.185172969708219e-05
3727,1745736180.2912583,4.444560909178108e-05
3728,1745736193.83767,1.0631850273057353e-05
3729,1745736208.5991135,2.916233461291995e-05
3730,1745736224.0470495,5.478787352330983e-05
3731,1745736235.1507318,6.90602173563093e-05
3732,1745736252.1450346,3.328017191961408e-05
3733,1745736273.8312802,1.3475905689119827e-05
3734,1745736291.9304545,4.395172436488792e-05
3735,1745736314.1506002,4.6985856897663325e-05
3736,1745736333.7659671,3.201728031854145e-05
3737,1745736341.6030548,7.524634565925226e-05
3738,1745736360.8500116,4.2041458073072135e-05
3739,1745736379.0806878,5.027003135182895e-05
3740,1745736388.2260816,0.00014910691243130714
3741,1745736410.3929,0.00017633524839766324
3742,1745736420.766482,5.252796836430207e-05
3743,1745736435.678054,9.778614185051993e-05
3744,1745736450.2001295,5.9399073506938294e-05
3745,1745736466.8176484,1.5153848835325334e-05
3746,1745736487.8084738,7.62821946409531e-05
3747,1745736497.8163543,5.036653601564467e-05
3748,1745736509.944614,3.792940697167069e-05
3749,1745736530.808926,3.63857761840336e-05
3750,1745736538.521473,5.039153984398581e-05
3751,1745736555.082018,5.1792092563118786e-05
3752,1745736565.1517935,1.5819285181351006e-05
3753,1745736587.4355488,7.649619510630146e-05
3754,1745736601.844067,0.007137039676308632
3755,1745736616.3543842,6.022716115694493e-05
3756,1745736628.3283205,2.7747244530473836e-05
3757,1745736650.4037592,4.433756475918926e-05
3758,1745736657.6174014,9.162407513940707e-05
3759,1745736677.1934226,1.464598608436063e-05
3760,1745736685.814937,4.417133823153563e-05
3761,1745736706.801236,8.618710853625089e-05
3762,1745736717.937415,0.00016179904923774302
3763,1745736733.0016804,4.6282439143396914e-05
3764,1745736749.488149,0.004263905342668295
3765,1745736768.5829005,0.0001238967088283971
3766,1745736775.4733107,4.5038679672870785e-05
3767,1745736796.5376937,1.82753246917855e-05
3768,1745736810.1013653,3.784474029089324e-05
3769,1745736819.0680902,3.382363502169028e-05
3770,1745736832.5274482,4.842553607886657e-05
3771,1745736847.903165,3.154481601086445e-05
3772,1745736858.4956236,4.2329542338848114e-05
3773,1745736882.1550732,5.6221495469799265e-05
3774,1745736900.252821,6.906787166371942e-05
3775,1745736908.8508172,3.7740610423497856e-05
3776,1745736924.459803,0.0009607041720300913
3777,1745736934.8673596,6.194872548803687e-05
3778,1745736954.006237,4.433622598298825e-05
3779,1745736974.1671462,2.336244870093651e-05
3780,1745736990.005877,5.91796706430614e-05
3781,1745737004.5509953,6.799596303608268e-05
3782,1745737015.5345962,4.956890916218981e-05
3783,1745737032.4281313,5.274625800666399e-05
3784,1745737037.7270324,3.4190554288215935e-05
3785,1745737167.9440527,4.032692959299311e-05
3786,1745737187.6710918,7.185646245488897e-05
3787,1745737194.3836894,3.748679591808468e-05
3788,1745737213.0955632,0.002230652840808034
3789,1745737222.3234,3.4687476727413014e-05
3790,1745737241.2091613,1.3553519238485023e-05
3791,1745737253.3595119,3.161370477755554e-05
3792,1745737262.0255816,5.904903446207754e-05
3793,1745737279.732124,5.3911146096652374e-05
3794,1745737289.4577742,0.00015179994807112962
3795,1745737307.0297525,2.4662507712491788e-05
3796,1745737320.5547035,2.3287040676223114e-05
3797,1745737334.3258755,5.664068885380402e-05
3798,1745737349.2708035,4.886710667051375e-05
3799,1745737374.2582567,0.00122586649376899
3800,1745737386.7711852,2.1567529984167777e-05
3801,1745737396.5996082,3.081513932556845e-05
3802,1745737409.8471742,1.907693877001293e-05
3803,1745737425.6209748,1.2043727110722102e-05
3804,1745737433.9721014,2.3595295715495013e-05
3805,1745737452.6796844,2.938403486041352e-05
3806,1745737464.7943265,1.0179466698900796e-05
3807,1745737481.0057702,4.866623203270137e-05
3808,1745737493.3041294,4.2304171074647456e-05
3809,1745737507.4674854,1.2440063073881902e-05
3810,1745737516.1957812,2.0815141397179104e-05
3811,1745737531.1445265,2.7570609745453112e-05
3812,1745737550.4250112,3.085639400524087e-05
3813,1745737568.7073476,4.1574548959033564e-05
3814,1745737584.1257339,2.5232069674530067e-05
3815,1745737598.6757984,3.387393007869832e-05
3816,1745737614.854703,3.114965875283815e-05
3817,1745737629.928792,3.406979521969333e-05
3818,1745737645.8007216,1.50181967910612e-05
3819,1745737660.675191,1.9840743334498256e-05
3820,1745737677.3791618,5.057449379819445e-05
3821,1745737687.670172,4.968003850081004e-05
3822,1745737707.8896604,0.004939891863614321
3823,1745737722.3160424,8.55360776768066e-05
3824,1745737741.2848902,2.3900198357296176e-05
3825,1745737757.3998833,2.3959884856594726e-05
3826,1745737773.9502099,3.9625443605473265e-05
3827,1745737790.0984988,4.407065353007056e-05
3828,1745737801.2984185,4.404635546961799e-05
3829,1745737817.3843086,0.00010127216228283942
3830,1745737830.7598617,5.2544186473824084e-05
3831,1745737844.1449,6.714013579767197e-05
3832,1745737862.2257557,9.450622019357979e-05
3833,1745737881.65104,0.00023672993120271713
3834,1745737890.5843546,4.7094996261876076e-05
3835,1745737902.996288,0.00011063982674386352
3836,1745737918.9010088,0.00010725852189352736
3837,1745737926.997855,0.0003800812701229006
3838,1745737948.2360082,9.275488264393061e-05
3839,1745737961.520943,0.009132620878517628
3840,1745737972.886172,5.511865674634464e-05
3841,1745737986.8701813,1.2062175301252864e-05
3842,1745737998.6618376,7.362382166320458e-05
3843,1745738012.9552968,4.7193156206049025e-05
3844,1745738030.452972,2.095403579005506e-05
3845,1745738035.9626033,1.0390058378106914e-05
3846,1745738058.8274963,4.298006388125941e-05
3847,1745738071.9774716,7.67223973525688e-05
3848,1745738090.6539383,2.927826608356554e-05
3849,1745738103.4624403,4.6759956603636965e-05
3850,1745738119.0569289,2.3969056201167405e-05
3851,1745738132.5211968,3.12494594254531e-05
3852,1745738150.1398504,5.3491243306780234e-05
3853,1745738164.7803144,4.205009827273898e-05
3854,1745738177.906105,3.7496371078304946e-05
3855,1745738194.442842,8.302615606226027e-05
3856,1745738209.2246687,6.964760541450232e-05
3857,1745738226.2173898,0.00011778358020819724
3858,1745738238.4646275,0.00033773918403312564
3859,1745738252.9668348,2.4551232854719274e-05
3860,1745738268.2719736,4.569883822114207e-05
3861,1745738281.342408,3.58617035089992e-05
3862,1745738298.4214735,4.7579520469298586e-05
3863,1745738316.049593,5.5859298299765214e-05
3864,1745738334.4195666,4.6648237912449986e-05
3865,1745738346.2491999,5.588873318629339e-05
3866,1745738362.0001473,4.0219860238721594e-05
3867,1745738379.307959,0.00010780071170302108
3868,1745738403.2509642,3.50678019458428e-05
3869,1745738415.6034915,6.053198831068585e-06
3870,1745738419.6773257,7.059193740133196e-05
3871,1745738538.7822974,2.4191374905058183e-05
3872,1745738559.0285196,5.6778761063469574e-05
3873,1745738569.6859899,3.518911762512289e-05
3874,1745738584.9428813,3.6109173379372805e-05
3875,1745738609.5578468,2.3535953005193733e-05
3876,1745738613.6624901,1.157982387667289e-05
3877,1745738629.9374733,1.8591550542623736e-05
3878,1745738646.65627,2.0863300960627384e-05
3879,1745738654.4138665,0.0001616986410226673
3880,1745738667.90624,2.09334866667632e-05
3881,1745738688.0117812,2.7505719117471017e-05
3882,1745738701.1386428,6.179430783959106e-05
3883,1745738708.4177177,2.250398392789066e-05
3884,1745738728.698851,7.686339813517407e-05
3885,1745738739.8005784,2.4003355065360665e-05
3886,1745738750.3335726,2.309812953171786e-05
3887,1745738767.4202123,1.2304936717555393e-05
3888,1745738786.9784958,1.1586464097490534e-05
3889,1745738800.0062382,1.5394714864669368e-05
3890,1745738823.4899697,2.140726246580016e-05
3891,1745738831.0965862,6.441451841965318e-05
3892,1745738851.122067,1.4213579561328515e-05
3893,1745738864.426451,3.0359298762050457e-05
3894,1745738878.459936,1.5559029634459876e-05
3895,1745738890.2081246,3.694097904372029e-05
3896,1745738897.7514925,6.713346010656096e-06
3897,1745738916.0020452,3.9916139940032735e-05
3898,1745738932.3004622,1.621129376871977e-05
3899,1745738942.418934,3.070511593250558e-05
3900,1745738957.9357421,2.2391473976313137e-05
3901,1745738974.3243318,2.6168649128521793e-05
3902,1745738989.5924075,9.655381290940568e-06
3903,1745739007.9837506,2.655120988492854e-05
3904,1745739023.6826258,3.2980195101117715e-05
3905,1745739040.1055121,2.688205859158188e-05
3906,1745739057.2338874,2.880674037442077e-05
3907,1745739072.6230712,0.0006965571083128452
3908,1745739090.0523305,4.805047137779184e-05
3909,1745739102.5898952,1.1384561730665155e-05
3910,1745739119.7624373,1.9454040739219636e-05
3911,1745739141.133109,4.028128387290053e-05
3912,1745739157.136647,1.4679486412205733e-05
3913,1745739169.468115,9.73854821495479e-06
3914,1745739186.7727613,4.676912067225203e-05
3915,1745739199.237351,1.0740722245827783e-05
3916,1745739213.6216068,5.831316684634658e-06
3917,1745739227.8374937,3.8291109376586974e-05
3918,1745739241.639431,4.374167474452406e-05
3919,1745739256.6836324,0.008934641256928444
3920,1745739271.9890118,3.7421930755954236e-05
3921,1745739285.9221342,1.671383870416321e-05
3922,1745739299.9489465,2.8564869353431277e-05
3923,1745739316.9883292,2.0011808373965323e-05
3924,1745739332.2061834,6.265677802730352e-05
3925,1745739352.1434011,2.0253817638149485e-05
3926,1745739361.883134,3.926594217773527e-05
3927,1745739383.3809226,0.00097200385062024
3928,1745739393.6567726,7.651852502021939e-05
3929,1745739411.337991,6.274605402722955e-05
3930,1745739423.5151513,0.0020837862975895405
3931,1745739437.820831,0.00017249002121388912
3932,1745739454.8195958,0.00010786159691633657
3933,1745739465.4966156,1.4033749721420463e-05
3934,1745739484.9000804,8.368027192773297e-05
3935,1745739493.551557,4.625520159606822e-05
3936,1745739511.2053537,3.409361306694336e-05
3937,1745739523.7191734,0.00012668043200392276
3938,1745739539.4766438,7.069986895658076e-05
3939,1745739550.4438255,0.001099750050343573
3940,1745739567.0352445,5.0531496526673436e-05
3941,1745739591.5294344,4.2978295823559165e-05
3942,1745739601.7503252,4.31932057836093e-05
3943,1745739622.7737424,2.8159729481558315e-05
3944,1745739639.4332516,2.3210188373923302e-05
3945,1745739650.2552013,2.815057450789027e-05
3946,1745739663.1062768,2.5498849936411716e-05
3947,1745739681.9192405,2.046134068223182e-05
3948,1745739698.8530233,2.243370545329526e-05
3949,1745739713.3644583,2.3648108253837563e-05
3950,1745739728.2682798,7.464233931386843e-05
3951,1745739744.3365407,1.7353349903714843e-05
3952,1745739758.3214188,0.003015304682776332
3953,1745739771.6079214,1.7668839063844644e-05
3954,1745739787.5191772,3.0428356694756076e-05
3955,1745739804.1752696,5.4932290368014947e-05
3956,1745739806.3247857,2.5211760657839477e-05
3957,1745739929.4700565,2.2676566004520282e-05
3958,1745739952.1701128,0.019711459055542946
3959,1745739957.6668448,2.1921974621363916e-05
3960,1745739975.0028212,3.986403680755757e-05
3961,1745739983.1644497,3.833698792732321e-05
3962,1745739997.7056272,4.101076046936214e-05
3963,1745740016.6582139,4.630160401575267e-05
3964,1745740024.686698,4.573450132738799e-05
3965,1745740035.4285078,0.00010218218812951818
3966,1745740055.8855107,3.064224438276142e-05
3967,1745740074.8654573,7.072024891385809e-05
3968,1745740084.0334198,8.359949424630031e-05
3969,1745740100.904715,3.765724250115454e-05
3970,1745740119.7311435,1.768100992194377e-05
3971,1745740128.2138097,4.63449650851544e-05
3972,1745740140.295762,2.7200976546737365e-05
3973,1745740157.0417192,0.009260699152946472
3974,1745740172.4988015,3.2324962376151234e-05
3975,1745740188.288909,3.674901381600648e-05
3976,1745740201.8063624,8.277722372440621e-05
3977,1745740211.5965066,2.465871330059599e-05
3978,1745740230.2643332,8.217534195864573e-05
3979,1745740243.854809,0.00019163238175678998
3980,1745740256.514859,0.00032452665618620813
3981,1745740274.4310513,6.49549110676162e-05
3982,1745740293.9608984,0.00011013486073352396
3983,1745740309.7369375,0.0006914769764989614
3984,1745740324.4740362,0.00014086008013691753
3985,1745740337.7836895,7.788370567141101e-05
3986,1745740350.1331854,0.00013068570115137845
3987,1745740370.1113026,8.727476233616471e-05
3988,1745740386.692586,8.48992494866252e-05
3989,1745740398.897386,2.8777343686670065e-05
3990,1745740417.861931,2.2603413526667282e-05
3991,1745740433.7516353,3.260714584030211e-05
3992,1745740449.0159764,3.585061494959518e-05
3993,1745740464.9697697,5.124588278704323e-05
3994,1745740484.9423366,3.0806917493464425e-05
3995,1745740505.611684,1.4954133803257719e-05
3996,1745740520.2319007,0.006942407228052616
3997,1745740534.0066073,3.328672028146684e-05
3998,1745740547.9834769,1.835880357248243e-05
3999,1745740568.8210433,0.0032961340621113777
4000,1745740578.3924172,7.230506889754906e-05
4001,1745740594.7756398,3.162127177347429e-05
4002,1745740607.558828,0.00028829002985730767
4003,1745740619.371992,4.327858187025413e-05
4004,1745740639.1742096,5.8479523431742564e-05
4005,1745740652.4842885,3.533723793225363e-05
4006,1745740669.645284,2.4517697966075502e-05
4007,1745740681.6063166,0.000135006892378442
4008,1745740701.8782701,3.821697464445606e-05
4009,1745740718.479402,1.7092141206376255e-05
4010,1745740732.2406309,3.5579869290813804e-05
4011,1745740746.419419,7.959263166412711e-05
4012,1745740758.043381,1.2276292181923054e-05
4013,1745740774.7744825,0.01060924120247364
4014,1745740786.4844549,2.7309033612255007e-05
4015,1745740800.205463,5.516406599781476e-05
4016,1745740818.2380962,0.0001897530019050464
4017,1745740841.5024226,1.821615660446696e-05
4018,1745740849.0595446,0.0004439859767444432
4019,1745740870.7163978,0.00017264805501326919
4020,1745740879.637956,4.9002723244484514e-05
4021,1745740889.848745,4.939646169077605e-05
4022,1745740906.0771544,4.128444197704084e-05
4023,1745740918.7136092,0.00019011108088307083
4024,1745740938.087196,2.120961289620027e-05
4025,1745740945.3693955,1.2297526154725347e-05
4026,1745740968.6367145,0.00019132073794025928
4027,1745740977.7231932,2.795367981889285e-05
4028,1745740991.3302023,4.025476664537564e-05
4029,1745741007.4485974,2.2678459572489373e-05
4030,1745741026.9617944,9.796891390578821e-05
4031,1745741038.6457787,5.249918467598036e-05
4032,1745741054.2940044,1.0509805179026444e-05
4033,1745741071.9336448,2.2870674001751468e-05
4034,1745741085.7207072,0.01920091174542904
4035,1745741099.0904517,9.1801121016033e-05
4036,1745741119.65068,4.13604466302786e-05
4037,1745741137.3759148,2.068110461550532e-06
4038,1745741161.1793158,6.521728209918365e-05
4039,1745741185.4976528,8.96273777470924e-05
4040,1745741196.2149777,4.8518035328015685e-05
4041,1745741207.756764,6.070938252378255e-05
4042,1745741212.0976171,0.00011077333329012617
4043,1745741346.2198083,0.00010278788977302611
4044,1745741367.945672,0.00011039547098334879
4045,1745741386.710126,0.00010225360165350139
4046,1745741399.6248503,0.0001258576667169109
4047,1745741418.936301,0.00011278306192252785
4048,1745741429.8496292,3.730106618604623e-05
4049,1745741448.963813,6.019542706781067e-05
4050,1745741459.4008715,2.0831461370107718e-05
4051,1745741477.0239465,6.291432509897277e-05
4052,1745741493.4345853,5.234793934505433e-05
4053,1745741512.2484329,4.941712541040033e-05
4054,1745741521.8136888,9.09403242985718e-05
4055,1745741534.0455968,3.7085039366502315e-05
4056,1745741553.7326777,8.831151353660971e-05
4057,1745741566.7606094,5.7430366723565385e-05
4058,1745741583.7302296,2.9868451747461222e-05
4059,1745741597.3774998,5.474367935676128e-05
4060,1745741612.883185,2.279243381053675e-05
4061,1745741625.3360686,2.2640107999905013e-05
4062,1745741638.2221124,4.6043329348322004e-05
4063,1745741652.8096218,4.09591339121107e-05
4064,1745741667.9280262,3.896249472745694e-05
4065,1745741685.4934776,6.316608778433874e-05
4066,1745741696.1199212,1.2266441444808152e-05
4067,1745741713.1398478,3.1091021810425445e-05
4068,1745741732.6994553,0.0005107136094011366
4069,1745741756.7431536,2.9740042009507306e-05
4070,1745741772.927875,1.910578430397436e-05
4071,1745741792.3345895,6.41750157228671e-05
4072,1745741804.0174587,2.7261336072115228e-05
4073,1745741817.832327,3.653646126622334e-05
4074,1745741844.4031806,3.498394289636053e-05
4075,1745741848.7020807,2.2865218852530234e-05
4076,1745741861.9550617,4.4256590626901016e-05
4077,1745741880.3209407,9.368840983370319e-05
4078,1745741889.8005998,3.717199797392823e-05
4079,1745741902.9984667,0.0004319858562666923
4080,1745741922.1708102,1.394264108967036e-05
4081,1745741934.615397,9.165880328509957e-06
4082,1745741950.7073812,1.4932764315744862e-05
4083,1745741973.660396,2.729891457420308e-05
4084,1745741990.4869134,3.466938142082654e-05
4085,1745742007.0916505,1.344751308351988e-05
4086,1745742015.882335,0.00010712687799241394
4087,1745742036.5028288,3.459931758698076e-05
4088,1745742046.6026812,1.0356900020269677e-05
4089,1745742059.697528,4.8002963012550026e-05
4090,1745742079.6418693,3.0328419597935863e-05
4091,1745742092.4529052,3.3415835787309334e-05
4092,1745742107.1498404,5.69153853575699e-05
4093,1745742126.5804849,4.037245889776386e-05
4094,1745742136.1322134,4.621603511623107e-05
4095,1745742158.1476161,1.9746645193663426e-05
4096,1745742166.855019,3.346851372043602e-05
4097,1745742184.9570642,7.182894478319213e-05
4098,1745742193.80479,1.8163942513638176e-05
4099,1745742212.7524009,1.9887456801370718e-05
4100,1745742234.0934925,1.5617975805071183e-05
4101,1745742239.4463463,4.656902456190437e-05
4102,1745742251.7662356,1.602010706847068e-05
4103,1745742265.5254037,2.3060900275595486e-05
4104,1745742281.6518488,2.1310468582669273e-05
4105,1745742296.0520658,1.8949844161397777e-05
4106,1745742311.6350546,1.8147275113733485e-05
4107,1745742320.8877783,3.577852112357505e-05
4108,1745742336.0854404,1.433583292964613e-05
4109,1745742347.0651937,2.3452619643649086e-05
4110,1745742365.8472667,5.7469656894681975e-05
4111,1745742377.573752,2.0049319573445246e-05
4112,1745742394.6717052,2.2581269149668515e-05
4113,1745742404.4045887,2.6219298888463527e-05
4114,1745742419.238845,2.9435243050102144e-05
4115,1745742440.7326412,0.01151096262037754
4116,1745742453.8030753,1.194787910208106e-05
4117,1745742469.2021604,0.002718544565141201
4118,1745742485.7299275,8.1156576925423e-05
4119,1745742501.2602124,8.267838893516455e-06
4120,1745742518.4639769,5.111020800541155e-05
4121,1745742529.980153,0.000103055099316407
4122,1745742543.8277996,0.0003839302225969732
4123,1745742559.734043,0.00016341859009116888
4124,1745742577.2917879,0.007272445131093264
4125,1745742584.7751918,0.0009017078555189073
4126,1745742607.2490644,5.2786348533118144e-05
4127,1745742612.124499,2.2594151232624426e-05
4128,1745742616.1820202,1.85833250725409e-05
4129,1745742742.5478125,2.4834049327182584e-05
4130,1745742763.5029602,3.4729768231045455e-05
4131,1745742772.4284456,2.0300172764109448e-05
4132,1745742781.605016,3.503908737911843e-05
4133,1745742800.8549082,1.715821781544946e-05
4134,1745742813.7600002,2.6294139388483018e-05
4135,1745742832.7586093,5.097075700177811e-05
4136,1745742848.0098734,0.00706447334960103
4137,1745742858.6488028,2.168361061194446e-05
4138,1745742876.569657,6.27975823590532e-05
4139,1745742889.0878928,5.0918202759930864e-05
4140,1745742902.6292017,0.00028569833375513554
4141,1745742920.083297,0.00026809220435097814
4142,1745742932.51861,0.00013701814168598503
4143,1745742953.1426084,0.00012770132161676884
4144,1745742975.3198082,0.00031243625562638044
4145,1745742987.7246845,0.000694595801178366
4146,1745742997.0167906,0.00032838332117535174
4147,1745743012.818753,0.009695611894130707
4148,1745743026.6610918,0.013471502810716629
4149,1745743044.8698778,2.4718508939258754e-05
4150,1745743056.5517068,0.0015702922828495502
4151,1745743073.9256432,5.369307837099768e-05
4152,1745743088.1257658,0.00030129554215818644
4153,1745743100.8580556,0.0006852906662970781
4154,1745743122.9475312,0.00028437431319616735
4155,1745743133.163125,0.0008017428917810321
4156,1745743147.7480843,0.0023768164683133364
4157,1745743171.3073423,0.015208978205919266
4158,1745743190.4047337,7.408811507048085e-05
4159,1745743204.5200217,7.812488911440596e-05
4160,1745743229.1703708,8.265642100013793e-05
4161,1745743246.8505163,0.00022312719374895096
4162,1745743270.5673006,7.629010360687971e-05
4163,1745743284.3116949,0.0001379532041028142
4164,1745743296.3613906,0.00027539636357687414
4165,1745743313.1431303,0.0004542594833765179
4166,1745743327.2940862,0.0013331577647477388
4167,1745743345.054666,0.0015431031351909041
4168,1745743355.084908,0.00015387650637421757
4169,1745743369.032356,4.52648637292441e-05
4170,1745743384.922533,0.0001107458010665141
4171,1745743401.1297772,0.00020254658011253923
4172,1745743417.4647875,6.536451110150665e-05
4173,1745743431.4458094,1.5798319509485736e-05
4174,1745743441.4312446,4.92345352540724e-05
4175,1745743459.7474551,0.0003368999750819057
4176,1745743467.4847307,0.00032808826654218137
4177,1745743483.497689,0.0005942501011304557
4178,1745743495.5221004,9.520149615127593e-05
4179,1745743519.7581081,0.00017990889318753034
4180,1745743527.9392982,6.203827069839463e-05
4181,1745743553.162701,0.000349856389220804
4182,1745743564.1336725,0.00025293530779890716
4183,1745743574.3993955,1.8561831893748604e-05
4184,1745743587.753543,3.0191817131708376e-05
4185,1745743609.1236517,1.1910936336789746e-05
4186,1745743615.0728672,5.293676440487616e-05
4187,1745743633.843845,2.1445765014505014e-05
4188,1745743651.2277868,0.0001733539829729125
4189,1745743662.4151213,0.0008096325327642262
4190,1745743681.8345764,4.509984501055442e-05
4191,1745743694.6270418,8.878333756001666e-05
4192,1745743708.8640492,0.00011882688704645261
4193,1745743724.4654305,0.00013570206647273153
4194,1745743738.9791074,5.607631828752346e-05
4195,1745743748.8141842,4.4204778532730415e-05
4196,1745743764.1020741,0.019785938784480095
4197,1745743778.2157483,8.392419840674847e-05
4198,1745743802.180568,0.00011539530532900244
4199,1745743811.3895,7.798099250067025e-05
4200,1745743835.4569128,5.501376654137857e-05
4201,1745743848.6081843,0.0008153672097250819
4202,1745743855.4242616,0.00011095425725216046
4203,1745743871.8331044,3.7057918234495446e-05
4204,1745743882.2664566,0.00010340467997593805
4205,1745743899.425559,0.00014175218529999256
4206,1745743914.6326666,0.00014207122148945928
4207,1745743937.3063416,0.00033170991810038686
4208,1745743952.2343588,4.3703341361833736e-05
4209,1745743963.8639967,0.0007362203323282301
4210,1745743980.124748,7.43954224162735e-05
4211,1745743993.9381359,0.0003020086442120373
4212,1745744012.8288412,0.0001782952604116872
4213,1745744031.09872,0.00016679713735356927
4214,1745744034.0038495,1.3888429748476483e-05
4215,1745744161.928018,0.00042119037243537605
4216,1745744178.298582,7.301232835743576e-05
4217,1745744194.8573418,0.00046021465095691383
4218,1745744211.0775785,4.6584791562054306e-05
4219,1745744225.9247534,3.6349207221064717e-05
4220,1745744247.2011817,7.792963879182935e-05
4221,1745744254.7296543,0.0001271821529371664
4222,1745744269.881682,2.759725430223625e-05
4223,1745744285.1804626,4.869190524914302e-05
4224,1745744300.836169,3.1583200325258076e-05
4225,1745744315.6883268,7.628298044437543e-05
4226,1745744330.557952,5.713175778510049e-05
4227,1745744350.8838437,2.2447164155892096e-05
4228,1745744363.2184143,0.0001893044973257929
4229,1745744375.2378223,6.684585969196633e-05
4230,1745744393.64694,7.239061960717663e-05
4231,1745744406.1622818,0.00021349631424527615
4232,1745744423.3335435,0.009085886180400848
4233,1745744436.0707765,8.404280379181728e-05
4234,1745744454.8799992,0.0003204327367711812
4235,1745744470.3708286,3.682076567201875e-05
4236,1745744481.3082452,3.585600643418729e-05
4237,1745744501.4879289,4.5949349441798404e-05
4238,1745744520.0886006,0.00010367388313170522
4239,1745744535.7241306,7.873716822359711e-05
4240,1745744552.372236,4.099425132153556e-05
4241,1745744565.863626,0.00023351605341304094
4242,1745744579.9336598,6.725423008901998e-05
4243,1745744594.0364192,2.3153834263212048e-05
4244,1745744608.2027626,0.00022655536304228008
4245,1745744622.6105406,0.0006236537010408938
4246,1745744637.820409,0.00019177564536221325
4247,1745744652.2963483,8.12235739431344e-05
4248,1745744667.8193243,0.0012532538967207074
4249,1745744680.5933282,6.6155944296042435e-06
4250,1745744700.0010269,4.192597771179862e-05
4251,1745744717.8497317,5.573599992203526e-05
4252,1745744731.6963139,3.743783599929884e-05
4253,1745744745.863905,3.0006807719473727e-05
4254,1745744762.4102786,0.00015556978178210557
4255,1745744770.9339297,0.015402625314891338
4256,1745744786.4614367,0.0002029479801421985
4257,1745744800.327685,0.0001357720175292343
4258,1745744807.041138,3.7799291021656245e-05
4259,1745744821.8468685,3.566232044249773e-05
4260,1745744829.1853933,4.833576167584397e-05
4261,1745744844.4791317,6.063689579605125e-05
4262,1745744855.3032982,0.00011349871783750132
4263,1745744866.5906801,0.00015898705169092864
4264,1745744876.739784,4.813578925677575e-05
4265,1745744894.9598856,0.0002467060403432697
4266,1745744902.5889397,7.49014361645095e-05
4267,1745744914.4878466,4.956224438501522e-05
4268,1745744929.037805,0.0003081659378949553
4269,1745744940.084559,0.00014855134941171855
4270,1745744952.0581696,0.00015332881594076753
4271,1745744964.8772905,7.777292921673506e-05
4272,1745744981.5594277,5.618396608042531e-05
4273,1745744990.1655316,5.310185224516317e-05
4274,1745744996.8869755,3.2653158996254206e-05
4275,1745745009.6050854,9.688110731076449e-05
4276,1745745020.9379861,1.5511699530179612e-05
4277,1745745032.6430697,3.0168363082339056e-05
4278,1745745048.456528,0.0001974795595742762
4279,1745745059.2640238,4.2643543565645814e-05
4280,1745745071.5646427,0.00011506284499773756
4281,1745745085.1365123,1.718703242659103e-05
4282,1745745093.8486993,6.992086855461821e-05
4283,1745745110.84641,4.8670459364075214e-05
4284,1745745118.7155893,6.549345471285051e-06
4285,1745745131.0655117,2.6216239348286763e-05
4286,1745745141.6809096,0.00015243564848788083
4287,1745745155.3928585,6.0418729844968766e-05
4288,1745745162.1627145,3.761054904316552e-05
4289,1745745176.8959868,3.2386480597779155e-05
4290,1745745191.0872335,5.689344106940553e-06
4291,1745745203.5371175,2.13708608498564e-05
4292,1745745219.9683557,2.251316254842095e-05
4293,1745745232.2748895,4.00604767492041e-05
4294,1745745243.4497278,1.633661668165587e-05
4295,1745745253.3128612,2.2345446268445812e-05
4296,1745745261.2551496,2.9634360544150695e-05
4297,1745745271.6251373,5.992703518131748e-05
4298,1745745285.7734745,3.4435804991517216e-05
4299,1745745292.2609904,1.9146091290167533e-05
4300,1745745295.1055284,2.591693373688031e-05
