step,wall_time,value
1,1745681883.2856917,1.6649560928344727
2,1745681893.4825447,1.673893690109253
3,1745681917.048266,2.143895387649536
4,1745681925.4679997,1.5605971813201904
5,1745681941.9162993,1.5725198984146118
6,1745681958.7016602,1.7205747365951538
7,1745681968.448793,2.0215821266174316
8,1745681986.2851102,1.7173292636871338
9,1745681994.900302,1.3717869520187378
10,1745682006.744239,1.2400661706924438
11,1745682024.5465107,1.948668122291565
12,1745682034.6521916,1.5415332317352295
13,1745682055.354964,1.7311092615127563
14,1745682066.1895618,1.3160820007324219
15,1745682092.2887695,1.6823232173919678
16,1745682102.6966467,1.4387321472167969
17,1745682118.582279,1.447273850440979
18,1745682138.8562012,1.1874122619628906
19,1745682149.8710241,1.1931291818618774
20,1745682164.9153779,1.4846035242080688
21,1745682183.2046292,1.111798644065857
22,1745682202.2186432,1.1029052734375
23,1745682214.119427,1.1264524459838867
24,1745682226.4925802,1.0867563486099243
25,1745682234.6040385,0.8579347133636475
26,1745682246.3207762,0.8504822850227356
27,1745682253.0721712,0.7496532201766968
28,1745682275.2382505,0.9754086136817932
29,1745682283.216221,0.8818669319152832
30,1745682300.729792,0.9168596267700195
31,1745682318.252538,0.9708890318870544
32,1745682339.3818324,0.9705655574798584
33,1745682347.2057464,0.8414170145988464
34,1745682369.6381288,0.6210758686065674
35,1745682377.5595727,0.5109434127807617
36,1745682399.4254074,0.6042589545249939
37,1745682426.7945566,0.523008406162262
38,1745682446.3609831,0.5142005681991577
39,1745682453.8340032,0.4290269911289215
40,1745682488.1531272,0.5182718634605408
41,1745682496.5706196,0.4286736845970154
42,1745682516.599779,0.4473460018634796
43,1745682526.345952,0.26373037695884705
44,1745682540.6503808,0.27191951870918274
45,1745682551.6979325,0.21474522352218628
46,1745682571.408947,0.2969150245189667
47,1745682584.7117314,0.2801281213760376
48,1745682599.1039515,0.24949485063552856
49,1745682607.6755135,0.2574769854545593
50,1745682620.2009857,0.24008023738861084
51,1745682635.659209,0.24171850085258484
52,1745682658.4602337,0.2001771479845047
53,1745682668.3084679,0.17866919934749603
54,1745682688.072591,0.22096757590770721
55,1745682698.325552,0.1861082911491394
56,1745682707.955661,0.17799444496631622
57,1745682728.5469997,0.19930016994476318
58,1745682745.934245,0.23888731002807617
59,1745682760.7942991,0.15864777565002441
60,1745682779.7720737,0.1347675621509552
61,1745682790.8322856,0.14878486096858978
62,1745682804.1974847,0.15984131395816803
63,1745682819.189347,0.15145103633403778
64,1745682837.3096588,0.1208333671092987
65,1745682851.3882828,0.13008329272270203
66,1745682870.4347558,0.12027567625045776
67,1745682881.4403906,0.10561523586511612
68,1745682899.0317783,0.11239749193191528
69,1745682922.843146,0.08268119394779205
70,1745682935.4094698,0.15335439145565033
71,1745682946.8835702,0.1176067516207695
72,1745682965.7021315,0.10017917305231094
73,1745682989.6691077,0.10323063284158707
74,1745682999.0232065,0.11843198537826538
75,1745683013.2982779,0.16793644428253174
76,1745683021.637709,0.20277221500873566
77,1745683034.1892586,0.1519022434949875
78,1745683051.1048763,0.14187364280223846
79,1745683065.452243,0.151824951171875
80,1745683076.7802844,0.13604843616485596
81,1745683086.4182887,0.12049289792776108
82,1745683201.9732385,0.08610455691814423
83,1745683213.3631122,0.1646638661623001
84,1745683229.094095,0.06780727207660675
85,1745683245.0263793,0.1639961153268814
86,1745683266.35286,0.13326071202754974
87,1745683284.1000288,0.10816299170255661
88,1745683304.3434377,0.11084064096212387
89,1745683312.5939984,0.09753774851560593
90,1745683325.9716556,0.20691071450710297
91,1745683348.025325,0.10116376727819443
92,1745683354.1389909,0.15477941930294037
93,1745683378.0242305,0.07895756512880325
94,1745683387.826206,0.13199469447135925
95,1745683411.5022702,0.07739273458719254
96,1745683425.8464305,0.1211659386754036
97,1745683444.3112397,0.08403822034597397
98,1745683459.0735652,0.06794991344213486
99,1745683473.0843077,0.1580389142036438
100,1745683495.7391152,0.11201079189777374
101,1745683506.0546415,0.1423923522233963
102,1745683520.3841019,0.10260012000799179
103,1745683539.2148943,0.12633183598518372
104,1745683557.534473,0.10946334153413773
105,1745683571.387934,0.09654220193624496
106,1745683583.7322958,0.1224881261587143
107,1745683594.1127434,0.16928620636463165
108,1745683602.635858,0.11846007406711578
109,1745683612.0061958,0.10584234446287155
110,1745683634.3721943,0.05768294259905815
111,1745683651.6465259,0.0715448185801506
112,1745683668.198676,0.15614625811576843
113,1745683680.9112036,0.12570087611675262
114,1745683704.7240224,0.09490423649549484
115,1745683722.7919781,0.10055749863386154
116,1745683746.9086413,0.07606831938028336
117,1745683759.9412408,0.10448674112558365
118,1745683774.114188,0.0957585796713829
119,1745683794.780566,0.12926411628723145
120,1745683814.6039727,0.09290697425603867
121,1745683830.5238855,0.10630439966917038
122,1745683847.4122412,0.08989225327968597
123,1745683869.1184888,0.1100073829293251
124,1745683892.9206975,0.15766647458076477
125,1745683911.4950013,0.0904623419046402
126,1745683928.6024327,0.07886075973510742
127,1745683938.606125,0.2965536415576935
128,1745683965.0160964,0.07199576497077942
129,1745683974.68125,0.16869734227657318
130,1745683996.3646593,0.10769468545913696
131,1745684008.36133,0.11362616717815399
132,1745684018.012285,0.08191212266683578
133,1745684040.1631522,0.08201886713504791
134,1745684049.9109375,0.12855477631092072
135,1745684063.1133478,0.18667174875736237
136,1745684082.6354885,0.08772070705890656
137,1745684096.3079188,0.08456603437662125
138,1745684120.3158832,0.07352601736783981
139,1745684130.854131,0.16440244019031525
140,1745684142.4156208,0.1262836754322052
141,1745684157.167143,0.16098757088184357
142,1745684168.8140543,0.12833543121814728
143,1745684183.9987032,0.18094412982463837
144,1745684201.5235717,0.07207155972719193
145,1745684211.03799,0.12129072099924088
146,1745684226.0740838,0.13988395035266876
147,1745684231.8477285,0.23625989258289337
148,1745684262.5187266,0.058796826750040054
149,1745684278.2101188,0.07905249297618866
150,1745684294.617246,0.10562382638454437
151,1745684317.2448764,0.07985612004995346
152,1745684341.721906,0.058736998587846756
153,1745684356.648353,0.07176163047552109
154,1745684382.9466794,0.09414903819561005
155,1745684409.9076087,0.07406006008386612
156,1745684420.717244,0.07867565751075745
157,1745684439.5682607,0.11216896772384644
158,1745684448.64057,0.14751788973808289
159,1745684459.6277041,0.13437403738498688
160,1745684473.628538,0.12627068161964417
161,1745684484.9720643,0.09114028513431549
162,1745684491.680504,0.05676669627428055
163,1745684611.8621542,0.10233689844608307
164,1745684629.4782362,0.15290816128253937
165,1745684638.1608229,0.08419446647167206
166,1745684654.081282,0.11357797682285309
167,1745684666.6887374,0.09634868055582047
168,1745684681.1193478,0.1022152304649353
169,1745684701.2799876,0.08151733875274658
170,1745684710.274624,0.11602982878684998
171,1745684725.0431015,0.08599506318569183
172,1745684736.052738,0.16701757907867432
173,1745684750.755502,0.09324462711811066
174,1745684766.9138045,0.09909875690937042
175,1745684791.0118966,0.09210328757762909
176,1745684811.9880848,0.09259356558322906
177,1745684820.887834,0.09575048089027405
178,1745684836.371212,0.12357566505670547
179,1745684854.3683546,0.12132685631513596
180,1745684867.0604546,0.06559240818023682
181,1745684883.5344942,0.09010156244039536
182,1745684904.6032078,0.07519138604402542
183,1745684914.764589,0.1038249284029007
184,1745684935.902607,0.08124714344739914
185,1745684944.222869,0.15116165578365326
186,1745684965.7580428,0.10772599279880524
187,1745684988.4279163,0.05753626674413681
188,1745685002.838701,0.08739275485277176
189,1745685009.4293334,0.11035474389791489
190,1745685025.512558,0.08609649538993835
191,1745685047.867862,0.09013324975967407
192,1745685061.031526,0.08890020102262497
193,1745685072.1909308,0.10044566541910172
194,1745685084.8444524,0.2142028510570526
195,1745685106.1741846,0.08381850272417068
196,1745685114.7263358,0.12508802115917206
197,1745685141.5950181,0.06744290888309479
198,1745685155.0932078,0.09325812011957169
199,1745685169.5422387,0.06969951838254929
200,1745685181.1005511,0.09701947867870331
201,1745685198.3498762,0.09015383571386337
202,1745685211.3953822,0.10130625218153
203,1745685218.670043,0.1628226488828659
204,1745685241.1998048,0.07717359066009521
205,1745685250.9059963,0.08503410220146179
206,1745685271.523655,0.07220685482025146
207,1745685279.7421594,0.11230453848838806
208,1745685299.8743253,0.09140420705080032
209,1745685323.758026,0.1027797982096672
210,1745685339.369494,0.09379123151302338
211,1745685354.3374155,0.06942888349294662
212,1745685376.361683,0.07958982139825821
213,1745685394.8984058,0.07763542979955673
214,1745685418.715803,0.05086566135287285
215,1745685437.577627,0.10036059468984604
216,1745685450.2600577,0.08628435432910919
217,1745685463.700188,0.11120646446943283
218,1745685478.8572452,0.11889613419771194
219,1745685495.4743853,0.07570024579763412
220,1745685524.5860083,0.06637664139270782
221,1745685536.0404153,0.09739323705434799
222,1745685549.614381,0.09353899210691452
223,1745685562.2955055,0.11838096380233765
224,1745685577.382829,0.08178023248910904
225,1745685594.8738732,0.05513845756649971
226,1745685603.9335482,0.07325107604265213
227,1745685626.7881107,0.06484465301036835
228,1745685644.5006397,0.06783870607614517
229,1745685655.9089754,0.08373858034610748
230,1745685668.5540767,0.06862511485815048
231,1745685680.0867774,0.10760971903800964
232,1745685694.428546,0.1259244680404663
233,1745685716.2143774,0.046651385724544525
234,1745685728.9855335,0.06746078282594681
235,1745685746.4454303,0.09230903536081314
236,1745685771.3304706,0.04088376834988594
237,1745685784.3194442,0.058102741837501526
238,1745685794.6282933,0.1657165288925171
239,1745685804.69141,0.08668097108602524
240,1745685821.305903,0.08176082372665405
241,1745685829.309129,0.14286132156848907
242,1745685842.525401,0.071306973695755
243,1745685848.3994455,0.11860595643520355
244,1745685978.560368,0.10112003237009048
245,1745685992.6206422,0.08085199445486069
246,1745686006.0614164,0.08795507997274399
247,1745686020.6385298,0.05025459825992584
248,1745686028.7709422,0.11188119649887085
249,1745686037.7563558,0.07234431803226471
250,1745686062.435234,0.06298226118087769
251,1745686073.4122913,0.08539796620607376
252,1745686082.1096978,0.1116630956530571
253,1745686095.571241,0.07182886451482773
254,1745686111.7619529,0.08397731184959412
255,1745686135.3833404,0.059321947395801544
256,1745686155.5491514,0.10047828406095505
257,1745686167.81834,0.037312742322683334
258,1745686183.6742775,0.09690577536821365
259,1745686194.069222,0.09304297715425491
260,1745686206.1006026,0.08336156606674194
261,1745686224.1289537,0.06951114535331726
262,1745686232.2954607,0.06608041375875473
263,1745686260.2579033,0.10049452632665634
264,1745686268.7140243,0.07042982429265976
265,1745686280.4933355,0.16545948386192322
266,1745686300.3523815,0.10055294632911682
267,1745686310.5988505,0.07367213815450668
268,1745686323.595847,0.21285629272460938
269,1745686335.5874376,0.15225742757320404
270,1745686351.0831504,0.0831151157617569
271,1745686374.0747437,0.055380772799253464
272,1745686388.323142,0.07453352957963943
273,1745686404.5506043,0.06771024316549301
274,1745686422.104089,0.09875287115573883
275,1745686442.727538,0.05648435279726982
276,1745686456.404433,0.1003827229142189
277,1745686468.5002575,0.08463394641876221
278,1745686492.3788593,0.06466669589281082
279,1745686509.3028424,0.09528136253356934
280,1745686526.798551,0.07564518600702286
281,1745686541.179243,0.08357732743024826
282,1745686556.8723056,0.05933213233947754
283,1745686575.2802668,0.06698612123727798
284,1745686591.7809308,0.065371073782444
285,1745686605.551103,0.08318658173084259
286,1745686616.690644,0.0815880298614502
287,1745686639.5394347,0.08728616684675217
288,1745686655.5012329,0.05578456073999405
289,1745686666.7197986,0.10474206507205963
290,1745686685.0797434,0.0427299328148365
291,1745686696.7074947,0.05253533273935318
292,1745686708.522946,0.0980813056230545
293,1745686719.8157234,0.07414514571428299
294,1745686742.2337208,0.053588833659887314
295,1745686757.8935068,0.06536532193422318
296,1745686780.9863205,0.06945239752531052
297,1745686799.2118568,0.08224895596504211
298,1745686806.2838225,0.09364408999681473
299,1745686828.353184,0.061393413692712784
300,1745686840.9843001,0.09118374437093735
301,1745686857.8692214,0.046012695878744125
302,1745686875.8991575,0.1284843534231186
303,1745686891.687473,0.07918404042720795
304,1745686910.8838007,0.058603063225746155
305,1745686935.7045457,0.050532590597867966
306,1745686952.0709817,0.045892588794231415
307,1745686971.075628,0.07657632231712341
308,1745686986.1832561,0.06908375769853592
309,1745687001.5455878,0.052328791469335556
310,1745687012.9437213,0.04507894814014435
311,1745687028.632392,0.08471645414829254
312,1745687049.2245436,0.05495522916316986
313,1745687064.8291242,0.06316119432449341
314,1745687073.1766922,0.06407645344734192
315,1745687090.524847,0.08871879428625107
316,1745687110.062679,0.056783970445394516
317,1745687119.723658,0.10869800299406052
318,1745687134.3229108,0.16515205800533295
319,1745687142.582181,0.059431981295347214
320,1745687156.06703,0.10355278104543686
321,1745687173.7322648,0.044238682836294174
322,1745687187.697693,0.07421480119228363
323,1745687208.8833587,0.07264339923858643
324,1745687214.3629994,0.06453662365674973
325,1745687349.2088726,0.062276702374219894
326,1745687359.3738496,0.08317780494689941
327,1745687371.265593,0.06476660817861557
328,1745687382.6319,0.07020088285207748
329,1745687399.037425,0.06447014212608337
330,1745687411.757128,0.08927114307880402
331,1745687428.5739787,0.10506010055541992
332,1745687448.1733315,0.10933029651641846
333,1745687458.777524,0.061982229351997375
334,1745687471.738947,0.08669649809598923
335,1745687491.6585355,0.06193698197603226
336,1745687509.2500546,0.09823717921972275
337,1745687522.4572475,0.07132592797279358
338,1745687541.5644255,0.03662252426147461
339,1745687558.0049748,0.07426147162914276
340,1745687571.2516947,0.06626275181770325
341,1745687583.3239841,0.08065681159496307
342,1745687600.0571282,0.06256049871444702
343,1745687612.2893493,0.13191500306129456
344,1745687619.2670443,0.13365423679351807
345,1745687638.6612399,0.058609943836927414
346,1745687663.9758584,0.06130833923816681
347,1745687678.7756214,0.060451604425907135
348,1745687701.5419989,0.050045937299728394
349,1745687715.2068768,0.10479176789522171
350,1745687734.0783136,0.04869017377495766
351,1745687745.6579974,0.06440813839435577
352,1745687760.4716082,0.05810464546084404
353,1745687777.923447,0.09607915580272675
354,1745687785.780324,0.15254129469394684
355,1745687810.040425,0.059753548353910446
356,1745687829.0183892,0.07449759542942047
357,1745687843.684552,0.062253426760435104
358,1745687863.51111,0.04571797326207161
359,1745687879.1230996,0.08436594158411026
360,1745687895.1860058,0.059663571417331696
361,1745687915.423399,0.03884151577949524
362,1745687925.4808197,0.10616809874773026
363,1745687937.308088,0.07492712140083313
364,1745687957.4082708,0.049538504332304
365,1745687972.2976387,0.052766185253858566
366,1745687981.9860823,0.0395413413643837
367,1745687995.2157028,0.09497977793216705
368,1745688005.7650304,0.10802404582500458
369,1745688019.4784212,0.05388901010155678
370,1745688043.4277663,0.05641749128699303
371,1745688059.7800686,0.10101418942213058
372,1745688072.507857,0.09413482248783112
373,1745688085.780301,0.0799427255988121
374,1745688109.549061,0.053196635097265244
375,1745688130.7154605,0.08548370748758316
376,1745688144.9520264,0.03446188196539879
377,1745688160.580461,0.037988610565662384
378,1745688169.2083147,0.10585631430149078
379,1745688184.0450146,0.09656025469303131
380,1745688192.8821666,0.08259183168411255
381,1745688201.3551838,0.11714544147253036
382,1745688223.6824071,0.03996329382061958
383,1745688245.1944685,0.046576641499996185
384,1745688269.9014764,0.0384582094848156
385,1745688290.0553071,0.0336914025247097
386,1745688303.2266371,0.08432424813508987
387,1745688311.279781,0.07493007928133011
388,1745688329.3345985,0.0663142204284668
389,1745688347.338066,0.06249275431036949
390,1745688359.4680438,0.05448174849152565
391,1745688381.9802334,0.02779974788427353
392,1745688407.3700829,0.033419545739889145
393,1745688428.655849,0.052847836166620255
394,1745688450.6060152,0.039374060928821564
395,1745688460.9428399,0.04818383604288101
396,1745688473.8442492,0.07785238325595856
397,1745688488.003484,0.06896968185901642
398,1745688501.6741354,0.07924780994653702
399,1745688512.6634347,0.1060200184583664
400,1745688533.2328722,0.046060867607593536
401,1745688547.4302459,0.053737178444862366
402,1745688560.243459,0.07801004499197006
403,1745688574.086567,0.06988176703453064
404,1745688587.388431,0.058668963611125946
405,1745688594.1920722,0.06308887153863907
406,1745688705.6383617,0.04841853678226471
407,1745688735.4730022,0.03478775918483734
408,1745688751.022464,0.06324493885040283
409,1745688766.874149,0.05789105221629143
410,1745688777.8202887,0.05741765350103378
411,1745688793.0177495,0.07623099535703659
412,1745688804.5665913,0.06286850571632385
413,1745688814.955331,0.09053843468427658
414,1745688831.1093645,0.05916651338338852
415,1745688846.5177872,0.09714139997959137
416,1745688852.021745,0.11080167442560196
417,1745688875.8708866,0.045778073370456696
418,1745688904.3357084,0.03303803130984306
419,1745688924.8091307,0.04718025401234627
420,1745688941.9092114,0.047272905707359314
421,1745688962.4410105,0.0354716032743454
422,1745688973.8397975,0.07860694825649261
423,1745688994.0179195,0.037684887647628784
424,1745689012.6805332,0.05833697319030762
425,1745689030.6491103,0.07776977121829987
426,1745689043.8750868,0.07418268173933029
427,1745689063.864806,0.04405766725540161
428,1745689076.9555545,0.07224307209253311
429,1745689088.4323034,0.09055353701114655
430,1745689107.7769077,0.05261543020606041
431,1745689122.791304,0.061296284198760986
432,1745689140.8411822,0.04639355093240738
433,1745689150.4258418,0.09718119353055954
434,1745689166.9475167,0.07930995523929596
435,1745689183.439805,0.06607452034950256
436,1745689195.1396635,0.05198487266898155
437,1745689206.3507981,0.11330994963645935
438,1745689216.6364353,0.0918874591588974
439,1745689228.8964548,0.08088431507349014
440,1745689243.6769145,0.05647294968366623
441,1745689254.3402007,0.0781804695725441
442,1745689277.844598,0.039198242127895355
443,1745689292.6658018,0.04349135980010033
444,1745689304.373231,0.05413069203495979
445,1745689322.4512024,0.042912557721138
446,1745689336.3776917,0.052915506064891815
447,1745689353.3824837,0.04838290438055992
448,1745689366.8813388,0.033430326730012894
449,1745689376.6546648,0.07537706941366196
450,1745689390.2254534,0.07662490755319595
451,1745689400.1627023,0.05108772963285446
452,1745689413.770047,0.0682201161980629
453,1745689427.0074356,0.043191906064748764
454,1745689438.7697487,0.07960798591375351
455,1745689448.0263884,0.07586795836687088
456,1745689468.0800765,0.05996019020676613
457,1745689481.5224495,0.06980392336845398
458,1745689499.502613,0.07088692486286163
459,1745689519.726871,0.021658334881067276
460,1745689532.5479677,0.07035813480615616
461,1745689543.1215537,0.06498698890209198
462,1745689566.4945676,0.06343413889408112
463,1745689577.311515,0.04372800886631012
464,1745689583.9061482,0.038336049765348434
465,1745689601.092291,0.04164671525359154
466,1745689623.0605583,0.044939007610082626
467,1745689641.2730222,0.050398409366607666
468,1745689649.9066663,0.05039934441447258
469,1745689674.182215,0.04570602998137474
470,1745689703.0502965,0.04850161075592041
471,1745689714.660132,0.05729971453547478
472,1745689726.2024357,0.09519967436790466
473,1745689734.258313,0.03837815299630165
474,1745689749.220892,0.056403905153274536
475,1745689776.5032659,0.05144094303250313
476,1745689797.6852596,0.0380195751786232
477,1745689809.3198807,0.04576718062162399
478,1745689822.946869,0.033997174352407455
479,1745689838.5729454,0.144521102309227
480,1745689852.881221,0.05285876244306564
481,1745689878.4775991,0.06418037414550781
482,1745689892.0936382,0.026216210797429085
483,1745689905.8299108,0.11287681013345718
484,1745689912.5309155,0.04388691112399101
485,1745689926.781187,0.08301036804914474
486,1745689937.8323762,0.041618891060352325
487,1745690052.200654,0.056073080748319626
488,1745690069.7069383,0.05144955590367317
489,1745690081.254816,0.06712228059768677
490,1745690097.8714552,0.06603718549013138
491,1745690114.5297468,0.07586134225130081
492,1745690143.166227,0.04276959225535393
493,1745690156.521913,0.10083387792110443
494,1745690165.8657136,0.08302301168441772
495,1745690188.4803927,0.04690256714820862
496,1745690204.232828,0.047608740627765656
497,1745690215.3828037,0.0487959198653698
498,1745690228.5934367,0.050848472863435745
499,1745690236.1806924,0.03271812945604324
500,1745690260.1449149,0.036484602838754654
501,1745690268.065098,0.06831733882427216
502,1745690290.3146737,0.04902026802301407
503,1745690311.1595514,0.06256718933582306
504,1745690332.749246,0.055687010288238525
505,1745690349.0185208,0.05081801488995552
506,1745690371.7114072,0.03078942559659481
507,1745690386.0559833,0.15000644326210022
508,1745690401.8920345,0.06296993792057037
509,1745690420.1207867,0.045356135815382004
510,1745690435.337443,0.04817037284374237
511,1745690449.329182,0.12067597359418869
512,1745690466.2225952,0.04296738654375076
513,1745690480.1232693,0.040066372603178024
514,1745690497.173189,0.033483125269412994
515,1745690506.3581986,0.06276068091392517
516,1745690521.1242833,0.05243372917175293
517,1745690534.5217624,0.0644453912973404
518,1745690553.2092578,0.05181477218866348
519,1745690577.3462877,0.04296218976378441
520,1745690590.677768,0.037965044379234314
521,1745690602.9458673,0.025596845895051956
522,1745690610.528326,0.06160072609782219
523,1745690626.2792947,0.08327402174472809
524,1745690633.4340866,0.10144607722759247
525,1745690652.9382648,0.06713320314884186
526,1745690659.7501125,0.04365094378590584
527,1745690683.4919937,0.02265239879488945
528,1745690697.0960104,0.049285296350717545
529,1745690710.958101,0.055102914571762085
530,1745690723.1876729,0.02930465154349804
531,1745690738.8062787,0.05329476296901703
532,1745690751.5436342,0.08719424158334732
533,1745690764.951457,0.1356636881828308
534,1745690779.9222636,0.04384823888540268
535,1745690792.91254,0.04355539008975029
536,1745690808.2794032,0.027297690510749817
537,1745690827.8068767,0.04821159318089485
538,1745690844.9993913,0.04001711681485176
539,1745690855.3402855,0.037075892090797424
540,1745690872.5922396,0.045346081256866455
541,1745690880.4439385,0.04305197298526764
542,1745690896.8160305,0.11302977055311203
543,1745690903.3269742,0.053892817348241806
544,1745690917.637643,0.07052215188741684
545,1745690938.0200968,0.04980959743261337
546,1745690963.7364166,0.04745979234576225
547,1745690976.0051491,0.05669840797781944
548,1745690983.7145069,0.060293249785900116
549,1745691003.9180403,0.06381495296955109
550,1745691012.3133295,0.03663594275712967
551,1745691032.4811342,0.041917089372873306
552,1745691052.384045,0.04274992644786835
553,1745691063.0284758,0.02825321815907955
554,1745691078.9452143,0.04816311597824097
555,1745691094.0030024,0.060231052339076996
556,1745691117.0042043,0.08847730606794357
557,1745691138.0565844,0.0317520797252655
558,1745691150.0529714,0.0516502670943737
559,1745691174.8100033,0.03522811457514763
560,1745691196.627491,0.04434099420905113
561,1745691206.0006733,0.05680255591869354
562,1745691238.951399,0.027486395090818405
563,1745691259.3829918,0.03846936672925949
564,1745691267.017414,0.05802074819803238
565,1745691288.9229774,0.040669187903404236
566,1745691303.8900583,0.03794490173459053
567,1745691311.732475,0.041592568159103394
568,1745691439.6492486,0.06625232100486755
569,1745691457.76706,0.0441831611096859
570,1745691486.564572,0.035956207662820816
571,1745691498.8318703,0.059648800641298294
572,1745691514.331848,0.054840587079524994
573,1745691535.7676961,0.04896917566657066
574,1745691549.217639,0.07720480114221573
575,1745691565.477653,0.03976675122976303
576,1745691573.138232,0.08606212586164474
577,1745691587.5428655,0.04487679898738861
578,1745691605.727984,0.030883656814694405
579,1745691613.1261187,0.028614668175578117
580,1745691635.6428769,0.04874839261174202
581,1745691658.2404854,0.0316065289080143
582,1745691690.023227,0.04422275722026825
583,1745691702.4876664,0.06826553493738174
584,1745691720.5493753,0.05445273220539093
585,1745691728.7466063,0.04537343978881836
586,1745691756.9072533,0.07940723747015
587,1745691775.9082706,0.04521949961781502
588,1745691800.2622757,0.036743294447660446
589,1745691816.8491483,0.060419220477342606
590,1745691824.0039968,0.0727289691567421
591,1745691837.658432,0.0554375983774662
592,1745691848.3218124,0.07771873474121094
593,1745691866.0962884,0.05838140845298767
594,1745691877.2066958,0.034287918359041214
595,1745691896.1849365,0.04239948093891144
596,1745691914.744688,0.03596943989396095
597,1745691928.8967183,0.029348324984312057
598,1745691945.4293377,0.06896150857210159
599,1745691964.8648143,0.0635245218873024
600,1745691972.4012337,0.055591318756341934
601,1745691990.2283123,0.047568779438734055
602,1745692011.8438468,0.028238151222467422
603,1745692023.0365596,0.04319855570793152
604,1745692037.0314586,0.049633678048849106
605,1745692057.692464,0.04939577728509903
606,1745692081.5877037,0.03526477888226509
607,1745692094.9252326,0.028197335079312325
608,1745692112.59989,0.061080943793058395
609,1745692133.357869,0.05510077625513077
610,1745692155.2869525,0.03265634551644325
611,1745692163.9608018,0.032981548458337784
612,1745692184.88413,0.059906892478466034
613,1745692203.7116861,0.06240024417638779
614,1745692215.286579,0.06365501135587692
615,1745692225.2814682,0.050151266157627106
616,1745692241.6596417,0.027857687324285507
617,1745692252.898245,0.06309325248003006
618,1745692266.6551929,0.0572982057929039
619,1745692285.8972554,0.026112398132681847
620,1745692298.2773886,0.028424633666872978
621,1745692319.4640934,0.03313729539513588
622,1745692343.9642625,0.026916027069091797
623,1745692353.46835,0.037178970873355865
624,1745692376.40392,0.03964813053607941
625,1745692391.1718183,0.0471908263862133
626,1745692405.6035178,0.04942256957292557
627,1745692419.6999443,0.05709482356905937
628,1745692429.716719,0.03953755274415016
629,1745692437.3002925,0.08825745433568954
630,1745692453.239684,0.036195848137140274
631,1745692466.7075474,0.025124263018369675
632,1745692476.3143225,0.09614545106887817
633,1745692499.2754745,0.0389677956700325
634,1745692510.6095774,0.04611057788133621
635,1745692529.6936567,0.07147855311632156
636,1745692536.8232322,0.09404171258211136
637,1745692559.1509502,0.03335496038198471
638,1745692578.1885316,0.040406204760074615
639,1745692590.9330204,0.032530274242162704
640,1745692604.5585194,0.03954121097922325
641,1745692616.6172385,0.0834968090057373
642,1745692633.015435,0.026232533156871796
643,1745692647.9084527,0.02976854518055916
644,1745692665.1909304,0.05216791480779648
645,1745692681.6497405,0.030277354642748833
646,1745692707.2139206,0.03973684832453728
647,1745692727.6336339,0.015301072970032692
648,1745692736.4552355,0.05262700468301773
649,1745692848.710216,0.0556354746222496
650,1745692870.5852966,0.05289483815431595
651,1745692878.2837634,0.12764495611190796
652,1745692894.2035615,0.0344630628824234
653,1745692903.726625,0.08827044069766998
654,1745692924.7517383,0.04575468599796295
655,1745692933.9005475,0.03496381640434265
656,1745692951.8556895,0.034637048840522766
657,1745692984.3997889,0.04120195284485817
658,1745693011.0497339,0.03140617907047272
659,1745693039.5108101,0.017921103164553642
660,1745693054.9140742,0.0729876235127449
661,1745693078.0238981,0.04042084142565727
662,1745693106.0732203,0.05869954079389572
663,1745693128.844723,0.022651322185993195
664,1745693154.7084553,0.06705363839864731
665,1745693173.8563824,0.07053079456090927
666,1745693219.3254447,0.03558997064828873
667,1745693235.6485808,0.02836006134748459
668,1745693261.0604048,0.06405036151409149
669,1745693292.563853,0.05748556926846504
670,1745693314.090099,0.016468573361635208
671,1745693339.9615777,0.06837599724531174
672,1745693376.137052,0.027303054928779602
673,1745693396.5840323,0.02928224205970764
674,1745693418.0549345,0.06636570394039154
675,1745693444.8679447,0.04960840940475464
676,1745693471.282128,0.02337590977549553
677,1745693491.9085596,0.03402922302484512
678,1745693514.7307556,0.06642895191907883
679,1745693539.7902472,0.02918636053800583
680,1745693564.5477147,0.06337684392929077
681,1745693595.1036103,0.02531406469643116
682,1745693620.1615877,0.026937857270240784
683,1745693648.4933417,0.05663560330867767
684,1745693675.7031624,0.04496712610125542
685,1745693702.9148657,0.048191383481025696
686,1745693729.5418627,0.04149825870990753
687,1745693750.8240023,0.08868524432182312
688,1745693776.784034,0.030845504254102707
689,1745693805.6361678,0.035428013652563095
690,1745693834.7295911,0.07208634167909622
691,1745693846.2039018,0.030224477872252464
692,1745693880.5601916,0.037549011409282684
693,1745693911.8552973,0.028379900380969048
694,1745693926.64424,0.04000089317560196
695,1745693944.1631098,0.02180873416364193
696,1745693967.3163369,0.0406917929649353
697,1745694002.4778275,0.035512860864400864
698,1745694030.3644557,0.0461404025554657
699,1745694052.0926654,0.03528409078717232
700,1745694080.1723614,0.024008721113204956
701,1745694099.3054917,0.04789099842309952
702,1745694134.630044,0.026059001684188843
703,1745694167.576028,0.05126996338367462
704,1745694194.4379158,0.0260362196713686
705,1745694211.701136,0.036836910992860794
706,1745694235.663911,0.039832934737205505
707,1745694261.5225918,0.06157548725605011
708,1745694285.5011406,0.04099806398153305
709,1745694299.4926238,0.049223531037569046
710,1745694340.8689258,0.022555068135261536
711,1745694371.3148625,0.03469528630375862
712,1745694396.9699962,0.107342928647995
713,1745694410.264025,0.04356450214982033
714,1745694444.5989387,0.03987382352352142
715,1745694474.9834719,0.037588294595479965
716,1745694498.9593089,0.017700761556625366
717,1745694535.6006725,0.04816651716828346
718,1745694562.5182247,0.059241555631160736
719,1745694588.7092702,0.03346363082528114
720,1745694614.9451852,0.046391505748033524
721,1745694642.0507755,0.018261270597577095
722,1745694676.3922613,0.051759023219347
723,1745694701.1783895,0.05855954810976982
724,1745694723.55456,0.023706480860710144
725,1745694751.2338526,0.025847597047686577
726,1745694780.6406577,0.03624258562922478
727,1745694806.1873424,0.02518623322248459
728,1745694832.9741092,0.05076379328966141
729,1745694847.4847486,0.04099654406309128
730,1745695109.6112707,0.052066415548324585
731,1745695139.4861531,0.023418791592121124
732,1745695163.0197232,0.0322442464530468
733,1745695193.0843968,0.0322503000497818
734,1745695221.7488587,0.04315245896577835
735,1745695250.3580592,0.027624018490314484
736,1745695273.8273714,0.0298648439347744
737,1745695296.1434317,0.096232108771801
738,1745695329.0072527,0.025497959926724434
739,1745695355.3981647,0.02420824021100998
740,1745695380.0322268,0.02663024142384529
741,1745695406.5187335,0.03435761108994484
742,1745695441.1080165,0.019143709912896156
743,1745695450.3436453,0.027046287432312965
744,1745695481.1277263,0.06449820101261139
745,1745695510.6245217,0.027513014152646065
746,1745695553.8401234,0.033611513674259186
747,1745695591.4723182,0.035142574459314346
748,1745695616.749215,0.03029628098011017
749,1745695633.334717,0.03978707268834114
750,1745695658.5464518,0.023934226483106613
751,1745695687.0083225,0.03158055245876312
752,1745695712.4196162,0.03564988076686859
753,1745695748.3458054,0.03792953863739967
754,1745695769.103905,0.03519380837678909
755,1745695795.6085527,0.0399509072303772
756,1745695817.8757684,0.057552579790353775
757,1745695838.9032512,0.034220319241285324
758,1745695876.879703,0.03747570142149925
759,1745695901.125549,0.02543017826974392
760,1745695925.6097038,0.03913283720612526
761,1745695957.244882,0.02568383328616619
762,1745695986.0634327,0.03345772624015808
763,1745696009.4335814,0.07060829550027847
764,1745696046.7208054,0.03601966053247452
765,1745696068.2828941,0.04304443299770355
766,1745696088.8248944,0.04470637068152428
767,1745696115.1056573,0.036677081137895584
768,1745696140.251202,0.08750204741954803
769,1745696169.734589,0.04254055395722389
770,1745696200.1807728,0.0659884512424469
771,1745696220.5615382,0.040748290717601776
772,1745696239.9010398,0.04727373644709587
773,1745696271.9804041,0.035897694528102875
774,1745696282.1030576,0.049981292337179184
775,1745696317.168719,0.04797564074397087
776,1745696343.2339427,0.04090982675552368
777,1745696354.8951344,0.025916246697306633
778,1745696394.263201,0.030454346910119057
779,1745696423.1017044,0.04757004231214523
780,1745696436.6719515,0.04685094580054283
781,1745696471.6362722,0.01718422770500183
782,1745696485.1327965,0.03304905816912651
783,1745696515.9040973,0.024302523583173752
784,1745696543.961407,0.0814208984375
785,1745696561.2238526,0.022518355399370193
786,1745696584.8585835,0.034791525453329086
787,1745696607.705506,0.028792615979909897
788,1745696638.8154542,0.04215586185455322
789,1745696659.7141552,0.030346831306815147
790,1745696682.10939,0.06516560912132263
791,1745696707.6574361,0.029605399817228317
792,1745696731.2179317,0.04110591858625412
793,1745696756.4103699,0.043523967266082764
794,1745696766.760161,0.051274485886096954
795,1745696801.8587909,0.012767955660820007
796,1745696830.508669,0.028830083087086678
797,1745696843.7771084,0.08287045359611511
798,1745696870.9216738,0.04838961362838745
799,1745696899.8305755,0.021953213959932327
800,1745696928.074091,0.035125285387039185
801,1745696955.1198976,0.04126008599996567
802,1745696979.820583,0.03867118060588837
803,1745697007.6415834,0.05162687227129936
804,1745697034.716841,0.038140758872032166
805,1745697062.4390144,0.07535530626773834
806,1745697085.88352,0.03198970481753349
807,1745697110.8641531,0.03341088443994522
808,1745697133.0843084,0.036752812564373016
809,1745697154.607167,0.03391840681433678
810,1745697168.2815626,0.05087011680006981
811,1745697445.9863226,0.020510857924818993
812,1745697463.650955,0.05554135888814926
813,1745697487.516108,0.04680945351719856
814,1745697527.5103652,0.03658038377761841
815,1745697552.2058153,0.021904561668634415
816,1745697577.0642807,0.03481261804699898
817,1745697600.5276685,0.023900017142295837
818,1745697626.14426,0.041887931525707245
819,1745697655.5049477,0.017777109518647194
820,1745697680.3914897,0.03054460696876049
821,1745697713.39626,0.050889112055301666
822,1745697720.7601233,0.01908796653151512
823,1745697749.0898411,0.030658608302474022
824,1745697776.5921712,0.04102758318185806
825,1745697802.7751184,0.041910264641046524
826,1745697818.8912008,0.055518005043268204
827,1745697843.8590224,0.03426027297973633
828,1745697879.00317,0.054023656994104385
829,1745697910.3549201,0.01805930584669113
830,1745697936.9935286,0.04848248511552811
831,1745697962.526354,0.041433416306972504
832,1745697980.3548229,0.04970262944698334
833,1745698010.5604084,0.01688876748085022
834,1745698034.2273436,0.031018581241369247
835,1745698060.5197556,0.027629705145955086
836,1745698084.11345,0.055773716419935226
837,1745698118.963564,0.018076317384839058
838,1745698131.375026,0.02172570861876011
839,1745698161.7865562,0.029153136536478996
840,1745698183.740686,0.03190862014889717
841,1745698210.7252877,0.02031225711107254
842,1745698238.3365512,0.02499488554894924
843,1745698266.4983044,0.021489372476935387
844,1745698290.4072874,0.01994181051850319
845,1745698323.4522753,0.036111410707235336
846,1745698351.734951,0.02092571370303631
847,1745698367.445302,0.025945397093892097
848,1745698393.4936712,0.04079217463731766
849,1745698424.5025957,0.039803750813007355
850,1745698448.6666555,0.018816513940691948
851,1745698471.3739896,0.02115481160581112
852,1745698498.685815,0.04614504426717758
853,1745698525.4473808,0.041558925062417984
854,1745698549.6287751,0.050520993769168854
855,1745698571.2156081,0.0443321093916893
856,1745698590.429897,0.03435201197862625
857,1745698616.1121705,0.05367851257324219
858,1745698644.6734586,0.013336393982172012
859,1745698672.5218987,0.011922595091164112
860,1745698694.3069298,0.02929600141942501
861,1745698715.8528247,0.029833514243364334
862,1745698740.954644,0.021780749782919884
863,1745698766.0410988,0.044029220938682556
864,1745698790.2600043,0.024403756484389305
865,1745698820.5936685,0.03009919449687004
866,1745698847.4346545,0.03388937935233116
867,1745698869.6549802,0.032491035759449005
868,1745698895.0902302,0.0713537335395813
869,1745698918.8569946,0.033736854791641235
870,1745698941.8726532,0.023464031517505646
871,1745698967.5799453,0.035272933542728424
872,1745698991.585756,0.02128411829471588
873,1745699026.4818566,0.04074094071984291
874,1745699048.6009815,0.03752763196825981
875,1745699062.3543015,0.041051242500543594
876,1745699084.6408513,0.06153104081749916
877,1745699113.5702555,0.038320835679769516
878,1745699142.930578,0.05078871548175812
879,1745699171.4337764,0.06598780304193497
880,1745699200.692854,0.02290209010243416
881,1745699222.936807,0.020468855276703835
882,1745699243.4362977,0.046098098158836365
883,1745699271.1882832,0.0282925795763731
884,1745699300.853634,0.02712409384548664
885,1745699328.4220114,0.03798646479845047
886,1745699357.8982475,0.03271899372339249
887,1745699372.598855,0.0370502844452858
888,1745699389.2758164,0.03758658841252327
889,1745699412.8511229,0.016492780297994614
890,1745699438.3841078,0.015120083466172218
891,1745699452.9061856,0.08166655898094177
892,1745699718.2486198,0.029200617223978043
893,1745699729.708847,0.02352912910282612
894,1745699761.1217682,0.029025720432400703
895,1745699784.7413614,0.019745128229260445
896,1745699811.837612,0.03392842411994934
897,1745699834.3175917,0.03585187718272209
898,1745699857.835466,0.07894650846719742
899,1745699885.9259903,0.033272985368967056
900,1745699909.1450493,0.016730884090065956
901,1745699939.6426883,0.05068198963999748
902,1745699961.6999185,0.020079556852579117
903,1745699986.8809805,0.026680592447519302
904,1745700003.9725158,0.021851198747754097
905,1745700022.9686632,0.054002370685338974
906,1745700051.2153883,0.040688227862119675
907,1745700081.9258714,0.028734447434544563
908,1745700095.7814486,0.02752869203686714
909,1745700128.1289923,0.021638767793774605
910,1745700153.3150804,0.023303192108869553
911,1745700177.1216338,0.055901918560266495
912,1745700198.9925435,0.030197490006685257
913,1745700231.4351377,0.028785832226276398
914,1745700241.8380837,0.04109588637948036
915,1745700268.7739184,0.025478826835751534
916,1745700304.1251197,0.034396275877952576
917,1745700314.5194392,0.03653302788734436
918,1745700348.977602,0.02300751768052578
919,1745700368.7930906,0.03053019568324089
920,1745700393.6101322,0.02713698334991932
921,1745700424.054927,0.04213491082191467
922,1745700448.1282876,0.024938326328992844
923,1745700473.1002452,0.01150923315435648
924,1745700495.8678906,0.01407673116773367
925,1745700530.7954895,0.01446028146892786
926,1745700563.1056664,0.04660734534263611
927,1745700595.5993,0.026159392669796944
928,1745700625.5868347,0.05712676793336868
929,1745700654.0574636,0.026217136532068253
930,1745700677.2270477,0.03429824113845825
931,1745700701.062573,0.01991400495171547
932,1745700720.4501524,0.040415793657302856
933,1745700748.4875295,0.025898803025484085
934,1745700776.4376864,0.02013535425066948
935,1745700797.8775682,0.037824418395757675
936,1745700818.2619169,0.026140930131077766
937,1745700845.9877195,0.015236337669193745
938,1745700870.4747155,0.033358726650476456
939,1745700890.527089,0.036783069372177124
940,1745700917.4615242,0.05558547005057335
941,1745700944.7666657,0.04016399011015892
942,1745700964.2874546,0.021121075376868248
943,1745700997.4383612,0.0391632616519928
944,1745701023.2376254,0.030930491164326668
945,1745701053.3258646,0.05043192580342293
946,1745701080.6503494,0.01549008022993803
947,1745701113.8052614,0.025387657806277275
948,1745701125.3262954,0.021801618859171867
949,1745701151.1733396,0.0385357141494751
950,1745701187.3154728,0.023297391831874847
951,1745701210.4109056,0.050903353840112686
952,1745701224.957563,0.03280042111873627
953,1745701256.2851937,0.024325575679540634
954,1745701274.6984355,0.01835584081709385
955,1745701297.9656086,0.04211718961596489
956,1745701328.0440273,0.027216920629143715
957,1745701349.87147,0.047933585941791534
958,1745701378.7863219,0.02976236306130886
959,1745701402.753574,0.03577691689133644
960,1745701426.8690662,0.04156172648072243
961,1745701448.1767857,0.06289957463741302
962,1745701476.2430732,0.018490228801965714
963,1745701498.512009,0.017702944576740265
964,1745701522.7163873,0.035431280732154846
965,1745701562.0033505,0.03131026774644852
966,1745701590.1345742,0.01875009760260582
967,1745701603.0061674,0.04537026584148407
968,1745701636.668016,0.027437934651970863
969,1745701653.8999395,0.01585783064365387
970,1745701679.9392085,0.03525816649198532
971,1745701702.481813,0.028330054134130478
972,1745701720.5253932,0.02479114942252636
973,1745701966.718366,0.049023471772670746
974,1745702002.888205,0.009377803653478622
975,1745702031.169848,0.028188981115818024
976,1745702066.0049462,0.03482283651828766
977,1745702084.9129262,0.031291861087083817
978,1745702105.6782632,0.04274146631360054
979,1745702136.8704166,0.028671499341726303
980,1745702174.1194034,0.014904490672051907
981,1745702216.5558689,0.02372664026916027
982,1745702228.3670502,0.03118956834077835
983,1745702253.3618424,0.028354719281196594
984,1745702278.3881013,0.03198655694723129
985,1745702304.3474848,0.026806917041540146
986,1745702336.6631896,0.03848472610116005
987,1745702364.0115821,0.043130118399858475
988,1745702387.1706064,0.028115466237068176
989,1745702407.2442749,0.02435692399740219
990,1745702435.4350398,0.023989247158169746
991,1745702457.8778758,0.04351244494318962
992,1745702484.1213524,0.023942753672599792
993,1745702510.8482163,0.04392703250050545
994,1745702542.5478594,0.020980630069971085
995,1745702560.4102437,0.03378972411155701
996,1745702580.8184388,0.025103138759732246
997,1745702612.7930503,0.04025751352310181
998,1745702634.5424194,0.023493098095059395
999,1745702646.6527123,0.019282599911093712
1000,1745702664.415106,0.025328610092401505
1001,1745702683.780738,0.03564607352018356
1002,1745702707.9946518,0.02074090577661991
1003,1745702727.6280077,0.040711935609579086
1004,1745702749.7462142,0.035785138607025146
1005,1745702769.3212721,0.02470369078218937
1006,1745702793.206247,0.013523689471185207
1007,1745702801.439622,0.017611045390367508
1008,1745702827.0892687,0.012511161155998707
1009,1745702861.823342,0.014106648974120617
1010,1745702872.7441623,0.02916789799928665
1011,1745702894.5799367,0.049807243049144745
1012,1745702910.2351959,0.023128638043999672
1013,1745702933.0659869,0.024511804804205894
1014,1745702960.545307,0.017907926812767982
1015,1745702990.1833088,0.017641596496105194
1016,1745703015.7533758,0.027174025774002075
1017,1745703039.7986903,0.018954936414957047
1018,1745703068.6088207,0.043444663286209106
1019,1745703079.3660393,0.025623690336942673
1020,1745703103.1638284,0.012874574400484562
1021,1745703127.2985303,0.018955130130052567
1022,1745703161.267694,0.027217112481594086
1023,1745703177.8443198,0.03981733322143555
1024,1745703217.270614,0.03291332721710205
1025,1745703243.9362676,0.025394313037395477
1026,1745703272.978038,0.04187292978167534
1027,1745703305.2487195,0.026724450290203094
1028,1745703329.2570012,0.03293479233980179
1029,1745703355.4225783,0.025075795128941536
1030,1745703377.7723036,0.029788831248879433
1031,1745703410.513569,0.021153423935174942
1032,1745703447.8987122,0.023452280089259148
1033,1745703467.7224941,0.04649091884493828
1034,1745703496.64934,0.020066680386662483
1035,1745703515.8576996,0.017864378169178963
1036,1745703548.8492525,0.015025206841528416
1037,1745703571.2788236,0.012674127705395222
1038,1745703597.6975038,0.037134960293769836
1039,1745703626.8451502,0.03552047908306122
1040,1745703652.3222096,0.02620820887386799
1041,1745703678.853653,0.014099067077040672
1042,1745703705.684463,0.021443769335746765
1043,1745703728.9255872,0.03149494528770447
1044,1745703754.1711278,0.03990483656525612
1045,1745703782.4375937,0.0375363826751709
1046,1745703811.4375317,0.02437010034918785
1047,1745703840.3545508,0.018091624602675438
1048,1745703862.859059,0.025409668684005737
1049,1745703891.8166862,0.04268474131822586
1050,1745703906.996272,0.012722475454211235
1051,1745703937.0773406,0.011901019141077995
1052,1745703963.8583775,0.03247842565178871
1053,1745703974.4417467,0.02395734190940857
1054,1745704239.802347,0.014524595811963081
1055,1745704278.6480184,0.025173405185341835
1056,1745704294.259691,0.020291702821850777
1057,1745704328.2449782,0.021596834063529968
1058,1745704355.6432729,0.028119800612330437
1059,1745704385.4842556,0.01761462353169918
1060,1745704411.2442203,0.047873981297016144
1061,1745704435.690432,0.026784207671880722
1062,1745704460.8794754,0.016674531623721123
1063,1745704485.0562894,0.018408028408885002
1064,1745704512.3740807,0.02057906799018383
1065,1745704538.4533966,0.011096503585577011
1066,1745704564.3811152,0.008806702680885792
1067,1745704580.1836927,0.015253208577632904
1068,1745704612.5175881,0.027747219428420067
1069,1745704638.9482212,0.018225979059934616
1070,1745704660.6357856,0.034956611692905426
1071,1745704688.24895,0.018847152590751648
1072,1745704713.7300787,0.031137775629758835
1073,1745704736.9529815,0.02582593634724617
1074,1745704760.660201,0.009473585523664951
1075,1745704793.6993165,0.034730494022369385
1076,1745704817.766068,0.04368605092167854
1077,1745704845.6169152,0.01658293604850769
1078,1745704870.4036393,0.0444759763777256
1079,1745704895.6687362,0.010198578238487244
1080,1745704919.711872,0.0029562697745859623
1081,1745704938.0483708,0.03442564606666565
1082,1745704964.045309,0.012095930986106396
1083,1745704999.7235487,0.01667005941271782
1084,1745705015.8528936,0.015166424214839935
1085,1745705040.9948964,0.029844995588064194
1086,1745705068.606017,0.029988029971718788
1087,1745705102.108545,0.01995367370545864
1088,1745705136.2466896,0.013280043378472328
1089,1745705149.1366274,0.01920378766953945
1090,1745705177.5630803,0.057918790727853775
1091,1745705201.149311,0.028292354196310043
1092,1745705219.701179,0.02737591043114662
1093,1745705249.8422966,0.018201036378741264
1094,1745705278.6885624,0.022467100992798805
1095,1745705313.9563515,0.011818167753517628
1096,1745705333.705906,0.023022379726171494
1097,1745705353.7679846,0.02472703903913498
1098,1745705378.9462543,0.0356009267270565
1099,1745705411.3102071,0.02131953090429306
1100,1745705436.5421083,0.026383567601442337
1101,1745705459.049531,0.024361753836274147
1102,1745705494.5746574,0.015611536800861359
1103,1745705517.1036987,0.025680480524897575
1104,1745705534.8250775,0.020667316392064095
1105,1745705562.090374,0.03816170617938042
1106,1745705586.8719451,0.022954024374485016
1107,1745705620.7228239,0.033810585737228394
1108,1745705629.1040926,0.016016587615013123
1109,1745705652.6371055,0.031909678131341934
1110,1745705679.4284587,0.02107338421046734
1111,1745705705.3106363,0.015036811120808125
1112,1745705730.1713464,0.03000924549996853
1113,1745705750.5942104,0.02467501349747181
1114,1745705777.0099683,0.022264009341597557
1115,1745705813.0411015,0.04095371812582016
1116,1745705822.6389153,0.027606278657913208
1117,1745705848.5101168,0.015880772843956947
1118,1745705875.9281163,0.030581573024392128
1119,1745705908.6453984,0.029476484283804893
1120,1745705927.6919038,0.020749447867274284
1121,1745705957.0908937,0.0198096614331007
1122,1745705981.598637,0.045022644102573395
1123,1745706002.2022808,0.028182215988636017
1124,1745706023.2636874,0.0413387231528759
1125,1745706052.0284889,0.022687245160341263
1126,1745706066.9396055,0.016406401991844177
1127,1745706093.2821918,0.025246914476156235
1128,1745706118.251654,0.024364804849028587
1129,1745706151.1687508,0.01820117048919201
1130,1745706178.8332915,0.020030930638313293
1131,1745706211.1189213,0.028795408084988594
1132,1745706236.387322,0.0416276752948761
1133,1745706264.1063073,0.01632375828921795
1134,1745706272.670394,0.02155974879860878
1135,1745706561.9271338,0.02523801662027836
1136,1745706595.994401,0.016983596608042717
1137,1745706623.2039511,0.011542345397174358
1138,1745706637.7256696,0.015480008907616138
1139,1745706665.0756588,0.04388270527124405
1140,1745706698.1387036,0.015708966180682182
1141,1745706714.2974193,0.021609114482998848
1142,1745706738.956778,0.0287258792668581
1143,1745706761.2426093,0.02087235637009144
1144,1745706789.0442216,0.011996950022876263
1145,1745706810.884879,0.01876913197338581
1146,1745706836.3709054,0.04689373821020126
1147,1745706863.369864,0.018878987058997154
1148,1745706885.418199,0.017299916595220566
1149,1745706909.902761,0.023277433589100838
1150,1745706926.9933245,0.032757602632045746
1151,1745706956.215728,0.014726554043591022
1152,1745706983.2596295,0.013322850689291954
1153,1745706993.1565778,0.028284920379519463
1154,1745707028.9242811,0.024199316278100014
1155,1745707040.66549,0.015453158877789974
1156,1745707064.672741,0.042660221457481384
1157,1745707094.2958462,0.02316433936357498
1158,1745707118.7967057,0.022944048047065735
1159,1745707141.1718087,0.02939525432884693
1160,1745707164.0976577,0.03224421665072441
1161,1745707191.0960534,0.02212519198656082
1162,1745707217.0686321,0.032703086733818054
1163,1745707241.9731905,0.0218272116035223
1164,1745707268.3451161,0.006716209929436445
1165,1745707294.557666,0.007973086088895798
1166,1745707306.3329954,0.011616391129791737
1167,1745707339.2895315,0.014321527443826199
1168,1745707376.4252224,0.023456839844584465
1169,1745707399.152505,0.016181426122784615
1170,1745707424.0967124,0.014843949116766453
1171,1745707460.3753002,0.01086269598454237
1172,1745707473.907443,0.008158888667821884
1173,1745707503.4183857,0.01057419553399086
1174,1745707516.5881937,0.02229960821568966
1175,1745707551.8640685,0.018132055178284645
1176,1745707586.0336003,0.02357541024684906
1177,1745707610.0119824,0.01999654248356819
1178,1745707622.0770469,0.02928435429930687
1179,1745707655.2919376,0.021718842908740044
1180,1745707689.5272655,0.013519814237952232
1181,1745707705.1673045,0.02438807487487793
1182,1745707731.1483634,0.017038699239492416
1183,1745707761.9162345,0.022511083632707596
1184,1745707776.0035233,0.02255997061729431
1185,1745707800.773598,0.009010318666696548
1186,1745707836.514825,0.02467353641986847
1187,1745707871.279474,0.015552869066596031
1188,1745707892.3596537,0.018971135839819908
1189,1745707914.553479,0.020822010934352875
1190,1745707940.2827451,0.013997327536344528
1191,1745707965.144618,0.024178415536880493
1192,1745707987.3025222,0.021021166816353798
1193,1745708012.0042913,0.03109317272901535
1194,1745708036.867882,0.02301809936761856
1195,1745708057.1036844,0.03643938526511192
1196,1745708090.434501,0.023484045639634132
1197,1745708120.6360915,0.009547660127282143
1198,1745708142.4841216,0.020790835842490196
1199,1745708168.1620812,0.014859586022794247
1200,1745708189.6784694,0.014961770735681057
1201,1745708213.993918,0.009736263193190098
1202,1745708241.0051732,0.02602843940258026
1203,1745708268.3351746,0.02262953668832779
1204,1745708291.3207633,0.023987824097275734
1205,1745708318.0963776,0.02035168744623661
1206,1745708343.912375,0.01694413274526596
1207,1745708368.3056364,0.02161182276904583
1208,1745708395.384314,0.025787852704524994
1209,1745708419.5543213,0.011192301288247108
1210,1745708456.8143365,0.018864940851926804
1211,1745708468.6226852,0.016819043084979057
1212,1745708491.4002192,0.018345437943935394
1213,1745708512.8334665,0.021611209958791733
1214,1745708539.840911,0.0154218515381217
1215,1745708552.5607965,0.00705585116520524
1216,1745708824.9022489,0.008587359450757504
1217,1745708861.264042,0.012584690004587173
1218,1745708873.4402008,0.03212578967213631
1219,1745708906.0115373,0.008559061214327812
1220,1745708945.7290485,0.020286500453948975
1221,1745708966.7082932,0.02344648167490959
1222,1745708998.6441216,0.009296933189034462
1223,1745709027.9279385,0.01205788180232048
1224,1745709040.8583698,0.014262396842241287
1225,1745709066.3930013,0.024012859910726547
1226,1745709080.0844834,0.02124280110001564
1227,1745709109.804246,0.01753758266568184
1228,1745709123.9813259,0.008900078013539314
1229,1745709149.254183,0.020420443266630173
1230,1745709176.0814161,0.011476979590952396
1231,1745709190.9422095,0.02835930697619915
1232,1745709215.3000853,0.019263189285993576
1233,1745709242.8265166,0.017292646691203117
1234,1745709254.9754431,0.011049523018300533
1235,1745709279.8287659,0.02590198814868927
1236,1745709304.9858208,0.01608542539179325
1237,1745709327.6066115,0.01056093629449606
1238,1745709355.769978,0.006748415995389223
1239,1745709391.9735606,0.018089983612298965
1240,1745709414.6485221,0.026905983686447144
1241,1745709441.610004,0.017840953543782234
1242,1745709451.7120426,0.014709096401929855
1243,1745709492.6902735,0.014930516481399536
1244,1745709527.1218119,0.014515204355120659
1245,1745709549.9768476,0.03869553655385971
1246,1745709564.4884236,0.016253983601927757
1247,1745709591.7668464,0.006966226268559694
1248,1745709617.4291632,0.012730295769870281
1249,1745709642.3149924,0.02222881093621254
1250,1745709663.2860901,0.010328740812838078
1251,1745709692.9641755,0.011040342971682549
1252,1745709718.9975462,0.024430805817246437
1253,1745709731.9073033,0.013188710436224937
1254,1745709766.0309498,0.016858937218785286
1255,1745709786.9552114,0.01583244651556015
1256,1745709814.7512019,0.016929199919104576
1257,1745709835.2424,0.012363921850919724
1258,1745709852.7463613,0.014360607601702213
1259,1745709859.7710657,0.026460764929652214
1260,1745709886.2803378,0.023604825139045715
1261,1745709928.3752725,0.011718804016709328
1262,1745709951.8598254,0.010536659508943558
1263,1745709975.391434,0.01564222387969494
1264,1745710002.2999344,0.011311410926282406
1265,1745710023.8841054,0.03341355547308922
1266,1745710051.5254931,0.020871147513389587
1267,1745710079.0847387,0.015942655503749847
1268,1745710101.425338,0.016371792182326317
1269,1745710139.0865977,0.025944635272026062
1270,1745710177.1347609,0.011002026498317719
1271,1745710187.348769,0.005953723564743996
1272,1745710214.4113297,0.016340363770723343
1273,1745710235.4664748,0.015857946127653122
1274,1745710262.3690057,0.012295391410589218
1275,1745710284.1242056,0.016925957053899765
1276,1745710311.4522998,0.007058794144541025
1277,1745710349.0142846,0.011489658616483212
1278,1745710378.389081,0.006619874853640795
1279,1745710399.224628,0.0156940296292305
1280,1745710428.631962,0.009884372353553772
1281,1745710450.042004,0.0250992551445961
1282,1745710477.258218,0.006457482930272818
1283,1745710503.7851686,0.009959335438907146
1284,1745710528.0069873,0.016964977607131004
1285,1745710541.8880813,0.010309159755706787
1286,1745710569.0553913,0.020198598504066467
1287,1745710593.9420936,0.017255395650863647
1288,1745710622.8290331,0.015706760808825493
1289,1745710652.1146111,0.013745313510298729
1290,1745710673.6390111,0.03018566593527794
1291,1745710696.067016,0.023661112412810326
1292,1745710718.1402557,0.02780635468661785
1293,1745710744.284551,0.014152845367789268
1294,1745710771.960176,0.015317091718316078
1295,1745710796.6724992,0.016641559079289436
1296,1745710809.878438,0.018630679696798325
1297,1745711078.6180584,0.021967913955450058
1298,1745711110.2091997,0.01555596198886633
1299,1745711130.0357494,0.014604669995605946
1300,1745711149.6102545,0.015922989696264267
1301,1745711178.455646,0.022704973816871643
1302,1745711209.6044846,0.007766431197524071
1303,1745711232.887267,0.005694998893886805
1304,1745711251.1639352,0.010005556978285313
1305,1745711278.345905,0.02102700248360634
1306,1745711290.6307986,0.01198523584753275
1307,1745711318.4070828,0.026199810206890106
1308,1745711342.9889455,0.010481687262654305
1309,1745711367.034515,0.017960507422685623
1310,1745711390.6856472,0.024395925924181938
1311,1745711421.4293933,0.027775105088949203
1312,1745711432.7974072,0.016436468809843063
1313,1745711461.2509134,0.007618920877575874
1314,1745711499.31732,0.01454176101833582
1315,1745711511.4833145,0.010085232555866241
1316,1745711551.6186764,0.014362536370754242
1317,1745711565.64893,0.021728187799453735
1318,1745711585.3840024,0.010543729178607464
1319,1745711608.421993,0.01629706658422947
1320,1745711636.7751963,0.011706462129950523
1321,1745711663.4397154,0.009850672446191311
1322,1745711687.9355545,0.02269921824336052
1323,1745711713.719873,0.008196216076612473
1324,1745711736.455101,0.02069716528058052
1325,1745711756.3851402,0.009359235875308514
1326,1745711783.3312068,0.015860911458730698
1327,1745711820.8749504,0.012352924793958664
1328,1745711842.7344308,0.011400855146348476
1329,1745711870.9524298,0.008078941144049168
1330,1745711889.867684,0.012244976125657558
1331,1745711931.5043108,0.008505024947226048
1332,1745711952.6016402,0.012412507086992264
1333,1745711980.5426927,0.004253872204571962
1334,1745712004.8920753,0.013715924695134163
1335,1745712034.859446,0.02579093724489212
1336,1745712050.684269,0.0063996752724051476
1337,1745712084.28747,0.007165277376770973
1338,1745712104.8673153,0.006386564578860998
1339,1745712123.448328,0.012276831082999706
1340,1745712151.7831554,0.008488466963171959
1341,1745712161.0154018,0.012336105108261108
1342,1745712181.1639123,0.007135436870157719
1343,1745712218.1962168,0.007381942588835955
1344,1745712231.579154,0.013186808675527573
1345,1745712255.780196,0.015084588900208473
1346,1745712285.4470758,0.013268299400806427
1347,1745712320.0593314,0.00883916113525629
1348,1745712327.7258153,0.02396678552031517
1349,1745712361.9455314,0.014665799215435982
1350,1745712377.8583565,0.022293563932180405
1351,1745712403.136259,0.009826524183154106
1352,1745712421.4910085,0.014819352887570858
1353,1745712428.84441,0.005093632731586695
1354,1745712455.628706,0.016249805688858032
1355,1745712479.8266788,0.008575796149671078
1356,1745712488.997489,0.004297436214983463
1357,1745712513.8753402,0.036553505808115005
1358,1745712544.63452,0.01590382307767868
1359,1745712555.5002096,0.008248870261013508
1360,1745712584.540878,0.01287512294948101
1361,1745712610.7442157,0.017887277528643608
1362,1745712642.609377,0.009191729128360748
1363,1745712652.1836605,0.019365932792425156
1364,1745712681.6696494,0.018046479672193527
1365,1745712709.7342684,0.015483864583075047
1366,1745712735.9525597,0.01042773574590683
1367,1745712765.2620175,0.006106133107095957
1368,1745712799.286688,0.015354701317846775
1369,1745712812.077604,0.005758093670010567
1370,1745712835.1302247,0.009304915554821491
1371,1745712863.3521879,0.009367963299155235
1372,1745712892.171836,0.012267249636352062
1373,1745712934.4800265,0.012895598076283932
1374,1745712953.5347743,0.01411494705826044
1375,1745712963.8397841,0.007249579299241304
1376,1745712995.544852,0.01792961172759533
1377,1745712999.5328765,0.008643957786262035
1378,1745713277.5729976,0.008107851259410381
1379,1745713316.0461984,0.006159715820103884
1380,1745713348.2295148,0.010066498070955276
1381,1745713378.840692,0.00842946395277977
1382,1745713405.0236366,0.008326237089931965
1383,1745713419.6598258,0.006785053759813309
1384,1745713450.5918052,0.015709009021520615
1385,1745713464.2147753,0.007315116468816996
1386,1745713499.976415,0.016748588532209396
1387,1745713525.56518,0.006397089920938015
1388,1745713552.5370343,0.008681670762598515
1389,1745713561.870074,0.011433731764554977
1390,1745713585.9569871,0.01164444349706173
1391,1745713616.7119606,0.0072786626406013966
1392,1745713643.8513813,0.005398246459662914
1393,1745713662.650803,0.006839262321591377
1394,1745713689.5153275,0.006838320288807154
1395,1745713715.5766618,0.014451785013079643
1396,1745713735.4556468,0.006466242019087076
1397,1745713755.6501858,0.011630944907665253
1398,1745713781.112064,0.010119933634996414
1399,1745713810.7991889,0.011349956505000591
1400,1745713832.7977197,0.012573979794979095
1401,1745713856.9764528,0.010421096347272396
1402,1745713884.1045675,0.022058382630348206
1403,1745713902.477973,0.007674985099583864
1404,1745713922.753592,0.009932785294950008
1405,1745713955.212524,0.005385560914874077
1406,1745713982.4285803,0.030151136219501495
1407,1745714002.1796398,0.005945821758359671
1408,1745714017.7934947,0.012467136606574059
1409,1745714044.6987936,0.005033392924815416
1410,1745714070.9727921,0.013107444159686565
1411,1745714103.4722085,0.012422065250575542
1412,1745714143.845162,0.014353141188621521
1413,1745714168.885481,0.0030356748029589653
1414,1745714193.6006255,0.009605160914361477
1415,1745714222.478236,0.011353588663041592
1416,1745714241.043461,0.015782063826918602
1417,1745714265.351845,0.008365255780518055
1418,1745714297.778979,0.009760472923517227
1419,1745714326.3116112,0.008397490717470646
1420,1745714344.7084513,0.009979205206036568
1421,1745714370.0567677,0.009321696124970913
1422,1745714394.1834116,0.008402950130403042
1423,1745714420.7581797,0.007869750261306763
1424,1745714442.248592,0.01800566539168358
1425,1745714459.6626182,0.00582017982378602
1426,1745714484.9326448,0.01365592796355486
1427,1745714512.5114918,0.006529331672936678
1428,1745714536.0081866,0.005677404347807169
1429,1745714559.9197364,0.009063102304935455
1430,1745714583.2173607,0.005428504664450884
1431,1745714617.7108505,0.0056129200384020805
1432,1745714629.7976477,0.0019112607697024941
1433,1745714641.2700062,0.007591272238641977
1434,1745714663.8890457,0.00991616491228342
1435,1745714688.1341326,0.020327994599938393
1436,1745714711.0984216,0.011702243238687515
1437,1745714736.5594685,0.0074746692553162575
1438,1745714768.4222863,0.011153226718306541
1439,1745714780.6696935,0.007325746584683657
1440,1745714803.4776697,0.005579757504165173
1441,1745714830.168324,0.012587254866957664
1442,1745714863.8754046,0.008473124355077744
1443,1745714894.4808593,0.004876357037574053
1444,1745714925.8413763,0.016079647466540337
1445,1745714936.4213562,0.006731277797371149
1446,1745714962.759832,0.019674059003591537
1447,1745714989.032187,0.006139533594250679
1448,1745715015.8377862,0.013588279485702515
1449,1745715026.3236985,0.005754716694355011
1450,1745715050.061855,0.003675990505144
1451,1745715079.5925846,0.01594478264451027
1452,1745715109.23398,0.011981777846813202
1453,1745715129.1177695,0.0071757338009774685
1454,1745715151.0518355,0.016926757991313934
1455,1745715179.9296513,0.008353346958756447
1456,1745715206.4496076,0.007549407426267862
1457,1745715231.3202004,0.00415279995650053
1458,1745715236.6049638,0.001564638689160347
1459,1745715484.596756,0.006655897945165634
1460,1745715495.635822,0.003406184259802103
1461,1745715517.0687861,0.006226056721061468
1462,1745715542.1285882,0.002756075467914343
1463,1745715574.7875552,0.004424906801432371
1464,1745715590.7271333,0.00615742476657033
1465,1745715611.5522099,0.005228182766586542
1466,1745715641.457535,0.0037198581267148256
1467,1745715653.4904504,0.00486474484205246
1468,1745715684.9803472,0.011605847626924515
1469,1745715703.9813864,0.007296443451195955
1470,1745715733.5334582,0.007465945091098547
1471,1745715769.817783,0.01314693782478571
1472,1745715795.4541185,0.002106427913531661
1473,1745715819.8083806,0.011873899959027767
1474,1745715844.599391,0.012119075283408165
1475,1745715873.0985787,0.008317023515701294
1476,1745715899.240509,0.008653897792100906
1477,1745715926.993893,0.006427326239645481
1478,1745715956.0207946,0.006170493084937334
1479,1745715979.911817,0.01060457993298769
1480,1745716007.8659792,0.006882342975586653
1481,1745716043.5225139,0.01031208410859108
1482,1745716060.0722194,0.005767799448221922
1483,1745716081.094171,0.0030684154480695724
1484,1745716113.3782003,0.0054557109251618385
1485,1745716122.916495,0.00691975699737668
1486,1745716144.6280396,0.0074033490382134914
1487,1745716161.5324464,0.013038638047873974
1488,1745716188.9881997,0.00891626626253128
1489,1745716209.6742563,0.007087007164955139
1490,1745716245.0078685,0.004583318252116442
1491,1745716260.646045,0.008915510959923267
1492,1745716284.2744913,0.001783262356184423
1493,1745716311.5373232,0.007380368188023567
1494,1745716332.179891,0.008710782043635845
1495,1745716362.8326724,0.006905938498675823
1496,1745716375.314025,0.00950809195637703
1497,1745716403.9072013,0.005154834128916264
1498,1745716435.589702,0.005659834947437048
1499,1745716447.8445601,0.0037249380256980658
1500,1745716475.610949,0.006476969923824072
1501,1745716504.6221197,0.0053432718850672245
1502,1745716532.7549753,0.004583469592034817
1503,1745716560.3000996,0.003792890114709735
1504,1745716580.6447299,0.011670445092022419
1505,1745716610.8949616,0.0013831073883920908
1506,1745716635.346465,0.002213871106505394
1507,1745716657.0591164,0.006047298200428486
1508,1745716679.8826818,0.0055794245563447475
1509,1745716707.6759183,0.00828223954886198
1510,1745716735.3000956,0.003911460749804974
1511,1745716759.2388444,0.007094566710293293
1512,1745716789.2306452,0.013579461723566055
1513,1745716806.6206517,0.006750122178345919
1514,1745716835.2334168,0.005895898677408695
1515,1745716863.0687125,0.010607022792100906
1516,1745716892.525753,0.005255601368844509
1517,1745716919.0265894,0.00649019842967391
1518,1745716945.3075085,0.005416132044047117
1519,1745716969.1656585,0.018067488446831703
1520,1745716996.390851,0.006968565285205841
1521,1745717011.1875646,0.007828683592379093
1522,1745717038.169833,0.007586983498185873
1523,1745717061.0265155,0.009170466102659702
1524,1745717083.892254,0.004024311434477568
1525,1745717109.1136465,0.008198299445211887
1526,1745717135.6622622,0.009133809246122837
1527,1745717160.5199022,0.004613668192178011
1528,1745717183.6774547,0.0105145163834095
1529,1745717209.2934344,0.004136785864830017
1530,1745717230.416523,0.006036399397999048
1531,1745717256.18508,0.005086946301162243
1532,1745717282.2764404,0.006187517661601305
1533,1745717305.7030444,0.008099195547401905
1534,1745717333.3719301,0.007070302497595549
1535,1745717359.7327368,0.005142648238688707
1536,1745717388.8965983,0.0037081618793308735
1537,1745717416.3454454,0.007322853896766901
1538,1745717440.8070595,0.013404615223407745
1539,1745717454.4724085,0.01486122515052557
1540,1745717702.190024,0.002933824434876442
1541,1745717730.4367852,0.00235015363432467
1542,1745717756.434978,0.004823795985430479
1543,1745717787.622366,0.004231901839375496
1544,1745717813.390687,0.004732967354357243
1545,1745717842.1632607,0.004452856257557869
1546,1745717870.2502503,0.005288828630000353
1547,1745717910.826384,0.005373421590775251
1548,1745717943.1877143,0.00488249771296978
1549,1745717954.4509637,0.009233648888766766
1550,1745717980.9749289,0.00521639222279191
1551,1745718017.091998,0.005220345221459866
1552,1745718035.2519672,0.005993884522467852
1553,1745718056.4585795,0.006930322851985693
1554,1745718083.0045242,0.0019418183946982026
1555,1745718111.955346,0.004274691920727491
1556,1745718141.985281,0.0038123142439872026
1557,1745718172.506318,0.007842591032385826
1558,1745718203.326463,0.0016208769520744681
1559,1745718212.694067,0.0027668988332152367
1560,1745718237.2587295,0.00567924277856946
1561,1745718261.1870954,0.005051047075539827
1562,1745718289.4809756,0.005779919680207968
1563,1745718313.267463,0.008171441033482552
1564,1745718345.9193006,0.006476920563727617
1565,1745718370.6668327,0.004955597221851349
1566,1745718394.068971,0.005214119330048561
1567,1745718423.6428573,0.008398660458624363
1568,1745718457.8527088,0.005832144990563393
1569,1745718497.319722,0.004021084401756525
1570,1745718523.0594842,0.007305297534912825
1571,1745718546.833414,0.0095705920830369
1572,1745718571.8112028,0.005024514626711607
1573,1745718602.5107749,0.0011046407744288445
1574,1745718628.3018055,0.0033167817164212465
1575,1745718644.209508,0.008272996172308922
1576,1745718672.6545808,0.005026798229664564
1577,1745718698.3761091,0.004319107625633478
1578,1745718726.75262,0.007875487208366394
1579,1745718753.0670931,0.002785094315186143
1580,1745718776.2526412,0.003622340736910701
1581,1745718810.4521873,0.0038413028232753277
1582,1745718839.7844615,0.0039060385897755623
1583,1745718858.1309142,0.007909100502729416
1584,1745718881.4725268,0.00437244912609458
1585,1745718904.1578205,0.007613072171807289
1586,1745718934.1652749,0.005701315123587847
1587,1745718964.5092788,0.002823691116645932
1588,1745718987.4282007,0.004217733163386583
1589,1745719017.552286,0.005108058452606201
1590,1745719041.5151138,0.0036104077007621527
1591,1745719065.2151613,0.00476853409782052
1592,1745719089.308561,0.0018223904771730304
1593,1745719115.7341268,0.0019795866683125496
1594,1745719144.633877,0.0035813795402646065
1595,1745719172.4244459,0.001573854824528098
1596,1745719200.8702884,0.005189118906855583
1597,1745719226.298788,0.004385819658637047
1598,1745719252.0299053,0.00435655377805233
1599,1745719275.6074884,0.003178764833137393
1600,1745719301.2172108,0.002355283359065652
1601,1745719330.5525885,0.003694679820910096
1602,1745719359.7962162,0.0025026469957083464
1603,1745719392.8120549,0.005497320089489222
1604,1745719421.2931514,0.005189585965126753
1605,1745719440.341565,0.002185206627473235
1606,1745719462.3304338,0.005499059800058603
1607,1745719490.613853,0.0038641442079097033
1608,1745719510.234924,0.010530509985983372
1609,1745719536.290063,0.007202098146080971
1610,1745719564.2394178,0.002123183337971568
1611,1745719577.0986958,0.009055187925696373
1612,1745719599.0450764,0.0017097799573093653
1613,1745719617.955385,0.004909359849989414
1614,1745719641.8275783,0.006121915765106678
1615,1745719667.3108962,0.0037902318872511387
1616,1745719691.9305692,0.004782397300004959
1617,1745719721.851559,0.005360173527151346
1618,1745719749.5313451,0.003294110530987382
1619,1745719772.4283059,0.003379322122782469
1620,1745719789.839158,0.0037575308233499527
1621,1745720045.515762,0.004430886823683977
1622,1745720073.7229083,0.0062614562921226025
1623,1745720097.7555938,0.0031637526117265224
1624,1745720124.686621,0.004670410417020321
1625,1745720148.0971298,0.0018707086564972997
1626,1745720178.1253264,0.003976971842348576
1627,1745720211.4020197,0.0018454131204634905
1628,1745720251.3382864,0.001957214903086424
1629,1745720264.631596,0.004162656608968973
1630,1745720290.4049218,0.005054580979049206
1631,1745720312.7550154,0.002178555354475975
1632,1745720341.216617,0.01069926843047142
1633,1745720364.223482,0.005507785361260176
1634,1745720384.1788774,0.0050951759330928326
1635,1745720410.6160326,0.004701694007962942
1636,1745720434.2924418,0.0024889917112886906
1637,1745720462.6122088,0.0028296764940023422
1638,1745720488.6040385,0.0020444393157958984
1639,1745720515.3420124,0.003662109375
1640,1745720541.6755722,0.0026966414880007505
1641,1745720575.068233,0.0014860252849757671
1642,1745720601.9541304,0.004098968580365181
1643,1745720623.3297744,0.005180131644010544
1644,1745720647.5687635,0.003983193542808294
1645,1745720672.7198284,0.0035559535026550293
1646,1745720706.1101887,0.0031632352620363235
1647,1745720745.9452739,0.006572384852916002
1648,1745720764.0243523,0.004906876012682915
1649,1745720793.3039913,0.00417092302814126
1650,1745720821.8975673,0.0014557890826836228
1651,1745720850.726139,0.0029393003787845373
1652,1745720861.932702,0.0026640743017196655
1653,1745720890.2286606,0.0027786942664533854
1654,1745720902.725554,0.002973136492073536
1655,1745720929.2780702,0.0020337491296231747
1656,1745720958.4847279,0.004854426719248295
1657,1745720992.0801334,0.0006734051858074963
1658,1745721020.5858564,0.00394360302016139
1659,1745721037.363814,0.004478477872908115
1660,1745721062.5967042,0.0015422288561239839
1661,1745721089.4092066,0.002879776991903782
1662,1745721118.6373615,0.0031621442176401615
1663,1745721131.9257674,0.003759503597393632
1664,1745721145.8947773,0.001398224849253893
1665,1745721164.9093096,0.0025358039420098066
1666,1745721200.0820284,0.009474110789597034
1667,1745721217.0913332,0.002382847247645259
1668,1745721247.3467374,0.0041585443541407585
1669,1745721273.501774,0.0024064655881375074
1670,1745721297.8092847,0.002800196874886751
1671,1745721320.4275758,0.0036432091146707535
1672,1745721347.7070537,0.004900526721030474
1673,1745721378.937539,0.002033148193731904
1674,1745721417.704251,0.003447440918534994
1675,1745721458.4079251,0.0025274991057813168
1676,1745721472.3375406,0.0017184808384627104
1677,1745721501.395664,0.0028192223981022835
1678,1745721528.3528361,0.001484180218540132
1679,1745721548.067054,0.0027736437041312456
1680,1745721576.4663773,0.005612649023532867
1681,1745721602.433613,0.0016773054376244545
1682,1745721636.3591835,0.004977107048034668
1683,1745721668.8670611,0.002155444584786892
1684,1745721679.5285244,0.00394533621147275
1685,1745721705.557278,0.0020318320021033287
1686,1745721734.1450567,0.0037328843027353287
1687,1745721759.7572432,0.0041211554780602455
1688,1745721783.534111,0.0035193695221096277
1689,1745721810.7923064,0.0028791355434805155
1690,1745721840.0136273,0.0037301168777048588
1691,1745721871.9441075,0.003570318454876542
1692,1745721898.2302449,0.003659295616671443
1693,1745721922.3891919,0.0015895972028374672
1694,1745721942.1804595,0.003262114943936467
1695,1745721974.7022216,0.0024287209380418062
1696,1745721999.0390027,0.010869261808693409
1697,1745722024.156996,0.0003352118073962629
1698,1745722054.5966432,0.002018857281655073
1699,1745722065.7734149,0.003979210276156664
1700,1745722097.0421572,0.0019218684174120426
1701,1745722108.0512142,0.000667136802803725
1702,1745722364.319523,0.0010970355942845345
1703,1745722391.8381991,0.0028187131974846125
1704,1745722429.1116872,0.003624804550781846
1705,1745722452.8262007,0.0012915880652144551
1706,1745722479.0676107,0.0025651773903518915
1707,1745722503.3466775,0.002736442955210805
1708,1745722528.646468,0.002824097638949752
1709,1745722555.1891115,0.001461606938391924
1710,1745722575.8981352,0.0025994619354605675
1711,1745722605.9994597,0.0016383181791752577
1712,1745722632.1155171,0.00097819440998137
1713,1745722660.6397018,0.0020007656421512365
1714,1745722685.2804034,0.002560927765443921
1715,1745722700.504177,0.002058648969978094
1716,1745722740.3375497,0.0037738257087767124
1717,1745722762.6711197,0.0017087487503886223
1718,1745722783.745811,0.007481046486645937
1719,1745722813.4339652,0.0019050848204642534
1720,1745722843.4730115,0.002724819350987673
1721,1745722870.500029,0.0040319026447832584
1722,1745722901.8842967,0.007516518700867891
1723,1745722926.1217492,0.0012603383511304855
1724,1745722946.253406,0.001281879609450698
1725,1745722971.6165125,0.0024246866814792156
1726,1745723006.628223,0.002297263126820326
1727,1745723046.803841,0.0020087617449462414
1728,1745723065.3744912,0.001955002313479781
1729,1745723092.4880326,0.0019170489395037293
1730,1745723120.9002202,0.003230636939406395
1731,1745723148.505757,0.0006548944511450827
1732,1745723170.925947,0.0006438229465857148
1733,1745723199.2684972,0.007246169727295637
1734,1745723225.887085,0.0010907764080911875
1735,1745723251.6488447,0.0016717719845473766
1736,1745723275.6837878,0.0021012478973716497
1737,1745723297.2842813,0.0020301335025578737
1738,1745723332.5442898,0.001175799872726202
1739,1745723355.8743541,0.0016599418595433235
1740,1745723382.3115728,0.0013577217468991876
1741,1745723411.272721,0.002031313953921199
1742,1745723435.2910357,0.0011488029267638922
1743,1745723457.8270326,0.0008599064312875271
1744,1745723484.961487,0.00162208778783679
1745,1745723512.017856,0.002954841358587146
1746,1745723539.2658734,0.003232403192669153
1747,1745723565.3389683,0.005385208874940872
1748,1745723591.956683,0.0029469190631061792
1749,1745723620.4067662,0.002991683082655072
1750,1745723640.5325077,0.0060686334036290646
1751,1745723682.9523535,0.0030975977424532175
1752,1745723697.9176679,0.0011813616147264838
1753,1745723723.3397827,0.00480160815641284
1754,1745723750.3987806,0.0018650767160579562
1755,1745723776.0619361,0.002776819746941328
1756,1745723796.9523463,0.0030680408235639334
1757,1745723823.0534751,0.0015302394749596715
1758,1745723845.2958207,0.007008484099060297
1759,1745723879.4972217,0.004378137178719044
1760,1745723905.3134894,0.0028930900152772665
1761,1745723922.7819104,0.0023366145323961973
1762,1745723946.59281,0.0010594312334433198
1763,1745723973.4657679,0.004090866539627314
1764,1745724011.4687572,0.0023866165429353714
1765,1745724038.0704422,0.001386260031722486
1766,1745724060.8348649,0.0008400611113756895
1767,1745724083.0667129,0.0016643386334180832
1768,1745724110.0608318,0.0013729038182646036
1769,1745724134.1885664,0.0010974894976243377
1770,1745724162.1512725,0.0026747449301183224
1771,1745724187.554086,0.00429949164390564
1772,1745724213.3059123,0.0016915728338062763
1773,1745724234.705674,0.0037744450382888317
1774,1745724265.2282383,0.0036537142004817724
1775,1745724281.9980018,0.0016883438220247626
1776,1745724311.1149018,0.002245476236566901
1777,1745724342.058557,0.002979038981720805
1778,1745724369.443295,0.0031756272073835135
1779,1745724386.2485967,0.002535488922148943
1780,1745724411.1973839,0.000602662330493331
1781,1745724429.9968243,0.0010429967660456896
1782,1745724441.6688645,0.001587076811119914
1783,1745724685.992551,0.0015137104783207178
1784,1745724713.599892,0.0014973097713664174
1785,1745724741.2593124,0.001247365609742701
1786,1745724763.0591526,0.0018795079085975885
1787,1745724785.8288248,0.002146816346794367
1788,1745724812.0256827,0.0022792499512434006
1789,1745724848.9684064,0.0012109201634302735
1790,1745724872.2446527,0.0015737343346700072
1791,1745724898.2377555,0.002655650256201625
1792,1745724923.4325137,0.006434962619096041
1793,1745724959.4585896,0.0006752735353074968
1794,1745724982.4618583,0.0015752238687127829
1795,1745724995.9768996,0.0019696431700140238
1796,1745725024.0960064,0.0005875669303350151
1797,1745725059.4725716,0.006491740699857473
1798,1745725080.8289976,0.0011119164992123842
1799,1745725112.4125829,0.0011108192848041654
1800,1745725139.43154,0.0034337183460593224
1801,1745725166.7714255,0.0012344453716650605
1802,1745725188.328327,0.0009178189793601632
1803,1745725215.4607737,0.0017580994172021747
1804,1745725242.5941632,0.001688044285401702
1805,1745725252.932706,0.0013130377046763897
1806,1745725287.387171,0.0009152768179774284
1807,1745725313.0116057,0.0013034023577347398
1808,1745725334.3217967,0.0005930198822170496
1809,1745725361.568117,0.0013691869098693132
1810,1745725381.807713,0.0009614351438358426
1811,1745725404.9872427,0.0014686029171571136
1812,1745725426.1792762,0.0023501224350184202
1813,1745725457.334096,0.0011025824351236224
1814,1745725497.1998956,0.004102293401956558
1815,1745725508.2724442,0.002079804427921772
1816,1745725537.5675254,0.0014855795307084918
1817,1745725569.8289764,0.0020678883884102106
1818,1745725587.8681695,0.0015712060267105699
1819,1745725614.4504247,0.0015349278692156076
1820,1745725645.6786704,0.001257246476598084
1821,1745725663.8218238,0.0009135595755651593
1822,1745725688.0136094,0.0013259787810966372
1823,1745725713.8846214,0.001573764020577073
1824,1745725746.981624,0.0015336174983531237
1825,1745725778.174729,0.0013908643741160631
1826,1745725785.617935,0.0006730560562573373
1827,1745725813.2598484,0.013555717654526234
1828,1745725825.1456664,0.000604964152444154
1829,1745725864.736236,0.001847744919359684
1830,1745725894.6695626,0.0021112796384841204
1831,1745725906.7493136,0.0027237413451075554
1832,1745725930.2608461,0.011061829514801502
1833,1745725957.1017644,0.0013073052978143096
1834,1745725988.3399088,0.001904339762404561
1835,1745726020.3518853,0.0013353524263948202
1836,1745726032.1217778,0.006491426378488541
1837,1745726063.041815,0.0016590483719483018
1838,1745726094.9196572,0.014043035916984081
1839,1745726105.791877,0.0051298849284648895
1840,1745726139.9011207,0.002201091730967164
1841,1745726161.4702783,0.001644026255235076
1842,1745726186.4128315,0.0013171059545129538
1843,1745726218.445893,0.0013961385702714324
1844,1745726246.4507744,0.0009129844256676733
1845,1745726258.9805706,0.001235124422237277
1846,1745726291.9422026,0.004140883218497038
1847,1745726325.0707643,0.0060379886999726295
1848,1745726347.268418,0.003014459041878581
1849,1745726370.3034568,0.0024043594021350145
1850,1745726399.948665,0.004014089237898588
1851,1745726428.1938658,0.0015854814555495977
1852,1745726444.2962372,0.007842637598514557
1853,1745726469.2609534,0.0015977073926478624
1854,1745726498.9701374,0.000771453429479152
1855,1745726537.1979733,0.0015978848095983267
1856,1745726563.5669355,0.0005713021382689476
1857,1745726578.0966945,0.0015829821350052953
1858,1745726602.405922,0.002252874430269003
1859,1745726621.5810895,0.0014154156669974327
1860,1745726652.9928672,0.001065020333044231
1861,1745726674.525975,0.002419231226667762
1862,1745726696.594184,0.001843192963860929
1863,1745726710.279304,0.004205315373837948
1864,1745726955.883332,0.0005275182775221765
1865,1745726976.6824489,0.0009726662538014352
1866,1745727007.4655437,0.0014024449046701193
1867,1745727042.272245,0.0005816423799842596
1868,1745727055.078759,0.0017610470531508327
1869,1745727081.094718,0.0008716138545423746
1870,1745727107.9955587,0.004167162347584963
1871,1745727131.1364827,0.0007974674226716161
1872,1745727160.5045164,0.000998993869870901
1873,1745727192.3842397,0.0007727667107246816
1874,1745727215.6135468,0.00032951668254099786
1875,1745727242.5187473,0.001027408055961132
1876,1745727265.9506571,0.0050218719989061356
1877,1745727291.1292715,0.0008616716950200498
1878,1745727317.269526,0.0031140788923949003
1879,1745727345.1518784,0.004563403315842152
1880,1745727381.3169446,0.0020172668155282736
1881,1745727387.8577166,0.001234785420820117
1882,1745727412.0149062,0.0006355264922603965
1883,1745727443.086868,0.0017381676007062197
1884,1745727465.3028936,0.0017572500510141253
1885,1745727499.0841117,0.0005819062935188413
1886,1745727520.4185128,0.0010380421299487352
1887,1745727546.492591,0.0015486911870539188
1888,1745727568.509533,0.0009332466288469732
1889,1745727595.9803462,0.0008280887850560248
1890,1745727621.7853966,0.004276440944522619
1891,1745727651.7312338,0.0004086265398655087
1892,1745727682.2817504,0.0005273004062473774
1893,1745727706.6062183,0.0027673798613250256
1894,1745727735.0608695,0.0024171299301087856
1895,1745727768.3495517,0.0009312105248682201
1896,1745727787.795684,0.002098981523886323
1897,1745727807.6398733,0.0013342337915673852
1898,1745727836.5214741,0.0020162765868008137
1899,1745727860.0467837,0.0005802795640192926
1900,1745727884.8400955,0.0036342404782772064
1901,1745727908.4115996,0.0011411306913942099
1902,1745727935.7543483,0.00683080917224288
1903,1745727953.9062645,0.001119487453252077
1904,1745727978.2549012,0.0017927056178450584
1905,1745728007.0807009,0.0022063637152314186
1906,1745728020.879128,0.004110966343432665
1907,1745728046.1781368,0.001424387563019991
1908,1745728084.2254677,0.0006224490352906287
1909,1745728121.905611,0.0023389230482280254
1910,1745728156.4255142,0.000433750101365149
1911,1745728177.6095335,0.0004838370659854263
1912,1745728204.2395146,0.0008355735335499048
1913,1745728233.0015125,0.0012237291084602475
1914,1745728258.3003008,0.0005547642358578742
1915,1745728284.964292,0.0004047908296342939
1916,1745728312.1891065,0.0028908001258969307
1917,1745728335.3473597,0.00344020314514637
1918,1745728362.8677473,0.008401306346058846
1919,1745728387.9892836,0.0006245955592021346
1920,1745728414.2527628,0.001140222535468638
1921,1745728438.0477562,0.002909999340772629
1922,1745728465.317841,0.0004144417471252382
1923,1745728493.9858754,0.0011670122621580958
1924,1745728529.00454,0.0012589427642524242
1925,1745728555.3968842,0.0034552409779280424
1926,1745728574.2115355,0.006653976161032915
1927,1745728596.564273,0.0012416299432516098
1928,1745728626.5910604,0.00031612152815796435
1929,1745728647.9514086,0.0012642975198104978
1930,1745728669.477532,0.0036696146707981825
1931,1745728697.597753,0.000786102726124227
1932,1745728724.030354,0.002045908011496067
1933,1745728751.6999824,0.0007509044371545315
1934,1745728780.5340984,0.0007422688067890704
1935,1745728809.6742444,0.0008808097336441278
1936,1745728820.6915565,0.002076338045299053
1937,1745728855.3795922,0.000886098830960691
1938,1745728880.145477,0.0010323491878807545
1939,1745728913.9880593,0.0006740688113495708
1940,1745728945.5398753,0.0012348135933279991
1941,1745728961.8054724,0.00410262867808342
1942,1745728992.83079,0.0014401464723050594
1943,1745729004.5585217,0.003626642283052206
1944,1745729019.0442524,0.0015755228232592344
1945,1745729268.8375807,0.0013647314626723528
1946,1745729298.529258,0.0021607750095427036
1947,1745729330.9995809,0.0008415370830334723
1948,1745729341.079408,0.00019794428953900933
1949,1745729371.9436746,0.0003663082898128778
1950,1745729401.737258,0.0010528017301112413
1951,1745729424.8464456,0.0004935136530548334
1952,1745729453.8924115,0.0002842448011506349
1953,1745729481.9272466,0.0010284746531397104
1954,1745729513.0104446,0.002291038865223527
1955,1745729535.0186589,0.001050070859491825
1956,1745729561.7720804,0.000687715015374124
1957,1745729586.8509743,0.0007527436828240752
1958,1745729611.11032,0.0019369502551853657
1959,1745729641.026016,0.00035034562461078167
1960,1745729655.1606498,0.0006538114976137877
1961,1745729683.1251633,0.0003463646280579269
1962,1745729709.6567008,0.0006684052641503513
1963,1745729726.0134168,0.0007520508370362222
1964,1745729756.4546661,0.0031374788377434015
1965,1745729785.605299,0.0010342540917918086
1966,1745729806.7686784,0.0009168258402496576
1967,1745729827.6781666,0.0006193408044055104
1968,1745729856.2467551,0.0008661361644044518
1969,1745729887.6757457,0.00047221549903042614
1970,1745729901.7036362,0.00456412835046649
1971,1745729930.839686,0.0029438508208841085
1972,1745729955.2890024,0.0009588593966327608
1973,1745729979.7620168,0.001761454506777227
1974,1745730005.3143618,0.0005178533610887825
1975,1745730029.5900269,0.0003861920558847487
1976,1745730056.999016,0.0012892981758341193
1977,1745730084.112755,0.0006384965963661671
1978,1745730107.4402304,0.0007460952620021999
1979,1745730137.441328,0.00043628495768643916
1980,1745730168.9536676,0.0008604354807175696
1981,1745730200.0746627,0.000695909489877522
1982,1745730217.6917949,0.0010184966959059238
1983,1745730243.9481535,0.000236739098909311
1984,1745730267.870222,0.000908941903617233
1985,1745730290.6716018,0.001402190187945962
1986,1745730314.7545877,0.0009069714578799903
1987,1745730341.80506,0.0008801303338259459
1988,1745730380.5380044,0.0030577320139855146
1989,1745730404.3271134,0.0010700797429308295
1990,1745730422.9260185,0.0003687850257847458
1991,1745730449.3916335,0.0006289451266638935
1992,1745730472.1636293,0.00036063650622963905
1993,1745730501.1969247,0.0007087339763529599
1994,1745730517.0362818,0.00018414479563944042
1995,1745730549.2949128,0.0005642183823511004
1996,1745730575.205672,0.0007627231534570456
1997,1745730599.5948567,0.001216881675645709
1998,1745730615.0402215,0.005345596466213465
1999,1745730645.0261874,0.002157192910090089
2000,1745730674.3903663,0.002973204478621483
2001,1745730705.9998162,0.0006134287104941905
2002,1745730726.7544444,0.001021753647364676
2003,1745730755.7628381,0.0005908915190957487
2004,1745730781.6028376,0.00038182863499969244
2005,1745730809.4222624,0.0008210397209040821
2006,1745730849.8726127,0.0009047981584444642
2007,1745730857.4811308,0.001419645152054727
2008,1745730880.0084255,0.0010665829759091139
2009,1745730915.9857976,0.0011836616322398186
2010,1745730943.5937402,0.0018986532231792808
2011,1745730965.464202,0.00044115743367001414
2012,1745730989.9513705,0.00034306157613173127
2013,1745731015.6723955,0.0009293159819208086
2014,1745731037.9846387,0.007244803011417389
2015,1745731071.8402312,0.0008301236666738987
2016,1745731097.651901,0.000990406726486981
2017,1745731124.0346627,0.0002795949694700539
2018,1745731151.4141448,0.0004993399488739669
2019,1745731176.7585876,0.0007025481318123639
2020,1745731197.1068282,0.0004897551261819899
2021,1745731226.0695307,0.001528522465378046
2022,1745731259.0427494,0.0011838863138109446
2023,1745731286.4673574,0.00039597469731234014
2024,1745731315.040923,0.0024452251382172108
2025,1745731323.58213,0.0017840734217315912
2026,1745731583.2787354,0.001276278868317604
2027,1745731621.4924703,0.0006522624753415585
2028,1745731634.9113035,0.004584586247801781
2029,1745731656.5398943,0.00040066184010356665
2030,1745731686.1411748,0.0016418620944023132
2031,1745731699.2571516,0.0005401326343417168
2032,1745731728.4514914,0.0013046222738921642
2033,1745731755.717945,0.0006809004698880017
2034,1745731799.800062,0.0008048909949138761
2035,1745731815.8456337,0.0007441116613335907
2036,1745731837.5498676,0.0013377678114920855
2037,1745731865.863033,0.0008503535646013916
2038,1745731885.7204113,0.00043683586409315467
2039,1745731910.110381,0.0007501086220145226
2040,1745731934.0642312,0.0006877905107103288
2041,1745731966.6995387,0.0004961915547028184
2042,1745731992.936659,0.0008408461580984294
2043,1745732018.1769228,0.0065328204073011875
2044,1745732038.276192,0.00012658511695917696
2045,1745732065.74591,0.0004280292778275907
2046,1745732098.7680063,0.000971935864072293
2047,1745732123.6706698,0.0011543422006070614
2048,1745732155.2584054,0.0008272549021057785
2049,1745732170.664382,0.0010839105816558003
2050,1745732198.020159,0.0007187662995420396
2051,1745732211.3589559,0.0010610009776428342
2052,1745732240.0719416,0.000411998073104769
2053,1745732269.7609065,0.0008153526578098536
2054,1745732282.9085045,0.0006927807116881013
2055,1745732312.9135163,0.000998526462353766
2056,1745732341.2581525,0.00046074087731540203
2057,1745732367.9352005,0.0007509396527893841
2058,1745732388.171989,0.0009802283020690084
2059,1745732412.2269564,0.000330589507939294
2060,1745732438.526457,0.0002229460224043578
2061,1745732470.6279318,0.0006904812180437148
2062,1745732480.9279613,0.002485919278115034
2063,1745732512.2612915,0.0017785127274692059
2064,1745732547.619422,0.0017142852302640676
2065,1745732583.5671062,0.0005559939309023321
2066,1745732594.1330454,0.002571485470980406
2067,1745732621.5522563,0.0005575968534685671
2068,1745732650.3057694,0.0007278607226908207
2069,1745732677.7733305,0.00011088966857641935
2070,1745732703.6338747,0.0009691251325421035
2071,1745732729.3519936,0.0005369384889490902
2072,1745732753.7756374,0.0027165457140654325
2073,1745732785.5814247,0.0004845063085667789
2074,1745732809.0136998,0.0020571365021169186
2075,1745732834.4763176,0.017520485445857048
2076,1745732869.3710623,0.00034756865352392197
2077,1745732882.1091185,0.0003212128358427435
2078,1745732910.9588344,0.0020131361670792103
2079,1745732941.434956,0.0005511786439456046
2080,1745732975.8916416,0.0005972978542558849
2081,1745732990.2932017,0.0005899270181544125
2082,1745733011.6292582,0.0017012831522151828
2083,1745733030.8403938,0.0001713459932943806
2084,1745733061.3682952,0.0007030586712062359
2085,1745733090.1912453,0.0012881479924544692
2086,1745733102.2762718,0.0007378068985417485
2087,1745733134.004713,0.0001931321166921407
2088,1745733160.064495,0.0005850307061336935
2089,1745733178.4187315,0.0034689155872911215
2090,1745733205.1811962,0.0001890253770397976
2091,1745733239.6917164,0.0007201285334303975
2092,1745733255.0281682,0.0005347725236788392
2093,1745733276.7135909,0.0004395113792270422
2094,1745733303.494816,0.00010350610682507977
2095,1745733335.919339,0.0006297377403825521
2096,1745733355.9971788,0.0005535552627407014
2097,1745733385.8344607,0.0005222098552621901
2098,1745733411.4594452,0.00027211225824430585
2099,1745733438.4307227,0.000590143259614706
2100,1745733457.872772,0.00020583286823239177
2101,1745733484.858664,0.00034927326487377286
2102,1745733514.9318366,0.0019118241034448147
2103,1745733543.0196867,0.00035573149216361344
2104,1745733574.6258352,0.0003126809315290302
2105,1745733601.6234214,0.0009329635067842901
2106,1745733612.8190017,0.0001160745887318626
2107,1745733862.8504033,0.0003255002375226468
2108,1745733892.6860316,0.006668010260909796
2109,1745733922.1348877,0.00030189077369868755
2110,1745733956.472772,0.00018549033848103136
2111,1745733990.7943559,0.000468210520921275
2112,1745734021.2615836,0.0009763668058440089
2113,1745734050.5803976,0.00033569204970262945
2114,1745734079.7105927,0.000525245035532862
2115,1745734101.0358937,0.00028062224737368524
2116,1745734123.757735,0.000381659425329417
2117,1745734150.711187,0.0018722758395597339
2118,1745734179.2710814,0.00023420622164849192
2119,1745734198.9830403,0.0003664258401840925
2120,1745734226.7689292,0.0002875538484659046
2121,1745734248.804857,0.0002826147247105837
2122,1745734274.4061205,0.014708354137837887
2123,1745734310.9113889,0.0005162172601558268
2124,1745734329.4217176,0.0031039954628795385
2125,1745734349.8553476,0.000278446328593418
2126,1745734379.870614,0.0009567816741764545
2127,1745734407.8761017,0.00045838431105948985
2128,1745734433.4212363,0.0027114180848002434
2129,1745734464.1425834,0.00046476194984279573
2130,1745734484.813368,0.00041481907828710973
2131,1745734514.8272316,0.0002653234696481377
2132,1745734545.785709,0.00035054126055911183
2133,1745734556.8534172,0.003122273599728942
2134,1745734588.7337844,0.0005019046366214752
2135,1745734617.450957,0.00032999386894516647
2136,1745734634.1647766,0.0006869074422866106
2137,1745734664.9782135,0.00019102486839983612
2138,1745734682.2664373,6.397808465408161e-05
2139,1745734705.3431654,0.0015425493475049734
2140,1745734733.192067,0.0005640547606162727
2141,1745734757.139918,0.003026404185220599
2142,1745734782.6098685,0.0012024748139083385
2143,1745734813.3068945,0.0006137308082543314
2144,1745734835.5275667,0.00036174344131723046
2145,1745734854.6885552,0.0003463451866991818
2146,1745734880.8438046,0.0006650772411376238
2147,1745734905.7986326,0.0009842019062489271
2148,1745734936.9689648,0.00020050241437274963
2149,1745734969.963474,0.0003440917353145778
2150,1745734992.2445493,0.0004264161398168653
2151,1745735021.6844292,0.0006548491073772311
2152,1745735050.8621273,0.0007217132952064276
2153,1745735080.7846453,0.0009959733579307795
2154,1745735107.318453,0.0022249408066272736
2155,1745735132.5195193,0.0003662549133878201
2156,1745735154.443705,0.00036818228545598686
2157,1745735181.8543892,0.00021627882961183786
2158,1745735209.667518,0.0004561483801808208
2159,1745735235.3520215,0.00043422236922197044
2160,1745735266.1855018,0.0007371282554231584
2161,1745735297.0936656,0.000325413973769173
2162,1745735327.415193,0.00046463985927402973
2163,1745735351.4578564,0.0005621704622171819
2164,1745735375.4843998,0.0006375749362632632
2165,1745735402.5109103,0.0006657893536612391
2166,1745735432.1144094,0.002169723389670253
2167,1745735444.7260334,0.0003380893904250115
2168,1745735465.1716564,0.0005682120099663734
2169,1745735493.4756896,0.0010848125675693154
2170,1745735518.8639932,0.0002587786002550274
2171,1745735543.8205674,0.00036370460293255746
2172,1745735570.6560009,0.00026598264230415225
2173,1745735592.755051,0.01582305133342743
2174,1745735623.8910575,0.0035833418369293213
2175,1745735651.148096,0.0003538843884598464
2176,1745735673.8034987,0.0007910488056950271
2177,1745735696.8352737,0.00016632242477498949
2178,1745735717.7611852,0.00046497653238475323
2179,1745735748.2974906,0.0004339060978963971
2180,1745735776.6697047,0.00046821648720651865
2181,1745735807.185011,0.00032848454429768026
2182,1745735833.3398972,0.0007537807687185705
2183,1745735864.3774774,0.0004388251982163638
2184,1745735870.7764168,0.00022894424910191447
2185,1745735904.4937758,0.0024879160337150097
2186,1745735945.1706073,0.0021144715137779713
2187,1745735955.8019614,0.00019961438374593854
2188,1745736212.4897254,0.0004265065072104335
2189,1745736242.0171216,0.00043702556286007166
2190,1745736268.9450338,0.0006647830596193671
2191,1745736299.8468702,0.0007919077179394662
2192,1745736332.6948197,0.0006242198869585991
2193,1745736361.2928953,0.00037701340625062585
2194,1745736390.1736162,0.0005199859151616693
2195,1745736420.0392377,0.0006704744882881641
2196,1745736440.1777573,0.0002952129580080509
2197,1745736467.054215,0.0009712300961837173
2198,1745736490.4500391,0.0004145837447140366
2199,1745736521.8191915,0.013292371295392513
2200,1745736542.3432133,0.0003020706062670797
2201,1745736567.5429564,0.0003746980510186404
2202,1745736593.239487,0.0005597154377028346
2203,1745736618.5913377,0.00031399328145198524
2204,1745736652.4582682,0.0016635714564472437
2205,1745736679.1368763,0.0006180469645187259
2206,1745736705.4703653,0.0005300131742842495
2207,1745736728.1304207,0.0004001811030320823
2208,1745736755.912806,0.002404497005045414
2209,1745736780.589764,0.0002817752247210592
2210,1745736806.942534,0.00033090385841205716
2211,1745736834.3552341,0.005133775994181633
2212,1745736861.810308,0.00015650024579372257
2213,1745736890.6382475,0.0003699981316458434
2214,1745736906.693529,0.0008252821280620992
2215,1745736939.8129342,0.00036714121233671904
2216,1745736970.542876,0.0011324589140713215
2217,1745737004.9854674,0.0016463800566270947
2218,1745737018.1333914,0.0008010147721506655
2219,1745737056.6449068,0.0005526341265067458
2220,1745737076.6550293,0.0002421572571620345
2221,1745737090.6806602,0.0004209447361063212
2222,1745737118.8962727,0.0016697323881089687
2223,1745737142.026244,0.0006006949697621167
2224,1745737165.978694,0.008485522121191025
2225,1745737195.806418,0.0004635843215510249
2226,1745737222.9212658,0.00027410913025960326
2227,1745737244.258619,0.0006908517680130899
2228,1745737272.2755554,0.0002953480288852006
2229,1745737295.5343335,0.0005953940562903881
2230,1745737315.7798202,0.0003759556857403368
2231,1745737343.9790413,0.010664286091923714
2232,1745737368.7847278,0.0007179883541539311
2233,1745737389.553503,0.0010241217678412795
2234,1745737415.987735,0.004820320289582014
2235,1745737442.1737587,0.0003673229366540909
2236,1745737467.6645043,0.0005819778889417648
2237,1745737494.5987666,0.0003599899646360427
2238,1745737521.6691236,0.009662373922765255
2239,1745737541.503079,0.0005175006226636469
2240,1745737566.7722332,0.0005637131980620325
2241,1745737583.754881,0.0003916075802408159
2242,1745737621.1652966,0.0001873385044746101
2243,1745737653.6058178,0.0001696589752100408
2244,1745737683.0791023,0.0006962373154237866
2245,1745737712.7751808,0.0004586555587593466
2246,1745737731.256167,0.003573923371732235
2247,1745737753.9452887,0.00045164217590354383
2248,1745737779.8657548,0.00019235207582823932
2249,1745737804.5524142,5.3435200243256986e-05
2250,1745737829.8584018,0.0028733727522194386
2251,1745737858.6456842,0.00037779303966090083
2252,1745737880.6693757,0.00037572046858258545
2253,1745737907.0204225,0.0006333421333692968
2254,1745737932.190785,0.0005770138814114034
2255,1745737958.4940975,0.0002326144021935761
2256,1745737982.443921,0.00013892061542719603
2257,1745738021.5335982,0.0016742179868742824
2258,1745738043.3535173,0.0003803927102126181
2259,1745738065.546078,0.0008377954945899546
2260,1745738097.6497164,0.011390408501029015
2261,1745738131.463161,0.00029764306964352727
2262,1745738158.8116784,0.0003088081139139831
2263,1745738185.9124534,0.00044395076110959053
2264,1745738214.2492218,0.0013377211289480329
2265,1745738240.5384886,0.0007106051198206842
2266,1745738266.904111,0.0006620457279495895
2267,1745738297.6222408,0.0011704760836437345
2268,1745738311.6885986,0.0006860829889774323
2269,1745738553.861468,0.00045653420966118574
2270,1745738580.7350538,0.0002739809569902718
2271,1745738609.1734786,0.00031901325564831495
2272,1745738638.1507542,0.00015180995978880674
2273,1745738667.445902,0.00044322171015664935
2274,1745738695.1542275,0.0002897462691180408
2275,1745738728.396757,0.00022418907610699534
2276,1745738748.9200704,0.0006741904653608799
2277,1745738773.7747097,0.0004346114583313465
2278,1745738795.6805212,0.0003249721776228398
2279,1745738835.3785431,0.0007906609680503607
2280,1745738843.7355561,0.00040716829244047403
2281,1745738870.3117228,0.0008167808409780264
2282,1745738899.2677681,0.006907392293214798
2283,1745738914.4449406,0.0002647548681125045
2284,1745738946.892282,0.00019131203589495271
2285,1745738974.7906115,0.0001746036286931485
2286,1745739010.0679252,0.0007604740676470101
2287,1745739049.6910796,0.000565712689422071
2288,1745739069.1107612,0.0003920367453247309
2289,1745739091.8890483,0.0002610587398521602
2290,1745739119.2845128,0.004111377988010645
2291,1745739145.2261798,0.0003884130564983934
2292,1745739173.7561522,0.00038939437945373356
2293,1745739210.2049794,0.001099351909942925
2294,1745739227.4553294,0.00015623685612808913
2295,1745739251.9496458,0.0003833490773104131
2296,1745739267.1603243,0.0002590837830211967
2297,1745739290.1834624,0.0005203431355766952
2298,1745739321.7959456,0.000827558571472764
2299,1745739349.2184198,0.00037373125087469816
2300,1745739371.7907906,0.000769300211686641
2301,1745739403.5439515,0.00021599381580017507
2302,1745739422.8413458,0.00025634013582021
2303,1745739448.3306587,0.0006511356914415956
2304,1745739474.8803341,0.007697796914726496
2305,1745739496.680847,0.001252872752957046
2306,1745739520.04318,0.01895146258175373
2307,1745739548.8403914,0.0002478653041180223
2308,1745739578.751201,0.00045273511204868555
2309,1745739607.552708,0.00010151001333724707
2310,1745739632.1285987,8.67728449520655e-05
2311,1745739655.171087,0.00024105192278511822
2312,1745739684.547638,7.1921014750842e-05
2313,1745739714.0438933,0.0004681656719185412
2314,1745739743.0102954,0.009573631919920444
2315,1745739772.067204,0.006428527180105448
2316,1745739806.981454,9.53573762672022e-05
2317,1745739814.6732125,0.0008233072003349662
2318,1745739843.301732,0.0007019851473160088
2319,1745739868.4349005,0.0037806739564985037
2320,1745739902.7259362,0.00300203706137836
2321,1745739929.7506864,0.0003913518157787621
2322,1745739948.285481,0.0006742661935277283
2323,1745739971.338551,0.00013232737546786666
2324,1745739997.8893414,7.53446074668318e-05
2325,1745740035.6590006,0.00021579241729341447
2326,1745740060.9284585,0.0003830812929663807
2327,1745740089.2096138,0.000495891144964844
2328,1745740117.7185354,0.00029167335014790297
2329,1745740136.9516456,0.0008960397681221366
2330,1745740163.4518368,0.0005203454638831317
2331,1745740192.336924,0.0004192181513644755
2332,1745740225.421132,0.0001256501127500087
2333,1745740260.6148977,0.0004808389348909259
2334,1745740276.520406,0.015864703804254532
2335,1745740301.0584269,0.0004725902690552175
2336,1745740329.2393785,0.00014662508328910917
2337,1745740362.3824606,0.005431364756077528
2338,1745740393.9935586,0.0016442238120362163
2339,1745740426.0625224,0.0011369811836630106
2340,1745740460.3788059,0.002577366540208459
2341,1745740491.9042525,0.0018427603645250201
2342,1745740520.4416952,0.00023753569985274225
2343,1745740557.885182,0.0039146882481873035
2344,1745740576.9193,0.0008117369143292308
2345,1745740602.7983203,0.009512439370155334
2346,1745740628.808335,0.00028785670292563736
2347,1745740654.077209,0.00041823889478109777
2348,1745740675.1434786,0.0010241809068247676
2349,1745740694.833702,0.00048222451005131006
2350,1745740931.456698,0.004921622108668089
2351,1745740956.3947434,0.00036348035791888833
2352,1745740984.067282,0.0005018924130126834
2353,1745741008.594325,0.00027764664264395833
2354,1745741031.6791775,0.0015913830138742924
2355,1745741059.0613208,0.0019745712634176016
2356,1745741086.577286,0.000146498394315131
2357,1745741109.4868329,0.0007404659409075975
2358,1745741139.446319,0.003370922990143299
2359,1745741173.439213,0.0022810872178524733
2360,1745741181.9154782,0.0033374112099409103
2361,1745741208.6359932,0.003502165200188756
2362,1745741235.7731063,0.007370211649686098
2363,1745741249.993108,0.002028105314821005
2364,1745741281.223408,0.0007939131464809179
2365,1745741312.0292678,0.0009094796259887516
2366,1745741341.2376206,0.00016093409794848412
2367,1745741358.315982,0.0002401158562861383
2368,1745741391.3466823,0.0017651969101279974
2369,1745741423.241688,0.01123989000916481
2370,1745741440.5891712,0.0002103312435792759
2371,1745741470.4020603,0.00012488440552260727
2372,1745741496.2413964,0.0003098156303167343
2373,1745741520.206209,0.0002248662058264017
2374,1745741551.1414688,0.003235802287235856
2375,1745741589.8397288,0.0008551659411750734
2376,1745741611.0738597,0.0006615564343519509
2377,1745741631.5382156,0.002153770299628377
2378,1745741654.2691536,0.007831444963812828
2379,1745741680.6352372,0.0003169996780343354
2380,1745741708.6070173,0.00020358816254884005
2381,1745741732.8473258,0.0003718236112035811
2382,1745741759.1495416,0.001443855231627822
2383,1745741781.5638666,0.0012450312497094274
2384,1745741811.9562833,0.018346676602959633
2385,1745741832.122115,0.0006521465838886797
2386,1745741859.4316728,0.018790394067764282
2387,1745741889.1386328,0.0003092799452133477
2388,1745741913.743555,0.0011089749168604612
2389,1745741937.6899407,0.0003751764597836882
2390,1745741968.3522155,0.0008236452704295516
2391,1745741990.5138903,0.003959410358220339
2392,1745742009.7581103,0.00032634587842039764
2393,1745742040.7672422,0.00024037776165641844
2394,1745742069.385711,0.0005052881315350533
2395,1745742098.3303282,0.00011729569814633578
2396,1745742119.6705978,0.001514565316028893
2397,1745742138.3206422,0.0008557655964978039
2398,1745742172.0367465,0.0004975488991476595
2399,1745742198.7891521,0.00034314507502131164
2400,1745742226.6297083,0.0003452409873716533
2401,1745742248.9518306,0.00021588124218396842
2402,1745742272.8013453,0.0009287700522691011
2403,1745742301.8796968,0.00023300065367948264
2404,1745742318.0210614,0.00019343153689987957
2405,1745742357.1277137,0.00025271400227211416
2406,1745742384.8882093,0.00023145244631450623
2407,1745742412.2644472,0.012973540462553501
2408,1745742436.2856622,0.0021557998843491077
2409,1745742464.199628,0.0005844342522323132
2410,1745742479.5666745,0.0003965778450947255
2411,1745742513.932459,0.0006985263898968697
2412,1745742547.7294068,0.0013283808948472142
2413,1745742575.31315,0.002002643421292305
2414,1745742602.8556094,0.0003973121347371489
2415,1745742628.2625632,0.0005917844828218222
2416,1745742654.896716,0.0004053279117215425
2417,1745742683.0482488,0.0015298885991796851
2418,1745742712.7679434,0.00017218542052432895
2419,1745742744.4875252,0.009893099777400494
2420,1745742766.5374107,0.001864871708676219
2421,1745742790.4325259,0.0003424336318857968
2422,1745742815.8199234,0.002824095543473959
2423,1745742836.2527313,8.537326357327402e-05
2424,1745742862.5125065,0.00010640444816090167
2425,1745742886.8489006,0.00023306228104047477
2426,1745742910.877741,0.0017884792760014534
2427,1745742947.3416953,0.0006210735882632434
2428,1745742973.488637,9.988217061618343e-05
2429,1745742994.7183063,0.00016452051931992173
2430,1745743010.2546687,0.0006564342183992267
2431,1745743271.061835,0.006847882177680731
2432,1745743311.9342518,0.000141116717713885
2433,1745743336.2770753,0.0017035555792972445
2434,1745743361.495932,0.0007532226736657321
2435,1745743382.5612583,0.0001974417973542586
2436,1745743406.0845182,0.0001452837896067649
2437,1745743434.6332204,0.0010004262439906597
2438,1745743459.5940006,0.005022663157433271
2439,1745743486.1828997,0.00029192495276220143
2440,1745743513.902087,0.0002038974780589342
2441,1745743548.5178986,0.00019561222870834172
2442,1745743580.8947167,0.0003537174197845161
2443,1745743603.8925068,0.00018438823462929577
2444,1745743627.938057,0.00020617102563846856
2445,1745743649.3798966,0.00035874603781849146
2446,1745743672.0634818,0.015878386795520782
2447,1745743693.0967693,0.00026182280271314085
2448,1745743716.1489308,0.0007939085480757058
2449,1745743743.0660338,0.0005778063787147403
2450,1745743770.2300467,0.0009424101444892585
2451,1745743795.688356,0.0003361373965162784
2452,1745743825.9968657,0.0004946698318235576
2453,1745743862.3563082,0.0005455773207359016
2454,1745743874.9658272,0.0002980238350573927
2455,1745743898.2591724,0.0009248463320545852
2456,1745743927.4906638,0.0007038449984975159
2457,1745743950.9264019,0.00893697701394558
2458,1745743965.9499574,0.0008369522402063012
2459,1745743999.498337,0.00018646589887794107
2460,1745744031.4670138,0.001397996675223112
2461,1745744071.9234807,0.0022163817193359137
2462,1745744087.2758358,0.004956105723977089
2463,1745744109.1054308,0.0035869982093572617
2464,1745744132.0956962,0.0002563931921031326
2465,1745744161.5861409,0.00043542569619603455
2466,1745744188.0285733,0.006692699156701565
2467,1745744201.2564876,0.0010756056290119886
2468,1745744231.0891283,0.0016370477387681603
2469,1745744257.7806685,0.010020993649959564
2470,1745744284.5482872,0.00041469131247140467
2471,1745744315.429347,0.0010425919899716973
2472,1745744343.182903,0.001089012250304222
2473,1745744363.7451355,0.000342393119353801
2474,1745744396.0556607,0.002789050340652466
2475,1745744412.2969844,0.0013408723752945662
2476,1745744438.0116432,0.0007236495730467141
2477,1745744466.8265688,0.0002824419061653316
2478,1745744493.490808,0.0006556452135555446
2479,1745744518.127624,0.0012068410869687796
2480,1745744540.8831637,0.00023856053303461522
2481,1745744571.9559689,0.0007126968703232706
2482,1745744602.389273,0.0003029954677913338
2483,1745744617.0971289,0.0002841647947207093
2484,1745744641.6819496,0.00031502635101787746
2485,1745744668.356231,0.0001773004187270999
2486,1745744694.6174986,0.0005469687166623771
2487,1745744720.5626366,0.00021144936908967793
2488,1745744753.3325028,0.00016166554996743798
2489,1745744780.3841977,0.0003308769955765456
2490,1745744809.3907773,0.0007041773060336709
2491,1745744838.0127358,9.49705790844746e-05
2492,1745744867.4704523,0.0046234130859375
2493,1745744895.2468727,0.0003361063136253506
2494,1745744917.5940418,0.0014526593731716275
2495,1745744944.551293,0.0002631975803524256
2496,1745744968.840265,0.00032661837758496404
2497,1745744998.8123534,0.0002192666579503566
2498,1745745013.1240423,0.0002453516353853047
2499,1745745037.643929,0.0007665700977668166
2500,1745745064.2348409,0.0010030108969658613
2501,1745745093.30412,0.0001372602127958089
2502,1745745122.1738634,0.00023597328981850296
2503,1745745148.7359538,0.0001387246447848156
2504,1745745175.5666692,0.0018850282067433
2505,1745745196.5555294,0.00042178851435892284
2506,1745745230.5928614,0.00030360312666743994
2507,1745745244.1154518,0.00017039128579199314
2508,1745745277.0545845,0.0012725179549306631
2509,1745745298.518368,0.000594736950006336
2510,1745745323.1992598,0.00019203938427381217
2511,1745745337.4772286,0.0018928097561001778
2512,1745745576.8541822,7.945374818518758e-05
2513,1745745608.0074217,0.00014243028999771923
2514,1745745634.5271447,0.0001612546475371346
2515,1745745661.2284982,0.0002704411745071411
2516,1745745694.857547,0.0004363402258604765
2517,1745745712.3315735,0.00013363402104005218
2518,1745745743.172728,0.00010927151015494019
2519,1745745768.1746259,0.00025558186462149024
2520,1745745791.761344,0.0002254195569548756
2521,1745745827.1153302,0.0003423210873734206
2522,1745745860.8688009,0.000300915795378387
2523,1745745881.4456642,0.0002687497762963176
2524,1745745908.3148513,7.242996070999652e-05
2525,1745745928.0098233,0.000178112430148758
2526,1745745958.260157,0.00011448899749666452
2527,1745745989.5275779,7.860802725190297e-05
2528,1745746007.5253768,9.953156404662877e-05
2529,1745746040.4845679,0.0005211494863033295
2530,1745746064.5053408,0.00012172802962595597
2531,1745746087.065067,0.00030258033075369895
2532,1745746112.1887534,8.473981870338321e-05
2533,1745746152.316908,0.00013129826402291656
2534,1745746178.5355206,0.00019676293595694005
2535,1745746198.9945302,0.0002098224067594856
2536,1745746225.085528,0.00013047820539213717
2537,1745746255.055266,0.00010207868763245642
2538,1745746294.3727715,0.0007889426196925342
2539,1745746307.6970618,0.00013251989730633795
2540,1745746336.2752898,0.00019388674991205335
2541,1745746366.657002,0.0001370495738228783
2542,1745746389.455892,0.0001455874153180048
2543,1745746419.9183247,0.00024345546262338758
2544,1745746451.2108746,0.011156369000673294
2545,1745746474.3133707,0.009387560188770294
2546,1745746496.5422144,0.00012339337263256311
2547,1745746521.01627,0.00039090964128263295
2548,1745746548.2851977,0.000455349130788818
2549,1745746574.9066112,0.008024915121495724
2550,1745746602.5030372,0.00018749499577097595
2551,1745746628.1001668,0.00014314769941847771
2552,1745746638.2128775,5.4234551498666406e-05
2553,1745746671.5502365,0.00018853251822292805
2554,1745746702.109972,0.009249205701053143
2555,1745746737.493158,0.0001382461778121069
2556,1745746750.4433362,0.00028946585371159017
2557,1745746774.0449772,9.644441161071882e-05
2558,1745746800.665033,0.007575408089905977
2559,1745746826.2556028,0.00033038348192349076
2560,1745746841.2466578,0.004204745404422283
2561,1745746868.4259953,0.0001827044616220519
2562,1745746898.2171862,0.006509027909487486
2563,1745746925.9677896,0.0003637738118413836
2564,1745746959.4593835,0.000961541139986366
2565,1745746989.223586,0.001212568604387343
2566,1745747015.040775,0.001588639453984797
2567,1745747031.7975094,0.0017040238017216325
2568,1745747060.5362709,0.009270641952753067
2569,1745747082.2065008,0.001052516046911478
2570,1745747102.6267972,0.0002354620082769543
2571,1745747130.3731785,0.012717114761471748
2572,1745747167.9654312,0.0002625554916448891
2573,1745747181.7827632,0.0028808279894292355
2574,1745747221.1442754,0.001329116988927126
2575,1745747249.8203363,0.0004556094645522535
2576,1745747276.5769193,0.00016285161837004125
2577,1745747302.9467692,0.0003514222626108676
2578,1745747327.290429,0.0002513387007638812
2579,1745747350.5961256,0.0003271296445745975
2580,1745747376.1654577,0.040525373071432114
2581,1745747403.2422578,0.002051396295428276
2582,1745747430.3773851,0.004871380515396595
2583,1745747465.0087554,0.001791368704289198
2584,1745747497.4867048,0.005743091925978661
2585,1745747518.8804436,0.0013005398213863373
2586,1745747543.6847937,0.0006656142650172114
2587,1745747566.7492156,0.000511796330101788
2588,1745747601.6784737,0.00010019883484346792
2589,1745747611.3701901,0.0041610137559473515
2590,1745747638.7060168,0.003901866963133216
2591,1745747675.1189191,0.000697254785336554
2592,1745747683.7340188,0.0006982559571042657
2593,1745747936.1996875,0.00017862005915958434
2594,1745747955.092087,9.598478936823085e-05
2595,1745747976.1657264,0.0004959296784363687
2596,1745748000.1663737,7.980205555213615e-05
2597,1745748026.653488,0.00011743214417947456
2598,1745748051.589982,0.0019450187683105469
2599,1745748081.5756726,0.008024745620787144
2600,1745748096.4224315,0.00020018294162582606
2601,1745748125.166643,0.0004120304947718978
2602,1745748153.9628735,0.0005712864804081619
2603,1745748195.5795074,0.0011385977268218994
2604,1745748221.9932694,0.0014399233041331172
2605,1745748247.2368267,7.872430433053523e-05
2606,1745748278.479018,0.007018025498837233
2607,1745748294.9910843,0.001725556212477386
2608,1745748324.362194,0.0011063781566917896
2609,1745748346.8305845,0.0014701713807880878
2610,1745748368.462506,0.000153237022459507
2611,1745748405.8948057,0.009181678295135498
2612,1745748426.970593,0.01494956947863102
2613,1745748453.9278195,0.00584442401304841
2614,1745748473.0249112,0.0008512416388839483
2615,1745748500.127504,0.0026167198084294796
2616,1745748531.97749,0.009989731945097446
2617,1745748560.2484422,0.005035138223320246
2618,1745748595.0410452,0.0015641212230548263
2619,1745748611.4477835,0.0001931581791723147
2620,1745748633.3711693,0.004756213631480932
2621,1745748662.1677074,0.0011401098454371095
2622,1745748696.26383,0.0010727723129093647
2623,1745748715.4664085,0.013522181659936905
2624,1745748741.3022616,0.010256967507302761
2625,1745748767.8539984,0.002688216045498848
2626,1745748799.7959023,0.00017686636419966817
2627,1745748815.0862603,0.0028568573761731386
2628,1745748841.3555918,0.00028319613193161786
2629,1745748867.4824908,0.002268609357997775
2630,1745748885.2427456,0.0009508767980150878
2631,1745748911.5297356,0.00034741920535452664
2632,1745748935.6910048,0.0003844165476039052
2633,1745748962.3068476,0.0005467040464282036
2634,1745748989.0092463,0.00030396986403502524
2635,1745749018.0640883,0.0006401657010428607
2636,1745749031.2623007,0.0011280329199507833
2637,1745749059.686265,0.0003345172735862434
2638,1745749091.4067965,0.004144217353314161
2639,1745749119.0827665,0.0007318702409975231
2640,1745749145.6640162,0.0011590798385441303
2641,1745749177.4929018,0.0005005939747206867
2642,1745749218.025774,0.0013256067177280784
2643,1745749243.5836892,0.0033157223369926214
2644,1745749270.989669,0.00023100938415154815
2645,1745749287.4290967,0.0014029958983883262
2646,1745749314.244877,0.0026209100615233183
2647,1745749337.4855232,0.00021227482648100704
2648,1745749365.4717922,0.0005846916465088725
2649,1745749379.4224968,0.0015460833674296737
2650,1745749407.7777312,0.0021405944135040045
2651,1745749444.311009,0.00021134779672138393
2652,1745749456.6097438,0.0009695896878838539
2653,1745749486.3875365,0.06100304424762726
2654,1745749511.563191,0.0017497263615950942
2655,1745749543.1395009,0.008704010397195816
2656,1745749564.7162218,0.01305357739329338
2657,1745749595.3383644,0.00139863439835608
2658,1745749621.7573116,0.00021645610104314983
2659,1745749636.9962127,0.010512902401387691
2660,1745749672.063109,0.002671453170478344
2661,1745749703.6051443,0.0019048572285100818
2662,1745749736.4632885,0.004076840355992317
2663,1745749758.5325348,0.001766411354765296
2664,1745749785.0611098,0.0011547055328264832
2665,1745749812.3970394,0.0002125706960214302
2666,1745749836.4542582,0.0002927383466158062
2667,1745749862.256171,0.0020712243858724833
2668,1745749893.4446373,0.006177948322147131
2669,1745749929.0353408,0.0056931497529149055
2670,1745749963.349758,0.0008436998468823731
2671,1745749983.909796,0.00033130819792859256
2672,1745749997.529695,0.011755423620343208
2673,1745750012.3791022,0.0001974576443899423
2674,1745750255.6411772,0.0011338144540786743
2675,1745750276.8873553,0.00041002006037160754
2676,1745750300.1271946,0.001417860621586442
2677,1745750333.3902667,0.0013644917635247111
2678,1745750366.5752685,0.0042723240330815315
2679,1745750393.8435488,0.000772122060880065
2680,1745750409.4883938,0.0010905566159635782
2681,1745750436.2495575,0.004634946584701538
2682,1745750469.646598,0.0004909199196845293
2683,1745750478.4678323,0.000599600316490978
2684,1745750509.9676843,0.00029848370468243957
2685,1745750546.4528346,0.0002721835917327553
2686,1745750578.4942324,0.0002047272864729166
2687,1745750600.797821,0.00029286116478033364
2688,1745750628.236113,0.0003498443984426558
2689,1745750657.2742426,0.00018076959531754255
2690,1745750685.7088912,0.001027228543534875
2691,1745750696.8825717,0.0034373258240520954
2692,1745750729.7354963,0.0004049392300657928
2693,1745750762.173831,0.0010647152084857225
2694,1745750779.7051692,0.00039479692350141704
2695,1745750810.9250538,0.0001694618258625269
2696,1745750822.3734457,0.003808383597061038
2697,1745750849.3704147,0.00022237349185161293
2698,1745750876.8100624,0.00045916144154034555
2699,1745750900.6347442,0.0003655114851426333
2700,1745750925.0880404,0.0003147103125229478
2701,1745750961.7308433,0.00021473370725288987
2702,1745750979.871338,0.00340750883333385
2703,1745751003.2591379,8.710627298569307e-05
2704,1745751039.073056,0.0014580786228179932
2705,1745751065.4692771,0.0004726868064608425
2706,1745751088.2894216,0.007207017857581377
2707,1745751116.0865505,0.0005757971084676683
2708,1745751137.3725746,0.00048341808724217117
2709,1745751163.1989322,0.00036939900019206107
2710,1745751189.5324028,0.00024373842461500317
2711,1745751216.5507932,0.001747675589285791
2712,1745751238.6101058,5.2966115617891774e-05
2713,1745751262.3964636,0.00010765291517600417
2714,1745751287.7701035,0.00011938389070564881
2715,1745751301.3828144,0.000536300940439105
2716,1745751329.965819,0.005916133988648653
2717,1745751357.8622777,0.0002268204843858257
2718,1745751380.644993,0.0002986090548802167
2719,1745751413.5309308,0.0005728690885007381
2720,1745751436.4992213,0.00013748461788054556
2721,1745751461.5280244,0.0001150556345237419
2722,1745751484.4367118,0.0009399793343618512
2723,1745751520.3282444,0.003436926519498229
2724,1745751527.8569481,0.0024559565354138613
2725,1745751553.433189,0.007216304540634155
2726,1745751581.823279,9.045235492521897e-05
2727,1745751610.0024395,0.0002022593398578465
2728,1745751632.4233954,0.00022155116312205791
2729,1745751657.4038107,0.0001319392613368109
2730,1745751679.7908902,0.007445488590747118
2731,1745751706.7494338,0.00032368130632676184
2732,1745751736.8823752,0.0006264561670832336
2733,1745751761.5232453,0.00030755653278902173
2734,1745751793.9525433,0.0042315260507166386
2735,1745751811.4479737,0.006953052710741758
2736,1745751840.895829,0.00023501156829297543
2737,1745751862.306402,6.631909491261467e-05
2738,1745751892.1459906,0.00020078795205336064
2739,1745751918.509688,0.00027393639902584255
2740,1745751934.4638963,0.0007526960107497871
2741,1745751966.8052483,0.00012596731539815664
2742,1745751992.9672976,0.0012762347469106317
2743,1745752025.7883525,0.00012569788668770343
2744,1745752051.5237076,0.00012028289347654209
2745,1745752076.7664466,0.0009282307582907379
2746,1745752102.424295,0.00045472566853277385
2747,1745752133.3469832,0.0003508235968183726
2748,1745752164.8888757,0.0004541081143543124
2749,1745752199.8432543,0.0002817174536176026
2750,1745752216.174121,0.0005115653038956225
2751,1745752243.9649935,0.0008815969340503216
2752,1745752263.4969444,0.004454089794307947
2753,1745752298.1753204,0.0001960387162398547
2754,1745752305.2453969,0.0026357737369835377
2755,1745752544.0008638,0.00019735388923436403
2756,1745752567.9096003,0.0339672677218914
2757,1745752592.2802782,0.00018514765542931855
2758,1745752620.2071204,0.00039178418228402734
2759,1745752643.4947808,0.00013946717081125826
2760,1745752677.8590415,8.754941518418491e-05
2761,1745752707.205383,9.681699157226831e-05
2762,1745752731.6577094,8.353209705092013e-05
2763,1745752757.6367252,0.00013142895477358252
2764,1745752777.4952312,0.000267998781055212
2765,1745752803.8374622,5.418217915575951e-05
2766,1745752827.4287121,0.005881889723241329
2767,1745752856.6765873,0.00013622101687360555
2768,1745752882.8766086,0.0001843448990257457
2769,1745752908.8516138,0.00019268598407506943
2770,1745752928.3491752,0.000456551875686273
2771,1745752960.4572601,0.00041611638152971864
2772,1745752975.0826917,0.0003370709018781781
2773,1745753000.6587875,0.0005264198407530785
2774,1745753037.840078,0.00019510807760525495
2775,1745753062.5008612,0.0005401571397669613
2776,1745753081.2601514,0.0004948479472659528
2777,1745753103.7162793,0.0043304129503667355
2778,1745753142.4628756,0.00014136526442598552
2779,1745753167.4744735,0.00019723297737073153
2780,1745753197.121898,0.00025624310364946723
2781,1745753232.2907858,5.642063115374185e-05
2782,1745753256.4271843,7.001035555731505e-05
2783,1745753286.3891132,0.00025681746774353087
2784,1745753312.0818179,0.00030540581792593
2785,1745753330.7789943,0.00018844116129912436
2786,1745753357.0372612,0.0006703206454403698
2787,1745753388.3366792,0.0005383219686336815
2788,1745753408.4674501,0.0003696525236591697
2789,1745753442.724211,0.000722804106771946
2790,1745753450.483623,0.0006044760229997337
2791,1745753478.9601948,0.00013606641732621938
2792,1745753505.1536384,0.006651141680777073
2793,1745753517.3846424,0.005435469094663858
2794,1745753546.3619912,0.0002308884431840852
2795,1745753578.0509446,0.00024242665676865727
2796,1745753599.447609,0.0002848766453098506
2797,1745753624.3060353,0.00019928274559788406
2798,1745753648.2631228,0.001395765459164977
2799,1745753674.459483,0.0008205377380363643
2800,1745753703.5269535,0.0027381700929254293
2801,1745753715.405067,0.00021782498515676707
2802,1745753746.9388835,0.0003031025407835841
2803,1745753767.5336368,0.0003910339728463441
2804,1745753794.3793833,0.0005755035672336817
2805,1745753814.101647,0.0004703882150352001
2806,1745753841.326551,0.0002963158185593784
2807,1745753861.7933934,0.0010112569434568286
2808,1745753893.9222286,0.00025512531283311546
2809,1745753921.4683435,0.0006250927108339965
2810,1745753940.4177084,0.0008270484977401793
2811,1745753966.2053576,0.00030489714117720723
2812,1745753998.6935024,0.006639576517045498
2813,1745754017.1324708,9.840223356150091e-05
2814,1745754041.834143,0.00022412397083826363
2815,1745754077.9207475,0.00038310946547426283
2816,1745754118.900863,0.0002878130762837827
2817,1745754141.6799977,0.00824385043233633
2818,1745754164.3661048,0.00020818399207200855
2819,1745754181.2066562,0.00015350981266237795
2820,1745754214.5828013,0.00017268367810174823
2821,1745754250.8148682,0.0007318069692701101
2822,1745754277.1814215,0.00025871038087643683
2823,1745754303.673812,0.00030850895564071834
2824,1745754329.2895026,8.770216663833708e-05
2825,1745754351.7683344,0.0001836137380450964
2826,1745754377.8040538,6.999809556873515e-05
2827,1745754402.589056,0.0001814930874388665
2828,1745754431.8418899,0.00014769069093745202
2829,1745754461.035236,0.00028899501194246113
2830,1745754495.0565627,0.00018299027578905225
2831,1745754518.3457055,0.0005647820653393865
2832,1745754549.6152778,0.00015165218792390078
2833,1745754585.4253712,0.0002568749478086829
2834,1745754611.4680464,0.0002400483936071396
2835,1745754617.8946316,1.8884584278566763e-05
2836,1745754850.4197838,0.007177235558629036
2837,1745754878.0806417,0.0002307094109710306
2838,1745754903.239038,6.571523408638313e-05
2839,1745754927.3285499,7.156375795602798e-05
2840,1745754952.9879723,0.0006045250338502228
2841,1745754984.0938365,0.0032457364723086357
2842,1745755013.4764948,7.672899664612487e-05
2843,1745755044.9970062,0.00010600857785902917
2844,1745755079.9063413,0.0002351420553168282
2845,1745755111.1135018,0.0002167646016459912
2846,1745755127.2708542,4.9630434659775347e-05
2847,1745755158.9575326,0.00011643026664387435
2848,1745755199.1192596,0.00017258775187656283
2849,1745755227.1419828,0.00017637808923609555
2850,1745755245.2178643,0.000385191262466833
2851,1745755270.1106832,0.0002073345531243831
2852,1745755294.9796755,0.00014650862431153655
2853,1745755320.709691,0.0001459677587263286
2854,1745755349.1868806,3.9736449252814054e-05
2855,1745755375.9826267,0.00035565937287174165
2856,1745755403.4530668,6.630656571360305e-05
2857,1745755442.3804872,0.00013896577002014965
2858,1745755469.2699742,5.785117173218168e-05
2859,1745755489.8635142,0.00020592323562595993
2860,1745755523.3564456,0.00908407848328352
2861,1745755545.5671742,0.00017272730474360287
2862,1745755572.099109,0.0005842774990014732
2863,1745755584.680014,0.0008508114260621369
2864,1745755614.1169758,0.00013931885769125074
2865,1745755645.284395,0.0002719564945437014
2866,1745755676.4566104,4.8214627895504236e-05
2867,1745755702.1752238,0.0002993358066305518
2868,1745755731.057525,0.00015508448996115476
2869,1745755747.8220994,0.0010358236031606793
2870,1745755774.2593913,0.000351264956407249
2871,1745755811.0473516,0.00011498104140628129
2872,1745755821.1246178,0.00010901036148425192
2873,1745755853.7853053,0.00012465969484765083
2874,1745755890.5326798,0.00014323349751066417
2875,1745755915.1448505,9.570075053488836e-05
2876,1745755935.0155602,4.033639561384916e-05
2877,1745755958.4136474,0.00011642171739367768
2878,1745755988.321152,0.0002577625564299524
2879,1745756017.3804343,5.993203740217723e-05
2880,1745756037.4629679,0.00011839330545626581
2881,1745756062.4757454,8.15995445009321e-05
2882,1745756089.20492,0.0003705104754772037
2883,1745756115.5368948,0.0001206041342811659
2884,1745756127.0188537,0.0023047621361911297
2885,1745756150.823765,0.00015453482046723366
2886,1745756179.6691542,0.00023078103549778461
2887,1745756206.7476866,9.870599751593545e-05
2888,1745756231.0513449,0.00016562653763685375
2889,1745756263.1902812,0.00019380086450837553
2890,1745756275.7575808,0.0001219892074004747
2891,1745756316.5946224,9.224381938111037e-05
2892,1745756332.1022046,0.00011094966612290591
2893,1745756357.9590948,7.719704444753006e-05
2894,1745756387.116617,0.00015545498172286898
2895,1745756413.315317,0.00011821131920441985
2896,1745756440.1150277,0.0002570236974861473
2897,1745756465.3270583,8.90718656592071e-05
2898,1745756488.4508839,0.00020746076188515872
2899,1745756517.5226066,0.0011556899407878518
2900,1745756544.1658604,0.010619993321597576
2901,1745756569.4919994,5.486722875502892e-05
2902,1745756592.6984758,7.81427588663064e-05
2903,1745756624.963179,0.0002369994908804074
2904,1745756651.5367281,7.136986823752522e-05
2905,1745756676.6005824,0.00022899924078956246
2906,1745756704.7938704,0.0002586357295513153
2907,1745756731.6028237,0.0011079097166657448
2908,1745756754.8293445,0.00039869186002761126
2909,1745756781.244147,8.752091525821015e-05
2910,1745756812.357753,0.004776378162205219
2911,1745756846.159975,0.0007265001186169684
2912,1745756869.7801788,0.00025383991305716336
2913,1745756900.7950153,0.0002750814310275018
2914,1745756931.2673218,0.0002028271119343117
2915,1745756955.9382756,0.0029431451112031937
2916,1745756970.2143621,0.00027919362764805555
2917,1745757213.6936958,0.00018200783233623952
2918,1745757242.1522775,0.00012995180441066623
2919,1745757269.2345037,0.0003633424057625234
2920,1745757286.8695214,0.0007307330379262567
2921,1745757313.4449346,7.774014375172555e-05
2922,1745757339.4013312,0.00010873960127355531
2923,1745757365.2490327,0.00013014143041800708
2924,1745757393.284022,0.00011159111454617232
2925,1745757421.576776,0.0001686323812464252
2926,1745757446.815169,0.00044369202805683017
2927,1745757472.8128958,0.00016387224604841322
2928,1745757500.8507497,0.0001301100419368595
2929,1745757536.2018185,0.00010912281868513674
2930,1745757555.8086762,7.586520223412663e-05
2931,1745757585.638709,0.0003593086148612201
2932,1745757612.1533875,0.0001893022417789325
2933,1745757643.2603483,9.264231630368158e-05
2934,1745757673.2893782,8.665266796015203e-05
2935,1745757690.0023682,3.137772364425473e-05
2936,1745757716.6179128,5.355046960175969e-05
2937,1745757744.6089551,0.01329280436038971
2938,1745757769.3911405,6.88861109665595e-05
2939,1745757792.2575097,0.00011435669875936583
2940,1745757817.513253,8.124212035909295e-05
2941,1745757843.147884,0.00012245697143953294
2942,1745757871.5619895,0.00012100332969566807
2943,1745757894.5210242,0.0004323200846556574
2944,1745757918.5249765,0.00011056676157750189
2945,1745757942.6349566,0.00015977957809809595
2946,1745757975.4568098,0.0017651107627898455
2947,1745758006.27597,0.0007090910221450031
2948,1745758025.2000957,0.00015027332119643688
2949,1745758053.2736633,4.115766932955012e-05
2950,1745758084.166068,0.0064826724119484425
2951,1745758113.2779884,5.1075603550998494e-05
2952,1745758139.298076,6.916392885614187e-05
2953,1745758164.5537934,0.00017799694614950567
2954,1745758190.512437,0.00014853043830953538
2955,1745758212.2217627,0.0003173519507981837
2956,1745758248.472222,0.00012225995305925608
2957,1745758260.6070344,0.00041226480971090496
2958,1745758286.570811,0.0004015103913843632
2959,1745758312.331059,0.00017611851217225194
2960,1745758338.4960942,0.00030899353441782296
2961,1745758365.091035,0.0009777992963790894
2962,1745758391.217779,0.0003148376999888569
2963,1745758417.6692207,0.0001150668176705949
2964,1745758440.251744,0.00010755410767160356
2965,1745758465.9166317,0.00018622781499288976
2966,1745758491.9647763,0.0001191163610201329
2967,1745758518.1168993,6.190299609443173e-05
2968,1745758550.1522744,6.234599277377129e-05
2969,1745758573.4092155,5.9907626564381644e-05
2970,1745758596.7928317,8.109277405310422e-05
2971,1745758624.4842663,0.00014638682478107512
2972,1745758655.1677876,7.877415191615e-05
2973,1745758677.287481,0.000128702653455548
2974,1745758707.291246,0.00011297954915789887
2975,1745758732.8657553,8.973825606517494e-05
2976,1745758753.8680546,0.00021757371723651886
2977,1745758779.0719419,0.00013282039435580373
2978,1745758808.6480322,0.00027654547011479735
2979,1745758831.4685605,0.0005069547332823277
2980,1745758855.8267694,6.862024019937962e-05
2981,1745758877.7566075,0.00013654200301971287
2982,1745758911.6675208,4.8066969611682e-05
2983,1745758918.8080976,0.00011471177276689559
2984,1745758948.2678192,2.845600465661846e-05
2985,1745758981.6938624,0.0005306665552780032
2986,1745758994.296742,8.556247485103086e-05
2987,1745759024.1883454,7.374139386229217e-05
2988,1745759050.6994677,3.8271820812951773e-05
2989,1745759074.3052251,8.297109161503613e-05
2990,1745759102.5546966,0.00011221579916309565
2991,1745759129.4232812,6.948983354959637e-05
2992,1745759164.6571498,0.001025583827868104
2993,1745759189.4867506,3.277989162597805e-05
2994,1745759216.9351573,0.00015131548570934683
2995,1745759245.6435661,4.108715074835345e-05
2996,1745759282.3665183,6.053808465367183e-05
2997,1745759294.5178208,0.00010144002590095624
2998,1745759535.001049,0.00012359114771243185
2999,1745759561.3057463,1.1003312465618365e-05
3000,1745759591.2938833,5.475127909448929e-05
3001,1745759618.5533,7.120301597751677e-05
3002,1745759643.255409,3.507817746140063e-05
3003,1745759664.1338775,8.741540659684688e-05
3004,1745759700.1290944,0.0015384930884465575
3005,1745759727.2951438,9.348645835416391e-05
3006,1745759749.9468355,5.0202084821648896e-05
3007,1745759778.8769424,4.201300907880068e-05
3008,1745759806.0020711,0.00017566606402397156
3009,1745759837.6633468,4.268530392437242e-05
3010,1745759863.9923944,4.092513700015843e-05
3011,1745759882.0049593,6.142172060208395e-05
3012,1745759912.489166,9.572495036991313e-05
3013,1745759927.0732636,3.153875150019303e-05
3014,1745759958.874449,7.179254316724837e-05
3015,1745759986.4310012,6.257276254473254e-05
3016,1745760013.6426198,0.00013462755305226892
3017,1745760042.3493323,5.822362072649412e-05
3018,1745760068.0264478,0.0018333728658035398
3019,1745760094.6068363,9.715042688185349e-05
3020,1745760122.9395978,6.581052002729848e-05
3021,1745760149.0932922,8.325485396198928e-05
3022,1745760176.4869573,3.114384162472561e-05
3023,1745760203.8417263,8.589495701016858e-05
3024,1745760228.9202673,4.2362265958217904e-05
3025,1745760257.050738,0.00011152994557050988
3026,1745760275.9611318,7.940249633975327e-05
3027,1745760301.5612512,2.2670867110718973e-05
3028,1745760327.474941,5.6579567171866074e-05
3029,1745760356.9567642,0.0012539189774543047
3030,1745760387.4783907,0.00020599660638254136
3031,1745760420.043915,6.862839654786512e-05
3032,1745760447.0876808,6.657761696260422e-05
3033,1745760462.5566158,8.867643373378087e-06
3034,1745760497.381638,0.0014135875971987844
3035,1745760527.87413,6.120658508734778e-05
3036,1745760557.3184726,2.940868398582097e-05
3037,1745760584.2058465,0.0026393383741378784
3038,1745760609.3872464,0.00011594696115935221
3039,1745760635.4107597,0.009184223599731922
3040,1745760662.366334,0.00012107057409593835
3041,1745760689.5084887,0.0004453255678527057
3042,1745760714.892973,0.001359583460725844
3043,1745760750.0894098,0.002174227498471737
3044,1745760778.7935553,0.0011750967241823673
3045,1745760795.443162,0.00016433425480499864
3046,1745760821.2643187,0.0003315302892588079
3047,1745760846.6531315,0.00015819360851310194
3048,1745760874.1276371,7.553138129878789e-05
3049,1745760891.4225924,3.6406727303983644e-05
3050,1745760919.973283,4.134166010771878e-05
3051,1745760958.189071,5.254082861938514e-05
3052,1745760967.7287827,0.00045488207251764834
3053,1745760993.6333408,0.0012360006803646684
3054,1745761031.144277,6.769313768018037e-05
3055,1745761051.4937103,0.0005700762267224491
3056,1745761078.568321,0.00011983682634308934
3057,1745761106.3581057,0.0002912764030043036
3058,1745761128.0478258,0.00014281550829764456
3059,1745761145.4959283,4.712106238002889e-05
3060,1745761175.641235,9.612757276045159e-05
3061,1745761204.9423866,5.827120548929088e-05
3062,1745761234.4937413,0.00012808652536477894
3063,1745761262.0939,8.82615422597155e-05
3064,1745761283.6900902,7.316985283978283e-05
3065,1745761304.3128126,0.00013193317863624543
3066,1745761337.0176177,0.0001199135513161309
3067,1745761349.8774023,7.492148142773658e-05
3068,1745761371.9085991,0.00011539956904016435
3069,1745761400.377607,0.00030452647479251027
3070,1745761434.0114667,3.536530857672915e-05
3071,1745761464.136272,4.1037459595827386e-05
3072,1745761475.2541964,0.0003837294061668217
3073,1745761503.2755306,0.00011446608550613746
3074,1745761530.6226652,0.0006361554842442274
3075,1745761559.2102222,0.004306760150939226
3076,1745761586.8425064,8.426472777500749e-05
3077,1745761613.2676976,3.075805216212757e-05
3078,1745761628.4301827,0.022254344075918198
3079,1745761865.9891686,0.00823971163481474
3080,1745761898.66465,0.00011969489423790947
3081,1745761926.6732132,0.00031676265643909574
3082,1745761956.7488437,9.14834308787249e-05
3083,1745761975.4294567,0.00014770498091820627
3084,1745762004.587491,0.0001748148788465187
3085,1745762033.0388932,9.768857853487134e-05
3086,1745762060.239433,0.00014686316717416048
3087,1745762090.2277355,0.000527810538187623
3088,1745762119.471285,0.0008602725574746728
3089,1745762144.9790742,0.0006316616199910641
3090,1745762171.208891,0.0008078996906988323
3091,1745762190.9208748,0.00010587913857307285
3092,1745762225.6570373,5.088364196126349e-05
3093,1745762253.0765731,0.00016161732492037117
3094,1745762275.3035,3.964680581702851e-05
3095,1745762295.2715814,0.00011422511306591332
3096,1745762327.7971034,0.014028564095497131
3097,1745762353.4324198,4.715207978733815e-05
3098,1745762387.2347617,0.0003647526609711349
3099,1745762413.5553946,0.000527919561136514
3100,1745762447.9400532,0.003719009691849351
3101,1745762476.630566,0.0009422326693311334
3102,1745762491.9974656,0.0023285839706659317
3103,1745762520.0900247,0.000378857075702399
3104,1745762544.1573613,0.0009766803123056889
3105,1745762576.2049484,9.649972344050184e-05
3106,1745762599.5035772,0.0001040942661347799
3107,1745762628.4757338,0.00010265094897476956
3108,1745762661.5972636,5.115951717016287e-05
3109,1745762671.7972054,4.010697375633754e-05
3110,1745762698.5615206,7.526590343331918e-05
3111,1745762722.8402674,0.0002725633094087243
3112,1745762751.3359466,0.00013579026563093066
3113,1745762775.9562206,0.0004382343031466007
3114,1745762804.0396862,0.0002399911463726312
3115,1745762826.1321862,0.0002083070285152644
3116,1745762854.5520933,5.892210538149811e-05
3117,1745762889.1407862,0.0004995969939045608
3118,1745762901.8797925,0.0005409636069089174
3119,1745762931.416568,0.00028271001065149903
3120,1745762961.0976665,0.00620853528380394
3121,1745762985.5722084,2.9384966182988137e-05
3122,1745763012.4163718,0.00012104112829547375
3123,1745763037.802534,5.2072518883505836e-05
3124,1745763065.0007436,5.880259777768515e-05
3125,1745763094.8585289,0.00046339238178916276
3126,1745763120.6009054,0.00019901274936273694
3127,1745763148.7186089,0.0003457015845924616
3128,1745763165.6838336,0.0001017829854390584
3129,1745763192.7977562,5.7371893490199e-05
3130,1745763209.9901652,2.269261676701717e-05
3131,1745763234.1983845,8.290052937809378e-05
3132,1745763261.5716748,4.511840234044939e-05
3133,1745763287.792973,3.596155875129625e-05
3134,1745763318.4533594,0.00017002958338707685
3135,1745763337.3699608,8.815209730528295e-05
3136,1745763367.8942115,1.152953063865425e-05
3137,1745763380.3196309,4.5165732444729656e-05
3138,1745763411.9321043,6.190951535245404e-05
3139,1745763436.2115746,0.00023363764921668917
3140,1745763463.2711277,8.911657641874626e-05
3141,1745763491.00063,5.283766586217098e-05
3142,1745763517.0866735,5.8981422625947744e-05
3143,1745763540.238476,0.00298111280426383
3144,1745763569.372253,0.0006435219547711313
3145,1745763605.7789922,0.00011348874977556989
3146,1745763625.2319734,0.00011195648403372616
3147,1745763652.3150113,0.003469319548457861
3148,1745763678.29317,5.968822370050475e-05
3149,1745763701.2422814,0.00012558560410980135
3150,1745763729.2929704,9.142639464698732e-05
3151,1745763763.6202703,4.7224704758264124e-05
3152,1745763777.7955816,0.0007309046341106296
3153,1745763808.871257,1.5151269508351106e-05
3154,1745763833.6020646,6.188818952068686e-05
3155,1745763856.0341358,8.974943921202794e-05
3156,1745763885.644539,2.8156578991911374e-05
3157,1745763915.426656,5.181406595511362e-05
3158,1745763937.3985603,0.00011233482655370608
3159,1745763950.9075046,5.6315716392418835e-06
3160,1745764186.5561137,2.3122223865357228e-05
3161,1745764213.1590798,3.5168122849427164e-05
3162,1745764241.5922923,5.6209286412922665e-05
3163,1745764270.9769018,4.722767334897071e-05
3164,1745764296.2456706,9.658646013122052e-05
3165,1745764317.8660643,3.7303434510249645e-05
3166,1745764344.9030142,7.933719462016597e-05
3167,1745764372.918896,2.6321151381125674e-05
3168,1745764399.2603457,1.546779094496742e-05
3169,1745764420.6241043,5.907852391828783e-05
3170,1745764448.8330142,0.0007282233564183116
3171,1745764479.8173962,2.8132109946454875e-05
3172,1745764508.4443917,5.837013304699212e-05
3173,1745764538.3613043,5.033888010075316e-05
3174,1745764558.9586446,5.886502913199365e-05
3175,1745764587.1092882,3.500120874377899e-05
3176,1745764614.4899316,4.471911961445585e-05
3177,1745764641.1104639,0.00011533230281202123
3178,1745764663.279226,2.788677920761984e-05
3179,1745764683.3787997,3.23698332067579e-05
3180,1745764711.5439951,4.766751590068452e-05
3181,1745764750.8276696,2.906343615904916e-05
3182,1745764778.1974032,5.348962440621108e-05
3183,1745764800.9564838,4.484998862608336e-05
3184,1745764829.38325,8.036105282371864e-05
3185,1745764857.9873073,7.428690878441557e-05
3186,1745764889.5771544,4.443531724973582e-05
3187,1745764909.3545866,2.1188505343161523e-05
3188,1745764939.3964279,5.756468453910202e-05
3189,1745764962.8980196,4.739755968330428e-05
3190,1745764992.7715762,0.00035676121478900313
3191,1745765013.245346,5.729007534682751e-05
3192,1745765035.5591724,4.832371269003488e-05
3193,1745765065.539686,5.533868898055516e-05
3194,1745765074.2944868,4.228982288623229e-05
3195,1745765107.290412,2.531205609557219e-05
3196,1745765135.737825,9.16083445190452e-05
3197,1745765166.539824,2.61610603047302e-05
3198,1745765188.2871923,5.248160596238449e-05
3199,1745765219.5550225,2.7277123081148602e-05
3200,1745765249.4211092,0.00011755950981751084
3201,1745765275.7430587,3.2649695640429854e-05
3202,1745765290.7226567,5.424346090876497e-05
3203,1745765329.232292,4.418520620674826e-05
3204,1745765345.7470467,5.775628596893512e-05
3205,1745765371.8183086,4.99135821883101e-05
3206,1745765392.1216805,4.096035263501108e-05
3207,1745765418.1595383,2.2972948499955237e-05
3208,1745765430.7814558,5.193091055843979e-05
3209,1745765458.1291206,4.216796514810994e-05
3210,1745765487.14828,2.373252937104553e-05
3211,1745765515.2710757,3.945538628613576e-05
3212,1745765528.4568553,2.0651692466344684e-05
3213,1745765559.942797,4.938759593642317e-05
3214,1745765586.5133166,9.312160545960069e-05
3215,1745765606.6674623,0.006438343320041895
3216,1745765632.62592,0.0010397761361673474
3217,1745765664.8044777,7.236232340801507e-05
3218,1745765683.066753,5.017494549974799e-05
3219,1745765711.755257,0.00025110773276537657
3220,1745765728.171455,0.00021652306895703077
3221,1745765752.508097,0.004543515853583813
3222,1745765775.0579667,0.0025996454060077667
3223,1745765801.821201,6.824081356171519e-05
3224,1745765830.3740685,3.329665560158901e-05
3225,1745765859.065477,6.831744394730777e-05
3226,1745765883.5346646,5.365291508496739e-05
3227,1745765898.2119172,7.609622116433457e-05
3228,1745765927.420264,0.00020346457313280553
3229,1745765957.891219,0.01858840323984623
3230,1745765973.9462402,0.00011765473027480766
3231,1745765999.61867,7.136748899938539e-05
3232,1745766026.5400136,0.00010787675273604691
3233,1745766054.5924296,6.514972483273596e-05
3234,1745766068.8208914,0.00493400264531374
3235,1745766095.3567164,4.400895340950228e-05
3236,1745766122.90739,7.993159670149907e-05
3237,1745766154.317807,7.423089118674397e-05
3238,1745766183.963177,0.00022688914032187313
3239,1745766209.1708555,0.0010083687957376242
3240,1745766222.3173892,6.235498585738242e-05
3241,1745766476.893757,8.959617116488516e-05
3242,1745766499.2660472,6.834440864622593e-05
3243,1745766527.8061767,8.739798067836091e-05
3244,1745766551.983181,0.003595568472519517
3245,1745766578.1621497,0.0001525715197203681
3246,1745766603.3002608,0.00010135324555449188
3247,1745766624.7982,4.928233101963997e-05
3248,1745766655.2773309,0.005810846108943224
3249,1745766683.4307916,0.0001584347919560969
3250,1745766715.0042245,0.00010418971942272037
3251,1745766746.0287924,8.607423660578206e-05
3252,1745766768.1125858,0.0001824461214710027
3253,1745766796.0883589,5.774822784587741e-05
3254,1745766823.2590792,4.3182855733903125e-05
3255,1745766849.1505475,6.47894776193425e-05
3256,1745766883.4304855,0.0008209410007111728
3257,1745766913.3589175,0.0029469134751707315
3258,1745766924.4011211,9.439221321372315e-05
3259,1745766965.3148394,7.255145465023816e-05
3260,1745766988.873071,0.0007641787524335086
3261,1745767012.1109293,0.0006763549754396081
3262,1745767041.9794462,0.004387051798403263
3263,1745767070.8608487,0.0005652636173181236
3264,1745767089.4450314,0.0001593503839103505
3265,1745767114.9578583,6.18300327914767e-05
3266,1745767143.1105356,0.0003138072497677058
3267,1745767151.0506809,9.45402352954261e-05
3268,1745767177.936848,3.775604272959754e-05
3269,1745767205.2639225,0.00019830248493235558
3270,1745767233.465677,0.006011654157191515
3271,1745767263.4276874,2.1479767383425497e-05
3272,1745767292.7918737,3.775404184125364e-05
3273,1745767310.7963884,6.6007261921186e-05
3274,1745767339.6230845,3.143789945170283e-05
3275,1745767372.1834211,7.702305447310209e-05
3276,1745767400.6463711,7.003832433838397e-05
3277,1745767431.2542584,6.626902177231386e-05
3278,1745767453.1883929,6.266763375606388e-05
3279,1745767489.4851162,8.257258014054969e-05
3280,1745767523.835392,8.970953058451414e-05
3281,1745767533.8821828,2.39292967307847e-05
3282,1745767569.0780003,4.11248802265618e-05
3283,1745767600.2580016,2.8837708669016138e-05
3284,1745767626.718012,3.977821324951947e-05
3285,1745767646.4555333,3.001717595907394e-05
3286,1745767671.7557552,5.820743172080256e-05
3287,1745767712.3360307,2.814671279338654e-05
3288,1745767721.5975916,0.004392341244965792
3289,1745767748.2061563,8.897232328308746e-05
3290,1745767777.2821696,0.003787265159189701
3291,1745767805.4943438,6.063907130737789e-05
3292,1745767834.5782723,0.00011538838589331135
3293,1745767849.6083004,0.0003974948194809258
3294,1745767879.032199,0.0004999215016141534
3295,1745767906.0839365,0.00015815606457181275
3296,1745767922.9632094,0.0001617800007807091
3297,1745767946.466019,0.0005135418614372611
3298,1745767977.1133468,0.00025405085762031376
3299,1745768005.285311,0.0002554266538936645
3300,1745768017.5381494,3.8792342820670456e-05
3301,1745768045.4652662,0.0003597757313400507
3302,1745768079.9998753,9.618097828933969e-05
3303,1745768102.493647,6.018365456839092e-05
3304,1745768126.5767455,5.0853406719397753e-05
3305,1745768151.063313,3.0513492674799636e-05
3306,1745768189.1606815,7.075651228660718e-05
3307,1745768208.6266701,3.124996510450728e-05
3308,1745768230.775765,4.9825775931822136e-05
3309,1745768261.9361231,0.00017925781139638275
3310,1745768301.4717107,4.8795045586302876e-05
3311,1745768314.8744652,0.00017490031314082444
3312,1745768322.19997,4.06719627790153e-05
3313,1745768349.39478,6.333720375550911e-05
3314,1745768361.3082802,4.380691098049283e-05
3315,1745768372.8948836,2.331050745851826e-05
3316,1745768386.4673321,9.287487773690373e-05
3317,1745768395.7189422,8.158073615049943e-05
3318,1745768411.1020558,3.613931767176837e-05
3319,1745768419.9575517,0.00014419564104173332
3320,1745768442.1891186,2.3624112145625986e-05
3321,1745768455.1570525,5.018355659558438e-05
3322,1745768578.7787201,4.112499300390482e-05
3323,1745768593.3800545,4.762373646371998e-05
3324,1745768611.1852965,4.870781413046643e-05
3325,1745768625.2832441,4.987076317775063e-05
3326,1745768639.1140873,2.2322537915897556e-05
3327,1745768647.5658178,3.7329278711695224e-05
3328,1745768664.5829904,2.0320994735811837e-05
3329,1745768678.3111346,4.252014332450926e-05
3330,1745768687.9798658,9.311047324445099e-05
3331,1745768708.3839302,0.00914810225367546
3332,1745768724.2559693,2.5529514459776692e-05
3333,1745768740.7898202,0.009204375557601452
3334,1745768758.8056643,8.41802975628525e-05
3335,1745768768.5779946,7.948929851409048e-05
3336,1745768787.1269267,0.00022452206758316606
3337,1745768815.536458,0.0001447129325242713
3338,1745768825.704528,0.00014220095181372017
3339,1745768838.6233633,9.38450320973061e-05
3340,1745768852.6586614,0.0005838408251293004
3341,1745768873.3740106,0.00013317620323505253
3342,1745768886.2818804,0.000435799389379099
3343,1745768902.8817291,0.000380578771000728
3344,1745768913.402083,8.340775821125135e-05
3345,1745768929.1224973,3.926158751710318e-05
3346,1745768943.9682515,7.157581421779469e-05
3347,1745768955.5754125,5.633158434648067e-05
3348,1745768966.8312953,4.248844925314188e-05
3349,1745768975.136068,2.0742911146953702e-05
3350,1745769000.7408943,4.7060686483746395e-05
3351,1745769013.411836,7.79295660322532e-05
3352,1745769029.245742,3.228217610740103e-05
3353,1745769045.6288593,3.670372097985819e-05
3354,1745769056.847529,3.9915441448101774e-05
3355,1745769075.985416,7.844510400900617e-05
3356,1745769098.1522439,5.45461371075362e-05
3357,1745769110.727527,0.0006619362975470722
3358,1745769128.6420453,6.972502160351723e-05
3359,1745769140.3589537,2.178768590965774e-05
3360,1745769152.821596,6.631930591538548e-05
3361,1745769164.504712,0.0002038031816482544
3362,1745769180.3303003,0.00019193816115148365
3363,1745769192.6714213,0.0002323315857211128
3364,1745769211.546127,0.0029416761826723814
3365,1745769222.0682323,0.0005063026328571141
3366,1745769250.7639897,6.451069202739745e-05
3367,1745769269.0533764,0.00301122828386724
3368,1745769287.111141,4.601141336024739e-05
3369,1745769294.5280268,4.241559508955106e-05
3370,1745769317.1828914,5.402900933404453e-05
3371,1745769329.9912453,4.856099621974863e-05
3372,1745769350.0718617,2.2769032511860132e-05
3373,1745769362.3209984,0.0001331623934675008
3374,1745769379.7914615,0.0001926197874126956
3375,1745769398.2733831,9.007068729260936e-05
3376,1745769408.4003928,0.022678282111883163
3377,1745769424.7407615,0.00015374158101622015
3378,1745769442.723424,9.205085370922461e-05
3379,1745769471.1406822,0.00018398131942376494
3380,1745769495.652242,4.249529229127802e-05
3381,1745769513.9394624,0.0006664196262136102
3382,1745769533.132523,3.652637678897008e-05
3383,1745769544.6457925,6.717866199323907e-05
3384,1745769555.7827044,4.995318886358291e-05
3385,1745769577.050124,0.0009215637110173702
3386,1745769600.6785293,5.422520189313218e-05
3387,1745769615.8189788,3.574022412067279e-05
3388,1745769627.678918,4.783065014635213e-05
3389,1745769650.0256193,2.7704167223419063e-05
3390,1745769656.252633,0.00010571879829512909
3391,1745769672.8716536,3.669329817057587e-05
3392,1745769695.6822922,9.285669511882588e-05
3393,1745769705.424659,0.0012611002894118428
3394,1745769719.9248931,7.990346784936264e-05
3395,1745769736.1906278,0.00021468439081218094
3396,1745769745.128791,2.1212341380305588e-05
3397,1745769758.4142087,3.8667127228109166e-05
3398,1745769772.9872289,3.765678047784604e-05
3399,1745769797.6926236,4.677508695749566e-05
3400,1745769817.825536,8.164380415109918e-05
3401,1745769829.7164986,0.00017623818712309003
3402,1745769838.0922682,8.065118890954182e-06
3403,1745769937.50988,0.00022099621128290892
3404,1745769954.7908106,0.00010118942736880854
3405,1745769975.482265,3.0288421839941293e-05
3406,1745769988.2733927,0.0005842199898324907
3407,1745770001.880657,4.9978050810750574e-05
3408,1745770013.1865308,4.4691179937217385e-05
3409,1745770026.848264,0.0001043032607412897
3410,1745770043.3723176,6.24768654233776e-05
3411,1745770061.9028919,3.3571410313015804e-05
3412,1745770072.2086232,4.312398596084677e-05
3413,1745770091.7869468,2.2934847947908565e-05
3414,1745770101.3590567,1.7515085346531123e-05
3415,1745770121.1841276,2.6227295165881515e-05
3416,1745770134.3213127,0.002432034118101001
3417,1745770145.848988,2.3655466065974906e-05
3418,1745770167.6716063,3.003016536240466e-05
3419,1745770176.1024919,5.362884621717967e-05
3420,1745770192.5501995,0.00012114029232179746
3421,1745770205.358357,7.58428213885054e-05
3422,1745770225.697126,0.0060061924159526825
3423,1745770241.2839048,0.0001050440187100321
3424,1745770259.3072662,6.960444443393499e-05
3425,1745770283.270368,3.640010618255474e-05
3426,1745770302.2605355,0.003445795737206936
3427,1745770312.699924,2.7677209800458513e-05
3428,1745770322.15123,5.1576749683590606e-05
3429,1745770336.7233944,5.680682079400867e-05
3430,1745770349.5232794,1.2671267541009001e-05
3431,1745770362.6034079,5.037735536461696e-05
3432,1745770380.6838372,3.9600839954800904e-05
3433,1745770393.586706,2.6663461540010758e-05
3434,1745770403.626036,4.313417957746424e-05
3435,1745770416.619497,1.586934013175778e-05
3436,1745770434.9617872,1.4395604011951946e-05
3437,1745770446.6315007,0.0003870114160235971
3438,1745770467.6567092,2.1968024157104082e-05
3439,1745770480.09525,2.6758158128359355e-05
3440,1745770495.388753,0.00010767394996946678
3441,1745770515.4142666,2.9972881748108193e-05
3442,1745770525.9019265,0.00010805312194861472
3443,1745770542.4986367,3.192348958691582e-05
3444,1745770561.9062548,7.377523434115574e-05
3445,1745770568.12523,4.131393870920874e-05
3446,1745770590.1007285,5.508684989763424e-05
3447,1745770605.5592797,2.140681135642808e-05
3448,1745770618.1651554,3.576735980459489e-05
3449,1745770627.1442797,4.626792360795662e-05
3450,1745770641.5309944,0.0017515644431114197
3451,1745770654.964094,3.593886867747642e-05
3452,1745770677.2531693,0.00010530535655561835
3453,1745770687.4763181,0.0001482887746533379
3454,1745770706.939321,5.0063499656971544e-05
3455,1745770722.3364403,4.650287519325502e-05
3456,1745770739.4312556,2.325642890355084e-05
3457,1745770752.9225726,0.0005753282457590103
3458,1745770765.6302543,8.913884084904566e-05
3459,1745770791.6485217,2.148751991626341e-05
3460,1745770807.7428393,5.520833292393945e-05
3461,1745770816.6503983,8.521938434569165e-05
3462,1745770834.9160268,0.0054305605590343475
3463,1745770858.1282847,8.6836917034816e-05
3464,1745770872.966987,5.461440741783008e-05
3465,1745770900.7373884,0.006282398942857981
3466,1745770917.8097863,9.057392890099436e-05
3467,1745770937.5276165,5.54697762709111e-05
3468,1745770956.9839003,0.005048928316682577
3469,1745770973.125758,4.8140664148377255e-05
3470,1745770982.1751485,0.0002139671560144052
3471,1745770996.6299467,3.682974784169346e-05
3472,1745771021.4812508,0.0003492992836982012
3473,1745771031.3046653,2.6881538360612467e-05
3474,1745771041.926045,9.056494309334084e-05
3475,1745771060.2781417,2.930189839389641e-05
3476,1745771078.3402827,0.00013138983922544867
3477,1745771099.4042542,7.00822492945008e-05
3478,1745771114.7504475,0.000107433574157767
3479,1745771123.2759075,3.749284223886207e-05
3480,1745771141.8159776,6.493442197097465e-05
3481,1745771165.5391693,7.20141688361764e-05
3482,1745771178.3671532,3.83299557142891e-05
3483,1745771190.7532418,4.053568409290165e-05
3484,1745771284.922382,1.734581746859476e-05
3485,1745771303.6999726,0.00010952958837151527
3486,1745771326.3869953,2.0042640244355425e-05
3487,1745771334.4441307,4.8280664486810565e-05
3488,1745771348.7021465,2.1001156710553914e-05
3489,1745771360.3589091,0.0007574387127533555
3490,1745771373.550426,5.866745414095931e-05
3491,1745771387.8105621,2.2653042833553627e-05
3492,1745771400.2497633,6.988258246565238e-05
3493,1745771411.191455,4.303959576645866e-05
3494,1745771434.5632517,3.904221739503555e-05
3495,1745771441.7767153,2.3512386178481393e-05
3496,1745771465.2738318,1.725099173199851e-05
3497,1745771475.827505,5.7062086852965876e-05
3498,1745771490.119862,6.505299097625539e-05
3499,1745771500.2642498,0.00048540515126660466
3500,1745771519.189614,3.175402889610268e-05
3501,1745771536.811658,2.353360650886316e-05
3502,1745771552.7630887,1.850632907007821e-05
3503,1745771571.7345622,1.6360576410079375e-05
3504,1745771592.5073822,5.2953204431105405e-05
3505,1745771608.896783,1.827587948355358e-05
3506,1745771618.2026384,0.00185488595161587
3507,1745771632.7621095,0.00018819038814399391
3508,1745771655.8962753,4.3595504394033924e-05
3509,1745771663.140408,3.9880778786027804e-05
3510,1745771691.4556959,1.843738937168382e-05
3511,1745771708.5725584,1.3468555152940098e-05
3512,1745771726.848168,9.734006016515195e-05
3513,1745771735.4589074,0.0003959657624363899
3514,1745771746.1263483,0.0001547477295389399
3515,1745771757.2354622,0.0001097543427022174
3516,1745771779.741451,7.397705485345796e-05
3517,1745771788.7249,5.151464574737474e-05
3518,1745771806.0009644,0.0001015019734040834
3519,1745771814.8599463,0.0001728888601064682
3520,1745771832.8014207,5.5858759878901765e-05
3521,1745771845.8878653,0.003489510389044881
3522,1745771860.9450133,0.0003412835067138076
3523,1745771879.7818942,2.3951683033374138e-05
3524,1745771892.084305,9.175774175673723e-05
3525,1745771910.6907456,0.0007746658520773053
3526,1745771934.8885794,8.522963616997004e-05
3527,1745771950.9783072,7.356859714491293e-05
3528,1745771967.1864994,4.4209496991243213e-05
3529,1745771988.2433648,9.148090612143278e-05
3530,1745772003.7912166,0.0003779118706006557
3531,1745772014.5901988,0.00010305129399057478
3532,1745772026.0934596,6.284950359258801e-05
3533,1745772047.3432193,0.00010790103988256305
3534,1745772062.5130038,0.00020004564430564642
3535,1745772081.580242,0.00834324024617672
3536,1745772094.4442942,0.0001270455977646634
3537,1745772105.1964512,0.00012131794210290536
3538,1745772121.704491,0.0001647568860789761
3539,1745772135.7001238,0.0003124044742435217
3540,1745772151.1386704,0.0031280587427318096
3541,1745772172.1492531,0.00010402989573776722
3542,1745772185.1753707,7.250764610944316e-05
3543,1745772200.2818856,5.082573989056982e-05
3544,1745772212.2335484,4.3551146518439054e-05
3545,1745772221.8478734,2.4790077077341266e-05
3546,1745772240.8126693,3.925250712200068e-05
3547,1745772256.539307,0.010316676460206509
3548,1745772269.5634918,6.96351798978867e-06
3549,1745772283.780818,0.00015157541201915592
3550,1745772296.6532152,7.139777153497562e-05
3551,1745772314.0593176,7.162654947023839e-05
3552,1745772333.8609488,0.0002995948598254472
3553,1745772363.3773513,3.919596201740205e-05
3554,1745772371.4955418,0.0001172279953607358
3555,1745772382.0210886,4.6314260544022545e-05
3556,1745772397.1169286,0.0008152113296091557
3557,1745772412.166308,0.00010016289161285385
3558,1745772432.2779374,6.395047239493579e-05
3559,1745772438.921234,0.0001142776818596758
3560,1745772461.5330586,0.00045650178799405694
3561,1745772471.5998647,2.9580092814285308e-05
3562,1745772492.5361013,3.4537566534709185e-05
3563,1745772506.4092643,0.000500752474181354
3564,1745772514.6272976,6.209414277691394e-05
3565,1745772621.9596806,0.00013725613825954497
3566,1745772638.9189827,6.520249007735401e-05
3567,1745772656.7511418,4.105209882254712e-05
3568,1745772669.9268148,0.00014103236026130617
3569,1745772682.5786207,5.272395719657652e-05
3570,1745772698.0043924,6.255938205868006e-05
3571,1745772709.8694108,7.642298442078754e-05
3572,1745772733.5633307,2.124922684743069e-05
3573,1745772744.37421,7.399810419883579e-05
3574,1745772761.5416257,5.5260352382902056e-05
3575,1745772770.5597007,3.562601705198176e-05
3576,1745772782.2664223,8.221819007303566e-05
3577,1745772795.4404945,2.070787741104141e-05
3578,1745772808.5459611,6.265087722567841e-05
3579,1745772821.9799783,2.6343759600422345e-05
3580,1745772840.5220084,0.00013737703557126224
3581,1745772860.9236627,3.624227610998787e-05
3582,1745772878.0682786,3.2278338039759547e-05
3583,1745772895.0627174,6.403185398085043e-05
3584,1745772916.3128166,5.438974403659813e-05
3585,1745772941.3329122,5.312317080097273e-05
3586,1745772954.9033654,8.774305024417117e-05
3587,1745772974.7435842,5.5492502724519e-05
3588,1745772993.865568,0.017485298216342926
3589,1745773001.007551,0.004152866080403328
3590,1745773021.7432468,0.00010360994201619178
3591,1745773037.880687,0.0003535042342264205
3592,1745773063.406758,6.543694325955585e-05
3593,1745773078.5207386,5.455926657305099e-05
3594,1745773090.8482368,0.0005057035596109927
3595,1745773102.1826217,0.00045582494931295514
3596,1745773125.1324918,6.824354932177812e-05
3597,1745773136.7611842,7.677562825847417e-05
3598,1745773157.2805045,0.00033439273829571903
3599,1745773167.3574026,0.00014691079559270293
3600,1745773188.0191743,7.056487811496481e-05
3601,1745773204.4825566,6.943004700588062e-05
3602,1745773221.2002804,0.0001203440479002893
3603,1745773239.5551775,0.00015408021863549948
3604,1745773252.1020427,5.88722868997138e-05
3605,1745773268.1886358,5.772686199634336e-05
3606,1745773277.196706,3.818202094407752e-05
3607,1745773294.9768736,0.0008197073475457728
3608,1745773307.1248028,8.817403431748971e-05
3609,1745773318.3386369,8.926260488806292e-05
3610,1745773334.5191836,0.00011031988833565265
3611,1745773356.2751093,9.352435154141858e-05
3612,1745773365.2027225,3.7255875213304535e-05
3613,1745773379.4148288,0.010781542398035526
3614,1745773396.7002442,3.7946370866848156e-05
3615,1745773414.0744898,5.529322152142413e-05
3616,1745773430.6759338,0.0001768087677191943
3617,1745773449.367141,0.00024539459263905883
3618,1745773465.5611055,0.017595501616597176
3619,1745773479.9065652,0.0020892214961349964
3620,1745773501.3813357,0.00015464355237782001
3621,1745773518.316834,0.00792840775102377
3622,1745773531.5490751,0.00032832956640049815
3623,1745773544.103098,2.5333836674690247e-05
3624,1745773560.364339,7.338251452893019e-05
3625,1745773579.692589,2.947788016172126e-05
3626,1745773591.316863,0.00011753898434108123
3627,1745773603.9592938,6.605533417314291e-05
3628,1745773625.347854,5.507701644091867e-05
3629,1745773639.7650099,3.896282578352839e-05
3630,1745773651.992963,0.0005414173356257379
3631,1745773674.3997164,0.0008222020696848631
3632,1745773693.489183,0.00010726222535595298
3633,1745773705.6952143,0.00013159586524125189
3634,1745773719.7162936,4.6922912588343024e-05
3635,1745773730.6102843,5.9348258218960837e-05
3636,1745773745.2316349,3.246629785280675e-05
3637,1745773764.2338324,9.041740850079805e-05
3638,1745773776.715995,3.830065543297678e-05
3639,1745773796.7317126,0.00011382001684978604
3640,1745773802.5914767,0.00023606503964401782
3641,1745773821.3474407,6.277525972109288e-05
3642,1745773841.1937296,6.0450816818047315e-05
3643,1745773852.1227102,5.019091258873232e-05
3644,1745773870.1929994,0.00015945466293487698
3645,1745773877.3051972,5.653288826579228e-05
3646,1745773974.221191,0.00026899066870100796
3647,1745773991.9429076,4.614904901245609e-05
3648,1745773999.8586888,0.0008623736794106662
3649,1745774016.5023358,0.0001425448717782274
3650,1745774032.802285,0.000127485953271389
3651,1745774048.5242746,5.57756720809266e-05
3652,1745774063.912722,0.00010533769818721339
3653,1745774082.2993271,6.657702761003748e-05
3654,1745774099.9632676,0.00014439393999055028
3655,1745774108.283788,0.00014033191837370396
3656,1745774127.6926572,0.010023396462202072
3657,1745774139.0041325,7.125800038920715e-05
3658,1745774154.6022286,4.2217197915306315e-05
3659,1745774161.9472187,9.700447117211297e-05
3660,1745774179.2404175,6.28729467280209e-05
3661,1745774197.914076,9.986803343053907e-05
3662,1745774209.0431557,0.0012279334478080273
3663,1745774225.0476418,0.0006558120949193835
3664,1745774249.2324417,0.0002050543116638437
3665,1745774264.0667107,0.004128345288336277
3666,1745774277.7607832,0.00014365815150085837
3667,1745774289.6915462,0.00020967885211575776
3668,1745774310.4409344,5.215565033722669e-05
3669,1745774317.8281221,4.405927757034078e-05
3670,1745774340.667722,3.8779133319621906e-05
3671,1745774348.8558388,7.487387483706698e-05
3672,1745774359.716297,8.536635868949816e-05
3673,1745774381.1722908,6.992626003921032e-05
3674,1745774399.8402753,9.600206249160692e-05
3675,1745774418.9200075,0.00968807190656662
3676,1745774428.3515666,0.0002955829550046474
3677,1745774443.1821291,6.903366011101753e-05
3678,1745774450.23207,9.252961172023788e-05
3679,1745774469.0362124,0.0002931595081463456
3680,1745774483.6667264,0.0010748195927590132
3681,1745774496.046849,1.7493617633590475e-05
3682,1745774514.4451547,5.214302655076608e-05
3683,1745774525.3817961,0.00014480101526714861
3684,1745774543.7668467,2.5214943889295682e-05
3685,1745774563.9681478,0.0003858728741761297
3686,1745774593.302818,4.878560866927728e-05
3687,1745774605.6842732,3.866138285957277e-05
3688,1745774617.6051025,4.0442642784910277e-05
3689,1745774640.8330216,0.0007945490651763976
3690,1745774663.1391296,7.843977800803259e-05
3691,1745774674.4848294,8.741438068682328e-05
3692,1745774686.0966713,0.0005628743092529476
3693,1745774698.909532,5.492132549989037e-05
3694,1745774717.317652,2.0295046851970255e-05
3695,1745774726.6066895,4.937006451655179e-05
3696,1745774747.3684044,5.3268417104845867e-05
3697,1745774766.7239938,3.179788836860098e-05
3698,1745774781.818273,3.2846786780282855e-05
3699,1745774798.3797371,3.094144631177187e-05
3700,1745774807.780246,1.781034006853588e-05
3701,1745774816.2012172,1.762781903380528e-05
3702,1745774840.5179183,0.00024018780095502734
3703,1745774862.6851704,4.026429451187141e-05
3704,1745774877.1292772,6.980758189456537e-05
3705,1745774889.9752307,8.24699891381897e-05
3706,1745774903.472928,5.1752776926150545e-06
3707,1745774915.0433612,6.275244686548831e-06
3708,1745774939.7135918,4.3725445721065626e-05
3709,1745774965.000522,4.335074845585041e-05
3710,1745774976.0519452,4.386472573969513e-05
3711,1745774995.1334798,1.5851715943426825e-05
3712,1745775014.5315015,1.644917210796848e-05
3713,1745775029.607396,6.203266093507409e-05
3714,1745775039.6723034,9.687219971965533e-06
3715,1745775050.5462468,5.275760486256331e-05
3716,1745775070.1248043,4.873038051300682e-05
3717,1745775076.1492622,3.967662269133143e-05
3718,1745775099.9945483,3.141142587992363e-05
3719,1745775116.1408389,5.961361603112891e-05
3720,1745775126.6332242,8.94244440132752e-05
3721,1745775132.993869,2.7831547413370572e-05
3722,1745775154.6141825,4.4352185796014965e-05
3723,1745775166.280819,3.201743311365135e-05
3724,1745775178.4948912,0.0005116943502798676
3725,1745775192.253546,3.733850462595001e-05
3726,1745775198.0319996,4.887969680567039e-06
3727,1745775305.34682,3.14057178911753e-05
3728,1745775318.4979541,3.353256033733487e-05
3729,1745775333.544698,1.945262192748487e-05
3730,1745775345.3356142,5.5231434089364484e-05
3731,1745775357.0279744,5.596171467914246e-05
3732,1745775376.0994682,2.3761253032716922e-05
3733,1745775396.4688942,3.7163394154049456e-05
3734,1745775403.9007514,0.00014166609616950154
3735,1745775421.70696,4.5612381654791534e-05
3736,1745775441.2914805,2.5048855604836717e-05
3737,1745775456.2648633,3.652051600511186e-05
3738,1745775471.591625,7.323045429075137e-05
3739,1745775486.098593,3.449854193604551e-05
3740,1745775492.7766426,6.918489089002833e-05
3741,1745775512.5713882,2.4319089789059944e-05
3742,1745775528.1844008,0.0005830319132655859
3743,1745775543.479319,0.011907505802810192
3744,1745775553.3222919,2.7877636966877617e-05
3745,1745775570.9328866,1.815346331568435e-05
3746,1745775593.720611,0.00019065011292696
3747,1745775611.2805595,2.7670623239828274e-05
3748,1745775631.473003,0.00010532190935919061
3749,1745775661.2145488,9.464237518841401e-05
3750,1745775680.4845066,0.00015659714699722826
3751,1745775694.652287,0.00027636063168756664
3752,1745775709.1933422,0.0004738013376481831
3753,1745775728.7226686,6.636186299147084e-05
3754,1745775752.8682663,0.00015050664660520852
3755,1745775760.930077,0.0005181201850064099
3756,1745775776.5577607,0.00012458169658202678
3757,1745775797.1918833,3.9422524423571303e-05
3758,1745775821.3056962,4.580998938763514e-05
3759,1745775839.7514317,1.5793739294167608e-05
3760,1745775853.9585016,0.00024503798340447247
3761,1745775871.5793185,3.5909819416701794e-05
3762,1745775884.8350134,3.073387051699683e-05
3763,1745775907.878178,5.8669160353019834e-05
3764,1745775927.4512022,3.421724250074476e-05
3765,1745775936.5979476,3.4779917768901214e-05
3766,1745775959.5520499,8.348009578185156e-05
3767,1745775967.5749102,0.0012771391775459051
3768,1745775994.1764822,8.759072079556063e-05
3769,1745776020.926374,5.7681572798173875e-05
3770,1745776043.8575718,0.0003137564053758979
3771,1745776056.6447444,0.0001620213151909411
3772,1745776076.4088097,6.96232236805372e-05
3773,1745776095.7184515,6.916318670846522e-05
3774,1745776110.5812652,0.0004907880211248994
3775,1745776127.1839302,0.00010774945985758677
3776,1745776142.3786476,0.00014454140909947455
3777,1745776157.8722913,0.0001906096877064556
3778,1745776172.5057976,4.667412940762006e-05
3779,1745776192.223329,0.0021467499900609255
3780,1745776203.940843,5.680197136825882e-05
3781,1745776225.5013602,3.135528459097259e-05
3782,1745776236.7835872,3.031932828889694e-05
3783,1745776263.4855914,2.173138636862859e-05
3784,1745776281.0767639,6.994464638410136e-05
3785,1745776295.429178,0.011806568130850792
3786,1745776304.894672,6.765117723261937e-05
3787,1745776319.1799662,5.309436164679937e-05
3788,1745776332.118012,8.232962136389688e-05
3789,1745776347.044176,3.846362596959807e-05
3790,1745776364.4844458,1.1797698789450806e-05
3791,1745776375.4718223,2.3083475753082894e-05
3792,1745776394.6719782,7.68843456171453e-05
3793,1745776404.098537,5.058604074292816e-05
3794,1745776416.4043076,5.942440839135088e-05
3795,1745776435.9607675,2.8617310817935504e-05
3796,1745776448.6568122,0.00017126085003837943
3797,1745776466.5946188,6.865523027954623e-05
3798,1745776476.0444055,2.192756255681161e-05
3799,1745776496.605078,7.97272878116928e-05
3800,1745776518.5390842,0.00010877697059186175
3801,1745776531.8682683,0.0005533021758310497
3802,1745776541.6565087,2.599149775051046e-05
3803,1745776555.9600756,3.177596227033064e-05
3804,1745776563.9141698,2.530923484300729e-05
3805,1745776576.3193388,5.615341797238216e-05
3806,1745776593.936696,8.524828444933519e-05
3807,1745776598.97679,0.003363347612321377
3808,1745776703.6407857,3.630692299338989e-05
3809,1745776713.8523552,3.482148167677224e-05
3810,1745776729.674566,2.7380821848055348e-05
3811,1745776750.7523222,4.3054489651694894e-05
3812,1745776766.1987252,3.073648258578032e-05
3813,1745776780.454002,0.00020524623687379062
3814,1745776798.1138813,0.00010917316831182688
3815,1745776806.918237,0.00014336842286866158
3816,1745776822.4427164,8.345335663761944e-05
3817,1745776833.5040638,4.787277430295944e-05
3818,1745776847.0861456,7.539116631960496e-05
3819,1745776865.4663677,8.276922017103061e-05
3820,1745776891.2150295,0.00011843392712762579
3821,1745776903.6714332,7.29379607946612e-05
3822,1745776919.9504614,0.001728029572404921
3823,1745776934.2197475,1.4874307453283109e-05
3824,1745776950.9083855,2.7029991542804055e-05
3825,1745776976.1204658,0.00010291137004969642
3826,1745777001.4688568,0.014787828549742699
3827,1745777030.8524075,5.060689363745041e-05
3828,1745777047.7214627,4.240490306983702e-05
3829,1745777062.756017,0.00010493369336472824
3830,1745777070.8730736,3.079206362599507e-05
3831,1745777089.96939,9.586286614648998e-05
3832,1745777102.788734,5.3888026741333306e-05
3833,1745777116.2381165,0.0002777361951302737
3834,1745777136.325196,0.00021776666108053178
3835,1745777143.3615985,0.00020483795378822833
3836,1745777165.1311703,0.0001422369823558256
3837,1745777185.2828789,0.00039837328949943185
3838,1745777203.5391524,0.00012699632497970015
3839,1745777219.1141179,3.6170880775898695e-05
3840,1745777229.04427,3.565781662473455e-05
3841,1745777249.6260574,6.03706284891814e-05
3842,1745777270.846499,0.0025742514990270138
3843,1745777288.1214905,5.639621667796746e-05
3844,1745777296.735205,6.416701944544911e-05
3845,1745777311.729816,2.5889754397212528e-05
3846,1745777326.1439197,2.8594909963430837e-05
3847,1745777335.6526237,9.347630111733451e-05
3848,1745777348.0205863,4.992382673663087e-05
3849,1745777368.9403262,9.56490621319972e-05
3850,1745777390.1585984,0.0005802323576062918
3851,1745777412.0323493,0.00018296364578418434
3852,1745777426.144645,0.00018712006567511708
3853,1745777445.0784597,0.00014525330334436148
3854,1745777468.0652924,0.000395352253690362
3855,1745777489.2575476,4.7551613533869386e-05
3856,1745777513.550533,4.233438448864035e-05
3857,1745777525.3882132,2.918835343734827e-05
3858,1745777538.4210718,0.010842757299542427
3859,1745777553.9122796,0.0002703109057620168
3860,1745777567.6669838,0.0007581753307022154
3861,1745777593.3145273,8.723816426936537e-05
3862,1745777600.4553826,7.137505599530414e-05
3863,1745777628.2549577,0.00031037189182825387
3864,1745777651.788865,0.0005806453991681337
3865,1745777669.0756898,0.00034977172617800534
3866,1745777683.0681474,0.0005851530004292727
3867,1745777690.9423723,0.000441592070274055
3868,1745777716.0461051,9.034544200403616e-05
3869,1745777723.2617812,1.666632124397438e-05
3870,1745777743.4403188,8.840423834044486e-05
3871,1745777756.421456,4.350276503828354e-05
3872,1745777773.6956294,9.931028034770861e-05
3873,1745777795.5640202,0.01124766655266285
3874,1745777810.2213316,0.0015311683528125286
3875,1745777824.4312177,3.759329047170468e-05
3876,1745777838.4109392,2.9023105525993742e-05
3877,1745777856.1703706,2.0660721929743886e-05
3878,1745777885.0875611,1.3459171896101907e-05
3879,1745777895.3794973,2.7098501959699206e-05
3880,1745777909.1606297,0.00011756715684896335
3881,1745777921.5429497,4.151216853642836e-05
3882,1745777941.679013,8.084379805950448e-05
3883,1745777967.7871392,1.7779064364731312e-05
3884,1745777974.783485,5.403318573371507e-05
3885,1745777992.9537587,0.00011265817011008039
3886,1745778004.4059238,0.006585763767361641
3887,1745778016.2342486,5.187024726183154e-05
3888,1745778024.999235,0.0009834561496973038
3889,1745778129.4373615,0.0001537069329060614
3890,1745778154.0892708,0.0004657832905650139
3891,1745778163.7343564,0.002743399003520608
3892,1745778177.9695418,0.003720205742865801
3893,1745778195.108813,5.4951204219833016e-05
3894,1745778207.7888556,0.0067863063886761665
3895,1745778220.612618,0.0001181112093036063
3896,1745778233.0365982,0.00022949700360186398
3897,1745778248.176267,0.0009254030301235616
3898,1745778263.5554187,0.0010953092714771628
3899,1745778271.9587502,0.004633595701307058
3900,1745778286.6600914,0.011563110165297985
3901,1745778301.0375042,3.304680285509676e-05
3902,1745778327.8433266,4.83399344375357e-05
3903,1745778344.6714895,0.009659749455749989
3904,1745778369.9422867,0.003053304273635149
3905,1745778398.4559314,0.0005878986557945609
3906,1745778423.8417752,0.0010008139070123434
3907,1745778447.5228229,8.645206980872899e-05
3908,1745778467.8949988,0.00015299349615816027
3909,1745778494.9266436,0.00035937956999987364
3910,1745778521.2318537,0.0007713644299656153
3911,1745778557.3403847,0.00394891481846571
3912,1745778570.211842,0.00024191099510062486
3913,1745778591.321635,0.0005577365518547595
3914,1745778617.139172,0.000136215501697734
3915,1745778657.4115121,0.001621751580387354
3916,1745778685.5902247,0.00026594375958666205
3917,1745778712.5655198,0.0007331580272875726
3918,1745778738.8983443,0.0010012700222432613
3919,1745778766.4705918,7.887883111834526e-05
3920,1745778792.3642406,0.00034032395342364907
3921,1745778820.9062598,0.0002274133003083989
3922,1745778855.4337385,0.0015212572179734707
3923,1745778866.6545336,0.002426923019811511
3924,1745778895.6042204,0.0011913831112906337
3925,1745778925.474061,0.0003963532217312604
3926,1745778945.730925,0.015802420675754547
3927,1745778967.3998282,0.00019564821559470147
3928,1745778994.2692275,0.001983227441087365
3929,1745779014.866449,0.00040772074135020375
3930,1745779035.7072716,0.00016613007755950093
3931,1745779058.677873,4.973928662366234e-05
3932,1745779084.8860528,9.927815699484199e-05
3933,1745779113.0923285,0.004521831404417753
3934,1745779154.8208995,0.00022133112361188978
3935,1745779170.527925,0.002058494370430708
3936,1745779184.4794497,0.0047297729179263115
3937,1745779212.529071,0.00019644698477350175
3938,1745779243.5376647,0.0004262313013896346
3939,1745779254.4976676,0.000482001545606181
3940,1745779282.810598,0.0008877383661456406
3941,1745779314.3888783,0.00017864863912109286
3942,1745779338.442685,0.0014196166303008795
3943,1745779366.445148,0.011116323992609978
3944,1745779397.0600297,0.0005635207635350525
3945,1745779420.00929,5.487851012730971e-05
3946,1745779443.5581539,0.00013436999870464206
3947,1745779479.3609006,0.00024701544316485524
3948,1745779499.5841568,7.814783020876348e-05
3949,1745779525.3093581,0.0002794823085423559
3950,1745779547.0599248,0.0028848289512097836
3951,1745779567.5038815,0.0006716198986396194
3952,1745779596.3167794,2.779738133540377e-05
3953,1745779606.701528,8.519169205101207e-05
3954,1745779633.0810313,2.0774923541466706e-05
3955,1745779657.7983031,5.9894115111092106e-05
3956,1745779680.5439858,0.00021409952023532242
3957,1745779702.1648488,0.0002038439124589786
3958,1745779726.4192755,0.0008989181951619685
3959,1745779754.6753263,0.0004933101590722799
3960,1745779778.6887817,0.001008955528959632
3961,1745779798.4746678,0.0005399949732236564
3962,1745779824.512174,0.001394340768456459
3963,1745779862.5326915,7.795817509759218e-05
3964,1745779875.2086625,0.00028129079146310687
3965,1745779901.2627146,0.00142822100315243
3966,1745779932.3238783,0.002075890079140663
3967,1745779957.2778199,0.0001041508512571454
3968,1745779982.7790616,0.00020756127196364105
3969,1745779996.1177263,7.225895387819037e-05
3970,1745780227.0766742,0.00016456266166642308
3971,1745780247.6018863,0.0001464282686356455
3972,1745780276.5606208,6.310168100753799e-05
3973,1745780303.0940435,0.0002483887365087867
3974,1745780332.6889968,3.7744150176877156e-05
3975,1745780365.6568005,5.705223520635627e-05
3976,1745780394.99263,0.00017424585530534387
3977,1745780423.3961875,8.691476978128776e-05
3978,1745780456.8665988,2.4502931410097517e-05
3979,1745780485.6519492,5.46570990991313e-05
3980,1745780513.2911513,0.0005160418804734945
3981,1745780529.406437,0.00010959341307170689
3982,1745780557.363258,0.0002466895675752312
3983,1745780582.3291228,0.00014551564527209848
3984,1745780621.5400026,0.00014081162225920707
3985,1745780631.6758025,0.00012933037942275405
3986,1745780663.3589492,0.00012508858344517648
3987,1745780689.6549406,0.012869173660874367
3988,1745780716.9203405,3.75354356947355e-05
3989,1745780745.5728605,0.0009846828179433942
3990,1745780769.6338348,0.0007249569171108305
3991,1745780795.964803,0.0001543705875519663
3992,1745780825.139266,7.117381755961105e-05
3993,1745780863.519008,4.3785450543509796e-05
3994,1745780888.5292768,0.00015503508620895445
3995,1745780919.0287175,0.0009999130852520466
3996,1745780948.6825843,0.002443701960146427
3997,1745780960.9358482,5.308792970026843e-05
3998,1745780988.2640421,3.8706570194335654e-05
3999,1745781011.0998514,7.482324144802988e-05
4000,1745781021.4165719,0.0001418313622707501
4001,1745781053.0368776,0.00011405513942008838
4002,1745781089.1877704,3.676339838420972e-05
4003,1745781108.548552,5.656866960634943e-06
4004,1745781134.9794888,4.66486562800128e-05
4005,1745781162.0966313,4.4917131162947044e-05
4006,1745781186.8908727,0.00030401378171518445
4007,1745781215.8389094,6.125785148469731e-05
4008,1745781252.5581586,9.078147741092835e-06
4009,1745781272.6023448,4.053987504448742e-05
4010,1745781293.3137307,2.6707230063038878e-05
4011,1745781320.7304754,0.0002060167898889631
4012,1745781349.6859145,2.795636646624189e-05
4013,1745781375.2172656,0.004252641927450895
4014,1745781406.6375964,0.0029454047325998545
4015,1745781421.8943353,4.899393388768658e-05
4016,1745781450.8141663,0.0005603210884146392
4017,1745781489.7213304,0.0001959464279934764
4018,1745781502.7350824,0.0005203412147238851
4019,1745781529.6386585,7.917953189462423e-05
4020,1745781555.2481449,0.0004873717261943966
4021,1745781578.36388,7.377960719168186e-05
4022,1745781612.3263438,0.0007778238505125046
4023,1745781630.8592362,0.00015311337483581156
4024,1745781656.5687337,3.356708839419298e-05
4025,1745781684.1890848,0.00011165734758833423
4026,1745781718.7014554,0.00024415040388703346
4027,1745781743.024815,0.00041439165943302214
4028,1745781762.6385734,0.00025670393370091915
4029,1745781790.3848438,0.0003162618959322572
4030,1745781817.6633797,9.279928781324998e-05
4031,1745781844.2682176,9.894970571622252e-05
4032,1745781865.2477798,2.1584586647804826e-05
4033,1745781891.061218,0.026233987882733345
4034,1745781916.6038005,1.581035030540079e-05
4035,1745781944.6613681,0.007886114530265331
4036,1745781958.6175516,0.0005310327396728098
4037,1745781987.9960036,0.00041268288623541594
4038,1745782021.8788493,0.00024075816327240318
4039,1745782033.0548792,0.00016461327322758734
4040,1745782067.0817518,0.0008157030097208917
4041,1745782094.5567427,0.00018110184464603662
4042,1745782120.4290538,4.8409783630631864e-05
4043,1745782144.6264267,8.670867828186601e-05
4044,1745782169.643824,0.00024043532903306186
4045,1745782196.6048021,0.00019855107530020177
4046,1745782220.1521864,0.0002051183400908485
4047,1745782250.3142402,0.00019200879614800215
4048,1745782273.857832,9.133834828389809e-05
4049,1745782297.4206588,0.0032999971881508827
4050,1745782315.789298,0.002415646333247423
