step,wall_time,value
1,1745680336.595625,1.2345679145653321e-08
2,1745680352.9486291,2.4691358291306642e-08
3,1745680369.9745867,3.7037036548781543e-08
4,1745680380.923434,4.9382716582613284e-08
5,1745680396.324416,6.172839306373135e-08
6,1745680411.5909274,7.407407309756309e-08
7,1745680433.887712,8.641975313139483e-08
8,1745680445.466559,9.876543316522657e-08
9,1745680462.1266198,1.1111111319905831e-07
10,1745680472.9928975,1.234567861274627e-07
11,1745680485.5135572,1.3580246616129443e-07
12,1745680502.1752434,1.4814814619512617e-07
13,1745680516.419543,1.6049382622895791e-07
14,1745680541.4400828,1.7283950626278966e-07
15,1745680557.8444657,1.851851862966214e-07
16,1745680573.812484,1.9753086633045314e-07
17,1745680584.2988641,2.0987654636428488e-07
18,1745680604.0987678,2.2222222639811662e-07
19,1745680613.7544985,2.3456790643194836e-07
20,1745680628.4409127,2.469135722549254e-07
21,1745680634.0027902,2.592592522887571e-07
22,1745680653.534481,2.7160493232258887e-07
23,1745680661.6803906,2.839506123564206e-07
24,1745680673.1415548,2.9629629239025235e-07
25,1745680685.1854987,3.086419724240841e-07
26,1745680709.0014126,3.2098765245791583e-07
27,1745680722.1663468,3.3333333249174757e-07
28,1745680735.4375062,3.456790125255793e-07
29,1745680761.3040502,3.5802469255941105e-07
30,1745680775.105313,3.703703725932428e-07
31,1745680792.5235543,3.8271605262707453e-07
32,1745680808.4227343,3.9506173266090627e-07
33,1745680822.5018814,4.07407412694738e-07
34,1745680834.8334668,4.1975309272856975e-07
35,1745680842.898292,4.320987727624015e-07
36,1745680862.6936643,4.4444445279623324e-07
37,1745680878.6067648,4.56790132830065e-07
38,1745680888.532055,4.691358128638967e-07
39,1745680898.7427428,4.814814928977285e-07
40,1745680908.0456607,4.938271445098508e-07
41,1745680921.2657099,5.061728529653919e-07
42,1745680939.5210166,5.185185045775142e-07
43,1745680954.8696973,5.308642130330554e-07
44,1745680971.840723,5.432098646451777e-07
45,1745680982.7543147,5.555555731007189e-07
46,1745681004.3611176,5.679012247128412e-07
47,1745681023.473802,5.802469331683824e-07
48,1745681031.0170598,5.925925847805047e-07
49,1745681054.7765718,6.049382932360459e-07
50,1745681070.6589446,6.172839448481682e-07
51,1745681081.2017372,6.296296533037093e-07
52,1745681094.2517517,6.419753049158317e-07
53,1745681112.4347358,6.543210133713728e-07
54,1745681135.118708,6.666666649834951e-07
55,1745681141.7962933,6.790123734390363e-07
56,1745681162.835747,6.913580250511586e-07
57,1745681188.7794209,7.037036766632809e-07
58,1745681197.1071334,7.160493851188221e-07
59,1745681213.4480875,7.283950367309444e-07
60,1745681223.905159,7.407407451864856e-07
61,1745681239.7326114,7.530863967986079e-07
62,1745681251.1952975,7.654321052541491e-07
63,1745681259.0444193,7.777777568662714e-07
64,1745681276.2311857,7.901234653218125e-07
65,1745681294.6231658,8.024691169339349e-07
66,1745681303.2374263,8.14814825389476e-07
67,1745681320.484766,8.271604770015983e-07
68,1745681340.7054045,8.395061854571395e-07
69,1745681355.8391657,8.518518370692618e-07
70,1745681379.0098171,8.64197545524803e-07
71,1745681402.7530165,8.765431971369253e-07
72,1745681433.5205784,8.888889055924665e-07
73,1745681449.8118882,9.012345572045888e-07
74,1745681473.1575525,9.1358026566013e-07
75,1745681491.7911353,9.259259172722523e-07
76,1745681503.8148055,9.382716257277934e-07
77,1745681516.5184019,9.506172773399157e-07
78,1745681531.5928016,9.62962985795457e-07
79,1745681542.1061015,9.75308694250998e-07
80,1745681556.8898935,9.876542890197015e-07
81,1745681565.0177596,9.999999974752427e-07
82,1745681682.5302732,1.0123457059307839e-06
83,1745681701.3857388,1.024691414386325e-06
84,1745681712.7405236,1.0370370091550285e-06
85,1745681733.2040133,1.0493827176105697e-06
86,1745681753.9619246,1.0617284260661108e-06
87,1745681765.6673276,1.0740740208348143e-06
88,1745681776.3074012,1.0864197292903555e-06
89,1745681793.7667336,1.0987654377458966e-06
90,1745681814.982458,1.1111111462014378e-06
91,1745681830.8437865,1.1234567409701413e-06
92,1745681839.8559444,1.1358024494256824e-06
93,1745681859.9581301,1.1481481578812236e-06
94,1745681881.5006013,1.1604938663367648e-06
95,1745681890.5537424,1.1728394611054682e-06
96,1745681911.5264325,1.1851851695610094e-06
97,1745681924.2607467,1.1975308780165506e-06
98,1745681938.1338952,1.2098765864720917e-06
99,1745681948.6367211,1.2222221812407952e-06
100,1745681964.5110455,1.2345678896963364e-06
101,1745681975.9956748,1.2469135981518775e-06
102,1745681993.5262678,1.2592593066074187e-06
103,1745682006.0168066,1.2716049013761221e-06
104,1745682025.5005617,1.2839506098316633e-06
105,1745682038.3974154,1.2962963182872045e-06
106,1745682049.773152,1.3086420267427457e-06
107,1745682075.8673542,1.3209876215114491e-06
108,1745682097.5480707,1.3333333299669903e-06
109,1745682103.6336648,1.3456790384225314e-06
110,1745682119.7312949,1.3580247468780726e-06
111,1745682137.8716242,1.370370341646776e-06
112,1745682144.455282,1.3827160501023172e-06
113,1745682164.2745855,1.3950617585578584e-06
114,1745682177.1630833,1.4074073533265619e-06
115,1745682198.6816068,1.419753061782103e-06
116,1745682207.490531,1.4320987702376442e-06
117,1745682220.3912995,1.4444444786931854e-06
118,1745682237.0782437,1.4567900734618888e-06
119,1745682253.7787232,1.46913578191743e-06
120,1745682265.3784616,1.4814814903729712e-06
121,1745682275.9679635,1.4938271988285123e-06
122,1745682295.7467985,1.5061727935972158e-06
123,1745682310.8713791,1.518518502052757e-06
124,1745682326.305216,1.5308642105082981e-06
125,1745682351.008763,1.5432099189638393e-06
126,1745682381.3292708,1.5555555137325427e-06
127,1745682397.9133613,1.567901222188084e-06
128,1745682410.6809835,1.580246930643625e-06
129,1745682424.8560686,1.5925926390991663e-06
130,1745682434.0209272,1.6049382338678697e-06
131,1745682454.671708,1.6172839423234109e-06
132,1745682463.0516055,1.629629650778952e-06
133,1745682479.742958,1.6419753592344932e-06
134,1745682486.8338213,1.6543209540031967e-06
135,1745682503.1705317,1.6666666624587378e-06
136,1745682521.139932,1.679012370914279e-06
137,1745682536.8240294,1.6913580793698202e-06
138,1745682547.4099221,1.7037036741385236e-06
139,1745682561.9458969,1.7160493825940648e-06
140,1745682572.9423108,1.728395091049606e-06
141,1745682587.2704175,1.7407406858183094e-06
142,1745682602.2459464,1.7530863942738506e-06
143,1745682613.318141,1.7654321027293918e-06
144,1745682626.720195,1.777777811184933e-06
145,1745682637.1773856,1.7901234059536364e-06
146,1745682656.946992,1.8024691144091776e-06
147,1745682667.9099338,1.8148148228647187e-06
148,1745682683.7878394,1.82716053132026e-06
149,1745682696.846084,1.8395061260889634e-06
150,1745682717.6705968,1.8518518345445045e-06
151,1745682725.9562454,1.8641975430000457e-06
152,1745682743.6459045,1.8765432514555869e-06
153,1745682757.2820067,1.8888888462242903e-06
154,1745682778.1725426,1.9012345546798315e-06
155,1745682790.3531904,1.9135802631353727e-06
156,1745682808.9140015,1.925925971590914e-06
157,1745682828.0593064,1.938271680046455e-06
158,1745682842.580669,1.950617388501996e-06
159,1745682856.148615,1.962962869583862e-06
160,1745682873.77122,1.975308578039403e-06
161,1745682892.3832436,1.9876542864949442e-06
162,1745682895.4053628,1.9999999949504854e-06
163,1745683014.1932747,2.0123457034060266e-06
164,1745683029.653951,2.0246914118615678e-06
165,1745683048.8787534,2.037037120317109e-06
166,1745683060.748277,2.04938282877265e-06
167,1745683077.2521741,2.061728309854516e-06
168,1745683103.0942519,2.074074018310057e-06
169,1745683119.629902,2.086419726765598e-06
170,1745683140.2015998,2.0987654352211393e-06
171,1745683156.3137803,2.1111111436766805e-06
172,1745683174.2356994,2.1234568521322217e-06
173,1745683185.322518,2.135802560587763e-06
174,1745683200.635142,2.1481480416696286e-06
175,1745683224.4336088,2.1604937501251698e-06
176,1745683243.111608,2.172839458580711e-06
177,1745683258.1817026,2.185185167036252e-06
178,1745683277.3067596,2.1975308754917933e-06
179,1745683289.8655615,2.2098765839473344e-06
180,1745683306.5496185,2.2222222924028756e-06
181,1745683323.1426806,2.2345680008584168e-06
182,1745683330.8546507,2.2469134819402825e-06
183,1745683355.6533363,2.2592591903958237e-06
184,1745683366.029509,2.271604898851365e-06
185,1745683389.1399987,2.283950607306906e-06
186,1745683397.8244724,2.296296315762447e-06
187,1745683416.2196484,2.3086420242179884e-06
188,1745683428.830143,2.3209877326735295e-06
189,1745683442.2361538,2.3333334411290707e-06
190,1745683450.0709872,2.3456789222109364e-06
191,1745683472.5462332,2.3580246306664776e-06
192,1745683489.2084198,2.3703703391220188e-06
193,1745683498.244432,2.38271604757756e-06
194,1745683509.4474463,2.395061756033101e-06
195,1745683531.1075356,2.4074074644886423e-06
196,1745683542.5856774,2.4197531729441835e-06
197,1745683551.671085,2.432098654026049e-06
198,1745683559.8419552,2.4444443624815904e-06
199,1745683576.030884,2.4567900709371315e-06
200,1745683593.3010736,2.4691357793926727e-06
201,1745683612.3093345,2.481481487848214e-06
202,1745683631.097329,2.493827196303755e-06
203,1745683642.087429,2.5061729047592962e-06
204,1745683657.5347714,2.5185186132148374e-06
205,1745683671.9196963,2.530864094296703e-06
206,1745683689.3086374,2.5432098027522443e-06
207,1745683703.2656987,2.5555555112077855e-06
208,1745683715.6407692,2.5679012196633266e-06
209,1745683733.7339404,2.580246928118868e-06
210,1745683746.687355,2.592592636574409e-06
211,1745683758.3966389,2.60493834502995e-06
212,1745683766.672857,2.6172840534854913e-06
213,1745683792.8016994,2.629629534567357e-06
214,1745683803.591772,2.6419752430228982e-06
215,1745683823.3488827,2.6543209514784394e-06
216,1745683838.7214258,2.6666666599339806e-06
217,1745683845.9475417,2.6790123683895217e-06
218,1745683871.3006454,2.691358076845063e-06
219,1745683883.8568478,2.703703785300604e-06
220,1745683893.8467448,2.7160494937561452e-06
221,1745683916.1286044,2.728394974838011e-06
222,1745683931.493761,2.740740683293552e-06
223,1745683940.6175299,2.7530863917490933e-06
224,1745683961.6785994,2.7654321002046345e-06
225,1745683971.7602563,2.7777778086601757e-06
226,1745683981.247394,2.790123517115717e-06
227,1745684002.3068516,2.802469225571258e-06
228,1745684018.8179524,2.8148147066531237e-06
229,1745684032.0647078,2.827160415108665e-06
230,1745684043.2974422,2.839506123564206e-06
231,1745684057.7080529,2.8518518320197472e-06
232,1745684074.1258373,2.8641975404752884e-06
233,1745684085.9686508,2.8765432489308296e-06
234,1745684108.4748285,2.8888889573863707e-06
235,1745684121.667567,2.901234665841912e-06
236,1745684136.1769505,2.9135801469237776e-06
237,1745684146.1720264,2.925925855379319e-06
238,1745684165.2563493,2.93827156383486e-06
239,1745684180.9975524,2.950617272290401e-06
240,1745684188.6619587,2.9629629807459423e-06
241,1745684205.7227156,2.9753086892014835e-06
242,1745684225.043352,2.9876543976570247e-06
243,1745684232.4362624,3.000000106112566e-06
244,1745684345.4467397,3.0123455871944316e-06
245,1745684358.2765734,3.0246912956499727e-06
246,1745684376.8596523,3.037037004105514e-06
247,1745684388.7992086,3.049382712561055e-06
248,1745684404.311245,3.0617284210165963e-06
249,1745684413.7770433,3.0740741294721374e-06
250,1745684428.4982119,3.0864198379276786e-06
251,1745684447.7871044,3.0987653190095443e-06
252,1745684462.8623822,3.1111110274650855e-06
253,1745684480.8817658,3.1234567359206267e-06
254,1745684496.888629,3.135802444376168e-06
255,1745684509.59556,3.148148152831709e-06
256,1745684518.9805796,3.16049386128725e-06
257,1745684540.456629,3.1728395697427914e-06
258,1745684556.373111,3.1851852781983325e-06
259,1745684567.7274287,3.1975307592801983e-06
260,1745684586.6867163,3.2098764677357394e-06
261,1745684598.674797,3.2222221761912806e-06
262,1745684615.6442153,3.2345678846468218e-06
263,1745684632.3440826,3.246913593102363e-06
264,1745684648.5927541,3.259259301557904e-06
265,1745684659.2434049,3.2716050100134453e-06
266,1745684679.991868,3.2839507184689865e-06
267,1745684691.3363817,3.296296199550852e-06
268,1745684705.4554448,3.3086419080063934e-06
269,1745684715.4559956,3.3209876164619345e-06
270,1745684725.2398648,3.3333333249174757e-06
271,1745684736.7743657,3.345679033373017e-06
272,1745684754.6408253,3.358024741828558e-06
273,1745684768.6029646,3.370370450284099e-06
274,1745684781.6809554,3.3827161587396404e-06
275,1745684810.3695161,3.395061639821506e-06
276,1745684828.8117049,3.4074073482770473e-06
277,1745684860.698695,3.4197530567325884e-06
278,1745684880.2234716,3.4320987651881296e-06
279,1745684898.116971,3.444444473643671e-06
280,1745684910.8731256,3.456790182099212e-06
281,1745684934.9847388,3.469135890554753e-06
282,1745684954.7367365,3.481481371636619e-06
283,1745684969.328345,3.49382708009216e-06
284,1745684986.6856592,3.506172788547701e-06
285,1745685012.6486063,3.5185184970032424e-06
286,1745685036.650488,3.5308642054587835e-06
287,1745685061.3707292,3.5432099139143247e-06
288,1745685071.4657328,3.555555622369866e-06
289,1745685083.1367571,3.567901330825407e-06
290,1745685093.08602,3.5802468119072728e-06
291,1745685113.017158,3.592592520362814e-06
292,1745685125.1033232,3.604938228818355e-06
293,1745685150.699764,3.6172839372738963e-06
294,1745685166.4692914,3.6296296457294375e-06
295,1745685178.048197,3.6419753541849786e-06
296,1745685191.5020287,3.65432106264052e-06
297,1745685207.8293142,3.666666771096061e-06
298,1745685220.9852836,3.6790122521779267e-06
299,1745685238.5000763,3.691357960633468e-06
300,1745685247.110755,3.703703669089009e-06
301,1745685261.9787369,3.7160493775445502e-06
302,1745685287.2106867,3.7283950860000914e-06
303,1745685299.9258249,3.7407407944556326e-06
304,1745685315.7118063,3.7530865029111737e-06
305,1745685328.5994444,3.765432211366715e-06
306,1745685345.8627143,3.7777776924485806e-06
307,1745685369.0606165,3.790123400904122e-06
308,1745685387.8216403,3.802469109359663e-06
309,1745685402.3270166,3.814814590441529e-06
310,1745685416.5947418,3.827160526270745e-06
311,1745685430.106614,3.839506007352611e-06
312,1745685440.4104707,3.851851943181828e-06
313,1745685463.1040518,3.864197424263693e-06
314,1745685475.592312,3.87654336009291e-06
315,1745685487.830886,3.888888841174776e-06
316,1745685501.31718,3.901234777003992e-06
317,1745685511.322083,3.913580258085858e-06
318,1745685524.466783,3.925925739167724e-06
319,1745685535.6803071,3.93827167499694e-06
320,1745685550.7811148,3.950617156078806e-06
321,1745685557.786236,3.962963091908023e-06
322,1745685573.3169413,3.9753085729898885e-06
323,1745685586.86706,3.987654508819105e-06
324,1745685592.6337426,3.999999989900971e-06
325,1745685708.7019615,4.0123454709828366e-06
326,1745685725.46403,4.024691406812053e-06
327,1745685735.8053412,4.037036887893919e-06
328,1745685742.334464,4.0493828237231355e-06
329,1745685765.0265841,4.061728304805001e-06
330,1745685776.7764084,4.074074240634218e-06
331,1745685792.2318234,4.086419721716084e-06
332,1745685810.0344992,4.0987656575453e-06
333,1745685820.5862825,4.111111138627166e-06
334,1745685835.8794343,4.123456619709032e-06
335,1745685850.0213244,4.135802555538248e-06
336,1745685864.8749502,4.148148036620114e-06
337,1745685877.5987937,4.160493972449331e-06
338,1745685888.6668684,4.172839453531196e-06
339,1745685916.7992406,4.185185389360413e-06
340,1745685925.4399037,4.197530870442279e-06
341,1745685944.4864118,4.209876351524144e-06
342,1745685962.101179,4.222222287353361e-06
343,1745685981.3438697,4.234567768435227e-06
344,1745685992.767493,4.246913704264443e-06
345,1745686012.8204162,4.259259185346309e-06
346,1745686029.6921566,4.271605121175526e-06
347,1745686043.3189006,4.2839506022573914e-06
348,1745686059.3665266,4.296296083339257e-06
349,1745686075.1107433,4.308642019168474e-06
350,1745686095.1294956,4.3209875002503395e-06
351,1745686108.1080952,4.333333436079556e-06
352,1745686120.4092755,4.345678917161422e-06
353,1745686143.8690796,4.3580248529906385e-06
354,1745686169.572735,4.370370334072504e-06
355,1745686188.1737094,4.382716269901721e-06
356,1745686194.757757,4.3950617509835865e-06
357,1745686214.48603,4.407407232065452e-06
358,1745686223.7444034,4.419753167894669e-06
359,1745686246.0827866,4.432098648976535e-06
360,1745686261.6484065,4.444444584805751e-06
361,1745686270.778975,4.456790065887617e-06
362,1745686286.1747332,4.4691360017168336e-06
363,1745686296.8815687,4.481481482798699e-06
364,1745686313.4681478,4.493826963880565e-06
365,1745686332.3999953,4.506172899709782e-06
366,1745686341.9735978,4.518518380791647e-06
367,1745686351.5194125,4.530864316620864e-06
368,1745686371.600715,4.54320979770273e-06
369,1745686386.932056,4.555555733531946e-06
370,1745686413.6664639,4.567901214613812e-06
371,1745686424.487495,4.580246695695678e-06
372,1745686442.195319,4.592592631524894e-06
373,1745686457.1580107,4.60493811260676e-06
374,1745686480.4285064,4.617284048435977e-06
375,1745686491.5819533,4.6296295295178425e-06
376,1745686509.7875583,4.641975465347059e-06
377,1745686528.0403857,4.654320946428925e-06
378,1745686534.3569663,4.666666882258141e-06
379,1745686552.373186,4.679012363340007e-06
380,1745686566.2876534,4.691357844421873e-06
381,1745686582.9847782,4.7037037802510895e-06
382,1745686595.3895159,4.716049261332955e-06
383,1745686620.8626797,4.728395197162172e-06
384,1745686637.6195292,4.7407406782440376e-06
385,1745686647.825868,4.753086614073254e-06
386,1745686664.4823132,4.76543209515512e-06
387,1745686679.914679,4.777777576236986e-06
388,1745686691.4952538,4.790123512066202e-06
389,1745686703.7642167,4.802468993148068e-06
390,1745686714.87355,4.814814928977285e-06
391,1745686735.1895647,4.82716041005915e-06
392,1745686754.1761768,4.839506345888367e-06
393,1745686783.8749917,4.851851826970233e-06
394,1745686792.7835624,4.864197308052098e-06
395,1745686810.00885,4.876543243881315e-06
396,1745686824.9905026,4.888888724963181e-06
397,1745686838.5726476,4.901234660792397e-06
398,1745686858.331166,4.913580141874263e-06
399,1745686865.5102625,4.92592607770348e-06
400,1745686885.44182,4.938271558785345e-06
401,1745686894.2449617,4.950617494614562e-06
402,1745686910.3690329,4.962962975696428e-06
403,1745686921.4163241,4.9753084567782935e-06
404,1745686935.6686406,4.98765439260751e-06
405,1745686937.9125586,4.999999873689376e-06
406,1745687070.849466,5.0123458095185924e-06
407,1745687085.8801706,5.024691290600458e-06
408,1745687105.0046716,5.037037226429675e-06
409,1745687127.932378,5.0493827075115405e-06
410,1745687143.3088346,5.061728188593406e-06
411,1745687156.0053055,5.074074124422623e-06
412,1745687185.7260964,5.0864196055044886e-06
413,1745687197.728743,5.098765541333705e-06
414,1745687211.8988566,5.111111022415571e-06
415,1745687227.3282547,5.1234569582447875e-06
416,1745687240.509726,5.135802439326653e-06
417,1745687266.0145957,5.14814837515587e-06
418,1745687277.5680625,5.160493856237736e-06
419,1745687291.38195,5.172839337319601e-06
420,1745687309.996544,5.185185273148818e-06
421,1745687337.5428064,5.197530754230684e-06
422,1745687354.8390412,5.2098766900599e-06
423,1745687368.0626369,5.222222171141766e-06
424,1745687378.9371903,5.234568106970983e-06
425,1745687390.8353517,5.246913588052848e-06
426,1745687400.3775582,5.259259069134714e-06
427,1745687414.678698,5.271605004963931e-06
428,1745687425.5648034,5.2839504860457964e-06
429,1745687444.8123696,5.296296421875013e-06
430,1745687461.6602073,5.308641902956879e-06
431,1745687472.2176747,5.320987838786095e-06
432,1745687482.7594388,5.333333319867961e-06
433,1745687499.7061782,5.345678800949827e-06
434,1745687510.285748,5.3580247367790435e-06
435,1745687519.4234643,5.370370217860909e-06
436,1745687530.616099,5.382716153690126e-06
437,1745687561.0566812,5.3950616347719915e-06
438,1745687576.556155,5.407407570601208e-06
439,1745687590.183197,5.419753051683074e-06
440,1745687608.588949,5.4320989875122905e-06
441,1745687620.0307074,5.444444468594156e-06
442,1745687630.8267372,5.456789949676022e-06
443,1745687640.8975058,5.4691358855052385e-06
444,1745687658.5917604,5.481481366587104e-06
445,1745687674.8265512,5.493827302416321e-06
446,1745687696.762315,5.506172783498187e-06
447,1745687704.83054,5.518518719327403e-06
448,1745687724.0359118,5.530864200409269e-06
449,1745687744.9786727,5.543209681491135e-06
450,1745687758.4206803,5.555555617320351e-06
451,1745687770.1802897,5.567901098402217e-06
452,1745687788.5960057,5.580247034231434e-06
453,1745687811.3667696,5.592592515313299e-06
454,1745687830.3752687,5.604938451142516e-06
455,1745687846.5465443,5.617283932224382e-06
456,1745687855.6584153,5.6296294133062474e-06
457,1745687861.5396032,5.641975349135464e-06
458,1745687888.2066798,5.65432083021733e-06
459,1745687898.868388,5.666666766046546e-06
460,1745687905.252848,5.679012247128412e-06
461,1745687928.1619978,5.691358182957629e-06
462,1745687939.4377477,5.7037036640394945e-06
463,1745687966.8248096,5.716049599868711e-06
464,1745687977.507832,5.728395080950577e-06
465,1745687988.557905,5.7407405620324425e-06
466,1745687999.0352378,5.753086497861659e-06
467,1745688020.171231,5.765431978943525e-06
468,1745688029.3650322,5.7777779147727415e-06
469,1745688042.049873,5.790123395854607e-06
470,1745688057.1307158,5.802469331683824e-06
471,1745688068.0627882,5.8148148127656896e-06
472,1745688079.3054712,5.827160293847555e-06
473,1745688096.5028298,5.839506229676772e-06
474,1745688110.0276232,5.851851710758638e-06
475,1745688123.013676,5.864197646587854e-06
476,1745688135.7172155,5.87654312766972e-06
477,1745688151.7396035,5.888889063498937e-06
478,1745688158.1757681,5.901234544580802e-06
479,1745688180.9740925,5.913580025662668e-06
480,1745688193.6924667,5.925925961491885e-06
481,1745688211.0882542,5.93827144257375e-06
482,1745688223.0653245,5.950617378402967e-06
483,1745688234.2331488,5.962962859484833e-06
484,1745688247.998151,5.975308795314049e-06
485,1745688264.686729,5.987654276395915e-06
486,1745688271.118034,6.000000212225132e-06
487,1745688393.061572,6.012345693306997e-06
488,1745688409.5151637,6.024691174388863e-06
489,1745688420.633273,6.03703711021808e-06
490,1745688435.0017421,6.0493825912999455e-06
491,1745688447.1751506,6.061728527129162e-06
492,1745688467.2221155,6.074074008211028e-06
493,1745688486.5876958,6.0864199440402444e-06
494,1745688503.7214453,6.09876542512211e-06
495,1745688512.3437965,6.111110906203976e-06
496,1745688529.5143905,6.1234568420331925e-06
497,1745688543.174391,6.135802323115058e-06
498,1745688560.2641273,6.148148258944275e-06
499,1745688574.152681,6.160493740026141e-06
500,1745688583.2945492,6.172839675855357e-06
501,1745688594.5374405,6.185185156937223e-06
502,1745688609.5552738,6.197530638019089e-06
503,1745688621.2770708,6.209876573848305e-06
504,1745688638.752103,6.222222054930171e-06
505,1745688651.5712492,6.234567990759388e-06
506,1745688664.283601,6.246913471841253e-06
507,1745688679.564281,6.25925940767047e-06
508,1745688695.5583932,6.271604888752336e-06
509,1745688705.1172416,6.283950824581552e-06
510,1745688728.470633,6.296296305663418e-06
511,1745688740.0624511,6.308641786745284e-06
512,1745688753.4227476,6.3209877225745e-06
513,1745688767.3843098,6.333333203656366e-06
514,1745688787.7061808,6.345679139485583e-06
515,1745688801.9499686,6.3580246205674484e-06
516,1745688811.1927967,6.370370556396665e-06
517,1745688832.0856135,6.382716037478531e-06
518,1745688847.1868758,6.3950615185603965e-06
519,1745688860.8770862,6.407407454389613e-06
520,1745688875.3230584,6.419752935471479e-06
521,1745688898.9076052,6.4320988713006955e-06
522,1745688914.31725,6.444444352382561e-06
523,1745688926.8428946,6.456790288211778e-06
524,1745688939.0063884,6.4691357692936435e-06
525,1745688970.597794,6.48148170512286e-06
526,1745688995.7187307,6.493827186204726e-06
527,1745689004.6859853,6.506172667286592e-06
528,1745689017.4767652,6.518518603115808e-06
529,1745689028.5779185,6.530864084197674e-06
530,1745689050.46929,6.5432100200268906e-06
531,1745689065.5447452,6.555555501108756e-06
532,1745689081.9566317,6.567901436937973e-06
533,1745689090.1684983,6.580246918019839e-06
534,1745689115.7257764,6.592592399101704e-06
535,1745689121.0742269,6.604938334930921e-06
536,1745689153.538898,6.617283816012787e-06
537,1745689164.2414126,6.629629751842003e-06
538,1745689179.9147594,6.641975232923869e-06
539,1745689187.4855828,6.654321168753086e-06
540,1745689202.602293,6.666666649834951e-06
541,1745689210.450721,6.679012130916817e-06
542,1745689235.1708117,6.691358066746034e-06
543,1745689255.378395,6.7037035478278995e-06
544,1745689275.3400416,6.716049483657116e-06
545,1745689295.9143395,6.728394964738982e-06
546,1745689312.4218416,6.740740900568198e-06
547,1745689325.814932,6.753086381650064e-06
548,1745689340.7947078,6.765432317479281e-06
549,1745689355.62623,6.7777777985611465e-06
550,1745689380.340057,6.790123279643012e-06
551,1745689400.4975357,6.802469215472229e-06
552,1745689424.8118212,6.8148146965540946e-06
553,1745689436.816391,6.827160632383311e-06
554,1745689447.0850806,6.839506113465177e-06
555,1745689458.8194253,6.8518520492943935e-06
556,1745689471.172829,6.864197530376259e-06
557,1745689492.46423,6.876543011458125e-06
558,1745689500.2062063,6.888888947287342e-06
559,1745689521.605959,6.901234428369207e-06
560,1745689531.0528674,6.913580364198424e-06
561,1745689555.913183,6.92592584528029e-06
562,1745689579.4788127,6.938271781109506e-06
563,1745689598.6812434,6.950617262191372e-06
564,1745689616.2634995,6.962962743273238e-06
565,1745689630.2998054,6.975308679102454e-06
566,1745689639.677837,6.98765416018432e-06
567,1745689644.4302623,7.000000096013537e-06
568,1745689765.4027634,7.012345577095402e-06
569,1745689778.3765368,7.024691512924619e-06
570,1745689798.235719,7.037036994006485e-06
571,1745689814.469794,7.049382929835701e-06
572,1745689829.1022213,7.061728410917567e-06
573,1745689842.0347252,7.074073891999433e-06
574,1745689856.6837778,7.0864198278286494e-06
575,1745689873.2466795,7.098765308910515e-06
576,1745689898.30908,7.111111244739732e-06
577,1745689907.9579878,7.1234567258215975e-06
578,1745689921.2713652,7.135802661650814e-06
579,1745689941.6945317,7.14814814273268e-06
580,1745689953.929708,7.1604936238145456e-06
581,1745689975.3962865,7.172839559643762e-06
582,1745689993.842753,7.185185040725628e-06
583,1745690017.0934021,7.1975309765548445e-06
584,1745690041.7015831,7.20987645763671e-06
585,1745690057.614897,7.222222393465927e-06
586,1745690066.9864845,7.234567874547793e-06
587,1745690088.272152,7.246913355629658e-06
588,1745690110.5040512,7.259259291458875e-06
589,1745690118.1048079,7.271604772540741e-06
590,1745690137.7267182,7.283950708369957e-06
591,1745690149.1135435,7.296296189451823e-06
592,1745690159.632858,7.30864212528104e-06
593,1745690169.4142551,7.320987606362905e-06
594,1745690182.2594922,7.333333542192122e-06
595,1745690193.773599,7.345679023273988e-06
596,1745690206.0252001,7.358024504355853e-06
597,1745690228.4754717,7.37037044018507e-06
598,1745690248.0498977,7.382715921266936e-06
599,1745690274.562767,7.395061857096152e-06
600,1745690296.9824407,7.407407338178018e-06
601,1745690308.2678688,7.419753274007235e-06
602,1745690336.3006275,7.4320987550891005e-06
603,1745690344.1312094,7.444444236170966e-06
604,1745690358.302338,7.456790172000183e-06
605,1745690371.47099,7.4691356530820485e-06
606,1745690390.0855467,7.481481588911265e-06
607,1745690408.9913373,7.493827069993131e-06
608,1745690428.9563568,7.5061730058223475e-06
609,1745690440.0066607,7.518518486904213e-06
610,1745690460.3143597,7.53086442273343e-06
611,1745690474.9667323,7.5432099038152955e-06
612,1745690487.6816945,7.555555384897161e-06
613,1745690496.6929631,7.567901320726378e-06
614,1745690518.243785,7.580246801808244e-06
615,1745690528.9753823,7.59259273763746e-06
616,1745690551.0263658,7.604938218719326e-06
617,1745690559.7651348,7.6172841545485426e-06
618,1745690572.2387617,7.629629180883057e-06
619,1745690596.195377,7.641975571459625e-06
620,1745690609.0239286,7.65432105254149e-06
621,1745690618.9990795,7.666666533623356e-06
622,1745690640.6792645,7.679012014705222e-06
623,1745690658.9886684,7.69135840528179e-06
624,1745690683.9992962,7.703703886363655e-06
625,1745690711.3580291,7.716049367445521e-06
626,1745690735.3031473,7.728394848527387e-06
627,1745690755.9275122,7.740740329609253e-06
628,1745690791.7315893,7.75308672018582e-06
629,1745690811.1122825,7.765432201267686e-06
630,1745690842.6667817,7.777777682349551e-06
631,1745690854.014678,7.790123163431417e-06
632,1745690885.446291,7.802469554007985e-06
633,1745690917.995228,7.81481503508985e-06
634,1745690946.7916422,7.827160516171716e-06
635,1745690980.6180377,7.839505997253582e-06
636,1745691012.5329945,7.851851478335448e-06
637,1745691039.8459628,7.864197868912015e-06
638,1745691060.5235724,7.87654334999388e-06
639,1745691096.5974503,7.888888831075747e-06
640,1745691122.9825056,7.901234312157612e-06
641,1745691152.7928257,7.913579793239478e-06
642,1745691178.6704166,7.925926183816046e-06
643,1745691206.460218,7.938271664897911e-06
644,1745691233.4910042,7.950617145979777e-06
645,1745691260.6059315,7.962962627061643e-06
646,1745691288.3669446,7.97530901763821e-06
647,1745691317.4418766,7.987654498720076e-06
648,1745691328.2698345,7.999999979801942e-06
649,1745691564.0218933,8.012345460883807e-06
650,1745691594.659412,8.024690941965673e-06
651,1745691619.484431,8.03703733254224e-06
652,1745691646.1533737,8.049382813624106e-06
653,1745691671.5845573,8.061728294705972e-06
654,1745691695.826257,8.074073775787838e-06
655,1745691725.785103,8.086420166364405e-06
656,1745691757.5492735,8.098765647446271e-06
657,1745691770.515286,8.111111128528137e-06
658,1745691795.723901,8.123456609610002e-06
659,1745691831.4186285,8.135802090691868e-06
660,1745691853.5920959,8.148148481268436e-06
661,1745691876.767539,8.160493962350301e-06
662,1745691902.2585335,8.172839443432167e-06
663,1745691930.792759,8.185184924514033e-06
664,1745691956.1324298,8.1975313150906e-06
665,1745691983.9514525,8.209876796172466e-06
666,1745692015.122383,8.222222277254332e-06
667,1745692042.6614296,8.234567758336198e-06
668,1745692066.2710524,8.246913239418063e-06
669,1745692090.872917,8.25925962999463e-06
670,1745692118.214997,8.271605111076497e-06
671,1745692141.844839,8.283950592158362e-06
672,1745692174.29647,8.296296073240228e-06
673,1745692200.8745353,8.308641554322094e-06
674,1745692227.1266353,8.320987944898661e-06
675,1745692252.0312843,8.333333425980527e-06
676,1745692276.9723172,8.345678907062393e-06
677,1745692302.173752,8.358024388144258e-06
678,1745692330.941336,8.370370778720826e-06
679,1745692357.195725,8.382716259802692e-06
680,1745692391.4754589,8.395061740884557e-06
681,1745692411.8735075,8.407407221966423e-06
682,1745692437.273961,8.419752703048289e-06
683,1745692459.2768776,8.432099093624856e-06
684,1745692491.4290237,8.444444574706722e-06
685,1745692524.3442638,8.456790055788588e-06
686,1745692549.6467252,8.469135536870454e-06
687,1745692576.574777,8.481481927447021e-06
688,1745692599.1700034,8.493827408528887e-06
689,1745692626.5089102,8.506172889610752e-06
690,1745692650.89331,8.518518370692618e-06
691,1745692676.0023565,8.530863851774484e-06
692,1745692691.8864625,8.543210242351051e-06
693,1745692723.810283,8.555555723432917e-06
694,1745692754.8349237,8.567901204514783e-06
695,1745692768.3731844,8.580246685596649e-06
696,1745692796.2501218,8.592592166678514e-06
697,1745692822.8057327,8.604938557255082e-06
698,1745692854.0452273,8.617284038336948e-06
699,1745692879.7838633,8.629629519418813e-06
700,1745692902.816499,8.641975000500679e-06
701,1745692925.8379688,8.654321391077247e-06
702,1745692951.8976502,8.666666872159112e-06
703,1745692982.755679,8.679012353240978e-06
704,1745693016.069262,8.691357834322844e-06
705,1745693031.8947852,8.70370331540471e-06
706,1745693057.3766236,8.716049705981277e-06
707,1745693083.6967444,8.728395187063143e-06
708,1745693112.7649941,8.740740668145008e-06
709,1745693134.845999,8.753086149226874e-06
710,1745693160.8201025,8.765432539803442e-06
711,1745693183.4775481,8.777778020885307e-06
712,1745693212.3556423,8.790123501967173e-06
713,1745693240.086006,8.802468983049039e-06
714,1745693271.0273876,8.814814464130905e-06
715,1745693301.6719031,8.827160854707472e-06
716,1745693336.0182436,8.839506335789338e-06
717,1745693368.843026,8.851851816871203e-06
718,1745693408.9594734,8.86419729795307e-06
719,1745693443.7015128,8.876542779034935e-06
720,1745693463.5954046,8.888889169611502e-06
721,1745693490.8598914,8.901234650693368e-06
722,1745693517.47772,8.913580131775234e-06
723,1745693540.8932915,8.9259256128571e-06
724,1745693564.8656816,8.938272003433667e-06
725,1745693590.3273315,8.950617484515533e-06
726,1745693618.874502,8.962962965597399e-06
727,1745693650.9955323,8.975308446679264e-06
728,1745693677.1784894,8.98765392776113e-06
729,1745693686.922514,9.000000318337698e-06
730,1745693913.976136,9.012345799419563e-06
731,1745693938.5860817,9.024691280501429e-06
732,1745693965.5146835,9.037036761583295e-06
733,1745693988.8627248,9.049383152159862e-06
734,1745694022.0894876,9.061728633241728e-06
735,1745694051.5863714,9.074074114323594e-06
736,1745694083.154728,9.08641959540546e-06
737,1745694120.5554643,9.098765076487325e-06
738,1745694151.4476824,9.111111467063893e-06
739,1745694177.5635858,9.123456948145758e-06
740,1745694199.5122554,9.135802429227624e-06
741,1745694224.9072018,9.14814791030949e-06
742,1745694250.819808,9.160493391391356e-06
743,1745694276.1246636,9.172839781967923e-06
744,1745694301.2950563,9.185185263049789e-06
745,1745694332.373905,9.197530744131655e-06
746,1745694352.5617144,9.20987622521352e-06
747,1745694381.775415,9.222222615790088e-06
748,1745694415.2064424,9.234568096871953e-06
749,1745694426.1372058,9.24691357795382e-06
750,1745694459.3509836,9.259259059035685e-06
751,1745694480.5882146,9.27160454011755e-06
752,1745694504.3163774,9.283950930694118e-06
753,1745694532.7148252,9.296296411775984e-06
754,1745694556.3083484,9.30864189285785e-06
755,1745694579.4994543,9.320987373939715e-06
756,1745694605.5503693,9.333333764516283e-06
757,1745694635.4910932,9.345679245598149e-06
758,1745694662.5456824,9.358024726680014e-06
759,1745694679.6647434,9.37037020776188e-06
760,1745694716.030483,9.382715688843746e-06
761,1745694744.1614373,9.395062079420313e-06
762,1745694766.3200037,9.407407560502179e-06
763,1745694791.2717001,9.419753041584045e-06
764,1745694822.4621606,9.43209852266591e-06
765,1745694854.5150726,9.444444003747776e-06
766,1745694881.498014,9.456790394324344e-06
767,1745694902.6936302,9.46913587540621e-06
768,1745694929.1761835,9.481481356488075e-06
769,1745694962.2514899,9.49382683756994e-06
770,1745694990.1453695,9.506173228146508e-06
771,1745695017.0822234,9.518518709228374e-06
772,1745695038.8744712,9.53086419031024e-06
773,1745695062.9760869,9.543209671392106e-06
774,1745695085.8231304,9.555555152473971e-06
775,1745695110.8631804,9.567901543050539e-06
776,1745695137.7296565,9.580247024132404e-06
777,1745695172.1032002,9.59259250521427e-06
778,1745695191.8219693,9.604937986296136e-06
779,1745695214.095468,9.617284376872703e-06
780,1745695245.5678086,9.62962985795457e-06
781,1745695268.6592758,9.641975339036435e-06
782,1745695292.4489613,9.6543208201183e-06
783,1745695322.151186,9.666666301200166e-06
784,1745695347.3943868,9.679012691776734e-06
785,1745695375.2587786,9.6913581728586e-06
786,1745695398.5087957,9.703703653940465e-06
787,1745695423.6938179,9.716049135022331e-06
788,1745695452.3697097,9.728394616104197e-06
789,1745695475.9019191,9.740741006680764e-06
790,1745695501.9946525,9.75308648776263e-06
791,1745695528.5493982,9.765431968844496e-06
792,1745695552.108781,9.777777449926361e-06
793,1745695580.9588559,9.790123840502929e-06
794,1745695606.15082,9.802469321584795e-06
795,1745695631.3440652,9.81481480266666e-06
796,1745695658.5406528,9.827160283748526e-06
797,1745695680.8748946,9.839505764830392e-06
798,1745695711.4289885,9.85185215540696e-06
799,1745695740.9378295,9.864197636488825e-06
800,1745695761.0966506,9.87654311757069e-06
801,1745695787.8350205,9.888888598652557e-06
802,1745695815.6279685,9.901234989229124e-06
803,1745695838.7588289,9.91358047031099e-06
804,1745695868.8898108,9.925925951392855e-06
805,1745695894.6732848,9.938271432474721e-06
806,1745695923.6839893,9.950616913556587e-06
807,1745695951.9084427,9.962963304133154e-06
808,1745695980.305864,9.97530878521502e-06
809,1745696007.5402765,9.987654266296886e-06
810,1745696019.4350562,9.999999747378752e-06
811,1745696254.8019207,1.0012345228460617e-05
812,1745696274.6865916,1.0024691619037185e-05
813,1745696304.306754,1.003703710011905e-05
814,1745696317.3079655,1.0049382581200916e-05
815,1745696346.6007826,1.0061728062282782e-05
816,1745696369.3084304,1.007407445285935e-05
817,1745696403.441031,1.0086419933941215e-05
818,1745696428.326814,1.0098765415023081e-05
819,1745696460.7325578,1.0111110896104947e-05
820,1745696472.2913866,1.0123456377186812e-05
821,1745696500.464559,1.013580276776338e-05
822,1745696541.0248144,1.0148148248845246e-05
823,1745696558.7682254,1.0160493729927111e-05
824,1745696585.2186532,1.0172839211008977e-05
825,1745696618.8360853,1.0185185601585545e-05
826,1745696637.4181075,1.019753108266741e-05
827,1745696664.4056833,1.0209876563749276e-05
828,1745696689.0353894,1.0222222044831142e-05
829,1745696717.4496055,1.0234567525913008e-05
830,1745696743.824721,1.0246913916489575e-05
831,1745696768.697184,1.025925939757144e-05
832,1745696796.708877,1.0271604878653307e-05
833,1745696827.4917796,1.0283950359735172e-05
834,1745696848.3614595,1.029629675031174e-05
835,1745696864.0907466,1.0308642231393605e-05
836,1745696891.7910726,1.0320987712475471e-05
837,1745696914.3354337,1.0333333193557337e-05
838,1745696946.3771226,1.0345678674639203e-05
839,1745696974.945904,1.035802506521577e-05
840,1745697003.8151855,1.0370370546297636e-05
841,1745697028.1488686,1.0382716027379502e-05
842,1745697048.1534357,1.0395061508461367e-05
843,1745697079.962396,1.0407406989543233e-05
844,1745697116.552449,1.04197533801198e-05
845,1745697131.855502,1.0432098861201666e-05
846,1745697157.4890149,1.0444444342283532e-05
847,1745697187.2634048,1.0456789823365398e-05
848,1745697203.1101332,1.0469136213941965e-05
849,1745697228.2991912,1.0481481695023831e-05
850,1745697253.069112,1.0493827176105697e-05
851,1745697278.5882292,1.0506172657187562e-05
852,1745697313.849329,1.0518518138269428e-05
853,1745697338.1084106,1.0530864528845996e-05
854,1745697361.8011234,1.0543210009927861e-05
855,1745697388.4496078,1.0555555491009727e-05
856,1745697417.0996265,1.0567900972091593e-05
857,1745697445.763334,1.058024736266816e-05
858,1745697469.5946636,1.0592592843750026e-05
859,1745697495.803878,1.0604938324831892e-05
860,1745697528.3007581,1.0617283805913758e-05
861,1745697555.0811303,1.0629629286995623e-05
862,1745697582.7356777,1.064197567757219e-05
863,1745697609.6374607,1.0654321158654056e-05
864,1745697629.1430368,1.0666666639735922e-05
865,1745697654.1481414,1.0679012120817788e-05
866,1745697680.768157,1.0691357601899654e-05
867,1745697707.5522509,1.0703703992476221e-05
868,1745697732.7436733,1.0716049473558087e-05
869,1745697760.1543546,1.0728394954639953e-05
870,1745697787.0862653,1.0740740435721818e-05
871,1745697816.5671196,1.0753086826298386e-05
872,1745697843.1370978,1.0765432307380252e-05
873,1745697862.2424102,1.0777777788462117e-05
874,1745697888.6267471,1.0790123269543983e-05
875,1745697908.5443578,1.0802468750625849e-05
876,1745697936.566932,1.0814815141202416e-05
877,1745697963.6364312,1.0827160622284282e-05
878,1745697998.1906433,1.0839506103366148e-05
879,1745698022.8837852,1.0851851584448013e-05
880,1745698048.3756971,1.0864197975024581e-05
881,1745698070.5206807,1.0876543456106447e-05
882,1745698097.6751926,1.0888888937188312e-05
883,1745698133.2300985,1.0901234418270178e-05
884,1745698154.2124836,1.0913579899352044e-05
885,1745698180.9870822,1.0925926289928611e-05
886,1745698207.654838,1.0938271771010477e-05
887,1745698236.7460365,1.0950617252092343e-05
888,1745698264.2120328,1.0962962733174209e-05
889,1745698296.6728368,1.0975308214256074e-05
890,1745698328.4618323,1.0987654604832642e-05
891,1745698341.795098,1.1000000085914508e-05
892,1745698579.3356829,1.1012345566996373e-05
893,1745698613.8075073,1.1024691048078239e-05
894,1745698645.1948295,1.1037037438654806e-05
895,1745698660.2574553,1.1049382919736672e-05
896,1745698698.878333,1.1061728400818538e-05
897,1745698721.2769444,1.1074073881900404e-05
898,1745698750.5291946,1.108641936298227e-05
899,1745698777.3671467,1.1098765753558837e-05
900,1745698794.6829064,1.1111111234640703e-05
901,1745698822.9539628,1.1123456715722568e-05
902,1745698843.3318949,1.1135802196804434e-05
903,1745698870.3805807,1.1148148587381002e-05
904,1745698895.6892612,1.1160494068462867e-05
905,1745698924.0760245,1.1172839549544733e-05
906,1745698946.536085,1.1185185030626599e-05
907,1745698973.2555585,1.1197530511708464e-05
908,1745699006.3473754,1.1209876902285032e-05
909,1745699033.7614717,1.1222222383366898e-05
910,1745699060.0845942,1.1234567864448763e-05
911,1745699087.2015972,1.124691334553063e-05
912,1745699118.4790728,1.1259258826612495e-05
913,1745699148.3517296,1.1271605217189062e-05
914,1745699175.2471967,1.1283950698270928e-05
915,1745699209.4557927,1.1296296179352794e-05
916,1745699242.7960265,1.130864166043466e-05
917,1745699257.22611,1.1320988051011227e-05
918,1745699288.2018929,1.1333333532093093e-05
919,1745699318.2775896,1.1345679013174959e-05
920,1745699346.1772158,1.1358024494256824e-05
921,1745699374.2008405,1.137036997533869e-05
922,1745699403.7758973,1.1382716365915257e-05
923,1745699444.6927357,1.1395061846997123e-05
924,1745699477.4397545,1.1407407328078989e-05
925,1745699510.986536,1.1419752809160855e-05
926,1745699524.898289,1.1432099199737422e-05
927,1745699550.0422752,1.1444444680819288e-05
928,1745699581.388482,1.1456790161901154e-05
929,1745699601.6988864,1.146913564298302e-05
930,1745699626.04585,1.1481481124064885e-05
931,1745699651.615729,1.1493827514641453e-05
932,1745699676.1082065,1.1506172995723318e-05
933,1745699704.838389,1.1518518476805184e-05
934,1745699733.1876833,1.153086395788705e-05
935,1745699760.780646,1.1543209438968915e-05
936,1745699789.4599614,1.1555555829545483e-05
937,1745699808.9720519,1.1567901310627349e-05
938,1745699831.2745802,1.1580246791709214e-05
939,1745699852.5754318,1.159259227279108e-05
940,1745699882.2128274,1.1604938663367648e-05
941,1745699913.299124,1.1617284144449513e-05
942,1745699925.7159498,1.1629629625531379e-05
943,1745699956.0697098,1.1641975106613245e-05
944,1745699968.9325175,1.165432058769511e-05
945,1745699996.8851879,1.1666666978271678e-05
946,1745700032.6586645,1.1679012459353544e-05
947,1745700050.3809555,1.169135794043541e-05
948,1745700078.3496227,1.1703703421517275e-05
949,1745700102.5198224,1.1716049812093843e-05
950,1745700128.5305114,1.1728395293175709e-05
951,1745700152.4603968,1.1740740774257574e-05
952,1745700180.3707354,1.175308625533944e-05
953,1745700207.0623534,1.1765431736421306e-05
954,1745700231.4424834,1.1777778126997873e-05
955,1745700260.687891,1.1790123608079739e-05
956,1745700286.0825808,1.1802469089161605e-05
957,1745700314.016697,1.181481457024347e-05
958,1745700340.559418,1.1827160051325336e-05
959,1745700367.4254818,1.1839506441901904e-05
960,1745700392.7547722,1.185185192298377e-05
961,1745700412.905019,1.1864197404065635e-05
962,1745700444.1832826,1.18765428851475e-05
963,1745700472.7767062,1.1888889275724068e-05
964,1745700497.5482798,1.1901234756805934e-05
965,1745700525.2731178,1.19135802378878e-05
966,1745700554.9218836,1.1925925718969665e-05
967,1745700592.3018887,1.1938271200051531e-05
968,1745700621.4698377,1.1950617590628099e-05
969,1745700649.617869,1.1962963071709964e-05
970,1745700677.304231,1.197530855279183e-05
971,1745700704.4477487,1.1987654033873696e-05
972,1745700716.301065,1.2000000424450263e-05
973,1745700970.207978,1.2012345905532129e-05
974,1745701004.405291,1.2024691386613995e-05
975,1745701018.366233,1.203703686769586e-05
976,1745701046.8673708,1.2049382348777726e-05
977,1745701084.756784,1.2061728739354294e-05
978,1745701100.3122563,1.207407422043616e-05
979,1745701122.9537737,1.2086419701518025e-05
980,1745701145.8772306,1.2098765182599891e-05
981,1745701171.788974,1.2111110663681757e-05
982,1745701198.8318539,1.2123457054258324e-05
983,1745701225.2558298,1.213580253534019e-05
984,1745701251.584521,1.2148148016422056e-05
985,1745701278.4684255,1.2160493497503921e-05
986,1745701298.476059,1.2172839888080489e-05
987,1745701321.4812982,1.2185185369162355e-05
988,1745701344.6105268,1.219753085024422e-05
989,1745701368.1936185,1.2209876331326086e-05
990,1745701395.947305,1.2222221812407952e-05
991,1745701419.9722373,1.223456820298452e-05
992,1745701443.6872945,1.2246913684066385e-05
993,1745701472.089182,1.225925916514825e-05
994,1745701502.6795614,1.2271604646230116e-05
995,1745701536.4360726,1.2283951036806684e-05
996,1745701562.8943248,1.229629651788855e-05
997,1745701599.573449,1.2308641998970415e-05
998,1745701614.3037462,1.2320987480052281e-05
999,1745701644.6527712,1.2333332961134147e-05
1000,1745701667.1812553,1.2345679351710714e-05
1001,1745701689.95394,1.235802483279258e-05
1002,1745701724.6657925,1.2370370313874446e-05
1003,1745701737.726504,1.2382715794956312e-05
1004,1745701765.1816196,1.2395061276038177e-05
1005,1745701796.3000145,1.2407407666614745e-05
1006,1745701817.0233195,1.241975314769661e-05
1007,1745701842.4214404,1.2432098628778476e-05
1008,1745701879.4304187,1.2444444109860342e-05
1009,1745701913.961838,1.245679050043691e-05
1010,1745701940.0033047,1.2469135981518775e-05
1011,1745701956.6983793,1.2481481462600641e-05
1012,1745701977.5013416,1.2493826943682507e-05
1013,1745702003.4299505,1.2506172424764372e-05
1014,1745702025.8837485,1.251851881534094e-05
1015,1745702051.6007288,1.2530864296422806e-05
1016,1745702078.1560843,1.2543209777504671e-05
1017,1745702104.5152287,1.2555555258586537e-05
1018,1745702134.2372568,1.2567901649163105e-05
1019,1745702147.0332973,1.258024713024497e-05
1020,1745702173.5186775,1.2592592611326836e-05
1021,1745702209.9618185,1.2604938092408702e-05
1022,1745702223.239006,1.2617283573490568e-05
1023,1745702255.3898814,1.2629629964067135e-05
1024,1745702285.8465567,1.2641975445149e-05
1025,1745702312.9794395,1.2654320926230866e-05
1026,1745702335.8223364,1.2666666407312732e-05
1027,1745702354.3712413,1.26790127978893e-05
1028,1745702384.514688,1.2691358278971165e-05
1029,1745702407.130275,1.2703703760053031e-05
1030,1745702438.0224953,1.2716049241134897e-05
1031,1745702471.0672991,1.2728394722216763e-05
1032,1745702512.1904955,1.274074111279333e-05
1033,1745702545.6648767,1.2753086593875196e-05
1034,1745702566.8566556,1.2765432074957062e-05
1035,1745702597.2936969,1.2777777556038927e-05
1036,1745702621.2701688,1.2790123037120793e-05
1037,1745702642.7183757,1.280246942769736e-05
1038,1745702673.5404818,1.2814814908779226e-05
1039,1745702699.5177379,1.2827160389861092e-05
1040,1745702724.284729,1.2839505870942958e-05
1041,1745702753.3312752,1.2851852261519525e-05
1042,1745702785.1325495,1.2864197742601391e-05
1043,1745702811.4470763,1.2876543223683257e-05
1044,1745702833.0303457,1.2888888704765122e-05
1045,1745702856.6350203,1.2901234185846988e-05
1046,1745702884.9613585,1.2913580576423556e-05
1047,1745702917.346926,1.2925926057505421e-05
1048,1745702945.0204067,1.2938271538587287e-05
1049,1745702968.1499798,1.2950617019669153e-05
1050,1745702992.165201,1.296296341024572e-05
1051,1745703021.7521718,1.2975308891327586e-05
1052,1745703048.8303742,1.2987654372409452e-05
1053,1745703060.460565,1.2999999853491317e-05
1054,1745703292.468616,1.3012345334573183e-05
1055,1745703313.0408294,1.302469172514975e-05
1056,1745703335.1201515,1.3037037206231616e-05
1057,1745703367.0912747,1.3049382687313482e-05
1058,1745703395.186313,1.3061728168395348e-05
1059,1745703425.8618808,1.3074073649477214e-05
1060,1745703458.8203404,1.3086420040053781e-05
1061,1745703486.0787826,1.3098765521135647e-05
1062,1745703508.7797616,1.3111111002217513e-05
1063,1745703528.876441,1.3123456483299378e-05
1064,1745703563.4242454,1.3135802873875946e-05
1065,1745703590.6214108,1.3148148354957812e-05
1066,1745703608.9787912,1.3160493836039677e-05
1067,1745703632.338836,1.3172839317121543e-05
1068,1745703657.1008663,1.3185184798203409e-05
1069,1745703684.8356302,1.3197531188779976e-05
1070,1745703707.8927388,1.3209876669861842e-05
1071,1745703737.0508227,1.3222222150943708e-05
1072,1745703762.304247,1.3234567632025573e-05
1073,1745703792.9754713,1.3246914022602141e-05
1074,1745703824.7901096,1.3259259503684007e-05
1075,1745703846.578037,1.3271604984765872e-05
1076,1745703877.681726,1.3283950465847738e-05
1077,1745703894.2790368,1.3296295946929604e-05
1078,1745703917.6512446,1.3308642337506171e-05
1079,1745703952.9760134,1.3320987818588037e-05
1080,1745703978.0856924,1.3333333299669903e-05
1081,1745704003.8802962,1.3345678780751768e-05
1082,1745704024.166314,1.3358024261833634e-05
1083,1745704046.4204302,1.3370370652410202e-05
1084,1745704075.740302,1.3382716133492067e-05
1085,1745704092.18234,1.3395061614573933e-05
1086,1745704119.9895222,1.3407407095655799e-05
1087,1745704146.5014865,1.3419753486232366e-05
1088,1745704172.8794298,1.3432098967314232e-05
1089,1745704197.102656,1.3444444448396098e-05
1090,1745704229.2533035,1.3456789929477964e-05
1091,1745704255.7695808,1.346913541055983e-05
1092,1745704280.902871,1.3481481801136397e-05
1093,1745704303.804963,1.3493827282218263e-05
1094,1745704326.3837001,1.3506172763300128e-05
1095,1745704347.8670008,1.3518518244381994e-05
1096,1745704372.3898277,1.3530864634958562e-05
1097,1745704389.398527,1.3543210116040427e-05
1098,1745704415.453543,1.3555555597122293e-05
1099,1745704443.5314007,1.3567901078204159e-05
1100,1745704473.2185423,1.3580246559286024e-05
1101,1745704493.869445,1.3592592949862592e-05
1102,1745704519.5536249,1.3604938430944458e-05
1103,1745704546.5477502,1.3617283912026323e-05
1104,1745704570.405938,1.3629629393108189e-05
1105,1745704582.4026353,1.3641974874190055e-05
1106,1745704614.6008067,1.3654321264766622e-05
1107,1745704642.690316,1.3666666745848488e-05
1108,1745704666.635846,1.3679012226930354e-05
1109,1745704692.9348593,1.369135770801222e-05
1110,1745704718.9383786,1.3703704098588787e-05
1111,1745704761.7969644,1.3716049579670653e-05
1112,1745704776.3289797,1.3728395060752518e-05
1113,1745704805.347938,1.3740740541834384e-05
1114,1745704830.9871008,1.375308602291625e-05
1115,1745704856.7189567,1.3765432413492817e-05
1116,1745704882.1534216,1.3777777894574683e-05
1117,1745704906.1164155,1.3790123375656549e-05
1118,1745704929.7237482,1.3802468856738415e-05
1119,1745704955.9654872,1.3814815247314982e-05
1120,1745704982.480564,1.3827160728396848e-05
1121,1745705010.7700288,1.3839506209478714e-05
1122,1745705040.0889785,1.385185169056058e-05
1123,1745705066.4485927,1.3864197171642445e-05
1124,1745705091.3823898,1.3876543562219013e-05
1125,1745705120.1033475,1.3888889043300878e-05
1126,1745705148.8396041,1.3901234524382744e-05
1127,1745705176.7293398,1.391358000546461e-05
1128,1745705200.9989815,1.3925925486546475e-05
1129,1745705225.1896663,1.3938271877123043e-05
1130,1745705253.7053435,1.3950617358204909e-05
1131,1745705279.8280046,1.3962962839286774e-05
1132,1745705309.162208,1.397530832036864e-05
1133,1745705336.6343648,1.3987654710945208e-05
1134,1745705343.2395492,1.4000000192027073e-05
1135,1745705597.2184374,1.4012345673108939e-05
1136,1745705629.349087,1.4024691154190805e-05
1137,1745705650.632844,1.403703663527267e-05
1138,1745705675.0299265,1.4049383025849238e-05
1139,1745705707.233899,1.4061728506931104e-05
1140,1745705731.075227,1.407407398801297e-05
1141,1745705762.0529556,1.4086419469094835e-05
1142,1745705775.7464285,1.4098765859671403e-05
1143,1745705802.6799738,1.4111111340753268e-05
1144,1745705828.912479,1.4123456821835134e-05
1145,1745705853.439765,1.4135802302917e-05
1146,1745705876.6751523,1.4148147783998866e-05
1147,1745705901.01478,1.4160494174575433e-05
1148,1745705919.1343195,1.4172839655657299e-05
1149,1745705946.7883492,1.4185185136739165e-05
1150,1745705970.577944,1.419753061782103e-05
1151,1745706002.4589584,1.4209876098902896e-05
1152,1745706014.4105816,1.4222222489479464e-05
1153,1745706043.851631,1.423456797056133e-05
1154,1745706065.6691716,1.4246913451643195e-05
1155,1745706094.1752684,1.425925893272506e-05
1156,1745706120.0531855,1.4271605323301628e-05
1157,1745706142.022544,1.4283950804383494e-05
1158,1745706172.4519873,1.429629628546536e-05
1159,1745706204.5445774,1.4308641766547225e-05
1160,1745706234.8533247,1.4320987247629091e-05
1161,1745706265.8908646,1.4333333638205659e-05
1162,1745706290.891382,1.4345679119287524e-05
1163,1745706317.7803695,1.435802460036939e-05
1164,1745706337.6213274,1.4370370081451256e-05
1165,1745706364.463368,1.4382716472027823e-05
1166,1745706391.436926,1.4395061953109689e-05
1167,1745706420.3699965,1.4407407434191555e-05
1168,1745706441.0141394,1.441975291527342e-05
1169,1745706461.8395545,1.4432098396355286e-05
1170,1745706491.6311967,1.4444444786931854e-05
1171,1745706521.7710972,1.445679026801372e-05
1172,1745706534.3199291,1.4469135749095585e-05
1173,1745706569.9134285,1.4481481230177451e-05
1174,1745706597.0250113,1.4493826711259317e-05
1175,1745706614.4667034,1.4506173101835884e-05
1176,1745706640.617855,1.451851858291775e-05
1177,1745706680.4121628,1.4530864063999616e-05
1178,1745706689.8699439,1.4543209545081481e-05
1179,1745706717.4734056,1.4555555935658049e-05
1180,1745706733.5034418,1.4567901416739915e-05
1181,1745706757.3582275,1.458024689782178e-05
1182,1745706787.7207303,1.4592592378903646e-05
1183,1745706821.5850422,1.4604937859985512e-05
1184,1745706837.8869581,1.461728425056208e-05
1185,1745706864.4623966,1.4629629731643945e-05
1186,1745706881.1607575,1.464197521272581e-05
1187,1745706908.4953682,1.4654320693807676e-05
1188,1745706939.4067051,1.4666667084384244e-05
1189,1745706962.254795,1.467901256546611e-05
1190,1745706992.5264513,1.4691358046547975e-05
1191,1745707017.897635,1.4703703527629841e-05
1192,1745707039.3931456,1.4716049008711707e-05
1193,1745707067.9293475,1.4728395399288274e-05
1194,1745707090.030445,1.474074088037014e-05
1195,1745707116.3938339,1.4753086361452006e-05
1196,1745707144.2788815,1.4765431842533872e-05
1197,1745707160.409464,1.4777777323615737e-05
1198,1745707192.9728374,1.4790123714192305e-05
1199,1745707225.6334486,1.480246919527417e-05
1200,1745707241.5272896,1.4814814676356036e-05
1201,1745707269.1642053,1.4827160157437902e-05
1202,1745707304.9484255,1.483950654801447e-05
1203,1745707332.1531808,1.4851852029096335e-05
1204,1745707356.9905488,1.4864197510178201e-05
1205,1745707371.5724683,1.4876542991260067e-05
1206,1745707398.3605893,1.4888888472341932e-05
1207,1745707429.3265421,1.49012348629185e-05
1208,1745707463.5981839,1.4913580344000366e-05
1209,1745707496.6572752,1.4925925825082231e-05
1210,1745707521.5958652,1.4938271306164097e-05
1211,1745707540.1813195,1.4950617696740665e-05
1212,1745707575.5778234,1.496296317782253e-05
1213,1745707602.2877157,1.4975308658904396e-05
1214,1745707625.3331797,1.4987654139986262e-05
1215,1745707638.676377,1.4999999621068127e-05
1216,1745707898.7821753,1.5012346011644695e-05
1217,1745707923.5068178,1.502469149272656e-05
1218,1745707948.0433648,1.5037036973808426e-05
1219,1745707973.6940112,1.5049382454890292e-05
1220,1745707998.402178,1.506172884546686e-05
1221,1745708027.0709734,1.5074074326548725e-05
1222,1745708052.1903114,1.5086419807630591e-05
1223,1745708078.759015,1.5098765288712457e-05
1224,1745708101.037223,1.5111110769794323e-05
1225,1745708129.2957046,1.512345716037089e-05
1226,1745708151.7559845,1.5135802641452756e-05
1227,1745708172.6783345,1.5148148122534622e-05
1228,1745708200.9593027,1.5160493603616487e-05
1229,1745708213.3887491,1.5172839084698353e-05
1230,1745708249.6824253,1.518518547527492e-05
1231,1745708269.2602088,1.5197530956356786e-05
1232,1745708292.870427,1.5209876437438652e-05
1233,1745708320.9219325,1.5222221918520518e-05
1234,1745708348.2327664,1.5234568309097085e-05
1235,1745708374.6282206,1.5246913790178951e-05
1236,1745708402.3943102,1.5259258361766115e-05
1237,1745708425.8319411,1.5271605661837384e-05
1238,1745708452.596738,1.528395114291925e-05
1239,1745708478.7886555,1.5296296624001116e-05
1240,1745708505.6341288,1.530864210508298e-05
1241,1745708533.028591,1.5320987586164847e-05
1242,1745708562.28646,1.5333333067246713e-05
1243,1745708583.385962,1.534567854832858e-05
1244,1745708607.937639,1.5358024029410444e-05
1245,1745708636.4700203,1.537036951049231e-05
1246,1745708657.2965734,1.538271681056358e-05
1247,1745708684.9632983,1.5395062291645445e-05
1248,1745708717.9579134,1.540740777272731e-05
1249,1745708745.8447895,1.5419753253809176e-05
1250,1745708770.0594645,1.5432098734891042e-05
1251,1745708796.4059088,1.5444444215972908e-05
1252,1745708812.7820919,1.5456789697054774e-05
1253,1745708837.8301866,1.546913517813664e-05
1254,1745708850.711984,1.5481480659218505e-05
1255,1745708866.787227,1.5493827959289774e-05
1256,1745708896.750812,1.550617344037164e-05
1257,1745708927.646117,1.5518518921453506e-05
1258,1745708961.9673285,1.553086440253537e-05
1259,1745708976.674504,1.5543209883617237e-05
1260,1745708999.199035,1.5555555364699103e-05
1261,1745709021.000786,1.556790084578097e-05
1262,1745709046.0684981,1.5580246326862834e-05
1263,1745709075.8696694,1.55925918079447e-05
1264,1745709106.616676,1.560493910801597e-05
1265,1745709120.1880927,1.5617284589097835e-05
1266,1745709146.5737665,1.56296300701797e-05
1267,1745709176.949928,1.5641975551261567e-05
1268,1745709200.0534523,1.5654321032343432e-05
1269,1745709214.2346113,1.5666666513425298e-05
1270,1745709242.7446737,1.5679011994507164e-05
1271,1745709271.5713327,1.569135747558903e-05
1272,1745709305.9147394,1.5703702956670895e-05
1273,1745709339.420042,1.5716050256742164e-05
1274,1745709355.8215938,1.572839573782403e-05
1275,1745709375.8133638,1.5740741218905896e-05
1276,1745709406.7054825,1.575308669998776e-05
1277,1745709428.5615516,1.5765432181069627e-05
1278,1745709463.2676077,1.5777777662151493e-05
1279,1745709474.3605504,1.579012314323336e-05
1280,1745709497.246331,1.5802468624315225e-05
1281,1745709532.1911833,1.581481410539709e-05
1282,1745709546.1756694,1.5827159586478956e-05
1283,1745709571.3007746,1.5839506886550225e-05
1284,1745709601.4537475,1.585185236763209e-05
1285,1745709628.4747467,1.5864197848713957e-05
1286,1745709659.2627478,1.5876543329795823e-05
1287,1745709675.8450615,1.5888888810877688e-05
1288,1745709694.9225447,1.5901234291959554e-05
1289,1745709731.0906665,1.591357977304142e-05
1290,1745709759.6877968,1.5925925254123285e-05
1291,1745709792.3579686,1.593827073520515e-05
1292,1745709816.073527,1.595061803527642e-05
1293,1745709838.2928376,1.5962963516358286e-05
1294,1745709868.0606852,1.5975308997440152e-05
1295,1745709898.3092873,1.5987654478522018e-05
1296,1745709904.785092,1.5999999959603883e-05
1297,1745710153.2818553,1.601234544068575e-05
1298,1745710188.5877092,1.6024690921767615e-05
1299,1745710220.8815868,1.603703640284948e-05
1300,1745710234.0689216,1.6049381883931346e-05
1301,1745710262.9342618,1.6061729184002616e-05
1302,1745710296.8054395,1.607407466508448e-05
1303,1745710333.0739155,1.6086420146166347e-05
1304,1745710366.1054273,1.6098765627248213e-05
1305,1745710393.890839,1.611111110833008e-05
1306,1745710403.134685,1.6123456589411944e-05
1307,1745710437.7206204,1.613580207049381e-05
1308,1745710450.3479981,1.6148147551575676e-05
1309,1745710485.0869596,1.616049303265754e-05
1310,1745710505.721223,1.617284033272881e-05
1311,1745710534.3268783,1.6185185813810676e-05
1312,1745710559.1383753,1.6197531294892542e-05
1313,1745710579.7705095,1.6209876775974408e-05
1314,1745710606.329639,1.6222222257056274e-05
1315,1745710626.5148776,1.623456773813814e-05
1316,1745710652.675954,1.6246913219220005e-05
1317,1745710680.8430185,1.625925870030187e-05
1318,1745710707.7117515,1.6271604181383736e-05
1319,1745710733.5905192,1.6283951481455006e-05
1320,1745710755.8243773,1.629629696253687e-05
1321,1745710781.3435168,1.6308642443618737e-05
1322,1745710807.2511308,1.6320987924700603e-05
1323,1745710834.8133986,1.633333340578247e-05
1324,1745710868.349001,1.6345678886864334e-05
1325,1745710887.3726642,1.63580243679462e-05
1326,1745710916.725628,1.6370369849028066e-05
1327,1745710956.4755087,1.638271533010993e-05
1328,1745710981.7823305,1.63950626301812e-05
1329,1745710998.2194266,1.6407408111263067e-05
1330,1745711022.1486893,1.6419753592344932e-05
1331,1745711047.426686,1.6432099073426798e-05
1332,1745711072.6092796,1.6444444554508664e-05
1333,1745711103.3951435,1.645679003559053e-05
1334,1745711123.963666,1.6469135516672395e-05
1335,1745711148.0056825,1.648148099775426e-05
1336,1745711176.3132584,1.6493826478836127e-05
1337,1745711203.446711,1.6506171959917992e-05
1338,1745711238.762896,1.651851925998926e-05
1339,1745711270.9557505,1.6530864741071127e-05
1340,1745711278.995641,1.6543210222152993e-05
1341,1745711315.0419412,1.655555570323486e-05
1342,1745711349.2602615,1.6567901184316725e-05
1343,1745711361.1604264,1.658024666539859e-05
1344,1745711396.252618,1.6592592146480456e-05
1345,1745711423.4021215,1.6604937627562322e-05
1346,1745711448.5646353,1.6617283108644187e-05
1347,1745711475.8875556,1.6629630408715457e-05
1348,1745711501.3199482,1.6641975889797322e-05
1349,1745711523.91891,1.6654321370879188e-05
1350,1745711539.9754758,1.6666666851961054e-05
1351,1745711570.586933,1.667901233304292e-05
1352,1745711593.5289865,1.6691357814124785e-05
1353,1745711622.4883525,1.670370329520665e-05
1354,1745711641.5586493,1.6716048776288517e-05
1355,1745711672.1923115,1.6728394257370383e-05
1356,1745711691.7233162,1.6740741557441652e-05
1357,1745711726.3818998,1.6753087038523518e-05
1358,1745711743.9195232,1.6765432519605383e-05
1359,1745711767.6544578,1.677777800068725e-05
1360,1745711800.7659974,1.6790123481769115e-05
1361,1745711824.3940022,1.680246896285098e-05
1362,1745711847.5682762,1.6814814443932846e-05
1363,1745711876.756124,1.6827159925014712e-05
1364,1745711902.997713,1.6839505406096578e-05
1365,1745711918.3460221,1.6851852706167847e-05
1366,1745711943.7747066,1.6864198187249713e-05
1367,1745711980.0778441,1.687654366833158e-05
1368,1745712003.4989889,1.6888889149413444e-05
1369,1745712030.8269403,1.690123463049531e-05
1370,1745712070.2485547,1.6913580111577176e-05
1371,1745712084.6873245,1.692592559265904e-05
1372,1745712103.9785125,1.6938271073740907e-05
1373,1745712128.7530985,1.6950616554822773e-05
1374,1745712157.886695,1.6962963854894042e-05
1375,1745712190.9170012,1.6975309335975908e-05
1376,1745712224.4418063,1.6987654817057773e-05
1377,1745712231.5736575,1.700000029813964e-05
1378,1745712494.0484002,1.7012345779221505e-05
1379,1745712524.8649116,1.702469126030337e-05
1380,1745712534.7604928,1.7037036741385236e-05
1381,1745712568.2004483,1.7049382222467102e-05
1382,1745712602.8169801,1.7061727703548968e-05
1383,1745712613.430832,1.7074073184630834e-05
1384,1745712639.4381046,1.7086420484702103e-05
1385,1745712666.2993817,1.709876596578397e-05
1386,1745712693.5575871,1.7111111446865834e-05
1387,1745712716.053903,1.71234569279477e-05
1388,1745712733.0675755,1.7135802409029566e-05
1389,1745712757.159279,1.714814789011143e-05
1390,1745712782.7918413,1.7160493371193297e-05
1391,1745712818.9109511,1.7172838852275163e-05
1392,1745712853.1641955,1.718518433335703e-05
1393,1745712873.1886384,1.7197531633428298e-05
1394,1745712891.701074,1.7209877114510164e-05
1395,1745712924.354729,1.722222259559203e-05
1396,1745712946.1627827,1.7234568076673895e-05
1397,1745712972.1466515,1.724691355775576e-05
1398,1745713003.362334,1.7259259038837627e-05
1399,1745713045.645852,1.7271604519919492e-05
1400,1745713067.7387865,1.7283950001001358e-05
1401,1745713089.8906739,1.7296295482083224e-05
1402,1745713111.566952,1.7308642782154493e-05
1403,1745713142.6670425,1.732098826323636e-05
1404,1745713169.743925,1.7333333744318224e-05
1405,1745713195.3057594,1.734567922540009e-05
1406,1745713230.0227306,1.7358024706481956e-05
1407,1745713242.5581954,1.737037018756382e-05
1408,1745713267.7382174,1.7382715668645687e-05
1409,1745713297.4752085,1.7395061149727553e-05
1410,1745713324.5926583,1.740740663080942e-05
1411,1745713358.8167744,1.7419753930880688e-05
1412,1745713371.2975187,1.7432099411962554e-05
1413,1745713402.4200425,1.744444489304442e-05
1414,1745713425.9626906,1.7456790374126285e-05
1415,1745713460.0775297,1.746913585520815e-05
1416,1745713467.6787837,1.7481481336290017e-05
1417,1745713497.4439154,1.7493826817371882e-05
1418,1745713517.8091838,1.7506172298453748e-05
1419,1745713541.3831692,1.7518517779535614e-05
1420,1745713565.3933313,1.7530865079606883e-05
1421,1745713594.0220273,1.754321056068875e-05
1422,1745713625.6886115,1.7555556041770615e-05
1423,1745713645.924209,1.756790152285248e-05
1424,1745713678.0398993,1.7580247003934346e-05
1425,1745713703.5535545,1.7592592485016212e-05
1426,1745713725.677879,1.7604937966098078e-05
1427,1745713751.1385405,1.7617283447179943e-05
1428,1745713786.1999397,1.762962892826181e-05
1429,1745713806.341653,1.7641974409343675e-05
1430,1745713816.713502,1.7654321709414944e-05
1431,1745713849.7903972,1.766666719049681e-05
1432,1745713875.4977643,1.7679012671578676e-05
1433,1745713891.9436252,1.769135815266054e-05
1434,1745713920.1453242,1.7703703633742407e-05
1435,1745713953.6068478,1.7716049114824273e-05
1436,1745713967.2396507,1.772839459590614e-05
1437,1745713991.523272,1.7740740076988004e-05
1438,1745714018.159486,1.775308555806987e-05
1439,1745714047.903968,1.776543285814114e-05
1440,1745714083.779738,1.7777778339223005e-05
1441,1745714091.4298093,1.779012382030487e-05
1442,1745714115.8748016,1.7802469301386736e-05
1443,1745714154.8418767,1.7814814782468602e-05
1444,1745714180.4707325,1.7827160263550468e-05
1445,1745714210.1381218,1.7839505744632334e-05
1446,1745714222.9186225,1.78518512257142e-05
1447,1745714250.0754862,1.7864196706796065e-05
1448,1745714280.7475026,1.7876544006867334e-05
1449,1745714315.942902,1.78888894879492e-05
1450,1745714328.977677,1.7901234969031066e-05
1451,1745714359.2115006,1.791358045011293e-05
1452,1745714385.0592794,1.7925925931194797e-05
1453,1745714405.917513,1.7938271412276663e-05
1454,1745714431.637354,1.795061689335853e-05
1455,1745714456.4969625,1.7962962374440394e-05
1456,1745714485.0334222,1.797530785552226e-05
1457,1745714526.2317243,1.798765515559353e-05
1458,1745714534.1028388,1.8000000636675395e-05
1459,1745714787.558107,1.801234611775726e-05
1460,1745714825.5539033,1.8024691598839127e-05
1461,1745714851.2546222,1.8037037079920992e-05
1462,1745714881.8624542,1.8049382561002858e-05
1463,1745714906.7693863,1.8061728042084724e-05
1464,1745714933.051373,1.807407352316659e-05
1465,1745714962.654809,1.8086419004248455e-05
1466,1745714995.169719,1.8098766304319724e-05
1467,1745715009.116773,1.811111178540159e-05
1468,1745715038.865843,1.8123457266483456e-05
1469,1745715067.841772,1.813580274756532e-05
1470,1745715091.993303,1.8148148228647187e-05
1471,1745715114.707702,1.8160493709729053e-05
1472,1745715147.6789048,1.817283919081092e-05
1473,1745715171.6340816,1.8185184671892785e-05
1474,1745715200.7835298,1.819753015297465e-05
1475,1745715229.2009547,1.8209875634056516e-05
1476,1745715255.231133,1.8222222934127785e-05
1477,1745715277.8315952,1.823456841520965e-05
1478,1745715302.6704555,1.8246913896291517e-05
1479,1745715326.8135998,1.8259259377373382e-05
1480,1745715352.487039,1.8271604858455248e-05
1481,1745715383.2495964,1.8283950339537114e-05
1482,1745715410.6071973,1.829629582061898e-05
1483,1745715433.1108124,1.8308641301700845e-05
1484,1745715461.2044623,1.832098678278271e-05
1485,1745715488.737416,1.833333408285398e-05
1486,1745715516.185315,1.8345679563935846e-05
1487,1745715545.4696994,1.8358025045017712e-05
1488,1745715570.034268,1.8370370526099578e-05
1489,1745715602.9366457,1.8382716007181443e-05
1490,1745715625.9991772,1.839506148826331e-05
1491,1745715652.877331,1.8407406969345175e-05
1492,1745715679.5530038,1.841975245042704e-05
1493,1745715706.7275243,1.8432097931508906e-05
1494,1745715732.7988522,1.8444445231580175e-05
1495,1745715756.4277787,1.845679071266204e-05
1496,1745715777.2779493,1.8469136193743907e-05
1497,1745715799.7146065,1.8481481674825773e-05
1498,1745715827.7936797,1.849382715590764e-05
1499,1745715855.3764987,1.8506172636989504e-05
1500,1745715883.347694,1.851851811807137e-05
1501,1745715913.1929758,1.8530863599153236e-05
1502,1745715956.2227597,1.85432090802351e-05
1503,1745715971.335501,1.855555638030637e-05
1504,1745716002.0108745,1.8567901861388236e-05
1505,1745716033.8287406,1.8580247342470102e-05
1506,1745716065.609189,1.8592592823551968e-05
1507,1745716085.2027469,1.8604938304633833e-05
1508,1745716105.997667,1.86172837857157e-05
1509,1745716134.5783153,1.8629629266797565e-05
1510,1745716162.1868227,1.864197474787943e-05
1511,1745716193.1632118,1.8654320228961296e-05
1512,1745716224.3278286,1.8666667529032566e-05
1513,1745716254.6171353,1.867901301011443e-05
1514,1745716285.6640816,1.8691358491196297e-05
1515,1745716302.7454677,1.8703703972278163e-05
1516,1745716329.030142,1.871604945336003e-05
1517,1745716351.1638067,1.8728394934441894e-05
1518,1745716376.0601168,1.874074041552376e-05
1519,1745716405.9374015,1.8753085896605626e-05
1520,1745716436.999604,1.876543137768749e-05
1521,1745716464.9174883,1.877777867775876e-05
1522,1745716497.755035,1.8790124158840626e-05
1523,1745716524.5920377,1.8802469639922492e-05
1524,1745716551.736316,1.8814815121004358e-05
1525,1745716578.9649644,1.8827160602086224e-05
1526,1745716608.5694222,1.883950608316809e-05
1527,1745716626.3504324,1.8851851564249955e-05
1528,1745716659.7714863,1.886419704533182e-05
1529,1745716693.449403,1.8876542526413687e-05
1530,1745716720.6449122,1.8888888007495552e-05
1531,1745716747.9617488,1.890123530756682e-05
1532,1745716772.6121523,1.8913580788648687e-05
1533,1745716798.9895082,1.8925926269730553e-05
1534,1745716826.4809673,1.893827175081242e-05
1535,1745716848.5611746,1.8950617231894284e-05
1536,1745716880.435572,1.896296271297615e-05
1537,1745716921.7130017,1.8975308194058016e-05
1538,1745716951.0456991,1.898765367513988e-05
1539,1745716956.6430998,1.8999999156221747e-05
1540,1745717229.2015095,1.9012346456293017e-05
1541,1745717252.522939,1.9024691937374882e-05
1542,1745717284.3889978,1.9037037418456748e-05
1543,1745717293.181459,1.9049382899538614e-05
1544,1745717321.930302,1.906172838062048e-05
1545,1745717333.709082,1.9074073861702345e-05
1546,1745717360.6434338,1.908641934278421e-05
1547,1745717391.1111069,1.9098764823866077e-05
1548,1745717413.9838502,1.9111110304947942e-05
1549,1745717433.6680791,1.9123457605019212e-05
1550,1745717465.7121258,1.9135803086101077e-05
1551,1745717483.8807812,1.9148148567182943e-05
1552,1745717518.9134498,1.916049404826481e-05
1553,1745717546.0310621,1.9172839529346675e-05
1554,1745717568.6661017,1.918518501042854e-05
1555,1745717595.2071893,1.9197530491510406e-05
1556,1745717623.6992776,1.9209875972592272e-05
1557,1745717648.131955,1.9222221453674138e-05
1558,1745717670.0094333,1.9234568753745407e-05
1559,1745717698.1018813,1.9246914234827273e-05
1560,1745717729.2754226,1.925925971590914e-05
1561,1745717742.2068563,1.9271605196991004e-05
1562,1745717776.7420335,1.928395067807287e-05
1563,1745717801.5886948,1.9296296159154736e-05
1564,1745717819.6962328,1.93086416402366e-05
1565,1745717845.696573,1.9320987121318467e-05
1566,1745717870.247242,1.9333332602400333e-05
1567,1745717897.9357088,1.9345679902471602e-05
1568,1745717922.1513848,1.9358025383553468e-05
1569,1745717963.2369509,1.9370370864635333e-05
1570,1745717970.993605,1.93827163457172e-05
1571,1745718000.0844429,1.9395061826799065e-05
1572,1745718023.540979,1.940740730788093e-05
1573,1745718047.5588772,1.9419752788962796e-05
1574,1745718071.6346498,1.9432098270044662e-05
1575,1745718100.0089626,1.9444443751126528e-05
1576,1745718123.916258,1.9456789232208394e-05
1577,1745718148.5301776,1.9469136532279663e-05
1578,1745718173.3160977,1.948148201336153e-05
1579,1745718216.7946882,1.9493827494443394e-05
1580,1745718242.3685226,1.950617297552526e-05
1581,1745718258.6248178,1.9518518456607126e-05
1582,1745718288.6693432,1.953086393768899e-05
1583,1745718313.42316,1.9543209418770857e-05
1584,1745718335.4560373,1.9555554899852723e-05
1585,1745718364.2272384,1.956790038093459e-05
1586,1745718390.662703,1.9580247681005858e-05
1587,1745718417.8695664,1.9592593162087724e-05
1588,1745718443.4527938,1.960493864316959e-05
1589,1745718484.172021,1.9617284124251455e-05
1590,1745718514.4685473,1.962962960533332e-05
1591,1745718540.8044837,1.9641975086415187e-05
1592,1745718576.5123405,1.9654320567497052e-05
1593,1745718585.2535393,1.9666666048578918e-05
1594,1745718612.6631606,1.9679011529660784e-05
1595,1745718642.4226642,1.9691358829732053e-05
1596,1745718672.86789,1.970370431081392e-05
1597,1745718685.43982,1.9716049791895784e-05
1598,1745718712.25853,1.972839527297765e-05
1599,1745718738.6233728,1.9740740754059516e-05
1600,1745718762.9719841,1.975308623514138e-05
1601,1745718787.2997742,1.9765431716223247e-05
1602,1745718819.2659316,1.9777777197305113e-05
1603,1745718852.6119337,1.979012267838698e-05
1604,1745718870.746652,1.9802469978458248e-05
1605,1745718897.1491964,1.9814815459540114e-05
1606,1745718923.7162688,1.982716094062198e-05
1607,1745718941.4304223,1.9839506421703845e-05
1608,1745718970.0500207,1.985185190278571e-05
1609,1745719000.174835,1.9864197383867577e-05
1610,1745719022.900316,1.9876542864949442e-05
1611,1745719053.4621773,1.9888888346031308e-05
1612,1745719080.113261,1.9901233827113174e-05
1613,1745719105.3908887,1.9913581127184443e-05
1614,1745719132.5012605,1.992592660826631e-05
1615,1745719151.0120318,1.9938272089348175e-05
1616,1745719178.975049,1.995061757043004e-05
1617,1745719202.667007,1.9962963051511906e-05
1618,1745719231.345974,1.9975308532593772e-05
1619,1745719259.8519282,1.9987654013675638e-05
1620,1745719268.568398,1.9999999494757503e-05
1621,1745719524.309162,2.001234497583937e-05
1622,1745719561.6945996,2.0024690456921235e-05
1623,1745719589.0929186,2.0037037756992504e-05
1624,1745719629.7310295,2.004938323807437e-05
1625,1745719653.3992052,2.0061728719156235e-05
1626,1745719678.018057,2.00740742002381e-05
1627,1745719699.4842725,2.0086419681319967e-05
1628,1745719737.318851,2.0098765162401833e-05
1629,1745719770.0936804,2.01111106434837e-05
1630,1745719796.7627966,2.0123456124565564e-05
1631,1745719825.1840122,2.013580160564743e-05
1632,1745719845.452431,2.01481489057187e-05
1633,1745719872.2340927,2.0160494386800565e-05
1634,1745719902.0707302,2.017283986788243e-05
1635,1745719934.4017525,2.0185185348964296e-05
1636,1745719945.260006,2.0197530830046162e-05
1637,1745719971.9801629,2.0209876311128028e-05
1638,1745719999.564899,2.0222221792209893e-05
1639,1745720028.792729,2.023456727329176e-05
1640,1745720060.4572241,2.0246912754373625e-05
1641,1745720091.497027,2.0259260054444894e-05
1642,1745720116.3217764,2.027160553552676e-05
1643,1745720133.47641,2.0283951016608626e-05
1644,1745720173.6367006,2.029629649769049e-05
1645,1745720193.2347143,2.0308641978772357e-05
1646,1745720217.402981,2.0320987459854223e-05
1647,1745720244.5298333,2.033333294093609e-05
1648,1745720269.9468997,2.0345678422017954e-05
1649,1745720296.7119617,2.035802390309982e-05
1650,1745720327.0831866,2.037037120317109e-05
1651,1745720362.2330828,2.0382716684252955e-05
1652,1745720387.4298592,2.039506216533482e-05
1653,1745720411.2336733,2.0407407646416686e-05
1654,1745720444.7649715,2.0419753127498552e-05
1655,1745720466.7390528,2.0432098608580418e-05
1656,1745720491.128989,2.0444444089662284e-05
1657,1745720512.4369423,2.045678957074415e-05
1658,1745720555.163758,2.0469135051826015e-05
1659,1745720585.2294292,2.0481482351897284e-05
1660,1745720597.3168807,2.049382783297915e-05
1661,1745720624.6470833,2.0506173314061016e-05
1662,1745720640.517979,2.051851879514288e-05
1663,1745720670.4391289,2.0530864276224747e-05
1664,1745720713.5949285,2.0543209757306613e-05
1665,1745720743.2857292,2.055555523838848e-05
1666,1745720761.8978417,2.0567900719470344e-05
1667,1745720788.1120396,2.058024620055221e-05
1668,1745720812.1287458,2.059259350062348e-05
1669,1745720839.45289,2.0604938981705345e-05
1670,1745720869.3181162,2.061728446278721e-05
1671,1745720902.4882486,2.0629629943869077e-05
1672,1745720927.242673,2.0641975424950942e-05
1673,1745720942.5774782,2.0654320906032808e-05
1674,1745720972.1292114,2.0666666387114674e-05
1675,1745721004.3688009,2.067901186819654e-05
1676,1745721036.2121718,2.0691357349278405e-05
1677,1745721047.6896782,2.070370283036027e-05
1678,1745721076.1467025,2.071605013043154e-05
1679,1745721106.5956173,2.0728395611513406e-05
1680,1745721123.2840087,2.0740741092595272e-05
1681,1745721150.8860874,2.0753086573677137e-05
1682,1745721176.6481402,2.0765432054759003e-05
1683,1745721203.2231061,2.077777753584087e-05
1684,1745721229.4210992,2.0790123016922735e-05
1685,1745721252.5122237,2.08024684980046e-05
1686,1745721280.5532336,2.0814813979086466e-05
1687,1745721304.525829,2.0827161279157735e-05
1688,1745721332.891226,2.08395067602396e-05
1689,1745721359.9854841,2.0851852241321467e-05
1690,1745721386.2166784,2.0864197722403333e-05
1691,1745721420.5200891,2.08765432034852e-05
1692,1745721453.4062066,2.0888888684567064e-05
1693,1745721477.2620788,2.090123416564893e-05
1694,1745721508.13761,2.0913579646730796e-05
1695,1745721534.7839422,2.092592512781266e-05
1696,1745721560.2229018,2.093827242788393e-05
1697,1745721585.307422,2.0950617908965796e-05
1698,1745721615.2842245,2.0962963390047662e-05
1699,1745721638.23701,2.0975308871129528e-05
1700,1745721661.6371918,2.0987654352211393e-05
1701,1745721671.818306,2.099999983329326e-05
1702,1745721924.7204652,2.1012345314375125e-05
1703,1745721940.3521907,2.102469079545699e-05
1704,1745721968.8265033,2.1037036276538856e-05
1705,1745721994.9802334,2.1049383576610126e-05
1706,1745722025.0105984,2.106172905769199e-05
1707,1745722052.6997433,2.1074074538773857e-05
1708,1745722078.1314654,2.1086420019855723e-05
1709,1745722102.1610904,2.109876550093759e-05
1710,1745722130.2312472,2.1111110982019454e-05
1711,1745722153.9960878,2.112345646310132e-05
1712,1745722182.6165378,2.1135801944183186e-05
1713,1745722211.3704522,2.114814742526505e-05
1714,1745722240.041944,2.116049472533632e-05
1715,1745722267.8837693,2.1172840206418186e-05
1716,1745722295.7443058,2.1185185687500052e-05
1717,1745722321.6476278,2.1197531168581918e-05
1718,1745722347.195626,2.1209876649663784e-05
1719,1745722374.3071408,2.122222213074565e-05
1720,1745722399.7803843,2.1234567611827515e-05
1721,1745722424.6826074,2.124691309290938e-05
1722,1745722451.4723296,2.1259258573991247e-05
1723,1745722474.1940124,2.1271604055073112e-05
1724,1745722506.5509987,2.128395135514438e-05
1725,1745722533.0198047,2.1296296836226247e-05
1726,1745722563.9754398,2.1308642317308113e-05
1727,1745722595.4912624,2.132098779838998e-05
1728,1745722613.9818983,2.1333333279471844e-05
1729,1745722639.5125492,2.134567876055371e-05
1730,1745722668.767427,2.1358024241635576e-05
1731,1745722699.8659446,2.137036972271744e-05
1732,1745722720.0644526,2.1382715203799307e-05
1733,1745722745.9987261,2.1395062503870577e-05
1734,1745722769.4764717,2.1407407984952442e-05
1735,1745722800.0640757,2.1419753466034308e-05
1736,1745722830.2656977,2.1432098947116174e-05
1737,1745722863.8754454,2.144444442819804e-05
1738,1745722870.0611784,2.1456789909279905e-05
1739,1745722896.2004378,2.146913539036177e-05
1740,1745722928.2269173,2.1481480871443637e-05
1741,1745722947.2914295,2.1493826352525502e-05
1742,1745722969.8671765,2.1506173652596772e-05
1743,1745722993.521235,2.1518519133678637e-05
1744,1745723023.532059,2.1530864614760503e-05
1745,1745723052.0924377,2.154321009584237e-05
1746,1745723079.5267208,2.1555555576924235e-05
1747,1745723095.7957869,2.15679010580061e-05
1748,1745723114.7310212,2.1580246539087966e-05
1749,1745723148.056311,2.1592592020169832e-05
1750,1745723168.6592681,2.1604937501251698e-05
1751,1745723193.7917364,2.1617284801322967e-05
1752,1745723229.8300653,2.1629630282404833e-05
1753,1745723245.843744,2.1641975763486698e-05
1754,1745723276.8314388,2.1654321244568564e-05
1755,1745723299.6040514,2.166666672565043e-05
1756,1745723322.4706063,2.1679012206732295e-05
1757,1745723353.406177,2.169135768781416e-05
1758,1745723383.0549378,2.1703703168896027e-05
1759,1745723401.6189315,2.1716048649977893e-05
1760,1745723429.8319201,2.1728395950049162e-05
1761,1745723459.0018785,2.1740741431131028e-05
1762,1745723489.5978882,2.1753086912212893e-05
1763,1745723509.7535179,2.176543239329476e-05
1764,1745723538.6816847,2.1777777874376625e-05
1765,1745723566.797219,2.179012335545849e-05
1766,1745723594.7035823,2.1802468836540356e-05
1767,1745723616.800227,2.1814814317622222e-05
1768,1745723639.7911723,2.1827159798704088e-05
1769,1745723668.7055075,2.1839505279785953e-05
1770,1745723697.5696583,2.1851852579857223e-05
1771,1745723725.4540477,2.186419806093909e-05
1772,1745723749.295766,2.1876543542020954e-05
1773,1745723782.652667,2.188888902310282e-05
1774,1745723810.1836712,2.1901234504184686e-05
1775,1745723839.0729935,2.191357998526655e-05
1776,1745723865.6484814,2.1925925466348417e-05
1777,1745723895.0374522,2.1938270947430283e-05
1778,1745723921.8918447,2.195061642851215e-05
1779,1745723950.1299958,2.1962963728583418e-05
1780,1745723991.3289938,2.1975309209665284e-05
1781,1745724026.6893504,2.198765469074715e-05
1782,1745724036.086837,2.2000000171829015e-05
1783,1745724273.083938,2.201234565291088e-05
1784,1745724303.4352176,2.2024691133992746e-05
1785,1745724320.9828587,2.2037036615074612e-05
1786,1745724349.384782,2.2049382096156478e-05
1787,1745724377.6254275,2.2061727577238344e-05
1788,1745724407.5723333,2.2074074877309613e-05
1789,1745724439.595377,2.208642035839148e-05
1790,1745724461.6650722,2.2098765839473344e-05
1791,1745724486.5614429,2.211111132055521e-05
1792,1745724507.5436134,2.2123456801637076e-05
1793,1745724538.9124906,2.213580228271894e-05
1794,1745724573.0391042,2.2148147763800807e-05
1795,1745724601.2149832,2.2160493244882673e-05
1796,1745724628.9810102,2.217283872596454e-05
1797,1745724655.6112647,2.2185186026035808e-05
1798,1745724684.4802654,2.2197531507117674e-05
1799,1745724711.470455,2.220987698819954e-05
1800,1745724742.6216319,2.2222222469281405e-05
1801,1745724770.9219744,2.223456795036327e-05
1802,1745724796.1656814,2.2246913431445137e-05
1803,1745724817.8849683,2.2259258912527002e-05
1804,1745724844.156866,2.2271604393608868e-05
1805,1745724870.3888562,2.2283949874690734e-05
1806,1745724897.1708684,2.2296297174762003e-05
1807,1745724929.8014963,2.230864265584387e-05
1808,1745724961.5983858,2.2320988136925735e-05
1809,1745724975.633301,2.23333336180076e-05
1810,1745724997.5260706,2.2345679099089466e-05
1811,1745725026.530802,2.2358024580171332e-05
1812,1745725059.8560414,2.2370370061253197e-05
1813,1745725092.1304336,2.2382715542335063e-05
1814,1745725102.4855087,2.239506102341693e-05
1815,1745725129.6886199,2.2407406504498795e-05
1816,1745725161.6601079,2.2419753804570064e-05
1817,1745725191.32963,2.243209928565193e-05
1818,1745725220.225072,2.2444444766733795e-05
1819,1745725248.649641,2.245679024781566e-05
1820,1745725273.012007,2.2469135728897527e-05
1821,1745725299.3141418,2.2481481209979393e-05
1822,1745725320.4298148,2.249382669106126e-05
1823,1745725351.9107428,2.2506172172143124e-05
1824,1745725386.514679,2.251851765322499e-05
1825,1745725422.6421895,2.253086495329626e-05
1826,1745725448.8368948,2.2543210434378125e-05
1827,1745725477.2710514,2.255555591545999e-05
1828,1745725495.0970964,2.2567901396541856e-05
1829,1745725522.860511,2.2580246877623722e-05
1830,1745725548.1668916,2.2592592358705588e-05
1831,1745725576.1127949,2.2604937839787453e-05
1832,1745725600.6827767,2.261728332086932e-05
1833,1745725627.9747744,2.2629628801951185e-05
1834,1745725659.0096507,2.2641976102022454e-05
1835,1745725686.7933187,2.265432158310432e-05
1836,1745725712.9298952,2.2666667064186186e-05
1837,1745725737.430385,2.267901254526805e-05
1838,1745725764.602341,2.2691358026349917e-05
1839,1745725784.1368396,2.2703703507431783e-05
1840,1745725810.22985,2.271604898851365e-05
1841,1745725839.4102647,2.2728394469595514e-05
1842,1745725864.043396,2.274073995067738e-05
1843,1745725892.2385783,2.275308725074865e-05
1844,1745725923.186404,2.2765432731830515e-05
1845,1745725948.5144074,2.277777821291238e-05
1846,1745725977.1663065,2.2790123693994246e-05
1847,1745726004.9567606,2.2802469175076112e-05
1848,1745726033.174609,2.2814814656157978e-05
1849,1745726054.9131963,2.2827160137239844e-05
1850,1745726084.0589128,2.283950561832171e-05
1851,1745726106.6778035,2.2851851099403575e-05
1852,1745726144.3832247,2.2864198399474844e-05
1853,1745726170.4244826,2.287654388055671e-05
1854,1745726207.5950913,2.2888889361638576e-05
1855,1745726237.6104455,2.290123484272044e-05
1856,1745726253.8348844,2.2913580323802307e-05
1857,1745726280.7676344,2.2925925804884173e-05
1858,1745726308.4353752,2.293827128596604e-05
1859,1745726337.4294817,2.2950616767047904e-05
1860,1745726365.4270349,2.296296224812977e-05
1861,1745726388.2546308,2.297530954820104e-05
1862,1745726412.3590553,2.2987655029282905e-05
1863,1745726418.7944841,2.300000051036477e-05
1864,1745726617.510017,2.3012345991446637e-05
1865,1745726650.4258845,2.3024691472528502e-05
1866,1745726680.250454,2.3037036953610368e-05
1867,1745726705.6135924,2.3049382434692234e-05
1868,1745726734.8456519,2.30617279157741e-05
1869,1745726760.3461628,2.3074073396855965e-05
1870,1745726777.2594273,2.308641887793783e-05
1871,1745726808.648871,2.30987661780091e-05
1872,1745726836.6664488,2.3111111659090966e-05
1873,1745726869.661984,2.3123457140172832e-05
1874,1745726900.969397,2.3135802621254697e-05
1875,1745726924.0837576,2.3148148102336563e-05
1876,1745726946.855001,2.316049358341843e-05
1877,1745726970.2788475,2.3172839064500295e-05
1878,1745726999.4677975,2.318518454558216e-05
1879,1745727028.993719,2.3197530026664026e-05
1880,1745727043.8526883,2.3209877326735295e-05
1881,1745727064.6146922,2.322222280781716e-05
1882,1745727102.4022505,2.3234568288899027e-05
1883,1745727131.8979542,2.3246913769980893e-05
1884,1745727151.8452034,2.3259259251062758e-05
1885,1745727175.8288388,2.3271604732144624e-05
1886,1745727205.3318377,2.328395021322649e-05
1887,1745727230.1722007,2.3296295694308355e-05
1888,1745727259.727663,2.330864117539022e-05
1889,1745727288.7961624,2.332098847546149e-05
1890,1745727317.4833367,2.3333333956543356e-05
1891,1745727341.1116743,2.3345679437625222e-05
1892,1745727361.1272693,2.3358024918707088e-05
1893,1745727381.133213,2.3370370399788953e-05
1894,1745727409.9140706,2.338271588087082e-05
1895,1745727438.168333,2.3395061361952685e-05
1896,1745727461.2927659,2.340740684303455e-05
1897,1745727484.0398884,2.3419752324116416e-05
1898,1745727502.571114,2.3432099624187686e-05
1899,1745727525.86329,2.344444510526955e-05
1900,1745727549.122684,2.3456790586351417e-05
1901,1745727578.734738,2.3469136067433283e-05
1902,1745727594.6443825,2.348148154851515e-05
1903,1745727623.7050822,2.3493827029597014e-05
1904,1745727650.2562506,2.350617251067888e-05
1905,1745727677.2287617,2.3518517991760746e-05
1906,1745727694.2558491,2.353086347284261e-05
1907,1745727731.764919,2.354321077291388e-05
1908,1745727746.1071708,2.3555556253995746e-05
1909,1745727766.021908,2.3567901735077612e-05
1910,1745727793.3275034,2.3580247216159478e-05
1911,1745727835.0111284,2.3592592697241344e-05
1912,1745727842.6764555,2.360493817832321e-05
1913,1745727872.878489,2.3617283659405075e-05
1914,1745727892.0874667,2.362962914048694e-05
1915,1745727922.6540673,2.3641974621568806e-05
1916,1745727959.5457406,2.3654320102650672e-05
1917,1745727970.5777464,2.366666740272194e-05
1918,1745728002.271938,2.3679012883803807e-05
1919,1745728027.6030478,2.3691358364885673e-05
1920,1745728054.65348,2.370370384596754e-05
1921,1745728081.5178885,2.3716049327049404e-05
1922,1745728101.1475646,2.372839480813127e-05
1923,1745728122.2476962,2.3740740289213136e-05
1924,1745728147.1920302,2.3753085770295e-05
1925,1745728171.6281588,2.3765431251376867e-05
1926,1745728191.0561504,2.3777778551448137e-05
1927,1745728220.3796995,2.3790124032530002e-05
1928,1745728251.7930293,2.3802469513611868e-05
1929,1745728284.1465871,2.3814814994693734e-05
1930,1745728308.694456,2.38271604757756e-05
1931,1745728337.4859645,2.3839505956857465e-05
1932,1745728367.0606394,2.385185143793933e-05
1933,1745728396.2870727,2.3864196919021197e-05
1934,1745728429.3739712,2.3876542400103062e-05
1935,1745728460.2053008,2.388888970017433e-05
1936,1745728473.4662843,2.3901235181256197e-05
1937,1745728499.4925866,2.3913580662338063e-05
1938,1745728532.9392748,2.392592614341993e-05
1939,1745728551.1175694,2.3938271624501795e-05
1940,1745728587.4480054,2.395061710558366e-05
1941,1745728623.5568645,2.3962962586665526e-05
1942,1745728648.441288,2.3975308067747392e-05
1943,1745728675.8499126,2.3987653548829257e-05
1944,1745728684.8744617,2.4000000848900527e-05
1945,1745728902.7115288,2.4012346329982392e-05
1946,1745728928.5180287,2.4024691811064258e-05
1947,1745728959.10727,2.4037037292146124e-05
1948,1745728985.0786042,2.404938277322799e-05
1949,1745729004.9927046,2.4061728254309855e-05
1950,1745729034.3063385,2.407407373539172e-05
1951,1745729065.484386,2.4086419216473587e-05
1952,1745729084.0619283,2.4098764697555453e-05
1953,1745729107.9512367,2.4111111997626722e-05
1954,1745729132.039482,2.4123457478708588e-05
1955,1745729155.792777,2.4135802959790453e-05
1956,1745729184.196384,2.414814844087232e-05
1957,1745729212.9353662,2.4160493921954185e-05
1958,1745729244.287227,2.417283940303605e-05
1959,1745729274.009339,2.4185184884117916e-05
1960,1745729297.0064273,2.4197530365199782e-05
1961,1745729321.7991412,2.4209875846281648e-05
1962,1745729348.7035527,2.4222221327363513e-05
1963,1745729373.4215631,2.4234568627434783e-05
1964,1745729401.3320823,2.424691410851665e-05
1965,1745729430.4996173,2.4259259589598514e-05
1966,1745729453.2292721,2.427160507068038e-05
1967,1745729475.9652932,2.4283950551762246e-05
1968,1745729500.2592351,2.429629603284411e-05
1969,1745729527.7236693,2.4308641513925977e-05
1970,1745729548.89931,2.4320986995007843e-05
1971,1745729572.4449017,2.433333247608971e-05
1972,1745729600.259426,2.4345679776160978e-05
1973,1745729619.6333902,2.4358025257242844e-05
1974,1745729650.9766963,2.437037073832471e-05
1975,1745729667.0908625,2.4382716219406575e-05
1976,1745729687.9529884,2.439506170048844e-05
1977,1745729714.5353663,2.4407407181570306e-05
1978,1745729741.1861331,2.4419752662652172e-05
1979,1745729771.0465434,2.4432098143734038e-05
1980,1745729786.1079185,2.4444443624815904e-05
1981,1745729810.930801,2.4456790924887173e-05
1982,1745729841.215441,2.446913640596904e-05
1983,1745729866.1666598,2.4481481887050904e-05
1984,1745729888.8818753,2.449382736813277e-05
1985,1745729916.989968,2.4506172849214636e-05
1986,1745729949.3876395,2.45185183302965e-05
1987,1745729980.1975675,2.4530863811378367e-05
1988,1745729994.1552904,2.4543209292460233e-05
1989,1745730023.5939984,2.45555547735421e-05
1990,1745730032.4706283,2.4567902073613368e-05
1991,1745730059.3149002,2.4580247554695234e-05
1992,1745730094.9001162,2.45925930357771e-05
1993,1745730120.071215,2.4604938516858965e-05
1994,1745730143.9355133,2.461728399794083e-05
1995,1745730169.098561,2.4629629479022697e-05
1996,1745730194.523555,2.4641974960104562e-05
1997,1745730224.706993,2.4654320441186428e-05
1998,1745730255.9738793,2.4666665922268294e-05
1999,1745730267.82632,2.4679013222339563e-05
2000,1745730295.179311,2.469135870342143e-05
2001,1745730325.8873324,2.4703704184503295e-05
2002,1745730352.5920455,2.471604966558516e-05
2003,1745730378.485135,2.4728395146667026e-05
2004,1745730408.3952112,2.4740740627748892e-05
2005,1745730437.8313522,2.4753086108830757e-05
2006,1745730465.0272856,2.4765431589912623e-05
2007,1745730490.4717495,2.477777707099449e-05
2008,1745730517.6017468,2.4790122552076355e-05
2009,1745730537.5977416,2.4802469852147624e-05
2010,1745730559.533107,2.481481533322949e-05
2011,1745730586.4746401,2.4827160814311355e-05
2012,1745730612.8503888,2.483950629539322e-05
2013,1745730645.852656,2.4851851776475087e-05
2014,1745730676.0753734,2.4864197257556953e-05
2015,1745730705.9179904,2.4876542738638818e-05
2016,1745730741.924056,2.4888888219720684e-05
2017,1745730772.5468152,2.490123370080255e-05
2018,1745730808.0103285,2.491358100087382e-05
2019,1745730832.9414968,2.4925926481955685e-05
2020,1745730854.8920114,2.493827196303755e-05
2021,1745730882.4429984,2.4950617444119416e-05
2022,1745730911.0210688,2.4962962925201282e-05
2023,1745730935.889639,2.4975308406283148e-05
2024,1745730963.6030087,2.4987653887365013e-05
2025,1745730974.7085376,2.499999936844688e-05
2026,1745731216.1958237,2.5012344849528745e-05
2027,1745731230.833486,2.5024692149600014e-05
2028,1745731265.2055235,2.503703763068188e-05
2029,1745731298.8666933,2.5049383111763746e-05
2030,1745731314.8441222,2.506172859284561e-05
2031,1745731334.2926595,2.5074074073927477e-05
2032,1745731353.7366543,2.5086419555009343e-05
2033,1745731382.9052236,2.509876503609121e-05
2034,1745731409.047071,2.5111110517173074e-05
2035,1745731434.622711,2.512345599825494e-05
2036,1745731457.855182,2.513580329832621e-05
2037,1745731485.869885,2.5148148779408075e-05
2038,1745731509.562024,2.516049426048994e-05
2039,1745731534.7395692,2.5172839741571806e-05
2040,1745731564.8964078,2.5185185222653672e-05
2041,1745731603.3768957,2.5197530703735538e-05
2042,1745731628.8432362,2.5209876184817404e-05
2043,1745731651.2838755,2.522222166589927e-05
2044,1745731673.295643,2.5234567146981135e-05
2045,1745731694.722975,2.5246914447052404e-05
2046,1745731723.8196337,2.525925992813427e-05
2047,1745731737.7356262,2.5271605409216136e-05
2048,1745731769.6459334,2.5283950890298e-05
2049,1745731796.0077732,2.5296296371379867e-05
2050,1745731826.6368868,2.5308641852461733e-05
2051,1745731858.1856894,2.53209873335436e-05
2052,1745731882.9683297,2.5333332814625464e-05
2053,1745731907.561885,2.534567829570733e-05
2054,1745731934.7628512,2.53580255957786e-05
2055,1745731957.8251061,2.5370371076860465e-05
2056,1745731978.1024406,2.538271655794233e-05
2057,1745732000.1255717,2.5395062039024197e-05
2058,1745732026.295611,2.5407407520106062e-05
2059,1745732055.0219276,2.5419753001187928e-05
2060,1745732074.8569996,2.5432098482269794e-05
2061,1745732109.7928405,2.544444396335166e-05
2062,1745732121.6285477,2.5456789444433525e-05
2063,1745732145.2201087,2.546913492551539e-05
2064,1745732172.445686,2.548148222558666e-05
2065,1745732199.8991585,2.5493827706668526e-05
2066,1745732229.401144,2.550617318775039e-05
2067,1745732252.6639786,2.5518518668832257e-05
2068,1745732266.5439863,2.5530864149914123e-05
2069,1745732299.6339498,2.554320963099599e-05
2070,1745732308.6832068,2.5555555112077855e-05
2071,1745732337.788567,2.556790059315972e-05
2072,1745732367.858882,2.5580246074241586e-05
2073,1745732385.5170012,2.5592593374312855e-05
2074,1745732413.1517217,2.560493885539472e-05
2075,1745732442.5771756,2.5617284336476587e-05
2076,1745732479.4387207,2.5629629817558452e-05
2077,1745732505.3281858,2.5641975298640318e-05
2078,1745732522.2379022,2.5654320779722184e-05
2079,1745732549.0717516,2.566666626080405e-05
2080,1745732570.0333037,2.5679011741885915e-05
2081,1745732597.8072975,2.569135722296778e-05
2082,1745732639.110067,2.570370452303905e-05
2083,1745732652.5519032,2.5716050004120916e-05
2084,1745732679.8575656,2.5728395485202782e-05
2085,1745732707.038736,2.5740740966284648e-05
2086,1745732732.9642699,2.5753086447366513e-05
2087,1745732763.138307,2.576543192844838e-05
2088,1745732776.6606512,2.5777777409530245e-05
2089,1745732803.0123513,2.579012289061211e-05
2090,1745732832.1962438,2.5802468371693976e-05
2091,1745732850.547564,2.5814815671765245e-05
2092,1745732876.6668234,2.582716115284711e-05
2093,1745732899.7268896,2.5839506633928977e-05
2094,1745732924.4212599,2.5851852115010843e-05
2095,1745732952.0616028,2.586419759609271e-05
2096,1745732981.012477,2.5876543077174574e-05
2097,1745733008.7006123,2.588888855825644e-05
2098,1745733033.318054,2.5901234039338306e-05
2099,1745733059.1416693,2.591357952042017e-05
2100,1745733088.4860137,2.592592682049144e-05
2101,1745733112.7896874,2.5938272301573306e-05
2102,1745733135.857787,2.5950617782655172e-05
2103,1745733154.7968078,2.5962963263737038e-05
2104,1745733183.3917205,2.5975308744818904e-05
2105,1745733213.2732196,2.598765422590077e-05
2106,1745733223.7706892,2.5999999706982635e-05
2107,1745733453.161205,2.60123451880645e-05
2108,1745733478.9112732,2.6024690669146366e-05
2109,1745733521.808585,2.6037036150228232e-05
2110,1745733531.0127099,2.60493834502995e-05
2111,1745733566.145695,2.6061728931381367e-05
2112,1745733596.3464887,2.6074074412463233e-05
2113,1745733614.7160745,2.60864198935451e-05
2114,1745733640.6335375,2.6098765374626964e-05
2115,1745733664.309595,2.611111085570883e-05
2116,1745733693.3946016,2.6123456336790696e-05
2117,1745733721.4891832,2.613580181787256e-05
2118,1745733750.7506475,2.6148147298954427e-05
2119,1745733773.8843899,2.6160494599025697e-05
2120,1745733803.238166,2.6172840080107562e-05
2121,1745733827.658665,2.6185185561189428e-05
2122,1745733850.349455,2.6197531042271294e-05
2123,1745733892.0150647,2.620987652335316e-05
2124,1745733927.1468263,2.6222222004435025e-05
2125,1745733955.8146462,2.623456748551689e-05
2126,1745733978.450578,2.6246912966598757e-05
2127,1745734003.44183,2.6259258447680622e-05
2128,1745734024.9108846,2.627160574775189e-05
2129,1745734042.1286669,2.6283951228833757e-05
2130,1745734070.8151069,2.6296296709915623e-05
2131,1745734084.984212,2.630864219099749e-05
2132,1745734118.5173764,2.6320987672079355e-05
2133,1745734136.1934452,2.633333315316122e-05
2134,1745734151.6514528,2.6345678634243086e-05
2135,1745734175.934972,2.6358024115324952e-05
2136,1745734201.045259,2.6370369596406817e-05
2137,1745734225.1079552,2.6382716896478087e-05
2138,1745734248.7650628,2.6395062377559952e-05
2139,1745734274.275598,2.6407407858641818e-05
2140,1745734296.9877188,2.6419753339723684e-05
2141,1745734323.3027372,2.643209882080555e-05
2142,1745734346.5845268,2.6444444301887415e-05
2143,1745734371.3241522,2.645678978296928e-05
2144,1745734408.4350197,2.6469135264051147e-05
2145,1745734443.735852,2.6481480745133013e-05
2146,1745734470.410214,2.6493828045204282e-05
2147,1745734497.3998375,2.6506173526286148e-05
2148,1745734523.7837768,2.6518519007368013e-05
2149,1745734548.0508697,2.653086448844988e-05
2150,1745734577.0778363,2.6543209969531745e-05
2151,1745734599.3547773,2.655555545061361e-05
2152,1745734626.6469934,2.6567900931695476e-05
2153,1745734656.4773545,2.6580246412777342e-05
2154,1745734681.8873098,2.6592591893859208e-05
2155,1745734691.2823327,2.6604937374941073e-05
2156,1745734719.7813036,2.6617284675012343e-05
2157,1745734742.4822347,2.662963015609421e-05
2158,1745734764.3900633,2.6641975637176074e-05
2159,1745734785.3908148,2.665432111825794e-05
2160,1745734813.3725784,2.6666666599339806e-05
2161,1745734851.129801,2.667901208042167e-05
2162,1745734877.2052948,2.6691357561503537e-05
2163,1745734912.8957634,2.6703703042585403e-05
2164,1745734936.0091374,2.671604852366727e-05
2165,1745734948.1239762,2.6728395823738538e-05
2166,1745734983.5504296,2.6740741304820403e-05
2167,1745735017.4786627,2.675308678590227e-05
2168,1745735053.8503182,2.6765432266984135e-05
2169,1745735081.9836736,2.6777777748066e-05
2170,1745735113.1164415,2.6790123229147866e-05
2171,1745735138.6837962,2.6802468710229732e-05
2172,1745735167.6401186,2.6814814191311598e-05
2173,1745735197.8084815,2.6827159672393464e-05
2174,1745735230.0829818,2.6839506972464733e-05
2175,1745735258.1207178,2.68518524535466e-05
2176,1745735287.6803942,2.6864197934628464e-05
2177,1745735312.8354661,2.687654341571033e-05
2178,1745735342.6885934,2.6888888896792196e-05
2179,1745735377.0361383,2.690123437787406e-05
2180,1745735391.0592873,2.6913579858955927e-05
2181,1745735414.4180262,2.6925925340037793e-05
2182,1745735449.443079,2.693827082111966e-05
2183,1745735471.6493552,2.6950618121190928e-05
2184,1745735498.5555396,2.6962963602272794e-05
2185,1745735521.4408834,2.697530908335466e-05
2186,1745735547.950224,2.6987654564436525e-05
2187,1745735559.6677039,2.700000004551839e-05
2188,1745735763.1522434,2.7012345526600257e-05
2189,1745735792.5432844,2.7024691007682122e-05
2190,1745735818.158692,2.7037036488763988e-05
2191,1745735843.9096024,2.7049381969845854e-05
2192,1745735864.2742624,2.7061729269917123e-05
2193,1745735887.9133658,2.707407475099899e-05
2194,1745735905.8617015,2.7086420232080854e-05
2195,1745735928.5184286,2.709876571316272e-05
2196,1745735959.2737114,2.7111111194244586e-05
2197,1745735990.0536332,2.712345667532645e-05
2198,1745736019.4664962,2.7135802156408317e-05
2199,1745736037.2055268,2.7148147637490183e-05
2200,1745736057.7113001,2.716049311857205e-05
2201,1745736089.2167592,2.7172838599653915e-05
2202,1745736113.2363129,2.7185185899725184e-05
2203,1745736137.5095305,2.719753138080705e-05
2204,1745736168.8592336,2.7209876861888915e-05
2205,1745736193.8898654,2.722222234297078e-05
2206,1745736222.4168286,2.7234567824052647e-05
2207,1745736239.1676853,2.7246913305134512e-05
2208,1745736274.7580492,2.7259258786216378e-05
2209,1745736302.4311695,2.7271604267298244e-05
2210,1745736309.5858579,2.728394974838011e-05
2211,1745736341.6808517,2.729629704845138e-05
2212,1745736374.8405294,2.7308642529533245e-05
2213,1745736398.9823325,2.732098801061511e-05
2214,1745736420.7539933,2.7333333491696976e-05
2215,1745736448.3760238,2.7345678972778842e-05
2216,1745736476.5769305,2.7358024453860708e-05
2217,1745736501.449364,2.7370369934942573e-05
2218,1745736522.331656,2.738271541602444e-05
2219,1745736541.5008633,2.7395060897106305e-05
2220,1745736565.1779327,2.7407408197177574e-05
2221,1745736583.5109358,2.741975367825944e-05
2222,1745736607.1439624,2.7432099159341305e-05
2223,1745736634.7480516,2.744444464042317e-05
2224,1745736656.52064,2.7456790121505037e-05
2225,1745736682.4805727,2.7469135602586903e-05
2226,1745736699.6961985,2.748148108366877e-05
2227,1745736725.4612467,2.7493826564750634e-05
2228,1745736760.0054872,2.75061720458325e-05
2229,1745736785.7954,2.751851934590377e-05
2230,1745736813.1213305,2.7530864826985635e-05
2231,1745736835.4580905,2.75432103080675e-05
2232,1745736859.938674,2.7555555789149366e-05
2233,1745736885.4574397,2.7567901270231232e-05
2234,1745736911.136473,2.7580246751313098e-05
2235,1745736935.5890105,2.7592592232394964e-05
2236,1745736963.8236728,2.760493771347683e-05
2237,1745736988.8366008,2.7617283194558695e-05
2238,1745737020.8357363,2.7629630494629964e-05
2239,1745737042.9548147,2.764197597571183e-05
2240,1745737060.9938211,2.7654321456793696e-05
2241,1745737088.1321795,2.766666693787556e-05
2242,1745737115.7181847,2.7679012418957427e-05
2243,1745737150.2977273,2.7691357900039293e-05
2244,1745737173.79589,2.770370338112116e-05
2245,1745737199.0282938,2.7716048862203024e-05
2246,1745737220.058716,2.772839434328489e-05
2247,1745737249.2495492,2.774074164335616e-05
2248,1745737274.454999,2.7753087124438025e-05
2249,1745737289.1578453,2.776543260551989e-05
2250,1745737316.4836955,2.7777778086601757e-05
2251,1745737340.6541696,2.7790123567683622e-05
2252,1745737373.4831772,2.7802469048765488e-05
2253,1745737405.5284326,2.7814814529847354e-05
2254,1745737430.8401132,2.782716001092922e-05
2255,1745737453.6999493,2.7839505492011085e-05
2256,1745737476.1340134,2.785185097309295e-05
2257,1745737500.7194133,2.786419827316422e-05
2258,1745737528.4810395,2.7876543754246086e-05
2259,1745737555.5835526,2.788888923532795e-05
2260,1745737586.5536692,2.7901234716409817e-05
2261,1745737610.0786564,2.7913580197491683e-05
2262,1745737635.034605,2.792592567857355e-05
2263,1745737657.7752814,2.7938271159655415e-05
2264,1745737682.8803327,2.795061664073728e-05
2265,1745737713.20883,2.7962962121819146e-05
2266,1745737738.747124,2.7975309421890415e-05
2267,1745737769.4634304,2.798765490297228e-05
2268,1745737776.7182188,2.8000000384054147e-05
2269,1745737971.7924807,2.8012345865136012e-05
2270,1745737988.4649858,2.8024691346217878e-05
2271,1745738010.1103826,2.8037036827299744e-05
2272,1745738041.107901,2.804938230838161e-05
2273,1745738069.2206168,2.8061727789463475e-05
2274,1745738081.1125424,2.807407327054534e-05
2275,1745738116.1426315,2.808642057061661e-05
2276,1745738139.5987325,2.8098766051698476e-05
2277,1745738162.7080145,2.8111111532780342e-05
2278,1745738184.5578592,2.8123457013862208e-05
2279,1745738214.3221319,2.8135802494944073e-05
2280,1745738240.2660036,2.814814797602594e-05
2281,1745738267.7239773,2.8160493457107805e-05
2282,1745738299.310501,2.817283893818967e-05
2283,1745738319.5706327,2.8185184419271536e-05
2284,1745738352.1490393,2.8197531719342805e-05
2285,1745738386.566384,2.820987720042467e-05
2286,1745738413.8625174,2.8222222681506537e-05
2287,1745738437.8431025,2.8234568162588403e-05
2288,1745738462.3844879,2.824691364367027e-05
2289,1745738487.5977695,2.8259259124752134e-05
2290,1745738515.9534018,2.8271604605834e-05
2291,1745738536.6874664,2.8283950086915866e-05
2292,1745738559.716824,2.829629556799773e-05
2293,1745738574.9854982,2.8308642868069e-05
2294,1745738602.207705,2.8320988349150866e-05
2295,1745738634.6765118,2.8333333830232732e-05
2296,1745738666.8652382,2.8345679311314598e-05
2297,1745738692.0485353,2.8358024792396463e-05
2298,1745738729.9993215,2.837037027347833e-05
2299,1745738753.8169925,2.8382715754560195e-05
2300,1745738778.7470028,2.839506123564206e-05
2301,1745738806.7820404,2.8407406716723926e-05
2302,1745738827.7892761,2.8419752197805792e-05
2303,1745738846.0442271,2.843209949787706e-05
2304,1745738879.5083687,2.8444444978958927e-05
2305,1745738909.1983976,2.8456790460040793e-05
2306,1745738935.9635096,2.846913594112266e-05
2307,1745738970.04469,2.8481481422204524e-05
2308,1745738981.71221,2.849382690328639e-05
2309,1745739008.660893,2.8506172384368256e-05
2310,1745739035.656295,2.851851786545012e-05
2311,1745739067.6978264,2.8530863346531987e-05
2312,1745739093.2466989,2.8543210646603256e-05
2313,1745739122.0603588,2.8555556127685122e-05
2314,1745739150.8760645,2.8567901608766988e-05
2315,1745739174.9716105,2.8580247089848854e-05
2316,1745739200.9651763,2.859259257093072e-05
2317,1745739226.5823998,2.8604938052012585e-05
2318,1745739255.223182,2.861728353309445e-05
2319,1745739279.052146,2.8629629014176317e-05
2320,1745739301.8665633,2.8641974495258182e-05
2321,1745739329.6466563,2.865432179532945e-05
2322,1745739359.1089196,2.8666667276411317e-05
2323,1745739384.9147294,2.8679012757493183e-05
2324,1745739412.4172597,2.869135823857505e-05
2325,1745739431.014832,2.8703703719656914e-05
2326,1745739462.7492871,2.871604920073878e-05
2327,1745739490.0442615,2.8728394681820646e-05
2328,1745739520.3603547,2.874074016290251e-05
2329,1745739542.661651,2.8753085643984377e-05
2330,1745739566.8099484,2.8765432944055647e-05
2331,1745739597.3568287,2.8777778425137512e-05
2332,1745739623.3477435,2.8790123906219378e-05
2333,1745739653.6113372,2.8802469387301244e-05
2334,1745739672.7851064,2.881481486838311e-05
2335,1745739704.2077365,2.8827160349464975e-05
2336,1745739736.046315,2.883950583054684e-05
2337,1745739762.9650383,2.8851851311628707e-05
2338,1745739782.8015416,2.8864196792710572e-05
2339,1745739807.558178,2.8876544092781842e-05
2340,1745739829.814478,2.8888889573863707e-05
2341,1745739852.5546498,2.8901235054945573e-05
2342,1745739877.4404967,2.891358053602744e-05
2343,1745739904.5113852,2.8925926017109305e-05
2344,1745739932.6592772,2.893827149819117e-05
2345,1745739963.9124446,2.8950616979273036e-05
2346,1745739997.7444766,2.8962962460354902e-05
2347,1745740033.5494754,2.8975307941436768e-05
2348,1745740066.353757,2.8987653422518633e-05
2349,1745740074.9448025,2.9000000722589903e-05
2350,1745740293.8060691,2.901234620367177e-05
2351,1745740319.39661,2.9024691684753634e-05
2352,1745740343.9601755,2.90370371658355e-05
2353,1745740359.7258806,2.9049382646917365e-05
2354,1745740400.5575345,2.906172812799923e-05
2355,1745740422.0605416,2.9074073609081097e-05
2356,1745740446.1887574,2.9086419090162963e-05
2357,1745740472.960547,2.909876457124483e-05
2358,1745740497.9868233,2.9111111871316098e-05
2359,1745740524.8104186,2.9123457352397963e-05
2360,1745740546.9542713,2.913580283347983e-05
2361,1745740574.8907163,2.9148148314561695e-05
2362,1745740599.6470077,2.916049379564356e-05
2363,1745740633.4069157,2.9172839276725426e-05
2364,1745740661.8124092,2.9185184757807292e-05
2365,1745740686.5510793,2.9197530238889158e-05
2366,1745740708.874705,2.9209875719971023e-05
2367,1745740734.9692302,2.9222223020042293e-05
2368,1745740761.6829123,2.923456850112416e-05
2369,1745740782.7542002,2.9246913982206024e-05
2370,1745740806.3370261,2.925925946328789e-05
2371,1745740837.2704105,2.9271604944369756e-05
2372,1745740858.2338896,2.928395042545162e-05
2373,1745740884.1929603,2.9296295906533487e-05
2374,1745740909.438936,2.9308641387615353e-05
2375,1745740940.0580347,2.932098686869722e-05
2376,1745740972.702889,2.9333334168768488e-05
2377,1745740989.3779922,2.9345679649850354e-05
2378,1745741028.303616,2.935802513093222e-05
2379,1745741053.915575,2.9370370612014085e-05
2380,1745741081.5797412,2.938271609309595e-05
2381,1745741107.8024948,2.9395061574177817e-05
2382,1745741134.1832936,2.9407407055259682e-05
2383,1745741156.6927416,2.9419752536341548e-05
2384,1745741193.7707932,2.9432098017423414e-05
2385,1745741207.6774125,2.9444445317494683e-05
2386,1745741231.8397586,2.945679079857655e-05
2387,1745741253.4049003,2.9469136279658414e-05
2388,1745741296.6789274,2.948148176074028e-05
2389,1745741321.900255,2.9493827241822146e-05
2390,1745741337.8553739,2.950617272290401e-05
2391,1745741367.3746982,2.9518518203985877e-05
2392,1745741399.6063612,2.9530863685067743e-05
2393,1745741429.171412,2.954320916614961e-05
2394,1745741450.4358594,2.9555554647231475e-05
2395,1745741475.9101899,2.9567901947302744e-05
2396,1745741503.772186,2.958024742838461e-05
2397,1745741511.5671341,2.9592592909466475e-05
2398,1745741547.1076756,2.960493839054834e-05
2399,1745741564.4808953,2.9617283871630207e-05
2400,1745741592.1408212,2.9629629352712072e-05
2401,1745741622.267435,2.9641974833793938e-05
2402,1745741632.915438,2.9654320314875804e-05
2403,1745741659.7294416,2.966666579595767e-05
2404,1745741690.6887913,2.967901309602894e-05
2405,1745741714.357878,2.9691358577110805e-05
2406,1745741743.0768948,2.970370405819267e-05
2407,1745741772.2180984,2.9716049539274536e-05
2408,1745741790.4854066,2.9728395020356402e-05
2409,1745741818.638067,2.9740740501438268e-05
2410,1745741842.5976071,2.9753085982520133e-05
2411,1745741869.123552,2.9765431463602e-05
2412,1745741896.5420647,2.9777776944683865e-05
2413,1745741923.6652014,2.9790124244755134e-05
2414,1745741943.8868446,2.9802469725837e-05
2415,1745741976.0286293,2.9814815206918865e-05
2416,1745741987.6896393,2.982716068800073e-05
2417,1745742013.8733077,2.9839506169082597e-05
2418,1745742040.266708,2.9851851650164463e-05
2419,1745742062.734058,2.986419713124633e-05
2420,1745742080.2834532,2.9876542612328194e-05
2421,1745742103.9740841,2.988888809341006e-05
2422,1745742131.8778749,2.990123539348133e-05
2423,1745742159.8664494,2.9913580874563195e-05
2424,1745742190.1425233,2.992592635564506e-05
2425,1745742219.7146368,2.9938271836726926e-05
2426,1745742247.880462,2.9950617317808792e-05
2427,1745742274.281357,2.9962962798890658e-05
2428,1745742302.6563554,2.9975308279972523e-05
2429,1745742321.2082276,2.998765376105439e-05
2430,1745742331.767519,2.9999999242136255e-05
2431,1745742561.4220297,2.999862772412598e-05
2432,1745742583.9432998,2.9997256206115708e-05
2433,1745742604.7950463,2.9995884688105434e-05
2434,1745742629.3616219,2.999451317009516e-05
2435,1745742655.6147044,2.9993141652084887e-05
2436,1745742680.2677124,2.9991770134074613e-05
2437,1745742694.245166,2.999039861606434e-05
2438,1745742722.6449902,2.9989025279064663e-05
2439,1745742751.1459038,2.998765376105439e-05
2440,1745742770.7874038,2.9986282243044116e-05
2441,1745742790.5113933,2.9984910725033842e-05
2442,1745742820.5904176,2.998353920702357e-05
2443,1745742852.0926647,2.9982167689013295e-05
2444,1745742880.980678,2.998079617100302e-05
2445,1745742903.5676615,2.9979424652992748e-05
2446,1745742933.259264,2.997805131599307e-05
2447,1745742950.416092,2.9976679797982797e-05
2448,1745742980.8932981,2.9975308279972523e-05
2449,1745743009.8999557,2.997393676196225e-05
2450,1745743034.7263663,2.9972565243951976e-05
2451,1745743059.9501545,2.9971193725941703e-05
2452,1745743086.5071378,2.996982220793143e-05
2453,1745743119.691283,2.9968450689921156e-05
2454,1745743145.4781973,2.996707735292148e-05
2455,1745743160.773453,2.9965705834911205e-05
2456,1745743183.836094,2.996433431690093e-05
2457,1745743222.9215727,2.9962962798890658e-05
2458,1745743248.298603,2.9961591280880384e-05
2459,1745743270.1758199,2.996021976287011e-05
2460,1745743293.3602512,2.9958848244859837e-05
2461,1745743318.741153,2.9957476726849563e-05
2462,1745743330.7569163,2.9956103389849886e-05
2463,1745743359.3960245,2.9954731871839613e-05
2464,1745743385.4886658,2.995336035382934e-05
2465,1745743417.8767567,2.9951988835819066e-05
2466,1745743453.5557985,2.9950617317808792e-05
2467,1745743477.9149227,2.994924579979852e-05
2468,1745743499.203397,2.9947874281788245e-05
2469,1745743522.5002165,2.994650276377797e-05
2470,1745743549.0245478,2.9945129426778294e-05
2471,1745743575.563013,2.994375790876802e-05
2472,1745743599.6227293,2.9942386390757747e-05
2473,1745743608.9706483,2.9941014872747473e-05
2474,1745743640.570295,2.99396433547372e-05
2475,1745743663.3310812,2.9938271836726926e-05
2476,1745743683.3018425,2.9936900318716653e-05
2477,1745743712.9575613,2.993552880070638e-05
2478,1745743740.1194086,2.9934157282696106e-05
2479,1745743763.3538394,2.993278394569643e-05
2480,1745743782.3440833,2.9931412427686155e-05
2481,1745743809.6830225,2.993004090967588e-05
2482,1745743832.904291,2.9928669391665608e-05
2483,1745743858.4831858,2.9927297873655334e-05
2484,1745743880.8247457,2.992592635564506e-05
2485,1745743906.6600971,2.9924554837634787e-05
2486,1745743930.0147665,2.9923183319624513e-05
2487,1745743948.0947068,2.9921809982624836e-05
2488,1745743975.6471817,2.9920438464614563e-05
2489,1745744003.4889374,2.991906694660429e-05
2490,1745744030.003385,2.9917695428594016e-05
2491,1745744062.8125587,2.9916323910583742e-05
2492,1745744084.645012,2.991495239257347e-05
2493,1745744111.6107605,2.9913580874563195e-05
2494,1745744134.4240625,2.991220935655292e-05
2495,1745744163.0361469,2.9910836019553244e-05
2496,1745744205.84224,2.990946450154297e-05
2497,1745744223.9460087,2.9908092983532697e-05
2498,1745744247.0290434,2.9906721465522423e-05
2499,1745744272.4276586,2.990534994751215e-05
2500,1745744308.679676,2.9903978429501876e-05
2501,1745744330.1675122,2.9902606911491603e-05
2502,1745744349.4280198,2.990123539348133e-05
2503,1745744385.069758,2.9899862056481652e-05
2504,1745744414.2179592,2.989849053847138e-05
2505,1745744441.8776977,2.9897119020461105e-05
2506,1745744472.2459497,2.989574750245083e-05
2507,1745744500.4916553,2.9894375984440558e-05
2508,1745744525.6451662,2.9893004466430284e-05
2509,1745744556.1177154,2.989163294842001e-05
2510,1745744584.1845832,2.9890261430409737e-05
2511,1745744594.5866632,2.988888809341006e-05
2512,1745744822.729861,2.9887516575399786e-05
2513,1745744846.6276205,2.9886145057389513e-05
2514,1745744872.2761264,2.988477353937924e-05
2515,1745744897.5724654,2.9883402021368966e-05
2516,1745744923.2999341,2.9882030503358692e-05
2517,1745744941.9047186,2.988065898534842e-05
2518,1745744968.3096447,2.9879287467338145e-05
2519,1745744995.5309844,2.9877914130338468e-05
2520,1745745018.1473503,2.9876542612328194e-05
2521,1745745033.7797718,2.987517109431792e-05
2522,1745745063.6951435,2.9873799576307647e-05
2523,1745745087.7024586,2.9872428058297373e-05
2524,1745745113.8798726,2.98710565402871e-05
2525,1745745141.3745847,2.9869685022276826e-05
2526,1745745154.1277814,2.9868313504266553e-05
2527,1745745178.4108768,2.9866940167266876e-05
2528,1745745207.7935455,2.9865568649256602e-05
2529,1745745244.7613523,2.986419713124633e-05
2530,1745745284.2251992,2.9862825613236055e-05
2531,1745745312.5667017,2.986145409522578e-05
2532,1745745340.802728,2.9860082577215508e-05
2533,1745745361.6151514,2.9858711059205234e-05
2534,1745745390.7593522,2.985733954119496e-05
2535,1745745415.6731327,2.9855966204195283e-05
2536,1745745434.5872085,2.985459468618501e-05
2537,1745745462.579412,2.9853223168174736e-05
2538,1745745486.4797356,2.9851851650164463e-05
2539,1745745510.2848084,2.985048013215419e-05
2540,1745745540.0121899,2.9849108614143915e-05
2541,1745745554.6626027,2.9847737096133642e-05
2542,1745745583.9270475,2.984636557812337e-05
2543,1745745617.9495337,2.984499224112369e-05
2544,1745745643.417454,2.9843620723113418e-05
2545,1745745660.0066655,2.9842249205103144e-05
2546,1745745689.692751,2.984087768709287e-05
2547,1745745720.5416477,2.9839506169082597e-05
2548,1745745752.9884548,2.9838134651072323e-05
2549,1745745768.8338463,2.983676313306205e-05
2550,1745745802.1862893,2.9835391615051776e-05
2551,1745745833.700883,2.9834020097041503e-05
2552,1745745855.8257825,2.9832646760041825e-05
2553,1745745886.408528,2.9831275242031552e-05
2554,1745745911.7867053,2.982990372402128e-05
2555,1745745937.532067,2.9828532206011005e-05
2556,1745745960.242465,2.982716068800073e-05
2557,1745745988.7580566,2.9825789169990458e-05
2558,1745746013.4151762,2.9824417651980184e-05
2559,1745746040.832433,2.982304613396991e-05
2560,1745746075.2495575,2.9821672796970233e-05
2561,1745746095.1528153,2.982030127895996e-05
2562,1745746116.7886822,2.9818929760949686e-05
2563,1745746136.3537397,2.9817558242939413e-05
2564,1745746164.8453093,2.981618672492914e-05
2565,1745746191.4921706,2.9814815206918865e-05
2566,1745746210.5562057,2.9813443688908592e-05
2567,1745746235.0458736,2.9812072170898318e-05
2568,1745746263.8780224,2.981069883389864e-05
2569,1745746277.2022896,2.9809327315888368e-05
2570,1745746302.918205,2.9807955797878094e-05
2571,1745746322.7496402,2.980658427986782e-05
2572,1745746345.236906,2.9805212761857547e-05
2573,1745746381.3642857,2.9803841243847273e-05
2574,1745746414.1314964,2.9802469725837e-05
2575,1745746432.9326713,2.9801098207826726e-05
2576,1745746454.936605,2.979972487082705e-05
2577,1745746494.5744317,2.9798353352816775e-05
2578,1745746519.8732805,2.9796981834806502e-05
2579,1745746539.9356384,2.9795610316796228e-05
2580,1745746566.0236385,2.9794238798785955e-05
2581,1745746589.2427378,2.979286728077568e-05
2582,1745746610.9454823,2.9791495762765408e-05
2583,1745746640.1632955,2.9790124244755134e-05
2584,1745746665.0770338,2.9788750907755457e-05
2585,1745746688.4303799,2.9787379389745183e-05
2586,1745746716.107954,2.978600787173491e-05
2587,1745746745.3126888,2.9784636353724636e-05
2588,1745746774.5028274,2.9783264835714363e-05
2589,1745746802.711534,2.978189331770409e-05
2590,1745746834.3750002,2.9780521799693815e-05
2591,1745746866.0303972,2.9779150281683542e-05
2592,1745746874.5719771,2.9777776944683865e-05
2593,1745747113.9745162,2.977640542667359e-05
2594,1745747143.0204623,2.9775033908663318e-05
2595,1745747166.3331904,2.9773662390653044e-05
2596,1745747194.8124213,2.977229087264277e-05
2597,1745747213.7890408,2.9770919354632497e-05
2598,1745747244.3763337,2.9769547836622223e-05
2599,1745747275.1657975,2.976817631861195e-05
2600,1745747303.3695323,2.9766802981612273e-05
2601,1745747344.5182288,2.9765431463602e-05
2602,1745747359.6654053,2.9764059945591725e-05
2603,1745747386.1675692,2.9762688427581452e-05
2604,1745747415.9507406,2.9761316909571178e-05
2605,1745747425.8021512,2.9759945391560905e-05
2606,1745747456.4775028,2.975857387355063e-05
2607,1745747479.0428102,2.9757202355540358e-05
2608,1745747504.4329627,2.975582901854068e-05
2609,1745747531.6479418,2.9754457500530407e-05
2610,1745747553.4000607,2.9753085982520133e-05
2611,1745747573.19121,2.975171446450986e-05
2612,1745747606.4267166,2.9750342946499586e-05
2613,1745747632.37345,2.9748971428489313e-05
2614,1745747659.5762057,2.974759991047904e-05
2615,1745747670.659584,2.9746228392468765e-05
2616,1745747704.3800907,2.9744856874458492e-05
2617,1745747717.663413,2.9743483537458815e-05
2618,1745747753.7432451,2.974211201944854e-05
2619,1745747770.2169616,2.9740740501438268e-05
2620,1745747801.9240494,2.9739368983427994e-05
2621,1745747810.711382,2.973799746541772e-05
2622,1745747838.350721,2.9736625947407447e-05
2623,1745747857.6349263,2.9735254429397173e-05
2624,1745747880.9924376,2.97338829113869e-05
2625,1745747906.9024556,2.9732509574387223e-05
2626,1745747927.127359,2.973113805637695e-05
2627,1745747955.3124282,2.9729766538366675e-05
2628,1745747981.2034936,2.9728395020356402e-05
2629,1745748007.7435653,2.9727023502346128e-05
2630,1745748031.0636895,2.9725651984335855e-05
2631,1745748060.055107,2.972428046632558e-05
2632,1745748086.9625306,2.9722908948315307e-05
2633,1745748112.5859349,2.972153561131563e-05
2634,1745748140.0538023,2.9720164093305357e-05
2635,1745748169.7512546,2.9718792575295083e-05
2636,1745748192.5456185,2.971742105728481e-05
2637,1745748217.3140583,2.9716049539274536e-05
2638,1745748241.5717688,2.9714678021264262e-05
2639,1745748264.5389464,2.971330650325399e-05
2640,1745748287.402592,2.9711934985243715e-05
2641,1745748317.666345,2.9710561648244038e-05
2642,1745748344.493908,2.9709190130233765e-05
2643,1745748367.9895122,2.970781861222349e-05
2644,1745748398.892189,2.9706447094213217e-05
2645,1745748409.7056441,2.9705075576202944e-05
2646,1745748435.2433856,2.970370405819267e-05
2647,1745748470.038343,2.9702332540182397e-05
2648,1745748486.9271555,2.9700961022172123e-05
2649,1745748513.0012496,2.9699587685172446e-05
2650,1745748520.104948,2.9698216167162172e-05
2651,1745748554.9495084,2.96968446491519e-05
2652,1745748578.6213455,2.9695473131141625e-05
2653,1745748600.464506,2.9694101613131352e-05
2654,1745748623.8044317,2.9692730095121078e-05
2655,1745748647.5895395,2.9691358577110805e-05
2656,1745748670.9208388,2.968998705910053e-05
2657,1745748702.7863877,2.9688613722100854e-05
2658,1745748737.9187407,2.968724220409058e-05
2659,1745748754.9676096,2.9685870686080307e-05
2660,1745748782.5471349,2.9684499168070033e-05
2661,1745748807.8247888,2.968312765005976e-05
2662,1745748832.7105644,2.9681756132049486e-05
2663,1745748854.5969942,2.9680384614039212e-05
2664,1745748882.2379317,2.967901309602894e-05
2665,1745748907.047566,2.9677639759029262e-05
2666,1745748933.5217838,2.9676268241018988e-05
2667,1745748966.097088,2.9674896723008715e-05
2668,1745748988.8248215,2.967352520499844e-05
2669,1745749013.8613002,2.9672153686988167e-05
2670,1745749044.6199899,2.9670782168977894e-05
2671,1745749074.8460448,2.966941065096762e-05
2672,1745749107.13369,2.9668039132957347e-05
2673,1745749119.831091,2.966666579595767e-05
2674,1745749349.6773794,2.9665294277947396e-05
2675,1745749373.4145362,2.9663922759937122e-05
2676,1745749398.9641278,2.966255124192685e-05
2677,1745749419.6236162,2.9661179723916575e-05
2678,1745749441.9384308,2.9659808205906302e-05
2679,1745749465.9733264,2.9658436687896028e-05
2680,1745749489.45815,2.9657065169885755e-05
2681,1745749517.5969768,2.9655691832886077e-05
2682,1745749546.7629793,2.9654320314875804e-05
2683,1745749571.550377,2.965294879686553e-05
2684,1745749605.182251,2.9651577278855257e-05
2685,1745749647.1601415,2.9650205760844983e-05
2686,1745749662.8920248,2.964883424283471e-05
2687,1745749687.7324355,2.9647462724824436e-05
2688,1745749710.1172078,2.9646091206814162e-05
2689,1745749730.449516,2.964471968880389e-05
2690,1745749757.9510705,2.9643346351804212e-05
2691,1745749801.4420328,2.9641974833793938e-05
2692,1745749808.3266325,2.9640603315783665e-05
2693,1745749835.593839,2.963923179777339e-05
2694,1745749867.2957187,2.9637860279763117e-05
2695,1745749898.6824012,2.9636488761752844e-05
2696,1745749913.564173,2.963511724374257e-05
2697,1745749939.2392662,2.9633745725732297e-05
2698,1745749969.0277195,2.963237238873262e-05
2699,1745749997.1299279,2.9631000870722346e-05
2700,1745750027.4028192,2.9629629352712072e-05
2701,1745750039.2447708,2.96282578347018e-05
2702,1745750064.6959867,2.9626886316691525e-05
2703,1745750084.2423162,2.9625514798681252e-05
2704,1745750105.8040304,2.9624143280670978e-05
2705,1745750140.4320939,2.9622771762660705e-05
2706,1745750159.6900783,2.9621398425661027e-05
2707,1745750181.1582592,2.9620026907650754e-05
2708,1745750222.8866663,2.961865538964048e-05
2709,1745750235.681177,2.9617283871630207e-05
2710,1745750267.5884404,2.9615912353619933e-05
2711,1745750286.3763745,2.961454083560966e-05
2712,1745750309.7197104,2.9613169317599386e-05
2713,1745750339.9489517,2.9611797799589112e-05
2714,1745750374.1151154,2.9610424462589435e-05
2715,1745750392.5685947,2.9609052944579162e-05
2716,1745750414.573348,2.9607681426568888e-05
2717,1745750442.3104427,2.9606309908558615e-05
2718,1745750464.8355145,2.960493839054834e-05
2719,1745750494.1159914,2.9603566872538067e-05
2720,1745750534.9164495,2.9602195354527794e-05
2721,1745750548.904259,2.960082383651752e-05
2722,1745750574.5932384,2.9599450499517843e-05
2723,1745750597.6999352,2.959807898150757e-05
2724,1745750625.6722097,2.9596707463497296e-05
2725,1745750652.5020657,2.9595335945487022e-05
2726,1745750678.6569903,2.959396442747675e-05
2727,1745750705.6655068,2.9592592909466475e-05
2728,1745750727.236805,2.95912213914562e-05
2729,1745750758.618312,2.9589849873445928e-05
2730,1745750789.7774277,2.958847653644625e-05
2731,1745750824.7596762,2.9587105018435977e-05
2732,1745750835.9167266,2.9585733500425704e-05
2733,1745750878.862646,2.958436198241543e-05
2734,1745750890.554084,2.9582990464405157e-05
2735,1745750913.9832819,2.9581618946394883e-05
2736,1745750932.545687,2.958024742838461e-05
2737,1745750959.5334203,2.9578875910374336e-05
2738,1745750983.3636184,2.957750257337466e-05
2739,1745750997.8663301,2.9576131055364385e-05
2740,1745751020.234703,2.957475953735411e-05
2741,1745751044.9696302,2.9573388019343838e-05
2742,1745751072.0211034,2.9572016501333565e-05
2743,1745751084.9109654,2.957064498332329e-05
2744,1745751124.2827797,2.9569273465313017e-05
2745,1745751142.5925965,2.9567901947302744e-05
2746,1745751164.6337864,2.9566528610303067e-05
2747,1745751191.0540738,2.9565157092292793e-05
2748,1745751217.2267115,2.956378557428252e-05
2749,1745751242.3407824,2.9562414056272246e-05
2750,1745751262.901891,2.9561042538261972e-05
2751,1745751289.1368902,2.95596710202517e-05
2752,1745751321.360817,2.9558299502241425e-05
2753,1745751353.7921064,2.955692798423115e-05
2754,1745751365.1957004,2.9555554647231475e-05
2755,1745751618.3711684,2.95541831292212e-05
2756,1745751640.941255,2.9552811611210927e-05
2757,1745751664.7012808,2.9551440093200654e-05
2758,1745751693.084866,2.955006857519038e-05
2759,1745751706.907251,2.9548697057180107e-05
2760,1745751730.3993857,2.9547325539169833e-05
2761,1745751763.6035006,2.954595402115956e-05
2762,1745751790.776431,2.9544582503149286e-05
2763,1745751818.239007,2.954320916614961e-05
2764,1745751843.6275027,2.9541837648139335e-05
2765,1745751873.8464093,2.954046613012906e-05
2766,1745751896.279966,2.9539094612118788e-05
2767,1745751915.0914514,2.9537723094108514e-05
2768,1745751940.9481869,2.953635157609824e-05
2769,1745751967.5736675,2.9534980058087967e-05
2770,1745751988.8154314,2.9533608540077694e-05
2771,1745752010.902269,2.9532235203078017e-05
2772,1745752041.0636215,2.9530863685067743e-05
2773,1745752071.9503555,2.952949216705747e-05
2774,1745752108.360471,2.9528120649047196e-05
2775,1745752118.3335247,2.9526749131036922e-05
2776,1745752145.0029693,2.952537761302665e-05
2777,1745752168.254548,2.9524006095016375e-05
2778,1745752192.3700078,2.95226345770061e-05
2779,1745752218.3244267,2.9521261240006424e-05
2780,1745752242.1019695,2.951988972199615e-05
2781,1745752265.8819895,2.9518518203985877e-05
2782,1745752304.6199267,2.9517146685975604e-05
2783,1745752314.980251,2.951577516796533e-05
2784,1745752342.2070856,2.9514403649955057e-05
2785,1745752370.6040606,2.9513032131944783e-05
2786,1745752394.6199234,2.951166061393451e-05
2787,1745752419.3160717,2.9510287276934832e-05
2788,1745752444.7502646,2.950891575892456e-05
2789,1745752465.793679,2.9507544240914285e-05
2790,1745752492.2086663,2.950617272290401e-05
2791,1745752516.5887082,2.9504801204893738e-05
2792,1745752542.0612001,2.9503429686883464e-05
2793,1745752561.519654,2.950205816887319e-05
2794,1745752591.162413,2.9500686650862917e-05
2795,1745752607.2837877,2.949931331386324e-05
2796,1745752632.4821868,2.9497941795852967e-05
2797,1745752660.9254823,2.9496570277842693e-05
2798,1745752683.9844816,2.949519875983242e-05
2799,1745752706.7467353,2.9493827241822146e-05
2800,1745752735.2060575,2.9492455723811872e-05
2801,1745752759.6772552,2.94910842058016e-05
2802,1745752777.0307415,2.9489712687791325e-05
2803,1745752813.513673,2.9488339350791648e-05
2804,1745752832.8113992,2.9486967832781374e-05
2805,1745752857.6234522,2.94855963147711e-05
2806,1745752881.9959457,2.9484224796760827e-05
2807,1745752905.3171902,2.9482853278750554e-05
2808,1745752937.7715716,2.948148176074028e-05
2809,1745752947.0617666,2.9480110242730007e-05
2810,1745752979.5389962,2.9478738724719733e-05
2811,1745753007.2410724,2.9477365387720056e-05
2812,1745753035.4774668,2.9475993869709782e-05
2813,1745753061.6000645,2.947462235169951e-05
2814,1745753083.823129,2.9473250833689235e-05
2815,1745753112.21873,2.947187931567896e-05
2816,1745753138.779819,2.9470507797668688e-05
2817,1745753160.7136729,2.9469136279658414e-05
2818,1745753183.4230902,2.946776476164814e-05
2819,1745753216.2227097,2.9466391424648464e-05
2820,1745753240.103336,2.946501990663819e-05
2821,1745753259.670687,2.9463648388627917e-05
2822,1745753279.3309658,2.9462276870617643e-05
2823,1745753306.8401802,2.946090535260737e-05
2824,1745753328.2994268,2.9459533834597096e-05
2825,1745753352.8278825,2.9458162316586822e-05
2826,1745753378.002007,2.945679079857655e-05
2827,1745753402.446489,2.9455419280566275e-05
2828,1745753434.6948571,2.9454045943566598e-05
2829,1745753458.461015,2.9452674425556324e-05
2830,1745753484.7583425,2.945130290754605e-05
2831,1745753511.769946,2.9449931389535777e-05
2832,1745753532.6192567,2.9448559871525504e-05
2833,1745753566.2001936,2.944718835351523e-05
2834,1745753590.4962823,2.9445816835504957e-05
2835,1745753600.8285606,2.9444445317494683e-05
2836,1745753839.8077052,2.9443071980495006e-05
2837,1745753871.2114818,2.9441700462484732e-05
2838,1745753896.66994,2.944032894447446e-05
2839,1745753931.6584659,2.9438957426464185e-05
2840,1745753961.133336,2.943758590845391e-05
2841,1745753992.8299074,2.9436214390443638e-05
2842,1745754002.3004045,2.9434842872433364e-05
2843,1745754028.9027297,2.943347135442309e-05
2844,1745754059.4437165,2.9432098017423414e-05
2845,1745754099.7272928,2.943072649941314e-05
2846,1745754126.3863857,2.9429354981402867e-05
2847,1745754148.68421,2.9427983463392593e-05
2848,1745754170.3435209,2.942661194538232e-05
2849,1745754194.2094316,2.9425240427372046e-05
2850,1745754217.697938,2.9423868909361772e-05
2851,1745754246.3983123,2.94224973913515e-05
2852,1745754269.1673403,2.942112405435182e-05
2853,1745754292.4190876,2.9419752536341548e-05
2854,1745754317.4729636,2.9418381018331274e-05
2855,1745754344.6936464,2.9417009500321e-05
2856,1745754370.053051,2.9415637982310727e-05
2857,1745754392.9844754,2.9414266464300454e-05
2858,1745754429.510296,2.941289494629018e-05
2859,1745754457.928672,2.9411523428279907e-05
2860,1745754469.8661628,2.941015009128023e-05
2861,1745754497.4835706,2.9408778573269956e-05
2862,1745754519.1146247,2.9407407055259682e-05
2863,1745754547.755089,2.940603553724941e-05
2864,1745754569.075371,2.9404664019239135e-05
2865,1745754590.0876777,2.940329250122886e-05
2866,1745754613.5048833,2.9401920983218588e-05
2867,1745754640.1998525,2.9400549465208314e-05
2868,1745754666.0088391,2.9399176128208637e-05
2869,1745754696.7316306,2.9397804610198364e-05
2870,1745754717.7181203,2.939643309218809e-05
2871,1745754745.8539329,2.9395061574177817e-05
2872,1745754765.033171,2.9393690056167543e-05
2873,1745754796.4752107,2.939231853815727e-05
2874,1745754817.1159139,2.9390947020146996e-05
2875,1745754840.9024136,2.9389575502136722e-05
2876,1745754867.0226908,2.9388202165137045e-05
2877,1745754892.6901643,2.938683064712677e-05
2878,1745754917.9708457,2.9385459129116498e-05
2879,1745754943.6544764,2.9384087611106224e-05
2880,1745754976.3380938,2.938271609309595e-05
2881,1745755002.2176633,2.9381344575085677e-05
2882,1745755022.8197093,2.9379973057075404e-05
2883,1745755046.5134175,2.937860153906513e-05
2884,1745755074.4659429,2.9377228202065453e-05
2885,1745755090.9860003,2.937585668405518e-05
2886,1745755113.334723,2.9374485166044906e-05
2887,1745755150.3593082,2.9373113648034632e-05
2888,1745755155.9139462,2.937174213002436e-05
2889,1745755179.639584,2.9370370612014085e-05
2890,1745755204.2830207,2.936899909400381e-05
2891,1745755228.7780454,2.9367627575993538e-05
2892,1745755255.2679532,2.936625423899386e-05
2893,1745755281.2449028,2.9364882720983587e-05
2894,1745755304.5322149,2.9363511202973314e-05
2895,1745755328.6080801,2.936213968496304e-05
2896,1745755365.7807055,2.9360768166952766e-05
2897,1745755382.6379974,2.9359396648942493e-05
2898,1745755418.9474156,2.935802513093222e-05
2899,1745755440.5453482,2.9356653612921946e-05
2900,1745755460.4734507,2.9355282094911672e-05
2901,1745755483.061137,2.9353908757911995e-05
2902,1745755513.3377807,2.935253723990172e-05
2903,1745755533.441258,2.9351165721891448e-05
2904,1745755554.4457257,2.9349794203881174e-05
2905,1745755581.79986,2.93484226858709e-05
2906,1745755607.0561688,2.9347051167860627e-05
2907,1745755633.8980587,2.9345679649850354e-05
2908,1745755653.1343517,2.934430813184008e-05
2909,1745755675.4746842,2.9342934794840403e-05
2910,1745755707.2210765,2.934156327683013e-05
2911,1745755733.7011712,2.9340191758819856e-05
2912,1745755768.4638398,2.9338820240809582e-05
2913,1745755792.6402514,2.933744872279931e-05
2914,1745755806.7747962,2.9336077204789035e-05
2915,1745755839.3860931,2.933470568677876e-05
2916,1745755849.5702226,2.9333334168768488e-05
2917,1745756103.7184584,2.933196083176881e-05
2918,1745756112.7362547,2.9330589313758537e-05
2919,1745756142.430378,2.9329217795748264e-05
2920,1745756174.5004053,2.932784627773799e-05
2921,1745756185.038635,2.9326474759727716e-05
2922,1745756209.9522421,2.9325103241717443e-05
2923,1745756231.0838175,2.932373172370717e-05
2924,1745756261.9477367,2.9322360205696896e-05
2925,1745756288.2088165,2.932098686869722e-05
2926,1745756318.8458664,2.9319615350686945e-05
2927,1745756338.273723,2.931824383267667e-05
2928,1745756365.33766,2.9316872314666398e-05
2929,1745756385.5916803,2.9315500796656124e-05
2930,1745756401.33984,2.931412927864585e-05
2931,1745756433.908602,2.9312757760635577e-05
2932,1745756452.9390495,2.9311386242625304e-05
2933,1745756468.7036223,2.9310012905625626e-05
2934,1745756494.6811924,2.9308641387615353e-05
2935,1745756521.8453653,2.930726986960508e-05
2936,1745756556.191178,2.9305898351594806e-05
2937,1745756571.9464157,2.9304526833584532e-05
2938,1745756595.537352,2.930315531557426e-05
2939,1745756628.2187996,2.9301783797563985e-05
2940,1745756640.4696622,2.930041227955371e-05
2941,1745756675.9061446,2.9299038942554034e-05
2942,1745756697.8682697,2.929766742454376e-05
2943,1745756711.5716586,2.9296295906533487e-05
2944,1745756739.1935396,2.9294924388523214e-05
2945,1745756763.3167422,2.929355287051294e-05
2946,1745756786.9200575,2.9292181352502666e-05
2947,1745756818.394863,2.9290809834492393e-05
2948,1745756829.6816027,2.928943831648212e-05
2949,1745756856.7907748,2.9288064979482442e-05
2950,1745756873.1067061,2.928669346147217e-05
2951,1745756891.747165,2.9285321943461895e-05
2952,1745756912.0890222,2.928395042545162e-05
2953,1745756939.9641123,2.9282578907441348e-05
2954,1745756987.8013124,2.9281207389431074e-05
2955,1745757019.6109447,2.92798358714208e-05
2956,1745757034.3236926,2.9278464353410527e-05
2957,1745757059.8668776,2.927709101641085e-05
2958,1745757081.8790567,2.9275719498400576e-05
2959,1745757106.274316,2.9274347980390303e-05
2960,1745757126.3163056,2.927297646238003e-05
2961,1745757145.3063476,2.9271604944369756e-05
2962,1745757168.9749963,2.9270233426359482e-05
2963,1745757202.3973987,2.926886190834921e-05
2964,1745757228.2405553,2.9267490390338935e-05
2965,1745757251.2519357,2.926611887232866e-05
2966,1745757270.7686489,2.9264745535328984e-05
2967,1745757295.2689192,2.926337401731871e-05
2968,1745757330.3731198,2.9262002499308437e-05
2969,1745757354.4033074,2.9260630981298164e-05
2970,1745757371.8393803,2.925925946328789e-05
2971,1745757397.0322602,2.9257887945277616e-05
2972,1745757420.6332092,2.9256516427267343e-05
2973,1745757441.6017144,2.925514490925707e-05
2974,1745757463.7914755,2.9253771572257392e-05
2975,1745757487.6690516,2.925240005424712e-05
2976,1745757499.731918,2.9251028536236845e-05
2977,1745757525.440295,2.924965701822657e-05
2978,1745757553.0252323,2.9248285500216298e-05
2979,1745757595.9320498,2.9246913982206024e-05
2980,1745757603.45293,2.924554246419575e-05
2981,1745757623.5249932,2.9244170946185477e-05
2982,1745757650.035409,2.92427976091858e-05
2983,1745757674.8044229,2.9241426091175526e-05
2984,1745757702.8042707,2.9240054573165253e-05
2985,1745757727.8093429,2.923868305515498e-05
2986,1745757752.9121735,2.9237311537144706e-05
2987,1745757780.732261,2.9235940019134432e-05
2988,1745757792.5997233,2.923456850112416e-05
2989,1745757819.2426202,2.9233196983113885e-05
2990,1745757845.9787896,2.9231823646114208e-05
2991,1745757878.8088324,2.9230452128103934e-05
2992,1745757910.8719187,2.922908061009366e-05
2993,1745757925.6480496,2.9227709092083387e-05
2994,1745757948.1897693,2.9226337574073114e-05
2995,1745757983.4754684,2.922496605606284e-05
2996,1745758009.5857017,2.9223594538052566e-05
2997,1745758015.3030903,2.9222223020042293e-05
2998,1745758281.5391748,2.9220849683042616e-05
2999,1745758310.2977107,2.9219478165032342e-05
3000,1745758346.7696238,2.921810664702207e-05
3001,1745758367.1606152,2.9216735129011795e-05
3002,1745758391.9382164,2.921536361100152e-05
3003,1745758421.4596403,2.9213992092991248e-05
3004,1745758446.0547154,2.9212620574980974e-05
3005,1745758468.1635177,2.92112490569707e-05
3006,1745758498.4440637,2.9209875719971023e-05
3007,1745758526.6354296,2.920850420196075e-05
3008,1745758547.621831,2.9207132683950476e-05
3009,1745758574.8370283,2.9205761165940203e-05
3010,1745758601.8192217,2.920438964792993e-05
3011,1745758629.3474636,2.9203018129919656e-05
3012,1745758653.3447614,2.9201646611909382e-05
3013,1745758681.5436213,2.920027509389911e-05
3014,1745758694.3946302,2.919890175689943e-05
3015,1745758729.0116644,2.9197530238889158e-05
3016,1745758755.6854515,2.9196158720878884e-05
3017,1745758784.504114,2.919478720286861e-05
3018,1745758806.5698555,2.9193415684858337e-05
3019,1745758826.2846074,2.9192044166848063e-05
3020,1745758853.6391048,2.919067264883779e-05
3021,1745758885.1563783,2.9189301130827516e-05
3022,1745758906.9668672,2.918792779382784e-05
3023,1745758924.2180884,2.9186556275817566e-05
3024,1745758948.8196347,2.9185184757807292e-05
3025,1745758959.5402493,2.918381323979702e-05
3026,1745758993.6158435,2.9182441721786745e-05
3027,1745759005.1451166,2.918107020377647e-05
3028,1745759029.3435469,2.9179698685766198e-05
3029,1745759066.534794,2.9178327167755924e-05
3030,1745759084.2725933,2.9176953830756247e-05
3031,1745759100.2297306,2.9175582312745973e-05
3032,1745759121.7650976,2.91742107947357e-05
3033,1745759144.7857833,2.9172839276725426e-05
3034,1745759174.5346675,2.9171467758715153e-05
3035,1745759187.2989807,2.917009624070488e-05
3036,1745759213.006055,2.9168724722694606e-05
3037,1745759228.2236392,2.9167353204684332e-05
3038,1745759255.0639594,2.916598168667406e-05
3039,1745759271.699843,2.916460834967438e-05
3040,1745759291.98155,2.9163236831664108e-05
3041,1745759334.322617,2.9161865313653834e-05
3042,1745759352.738042,2.916049379564356e-05
3043,1745759381.786314,2.9159122277633287e-05
3044,1745759403.7751582,2.9157750759623013e-05
3045,1745759429.6113958,2.915637924161274e-05
3046,1745759448.7412736,2.9155007723602466e-05
3047,1745759485.3468342,2.915363438660279e-05
3048,1745759509.4808636,2.9152262868592516e-05
3049,1745759545.0128527,2.9150891350582242e-05
3050,1745759571.0732582,2.914951983257197e-05
3051,1745759591.3495042,2.9148148314561695e-05
3052,1745759613.8574743,2.914677679655142e-05
3053,1745759643.4546602,2.9145405278541148e-05
3054,1745759667.4584534,2.9144033760530874e-05
3055,1745759695.9243588,2.9142660423531197e-05
3056,1745759715.305495,2.9141288905520923e-05
3057,1745759737.599441,2.913991738751065e-05
3058,1745759768.453357,2.9138545869500376e-05
3059,1745759784.3102624,2.9137174351490103e-05
3060,1745759813.555311,2.913580283347983e-05
3061,1745759834.6689758,2.9134431315469556e-05
3062,1745759861.6295202,2.9133059797459282e-05
3063,1745759877.4961152,2.9131686460459605e-05
3064,1745759899.3839972,2.913031494244933e-05
3065,1745759933.2007396,2.9128943424439058e-05
3066,1745759963.0842717,2.9127571906428784e-05
3067,1745759986.6974342,2.912620038841851e-05
3068,1745760007.5171807,2.9124828870408237e-05
3069,1745760037.3035,2.9123457352397963e-05
3070,1745760066.8904595,2.912208583438769e-05
3071,1745760083.6942494,2.9120712497388013e-05
3072,1745760105.6540163,2.911934097937774e-05
3073,1745760133.0630949,2.9117969461367466e-05
3074,1745760152.7219033,2.9116597943357192e-05
3075,1745760179.120355,2.911522642534692e-05
3076,1745760194.4157834,2.9113854907336645e-05
3077,1745760223.9717207,2.911248338932637e-05
3078,1745760238.9178295,2.9111111871316098e-05
3079,1745760477.4838054,2.910973853431642e-05
3080,1745760501.4415603,2.9108367016306147e-05
3081,1745760523.1657197,2.9106995498295873e-05
3082,1745760551.8788302,2.91056239802856e-05
3083,1745760581.0656257,2.9104252462275326e-05
3084,1745760612.4859736,2.9102880944265053e-05
3085,1745760631.288355,2.910150942625478e-05
3086,1745760658.5568657,2.9100137908244506e-05
3087,1745760678.9062686,2.909876457124483e-05
3088,1745760702.0606046,2.9097393053234555e-05
3089,1745760724.0552328,2.909602153522428e-05
3090,1745760750.4341881,2.9094650017214008e-05
3091,1745760775.7317889,2.9093278499203734e-05
3092,1745760798.9401114,2.909190698119346e-05
3093,1745760825.2697928,2.9090535463183187e-05
3094,1745760849.7288806,2.9089163945172913e-05
3095,1745760873.1026154,2.9087790608173236e-05
3096,1745760897.3801708,2.9086419090162963e-05
3097,1745760927.1773725,2.908504757215269e-05
3098,1745760964.9152288,2.9083676054142416e-05
3099,1745760983.842836,2.9082304536132142e-05
3100,1745761006.1932366,2.908093301812187e-05
3101,1745761023.5495946,2.9079561500111595e-05
3102,1745761057.2148454,2.907818998210132e-05
3103,1745761072.2461126,2.9076818464091048e-05
3104,1745761097.6944993,2.907544512709137e-05
3105,1745761128.7223325,2.9074073609081097e-05
3106,1745761156.0622566,2.9072702091070823e-05
3107,1745761198.5049062,2.907133057306055e-05
3108,1745761207.4145517,2.9069959055050276e-05
3109,1745761237.834046,2.9068587537040003e-05
3110,1745761267.4641552,2.906721601902973e-05
3111,1745761293.544273,2.9065844501019455e-05
3112,1745761312.145487,2.906447116401978e-05
3113,1745761337.9745944,2.9063099646009505e-05
3114,1745761371.5382428,2.906172812799923e-05
3115,1745761393.478109,2.9060356609988958e-05
3116,1745761417.0527055,2.9058985091978684e-05
3117,1745761442.8444757,2.905761357396841e-05
3118,1745761459.3637836,2.9056242055958137e-05
3119,1745761491.1897924,2.9054870537947863e-05
3120,1745761523.2035193,2.9053497200948186e-05
3121,1745761542.091074,2.9052125682937913e-05
3122,1745761578.5468538,2.905075416492764e-05
3123,1745761590.8430018,2.9049382646917365e-05
3124,1745761615.03461,2.9048011128907092e-05
3125,1745761645.423699,2.904663961089682e-05
3126,1745761676.85557,2.9045268092886545e-05
3127,1745761697.2444582,2.904389657487627e-05
3128,1745761722.7132041,2.9042523237876594e-05
3129,1745761744.1468272,2.904115171986632e-05
3130,1745761780.2698143,2.9039780201856047e-05
3131,1745761806.3577325,2.9038408683845773e-05
3132,1745761817.579347,2.90370371658355e-05
3133,1745761845.2016866,2.9035665647825226e-05
3134,1745761873.8584862,2.9034294129814953e-05
3135,1745761903.7248096,2.903292261180468e-05
3136,1745761939.4503734,2.9031549274805002e-05
3137,1745761975.2003505,2.903017775679473e-05
3138,1745762002.7541852,2.9028806238784455e-05
3139,1745762014.9463048,2.902743472077418e-05
3140,1745762043.9184,2.9026063202763908e-05
3141,1745762056.1742141,2.9024691684753634e-05
3142,1745762089.9048038,2.902332016674336e-05
3143,1745762119.5672772,2.9021948648733087e-05
3144,1745762137.7235103,2.902057531173341e-05
3145,1745762168.8291569,2.9019203793723136e-05
3146,1745762191.9397914,2.9017832275712863e-05
3147,1745762217.259338,2.901646075770259e-05
3148,1745762245.0189478,2.9015089239692315e-05
3149,1745762274.1200974,2.9013717721682042e-05
3150,1745762304.850638,2.901234620367177e-05
3151,1745762346.1772094,2.9010974685661495e-05
3152,1745762372.7650661,2.9009601348661818e-05
3153,1745762392.6147833,2.9008229830651544e-05
3154,1745762413.7237074,2.900685831264127e-05
3155,1745762450.2879112,2.9005486794630997e-05
3156,1745762486.9269786,2.9004115276620723e-05
3157,1745762512.7375605,2.900274375861045e-05
3158,1745762537.6739316,2.9001372240600176e-05
3159,1745762547.7358181,2.9000000722589903e-05
3160,1745762794.6026611,2.8998627385590225e-05
3161,1745762816.6292887,2.8997255867579952e-05
3162,1745762843.5324667,2.899588434956968e-05
3163,1745762869.8467228,2.8994512831559405e-05
3164,1745762896.0950851,2.899314131354913e-05
3165,1745762925.7497702,2.8991769795538858e-05
3166,1745762949.598159,2.8990398277528584e-05
3167,1745762976.9331675,2.898902675951831e-05
3168,1745762991.635662,2.8987653422518633e-05
3169,1745763021.232402,2.898628190450836e-05
3170,1745763050.2664247,2.8984910386498086e-05
3171,1745763083.9129434,2.8983538868487813e-05
3172,1745763106.5515351,2.898216735047754e-05
3173,1745763129.0625927,2.8980795832467265e-05
3174,1745763163.778665,2.8979424314456992e-05
3175,1745763189.2467408,2.8978052796446718e-05
3176,1745763213.1903257,2.8976681278436445e-05
3177,1745763235.9261901,2.8975307941436768e-05
3178,1745763265.44665,2.8973936423426494e-05
3179,1745763285.627375,2.897256490541622e-05
3180,1745763313.8542407,2.8971193387405947e-05
3181,1745763332.9794726,2.8969821869395673e-05
3182,1745763367.364766,2.89684503513854e-05
3183,1745763391.4234104,2.8967078833375126e-05
3184,1745763410.0675247,2.8965707315364853e-05
3185,1745763430.469423,2.8964333978365175e-05
3186,1745763458.0269647,2.8962962460354902e-05
3187,1745763487.7810755,2.8961590942344628e-05
3188,1745763512.5314133,2.8960219424334355e-05
3189,1745763541.8147311,2.895884790632408e-05
3190,1745763572.4572504,2.8957476388313808e-05
3191,1745763583.834753,2.8956104870303534e-05
3192,1745763611.1457632,2.895473335229326e-05
3193,1745763642.8598762,2.8953360015293583e-05
3194,1745763671.0561137,2.895198849728331e-05
3195,1745763695.334062,2.8950616979273036e-05
3196,1745763720.2545178,2.8949245461262763e-05
3197,1745763734.5689151,2.894787394325249e-05
3198,1745763760.329064,2.8946502425242215e-05
3199,1745763785.6366587,2.8945130907231942e-05
3200,1745763817.973744,2.8943759389221668e-05
3201,1745763831.3602066,2.894238605222199e-05
3202,1745763852.3127353,2.8941014534211718e-05
3203,1745763884.2325544,2.8939643016201444e-05
3204,1745763904.599692,2.893827149819117e-05
3205,1745763929.6073751,2.8936899980180897e-05
3206,1745763959.13856,2.8935528462170623e-05
3207,1745763992.65908,2.893415694416035e-05
3208,1745764015.195125,2.8932785426150076e-05
3209,1745764039.8458881,2.89314120891504e-05
3210,1745764065.999751,2.8930040571140125e-05
3211,1745764094.5769913,2.8928669053129852e-05
3212,1745764130.4047353,2.8927297535119578e-05
3213,1745764155.0233896,2.8925926017109305e-05
3214,1745764178.1798515,2.892455449909903e-05
3215,1745764201.8837283,2.8923182981088758e-05
3216,1745764225.776057,2.8921811463078484e-05
3217,1745764245.9134235,2.8920438126078807e-05
3218,1745764272.5238717,2.8919066608068533e-05
3219,1745764305.5990503,2.891769509005826e-05
3220,1745764331.879693,2.8916323572047986e-05
3221,1745764342.5231423,2.8914952054037713e-05
3222,1745764377.2654533,2.891358053602744e-05
3223,1745764394.9839575,2.8912209018017165e-05
3224,1745764419.0562768,2.8910837500006892e-05
3225,1745764444.204736,2.8909464163007215e-05
3226,1745764468.4897282,2.890809264499694e-05
3227,1745764503.0846198,2.8906721126986668e-05
3228,1745764531.845501,2.8905349608976394e-05
3229,1745764563.9640121,2.890397809096612e-05
3230,1745764585.2918293,2.8902606572955847e-05
3231,1745764608.5083623,2.8901235054945573e-05
3232,1745764631.047574,2.88998635369353e-05
3233,1745764654.5965993,2.8898490199935623e-05
3234,1745764679.1943185,2.889711868192535e-05
3235,1745764706.942782,2.8895747163915075e-05
3236,1745764729.3107088,2.8894375645904802e-05
3237,1745764745.3816123,2.8893004127894528e-05
3238,1745764776.386864,2.8891632609884255e-05
3239,1745764789.1175647,2.889026109187398e-05
3240,1745764804.2749004,2.8888889573863707e-05
3241,1745765045.9394658,2.8887518055853434e-05
3242,1745765076.534728,2.8886144718853757e-05
3243,1745765103.0079067,2.8884773200843483e-05
3244,1745765130.1614058,2.888340168283321e-05
3245,1745765158.966154,2.8882030164822936e-05
3246,1745765188.120313,2.8880658646812662e-05
3247,1745765212.7075958,2.887928712880239e-05
3248,1745765241.9898145,2.8877915610792115e-05
3249,1745765269.1959798,2.8876544092781842e-05
3250,1745765298.6830187,2.8875170755782165e-05
3251,1745765330.4331732,2.887379923777189e-05
3252,1745765354.5042212,2.8872427719761617e-05
3253,1745765381.991282,2.8871056201751344e-05
3254,1745765406.9465208,2.886968468374107e-05
3255,1745765434.4767256,2.8868313165730797e-05
3256,1745765458.727159,2.8866941647720523e-05
3257,1745765481.9919636,2.886557012971025e-05
3258,1745765509.9595542,2.8864196792710572e-05
3259,1745765538.4061995,2.88628252747003e-05
3260,1745765566.707951,2.8861453756690025e-05
3261,1745765590.9341605,2.8860082238679752e-05
3262,1745765618.702291,2.8858710720669478e-05
3263,1745765643.9914145,2.8857339202659205e-05
3264,1745765675.7857645,2.885596768464893e-05
3265,1745765696.4329555,2.8854596166638657e-05
3266,1745765721.5743296,2.885322282963898e-05
3267,1745765749.1272266,2.8851851311628707e-05
3268,1745765775.8381376,2.8850479793618433e-05
3269,1745765806.7166433,2.884910827560816e-05
3270,1745765818.5296369,2.8847736757597886e-05
3271,1745765845.9583306,2.8846365239587612e-05
3272,1745765884.502683,2.884499372157734e-05
3273,1745765910.236575,2.8843622203567065e-05
3274,1745765941.274423,2.8842248866567388e-05
3275,1745765982.0356007,2.8840877348557115e-05
3276,1745765996.6157484,2.883950583054684e-05
3277,1745766022.9816895,2.8838134312536567e-05
3278,1745766059.3043087,2.8836762794526294e-05
3279,1745766093.2128975,2.883539127651602e-05
3280,1745766106.3717248,2.8834019758505747e-05
3281,1745766121.6712594,2.8832648240495473e-05
3282,1745766130.5550752,2.8831274903495796e-05
3283,1745766145.3757164,2.8829903385485522e-05
3284,1745766158.5955882,2.882853186747525e-05
3285,1745766169.6200047,2.8827160349464975e-05
3286,1745766191.1571712,2.8825788831454702e-05
3287,1745766204.2764425,2.8824417313444428e-05
3288,1745766215.3662424,2.8823045795434155e-05
3289,1745766227.651757,2.882167427742388e-05
3290,1745766239.6748743,2.8820300940424204e-05
3291,1745766262.1816845,2.881892942241393e-05
3292,1745766275.963694,2.8817557904403657e-05
3293,1745766287.6707978,2.8816186386393383e-05
3294,1745766301.0040622,2.881481486838311e-05
3295,1745766313.8416717,2.8813443350372836e-05
3296,1745766333.2290895,2.8812071832362562e-05
3297,1745766344.1896226,2.881070031435229e-05
3298,1745766358.147595,2.8809326977352612e-05
3299,1745766370.486049,2.8807955459342338e-05
3300,1745766394.7165942,2.8806583941332065e-05
3301,1745766416.5665278,2.880521242332179e-05
3302,1745766424.6442425,2.8803840905311517e-05
3303,1745766435.3956804,2.8802469387301244e-05
3304,1745766447.306723,2.880109786929097e-05
3305,1745766461.7596943,2.8799726351280697e-05
3306,1745766480.9957201,2.879835301428102e-05
3307,1745766497.350702,2.8796981496270746e-05
3308,1745766509.7907224,2.8795609978260472e-05
3309,1745766524.1165085,2.87942384602502e-05
3310,1745766534.3753679,2.8792866942239925e-05
3311,1745766548.8167017,2.879149542422965e-05
3312,1745766575.8633683,2.8790123906219378e-05
3313,1745766593.3094182,2.8788752388209105e-05
3314,1745766613.7746668,2.878738087019883e-05
3315,1745766625.2608767,2.8786007533199154e-05
3316,1745766639.3587005,2.878463601518888e-05
3317,1745766655.644681,2.8783264497178607e-05
3318,1745766666.0885184,2.8781892979168333e-05
3319,1745766689.684515,2.878052146115806e-05
3320,1745766712.276505,2.8779149943147786e-05
3321,1745766716.5084934,2.8777778425137512e-05
3322,1745766817.2176964,2.877640690712724e-05
3323,1745766829.2762487,2.877503357012756e-05
3324,1745766842.0854347,2.8773662052117288e-05
3325,1745766852.7682128,2.8772290534107015e-05
3326,1745766868.027649,2.877091901609674e-05
3327,1745766879.7827423,2.8769547498086467e-05
3328,1745766893.3707132,2.8768175980076194e-05
3329,1745766900.8618236,2.876680446206592e-05
3330,1745766921.3554895,2.8765432944055647e-05
3331,1745766947.5546787,2.876405960705597e-05
3332,1745766963.2869165,2.8762688089045696e-05
3333,1745766975.4074416,2.8761316571035422e-05
3334,1745766994.4803717,2.875994505302515e-05
3335,1745767015.6952891,2.8758573535014875e-05
3336,1745767044.1582074,2.87572020170046e-05
3337,1745767065.82074,2.8755830498994328e-05
3338,1745767077.1309872,2.8754458980984055e-05
3339,1745767097.2503245,2.8753085643984377e-05
3340,1745767114.3422263,2.8751714125974104e-05
3341,1745767131.3150728,2.875034260796383e-05
3342,1745767145.7412071,2.8748971089953557e-05
3343,1745767160.813681,2.8747599571943283e-05
3344,1745767180.486006,2.874622805393301e-05
3345,1745767188.787904,2.8744856535922736e-05
3346,1745767201.5704877,2.8743485017912462e-05
3347,1745767217.5585551,2.8742111680912785e-05
3348,1745767227.0539417,2.874074016290251e-05
3349,1745767243.6259696,2.8739368644892238e-05
3350,1745767261.1196887,2.8737997126881965e-05
3351,1745767271.324586,2.873662560887169e-05
3352,1745767284.9562376,2.8735254090861417e-05
3353,1745767305.8689055,2.8733882572851144e-05
3354,1745767326.7250183,2.873251105484087e-05
3355,1745767334.7411747,2.8731137717841193e-05
3356,1745767356.1717634,2.872976619983092e-05
3357,1745767375.2138972,2.8728394681820646e-05
3358,1745767390.8761103,2.8727023163810372e-05
3359,1745767404.9838107,2.87256516458001e-05
3360,1745767425.8808873,2.8724280127789825e-05
3361,1745767454.3227136,2.872290860977955e-05
3362,1745767465.1878011,2.8721537091769278e-05
3363,1745767479.5534966,2.87201637547696e-05
3364,1745767492.4494922,2.8718792236759327e-05
3365,1745767511.447157,2.8717420718749054e-05
3366,1745767520.1875093,2.871604920073878e-05
3367,1745767538.3565798,2.8714677682728507e-05
3368,1745767546.476248,2.8713306164718233e-05
3369,1745767563.3967986,2.871193464670796e-05
3370,1745767578.9471729,2.8710563128697686e-05
3371,1745767586.2012794,2.870918979169801e-05
3372,1745767611.5496674,2.8707818273687735e-05
3373,1745767624.8044608,2.870644675567746e-05
3374,1745767633.6124456,2.8705075237667188e-05
3375,1745767642.167643,2.8703703719656914e-05
3376,1745767657.648917,2.870233220164664e-05
3377,1745767681.7283711,2.8700960683636367e-05
3378,1745767706.3938754,2.8699589165626094e-05
3379,1745767721.2910862,2.8698215828626417e-05
3380,1745767737.775171,2.8696844310616143e-05
3381,1745767753.267438,2.869547279260587e-05
3382,1745767771.381331,2.8694101274595596e-05
3383,1745767785.382459,2.8692729756585322e-05
3384,1745767797.5910897,2.869135823857505e-05
3385,1745767818.9547718,2.8689986720564775e-05
3386,1745767840.7859766,2.86886152025545e-05
3387,1745767851.792534,2.8687243684544228e-05
3388,1745767869.2756956,2.868587034754455e-05
3389,1745767878.4380605,2.8684498829534277e-05
3390,1745767890.1477823,2.8683127311524004e-05
3391,1745767898.0611317,2.868175579351373e-05
3392,1745767919.2609484,2.8680384275503457e-05
3393,1745767945.379847,2.8679012757493183e-05
3394,1745767963.1181936,2.867764123948291e-05
3395,1745767975.415301,2.8676269721472636e-05
3396,1745767991.3972964,2.867489638447296e-05
3397,1745768001.6864717,2.8673524866462685e-05
3398,1745768019.7294104,2.867215334845241e-05
3399,1745768030.8466957,2.8670781830442138e-05
3400,1745768049.7622023,2.8669410312431864e-05
3401,1745768056.8931193,2.866803879442159e-05
3402,1745768062.6935165,2.8666667276411317e-05
3403,1745768168.3789895,2.8665295758401044e-05
3404,1745768177.7883139,2.8663922421401367e-05
3405,1745768199.9829242,2.8662550903391093e-05
3406,1745768213.755089,2.866117938538082e-05
3407,1745768229.8597257,2.8659807867370546e-05
3408,1745768245.5953577,2.8658436349360272e-05
3409,1745768264.1617658,2.865706483135e-05
3410,1745768271.904116,2.8655693313339725e-05
3411,1745768286.252339,2.865432179532945e-05
3412,1745768298.5278943,2.8652948458329774e-05
3413,1745768317.5851884,2.86515769403195e-05
3414,1745768333.828159,2.8650205422309227e-05
3415,1745768341.6227098,2.8648833904298954e-05
3416,1745768361.0075517,2.864746238628868e-05
3417,1745768377.2515955,2.8646090868278407e-05
3418,1745768400.0513434,2.8644719350268133e-05
3419,1745768413.7093928,2.864334783225786e-05
3420,1745768426.2268143,2.8641974495258182e-05
3421,1745768444.8306692,2.864060297724791e-05
3422,1745768464.548387,2.8639231459237635e-05
3423,1745768472.76565,2.863785994122736e-05
3424,1745768489.398661,2.8636488423217088e-05
3425,1745768502.108376,2.8635116905206814e-05
3426,1745768523.7562249,2.863374538719654e-05
3427,1745768543.8040845,2.8632373869186267e-05
3428,1745768562.3413339,2.863100053218659e-05
3429,1745768573.9819152,2.8629629014176317e-05
3430,1745768598.5272353,2.8628257496166043e-05
3431,1745768619.7970247,2.862688597815577e-05
3432,1745768638.5587504,2.8625514460145496e-05
3433,1745768651.38057,2.8624142942135222e-05
3434,1745768660.1821914,2.862277142412495e-05
3435,1745768671.5398262,2.8621399906114675e-05
3436,1745768683.9060688,2.8620026569114998e-05
3437,1745768693.2822714,2.8618655051104724e-05
3438,1745768715.8963537,2.861728353309445e-05
3439,1745768732.4024475,2.8615912015084177e-05
3440,1745768749.0324416,2.8614540497073904e-05
3441,1745768760.3332248,2.861316897906363e-05
3442,1745768773.2628338,2.8611797461053357e-05
3443,1745768786.3572974,2.8610425943043083e-05
3444,1745768806.651125,2.8609052606043406e-05
3445,1745768819.0107179,2.8607681088033132e-05
3446,1745768838.7307374,2.860630957002286e-05
3447,1745768851.9416506,2.8604938052012585e-05
3448,1745768871.7355382,2.860356653400231e-05
3449,1745768889.7680268,2.8602195015992038e-05
3450,1745768899.409667,2.8600823497981764e-05
3451,1745768920.162519,2.859945197997149e-05
3452,1745768932.0219157,2.8598080461961217e-05
3453,1745768953.4527068,2.859670712496154e-05
3454,1745768979.263925,2.8595335606951267e-05
3455,1745768991.4051354,2.8593964088940993e-05
3456,1745769006.3493018,2.859259257093072e-05
3457,1745769018.177196,2.8591221052920446e-05
3458,1745769028.8020828,2.8589849534910172e-05
3459,1745769044.1484203,2.85884780168999e-05
3460,1745769054.391873,2.8587106498889625e-05
3461,1745769072.8581936,2.8585733161889948e-05
3462,1745769091.3531744,2.8584361643879674e-05
3463,1745769097.0673237,2.85829901258694e-05
3464,1745769111.0513456,2.8581618607859127e-05
3465,1745769123.6827524,2.8580247089848854e-05
3466,1745769142.1895187,2.857887557183858e-05
3467,1745769155.2868292,2.8577504053828306e-05
3468,1745769172.2249148,2.8576132535818033e-05
3469,1745769192.5033667,2.8574759198818356e-05
3470,1745769206.6694002,2.8573387680808082e-05
3471,1745769216.799789,2.857201616279781e-05
3472,1745769227.8780084,2.8570644644787535e-05
3473,1745769241.3068662,2.856927312677726e-05
3474,1745769250.8976574,2.8567901608766988e-05
3475,1745769280.372426,2.8566530090756714e-05
3476,1745769291.2358053,2.856515857274644e-05
3477,1745769306.6240406,2.8563785235746764e-05
3478,1745769323.3818624,2.856241371773649e-05
3479,1745769343.5850737,2.8561042199726216e-05
3480,1745769361.2139704,2.8559670681715943e-05
3481,1745769371.9595833,2.855829916370567e-05
3482,1745769399.1982393,2.8556927645695396e-05
3483,1745769403.4719207,2.8555556127685122e-05
3484,1745769501.691451,2.855418460967485e-05
3485,1745769521.590232,2.855281127267517e-05
3486,1745769545.1551044,2.8551439754664898e-05
3487,1745769569.6034832,2.8550068236654624e-05
3488,1745769585.2612846,2.854869671864435e-05
3489,1745769601.1217263,2.8547325200634077e-05
3490,1745769618.4933176,2.8545953682623804e-05
3491,1745769625.0862896,2.854458216461353e-05
3492,1745769643.2719371,2.8543210646603256e-05
3493,1745769657.702234,2.854183730960358e-05
3494,1745769675.609414,2.8540465791593306e-05
3495,1745769692.8376002,2.8539094273583032e-05
3496,1745769710.6609812,2.853772275557276e-05
3497,1745769722.9660766,2.8536351237562485e-05
3498,1745769745.9622853,2.853497971955221e-05
3499,1745769755.0791783,2.8533608201541938e-05
3500,1745769781.1286354,2.8532236683531664e-05
3501,1745769793.2999775,2.8530863346531987e-05
3502,1745769812.0038128,2.8529491828521714e-05
3503,1745769832.408813,2.852812031051144e-05
3504,1745769839.8078694,2.8526748792501166e-05
3505,1745769858.0347145,2.8525377274490893e-05
3506,1745769866.202171,2.852400575648062e-05
3507,1745769884.2948992,2.8522634238470346e-05
3508,1745769908.0770142,2.8521262720460072e-05
3509,1745769919.5043287,2.8519889383460395e-05
3510,1745769940.011007,2.851851786545012e-05
3511,1745769956.594555,2.8517146347439848e-05
3512,1745769970.2295096,2.8515774829429574e-05
3513,1745769984.0534184,2.85144033114193e-05
3514,1745770005.7228937,2.8513031793409027e-05
3515,1745770020.304227,2.8511660275398754e-05
3516,1745770041.1095016,2.851028875738848e-05
3517,1745770058.160976,2.8508915420388803e-05
3518,1745770067.7004435,2.850754390237853e-05
3519,1745770087.3293386,2.8506172384368256e-05
3520,1745770114.6711583,2.8504800866357982e-05
3521,1745770139.7130184,2.850342934834771e-05
3522,1745770147.721518,2.8502057830337435e-05
3523,1745770162.0769513,2.850068631232716e-05
3524,1745770175.2813718,2.8499314794316888e-05
3525,1745770197.7404559,2.8497943276306614e-05
3526,1745770218.6969984,2.8496569939306937e-05
3527,1745770231.4361413,2.8495198421296664e-05
3528,1745770245.857977,2.849382690328639e-05
3529,1745770264.9072402,2.8492455385276116e-05
3530,1745770291.316836,2.8491083867265843e-05
3531,1745770297.658525,2.848971234925557e-05
3532,1745770321.5445702,2.8488340831245296e-05
3533,1745770333.4854589,2.8486969313235022e-05
3534,1745770349.3378513,2.8485595976235345e-05
3535,1745770365.329371,2.848422445822507e-05
3536,1745770373.204163,2.8482852940214798e-05
3537,1745770388.9977033,2.8481481422204524e-05
3538,1745770405.964618,2.848010990419425e-05
3539,1745770416.5150828,2.8478738386183977e-05
3540,1745770433.792943,2.8477366868173704e-05
3541,1745770446.9241893,2.847599535016343e-05
3542,1745770459.5318918,2.8474622013163753e-05
3543,1745770474.9959998,2.847325049515348e-05
3544,1745770485.008193,2.8471878977143206e-05
3545,1745770499.9442222,2.8470507459132932e-05
3546,1745770512.1371593,2.846913594112266e-05
3547,1745770532.1009421,2.8467764423112385e-05
3548,1745770547.7867174,2.846639290510211e-05
3549,1745770565.89226,2.8465021387091838e-05
3550,1745770583.716576,2.846364805009216e-05
3551,1745770590.9626389,2.8462276532081887e-05
3552,1745770603.2040591,2.8460905014071614e-05
3553,1745770622.5187132,2.845953349606134e-05
3554,1745770637.6054258,2.8458161978051066e-05
3555,1745770651.8200464,2.8456790460040793e-05
3556,1745770671.7019067,2.845541894203052e-05
3557,1745770684.1889966,2.8454047424020246e-05
3558,1745770697.5506587,2.845267408702057e-05
3559,1745770711.7283866,2.8451302569010295e-05
3560,1745770726.6537054,2.844993105100002e-05
3561,1745770745.0756965,2.8448559532989748e-05
3562,1745770759.0692914,2.8447188014979474e-05
3563,1745770773.2313068,2.84458164969692e-05
3564,1745770779.2100835,2.8444444978958927e-05
3565,1745770889.0352926,2.8443073460948654e-05
3566,1745770904.7542264,2.8441700123948976e-05
3567,1745770920.2266955,2.8440328605938703e-05
3568,1745770931.2580192,2.843895708792843e-05
3569,1745770939.7706819,2.8437585569918156e-05
3570,1745770956.165511,2.8436214051907882e-05
3571,1745770977.8238037,2.843484253389761e-05
3572,1745770992.359766,2.8433471015887335e-05
3573,1745771008.1551697,2.843209949787706e-05
3574,1745771028.5829973,2.8430726160877384e-05
3575,1745771041.8410096,2.842935464286711e-05
3576,1745771054.5235622,2.8427983124856837e-05
3577,1745771073.8701844,2.8426611606846564e-05
3578,1745771092.425416,2.842524008883629e-05
3579,1745771101.2267706,2.8423868570826016e-05
3580,1745771123.2072015,2.8422497052815743e-05
3581,1745771142.4119194,2.842112553480547e-05
3582,1745771159.7696748,2.8419752197805792e-05
3583,1745771172.266757,2.841838067979552e-05
3584,1745771179.8272011,2.8417009161785245e-05
3585,1745771197.5782084,2.841563764377497e-05
3586,1745771217.7532783,2.8414266125764698e-05
3587,1745771226.0431955,2.8412894607754424e-05
3588,1745771238.90128,2.841152308974415e-05
3589,1745771250.8946524,2.8410151571733877e-05
3590,1745771270.875051,2.8408780053723603e-05
3591,1745771277.3362808,2.8407406716723926e-05
3592,1745771291.8562167,2.8406035198713653e-05
3593,1745771300.6627376,2.840466368070338e-05
3594,1745771321.9660714,2.8403292162693106e-05
3595,1745771337.921545,2.8401920644682832e-05
3596,1745771354.407765,2.840054912667256e-05
3597,1745771365.9706197,2.8399177608662285e-05
3598,1745771388.6103835,2.839780609065201e-05
3599,1745771398.136138,2.8396432753652334e-05
3600,1745771417.9164078,2.839506123564206e-05
3601,1745771440.7827065,2.8393689717631787e-05
3602,1745771463.8150811,2.8392318199621513e-05
3603,1745771478.3122237,2.839094668161124e-05
3604,1745771495.0977893,2.8389575163600966e-05
3605,1745771518.2114153,2.8388203645590693e-05
3606,1745771525.844167,2.838683212758042e-05
3607,1745771556.8297477,2.8385458790580742e-05
3608,1745771564.8563051,2.838408727257047e-05
3609,1745771582.2424135,2.8382715754560195e-05
3610,1745771598.9073708,2.838134423654992e-05
3611,1745771625.1707034,2.8379972718539648e-05
3612,1745771636.0758414,2.8378601200529374e-05
3613,1745771649.395849,2.83772296825191e-05
3614,1745771669.4656513,2.8375858164508827e-05
3615,1745771682.3238235,2.837448482750915e-05
3616,1745771692.2039232,2.8373113309498876e-05
3617,1745771711.6540587,2.8371741791488603e-05
3618,1745771722.4032445,2.837037027347833e-05
3619,1745771733.4413319,2.8368998755468056e-05
3620,1745771746.2542384,2.8367627237457782e-05
3621,1745771760.3477285,2.836625571944751e-05
3622,1745771779.7667031,2.8364884201437235e-05
3623,1745771792.875767,2.8363510864437558e-05
3624,1745771807.2624815,2.8362139346427284e-05
3625,1745771826.320402,2.836076782841701e-05
3626,1745771843.3052504,2.8359396310406737e-05
3627,1745771854.1727607,2.8358024792396463e-05
3628,1745771865.657428,2.835665327438619e-05
3629,1745771888.1278605,2.8355281756375916e-05
3630,1745771907.4506075,2.8353910238365643e-05
3631,1745771918.8819768,2.8352536901365966e-05
3632,1745771942.518348,2.8351165383355692e-05
3633,1745771965.5449116,2.834979386534542e-05
3634,1745771978.1365986,2.8348422347335145e-05
3635,1745772000.949903,2.834705082932487e-05
3636,1745772015.4387047,2.8345679311314598e-05
3637,1745772033.733914,2.8344307793304324e-05
3638,1745772044.4238656,2.834293627529405e-05
3639,1745772057.6985567,2.8341562938294373e-05
3640,1745772070.786894,2.83401914202841e-05
3641,1745772084.118008,2.8338819902273826e-05
3642,1745772100.6260393,2.8337448384263553e-05
3643,1745772111.3281107,2.833607686625328e-05
3644,1745772128.984866,2.8334705348243006e-05
3645,1745772134.1183722,2.8333333830232732e-05
3646,1745772251.234174,2.833196231222246e-05
3647,1745772273.723731,2.833058897522278e-05
3648,1745772283.9019248,2.8329217457212508e-05
3649,1745772299.8522336,2.8327845939202234e-05
3650,1745772312.2511244,2.832647442119196e-05
3651,1745772330.125182,2.8325102903181687e-05
3652,1745772347.3073752,2.8323731385171413e-05
3653,1745772355.758222,2.832235986716114e-05
3654,1745772372.0951207,2.8320988349150866e-05
3655,1745772388.7935305,2.831961501215119e-05
3656,1745772400.0218883,2.8318243494140916e-05
3657,1745772412.561181,2.8316871976130642e-05
3658,1745772427.0525706,2.831550045812037e-05
3659,1745772457.354745,2.8314128940110095e-05
3660,1745772468.4216638,2.831275742209982e-05
3661,1745772486.0371625,2.8311385904089548e-05
3662,1745772498.2786753,2.8310014386079274e-05
3663,1745772514.6015985,2.8308642868069e-05
3664,1745772527.6063144,2.8307269531069323e-05
3665,1745772549.3350983,2.830589801305905e-05
3666,1745772563.3752768,2.8304526495048776e-05
3667,1745772576.3713088,2.8303154977038503e-05
3668,1745772594.195189,2.830178345902823e-05
3669,1745772614.17701,2.8300411941017956e-05
3670,1745772622.0337112,2.8299040423007682e-05
3671,1745772649.7713842,2.829766890499741e-05
3672,1745772666.4019186,2.829629556799773e-05
3673,1745772673.7247348,2.8294924049987458e-05
3674,1745772694.2736838,2.8293552531977184e-05
3675,1745772713.6330886,2.829218101396691e-05
3676,1745772725.7581213,2.8290809495956637e-05
3677,1745772743.8166144,2.8289437977946363e-05
3678,1745772752.6851456,2.828806645993609e-05
3679,1745772769.691613,2.8286694941925816e-05
3680,1745772786.1765304,2.828532160492614e-05
3681,1745772793.938519,2.8283950086915866e-05
3682,1745772813.0726,2.8282578568905592e-05
3683,1745772833.7913454,2.828120705089532e-05
3684,1745772841.147302,2.8279835532885045e-05
3685,1745772866.451071,2.827846401487477e-05
3686,1745772887.7352,2.8277092496864498e-05
3687,1745772895.2478597,2.8275720978854224e-05
3688,1745772910.5935707,2.8274347641854547e-05
3689,1745772926.0832074,2.8272976123844273e-05
3690,1745772936.0061595,2.8271604605834e-05
3691,1745772954.310251,2.8270233087823726e-05
3692,1745772971.9397373,2.8268861569813453e-05
3693,1745772988.221253,2.826749005180318e-05
3694,1745773009.1921403,2.8266118533792906e-05
3695,1745773030.3127742,2.8264747015782632e-05
3696,1745773046.772323,2.8263373678782955e-05
3697,1745773059.606466,2.826200216077268e-05
3698,1745773070.2666328,2.8260630642762408e-05
3699,1745773089.5956953,2.8259259124752134e-05
3700,1745773101.7396674,2.825788760674186e-05
3701,1745773115.7465203,2.8256516088731587e-05
3702,1745773127.8969524,2.8255144570721313e-05
3703,1745773144.9614966,2.825377305271104e-05
3704,1745773163.6991096,2.8252399715711363e-05
3705,1745773178.3219213,2.825102819770109e-05
3706,1745773199.4594786,2.8249656679690816e-05
3707,1745773217.6808016,2.8248285161680542e-05
3708,1745773226.717832,2.824691364367027e-05
3709,1745773246.3237393,2.8245542125659995e-05
3710,1745773256.2732677,2.824417060764972e-05
3711,1745773272.872201,2.8242799089639448e-05
3712,1745773287.2270362,2.824142575263977e-05
3713,1745773297.5839386,2.8240054234629497e-05
3714,1745773310.3128185,2.8238682716619223e-05
3715,1745773326.3670704,2.823731119860895e-05
3716,1745773334.914245,2.8235939680598676e-05
3717,1745773350.1946473,2.8234568162588403e-05
3718,1745773358.43787,2.823319664457813e-05
3719,1745773378.9885876,2.8231825126567855e-05
3720,1745773388.9371026,2.823045178956818e-05
3721,1745773411.5509205,2.8229080271557905e-05
3722,1745773428.1495864,2.822770875354763e-05
3723,1745773439.2275844,2.8226337235537358e-05
3724,1745773450.8849473,2.8224965717527084e-05
3725,1745773471.7818613,2.822359419951681e-05
3726,1745773483.2737434,2.8222222681506537e-05
3727,1745773581.720524,2.8220851163496263e-05
3728,1745773601.4942565,2.821947964548599e-05
3729,1745773622.5702112,2.8218106308486313e-05
3730,1745773632.123984,2.821673479047604e-05
3731,1745773649.2132196,2.8215363272465765e-05
3732,1745773667.6740556,2.8213991754455492e-05
3733,1745773681.774913,2.821262023644522e-05
3734,1745773689.877941,2.8211248718434945e-05
3735,1745773706.7467203,2.820987720042467e-05
3736,1745773725.5818295,2.8208505682414398e-05
3737,1745773745.6773827,2.820713234541472e-05
3738,1745773757.0322719,2.8205760827404447e-05
3739,1745773772.2776942,2.8204389309394173e-05
3740,1745773782.347134,2.82030177913839e-05
3741,1745773800.0683892,2.8201646273373626e-05
3742,1745773809.0371356,2.8200274755363353e-05
3743,1745773831.3478806,2.819890323735308e-05
3744,1745773851.6355555,2.8197531719342805e-05
3745,1745773862.3221285,2.819615838234313e-05
3746,1745773883.2010703,2.8194786864332855e-05
3747,1745773898.8851705,2.819341534632258e-05
3748,1745773912.7183444,2.8192043828312308e-05
3749,1745773921.80363,2.8190672310302034e-05
3750,1745773933.5456095,2.818930079229176e-05
3751,1745773941.0501997,2.8187929274281487e-05
3752,1745773962.4239676,2.8186557756271213e-05
3753,1745773973.425093,2.8185184419271536e-05
3754,1745773986.4900203,2.8183812901261263e-05
3755,1745774000.6226866,2.818244138325099e-05
3756,1745774010.8149278,2.8181069865240715e-05
3757,1745774032.1978378,2.8179698347230442e-05
3758,1745774043.2050686,2.8178326829220168e-05
3759,1745774058.810587,2.8176955311209895e-05
3760,1745774074.486258,2.817558379319962e-05
3761,1745774090.5517082,2.8174210456199944e-05
3762,1745774105.6747668,2.817283893818967e-05
3763,1745774117.0169904,2.8171467420179397e-05
3764,1745774131.2450507,2.8170095902169123e-05
3765,1745774143.9708304,2.816872438415885e-05
3766,1745774165.126324,2.8167352866148576e-05
3767,1745774179.4830031,2.8165981348138303e-05
3768,1745774193.3189926,2.816460983012803e-05
3769,1745774211.8279836,2.8163236493128352e-05
3770,1745774220.439365,2.8161864975118078e-05
3771,1745774241.6363845,2.8160493457107805e-05
3772,1745774257.2143493,2.815912193909753e-05
3773,1745774275.9332273,2.8157750421087258e-05
3774,1745774282.9170752,2.8156378903076984e-05
3775,1745774300.0400844,2.815500738506671e-05
3776,1745774308.6694896,2.8153635867056437e-05
3777,1745774327.3829935,2.815226253005676e-05
3778,1745774336.347582,2.8150891012046486e-05
3779,1745774364.514725,2.8149519494036213e-05
3780,1745774375.8586257,2.814814797602594e-05
3781,1745774385.1695948,2.8146776458015665e-05
3782,1745774408.0891953,2.8145404940005392e-05
3783,1745774420.5688381,2.8144033421995118e-05
3784,1745774434.4080796,2.8142661903984845e-05
3785,1745774460.2062116,2.8141288566985168e-05
3786,1745774469.994794,2.8139917048974894e-05
3787,1745774491.7348974,2.813854553096462e-05
3788,1745774510.069647,2.8137174012954347e-05
3789,1745774522.2919066,2.8135802494944073e-05
3790,1745774536.895351,2.81344309769338e-05
3791,1745774547.717096,2.8133059458923526e-05
3792,1745774560.9565766,2.8131687940913253e-05
3793,1745774581.7501278,2.8130314603913575e-05
3794,1745774601.0145376,2.8128943085903302e-05
3795,1745774607.1625347,2.8127571567893028e-05
3796,1745774638.6157026,2.8126200049882755e-05
3797,1745774653.483453,2.812482853187248e-05
3798,1745774669.3956628,2.8123457013862208e-05
3799,1745774683.7430966,2.8122085495851934e-05
3800,1745774696.689061,2.812071397784166e-05
3801,1745774712.7047594,2.8119342459831387e-05
3802,1745774734.1427004,2.811796912283171e-05
3803,1745774744.7776213,2.8116597604821436e-05
3804,1745774756.047539,2.8115226086811163e-05
3805,1745774771.8344553,2.811385456880089e-05
3806,1745774779.3108082,2.8112483050790615e-05
3807,1745774789.501452,2.8111111532780342e-05
3808,1745774880.4667506,2.8109740014770068e-05
3809,1745774892.3477955,2.8108368496759795e-05
3810,1745774914.5154228,2.8106995159760118e-05
3811,1745774923.5509133,2.8105623641749844e-05
3812,1745774939.2042553,2.810425212373957e-05
3813,1745774953.220927,2.8102880605729297e-05
3814,1745774966.7904053,2.8101509087719023e-05
3815,1745774986.734859,2.810013756970875e-05
3816,1745775000.8171878,2.8098766051698476e-05
3817,1745775008.6466281,2.8097394533688203e-05
3818,1745775023.4109287,2.8096021196688525e-05
3819,1745775035.2611952,2.8094649678678252e-05
3820,1745775052.9802248,2.8093278160667978e-05
3821,1745775069.6097271,2.8091906642657705e-05
3822,1745775081.9960485,2.809053512464743e-05
3823,1745775095.9969876,2.8089163606637157e-05
3824,1745775106.06993,2.8087792088626884e-05
3825,1745775130.602903,2.808642057061661e-05
3826,1745775142.322168,2.8085047233616933e-05
3827,1745775158.9343746,2.808367571560666e-05
3828,1745775170.5987735,2.8082304197596386e-05
3829,1745775191.4157999,2.8080932679586112e-05
3830,1745775204.2642965,2.807956116157584e-05
3831,1745775218.4151886,2.8078189643565565e-05
3832,1745775230.5566916,2.8076818125555292e-05
3833,1745775243.527815,2.8075446607545018e-05
3834,1745775254.2162535,2.807407327054534e-05
3835,1745775264.2801774,2.8072701752535067e-05
3836,1745775280.1534111,2.8071330234524794e-05
3837,1745775294.479152,2.806995871651452e-05
3838,1745775315.8667347,2.8068587198504247e-05
3839,1745775323.1016357,2.8067215680493973e-05
3840,1745775341.8297932,2.80658441624837e-05
3841,1745775353.3895743,2.8064472644473426e-05
3842,1745775375.170253,2.806309930747375e-05
3843,1745775383.2325766,2.8061727789463475e-05
3844,1745775405.5171824,2.8060356271453202e-05
3845,1745775417.3609025,2.8058984753442928e-05
3846,1745775426.8749485,2.8057613235432655e-05
3847,1745775455.487308,2.805624171742238e-05
3848,1745775467.9732537,2.8054870199412107e-05
3849,1745775490.1147323,2.8053498681401834e-05
3850,1745775515.331118,2.8052125344402157e-05
3851,1745775539.6939423,2.8050753826391883e-05
3852,1745775564.0844774,2.804938230838161e-05
3853,1745775584.3672009,2.8048010790371336e-05
3854,1745775595.2923887,2.8046639272361062e-05
3855,1745775606.44688,2.804526775435079e-05
3856,1745775627.387418,2.8043896236340515e-05
3857,1745775642.862806,2.8042524718330242e-05
3858,1745775658.8370442,2.8041151381330565e-05
3859,1745775668.10244,2.803977986332029e-05
3860,1745775680.4404442,2.8038408345310017e-05
3861,1745775703.437445,2.8037036827299744e-05
3862,1745775713.8442364,2.803566530928947e-05
3863,1745775738.2493546,2.8034293791279197e-05
3864,1745775752.4517837,2.8032922273268923e-05
3865,1745775762.9807982,2.803155075525865e-05
3866,1745775784.8432994,2.8030177418258972e-05
3867,1745775798.901399,2.80288059002487e-05
3868,1745775811.6656353,2.8027434382238425e-05
3869,1745775831.6520722,2.8026062864228152e-05
3870,1745775842.735918,2.8024691346217878e-05
3871,1745775851.5587285,2.8023319828207605e-05
3872,1745775872.2024276,2.802194831019733e-05
3873,1745775883.091171,2.8020576792187057e-05
3874,1745775901.491389,2.8019205274176784e-05
3875,1745775919.2577326,2.8017831937177107e-05
3876,1745775938.8541086,2.8016460419166833e-05
3877,1745775964.8220463,2.801508890115656e-05
3878,1745775993.0766652,2.8013717383146286e-05
3879,1745776015.8878126,2.8012345865136012e-05
3880,1745776044.673876,2.801097434712574e-05
3881,1745776070.3692482,2.8009602829115465e-05
3882,1745776094.00611,2.8008231311105192e-05
3883,1745776125.196836,2.8006857974105515e-05
3884,1745776155.4737298,2.800548645609524e-05
3885,1745776172.646207,2.8004114938084967e-05
3886,1745776196.5243022,2.8002743420074694e-05
3887,1745776227.9622357,2.800137190206442e-05
3888,1745776235.7175941,2.8000000384054147e-05
3889,1745776459.8692648,2.7998628866043873e-05
3890,1745776490.0684347,2.79972573480336e-05
3891,1745776514.6677444,2.7995884011033922e-05
3892,1745776537.527352,2.799451249302365e-05
3893,1745776561.7775683,2.7993140975013375e-05
3894,1745776586.0553493,2.7991769457003102e-05
3895,1745776611.926249,2.7990397938992828e-05
3896,1745776639.2536597,2.7989026420982555e-05
3897,1745776664.323883,2.798765490297228e-05
3898,1745776692.712579,2.7986283384962007e-05
3899,1745776718.9060566,2.798491004796233e-05
3900,1745776748.3408709,2.7983538529952057e-05
3901,1745776786.7892563,2.7982167011941783e-05
3902,1745776821.9814,2.798079549393151e-05
3903,1745776850.189337,2.7979423975921236e-05
3904,1745776885.3786533,2.7978052457910962e-05
3905,1745776916.6723642,2.797668093990069e-05
3906,1745776948.0344255,2.7975309421890415e-05
3907,1745776974.4167516,2.7973936084890738e-05
3908,1745776994.8881884,2.7972564566880465e-05
3909,1745777019.4467695,2.797119304887019e-05
3910,1745777045.4604034,2.7969821530859917e-05
3911,1745777056.4428837,2.7968450012849644e-05
3912,1745777083.614587,2.796707849483937e-05
3913,1745777103.1486106,2.7965706976829097e-05
3914,1745777118.2447853,2.7964335458818823e-05
3915,1745777144.1278417,2.7962962121819146e-05
3916,1745777161.0661328,2.7961590603808872e-05
3917,1745777180.0767016,2.79602190857986e-05
3918,1745777199.393154,2.7958847567788325e-05
3919,1745777218.6833673,2.795747604977805e-05
3920,1745777233.5073864,2.7956104531767778e-05
3921,1745777263.5983698,2.7954733013757505e-05
3922,1745777274.346365,2.795336149574723e-05
3923,1745777297.7958965,2.7951988158747554e-05
3924,1745777320.080662,2.795061664073728e-05
3925,1745777339.6358578,2.7949245122727007e-05
3926,1745777360.835894,2.7947873604716733e-05
3927,1745777382.783734,2.794650208670646e-05
3928,1745777399.836796,2.7945130568696186e-05
3929,1745777423.22742,2.7943759050685912e-05
3930,1745777443.4631317,2.794238753267564e-05
3931,1745777461.3105955,2.794101419567596e-05
3932,1745777485.3364427,2.7939642677665688e-05
3933,1745777504.2348087,2.7938271159655415e-05
3934,1745777523.4067643,2.793689964164514e-05
3935,1745777544.5834901,2.7935528123634867e-05
3936,1745777559.361835,2.7934156605624594e-05
3937,1745777579.7794206,2.793278508761432e-05
3938,1745777601.0060983,2.7931413569604047e-05
3939,1745777617.7314477,2.7930042051593773e-05
3940,1745777640.4672499,2.7928668714594096e-05
3941,1745777671.1850102,2.7927297196583822e-05
3942,1745777688.0044467,2.792592567857355e-05
3943,1745777706.4653404,2.7924554160563275e-05
3944,1745777729.2460423,2.7923182642553e-05
3945,1745777749.3959374,2.7921811124542728e-05
3946,1745777770.6966414,2.7920439606532454e-05
3947,1745777787.04121,2.791906808852218e-05
3948,1745777810.3110144,2.7917694751522504e-05
3949,1745777839.3511403,2.791632323351223e-05
3950,1745777855.3583448,2.7914951715501957e-05
3951,1745777871.6528943,2.7913580197491683e-05
3952,1745777892.6711965,2.791220867948141e-05
3953,1745777914.947502,2.7910837161471136e-05
3954,1745777936.2440298,2.7909465643460862e-05
3955,1745777965.48919,2.790809412545059e-05
3956,1745777989.0210688,2.790672078845091e-05
3957,1745778010.2140398,2.7905349270440638e-05
3958,1745778036.9532735,2.7903977752430364e-05
3959,1745778060.142559,2.790260623442009e-05
3960,1745778077.6588085,2.7901234716409817e-05
3961,1745778096.6586125,2.7899863198399544e-05
3962,1745778110.8053572,2.789849168038927e-05
3963,1745778136.138051,2.7897120162378997e-05
3964,1745778155.674817,2.789574682537932e-05
3965,1745778177.0207539,2.7894375307369046e-05
3966,1745778204.3106768,2.7893003789358772e-05
3967,1745778233.78104,2.78916322713485e-05
3968,1745778254.695849,2.7890260753338225e-05
3969,1745778265.1741016,2.788888923532795e-05
3970,1745778436.9515197,2.7887517717317678e-05
3971,1745778459.7696726,2.7886146199307404e-05
3972,1745778478.9340296,2.7884772862307727e-05
3973,1745778491.0301156,2.7883401344297454e-05
3974,1745778533.2873616,2.788202982628718e-05
3975,1745778541.9451423,2.7880658308276907e-05
3976,1745778564.3020658,2.7879286790266633e-05
3977,1745778586.6800525,2.787791527225636e-05
3978,1745778613.2808955,2.7876543754246086e-05
3979,1745778627.9338903,2.7875172236235812e-05
3980,1745778645.947715,2.7873798899236135e-05
3981,1745778669.4523535,2.787242738122586e-05
3982,1745778692.777813,2.7871055863215588e-05
3983,1745778711.730413,2.7869684345205314e-05
3984,1745778732.9379737,2.786831282719504e-05
3985,1745778755.872505,2.7866941309184767e-05
3986,1745778775.325987,2.7865569791174494e-05
3987,1745778794.7471414,2.786419827316422e-05
3988,1745778811.0441065,2.7862824936164543e-05
3989,1745778829.745214,2.786145341815427e-05
3990,1745778852.6482463,2.7860081900143996e-05
3991,1745778873.984452,2.7858710382133722e-05
3992,1745778893.8452334,2.785733886412345e-05
3993,1745778908.2782943,2.7855967346113175e-05
3994,1745778934.8092668,2.78545958281029e-05
3995,1745778958.383146,2.7853224310092628e-05
3996,1745778979.6586506,2.785185097309295e-05
3997,1745778997.5906591,2.7850479455082677e-05
3998,1745779017.1463578,2.7849107937072404e-05
3999,1745779041.4648716,2.784773641906213e-05
4000,1745779071.265008,2.7846364901051857e-05
4001,1745779089.3165498,2.7844993383041583e-05
4002,1745779114.120512,2.784362186503131e-05
4003,1745779135.4841354,2.7842250347021036e-05
4004,1745779163.170783,2.784087701002136e-05
4005,1745779181.9807825,2.7839505492011085e-05
4006,1745779200.8645442,2.783813397400081e-05
4007,1745779218.364562,2.7836762455990538e-05
4008,1745779239.2701654,2.7835390937980264e-05
4009,1745779260.697276,2.783401941996999e-05
4010,1745779285.3527036,2.7832647901959717e-05
4011,1745779309.4862332,2.7831276383949444e-05
4012,1745779331.1546714,2.782990486593917e-05
4013,1745779346.699226,2.7828531528939493e-05
4014,1745779367.4856865,2.782716001092922e-05
4015,1745779390.5187662,2.7825788492918946e-05
4016,1745779414.1562068,2.7824416974908672e-05
4017,1745779436.2152636,2.78230454568984e-05
4018,1745779457.3087602,2.7821673938888125e-05
4019,1745779480.2541192,2.782030242087785e-05
4020,1745779499.2133718,2.7818930902867578e-05
4021,1745779523.5140493,2.78175575658679e-05
4022,1745779537.3506289,2.7816186047857627e-05
4023,1745779559.4555664,2.7814814529847354e-05
4024,1745779579.6648028,2.781344301183708e-05
4025,1745779605.3732169,2.7812071493826807e-05
4026,1745779612.2383814,2.7810699975816533e-05
4027,1745779635.0719688,2.780932845780626e-05
4028,1745779657.6834376,2.7807956939795986e-05
4029,1745779679.4854014,2.780658360279631e-05
4030,1745779707.5014362,2.7805212084786035e-05
4031,1745779712.4082646,2.780384056677576e-05
4032,1745779733.0807555,2.7802469048765488e-05
4033,1745779760.3907392,2.7801097530755214e-05
4034,1745779777.7664053,2.779972601274494e-05
4035,1745779796.7003272,2.7798354494734667e-05
4036,1745779818.8207953,2.7796982976724394e-05
4037,1745779845.5536947,2.7795609639724717e-05
4038,1745779869.70797,2.7794238121714443e-05
4039,1745779897.0927153,2.779286660370417e-05
4040,1745779923.600317,2.7791495085693896e-05
4041,1745779946.633792,2.7790123567683622e-05
4042,1745779971.2237136,2.778875204967335e-05
4043,1745779976.4692996,2.7787380531663075e-05
4044,1745779991.5103729,2.77860090136528e-05
4045,1745780010.4469018,2.7784635676653124e-05
4046,1745780025.775011,2.778326415864285e-05
4047,1745780042.7031162,2.7781892640632577e-05
4048,1745780060.5080657,2.7780521122622304e-05
4049,1745780077.4390914,2.777914960461203e-05
4050,1745780081.7741497,2.7777778086601757e-05
