step,wall_time,value
1,1745683558.1552262,1.825471043586731
2,1745683571.2832325,1.7125754356384277
3,1745683585.2655365,1.721360683441162
4,1745683596.935692,1.7495157718658447
5,1745683606.530109,1.9510349035263062
6,1745683614.0937657,1.8887993097305298
7,1745683627.1531336,1.8961665630340576
8,1745683638.6160982,1.585513949394226
9,1745683651.2567375,1.7673834562301636
10,1745683663.3149428,1.5853362083435059
11,1745683675.6608627,1.6534278392791748
12,1745683692.1647782,1.4163819551467896
13,1745683701.1842546,1.5095484256744385
14,1745683715.7987232,1.5082008838653564
15,1745683728.6487658,1.3216040134429932
16,1745683738.6526947,1.3492307662963867
17,1745683749.5753644,1.2251415252685547
18,1745683761.0846436,1.2683817148208618
19,1745683774.3400187,1.2179533243179321
20,1745683786.8565907,1.256540060043335
21,1745683796.0222638,1.0955437421798706
22,1745683808.056586,1.0403354167938232
23,1745683816.3050854,0.9093309044837952
24,1745683828.4301157,0.829612135887146
25,1745683840.2475898,0.8045340180397034
26,1745683853.1907594,0.752074122428894
27,1745683867.0453117,0.6422595977783203
28,1745683881.3789055,0.5609217286109924
29,1745683892.0286152,0.6057891845703125
30,1745683904.1991265,0.5479816794395447
31,1745683915.5866902,0.4114815294742584
32,1745683929.6614463,0.3609473407268524
33,1745683940.2610044,0.3665188252925873
34,1745683954.3649187,0.32769376039505005
35,1745683968.4321818,0.33017101883888245
36,1745683977.5056386,0.2903348505496979
37,1745683990.761969,0.2706598937511444
38,1745684001.9769318,0.21260826289653778
39,1745684013.4928231,0.23949775099754333
40,1745684020.4979825,0.22078996896743774
41,1745684032.3399384,0.16143037378787994
42,1745684045.336309,0.16295082867145538
43,1745684056.567427,0.1546676754951477
44,1745684064.8057015,0.17238256335258484
45,1745684074.3476818,0.14153853058815002
46,1745684084.7996325,0.15284734964370728
47,1745684093.4511838,0.12888844311237335
48,1745684104.7321875,0.1619105190038681
49,1745684112.5664191,0.1922898143529892
50,1745684122.5854626,0.12745484709739685
51,1745684130.9774196,0.1281452178955078
52,1745684149.5971239,0.10252918303012848
53,1745684159.0693636,0.15455450117588043
54,1745684170.946643,0.1381123811006546
55,1745684188.0477285,0.12551681697368622
56,1745684201.2307415,0.15566356480121613
57,1745684212.0621426,0.1270170360803604
58,1745684224.6749632,0.10949833691120148
59,1745684236.208392,0.1173100620508194
60,1745684246.9141715,0.11436346918344498
61,1745684262.5202649,0.09376729279756546
62,1745684277.178683,0.11927589029073715
63,1745684285.916358,0.12785714864730835
64,1745684297.878486,0.10099848359823227
65,1745684310.2320628,0.13517946004867554
66,1745684320.3757045,0.19548507034778595
67,1745684331.879277,0.10866556316614151
68,1745684341.8879504,0.15735073387622833
69,1745684350.002679,0.14803989231586456
70,1745684362.09492,0.10270863771438599
71,1745684373.4538739,0.14543859660625458
72,1745684384.4857678,0.1554105281829834
73,1745684395.8289723,0.11923087388277054
74,1745684405.6312377,0.1295701116323471
75,1745684419.9465632,0.09995010495185852
76,1745684432.6541688,0.140726238489151
77,1745684442.2946935,0.1592484414577484
78,1745684452.8375685,0.10057272017002106
79,1745684464.1382456,0.15363062918186188
80,1745684476.5407472,0.1423412561416626
81,1745684486.3840952,0.16138732433319092
82,1745684495.5401785,0.16476158797740936
83,1745684507.0188076,0.1281694918870926
84,1745684519.438452,0.12148284912109375
85,1745684526.6261122,0.1773434430360794
86,1745684528.8819437,0.09201984852552414
87,1745684615.6561754,0.1704724282026291
88,1745684624.549351,0.16751804947853088
89,1745684634.359514,0.08356088399887085
90,1745684646.2790136,0.09734925627708435
91,1745684657.194879,0.13301166892051697
92,1745684668.2931716,0.08859249949455261
93,1745684674.6787682,0.1478305160999298
94,1745684684.5898173,0.1488354653120041
95,1745684696.6941314,0.15495917201042175
96,1745684712.3138995,0.0999232679605484
97,1745684725.378701,0.11790689080953598
98,1745684736.3551471,0.09354673326015472
99,1745684747.8197525,0.1421917825937271
100,1745684761.0260053,0.10209851711988449
101,1745684774.1677012,0.1434800773859024
102,1745684788.2700198,0.12472965568304062
103,1745684800.2723718,0.10597222298383713
104,1745684809.368549,0.10680259019136429
105,1745684817.120884,0.1852567493915558
106,1745684832.6677544,0.13159091770648956
107,1745684845.7158694,0.09751846641302109
108,1745684856.7167428,0.12780414521694183
109,1745684869.902758,0.0833747461438179
110,1745684880.2447643,0.1524321585893631
111,1745684893.3146966,0.15361660718917847
112,1745684905.4485428,0.1512385904788971
113,1745684919.4736817,0.10135966539382935
114,1745684935.5105956,0.10673919320106506
115,1745684941.2066815,0.17209063470363617
116,1745684950.458684,0.1595536172389984
117,1745684964.5138292,0.18086379766464233
118,1745684975.7866774,0.09853310137987137
119,1745684988.6628695,0.15049298107624054
120,1745684999.759625,0.1645013988018036
121,1745685014.4897628,0.10161679983139038
122,1745685029.858539,0.10261355340480804
123,1745685039.8134851,0.13350999355316162
124,1745685051.6666744,0.09634868055582047
125,1745685065.6650505,0.13572433590888977
126,1745685075.962661,0.1386076956987381
127,1745685086.0121243,0.1065409779548645
128,1745685095.7319086,0.13177917897701263
129,1745685109.798485,0.10800814628601074
130,1745685120.892748,0.11029987037181854
131,1745685133.3332906,0.09920205175876617
132,1745685144.849545,0.0944066196680069
133,1745685155.2165112,0.1289702206850052
134,1745685171.707729,0.07790107280015945
135,1745685184.1542573,0.1084696501493454
136,1745685196.1960516,0.13176007568836212
137,1745685210.6654773,0.0853717029094696
138,1745685219.8776865,0.11884775757789612
139,1745685231.651303,0.10833050310611725
140,1745685244.6866674,0.10470069199800491
141,1745685252.3057868,0.11811826378107071
142,1745685260.5388675,0.19289369881153107
143,1745685272.2994494,0.09370490908622742
144,1745685283.4288378,0.11533720046281815
145,1745685293.9877403,0.10044006258249283
146,1745685306.9232185,0.1077704131603241
147,1745685312.8692808,0.1608041226863861
148,1745685327.7105002,0.09293420612812042
149,1745685339.2416492,0.1205151155591011
150,1745685353.472785,0.10565969347953796
151,1745685365.98986,0.11893091350793839
152,1745685379.6004164,0.08540108799934387
153,1745685388.1822953,0.1332964301109314
154,1745685402.124285,0.09416118264198303
155,1745685414.8577003,0.10699884593486786
156,1745685423.9609668,0.11676445603370667
157,1745685434.5182784,0.10110512375831604
158,1745685449.297984,0.09324914216995239
159,1745685458.1838777,0.1397506296634674
160,1745685468.1662233,0.1944427788257599
161,1745685478.0784588,0.10920760035514832
162,1745685489.4341297,0.0962616428732872
163,1745685497.9566813,0.13130584359169006
164,1745685511.2646017,0.07653406262397766
165,1745685527.841161,0.09789448231458664
166,1745685538.5034297,0.13028445839881897
167,1745685547.2929049,0.15892311930656433
168,1745685558.1178517,0.11984529346227646
169,1745685570.6746817,0.11348538845777512
170,1745685581.4309692,0.11336404830217361
171,1745685595.0954778,0.10672955960035324
172,1745685597.5131805,0.12716883420944214
173,1745685672.673014,0.10131280869245529
174,1745685682.7542572,0.10343845188617706
175,1745685694.505843,0.11657683551311493
176,1745685707.253181,0.1052456945180893
177,1745685718.330702,0.09221570193767548
178,1745685731.7844384,0.08943062275648117
179,1745685744.5951545,0.07966495305299759
180,1745685758.225606,0.08498860895633698
181,1745685768.8532162,0.19956965744495392
182,1745685780.881533,0.11075685918331146
183,1745685792.12291,0.13279379904270172
184,1745685804.0836306,0.10671820491552353
185,1745685817.6887367,0.0727800577878952
186,1745685825.1055288,0.09962492436170578
187,1745685839.590694,0.08521021157503128
188,1745685855.5212016,0.1115986630320549
189,1745685867.2710664,0.09653372317552567
190,1745685873.4378366,0.09862888604402542
191,1745685887.4186873,0.07929053157567978
192,1745685897.6050045,0.09833263605833054
193,1745685907.06846,0.12089721858501434
194,1745685914.7345119,0.1126982644200325
195,1745685925.6813235,0.12317561358213425
196,1745685939.7547827,0.10432645678520203
197,1745685950.6208518,0.1395927518606186
198,1745685961.1338687,0.08662093430757523
199,1745685970.9952612,0.10798179358243942
200,1745685981.8664312,0.091020368039608
201,1745685993.6256952,0.07959763705730438
202,1745686006.858125,0.09697619080543518
203,1745686019.606972,0.10124853253364563
204,1745686029.2753997,0.1665416657924652
205,1745686038.0151248,0.09743881225585938
206,1745686047.4673924,0.1445085108280182
207,1745686062.7507997,0.0977126732468605
208,1745686073.8813221,0.13589423894882202
209,1745686086.2824996,0.16102643311023712
210,1745686094.1960201,0.12858279049396515
211,1745686105.5473833,0.0985768511891365
212,1745686116.5188942,0.12042476236820221
213,1745686128.5866995,0.17958666384220123
214,1745686142.9263864,0.10239151865243912
215,1745686156.4706812,0.07990489900112152
216,1745686165.6973066,0.10969479382038116
217,1745686178.4599235,0.12690064311027527
218,1745686190.5892913,0.10517057776451111
219,1745686203.7911654,0.09318385273218155
220,1745686214.0746844,0.10129342973232269
221,1745686226.0230403,0.08510643988847733
222,1745686240.6827056,0.09430404007434845
223,1745686248.2301402,0.10178232192993164
224,1745686257.4746637,0.07374921441078186
225,1745686269.4328296,0.1264892965555191
226,1745686284.0782166,0.13019755482673645
227,1745686295.5633957,0.07327144593000412
228,1745686309.2276618,0.0778600201010704
229,1745686322.0541558,0.10693217813968658
230,1745686334.8066647,0.09854765236377716
231,1745686347.9697404,0.07907308638095856
232,1745686358.8266795,0.10031325370073318
233,1745686372.7462995,0.07144033163785934
234,1745686385.6257064,0.082124724984169
235,1745686392.8902617,0.11476799100637436
236,1745686405.652041,0.16247262060642242
237,1745686418.1104944,0.06831561028957367
238,1745686429.0612364,0.12495174258947372
239,1745686437.3085191,0.10673854500055313
240,1745686448.6890783,0.08852577209472656
241,1745686459.9297123,0.10854051262140274
242,1745686470.9697285,0.10015606880187988
243,1745686480.325482,0.10558364540338516
244,1745686493.1496935,0.10049326717853546
245,1745686506.9892592,0.12218812108039856
246,1745686521.8066225,0.09760972857475281
247,1745686531.0213764,0.08459729701280594
248,1745686541.224183,0.07911746203899384
249,1745686551.1006594,0.11231199651956558
250,1745686562.8825119,0.0884975865483284
251,1745686574.054684,0.11665911227464676
252,1745686589.1094265,0.06891117990016937
253,1745686601.7170532,0.06671421974897385
254,1745686614.460775,0.09001848101615906
255,1745686626.5155554,0.07555200159549713
256,1745686631.1692042,0.09617769718170166
257,1745686643.6910894,0.10543941706418991
258,1745686646.4915707,0.16780267655849457
259,1745686728.5959337,0.10520070791244507
260,1745686740.4349632,0.0888613685965538
261,1745686754.0333266,0.09257885813713074
262,1745686766.735155,0.0924043357372284
263,1745686779.3769376,0.07629385590553284
264,1745686790.712404,0.08711132407188416
265,1745686802.6714888,0.1071900948882103
266,1745686818.210655,0.09588658064603806
267,1745686828.1138744,0.09490955621004105
268,1745686842.259649,0.08238781988620758
269,1745686857.5628877,0.06929507851600647
270,1745686874.1344965,0.07531508058309555
271,1745686888.9122975,0.09910424053668976
272,1745686901.9183083,0.10000357031822205
273,1745686913.0755444,0.07344527542591095
274,1745686927.380858,0.06554398685693741
275,1745686941.0068471,0.09074980765581131
276,1745686953.1962614,0.071785107254982
277,1745686963.8160315,0.1286717802286148
278,1745686975.3115144,0.12423718720674515
279,1745686983.2179844,0.13751272857189178
280,1745686993.6771379,0.07111282646656036
281,1745687006.2108066,0.07100380212068558
282,1745687011.090626,0.08369574695825577
283,1745687027.1466982,0.07834780961275101
284,1745687040.8287125,0.10325493663549423
285,1745687053.201374,0.10598500818014145
286,1745687064.2553222,0.09390565752983093
287,1745687072.8169222,0.11967106908559799
288,1745687082.1550457,0.0798155814409256
289,1745687096.39022,0.06692898273468018
290,1745687106.3010452,0.10931908339262009
291,1745687121.939384,0.07093272358179092
292,1745687127.955808,0.07537388056516647
293,1745687140.1374993,0.07576750963926315
294,1745687152.620588,0.08712862432003021
295,1745687166.2494962,0.08832746744155884
296,1745687177.1885862,0.08747980743646622
297,1745687189.6770809,0.08501186966896057
298,1745687199.419115,0.13017591834068298
299,1745687207.4453015,0.1404341459274292
300,1745687216.4496212,0.08386445045471191
301,1745687228.9470417,0.0958351418375969
302,1745687239.1026673,0.0946013331413269
303,1745687250.8646817,0.09838522970676422
304,1745687265.3298402,0.053954578936100006
305,1745687275.2678862,0.09180785715579987
306,1745687285.4251196,0.0982779935002327
307,1745687295.6686091,0.11190587282180786
308,1745687308.9106011,0.1621042937040329
309,1745687322.5125296,0.06207498535513878
310,1745687336.855664,0.07555438578128815
311,1745687347.1611614,0.08113662898540497
312,1745687361.1709533,0.13180670142173767
313,1745687375.3125591,0.08602523058652878
314,1745687384.1648514,0.09576604515314102
315,1745687397.5067384,0.09864696860313416
316,1745687410.1331003,0.0802604928612709
317,1745687421.0618804,0.08509694039821625
318,1745687433.4787042,0.15933401882648468
319,1745687443.5501041,0.08084070682525635
320,1745687455.1877465,0.08624690771102905
321,1745687470.059077,0.07941264659166336
322,1745687483.4897425,0.06576597690582275
323,1745687492.9305224,0.08242596685886383
324,1745687499.4737961,0.10212650150060654
325,1745687513.258805,0.07136959582567215
326,1745687523.1734293,0.06875722855329514
327,1745687540.3061306,0.11889232695102692
328,1745687549.1460037,0.0727517232298851
329,1745687558.9464812,0.0767490565776825
330,1745687573.259534,0.10645140707492828
331,1745687585.1168933,0.0623403899371624
332,1745687595.1599798,0.07643073797225952
333,1745687604.2776854,0.1474073827266693
334,1745687613.073319,0.1629621833562851
335,1745687627.793127,0.09177283197641373
336,1745687637.8735976,0.0990026667714119
337,1745687647.8068576,0.0829915702342987
338,1745687660.856885,0.08215013891458511
339,1745687668.9640179,0.07032373547554016
340,1745687680.1659908,0.06806034594774246
341,1745687689.0859916,0.13260960578918457
342,1745687699.43468,0.08264366537332535
343,1745687711.0110846,0.07350252568721771
344,1745687713.8425658,0.089812271296978
345,1745687789.8089857,0.07727766782045364
346,1745687798.661007,0.13534501194953918
347,1745687813.76668,0.07430145889520645
348,1745687827.7965713,0.06515952199697495
349,1745687837.04249,0.14588840305805206
350,1745687849.2807994,0.0724489688873291
351,1745687860.7735977,0.08598607778549194
352,1745687874.4423888,0.0619274340569973
353,1745687886.7908733,0.07742181420326233
354,1745687898.2828088,0.1253848671913147
355,1745687910.322531,0.07040785998106003
356,1745687914.838888,0.07018115371465683
357,1745687926.5556812,0.07722855359315872
358,1745687942.2662418,0.09404896199703217
359,1745687954.4471202,0.07649217545986176
360,1745687969.5466828,0.09295061230659485
361,1745687976.4186842,0.0660080760717392
362,1745687987.080172,0.08320534229278564
363,1745687996.7397542,0.07510268688201904
364,1745688010.7870567,0.08040496706962585
365,1745688023.1425767,0.05996114760637283
366,1745688030.436103,0.06238632649183273
367,1745688045.126689,0.07845873385667801
368,1745688055.6472533,0.10555113106966019
369,1745688064.117694,0.07207326591014862
370,1745688071.493739,0.09840574860572815
371,1745688082.469207,0.06890705227851868
372,1745688096.372164,0.06600582599639893
373,1745688104.575582,0.18205010890960693
374,1745688119.4847836,0.08203048259019852
375,1745688133.6458054,0.08327651768922806
376,1745688145.1516242,0.06592457741498947
377,1745688153.8855784,0.11380775272846222
378,1745688167.0017083,0.09239073842763901
379,1745688180.5576088,0.06508024781942368
380,1745688187.2266817,0.05521954968571663
381,1745688197.568113,0.10292369872331619
382,1745688210.342227,0.10872948169708252
383,1745688224.3184464,0.06736902892589569
384,1745688236.0419173,0.08687034249305725
385,1745688246.9329197,0.10201635956764221
386,1745688259.8799274,0.10953495651483536
387,1745688269.1526287,0.0716288834810257
388,1745688278.039961,0.07529816031455994
389,1745688287.8387825,0.08094318956136703
390,1745688302.7618961,0.10663074254989624
391,1745688314.4351306,0.10109648108482361
392,1745688325.613573,0.09953691065311432
393,1745688335.80668,0.09198298305273056
394,1745688347.1679847,0.07867761701345444
395,1745688357.9106824,0.0666901171207428
396,1745688365.4050665,0.066495381295681
397,1745688377.4002786,0.09234890341758728
398,1745688390.5376759,0.11530426889657974
399,1745688403.1518095,0.2114984542131424
400,1745688413.8834114,0.09459934383630753
401,1745688428.5311337,0.06654144078493118
402,1745688439.6520567,0.09075725823640823
403,1745688453.21615,0.04305614158511162
404,1745688466.2722192,0.05816861242055893
405,1745688480.2566159,0.11263945698738098
406,1745688492.1459594,0.08362209051847458
407,1745688501.7012064,0.07373083382844925
408,1745688514.8733861,0.06420720368623734
409,1745688528.9570508,0.052707936614751816
410,1745688542.6741765,0.100077323615551
411,1745688553.2861536,0.08779922127723694
412,1745688557.7797713,0.06591847538948059
413,1745688568.459178,0.09794921427965164
414,1745688578.1066856,0.07233573496341705
415,1745688586.2148895,0.057243239134550095
416,1745688599.8332095,0.07989087700843811
417,1745688613.686854,0.07085268944501877
418,1745688628.4891846,0.06357647478580475
419,1745688642.2775688,0.04406167194247246
420,1745688650.4719794,0.09461966902017593
421,1745688657.5875995,0.12963387370109558
422,1745688667.530733,0.05803189054131508
423,1745688677.1766202,0.05922865867614746
424,1745688690.4366899,0.05115652456879616
425,1745688701.8667712,0.06846217066049576
426,1745688711.465452,0.1340457797050476
427,1745688724.343647,0.0702757015824318
428,1745688731.9140468,0.10096431523561478
429,1745688739.5335586,0.08118588477373123
430,1745688743.2655842,0.045546140521764755
431,1745688815.500695,0.09822195023298264
432,1745688829.0423322,0.11324173212051392
433,1745688841.8597443,0.09994994103908539
434,1745688851.7846916,0.10102578997612
435,1745688860.9971561,0.10587871074676514
436,1745688872.2051291,0.06529081612825394
437,1745688887.6754265,0.06117413192987442
438,1745688901.3783743,0.13833875954151154
439,1745688913.5613718,0.07125456631183624
440,1745688925.1589565,0.11214350908994675
441,1745688938.0984538,0.05619140714406967
442,1745688952.4372404,0.05877188220620155
443,1745688965.0230443,0.054132405668497086
444,1745688978.6041367,0.06979021430015564
445,1745688988.762955,0.0910123959183693
446,1745688998.5629334,0.09937909245491028
447,1745689006.8251097,0.05983629822731018
448,1745689020.4916928,0.07071064412593842
449,1745689035.082678,0.08348951488733292
450,1745689046.5355794,0.0739622563123703
451,1745689055.630617,0.0435548759996891
452,1745689064.6746788,0.059329088777303696
453,1745689075.7226698,0.04551583528518677
454,1745689084.062519,0.11319475620985031
455,1745689091.6283574,0.0930890142917633
456,1745689101.9273221,0.060141272842884064
457,1745689114.2498798,0.07165928930044174
458,1745689128.4590194,0.12306325137615204
459,1745689140.6087024,0.07718111574649811
460,1745689157.8798428,0.05347118526697159
461,1745689170.080079,0.08386621624231339
462,1745689181.642868,0.08754230290651321
463,1745689190.6810637,0.07063025236129761
464,1745689201.5905848,0.07812130451202393
465,1745689212.8118327,0.07300188392400742
466,1745689225.6557846,0.06762144714593887
467,1745689237.8020823,0.07955878227949142
468,1745689250.851273,0.07792171090841293
469,1745689264.2640278,0.06268604844808578
470,1745689275.9475157,0.06669040769338608
471,1745689288.0735068,0.07440356910228729
472,1745689297.694163,0.06957267224788666
473,1745689307.7377787,0.06990733742713928
474,1745689319.0283105,0.10260269790887833
475,1745689328.8603735,0.06873127073049545
476,1745689342.709349,0.10442798584699631
477,1745689354.8986852,0.08614710718393326
478,1745689366.042244,0.07269729673862457
479,1745689377.3233645,0.050259459763765335
480,1745689393.8700426,0.06256487965583801
481,1745689408.4624224,0.08869484066963196
482,1745689418.4135818,0.07029411941766739
483,1745689428.9394376,0.06294211745262146
484,1745689437.6452131,0.1048578992486
485,1745689450.0805254,0.0747772827744484
486,1745689458.9345717,0.11206220835447311
487,1745689465.771221,0.04519264027476311
488,1745689477.9968235,0.054181113839149475
489,1745689487.3275979,0.07223320007324219
490,1745689495.86291,0.11063729226589203
491,1745689503.2662575,0.10624731332063675
492,1745689520.7989945,0.050822336226701736
493,1745689536.7865016,0.0659579411149025
494,1745689547.805521,0.05532527342438698
495,1745689560.0448694,0.08603876084089279
496,1745689570.9664311,0.08052509278059006
497,1745689580.0622153,0.04657408222556114
498,1745689590.0547502,0.06713344901800156
499,1745689603.2646422,0.0569874569773674
500,1745689615.7200656,0.08749432116746902
501,1745689629.0235376,0.06593874096870422
502,1745689640.8028827,0.06573088467121124
503,1745689652.1072521,0.0682307556271553
504,1745689666.1946669,0.09628109633922577
505,1745689679.390624,0.09607908874750137
506,1745689684.8757153,0.08852721005678177
507,1745689696.4336512,0.05884552374482155
508,1745689710.7374187,0.0552607960999012
509,1745689718.5797365,0.08368521928787231
510,1745689730.4745028,0.0541129969060421
511,1745689740.7951384,0.06059936434030533
512,1745689751.1997852,0.11828690022230148
513,1745689760.0464904,0.06330150365829468
514,1745689764.4579594,0.08154726773500443
515,1745689781.1365087,0.06463466584682465
516,1745689784.1633887,0.03497447818517685
517,1745689859.8533857,0.0447540357708931
518,1745689872.281797,0.07324302196502686
519,1745689876.6168864,0.09245241433382034
520,1745689892.0396805,0.15094850957393646
521,1745689903.7130115,0.07365616410970688
522,1745689916.5256183,0.06470319628715515
523,1745689925.663918,0.08351802825927734
524,1745689938.5687776,0.09171585738658905
525,1745689948.0020442,0.045574866235256195
526,1745689959.1867778,0.07041025161743164
527,1745689973.0289602,0.05990740656852722
528,1745689977.4225273,0.05647274851799011
529,1745689990.6084287,0.09170523285865784
530,1745690007.2578084,0.06955656409263611
531,1745690019.7052855,0.11175251007080078
532,1745690030.8699083,0.07113576680421829
533,1745690044.5480573,0.10255672037601471
534,1745690053.4099348,0.045832160860300064
535,1745690065.6696095,0.0792778804898262
536,1745690074.6741943,0.08726891130208969
537,1745690083.0343933,0.0675637274980545
538,1745690096.3083022,0.05490398779511452
539,1745690107.6679606,0.05825149267911911
540,1745690119.0227053,0.05798012763261795
541,1745690130.339775,0.048025310039520264
542,1745690145.4987166,0.047099512070417404
543,1745690157.330886,0.04733356088399887
544,1745690164.6363206,0.0740630105137825
545,1745690177.2626636,0.0719214454293251
546,1745690189.3894444,0.061148107051849365
547,1745690199.6117058,0.1003197655081749
548,1745690214.4109528,0.06279619038105011
549,1745690221.8193905,0.09317434579133987
550,1745690237.5131497,0.07626591622829437
551,1745690252.9910955,0.08353496342897415
552,1745690269.6790407,0.0579819455742836
553,1745690275.6154232,0.04834515601396561
554,1745690288.555135,0.06304080784320831
555,1745690299.8926651,0.16124141216278076
556,1745690314.926675,0.05822841450572014
557,1745690325.9053802,0.0514565147459507
558,1745690337.7736266,0.05442928895354271
559,1745690349.624585,0.058566030114889145
560,1745690363.9513311,0.04841911420226097
561,1745690375.5200636,0.09510885179042816
562,1745690388.4961226,0.07602179050445557
563,1745690401.0462968,0.08420419692993164
564,1745690417.0317702,0.07800433784723282
565,1745690426.845358,0.07903698086738586
566,1745690439.3350852,0.0338144525885582
567,1745690451.8138103,0.08173280954360962
568,1745690460.8848262,0.06449063867330551
569,1745690470.9498458,0.08381001651287079
570,1745690483.6756501,0.06911623477935791
571,1745690497.831793,0.06686629354953766
572,1745690510.259965,0.05474540591239929
573,1745690522.272306,0.0703267753124237
574,1745690532.5554988,0.07996956259012222
575,1745690542.5934007,0.07138194888830185
576,1745690556.6708503,0.05348882079124451
577,1745690566.7443342,0.054307978600263596
578,1745690583.9084766,0.06378035992383957
579,1745690596.0391765,0.09073973447084427
580,1745690609.1706736,0.07200170308351517
581,1745690623.0851204,0.09907040745019913
582,1745690633.756859,0.06646993011236191
583,1745690645.789004,0.05455872789025307
584,1745690655.423412,0.07051605731248856
585,1745690668.1580393,0.06475989520549774
586,1745690679.5355208,0.09047196805477142
587,1745690690.4157212,0.09498780965805054
588,1745690697.9935374,0.049797024577856064
589,1745690713.1725993,0.04268685728311539
590,1745690725.974686,0.05762457475066185
591,1745690737.4337623,0.058493759483098984
592,1745690749.8803165,0.05938708037137985
593,1745690763.0346818,0.07455659657716751
594,1745690774.9744174,0.0417759083211422
595,1745690786.833577,0.05848631262779236
596,1745690791.7960382,0.12043661624193192
597,1745690802.4002478,0.04009396582841873
598,1745690815.2212236,0.0565735399723053
599,1745690823.1346922,0.05426530912518501
600,1745690833.5752873,0.07500093430280685
601,1745690847.140316,0.059601448476314545
602,1745690849.780468,0.05240007862448692
603,1745690923.1898868,0.06942245364189148
604,1745690937.1890266,0.043942760676145554
605,1745690942.4556181,0.06697952002286911
606,1745690955.0868719,0.03675297647714615
607,1745690968.8857334,0.0548764243721962
608,1745690981.4949458,0.06747795641422272
609,1745690993.5919704,0.05423196405172348
610,1745691007.526385,0.052877750247716904
611,1745691021.2364502,0.05137887969613075
612,1745691036.085014,0.06341701000928879
613,1745691044.3754692,0.07479272037744522
614,1745691055.3130946,0.09949976950883865
615,1745691065.600746,0.061810001730918884
616,1745691076.3863297,0.08168479055166245
617,1745691088.5169516,0.07477924972772598
618,1745691100.7307005,0.0636371299624443
619,1745691109.0560696,0.07513976097106934
620,1745691122.2075348,0.07185198366641998
621,1745691134.8612196,0.059051264077425
622,1745691145.0727456,0.07928899675607681
623,1745691153.4782908,0.048118483275175095
624,1745691166.7695694,0.04153670743107796
625,1745691176.7974708,0.06256544589996338
626,1745691188.9186842,0.08360682427883148
627,1745691202.2098744,0.04091660678386688
628,1745691210.7012475,0.05613769218325615
629,1745691223.246684,0.052100636065006256
630,1745691235.6268342,0.05206383392214775
631,1745691245.7011032,0.06709801405668259
632,1745691258.4626224,0.09783462435007095
633,1745691270.9990976,0.06548045575618744
634,1745691280.385171,0.06546235829591751
635,1745691288.8916676,0.04905746877193451
636,1745691301.2734694,0.1356569528579712
637,1745691315.0516787,0.0952555313706398
638,1745691326.8906736,0.06765475869178772
639,1745691340.1358924,0.11860024183988571
640,1745691352.5687382,0.03806872293353081
641,1745691361.8459873,0.12745288014411926
642,1745691373.6170127,0.06859298795461655
643,1745691381.6174512,0.06267918646335602
644,1745691394.731312,0.07963021099567413
645,1745691405.494555,0.0512450747191906
646,1745691416.58583,0.07660321891307831
647,1745691426.9426367,0.049749284982681274
648,1745691439.994347,0.06165647879242897
649,1745691450.7326381,0.05199537053704262
650,1745691462.1029382,0.0535697378218174
651,1745691472.7692292,0.05143585428595543
652,1745691479.4946904,0.12685826420783997
653,1745691493.5928264,0.05293351039290428
654,1745691505.8412447,0.02526557259261608
655,1745691518.8185172,0.046622134745121
656,1745691529.1172488,0.030759958550333977
657,1745691542.3146589,0.04829749837517738
658,1745691552.5502691,0.07073099911212921
659,1745691565.4152853,0.057225484400987625
660,1745691575.086839,0.038947220891714096
661,1745691587.413555,0.03924236074090004
662,1745691602.660366,0.052729297429323196
663,1745691617.014673,0.051455285400152206
664,1745691624.6719124,0.03853227198123932
665,1745691634.7787893,0.09264860302209854
666,1745691647.1827643,0.04398143291473389
667,1745691657.568528,0.09920892119407654
668,1745691667.1802976,0.05055246874690056
669,1745691675.4159048,0.10431374609470367
670,1745691684.3805401,0.07895735651254654
671,1745691696.6763792,0.10900894552469254
672,1745691708.2749896,0.052049510180950165
673,1745691722.212361,0.06497713923454285
674,1745691736.0713024,0.06115727499127388
675,1745691747.570673,0.06511371582746506
676,1745691756.4522617,0.017415327951312065
677,1745691768.2126808,0.06409592926502228
678,1745691778.628874,0.05199994146823883
679,1745691783.5321057,0.06222415342926979
680,1745691796.7453363,0.06564158946275711
681,1745691809.8025799,0.06589148938655853
682,1745691819.7807643,0.05462770164012909
683,1745691830.5386906,0.0495421476662159
684,1745691845.0073497,0.053863853216171265
685,1745691858.0924988,0.05872083455324173
686,1745691871.8205457,0.12184983491897583
687,1745691887.862096,0.04855981096625328
688,1745691891.6746917,0.03652780130505562
689,1745691965.1690462,0.048609886318445206
690,1745691977.7187421,0.05281801521778107
691,1745691991.3747997,0.048803675919771194
692,1745692003.0253694,0.07709760218858719
693,1745692009.4426317,0.0952923372387886
694,1745692024.7068942,0.04992792010307312
695,1745692038.6038625,0.05021950975060463
696,1745692050.557441,0.08054836094379425
697,1745692060.8167057,0.10289593040943146
698,1745692069.1395235,0.028067126870155334
699,1745692078.1154957,0.0703081339597702
700,1745692088.9136121,0.06099805235862732
701,1745692105.4775705,0.05729207396507263
702,1745692115.4554703,0.053069863468408585
703,1745692129.2749038,0.06058350205421448
704,1745692142.3586564,0.08756912499666214
705,1745692155.6559033,0.08466709405183792
706,1745692167.0962515,0.06432729214429855
707,1745692176.9781463,0.030402639880776405
708,1745692190.1577961,0.05319950357079506
709,1745692201.005902,0.06921275705099106
710,1745692214.2438278,0.0587494857609272
711,1745692224.609644,0.047713082283735275
712,1745692238.2481081,0.05079248175024986
713,1745692246.9037275,0.05451812967658043
714,1745692260.5941339,0.04443025588989258
715,1745692275.8213456,0.0830281525850296
716,1745692284.7859907,0.09403906762599945
717,1745692296.3448424,0.06497365981340408
718,1745692309.8897939,0.06384176760911942
719,1745692314.8635714,0.1262565404176712
720,1745692327.3728545,0.06264550238847733
721,1745692337.9777985,0.04140423610806465
722,1745692347.0892248,0.06984197348356247
723,1745692356.0951135,0.044738952070474625
724,1745692369.1546402,0.040299661457538605
725,1745692378.9667842,0.07947748154401779
726,1745692394.9888606,0.054892294108867645
727,1745692409.6684268,0.07849228382110596
728,1745692419.4059885,0.09009731560945511
729,1745692430.4041116,0.04413524270057678
730,1745692444.5710816,0.07879063487052917
731,1745692459.790703,0.053471148014068604
732,1745692471.7215524,0.029744839295744896
733,1745692486.3429222,0.03372906893491745
734,1745692495.4971364,0.07345122843980789
735,1745692507.573692,0.07179717719554901
736,1745692519.2693658,0.047189947217702866
737,1745692529.4181025,0.058349888771772385
738,1745692540.9094532,0.04504960775375366
739,1745692551.9696891,0.04412571340799332
740,1745692562.1337137,0.03778165206313133
741,1745692572.4287744,0.04740104451775551
742,1745692584.1671035,0.041820645332336426
743,1745692593.5805628,0.0410766638815403
744,1745692605.3468356,0.10025139153003693
745,1745692616.9255118,0.07018508017063141
746,1745692627.6238556,0.047430042177438736
747,1745692637.90803,0.043420735746622086
748,1745692648.8026886,0.06421825289726257
749,1745692662.8727787,0.05918941646814346
750,1745692672.6788058,0.051006805151700974
751,1745692684.2299085,0.046996671706438065
752,1745692696.7549286,0.053803253918886185
753,1745692707.0304117,0.05700793117284775
754,1745692718.4922311,0.046068210154771805
755,1745692730.8946466,0.07697692513465881
756,1745692746.6706648,0.0936485305428505
757,1745692760.606796,0.03618564456701279
758,1745692772.8200898,0.0518203042447567
759,1745692781.048924,0.04080875962972641
760,1745692794.1473007,0.07264610379934311
761,1745692802.7286685,0.07490851730108261
762,1745692817.1941342,0.0341985784471035
763,1745692827.05046,0.06949952989816666
764,1745692839.2698803,0.07337422668933868
765,1745692852.5627847,0.050304561853408813
766,1745692861.1214955,0.053798966109752655
767,1745692869.0256631,0.03061250038444996
768,1745692878.5636854,0.021021252498030663
769,1745692890.6933243,0.04517052322626114
770,1745692899.1199005,0.02451499179005623
771,1745692906.961308,0.04444385692477226
772,1745692916.5250893,0.040649689733982086
773,1745692926.4356651,0.04022478684782982
774,1745692929.1648676,0.16974472999572754
775,1745692996.706687,0.039393991231918335
776,1745693005.5658927,0.05507907271385193
777,1745693019.2970753,0.07599323242902756
778,1745693028.2912846,0.03321923688054085
779,1745693040.1761653,0.04718046635389328
780,1745693051.5248296,0.11298147588968277
781,1745693059.6007586,0.04355505481362343
782,1745693075.0208223,0.07105931639671326
783,1745693086.762714,0.05699062719941139
784,1745693095.1496866,0.03154095262289047
785,1745693106.90832,0.05102670565247536
786,1745693118.1026785,0.05987263470888138
787,1745693132.3797133,0.060034021735191345
788,1745693140.537864,0.0920037180185318
789,1745693152.7446053,0.06798455864191055
790,1745693168.1438072,0.03616175428032875
791,1745693176.3685448,0.06529755145311356
792,1745693189.7857757,0.056036971509456635
793,1745693202.8534722,0.046807076781988144
794,1745693215.3132377,0.04831593111157417
795,1745693223.8527255,0.0597321093082428
796,1745693234.647549,0.048554956912994385
797,1745693246.1772509,0.05280188471078873
798,1745693262.9804,0.07231669127941132
799,1745693274.9540977,0.048892125487327576
800,1745693290.3693514,0.04926397651433945
801,1745693296.7372828,0.04165682941675186
802,1745693307.5576935,0.04313340783119202
803,1745693321.570255,0.05935404822230339
804,1745693332.588848,0.0580548420548439
805,1745693345.651097,0.041411980986595154
806,1745693358.1207364,0.039911117404699326
807,1745693370.9800048,0.03448190167546272
808,1745693385.292112,0.06903024762868881
809,1745693398.2607899,0.03965097665786743
810,1745693409.696363,0.05425192415714264
811,1745693421.5343466,0.06098999083042145
812,1745693436.5347083,0.05177149176597595
813,1745693447.090004,0.04982735589146614
814,1745693458.9096522,0.041315872222185135
815,1745693471.5121856,0.03749819099903107
816,1745693480.6232333,0.04401256889104843
817,1745693490.0786917,0.05427120625972748
818,1745693499.1726732,0.03486742079257965
819,1745693512.2436037,0.033883627504110336
820,1745693520.5957608,0.04137696698307991
821,1745693533.2832496,0.023543167859315872
822,1745693546.1954248,0.06570550799369812
823,1745693561.6895087,0.02973090298473835
824,1745693573.4443638,0.048500511795282364
825,1745693579.1571798,0.06435889005661011
826,1745693589.3762727,0.05522644519805908
827,1745693601.8643193,0.06521890312433243
828,1745693607.3926544,0.08796970546245575
829,1745693618.9603307,0.0910249650478363
830,1745693630.769943,0.04724159836769104
831,1745693643.925104,0.03754453361034393
832,1745693654.88623,0.0533616729080677
833,1745693668.6943736,0.055944133549928665
834,1745693679.6816485,0.048729125410318375
835,1745693687.7869473,0.07236836850643158
836,1745693696.9992704,0.027634259313344955
837,1745693707.799727,0.0644674003124237
838,1745693717.7647338,0.032594360411167145
839,1745693727.683603,0.018292797729372978
840,1745693739.8345168,0.06183004751801491
841,1745693754.4636886,0.05624964460730553
842,1745693764.8285348,0.03476857393980026
843,1745693778.8904943,0.05394504964351654
844,1745693791.7453208,0.048255473375320435
845,1745693798.7893937,0.07301373779773712
846,1745693812.9353492,0.05585925653576851
847,1745693822.490786,0.07254669070243835
848,1745693832.5231388,0.02634170651435852
849,1745693844.484725,0.039209041744470596
850,1745693858.4661186,0.05667744576931
851,1745693872.0922213,0.029946114867925644
852,1745693885.6935909,0.045656587928533554
853,1745693896.167593,0.06631062179803848
854,1745693903.2214267,0.13426992297172546
855,1745693916.8018332,0.0792393833398819
856,1745693929.129822,0.05259706452488899
857,1745693942.0962803,0.045472800731658936
858,1745693951.8641167,0.06456190347671509
859,1745693964.076247,0.06779417395591736
860,1745693967.212004,0.022207586094737053
861,1745694034.0436237,0.062329329550266266
862,1745694046.1525524,0.07174365222454071
863,1745694057.3499115,0.08517133444547653
864,1745694068.458894,0.0279063917696476
865,1745694080.375786,0.06621269881725311
866,1745694094.2096689,0.044375013560056686
867,1745694106.6614933,0.04730864241719246
868,1745694114.3731813,0.016212165355682373
869,1745694127.9147074,0.04863675683736801
870,1745694137.920704,0.03646518290042877
871,1745694147.3528721,0.06487494707107544
872,1745694161.8878746,0.03676924481987953
873,1745694175.9797873,0.04883144423365593
874,1745694187.0130372,0.03339404985308647
875,1745694199.0626266,0.05459316447377205
876,1745694208.9690115,0.029037073254585266
877,1745694217.5057719,0.04580285772681236
878,1745694228.6965709,0.04356413334608078
879,1745694238.2005534,0.029454343020915985
880,1745694253.6450827,0.033266980201005936
881,1745694268.5778618,0.046658266335725784
882,1745694281.6991148,0.030659951269626617
883,1745694290.622494,0.04163888469338417
884,1745694303.2979753,0.041979558765888214
885,1745694318.955671,0.04268839582800865
886,1745694328.0253272,0.0242126677185297
887,1745694339.5549242,0.04362993687391281
888,1745694353.4851441,0.03719499707221985
889,1745694361.8562443,0.03997810184955597
890,1745694373.1537037,0.041976556181907654
891,1745694385.6475523,0.05809180438518524
892,1745694398.6761346,0.03553355857729912
893,1745694412.5030906,0.058335207402706146
894,1745694427.5824492,0.04198016971349716
895,1745694438.3045216,0.035554200410842896
896,1745694451.2443073,0.05776135250926018
897,1745694460.4347932,0.01640424132347107
898,1745694470.0848904,0.03693825379014015
899,1745694483.1204898,0.039430320262908936
900,1745694497.6746783,0.055569812655448914
901,1745694509.9945138,0.04070722684264183
902,1745694519.6781445,0.042754098773002625
903,1745694531.694474,0.0680646300315857
904,1745694544.239244,0.027475634589791298
905,1745694554.5720422,0.04039718583226204
906,1745694567.4609816,0.04269956052303314
907,1745694580.0464911,0.06386876851320267
908,1745694591.861603,0.03982209414243698
909,1745694601.863673,0.013601887039840221
910,1745694611.3325517,0.06768329441547394
911,1745694625.6585183,0.03571731969714165
912,1745694637.8208916,0.06881516426801682
913,1745694651.0093765,0.04387007653713226
914,1745694662.0012438,0.04257378727197647
915,1745694672.6654425,0.05335535481572151
916,1745694684.1001396,0.06645269691944122
917,1745694695.8851044,0.06222538277506828
918,1745694708.0116727,0.09940066933631897
919,1745694718.8392673,0.060715701431035995
920,1745694731.221993,0.045144397765398026
921,1745694741.5037568,0.03773833066225052
922,1745694751.164304,0.07987146824598312
923,1745694760.9248512,0.022636856883764267
924,1745694769.5173278,0.049005065113306046
925,1745694781.7181091,0.07112649828195572
926,1745694794.061338,0.04597264155745506
927,1745694805.182859,0.060557253658771515
928,1745694812.9692795,0.09146293997764587
929,1745694824.1481912,0.08303368091583252
930,1745694833.091919,0.04978632926940918
931,1745694844.8542287,0.03278813138604164
932,1745694856.0486665,0.03567642718553543
933,1745694865.598692,0.12184843420982361
934,1745694876.832696,0.048305444419384
935,1745694889.2742226,0.02593129687011242
936,1745694900.0934057,0.05201026424765587
937,1745694913.166357,0.04210386425256729
938,1745694924.9504862,0.0454254187643528
939,1745694933.191465,0.061459731310606
940,1745694943.057253,0.04096943885087967
941,1745694953.508079,0.05230749770998955
942,1745694967.316608,0.06560877710580826
943,1745694976.5866687,0.040611572563648224
944,1745694988.0143578,0.03397118300199509
945,1745694998.5747716,0.03976905718445778
946,1745695002.2536428,0.03682677820324898
947,1745695068.3148584,0.035236656665802
948,1745695080.4734552,0.06477289646863937
949,1745695088.7679782,0.04729912802577019
950,1745695101.6145031,0.030846772715449333
951,1745695112.0344963,0.05823320150375366
952,1745695121.7445061,0.062291037291288376
953,1745695136.2831588,0.037816498428583145
954,1745695144.9066868,0.03264849632978439
955,1745695157.7077641,0.054752055555582047
956,1745695167.419033,0.030783910304307938
957,1745695181.8186789,0.0444304533302784
958,1745695192.3530264,0.043327510356903076
959,1745695201.38859,0.03562880679965019
960,1745695213.3353999,0.03098037838935852
961,1745695228.9298618,0.056891996413469315
962,1745695241.8169236,0.04362320527434349
963,1745695252.0341325,0.056217093020677567
964,1745695261.3062856,0.03768778219819069
965,1745695276.5510871,0.0251432117074728
966,1745695289.2988355,0.04335148632526398
967,1745695293.9413514,0.0654488354921341
968,1745695308.197768,0.04141981527209282
969,1745695320.170643,0.02596629038453102
970,1745695333.4826777,0.06987161189317703
971,1745695350.4775853,0.028435830026865005
972,1745695362.2143235,0.03112000972032547
973,1745695372.3519294,0.04096009582281113
974,1745695382.6558938,0.054716117680072784
975,1745695393.5195105,0.037083763629198074
976,1745695406.8565316,0.059069108217954636
977,1745695417.3706899,0.058158013969659805
978,1745695432.40463,0.03503643721342087
979,1745695445.0897298,0.029547981917858124
980,1745695458.0986786,0.05522645637392998
981,1745695465.615149,0.04269997775554657
982,1745695474.4031267,0.0681392252445221
983,1745695485.0978086,0.06300259381532669
984,1745695495.6104872,0.03574836999177933
985,1745695505.5576494,0.020084833726286888
986,1745695514.7343543,0.019688155502080917
987,1745695526.3286772,0.044357653707265854
988,1745695536.4991972,0.025752024725079536
989,1745695545.133108,0.022291842848062515
990,1745695558.2362711,0.036411724984645844
991,1745695571.1417077,0.045177213847637177
992,1745695582.9987695,0.039032284170389175
993,1745695595.6767664,0.029914800077676773
994,1745695605.3627555,0.034806352108716965
995,1745695621.0925183,0.07156498730182648
996,1745695633.193747,0.042726706713438034
997,1745695643.7225845,0.01155778020620346
998,1745695658.5148933,0.022960161790251732
999,1745695672.459609,0.035070136189460754
1000,1745695685.4833136,0.03092622384428978
1001,1745695699.366689,0.032429493963718414
1002,1745695712.6016624,0.025187809020280838
1003,1745695724.5103683,0.04269643500447273
1004,1745695735.1514528,0.018967173993587494
1005,1745695746.2176144,0.08178973942995071
1006,1745695760.4088116,0.03606157377362251
1007,1745695772.2106788,0.05381261557340622
1008,1745695787.0885277,0.04739692807197571
1009,1745695798.7467096,0.05781526863574982
1010,1745695810.968684,0.025671085342764854
1011,1745695824.0737295,0.045277975499629974
1012,1745695839.4215238,0.0543532520532608
1013,1745695847.4623399,0.06056635081768036
1014,1745695859.6486983,0.07407214492559433
1015,1745695867.493119,0.018495604395866394
1016,1745695876.0609274,0.015580903738737106
1017,1745695888.985072,0.02446516416966915
1018,1745695899.3903067,0.022175703197717667
1019,1745695914.4254868,0.03600521385669708
1020,1745695926.5708945,0.034120939671993256
1021,1745695937.434238,0.04989815130829811
1022,1745695949.9090657,0.029030919075012207
1023,1745695960.9909227,0.04771895334124565
1024,1745695967.3014624,0.05711323022842407
1025,1745695976.3517232,0.042998045682907104
1026,1745695984.3267019,0.0700584352016449
1027,1745695991.108377,0.03234953433275223
1028,1745696003.3296418,0.027858227491378784
1029,1745696018.4886134,0.03672570735216141
1030,1745696027.1458309,0.0404706746339798
1031,1745696039.2918591,0.025513354688882828
1032,1745696041.893628,0.020647503435611725
1033,1745696101.2627017,0.0415000282227993
1034,1745696109.5488393,0.025785624980926514
1035,1745696124.1666813,0.053746022284030914
1036,1745696135.5545723,0.031763527542352676
1037,1745696149.1933727,0.03186839818954468
1038,1745696159.1273427,0.09085991978645325
1039,1745696170.7397528,0.0355270691215992
1040,1745696183.9916673,0.03974378854036331
1041,1745696195.6901252,0.029191825538873672
1042,1745696206.7226577,0.04140404239296913
1043,1745696218.7916758,0.036459505558013916
1044,1745696228.1047966,0.09685637056827545
1045,1745696242.9162557,0.049098946154117584
1046,1745696257.1805332,0.04548674449324608
1047,1745696270.3769736,0.0515902005136013
1048,1745696277.8497498,0.042744655162096024
1049,1745696289.1850128,0.040041323751211166
1050,1745696300.6931977,0.03113025240600109
1051,1745696316.6385996,0.015315108932554722
1052,1745696328.475923,0.03496381640434265
1053,1745696338.4760566,0.022283567115664482
1054,1745696350.131775,0.052729327231645584
1055,1745696360.3533528,0.04407097399234772
1056,1745696373.757931,0.021072298288345337
1057,1745696382.9851422,0.03451492637395859
1058,1745696397.7081146,0.02924109809100628
1059,1745696409.6304688,0.02814982458949089
1060,1745696421.2426875,0.03535091504454613
1061,1745696435.1826153,0.03004205785691738
1062,1745696449.2899015,0.028818540275096893
1063,1745696458.5105793,0.04573632404208183
1064,1745696473.8973029,0.03652642294764519
1065,1745696488.150517,0.0530722476541996
1066,1745696501.875976,0.03800899535417557
1067,1745696514.9565554,0.022304527461528778
1068,1745696529.7243676,0.03983762487769127
1069,1745696544.0980613,0.028472986072301865
1070,1745696554.4252193,0.01332002878189087
1071,1745696564.9072797,0.034841179847717285
1072,1745696577.2085705,0.03622117638587952
1073,1745696587.1011562,0.04154623672366142
1074,1745696600.5037427,0.03424867242574692
1075,1745696611.118358,0.054437149316072464
1076,1745696618.9937706,0.04959333315491676
1077,1745696626.707941,0.04110042005777359
1078,1745696638.4222417,0.03215330094099045
1079,1745696652.0133479,0.023383459076285362
1080,1745696662.3207846,0.025897881016135216
1081,1745696675.190433,0.0353597067296505
1082,1745696686.5577004,0.04523001238703728
1083,1745696695.469144,0.03673778474330902
1084,1745696706.552694,0.014324367046356201
1085,1745696719.068172,0.040550924837589264
1086,1745696731.2182884,0.03205825015902519
1087,1745696742.6300783,0.026173794642090797
1088,1745696753.3782213,0.011826805770397186
1089,1745696762.2287319,0.021718299016356468
1090,1745696776.6608784,0.043914344161748886
1091,1745696793.235946,0.043705545365810394
1092,1745696804.9085975,0.020072555169463158
1093,1745696817.7051663,0.04443759471178055
1094,1745696829.4824743,0.056654371321201324
1095,1745696844.9295719,0.0654139593243599
1096,1745696855.1734607,0.025725504383444786
1097,1745696865.7614434,0.035807907581329346
1098,1745696879.2662907,0.027144135907292366
1099,1745696890.3376834,0.03334307298064232
1100,1745696899.4275315,0.009938004426658154
1101,1745696909.8414989,0.03723664581775665
1102,1745696918.2272153,0.05526495724916458
1103,1745696930.0464778,0.0586908794939518
1104,1745696942.0969362,0.013515437953174114
1105,1745696956.5983753,0.0370059572160244
1106,1745696972.9946842,0.05732722580432892
1107,1745696985.2306607,0.014849694445729256
1108,1745696998.518456,0.039317693561315536
1109,1745697005.5796287,0.01639487035572529
1110,1745697017.929507,0.02631349116563797
1111,1745697026.9965131,0.037234075367450714
1112,1745697039.9989347,0.047062527388334274
1113,1745697047.8106833,0.026726223528385162
1114,1745697058.7440932,0.01711370050907135
1115,1745697072.8334944,0.03482984006404877
1116,1745697083.8341005,0.0707668736577034
1117,1745697095.5293984,0.03622187674045563
1118,1745697099.0916944,0.05312621220946312
1119,1745697173.5120902,0.029533011838793755
1120,1745697182.9333174,0.05147291719913483
1121,1745697191.584825,0.027067307382822037
1122,1745697201.5697591,0.0604499876499176
1123,1745697217.3610673,0.018422657623887062
1124,1745697229.9440105,0.05268863961100578
1125,1745697239.7986584,0.019972575828433037
1126,1745697249.7706678,0.03528391942381859
1127,1745697259.6469066,0.026148729026317596
1128,1745697271.00225,0.03928958997130394
1129,1745697286.1581602,0.02935243584215641
1130,1745697297.7110755,0.042346615344285965
1131,1745697313.693099,0.03245217353105545
1132,1745697326.314313,0.035049524158239365
1133,1745697340.635408,0.023129932582378387
1134,1745697353.1570163,0.0199375469237566
1135,1745697363.956391,0.038702551275491714
1136,1745697376.5414064,0.021440895274281502
1137,1745697385.7130334,0.03523740917444229
1138,1745697397.192026,0.01892024278640747
1139,1745697410.3358545,0.055201251059770584
1140,1745697424.6716764,0.036883268505334854
1141,1745697438.018325,0.025741925463080406
1142,1745697447.6949701,0.019282277673482895
1143,1745697457.7672844,0.015093077905476093
1144,1745697469.9442208,0.0213616993278265
1145,1745697478.9138906,0.032063376158475876
1146,1745697488.9632266,0.05413331463932991
1147,1745697498.7448263,0.03898407518863678
1148,1745697509.475777,0.02817271463572979
1149,1745697519.879839,0.02912118285894394
1150,1745697530.8306937,0.019932596012949944
1151,1745697540.598946,0.03982015699148178
1152,1745697552.534212,0.021673286333680153
1153,1745697567.4444265,0.0633072480559349
1154,1745697577.1300464,0.008974453434348106
1155,1745697591.3983548,0.04268660023808479
1156,1745697602.669872,0.009734713472425938
1157,1745697612.6024222,0.036874495446681976
1158,1745697621.3726873,0.046038080006837845
1159,1745697630.9740734,0.033982615917921066
1160,1745697640.03148,0.039727985858917236
1161,1745697656.634585,0.026982096955180168
1162,1745697670.8986888,0.02387026697397232
1163,1745697683.8474545,0.029449576511979103
1164,1745697694.0356724,0.03901463374495506
1165,1745697701.4626925,0.025737673044204712
1166,1745697711.9911838,0.03401736915111542
1167,1745697724.754538,0.021771688014268875
1168,1745697735.1974666,0.027597052976489067
1169,1745697748.1928515,0.0246144849807024
1170,1745697762.5857153,0.022357160225510597
1171,1745697775.621673,0.03247325122356415
1172,1745697787.0852377,0.01180777233093977
1173,1745697801.5403945,0.02535608969628811
1174,1745697811.3925545,0.02551770582795143
1175,1745697819.0426836,0.06194242835044861
1176,1745697832.9442062,0.026760529726743698
1177,1745697849.6975756,0.05054206773638725
1178,1745697863.2104917,0.015679504722356796
1179,1745697870.2389548,0.017567886039614677
1180,1745697881.7636523,0.048113733530044556
1181,1745697893.3121948,0.04152693971991539
1182,1745697904.8294222,0.05029002204537392
1183,1745697915.5804014,0.014832491055130959
1184,1745697926.3430734,0.01617291383445263
1185,1745697941.0263922,0.03146769851446152
1186,1745697953.4526393,0.02103756181895733
1187,1745697964.4140012,0.02948070876300335
1188,1745697973.873984,0.03622426837682724
1189,1745697986.7182379,0.021063530817627907
1190,1745697994.6931438,0.05004798620939255
1191,1745698009.0553322,0.014235526323318481
1192,1745698020.7256873,0.031197097152471542
1193,1745698035.5167887,0.03908134996891022
1194,1745698043.8778207,0.02794254757463932
1195,1745698053.9810631,0.03978922218084335
1196,1745698063.2773197,0.01946495659649372
1197,1745698069.9820929,0.06499096751213074
1198,1745698081.2991014,0.054204367101192474
1199,1745698095.2943103,0.022587545216083527
1200,1745698107.9921036,0.052320804446935654
1201,1745698125.91074,0.04970098286867142
1202,1745698136.4256964,0.015115132555365562
1203,1745698142.5374057,0.0535007081925869
1204,1745698146.7274961,0.0032504727132618427
1205,1745698219.9953625,0.01431444101035595
1206,1745698232.8426816,0.03201192989945412
1207,1745698239.6569738,0.028879188001155853
1208,1745698250.15353,0.01868402399122715
1209,1745698260.5538933,0.04519859328866005
1210,1745698272.1717095,0.04361516609787941
1211,1745698284.1084213,0.03238041698932648
1212,1745698294.9315534,0.042816728353500366
1213,1745698304.099472,0.019145876169204712
1214,1745698312.8049126,0.024844041094183922
1215,1745698325.6038635,0.034609273076057434
1216,1745698335.313674,0.02952749654650688
1217,1745698344.4136848,0.0077399564906954765
1218,1745698359.2186778,0.022844940423965454
1219,1745698373.1560197,0.019308743998408318
1220,1745698386.0266693,0.026255061849951744
1221,1745698401.9744933,0.0259943138808012
1222,1745698413.0615118,0.022665373980998993
1223,1745698422.7114637,0.03564842417836189
1224,1745698429.0306022,0.032987967133522034
1225,1745698439.9296477,0.06292329728603363
1226,1745698452.1836476,0.028323449194431305
1227,1745698465.267128,0.01091248169541359
1228,1745698476.810368,0.021205225959420204
1229,1745698485.400664,0.02101820334792137
1230,1745698497.2585657,0.030766215175390244
1231,1745698508.494778,0.021633155643939972
1232,1745698516.5217226,0.01744992658495903
1233,1745698530.6694937,0.03331201151013374
1234,1745698541.193107,0.035995036363601685
1235,1745698554.1459162,0.03579450398683548
1236,1745698564.1746812,0.020230285823345184
1237,1745698578.53105,0.03382866829633713
1238,1745698586.7315218,0.021564343944191933
1239,1745698598.6998901,0.012865833006799221
1240,1745698611.8826876,0.022818170487880707
1241,1745698623.003541,0.029172377660870552
1242,1745698635.811856,0.014300080947577953
1243,1745698648.2347834,0.039963509887456894
1244,1745698666.4317198,0.030484875664114952
1245,1745698675.7871778,0.0172292310744524
1246,1745698681.945653,0.00794986542314291
1247,1745698694.7251446,0.012972197495400906
1248,1745698710.9538662,0.034202300012111664
1249,1745698722.8463957,0.0438719242811203
1250,1745698737.8823056,0.018317965790629387
1251,1745698750.154141,0.04029618948698044
1252,1745698765.841571,0.03593934699892998
1253,1745698780.0146897,0.02272077091038227
1254,1745698787.517453,0.0255160853266716
1255,1745698798.871928,0.006763835437595844
1256,1745698811.6643357,0.02431734837591648
1257,1745698823.475146,0.041298359632492065
1258,1745698837.5751517,0.023119529709219933
1259,1745698847.929766,0.015586170367896557
1260,1745698860.073901,0.02735595405101776
1261,1745698869.5770836,0.03136502951383591
1262,1745698879.7137444,0.028976958245038986
1263,1745698891.9160552,0.025618189945816994
1264,1745698902.202465,0.02288741059601307
1265,1745698911.0368576,0.016392946243286133
1266,1745698921.230694,0.025343172252178192
1267,1745698933.8155963,0.024136539548635483
1268,1745698954.3244848,0.04409535601735115
1269,1745698965.1740808,0.02894042432308197
1270,1745698976.7141242,0.025401068851351738
1271,1745698988.4550557,0.023941967636346817
1272,1745698998.24303,0.014064057730138302
1273,1745699012.8437853,0.02266777493059635
1274,1745699024.7998781,0.020694740116596222
1275,1745699035.5057364,0.019993208348751068
1276,1745699041.9237914,0.019405221566557884
1277,1745699053.1306732,0.022507505491375923
1278,1745699067.2749765,0.018133575096726418
1279,1745699079.573785,0.020492805168032646
1280,1745699095.3008163,0.0556379035115242
1281,1745699108.5048778,0.009764221496880054
1282,1745699113.4995828,0.034351348876953125
1283,1745699125.3095758,0.031554050743579865
1284,1745699135.966469,0.0335419587790966
1285,1745699145.7735932,0.016827097162604332
1286,1745699158.1776447,0.05526729300618172
1287,1745699164.719384,0.051194626837968826
1288,1745699173.2510529,0.029722796753048897
1289,1745699182.6517437,0.01804979331791401
1290,1745699185.6203063,0.02012025937438011
1291,1745699259.3416758,0.0434536375105381
1292,1745699277.627608,0.027392685413360596
1293,1745699286.3466842,0.025345349684357643
1294,1745699296.3949738,0.05270052328705788
1295,1745699308.2305157,0.04077561944723129
1296,1745699319.3781867,0.003890680382028222
1297,1745699332.2946775,0.030710505321621895
1298,1745699344.9060352,0.018795711919665337
1299,1745699356.2379935,0.03520888090133667
1300,1745699367.9998977,0.018982702866196632
1301,1745699379.2338026,0.023084893822669983
1302,1745699388.638188,0.01940840668976307
1303,1745699399.4720402,0.010905683971941471
1304,1745699407.9807706,0.015864381566643715
1305,1745699416.3826714,0.009605580009520054
1306,1745699424.9121,0.009658295661211014
1307,1745699435.0409393,0.022649934515357018
1308,1745699444.8419404,0.01726113073527813
1309,1745699463.11689,0.011277466081082821
1310,1745699477.9859407,0.02395918220281601
1311,1745699489.0568573,0.012389728799462318
1312,1745699505.111358,0.029196638613939285
1313,1745699516.3432662,0.03143391013145447
1314,1745699527.1249106,0.015118777751922607
1315,1745699537.6106396,0.015454706735908985
1316,1745699546.5915015,0.02187393233180046
1317,1745699558.931246,0.03301859647035599
1318,1745699573.2086058,0.027709661051630974
1319,1745699586.084218,0.02864663675427437
1320,1745699597.0494826,0.026758208870887756
1321,1745699604.6198967,0.020938435569405556
1322,1745699612.5815518,0.023127887398004532
1323,1745699623.4877398,0.023241475224494934
1324,1745699637.118678,0.060719095170497894
1325,1745699650.0306897,0.014044800773262978
1326,1745699659.074285,0.013081296347081661
1327,1745699669.6449163,0.008034095168113708
1328,1745699682.3275595,0.04500539228320122
1329,1745699698.7270875,0.013165060430765152
1330,1745699706.889396,0.04227301850914955
1331,1745699720.386136,0.013028062880039215
1332,1745699730.9307406,0.010171547532081604
1333,1745699743.298589,0.010311346501111984
1334,1745699754.672671,0.04280965402722359
1335,1745699769.8506868,0.03511366248130798
1336,1745699781.021737,0.019090324640274048
1337,1745699793.169984,0.015949424356222153
1338,1745699805.1386993,0.01585204526782036
1339,1745699812.980944,0.03652606159448624
1340,1745699825.033233,0.03134269267320633
1341,1745699839.274674,0.025110119953751564
1342,1745699852.9288888,0.02092655748128891
1343,1745699865.1966343,0.011570578441023827
1344,1745699878.5465593,0.03761807084083557
1345,1745699889.439194,0.018966203555464745
1346,1745699901.7505074,0.03599810227751732
1347,1745699910.4665847,0.01956990547478199
1348,1745699922.438018,0.015689557418227196
1349,1745699931.086295,0.02345278300344944
1350,1745699946.1435494,0.026650868356227875
1351,1745699960.774664,0.02211892418563366
1352,1745699971.1920831,0.02412867359817028
1353,1745699980.275266,0.03195613995194435
1354,1745699989.4967413,0.015380856581032276
1355,1745700001.5606894,0.02582453191280365
1356,1745700011.0805266,0.014860495924949646
1357,1745700020.0641267,0.010304625146090984
1358,1745700031.8700876,0.027910275384783745
1359,1745700041.6555564,0.006357386242598295
1360,1745700056.7026765,0.01597021520137787
1361,1745700060.9974983,0.013981598429381847
1362,1745700072.9259424,0.0463385246694088
1363,1745700088.0609813,0.017208930104970932
1364,1745700107.1305203,0.048004940152168274
1365,1745700116.2120457,0.0367007851600647
1366,1745700125.5737116,0.028337599709630013
1367,1745700135.7919545,0.024921035394072533
1368,1745700149.2709665,0.029281314462423325
1369,1745700159.5116568,0.004676870536059141
1370,1745700171.1517954,0.04702679067850113
1371,1745700181.8850033,0.013911367394030094
1372,1745700189.5884259,0.021616125479340553
1373,1745700196.065113,0.019789259880781174
1374,1745700205.288117,0.02832069620490074
1375,1745700213.4274867,0.021080033853650093
1376,1745700215.6972938,0.07523110508918762
1377,1745700292.4670367,0.01689126342535019
1378,1745700307.359175,0.0298377126455307
1379,1745700317.8938525,0.016230348497629166
1380,1745700327.4960582,0.020801005885004997
1381,1745700340.003544,0.013557635247707367
1382,1745700352.5924754,0.01798420213162899
1383,1745700363.9387994,0.018043411895632744
1384,1745700376.1749501,0.01263183169066906
1385,1745700386.584093,0.021059798076748848
1386,1745700397.7453632,0.01914265751838684
1387,1745700409.80225,0.01898007281124592
1388,1745700423.02821,0.01114327646791935
1389,1745700438.1387982,0.022626513615250587
1390,1745700452.5443125,0.015020874328911304
1391,1745700462.8486977,0.009975612163543701
1392,1745700471.9307306,0.01695559360086918
1393,1745700484.7963724,0.013148708269000053
1394,1745700497.3055177,0.01651814393699169
1395,1745700511.0082161,0.009640022180974483
1396,1745700525.1206746,0.03304806724190712
1397,1745700537.0559578,0.01581767573952675
1398,1745700549.1741905,0.014653765596449375
1399,1745700564.3247268,0.034652434289455414
1400,1745700570.1111174,0.019755424931645393
1401,1745700580.8674104,0.009790283627808094
1402,1745700597.1972423,0.031469639390707016
1403,1745700611.5988705,0.021300220862030983
1404,1745700623.5800524,0.011901809833943844
1405,1745700637.003314,0.02504495531320572
1406,1745700645.8743474,0.009517636150121689
1407,1745700656.1663704,0.009795653633773327
1408,1745700670.5886016,0.019833708181977272
1409,1745700683.611923,0.018106834962964058
1410,1745700687.90547,0.013289864175021648
1411,1745700698.3384056,0.024765606969594955
1412,1745700708.4598746,0.022786324843764305
1413,1745700719.3506956,0.03875725716352463
1414,1745700728.422767,0.0023782108910381794
1415,1745700741.512756,0.014552014879882336
1416,1745700756.6641712,0.014785803854465485
1417,1745700771.5747101,0.01017056591808796
1418,1745700781.1717474,0.01841391623020172
1419,1745700795.6473582,0.011158725246787071
1420,1745700803.2410765,0.032599013298749924
1421,1745700816.0837402,0.01251873467117548
1422,1745700823.2965164,0.023822281509637833
1423,1745700838.9911861,0.036692652851343155
1424,1745700849.7962132,0.019777478650212288
1425,1745700861.8910456,0.014220940880477428
1426,1745700874.6746902,0.023574870079755783
1427,1745700886.700147,0.012418177910149097
1428,1745700901.7682657,0.03153962269425392
1429,1745700913.6413903,0.008895684964954853
1430,1745700926.3493783,0.016878042370080948
1431,1745700937.7837656,0.01117972657084465
1432,1745700948.945749,0.01998027041554451
1433,1745700956.6212032,0.006223332602530718
1434,1745700967.8680322,0.024443477392196655
1435,1745700979.6718435,0.011882535181939602
1436,1745700986.3124158,0.0170435830950737
1437,1745700997.423627,0.014111646451056004
1438,1745701010.8917553,0.0131907993927598
1439,1745701022.6186874,0.021172920241951942
1440,1745701036.7959843,0.005621494259685278
1441,1745701047.7281628,0.020727725699543953
1442,1745701061.2701964,0.007815335877239704
1443,1745701075.551559,0.01475599966943264
1444,1745701088.170995,0.017191428691148758
1445,1745701100.5937274,0.009253131225705147
1446,1745701116.2747462,0.012952624820172787
1447,1745701127.601358,0.00582926394417882
1448,1745701140.3946922,0.010223678313195705
1449,1745701158.3006976,0.013987798243761063
1450,1745701170.3513615,0.014204676263034344
1451,1745701180.40773,0.015905199572443962
1452,1745701192.1394353,0.02397221326828003
1453,1745701203.3040545,0.014988522976636887
1454,1745701212.0939407,0.013079293072223663
1455,1745701225.1264465,0.014014801010489464
1456,1745701237.570289,0.01780799962580204
1457,1745701245.7329683,0.016185399144887924
1458,1745701251.6226745,0.006722795777022839
1459,1745701260.655052,0.0255753081291914
1460,1745701269.3496642,0.001982156652957201
1461,1745701280.342341,0.02296389453113079
1462,1745701282.6871426,0.000920317426789552
1463,1745701358.0195775,0.025670938193798065
1464,1745701369.628215,0.005533174611628056
1465,1745701385.0460627,0.010106462985277176
1466,1745701399.4296868,0.010897808708250523
1467,1745701412.4477496,0.00708359107375145
1468,1745701423.3547702,0.009932287968695164
1469,1745701436.3784175,0.01025327667593956
1470,1745701444.0947392,0.018628982827067375
1471,1745701455.4478722,0.011550091207027435
1472,1745701468.0319543,0.006800589617341757
1473,1745701475.6036417,0.03586999699473381
1474,1745701486.897897,0.007677058689296246
1475,1745701499.2056231,0.014527556486427784
1476,1745701507.7899868,0.009700042195618153
1477,1745701517.8901212,0.00586659274995327
1478,1745701530.9348874,0.0042132786475121975
1479,1745701543.2585857,0.011750265955924988
1480,1745701552.1439638,0.0062314667738974094
1481,1745701563.5752547,0.0017398851923644543
1482,1745701573.6521602,0.007525240071117878
1483,1745701585.9161682,0.015285414643585682
1484,1745701598.6175869,0.013103647157549858
1485,1745701611.0295563,0.005875186063349247
1486,1745701620.9767332,0.014959796331822872
1487,1745701633.005544,0.014738569967448711
1488,1745701642.5781152,0.006981297861784697
1489,1745701653.7321196,0.0035947959404438734
1490,1745701664.3293023,0.024864621460437775
1491,1745701673.7091482,0.013283430598676205
1492,1745701684.6886883,0.01187027245759964
1493,1745701695.8139226,0.0071649313904345036
1494,1745701708.613405,0.02045038715004921
1495,1745701721.5695481,0.007606734521687031
1496,1745701732.6920037,0.007936232723295689
1497,1745701742.016152,0.01599942520260811
1498,1745701757.6584516,0.018147362396121025
1499,1745701771.1164412,0.015223118476569653
1500,1745701780.0447023,0.006633989047259092
1501,1745701785.5509636,0.006741405930370092
1502,1745701799.7212718,0.004375603049993515
1503,1745701810.126421,0.03707833215594292
1504,1745701823.8569577,0.01101300586014986
1505,1745701838.739661,0.011071561835706234
1506,1745701848.6271262,0.016415216028690338
1507,1745701862.4471433,0.014791944064199924
1508,1745701871.705346,0.008507422171533108
1509,1745701882.5616126,0.005376202519983053
1510,1745701894.7816863,0.015332290902733803
1511,1745701906.4739563,0.015089497901499271
1512,1745701917.455311,0.006396069657057524
1513,1745701932.4890924,0.009983062744140625
1514,1745701943.428666,0.018632765859365463
1515,1745701955.3009698,0.011985067278146744
1516,1745701965.1552505,0.004123452585190535
1517,1745701978.5859616,0.00760950380936265
1518,1745701990.2325602,0.02696400322020054
1519,1745702001.3285217,0.011322560720145702
1520,1745702011.8236213,0.012520421296358109
1521,1745702025.5863097,0.010466278530657291
1522,1745702037.2197073,0.008818491362035275
1523,1745702052.381457,0.007578832097351551
1524,1745702065.5965662,0.013731894083321095
1525,1745702077.191276,0.013528559356927872
1526,1745702085.3694892,0.004320505540817976
1527,1745702094.539957,0.007365216501057148
1528,1745702106.6081643,0.00958668626844883
1529,1745702119.1573434,0.007441092748194933
1530,1745702131.0033145,0.01708310842514038
1531,1745702143.1085515,0.004775764420628548
1532,1745702153.1211183,0.020170627161860466
1533,1745702165.363108,0.028209852054715157
1534,1745702174.5426104,0.025079797953367233
1535,1745702182.9537578,0.021780265495181084
1536,1745702197.1745625,0.03160399943590164
1537,1745702208.5609887,0.0053442358039319515
1538,1745702222.4041233,0.01849147491157055
1539,1745702231.9457543,0.019213255494832993
1540,1745702242.8065143,0.016967499628663063
1541,1745702249.212032,0.016428086906671524
1542,1745702258.794416,0.017131203785538673
1543,1745702269.059702,0.0525052584707737
1544,1745702277.1874647,0.004673387389630079
1545,1745702289.517709,0.009282022714614868
1546,1745702295.6508892,0.015052054077386856
1547,1745702306.326949,0.021418247371912003
1548,1745702309.3099322,0.04803323373198509
1549,1745702387.1249251,0.0029031489975750446
1550,1745702399.0088809,0.007833567447960377
1551,1745702415.6708188,0.05109773203730583
1552,1745702429.693926,0.004370357375591993
1553,1745702440.0479107,0.002840348519384861
1554,1745702449.5668125,0.01834087446331978
1555,1745702463.030022,0.01853134296834469
1556,1745702472.68182,0.0410257987678051
1557,1745702486.8532388,0.014089715667068958
1558,1745702500.8756843,0.009418492205440998
1559,1745702511.156871,0.0314420685172081
1560,1745702522.7824788,0.008558210916817188
1561,1745702532.33531,0.002060790080577135
1562,1745702542.1504636,0.013810128904879093
1563,1745702551.4102736,0.004098802339285612
1564,1745702562.7677712,0.010020051151514053
1565,1745702571.9382765,0.011717278510332108
1566,1745702581.434687,0.016514543443918228
1567,1745702592.7606604,0.016828177496790886
1568,1745702601.2437334,0.012270323000848293
1569,1745702610.0823352,0.013834680430591106
1570,1745702620.3752282,0.010987980291247368
1571,1745702630.9417028,0.01118974294513464
1572,1745702642.8067007,0.0142070846632123
1573,1745702655.4386847,0.01300768181681633
1574,1745702668.803356,0.015297590754926205
1575,1745702680.559618,0.011781668290495872
1576,1745702691.6307018,0.007739098276942968
1577,1745702699.7882237,0.007032277062535286
1578,1745702713.4210887,0.0016060679918155074
1579,1745702727.8727434,0.015896311029791832
1580,1745702737.9194202,0.018635086715221405
1581,1745702751.6606781,0.017127515748143196
1582,1745702762.178763,0.012617229484021664
1583,1745702773.4457407,0.012054245918989182
1584,1745702785.5866563,0.013069024309515953
1585,1745702796.903771,0.00939562264829874
1586,1745702807.2522902,0.007394018582999706
1587,1745702818.3703806,0.0077390847727656364
1588,1745702828.5946856,0.008215377107262611
1589,1745702836.2746856,0.003872982459142804
1590,1745702847.91908,0.009569412097334862
1591,1745702859.9376318,0.008688081055879593
1592,1745702872.4867,0.016782227903604507
1593,1745702883.718987,0.006460922304540873
1594,1745702891.8755972,0.005475901998579502
1595,1745702904.4247525,0.010935329832136631
1596,1745702914.379469,0.006911317352205515
1597,1745702926.1250925,0.007634454872459173
1598,1745702940.9461339,0.004318001214414835
1599,1745702952.6796002,0.009515825659036636
1600,1745702962.8957362,0.010904941707849503
1601,1745702975.7331202,0.011664408259093761
1602,1745702984.0283594,0.005598211660981178
1603,1745702994.4616644,0.00900473352521658
1604,1745703005.2868464,0.008167828433215618
1605,1745703016.4580717,0.006399736739695072
1606,1745703026.0993915,0.009338644333183765
1607,1745703035.871811,0.00623934343457222
1608,1745703047.199811,0.009198060259222984
1609,1745703060.9030836,0.014006434939801693
1610,1745703071.1542928,0.013396657072007656
1611,1745703081.7248428,0.004587412811815739
1612,1745703097.465855,0.004655118566006422
1613,1745703107.1906042,0.006901351734995842
1614,1745703120.3662007,0.006650083232671022
1615,1745703136.1172862,0.0063207317143678665
1616,1745703150.080696,0.0058152624405920506
1617,1745703160.713036,0.011641113087534904
1618,1745703171.042283,0.01345120370388031
1619,1745703184.206084,0.016936827450990677
1620,1745703197.6808183,0.0037596633192151785
1621,1745703212.9266894,0.0038102469407022
1622,1745703227.4229558,0.01088460348546505
1623,1745703244.5069394,0.003346299519762397
1624,1745703262.0845585,0.01839444972574711
1625,1745703271.7891352,0.004813935607671738
1626,1745703280.628702,0.01464304979890585
1627,1745703292.027662,0.014254344627261162
1628,1745703303.7060323,0.013107682578265667
1629,1745703309.837467,0.014786086976528168
1630,1745703321.2942955,0.009921967051923275
1631,1745703331.0551329,0.008509832434356213
1632,1745703340.0982385,0.005672612693160772
1633,1745703348.1617746,0.008685733191668987
1634,1745703351.0204499,0.007535581476986408
1635,1745703422.4300592,0.003706605639308691
1636,1745703439.3086395,0.0044974046759307384
1637,1745703447.4488497,0.005734761245548725
1638,1745703462.4346726,0.0040538315661251545
1639,1745703473.4087956,0.00733472453430295
1640,1745703487.8696043,0.007158274762332439
1641,1745703496.2148,0.0049757882952690125
1642,1745703508.652599,0.005041581112891436
1643,1745703521.0253952,0.002156388247385621
1644,1745703534.2696962,0.004449298605322838
1645,1745703541.1131406,0.005366018507629633
1646,1745703551.143699,0.004828086122870445
1647,1745703564.4428198,0.0059891329146921635
1648,1745703577.5208578,0.014761177822947502
1649,1745703591.4336805,0.00321182026527822
1650,1745703597.7906055,0.006385141517966986
1651,1745703610.4870336,0.013425827957689762
1652,1745703620.171157,0.014293943531811237
1653,1745703638.378473,0.004560720641165972
1654,1745703651.2225406,0.012564288452267647
1655,1745703663.454055,0.015528243966400623
1656,1745703678.2933455,0.008734804578125477
1657,1745703691.6583965,0.0020449738949537277
1658,1745703699.640482,0.013733608648180962
1659,1745703710.6759124,0.01080421730875969
1660,1745703721.3515015,0.007569911889731884
1661,1745703733.854563,0.005915655288845301
1662,1745703746.8658795,0.021756116300821304
1663,1745703758.7897546,0.00676950067281723
1664,1745703769.9669986,0.006871811579912901
1665,1745703779.0672154,0.0031892035622149706
1666,1745703789.229866,0.007617801893502474
1667,1745703804.0641825,0.004522237461060286
1668,1745703813.869521,0.006898209918290377
1669,1745703829.3010826,0.0052090296521782875
1670,1745703845.4193845,0.008832060731947422
1671,1745703861.9551632,0.027123665437102318
1672,1745703874.2253776,0.0011250332463532686
1673,1745703888.1893058,0.010401769541203976
1674,1745703898.6111405,0.006548953242599964
1675,1745703910.492712,0.007667979691177607
1676,1745703922.18056,0.003949481062591076
1677,1745703934.4275916,0.009805982932448387
1678,1745703943.3437383,0.0010740573052316904
1679,1745703954.6259358,0.002553999423980713
1680,1745703963.7887726,0.005502361338585615
1681,1745703977.2811215,0.0088205486536026
1682,1745703991.6130078,0.007821097038686275
1683,1745704002.7744591,0.006891925819218159
1684,1745704011.062666,0.0016317761037498713
1685,1745704024.1671817,0.0058259726502001286
1686,1745704037.6364846,0.002319065388292074
1687,1745704046.4958014,0.00385050056502223
1688,1745704059.1279428,0.003133724443614483
1689,1745704068.890433,0.0038240377325564623
1690,1745704081.6054752,0.006272130645811558
1691,1745704096.0554202,0.011504829861223698
1692,1745704105.8353994,0.0025476173032075167
1693,1745704116.5203846,0.004014498088508844
1694,1745704127.0436974,0.017352895811200142
1695,1745704135.9566262,0.016413191333413124
1696,1745704148.9094055,0.0070309387519955635
1697,1745704161.0207565,0.009045046754181385
1698,1745704168.8399463,0.00893430970609188
1699,1745704180.2547464,0.01586269401013851
1700,1745704191.5185668,0.008475358597934246
1701,1745704203.751587,0.0215260349214077
1702,1745704214.4506762,0.02465529553592205
1703,1745704226.5244596,0.012402147054672241
1704,1745704234.2969992,0.015154523774981499
1705,1745704246.5165608,0.012319574132561684
1706,1745704261.2873952,0.019839921966195107
1707,1745704271.3124418,0.00968261994421482
1708,1745704283.1125624,0.001854108297266066
1709,1745704297.5950472,0.04457402974367142
1710,1745704308.517059,0.014703522436320782
1711,1745704321.2025883,0.006849408615380526
1712,1745704332.5269728,0.00420258566737175
1713,1745704337.3312826,0.030936887487769127
1714,1745704347.442021,0.002803785027936101
1715,1745704359.5802557,0.002052609110251069
1716,1745704374.1325336,0.02443104423582554
1717,1745704382.5316825,0.0225367434322834
1718,1745704390.9378617,0.009257356636226177
1719,1745704397.950481,0.006635753437876701
1720,1745704400.0902424,0.018052738159894943
1721,1745704470.615609,0.011263891123235226
1722,1745704483.2560973,0.004763686563819647
1723,1745704495.9331007,0.0026708177756518126
1724,1745704509.8983696,0.013624622486531734
1725,1745704522.404772,0.005130685865879059
1726,1745704536.1267972,0.017425689846277237
1727,1745704549.474741,0.006018450483679771
1728,1745704559.4544375,0.009540087543427944
1729,1745704570.5715828,0.008232726715505123
1730,1745704582.9616385,0.001444903900846839
1731,1745704592.2452133,0.004206208977848291
1732,1745704604.8976498,0.003125363728031516
1733,1745704617.6446955,0.00657958909869194
1734,1745704621.8699307,0.007152826525270939
1735,1745704635.7185748,0.0017313826829195023
1736,1745704648.2903554,0.004740544594824314
1737,1745704657.518486,0.007211444899439812
1738,1745704670.9067495,0.00529041513800621
1739,1745704679.5579777,0.005313773173838854
1740,1745704692.2426999,0.0034930843394249678
1741,1745704702.5531101,0.017731057479977608
1742,1745704715.9056962,0.009560257196426392
1743,1745704724.4539537,0.0070840418338775635
1744,1745704732.9011095,0.02695654146373272
1745,1745704745.439565,0.004457503091543913
1746,1745704758.4678328,0.006463375873863697
1747,1745704773.0408716,0.00583442859351635
1748,1745704782.2015624,0.008928495459258556
1749,1745704790.9492223,0.027865996584296227
1750,1745704802.7786808,0.007806318812072277
1751,1745704812.8956015,0.0017414225731045008
1752,1745704826.4727738,0.023095253854990005
1753,1745704837.4117568,0.020174819976091385
1754,1745704848.7580726,0.006280799861997366
1755,1745704858.604549,0.007277200929820538
1756,1745704867.1253867,0.014732460491359234
1757,1745704880.8849428,0.02373492158949375
1758,1745704891.2177217,0.008141621015965939
1759,1745704904.5045936,0.008806765079498291
1760,1745704914.7987106,0.011309261433780193
1761,1745704928.945106,0.012341519817709923
1762,1745704936.8984158,0.0022781977895647287
1763,1745704951.5069122,0.011188661679625511
1764,1745704965.5531547,0.006098246667534113
1765,1745704976.58465,0.009593683294951916
1766,1745704989.8684363,0.015416910871863365
1767,1745704998.6734533,0.0028685613069683313
1768,1745705009.71365,0.012814207933843136
1769,1745705018.803316,0.0020697694271802902
1770,1745705027.5946703,0.006277343258261681
1771,1745705040.3753867,0.01947464421391487
1772,1745705053.4269025,0.008889897726476192
1773,1745705066.714108,0.004158820025622845
1774,1745705079.2440634,0.010454331524670124
1775,1745705093.3439023,0.02179121971130371
1776,1745705109.2712722,0.006809107959270477
1777,1745705123.2986808,0.0066555398516356945
1778,1745705134.0186617,0.01622754894196987
1779,1745705145.7565808,0.0024613786954432726
1780,1745705158.2565453,0.005379591602832079
1781,1745705167.1591427,0.002516471315175295
1782,1745705179.0919015,0.0015510325320065022
1783,1745705189.7164,0.003115040482953191
1784,1745705198.9787064,0.00672327121719718
1785,1745705212.5303314,0.005460737738758326
1786,1745705224.7122877,0.01231969241052866
1787,1745705235.3074436,0.004502795170992613
1788,1745705247.1841896,0.008442348800599575
1789,1745705260.014441,0.003351564286276698
1790,1745705272.5211,0.005264138802886009
1791,1745705280.907255,0.008336261846125126
1792,1745705291.2258198,0.0004445668600965291
1793,1745705305.3066857,0.007297874428331852
1794,1745705316.3441558,0.01337637659162283
1795,1745705328.8421643,0.008436966687440872
1796,1745705338.6088784,0.0065398868173360825
1797,1745705349.7599497,0.004639036487787962
1798,1745705360.407337,0.0010359123116359115
1799,1745705372.4267957,0.005211282055824995
1800,1745705382.6178913,0.006514494773000479
1801,1745705393.7192032,0.002370350994169712
1802,1745705403.3543003,0.01015249453485012
1803,1745705414.8617349,0.011044624261558056
1804,1745705423.5242026,0.0043882220052182674
1805,1745705427.6640065,0.0051001389510929585
1806,1745705428.0539901,0.022834962233901024
1807,1745705503.0392716,0.007562413811683655
1808,1745705513.7510188,0.0048120166175067425
1809,1745705524.1849833,0.004204488825052977
1810,1745705539.3228655,0.004959972109645605
1811,1745705550.5180566,0.034695159643888474
1812,1745705561.5418463,0.012612813152372837
1813,1745705573.7081223,0.0021238578483462334
1814,1745705586.7063413,0.004592819605022669
1815,1745705593.5731745,0.0012840653071179986
1816,1745705607.105391,0.011616525240242481
1817,1745705617.8821476,0.010528053157031536
1818,1745705628.2247028,0.0055770245380699635
1819,1745705638.6414278,0.0015229532727971673
1820,1745705647.3528457,0.007188395131379366
1821,1745705658.308299,0.003734760219231248
1822,1745705670.8362648,0.008193759247660637
1823,1745705679.3208048,0.003439282765612006
1824,1745705693.3017948,0.008088251575827599
1825,1745705704.2339919,0.002706126542761922
1826,1745705715.7366624,0.004286702256649733
1827,1745705722.333643,0.0014012857573106885
1828,1745705734.2832057,0.0014081512345001101
1829,1745705749.6121452,0.005923133809119463
1830,1745705758.53172,0.008327229879796505
1831,1745705769.9671633,0.005051381420344114
1832,1745705782.008197,0.003573168069124222
1833,1745705792.3793082,0.0010712903458625078
1834,1745705806.4214032,0.006596265826374292
1835,1745705816.3398175,0.006664482410997152
1836,1745705823.8730645,0.002993139438331127
1837,1745705835.1013837,0.012729949317872524
1838,1745705849.755012,0.0031213366892188787
1839,1745705862.850279,0.004019543528556824
1840,1745705873.7100523,0.002656388795003295
1841,1745705887.1895509,0.007013872731477022
1842,1745705898.9946797,0.0028355764225125313
1843,1745705906.0003939,0.0032465015538036823
1844,1745705916.910075,0.006355000659823418
1845,1745705928.4061878,0.002496148692443967
1846,1745705941.1911001,0.003193705342710018
1847,1745705952.1046734,0.002551628276705742
1848,1745705964.9893906,0.004284351598471403
1849,1745705975.0248466,0.0031271178741008043
1850,1745705986.3461125,0.002889577066525817
1851,1745705999.5019302,0.003285277634859085
1852,1745706011.767918,0.011265970766544342
1853,1745706019.6518407,0.003645141376182437
1854,1745706030.820284,0.011644430458545685
1855,1745706042.7976713,0.006654656026512384
1856,1745706059.4301248,0.00964681152254343
1857,1745706070.2171245,0.004715891554951668
1858,1745706080.457615,0.005078173242509365
1859,1745706091.2173877,0.006236565299332142
1860,1745706104.2700653,0.0029013471212238073
1861,1745706118.0202422,0.008431683294475079
1862,1745706128.9045672,0.001476665260270238
1863,1745706137.7643926,0.002182279946282506
1864,1745706146.8020556,0.02024000883102417
1865,1745706158.7425678,0.007161940447986126
1866,1745706169.6769922,0.004939069505780935
1867,1745706180.2574556,0.0025764876045286655
1868,1745706192.07358,0.008227096870541573
1869,1745706204.814023,0.0025675815995782614
1870,1745706219.4465072,0.0021048528142273426
1871,1745706233.9787595,0.005335244350135326
1872,1745706244.0213904,0.002659884514287114
1873,1745706250.4330325,0.0018970416858792305
1874,1745706267.1239085,0.007138031534850597
1875,1745706277.544082,0.0013798042200505733
1876,1745706288.6797757,0.006476444657891989
1877,1745706301.6543155,0.0010197459487244487
1878,1745706318.8489788,0.0026741083711385727
1879,1745706332.7419846,0.006515021901577711
1880,1745706342.5057728,0.0050062029622495174
1881,1745706354.3313549,0.0027545467019081116
1882,1745706365.1247835,0.002862627152353525
1883,1745706375.3138473,0.009262438863515854
1884,1745706384.8404138,0.0018538238946348429
1885,1745706396.2969053,0.0013472476275637746
1886,1745706410.554869,0.011701315641403198
1887,1745706418.9589381,0.00019559856445994228
1888,1745706427.712617,0.0025082267820835114
1889,1745706436.5491123,0.00041652191430330276
1890,1745706447.5367532,0.0022292044013738632
1891,1745706460.03663,0.0024777695070952177
1892,1745706463.9147189,0.00023588388285133988
1893,1745706542.9730954,0.0008991931099444628
1894,1745706556.434621,0.0016725306631997228
1895,1745706573.0072567,0.014187744818627834
1896,1745706582.3830488,0.0009106540819630027
1897,1745706592.9677155,0.002049816306680441
1898,1745706605.502507,0.0031357714906334877
1899,1745706617.0715637,0.0026037199422717094
1900,1745706629.6719136,0.00258597987703979
1901,1745706641.605126,0.0006473592948168516
1902,1745706651.9947863,0.0007039461052045226
1903,1745706662.2901423,0.0009917106945067644
1904,1745706677.7997212,0.0011143408482894301
1905,1745706687.742329,0.004783974960446358
1906,1745706696.5705755,6.480877345893532e-05
1907,1745706703.8595397,0.0018114581471309066
1908,1745706714.8132598,0.0035883409436792135
1909,1745706726.6594098,0.0008002229151315987
1910,1745706733.458682,0.0009257409838028252
1911,1745706747.1705434,0.0030365122947841883
1912,1745706753.722986,0.0015043820021674037
1913,1745706765.812586,0.0018930720398202538
1914,1745706778.3141015,0.005734680686146021
1915,1745706791.5394616,0.002603281522169709
1916,1745706803.957098,0.00139044935349375
1917,1745706814.2080998,0.0021224769297987223
1918,1745706824.0827038,0.003503774292767048
1919,1745706833.7322714,0.002049450995400548
1920,1745706842.8307703,0.0011675897985696793
1921,1745706855.473067,0.002858632942661643
1922,1745706865.3369164,0.0025130186695605516
1923,1745706874.8006032,0.005593477748334408
1924,1745706883.7605684,0.0017549458425492048
1925,1745706898.7480233,0.0005392393213696778
1926,1745706914.0344355,0.00178184371907264
1927,1745706920.1134164,0.0028316478710621595
1928,1745706931.1596546,0.003439652966335416
1929,1745706945.3042047,0.001566933817230165
1930,1745706956.8953123,0.003926562145352364
1931,1745706968.2288172,0.0015675454633310437
1932,1745706978.0809672,0.0022359893191605806
1933,1745706989.5785115,0.005108834244310856
1934,1745707001.8186855,0.0015042886370792985
1935,1745707010.895666,0.0002493030624464154
1936,1745707024.9439857,0.007590387016534805
1937,1745707041.7906811,0.006175169721245766
1938,1745707055.9814692,0.0021545286290347576
1939,1745707067.1099253,0.00040326855378225446
1940,1745707075.7773445,0.0007525368127971888
1941,1745707087.2353272,0.004628361668437719
1942,1745707098.5047712,0.011865288950502872
1943,1745707110.5674334,0.006955424789339304
1944,1745707118.1589406,0.0005457623628899455
1945,1745707129.109418,0.0017988979816436768
1946,1745707137.6934166,0.004297279752790928
1947,1745707150.34864,0.002927234396338463
1948,1745707161.1952364,0.0011722076451405883
1949,1745707174.589686,0.0034442187752574682
1950,1745707187.3223886,0.00022326847829390317
1951,1745707196.0095823,0.0006117583834566176
1952,1745707207.8089547,0.0038148409221321344
1953,1745707219.1928637,0.003060904098674655
1954,1745707236.958419,0.0018211713759228587
1955,1745707249.0399425,0.0017770371632650495
1956,1745707262.7410836,0.0010702357394620776
1957,1745707273.6937068,0.016241062432527542
1958,1745707284.6217556,0.0011126387398689985
1959,1745707297.8813756,0.001465380541048944
1960,1745707311.6034446,0.00511171855032444
1961,1745707319.2176776,0.00503342691808939
1962,1745707333.2912238,0.002711149398237467
1963,1745707345.7882023,0.00245492672547698
1964,1745707353.7788808,0.001080686110071838
1965,1745707363.3727741,0.009808599017560482
1966,1745707374.4694428,0.0009473317768424749
1967,1745707385.7687774,0.008886895142495632
1968,1745707398.7981098,0.010843527503311634
1969,1745707408.0162108,0.0060117547400295734
1970,1745707417.9867384,0.006363236345350742
1971,1745707430.284271,0.0022773039527237415
1972,1745707442.030304,0.0013371765380725265
1973,1745707449.5649953,0.0012292591854929924
1974,1745707458.3253996,0.0037251110188663006
1975,1745707473.6822085,0.002813986735418439
1976,1745707485.0334895,0.0018507613567635417
1977,1745707497.6933384,0.009072363376617432
1978,1745707501.0758975,0.005491999909281731
1979,1745707580.6706789,0.010874236933887005
1980,1745707595.0464044,0.00381787633523345
1981,1745707605.9136426,0.00264931027777493
1982,1745707619.2095292,0.009351750835776329
1983,1745707627.544619,0.0028987820260226727
1984,1745707640.5410829,0.0029583999421447515
1985,1745707649.8594375,0.002435165224596858
1986,1745707659.239212,0.02111843042075634
1987,1745707673.744955,0.0013255984522402287
1988,1745707685.619872,0.004031275399029255
1989,1745707694.6066992,0.0015473846578970551
1990,1745707703.6346693,0.0032871654257178307
1991,1745707714.2877297,0.0018073825631290674
1992,1745707724.5228338,0.002554351696744561
1993,1745707737.6204774,0.005210555624216795
1994,1745707748.5330448,0.0014821081422269344
1995,1745707756.5625842,0.0009094759589061141
1996,1745707768.7734442,0.006349201314151287
1997,1745707776.9584746,0.006695718504488468
1998,1745707789.0911334,0.001797347329556942
1999,1745707801.5937216,0.00745486980304122
2000,1745707812.2809954,0.0007005188963375986
2001,1745707824.7226765,0.0026515107601881027
2002,1745707839.8157284,0.0006054824334569275
2003,1745707848.705458,0.0017320620827376842
2004,1745707859.4626799,0.007492502685636282
2005,1745707870.6264517,0.00303767342120409
2006,1745707879.3465023,0.00022467022063210607
2007,1745707890.732028,0.003087754361331463
2008,1745707901.8579285,0.0027663791552186012
2009,1745707912.4847856,0.0025067252572625875
2010,1745707926.7482247,0.0019976685289293528
2011,1745707940.9939828,0.002445907797664404
2012,1745707951.5350447,0.0014650023076683283
2013,1745707962.4143035,0.0003117434389423579
2014,1745707974.510115,0.0018220498459413648
2015,1745707988.4594638,0.011028164997696877
2016,1745707999.888318,0.003431286895647645
2017,1745708013.049328,0.0005969053599983454
2018,1745708023.949228,0.0038156509399414062
2019,1745708037.9586542,0.002958160126581788
2020,1745708051.4872956,0.002797737717628479
2021,1745708061.6828427,0.0008008089498616755
2022,1745708079.4243193,0.00263314344920218
2023,1745708091.585564,0.012161112390458584
2024,1745708104.4617698,0.0005962367285974324
2025,1745708115.4531047,0.0008801328367553651
2026,1745708127.4848368,0.0005705765215680003
2027,1745708139.2084239,0.00141250086016953
2028,1745708152.3342867,0.0009651871514506638
2029,1745708163.471645,0.001964036375284195
2030,1745708175.2681887,0.001959443325176835
2031,1745708185.6127577,0.0016206151340156794
2032,1745708198.620249,0.0009810358751565218
2033,1745708213.5625184,0.0007908452535048127
2034,1745708226.308922,0.00780177628621459
2035,1745708241.605557,0.0018310891464352608
2036,1745708252.90253,0.0013145871926099062
2037,1745708261.7107942,0.005756606347858906
2038,1745708274.5903213,0.00272008846513927
2039,1745708283.986617,0.005020828917622566
2040,1745708293.3573115,0.002084234496578574
2041,1745708304.6907558,0.006217737682163715
2042,1745708314.3603377,0.0015872372314333916
2043,1745708324.1285288,0.015372214838862419
2044,1745708338.4886878,0.0015365475555881858
2045,1745708351.316334,0.001960966270416975
2046,1745708361.0522118,0.015932908281683922
2047,1745708372.2960968,0.0036346246488392353
2048,1745708387.1699185,0.00911279208958149
2049,1745708399.8768775,0.014951602555811405
2050,1745708413.0286894,0.011102843098342419
2051,1745708423.8535583,0.0008214141707867384
2052,1745708434.486536,0.004328056704252958
2053,1745708443.8044293,0.003757855389267206
2054,1745708452.678305,0.023261696100234985
2055,1745708462.3310468,0.009779781103134155
2056,1745708474.2354486,0.0022443931084126234
2057,1745708486.50774,0.0037062736228108406
2058,1745708492.591101,0.027688730508089066
2059,1745708506.1906805,0.0018633285071700811
2060,1745708517.5454834,0.0017297461163252592
2061,1745708529.6087258,0.004002009984105825
2062,1745708536.7736168,0.011933885514736176
2063,1745708546.752892,0.01700429804623127
2064,1745708550.2274318,0.019919591024518013
2065,1745708621.188524,0.004131326451897621
2066,1745708633.3081203,0.00031661897082813084
2067,1745708648.9100857,0.005194217432290316
2068,1745708661.9087915,0.0022294053342193365
2069,1745708674.0760798,0.0061015901155769825
2070,1745708684.7716792,0.006670364178717136
2071,1745708693.958678,0.004786370787769556
2072,1745708703.7428114,0.04793892800807953
2073,1745708715.8635745,0.00035527642467059195
2074,1745708722.281413,0.008097508922219276
2075,1745708732.6085799,0.0021351035684347153
2076,1745708748.4281676,0.004611385054886341
2077,1745708764.4786448,0.0013395420974120498
2078,1745708776.696791,0.0019073979929089546
2079,1745708788.2591295,0.0014522928977385163
2080,1745708803.560622,0.0037389874923974276
2081,1745708813.1658237,0.020435156300663948
2082,1745708825.0786822,0.011417098343372345
2083,1745708837.0859916,0.0017152600921690464
2084,1745708849.0396314,0.015904726460576057
2085,1745708858.874448,0.0015332747716456652
2086,1745708872.8962405,0.009146114811301231
2087,1745708886.0431669,0.006496413145214319
2088,1745708902.5818548,0.0089038060978055
2089,1745708914.8546848,0.015770385041832924
2090,1745708925.7372494,0.006342484150081873
2091,1745708941.7215075,0.0015877510886639357
2092,1745708953.3858092,0.008326717652380466
2093,1745708963.1175237,0.0017763323849067092
2094,1745708972.603287,0.007566182408481836
2095,1745708984.7544625,0.004827458411455154
2096,1745708996.383817,0.001337734516710043
2097,1745709007.838376,0.0006650839932262897
2098,1745709021.1300933,0.0070086391642689705
2099,1745709032.3168628,0.01716974936425686
2100,1745709040.698882,0.0031989067792892456
2101,1745709051.396305,0.0038451324217021465
2102,1745709060.5599155,0.026010049507021904
2103,1745709072.5166209,0.015166045166552067
2104,1745709084.8218863,0.00987159088253975
2105,1745709096.3552575,0.02039392478764057
2106,1745709108.3938923,0.000717076996807009
2107,1745709120.7548342,0.0011670766398310661
2108,1745709132.6786726,0.007243550382554531
2109,1745709143.1680572,0.009275520220398903
2110,1745709151.9176826,0.00302140973508358
2111,1745709163.6214457,0.0017099687829613686
2112,1745709174.6266558,0.010212610475718975
2113,1745709185.604792,0.0013775014085695148
2114,1745709200.5563965,0.0030842386186122894
2115,1745709215.691489,0.017289549112319946
2116,1745709228.6461325,0.0017933954950422049
2117,1745709239.63601,0.009618661366403103
2118,1745709252.2082486,0.0035827788524329662
2119,1745709265.5906854,0.0036354316398501396
2120,1745709280.3827107,0.005010795313864946
2121,1745709294.562501,0.007866265252232552
2122,1745709302.4444802,0.0018857495160773396
2123,1745709311.1969078,0.0035995561629533768
2124,1745709324.040694,0.013621260412037373
2125,1745709338.201381,0.0007711869548074901
2126,1745709351.4642665,0.010786707513034344
2127,1745709364.3153427,0.002724808407947421
2128,1745709374.1994464,0.008630560711026192
2129,1745709379.1801856,0.009841297753155231
2130,1745709391.8416445,0.0019796013366431
2131,1745709398.5334685,0.008865153416991234
2132,1745709406.3959286,0.022867223247885704
2133,1745709415.406805,0.007780485320836306
2134,1745709427.8656552,0.015174062922596931
2135,1745709445.5179121,0.007269192487001419
2136,1745709454.104156,0.00367976282723248
2137,1745709463.5434823,0.005637794267386198
2138,1745709478.6671522,0.007275025825947523
2139,1745709488.7905247,0.0024981799069792032
2140,1745709504.334681,0.004816473461687565
2141,1745709515.73763,0.0008234077831730247
2142,1745709523.8268385,0.019509127363562584
2143,1745709533.207037,0.004423824138939381
2144,1745709543.646671,0.0012472261441871524
2145,1745709557.3475945,0.01973683200776577
2146,1745709568.1821265,0.0030288961715996265
2147,1745709577.3430703,0.003156630787998438
2148,1745709585.0094285,0.00407369714230299
2149,1745709598.2936869,0.004468994680792093
2150,1745709600.1243858,8.375320612685755e-05
2151,1745709678.8966568,0.0019040966872125864
2152,1745709684.70223,0.009663701988756657
2153,1745709697.6027312,0.0012963491026312113
2154,1745709710.22493,0.003962368238717318
2155,1745709721.8114474,0.002839036751538515
2156,1745709730.8217368,0.008251789957284927
2157,1745709741.457579,0.00105332862585783
2158,1745709754.5488148,0.0013302525039762259
2159,1745709767.3234527,0.003334988607093692
2160,1745709775.609052,0.0014268097002059221
2161,1745709786.0945723,0.003731871023774147
2162,1745709799.061668,0.0007790910312905908
2163,1745709812.23268,0.001968495547771454
2164,1745709822.8716807,0.003694848855957389
2165,1745709831.8335493,0.0036546834744513035
2166,1745709840.1870208,0.0029973250348120928
2167,1745709856.5879743,0.01308869756758213
2168,1745709870.4486942,0.002511877566576004
2169,1745709886.8645234,0.0014509347965940833
2170,1745709903.9354846,0.01147786807268858
2171,1745709918.2034683,0.0033047087490558624
2172,1745709933.2348812,0.006319309119135141
2173,1745709949.2052343,0.0014082151465117931
2174,1745709962.275293,0.001047252444550395
2175,1745709971.1035872,0.012230831198394299
2176,1745709985.0581067,0.0031727226451039314
2177,1745709999.7278125,0.00844748318195343
2178,1745710010.587091,0.001526869717054069
2179,1745710021.6402888,0.009898856282234192
2180,1745710032.7806458,0.01671314612030983
2181,1745710044.9524777,0.003311647567898035
2182,1745710056.9266553,0.0015941376332193613
2183,1745710068.4671388,0.0016869250684976578
2184,1745710076.5584695,0.00996033102273941
2185,1745710088.080237,0.007623486686497927
2186,1745710099.8494556,0.021732531487941742
2187,1745710115.4636915,0.0029858082998543978
2188,1745710128.8272,0.013056489638984203
2189,1745710142.214334,0.004943639971315861
2190,1745710151.6497023,0.007973208092153072
2191,1745710164.8261526,0.00513951200991869
2192,1745710175.2111225,0.005551596637815237
2193,1745710186.3105211,0.0029694547411054373
2194,1745710199.3589664,0.0024168940726667643
2195,1745710207.9123776,0.016878025606274605
2196,1745710219.7288046,0.0016799650620669127
2197,1745710233.4956703,0.006599834654480219
2198,1745710241.7278488,0.017551232129335403
2199,1745710250.8746822,0.01344259176403284
2200,1745710262.4652002,0.0024380360264331102
2201,1745710274.552476,0.002982664853334427
2202,1745710289.95166,0.003663959912955761
2203,1745710299.9058642,0.002405709819868207
2204,1745710309.1529248,0.0019165306584909558
2205,1745710319.0122476,0.007201799191534519
2206,1745710334.1084373,0.006334072910249233
2207,1745710341.8626964,0.0022289662156254053
2208,1745710355.1994731,0.002797599183395505
2209,1745710366.1503613,0.0042931996285915375
2210,1745710381.0522265,0.0020188407506793737
2211,1745710391.8817768,0.0026118408422917128
2212,1745710404.4786844,0.001544310711324215
2213,1745710414.2711737,0.003946620039641857
2214,1745710422.6135404,0.003963816445320845
2215,1745710432.0226867,0.0021347294095903635
2216,1745710442.5309515,0.0047951084561645985
2217,1745710454.1573756,0.0015274110483005643
2218,1745710466.6169755,0.0028158463537693024
2219,1745710476.4293804,0.0018120616441592574
2220,1745710486.641556,0.002021461958065629
2221,1745710498.4770055,0.0006721137906424701
2222,1745710509.1216495,0.0009425137541256845
2223,1745710519.7027056,0.0018942512106150389
2224,1745710527.8179443,0.0007661479176022112
2225,1745710542.3934965,0.0005053569911979139
2226,1745710556.1068802,0.0013763975584879518
2227,1745710570.3736954,0.0032301784958690405
2228,1745710581.8248527,0.0026989609468728304
2229,1745710591.3072555,0.003867889055982232
2230,1745710600.4496288,0.00042729254346340895
2231,1745710613.588385,0.002950202440842986
2232,1745710625.7517622,0.0012706697452813387
2233,1745710634.8751993,0.0008216791320592165
2234,1745710645.0137115,0.001961229834705591
2235,1745710654.6242535,0.0053342836908996105
2236,1745710659.297458,0.0023634894751012325
2237,1745710730.3359313,0.00048233463894575834
2238,1745710742.9112926,0.0010036793537437916
2239,1745710754.1152186,0.00205390271730721
2240,1745710765.599181,0.017606621608138084
2241,1745710779.3934875,0.001736173639073968
2242,1745710792.5321581,0.0006092372350394726
2243,1745710802.1267862,0.003148076357319951
2244,1745710817.1529546,0.020624792203307152
2245,1745710824.8592412,0.002779145259410143
2246,1745710839.3265066,0.0008204121259041131
2247,1745710847.8139884,0.0023652110248804092
2248,1745710858.3305743,0.0004286555922590196
2249,1745710864.901537,0.0011137007968500257
2250,1745710873.6421409,0.0006480450392700732
2251,1745710885.7380836,0.0020196300465613604
2252,1745710891.9187546,0.0014390033902600408
2253,1745710903.1421206,0.00045547718764282763
2254,1745710916.3802035,0.0007285552565008402
2255,1745710925.3568366,0.0004845601215492934
2256,1745710935.4646761,0.0012702716048806906
2257,1745710946.7555377,0.0005348072736524045
2258,1745710961.3654385,0.0008132641669362783
2259,1745710969.1694462,0.0028452170081436634
2260,1745710978.7005615,0.0012163013452664018
2261,1745710994.0060022,0.011642727069556713
2262,1745711005.4978697,0.0024603509809821844
2263,1745711015.1813822,0.0014067061711102724
2264,1745711028.8589425,0.0009545380598865449
2265,1745711043.9110432,0.0011718727182596922
2266,1745711059.9482229,0.005357043351978064
2267,1745711073.8220644,0.0038815350271761417
2268,1745711084.3016806,0.004539563320577145
2269,1745711095.974683,0.002509921323508024
2270,1745711109.9557972,0.004782047588378191
2271,1745711119.1016614,0.001534006791189313
2272,1745711129.4245737,0.00012296062777750194
2273,1745711142.982103,0.0006557847955264151
2274,1745711154.6699567,0.000665391213260591
2275,1745711164.6071608,0.0009353798814117908
2276,1745711178.2644796,0.0006136547890491784
2277,1745711185.440561,0.001779289566911757
2278,1745711196.9112098,0.0006198624614626169
2279,1745711205.343536,0.0003155982994940132
2280,1745711219.1329813,0.003496257122606039
2281,1745711234.1300993,0.0015031659277155995
2282,1745711244.866631,0.00039305805694311857
2283,1745711257.8627193,0.014580395072698593
2284,1745711271.4475975,0.0017811752622947097
2285,1745711286.2029014,0.00085317378398031
2286,1745711294.3706863,0.010227997787296772
2287,1745711303.1710587,0.005016688723117113
2288,1745711318.6991045,0.005927798803895712
2289,1745711329.647741,0.00024027614563237876
2290,1745711342.2141047,0.001526135252788663
2291,1745711348.4340336,0.003582945093512535
2292,1745711365.729416,0.006358219776302576
2293,1745711375.2958267,0.004391911905258894
2294,1745711386.2287738,0.00013350087101571262
2295,1745711400.160846,0.0005667895311489701
2296,1745711409.2749887,0.006060838233679533
2297,1745711421.2514017,0.00514037162065506
2298,1745711430.465923,0.011807795614004135
2299,1745711443.5519564,0.009417067281901836
2300,1745711458.1756783,0.00013583713734988123
2301,1745711470.940339,0.012934534810483456
2302,1745711480.9291744,0.02191437967121601
2303,1745711491.425885,0.002387451706454158
2304,1745711502.2110875,0.0008212297689169645
2305,1745711513.8715043,0.018248887732625008
2306,1745711526.00823,0.012666543014347553
2307,1745711539.8720026,0.003632079344242811
2308,1745711546.5931182,0.0039598518051207066
2309,1745711557.1114795,0.0016370753291994333
2310,1745711567.7765036,0.005364705342799425
2311,1745711583.0733366,0.02079954743385315
2312,1745711592.7037501,0.0024034541565924883
2313,1745711608.4553561,0.0009766895091161132
2314,1745711620.743879,0.003225277876481414
2315,1745711634.4143667,0.023553505539894104
2316,1745711647.4005804,0.007614597678184509
2317,1745711653.8598008,0.03549451380968094
2318,1745711664.8386798,0.00909612886607647
2319,1745711674.0184655,0.004510435275733471
2320,1745711687.1946838,0.05179864168167114
2321,1745711696.941081,0.0024491515941917896
2322,1745711700.0954337,2.3543014322058298e-05
2323,1745711761.26554,0.11186004430055618
2324,1745711767.1430755,0.11791663616895676
2325,1745711780.9901254,0.003933590836822987
2326,1745711786.080133,0.01350538432598114
2327,1745711800.7657764,0.06998968124389648
2328,1745711816.9823318,0.003732963465154171
2329,1745711826.4506993,0.012470950372517109
2330,1745711833.6152284,0.04384530335664749
2331,1745711843.715896,0.02598664164543152
2332,1745711854.9421751,0.007838633842766285
2333,1745711864.4004502,0.0030548248905688524
2334,1745711875.5946846,0.005556480493396521
2335,1745711888.1560946,0.005676363129168749
2336,1745711902.4356863,0.009750954806804657
2337,1745711916.371758,0.03399502858519554
2338,1745711928.3629887,0.004555721301585436
2339,1745711939.4845295,0.019879896193742752
2340,1745711950.9590974,0.013570550829172134
2341,1745711967.2480175,0.005426934454590082
2342,1745711978.497432,0.0013349627843126655
2343,1745711991.464013,0.0023669861257076263
2344,1745711999.877985,0.0031545618548989296
2345,1745712012.0019972,0.0018588632810860872
2346,1745712023.3126361,0.006420690566301346
2347,1745712036.857866,0.008141838014125824
2348,1745712047.8598154,0.005403991788625717
2349,1745712055.4656787,0.007493454497307539
2350,1745712066.8481514,0.009082977660000324
2351,1745712077.3978767,0.0007574123446829617
2352,1745712089.8315904,0.004328236449509859
2353,1745712100.3752089,0.010575063526630402
2354,1745712108.2857246,0.0012912473175674677
2355,1745712119.8114479,0.022797508165240288
2356,1745712132.491282,0.005620267707854509
2357,1745712144.3939168,0.0062577128410339355
2358,1745712156.115968,0.010514174588024616
2359,1745712167.4840539,0.007011050824075937
2360,1745712177.4058704,0.002320916159078479
2361,1745712190.0603626,0.00378435174934566
2362,1745712204.518044,0.01187851745635271
2363,1745712221.0851014,0.0020360052585601807
2364,1745712237.578495,0.0020439093932509422
2365,1745712248.8078327,0.031125254929065704
2366,1745712258.620557,0.008708692155778408
2367,1745712272.0255153,0.03201983869075775
2368,1745712282.480512,0.014695665799081326
2369,1745712292.5825088,0.0046265400014817715
2370,1745712304.2565114,0.0020721780601888895
2371,1745712314.0068467,0.00402007345110178
2372,1745712325.4303222,0.007252385374158621
2373,1745712337.943968,0.049915023148059845
2374,1745712344.9435253,0.003273054026067257
2375,1745712357.439378,0.00784716010093689
2376,1745712371.865412,0.0278246458619833
2377,1745712380.26739,0.005670384969562292
2378,1745712390.0567768,0.008763523772358894
2379,1745712402.490578,0.01297059003263712
2380,1745712412.604176,0.0017844629473984241
2381,1745712421.5225918,0.009511815384030342
2382,1745712431.2761276,0.012992390431463718
2383,1745712448.985946,0.006617661099880934
2384,1745712463.0966527,0.012895887717604637
2385,1745712475.2714639,0.0007857988821342587
2386,1745712485.7023335,0.007843193598091602
2387,1745712497.6170313,0.006026099435985088
2388,1745712508.877682,0.017610080540180206
2389,1745712523.9178717,0.0060048275627195835
2390,1745712536.9565442,0.010620221495628357
2391,1745712552.349342,0.0027329393196851015
2392,1745712561.5955281,0.01909402199089527
2393,1745712578.1626105,0.0016491457354277372
2394,1745712588.1485536,0.005488594528287649
2395,1745712592.7194257,0.02044474333524704
2396,1745712604.2979221,0.003232739632949233
2397,1745712616.574682,0.01136147603392601
2398,1745712628.10286,0.0019915534649044275
2399,1745712638.0055494,0.008403687737882137
2400,1745712648.2426746,0.007851894944906235
2401,1745712658.5086932,0.004543730057775974
2402,1745712669.9635818,0.004306105896830559
2403,1745712684.9580197,0.0030963891185820103
2404,1745712697.4645355,0.0028166640549898148
2405,1745712708.9101455,0.004222620744258165
2406,1745712722.4790487,0.001976186875253916
2407,1745712732.0416691,0.0012612969148904085
2408,1745712735.9879704,0.00030659078038297594
2409,1745712806.6756642,0.0014829740393906832
2410,1745712823.0213244,0.006699133664369583
2411,1745712834.0239637,0.00037189802969805896
2412,1745712850.641159,0.0017871299060061574
2413,1745712859.8032894,0.0038447582628577948
2414,1745712874.1500838,0.008295788429677486
2415,1745712884.9686253,0.0002503396535757929
2416,1745712894.4757304,0.00024518126156181097
2417,1745712908.114209,0.002745302626863122
2418,1745712920.187262,0.002001578453928232
2419,1745712940.6238997,0.0009746857103891671
2420,1745712954.4022033,0.0009752032929100096
2421,1745712963.999112,0.0015410787891596556
2422,1745712976.3854628,0.0026457374915480614
2423,1745712990.317645,0.004514934029430151
2424,1745713001.9450185,0.003162085311487317
2425,1745713018.0399783,0.0020237676799297333
2426,1745713024.6616602,0.003077455097809434
2427,1745713034.6160867,0.0015250298893079162
2428,1745713046.6658576,0.0010247475001960993
2429,1745713058.4143033,0.009936862625181675
2430,1745713064.760663,0.0006591580458916724
2431,1745713077.6701057,0.0005073351785540581
2432,1745713084.977071,0.0006145302904769778
2433,1745713096.2617629,0.005455350037664175
2434,1745713105.39069,0.0029903920367360115
2435,1745713118.5125718,0.0018381443805992603
2436,1745713131.620817,0.0010016763117164373
2437,1745713141.7045126,0.0010435529984533787
2438,1745713153.55339,0.0003637845511548221
2439,1745713165.035448,0.00016801469610072672
2440,1745713174.0641732,0.0007117618224583566
2441,1745713183.221485,0.00016320605936925858
2442,1745713194.6234066,0.000243014408624731
2443,1745713205.151668,0.0008735736482776701
2444,1745713216.1864293,0.0036686842795461416
2445,1745713229.2458246,0.00037142186192795634
2446,1745713238.498697,0.008457811549305916
2447,1745713250.1949127,0.0010522207012400031
2448,1745713264.7218792,0.0017703912453725934
2449,1745713276.1486428,0.0010537366615608335
2450,1745713286.2379682,0.004805417265743017
2451,1745713302.0674963,0.0004703970917034894
2452,1745713313.0548782,0.005569054279476404
2453,1745713320.4597616,8.938799146562815e-05
2454,1745713333.4470263,0.0005050920881330967
2455,1745713346.5611732,0.007233629934489727
2456,1745713357.6644177,0.007449774071574211
2457,1745713368.7551184,0.01678745448589325
2458,1745713380.078533,0.02929070219397545
2459,1745713389.4849403,0.0009690098813734949
2460,1745713400.7369778,0.002242512069642544
2461,1745713417.4657574,0.0018350504105910659
2462,1745713434.0266907,0.0016427631489932537
2463,1745713450.9415462,0.00034738113754428923
2464,1745713465.4377499,0.004723354708403349
2465,1745713477.2319834,0.006214532069861889
2466,1745713485.9413266,0.001161015359684825
2467,1745713497.1534595,0.005278694909065962
2468,1745713507.7677531,0.0005404558032751083
2469,1745713519.0628955,0.0032381070777773857
2470,1745713532.6058826,0.00029877229826524854
2471,1745713547.520327,0.002480065682902932
2472,1745713558.4141996,0.0012305109994485974
2473,1745713567.9195595,0.0003681137168314308
2474,1745713578.120234,0.008261183276772499
2475,1745713585.1426663,0.0026079590898007154
2476,1745713598.7657373,0.00037745595909655094
2477,1745713611.341009,0.0007953489548526704
2478,1745713621.5920894,0.0037669911980628967
2479,1745713635.2837615,0.0010038706241175532
2480,1745713646.2799268,0.02389821596443653
2481,1745713654.2150097,0.00275271013379097
2482,1745713664.4488192,0.011728084646165371
2483,1745713669.6577976,0.0033316651824861765
2484,1745713683.4357579,0.0016629461897537112
2485,1745713694.2856956,0.001454681740142405
2486,1745713704.6801538,0.010236244648694992
2487,1745713713.1088054,0.011679071933031082
2488,1745713724.8617096,0.004584255628287792
2489,1745713734.1640687,0.015419634990394115
2490,1745713743.8396604,0.006206914782524109
2491,1745713753.4175193,0.005629678722470999
2492,1745713766.532962,0.0051705921068787575
2493,1745713780.7040405,0.01716502755880356
2494,1745713785.0356066,0.0007091481238603592
2495,1745713847.7234998,0.0002362581144552678
2496,1745713858.3978171,0.0010926236864179373
2497,1745713867.8612323,0.0012840575072914362
2498,1745713873.2573314,0.0018091265810653567
2499,1745713886.1980274,0.0006916800630278885
2500,1745713898.6186788,0.004941311664879322
2501,1745713909.1566215,0.0011061702389270067
2502,1745713921.3215947,0.0006207472761161625
2503,1745713930.2906811,0.00031249108724296093
2504,1745713937.8163865,0.004536690190434456
2505,1745713952.4518144,0.0004413370043039322
2506,1745713967.5945342,0.0019199566449970007
2507,1745713976.3334017,0.004511451814323664
2508,1745713985.9431832,0.002085490617901087
2509,1745713998.2025728,0.002610539086163044
2510,1745714014.1123912,0.002430438529700041
2511,1745714027.7529252,0.0014665350317955017
2512,1745714040.5637124,0.0010326976189389825
2513,1745714052.9913566,0.0006692007882520556
2514,1745714065.2648013,0.0018380781402811408
2515,1745714073.3836076,0.001144135370850563
2516,1745714083.5387404,0.0056647853925824165
2517,1745714096.3986926,0.005456546787172556
2518,1745714111.7810009,0.0018405698938295245
2519,1745714124.6632156,0.0006764830905012786
2520,1745714138.0046773,0.001942884991876781
2521,1745714148.978676,0.0004454078443814069
2522,1745714161.0156448,0.0043568904511630535
2523,1745714174.0111854,0.0013189169112592936
2524,1745714189.7067604,0.0005528723704628646
2525,1745714200.2239537,0.006144062150269747
2526,1745714206.3423684,0.0006107902736403048
2527,1745714217.0944064,0.0057538943365216255
2528,1745714228.3632987,0.0025599936489015818
2529,1745714241.793725,0.009133759886026382
2530,1745714252.8248065,0.0010808195220306516
2531,1745714262.7188756,0.005962022114545107
2532,1745714273.5330777,0.0003197400947101414
2533,1745714287.899712,0.0021337333600968122
2534,1745714298.0518959,0.0010880617192015052
2535,1745714312.3644478,0.0003260245721321553
2536,1745714327.0557847,0.0006468081846833229
2537,1745714337.2743177,0.001128595438785851
2538,1745714348.8452156,0.012770217843353748
2539,1745714356.7453892,0.0008356482139788568
2540,1745714367.3517172,0.0013874743599444628
2541,1745714380.5509715,0.0019969474524259567
2542,1745714391.4779184,0.002499109599739313
2543,1745714397.6795266,0.00016416909056715667
2544,1745714416.4318285,0.013033794239163399
2545,1745714422.1522617,0.002188930055126548
2546,1745714438.6322167,0.002882648492231965
2547,1745714449.0532658,0.0002833358012139797
2548,1745714457.362014,0.00046129876864142716
2549,1745714474.652703,0.0002704985672608018
2550,1745714492.1942616,0.0004948827554471791
2551,1745714503.2605345,0.01633886620402336
2552,1745714513.025321,0.00026529570459388196
2553,1745714528.1662107,0.00291213090531528
2554,1745714538.7465854,0.003333437256515026
2555,1745714553.8114083,0.0005712712300010026
2556,1745714573.870682,0.001960685010999441
2557,1745714582.9028625,0.003793892916291952
2558,1745714597.7377841,0.0007105322438292205
2559,1745714610.7387884,0.0006962788174860179
2560,1745714628.1932657,0.0009195234160870314
2561,1745714637.7739897,0.0007960100192576647
2562,1745714654.4220297,0.0006775076617486775
2563,1745714662.0336988,0.000584935478400439
2564,1745714682.752851,0.0012333178892731667
2565,1745714695.2120135,0.0004085236578248441
2566,1745714711.7012525,0.02366563305258751
2567,1745714724.327608,0.003157013328745961
2568,1745714743.5179374,0.00696124043315649
2569,1745714749.371683,0.013255714438855648
2570,1745714762.647227,0.0007134053739719093
2571,1745714784.3079202,0.006529420614242554
2572,1745714796.5690637,0.003792986972257495
2573,1745714817.9266844,0.0038980706594884396
2574,1745714829.0323234,0.0008936533704400063
2575,1745714850.919439,0.00012369593605399132
2576,1745714864.091578,0.002369421534240246
2577,1745714872.4607408,0.0016791808884590864
2578,1745714890.9386582,0.0010670294286683202
2579,1745714905.524496,0.0009269049041904509
2580,1745714909.958724,9.600207704352215e-05
2581,1745715054.7534428,0.0003158701001666486
2582,1745715072.40864,0.0013221106491982937
2583,1745715089.2321844,0.0003477702848613262
2584,1745715105.014046,0.0007008148822933435
2585,1745715119.1959438,0.00013273282092995942
2586,1745715135.917271,0.00041603296995162964
2587,1745715161.4105802,0.0018518324941396713
2588,1745715166.2316039,0.0005466683069244027
2589,1745715185.0920184,0.00629280274733901
2590,1745715195.1602259,0.0002533562947064638
2591,1745715204.9526494,0.0007334318943321705
2592,1745715221.0130458,0.0040471525862813
2593,1745715238.299453,0.00024159217718988657
2594,1745715257.0511732,0.006696966476738453
2595,1745715266.2681062,9.541396866552532e-05
2596,1745715277.8992136,0.00035528899752534926
2597,1745715297.998201,0.0010046850657090545
2598,1745715307.20715,0.0005550372879952192
2599,1745715323.9407237,6.240251968847588e-05
2600,1745715331.2563887,0.0001108271098928526
2601,1745715355.120466,0.007310690823942423
2602,1745715370.7479227,0.002019604668021202
2603,1745715380.861325,0.0006885153125040233
2604,1745715395.3133109,0.0007759055006317794
2605,1745715407.9305594,0.0003640541108325124
2606,1745715419.1395564,0.0004983562976121902
2607,1745715438.6292756,0.0032633012160658836
2608,1745715448.8321257,0.0017259017331525683
2609,1745715465.6392267,0.0005876364884898067
2610,1745715481.9384983,0.007109788712114096
2611,1745715490.0134091,0.00018422887660562992
2612,1745715511.0450165,0.00023559120018035173
2613,1745715520.5983455,0.00015640625497326255
2614,1745715532.4613242,0.0006445440812967718
2615,1745715545.0694988,0.0002325573586858809
2616,1745715556.1126254,0.0004472828295547515
2617,1745715576.3025615,0.00010378622391726822
2618,1745715589.593415,0.006325230933725834
2619,1745715600.4939415,0.00111276691313833
2620,1745715610.706908,0.0006431973888538778
2621,1745715629.759832,0.00027482997393235564
2622,1745715640.6778655,0.0024963298346847296
2623,1745715653.0056548,0.00037857270217500627
2624,1745715673.0191355,0.0011237595463171601
2625,1745715685.828376,0.00027964060427621007
2626,1745715711.090071,0.00029442625236697495
2627,1745715719.1160533,0.00021307654969859868
2628,1745715734.369771,0.000240289096836932
2629,1745715740.7665367,0.00026824508677236736
2630,1745715761.1300356,8.838102803565562e-05
2631,1745715772.4330995,0.0009726712596602738
2632,1745715783.4337323,0.0013633291237056255
2633,1745715792.6411097,0.00017987708270084113
2634,1745715808.017476,0.0007482277578674257
2635,1745715818.880456,0.0006182262441143394
2636,1745715834.7430046,0.0005401517846621573
2637,1745715855.5254757,0.0008843393879942596
2638,1745715865.3488858,0.0003332787600811571
2639,1745715880.0397089,0.0005026195431128144
2640,1745715889.3900232,0.000320980092510581
2641,1745715907.789922,0.0031809834763407707
2642,1745715917.1921458,0.00016353388491552323
2643,1745715929.786789,6.591152487089857e-05
2644,1745715943.3821275,0.0001655851665418595
2645,1745715960.3824463,0.00019618403166532516
2646,1745715969.7355917,0.00016028288519009948
2647,1745715980.043399,0.011408247984945774
2648,1745715998.2517881,0.00015931972302496433
2649,1745716009.3651562,0.0005825182306580245
2650,1745716022.8395913,0.0003774660872295499
2651,1745716040.0162468,0.007091766223311424
2652,1745716055.0526822,0.0010618469677865505
2653,1745716067.8638692,0.006869398057460785
2654,1745716080.3580656,0.0007151838508434594
2655,1745716096.3068223,0.0004495404427871108
2656,1745716119.7036424,0.00037510559195652604
2657,1745716126.7017899,0.004550556652247906
2658,1745716138.1608372,0.0006225945544429123
2659,1745716153.0062978,0.00019572681048884988
2660,1745716167.4918547,0.0012581602204591036
2661,1745716188.710775,0.013701685704290867
2662,1745716202.0759156,0.000979480566456914
2663,1745716213.3965042,0.000565593596547842
2664,1745716232.957174,0.0009409975609742105
2665,1745716249.2478642,0.00017848944116849452
2666,1745716255.449267,0.0033356868661940098
2667,1745716406.9837873,0.00013295563985593617
2668,1745716424.076474,0.0016097980551421642
2669,1745716439.989237,0.0003223256499040872
2670,1745716461.2373402,0.0002371978189330548
2671,1745716473.4964807,0.00019629763846751302
2672,1745716488.8473177,0.0012019822606816888
2673,1745716501.1430914,0.01774347387254238
2674,1745716514.6350646,0.0002322738291695714
2675,1745716525.3676672,0.0016882834024727345
2676,1745716539.8826804,0.0014725953806191683
2677,1745716550.6567647,6.0891798057127744e-05
2678,1745716572.2706795,0.006376944482326508
2679,1745716582.955027,0.00023436376068275422
2680,1745716598.821988,0.00031740436679683626
2681,1745716611.8955998,0.004506618250161409
2682,1745716623.7420669,0.0005493389908224344
2683,1745716637.2430573,0.00016781299200374633
2684,1745716650.251572,0.008540254086256027
2685,1745716666.1758394,0.00010598265362204984
2686,1745716677.5107348,8.309688564622775e-05
2687,1745716698.2412171,0.0006218969938345253
2688,1745716709.6531198,0.0002749669074546546
2689,1745716729.558879,0.000295655510853976
2690,1745716739.13817,0.00045807185233570635
2691,1745716747.3574846,0.00035565890721045434
2692,1745716765.695678,0.0014234920963644981
2693,1745716779.6358595,0.00029762196936644614
2694,1745716794.0587227,0.0001737123675411567
2695,1745716809.3998263,0.0003310059255454689
2696,1745716824.1978204,0.0007214869256131351
2697,1745716833.580895,0.00033245093072764575
2698,1745716850.349652,0.005535027012228966
2699,1745716858.721899,0.0010340007720515132
2700,1745716876.916101,0.00026085670106112957
2701,1745716888.8855972,7.688168989261612e-05
2702,1745716905.0426197,0.00018614981672726572
2703,1745716916.0103211,0.0002884296700358391
2704,1745716929.3174162,0.00016780001169536263
2705,1745716942.5850024,9.120458707911894e-05
2706,1745716963.0097213,0.000311973417410627
2707,1745716976.003182,0.00016920690541155636
2708,1745716990.2055788,0.0002628113725222647
2709,1745716999.7952414,0.00034575979225337505
2710,1745717017.1548665,0.0004062089719809592
2711,1745717028.0512,9.081881580641493e-05
2712,1745717046.7012033,3.237287819501944e-05
2713,1745717058.316408,0.00032313322299160063
2714,1745717074.986517,0.00014974508667364717
2715,1745717085.6885307,0.0003924387274309993
2716,1745717107.5696766,0.004547680728137493
2717,1745717119.0054784,8.146792970364913e-05
2718,1745717126.6955464,0.00011806940892711282
2719,1745717140.4959428,0.0007059149793349206
2720,1745717154.5859025,8.09969351394102e-05
2721,1745717172.818368,0.0010092520387843251
2722,1745717182.2721953,0.0006158500909805298
2723,1745717196.5567596,0.0005361487274058163
2724,1745717207.531716,0.00017756357556208968
2725,1745717229.9127662,0.0003345123550388962
2726,1745717240.1322439,0.006910679396241903
2727,1745717252.6667538,0.00018542728503234684
2728,1745717262.9857771,0.0042669279500842094
2729,1745717280.368731,0.0001963101967703551
2730,1745717291.5871897,0.002420497825369239
2731,1745717299.0344017,0.0002226170909125358
2732,1745717317.6213377,0.0008311148849315941
2733,1745717326.779667,0.003922354895621538
2734,1745717340.6352444,0.00013245450099930167
2735,1745717351.1211085,0.00031676999060437083
2736,1745717367.95378,0.0007154299528338015
2737,1745717383.4742,0.0005706594092771411
2738,1745717395.1901,9.648497507441789e-05
2739,1745717415.5586243,0.00019135813636239618
2740,1745717430.168736,0.00015293675824068487
2741,1745717440.8233385,5.701083500753157e-05
2742,1745717454.4102316,0.0005646578501909971
2743,1745717468.74455,0.00014245424245018512
2744,1745717480.6940155,0.00028568360721692443
2745,1745717495.0297236,2.173436041630339e-05
2746,1745717517.4235713,0.0066856322810053825
2747,1745717536.1522484,0.00010688347538234666
2748,1745717551.4743767,0.0010307291522622108
2749,1745717560.1923168,0.0002144858444808051
2750,1745717577.7766182,0.00012226667604409158
2751,1745717589.585719,0.01306507084518671
2752,1745717595.7395098,5.850822344655171e-05
2753,1745717720.447136,0.00012537554721347988
2754,1745717734.6518977,0.00023903920373413712
2755,1745717750.0946832,0.00013325105828698725
2756,1745717760.6303926,0.00013476255116984248
2757,1745717775.3628345,2.6980376333085587e-06
2758,1745717795.2866733,0.00022462569177150726
2759,1745717819.278258,0.0002452303597237915
2760,1745717833.3782804,0.00031458132434636354
2761,1745717849.9419353,0.0001678407279541716
2762,1745717867.8583367,0.004592282697558403
2763,1745717879.7507598,0.0013752994127571583
2764,1745717890.4858916,0.0008810032159090042
2765,1745717912.0096383,0.001773898140527308
2766,1745717922.4444351,6.0123518778709695e-05
2767,1745717941.5935938,0.00015469481877516955
2768,1745717952.1454527,5.283371501718648e-05
2769,1745717962.4849527,0.0005341141950339079
2770,1745717977.068497,0.00019669861649163067
2771,1745717991.276709,0.00015395396621897817
2772,1745718008.9202585,0.0004094872565474361
2773,1745718020.982677,0.00019554054597392678
2774,1745718031.4293432,0.00024902174482122064
2775,1745718046.2692924,0.0005223211483098567
2776,1745718057.4440954,0.00014501997793558985
2777,1745718071.7624743,0.00014517840463668108
2778,1745718084.4982386,0.00014152431685943156
2779,1745718098.2955444,0.00015551804972346872
2780,1745718116.4306772,0.00034327281173318624
2781,1745718125.4880416,0.0004309480427764356
2782,1745718137.3428621,0.00020954565843567252
2783,1745718152.030722,7.748492498649284e-05
2784,1745718169.4762878,0.00015087489737197757
2785,1745718179.8113377,0.0003333548957016319
2786,1745718193.6898994,6.409487832570449e-05
2787,1745718213.0795703,4.813490158994682e-05
2788,1745718219.6724422,0.00023655993572901934
2789,1745718236.513948,0.0005707629607059062
2790,1745718260.3781812,0.00017993316578213125
2791,1745718270.831323,7.9351055319421e-05
2792,1745718281.555214,0.000296463054837659
2793,1745718299.6493971,0.011449824087321758
2794,1745718314.4677749,0.00011074334179284051
2795,1745718329.3128471,6.410705827875063e-05
2796,1745718341.844289,0.00025188925792463124
2797,1745718352.7031097,7.704992458457127e-05
2798,1745718367.2407784,0.011894512921571732
2799,1745718383.510775,8.339720079675317e-05
2800,1745718398.291829,0.00033143715700134635
2801,1745718410.0876327,0.0002899932151194662
2802,1745718422.8531837,0.00014225472114048898
2803,1745718437.540627,6.855024548713118e-05
2804,1745718447.4411259,0.00012374311336316168
2805,1745718467.9976292,0.0008440015371888876
2806,1745718479.8214245,8.363749657291919e-05
2807,1745718488.2334442,0.00010724752792157233
2808,1745718506.482023,0.0002681190089788288
2809,1745718513.8923075,0.0001281338045373559
2810,1745718533.2350712,0.018007971346378326
2811,1745718546.3773265,1.4514567737933248e-05
2812,1745718554.9908597,0.0004897675244137645
2813,1745718573.1112423,5.7938734244089574e-05
2814,1745718583.9003274,0.015506184659898281
2815,1745718602.2886474,0.0002171041414840147
2816,1745718609.2218566,0.00011593437375267968
2817,1745718620.5870466,0.0005070054321549833
2818,1745718633.5890422,0.0013919515768066049
2819,1745718653.7959754,0.00298819737508893
2820,1745718662.2111316,0.000289764633635059
2821,1745718679.2558832,9.165133815258741e-05
2822,1745718691.3421004,0.0001858838804764673
2823,1745718706.8493729,0.0002429793239571154
2824,1745718731.2488809,0.0001185367873404175
2825,1745718738.329908,0.00018759816884994507
2826,1745718752.4379306,0.0001266598846996203
2827,1745718763.2698052,0.0003283246769569814
2828,1745718781.462444,0.00028036863659508526
2829,1745718795.9118452,9.779036190593615e-05
2830,1745718813.9621344,0.00016418950690422207
2831,1745718830.2641108,0.0008856295025907457
2832,1745718845.6968179,0.000356278324034065
2833,1745718866.9274082,2.9625782190123573e-05
2834,1745718875.0536368,9.840625716606155e-05
2835,1745718890.1976392,0.00015232815349008888
2836,1745718909.5720856,0.0007519607897847891
2837,1745718926.542451,9.04729386093095e-05
2838,1745718930.4035945,1.6467709428980015e-05
2839,1745719057.7343836,2.8931845008628443e-05
2840,1745719076.7102711,0.0001892069703899324
2841,1745719093.9067178,0.00041892510489560664
2842,1745719110.742021,0.0005845738342031837
2843,1745719118.8693478,7.065457612043247e-05
2844,1745719135.0074959,8.949121547630057e-05
2845,1745719143.5852206,0.00011245874338783324
2846,1745719157.8431723,0.0001298606803175062
2847,1745719181.5463636,9.571592090651393e-05
2848,1745719194.6960874,5.3902924264548346e-05
2849,1745719207.3340313,0.0006635351455770433
2850,1745719216.2868774,6.483359902631491e-05
2851,1745719224.2396817,8.063956192927435e-05
2852,1745719235.092031,6.804673466831446e-05
2853,1745719256.012256,2.082860009977594e-05
2854,1745719266.1127336,9.940211020875722e-05
2855,1745719284.1693301,5.1171169616281986e-05
2856,1745719293.3585987,3.984924842370674e-05
2857,1745719314.2394524,0.00015941059973556548
2858,1745719324.0765688,0.00022337230620905757
2859,1745719335.8009386,0.0001247276522917673
2860,1745719355.833451,0.00010838705202331766
2861,1745719364.788419,8.684254135005176e-05
2862,1745719380.0772843,8.950777555583045e-05
2863,1745719402.3980567,9.452595259062946e-05
2864,1745719406.6776469,7.289886707440019e-05
2865,1745719421.9970737,0.0001746951456880197
2866,1745719433.3986948,6.837162800366059e-05
2867,1745719452.6079285,0.005533736199140549
2868,1745719463.4848888,0.00012042106391163543
2869,1745719473.504968,4.357140278443694e-05
2870,1745719493.4247181,0.00021106074564158916
2871,1745719506.959435,0.00019624883134383708
2872,1745719519.2846994,0.00010619130625855178
2873,1745719535.3357308,0.0030815184582024813
2874,1745719546.7433214,0.0001333351101493463
2875,1745719560.499074,7.340106094488874e-05
2876,1745719572.5412881,0.00023919751401990652
2877,1745719588.0712724,4.810368045582436e-05
2878,1745719598.714535,0.00014479509263765067
2879,1745719621.2509735,3.5988723539048806e-05
2880,1745719629.2702255,7.96748063294217e-05
2881,1745719642.083447,3.956823638873175e-05
2882,1745719653.1916094,0.0002747190301306546
2883,1745719666.3213336,0.0001902046933537349
2884,1745719675.8339334,0.0001065973992808722
2885,1745719694.7826867,0.006532028317451477
2886,1745719707.5158968,2.0638406567741185e-05
2887,1745719723.605038,3.372376158949919e-05
2888,1745719742.2064471,9.282620885642245e-05
2889,1745719754.4202378,0.00027838017558678985
2890,1745719764.37342,0.0004026820242870599
2891,1745719780.057938,0.00011542550782905892
2892,1745719788.0404856,6.361978012137115e-05
2893,1745719806.0265105,4.9427228077547625e-05
2894,1745719817.549865,7.932262087706476e-05
2895,1745719831.5306444,6.254414620343596e-05
2896,1745719848.5148435,0.00105626555159688
2897,1745719861.2838755,0.00045055491500534117
2898,1745719875.1673155,0.00041346022044308484
2899,1745719889.0520873,0.0004146862484049052
2900,1745719903.4117517,3.8563179259654135e-05
2901,1745719924.8667588,0.0002021935215452686
2902,1745719939.1135113,0.00010021387424785644
2903,1745719946.3273582,8.31958677736111e-05
2904,1745719958.6851723,8.733323193155229e-05
2905,1745719973.5552158,0.0001177629892481491
2906,1745719987.4902582,4.3824853491969407e-05
2907,1745719999.3450227,0.00021858101536054164
2908,1745720016.5079687,0.00012645425158552825
2909,1745720028.9171066,5.7816130720311776e-05
2910,1745720043.4078798,0.00018365777214057744
2911,1745720058.3426957,0.00010266448225593194
2912,1745720071.0204644,0.00012294914631638676
2913,1745720083.2320597,0.00023347798560280353
2914,1745720099.0789993,0.0001582961849635467
2915,1745720114.1319313,0.0030226123053580523
2916,1745720127.7703743,0.0001831795379985124
2917,1745720135.4769528,7.670511695323512e-05
2918,1745720150.4332452,0.0009590917616151273
2919,1745720165.2907252,0.00018451185314916074
2920,1745720177.785112,0.00010663047578418627
2921,1745720191.9977388,3.7641952076228335e-05
2922,1745720207.7001336,0.0001085905751097016
2923,1745720227.7019148,0.00012368189345579594
2924,1745720230.1849627,4.498145699471934e-06
2925,1745720382.9693487,4.776954301632941e-05
2926,1745720394.9917593,2.4371503968723118e-05
2927,1745720405.4471643,0.00010758374264696613
2928,1745720422.305428,3.023777207999956e-05
2929,1745720436.8475764,3.3941236324608326e-05
2930,1745720452.3666744,5.542740109376609e-05
2931,1745720465.0220687,0.00018609921971801668
2932,1745720485.1747177,0.0004608282179106027
2933,1745720507.7355225,4.7015539166750386e-05
2934,1745720529.1224263,6.031244629411958e-05
2935,1745720542.499896,0.016469120979309082
2936,1745720548.533404,0.00013942783698439598
2937,1745720564.698964,0.00010750186629593372
2938,1745720577.6015847,0.0001341001916443929
2939,1745720591.3039508,4.348543006926775e-05
2940,1745720609.6872985,0.00010908537660725415
2941,1745720616.8564725,0.00025690096663311124
2942,1745720637.3362129,8.696052827872336e-05
2943,1745720648.8911223,0.00014544861915055662
2944,1745720660.3566246,0.000108931606519036
2945,1745720669.546516,0.0003515210119076073
2946,1745720684.4508772,0.0003105781215708703
2947,1745720706.3596723,0.00034700435935519636
2948,1745720714.6738987,0.00017793549341149628
2949,1745720729.711094,0.015571925789117813
2950,1745720737.7302165,2.9536435249610804e-05
2951,1745720753.446655,0.00024322215176653117
2952,1745720764.0155952,0.00027819335809908807
2953,1745720785.1641245,0.0006631432333961129
2954,1745720797.5877452,7.855585863580927e-05
2955,1745720807.0264032,0.00017644546460360289
2956,1745720817.4844458,0.00018955222913064063
2957,1745720825.4141753,7.295735122170299e-05
2958,1745720841.1067088,0.00020915713685099036
2959,1745720857.1635835,0.00014249759260565042
2960,1745720870.4826784,0.00013238907558843493
2961,1745720879.1909187,0.0003323382989037782
2962,1745720893.7564526,5.447796866064891e-05
2963,1745720904.1610572,0.00013479356130119413
2964,1745720918.256815,8.430323941865936e-05
2965,1745720931.358332,0.0007227824535220861
2966,1745720949.3848794,7.178264058893546e-05
2967,1745720959.8510735,0.00011836313206003979
2968,1745720975.905305,1.714523386908695e-05
2969,1745720998.3266587,0.000132010827655904
2970,1745721009.1746914,0.00021858570107724518
2971,1745721019.5109878,0.00013536821643356234
2972,1745721033.1006691,6.963402120163664e-05
2973,1745721044.3475316,2.2266631276579574e-05
2974,1745721068.5793679,7.109182479325682e-05
2975,1745721079.4430099,0.0002181149466196075
2976,1745721096.6424828,4.979014556738548e-05
2977,1745721114.7719283,5.709265678888187e-05
2978,1745721125.0057054,3.05868306895718e-05
2979,1745721139.6632013,2.7029380362364464e-05
2980,1745721153.2116952,0.00013777153799310327
2981,1745721166.8147871,2.7862350179930218e-05
2982,1745721183.526968,4.140940654906444e-05
2983,1745721198.0405898,2.3853019229136407e-05
2984,1745721209.3116095,7.409841782646254e-05
2985,1745721221.04015,2.55889226536965e-05
2986,1745721234.4890466,1.5275478290277533e-05
2987,1745721248.1397781,7.885888771852478e-05
2988,1745721263.2731178,4.208683458273299e-05
2989,1745721283.1366727,5.2824085287284106e-05
2990,1745721290.2946959,0.0001918094785651192
2991,1745721303.2488918,5.3561590902972966e-05
2992,1745721317.2737172,0.0001318499562330544
2993,1745721328.0201986,0.0006779699469916523
2994,1745721349.4018772,5.823544051963836e-05
2995,1745721358.8858018,2.4107477656798437e-05
2996,1745721370.466013,2.8041955374646932e-05
2997,1745721382.2208462,0.00022767327027395368
2998,1745721396.0925984,0.0001437772298231721
2999,1745721404.1016788,5.014149428461678e-05
3000,1745721425.319678,4.446857565199025e-05
3001,1745721435.9668736,5.7425138948019594e-05
3002,1745721449.0033894,0.006716217380017042
3003,1745721463.5351994,0.00018128652300219983
3004,1745721485.066452,0.0005232467665337026
3005,1745721492.268109,0.00012730735761579126
3006,1745721510.8352718,0.00024249857233371586
3007,1745721524.0863628,9.249355207430199e-05
3008,1745721539.7969234,0.00032677126000635326
3009,1745721556.3871994,8.541305578546599e-05
3010,1745721561.0004084,0.00022383830219041556
3011,1745721713.6215708,0.00014027189172338694
3012,1745721724.1147387,0.0002779582282528281
3013,1745721743.9786856,6.924778426764533e-05
3014,1745721751.1833162,8.44063179101795e-05
3015,1745721769.2140517,0.0002500940172467381
3016,1745721786.8426409,8.652204996906221e-05
3017,1745721795.4730968,0.0001541126548545435
3018,1745721807.4474995,0.0001521097292425111
3019,1745721819.5455415,9.748744196258485e-05
3020,1745721842.7576663,0.0002241184120066464
3021,1745721849.4960818,6.040028893039562e-05
3022,1745721864.6905391,0.00012635099119506776
3023,1745721878.9749122,0.00016958148626144975
3024,1745721896.7421525,5.466042784973979e-05
3025,1745721906.625435,0.00010571899474598467
3026,1745721922.0914865,5.999369386699982e-05
3027,1745721932.2902293,3.147702955175191e-05
3028,1745721947.8503814,5.727544703404419e-05
3029,1745721964.5866277,5.4337626352207735e-05
3030,1745721973.7824855,4.681471909862012e-05
3031,1745721991.283382,0.00015667245315853506
3032,1745722000.2825584,0.00017411666340194643
3033,1745722016.656194,1.2449376299628057e-05
3034,1745722026.219799,4.692607035394758e-05
3035,1745722037.6328976,0.00012399675324559212
3036,1745722049.8378372,7.692358485655859e-05
3037,1745722069.7839558,6.083098196540959e-05
3038,1745722079.7104175,0.00016239796241279691
3039,1745722087.8223665,4.7399193135788664e-05
3040,1745722110.042896,6.085271161282435e-05
3041,1745722117.3995168,7.615976210217923e-05
3042,1745722133.4702394,0.00010606939031276852
3043,1745722145.7206848,8.707569941179827e-05
3044,1745722163.7152476,3.6788162105949596e-05
3045,1745722171.824109,1.577104012540076e-05
3046,1745722185.5946705,4.5308537664823234e-05
3047,1745722207.1786804,0.0003324838762637228
3048,1745722220.6809926,6.710631714668125e-05
3049,1745722227.055713,5.4762782383477315e-05
3050,1745722245.8963919,4.9992017011391e-05
3051,1745722267.0557148,0.00011912922491319478
3052,1745722276.5235858,4.0335842641070485e-05
3053,1745722285.1029048,0.00015864847227931023
3054,1745722300.1598098,1.3252024473331403e-05
3055,1745722318.8613837,9.188755211653188e-05
3056,1745722325.7685502,6.249108264455572e-05
3057,1745722344.2965913,7.335473492275923e-05
3058,1745722356.0014274,4.010292104794644e-05
3059,1745722374.8492773,5.2123283239779994e-05
3060,1745722386.535857,0.00699969008564949
3061,1745722392.4243512,8.324912778334692e-05
3062,1745722407.9654655,5.393561514210887e-05
3063,1745722416.6694636,0.00019977182091679424
3064,1745722434.198362,9.829697955865413e-05
3065,1745722447.1012578,5.29008248122409e-05
3066,1745722459.8662274,0.00015625552623532712
3067,1745722471.3746703,0.00026641017757356167
3068,1745722488.452045,6.56699703540653e-05
3069,1745722498.792743,0.004654419142752886
3070,1745722511.1178937,0.00029617318068630993
3071,1745722528.9135582,0.003914056811481714
3072,1745722542.5106468,0.019446581602096558
3073,1745722549.0372999,0.0007724147872067988
3074,1745722562.6181693,4.946467379340902e-05
3075,1745722578.2527263,9.781859262147918e-05
3076,1745722586.6237347,6.945568020455539e-05
3077,1745722606.2651274,0.0002917829842772335
3078,1745722620.8262224,0.00028242223197594285
3079,1745722639.4491615,9.069473890122026e-05
3080,1745722653.247526,0.00022918780450709164
3081,1745722663.373269,0.00019501223869156092
3082,1745722678.1311867,0.0002933218202088028
3083,1745722694.6669436,0.0002349533315282315
3084,1745722708.084289,0.00010529739665798843
3085,1745722716.595565,0.0009698645444586873
3086,1745722730.4415755,5.0767630455084145e-05
3087,1745722748.1047754,7.013183494564146e-05
3088,1745722761.0405102,0.0005712516140192747
3089,1745722769.207486,8.61987573443912e-05
3090,1745722786.6410189,0.00045086376485414803
3091,1745722800.1355064,0.00010961556108668447
3092,1745722811.5756514,3.2874217140488327e-05
3093,1745722821.0461454,5.9019035688834265e-05
3094,1745722836.74862,5.1490736950654536e-05
3095,1745722851.522888,7.56670197006315e-05
3096,1745722855.6415608,4.44003235315904e-05
3097,1745723008.5336354,0.00010269560880260542
3098,1745723019.2783613,7.008857210166752e-05
3099,1745723035.6190531,5.549656634684652e-05
3100,1745723049.231397,0.00016337554552592337
3101,1745723060.5157683,7.292661757674068e-05
3102,1745723077.984006,2.5529363483656198e-05
3103,1745723096.3439155,3.880414806189947e-05
3104,1745723103.2059639,0.00017916809883899987
3105,1745723123.1833515,5.8012985391542315e-05
3106,1745723137.0431345,0.00011975062807323411
3107,1745723149.0770812,2.2414429622585885e-05
3108,1745723170.0680563,2.6819532649824396e-05
3109,1745723192.7363107,0.0001075268883141689
3110,1745723197.2911644,1.9683489881572314e-05
3111,1745723212.348138,5.1325670938240364e-05
3112,1745723233.0112638,0.00010626357106957585
3113,1745723240.9270523,0.0006213503074832261
3114,1745723259.9620373,0.00028430993552319705
3115,1745723267.8306746,0.00013007520465180278
3116,1745723281.426432,5.601466182270087e-05
3117,1745723297.297797,3.7170375435380265e-05
3118,1745723309.7343733,3.4392087400192395e-05
3119,1745723327.2643101,9.534107812214643e-05
3120,1745723340.1755235,3.5592114727478474e-05
3121,1745723349.3377635,3.0287099434644915e-05
3122,1745723364.5318966,0.00015058432472869754
3123,1745723374.9401984,2.374109135416802e-05
3124,1745723393.8656304,0.0032671610824763775
3125,1745723404.7542088,6.279760418692604e-05
3126,1745723415.9856312,0.00010158751683775336
3127,1745723435.1055675,5.456473081721924e-05
3128,1745723445.5313835,0.00014632706006523222
3129,1745723460.2730722,0.00010717680561356246
3130,1745723473.969094,4.9032729293685406e-05
3131,1745723491.5601199,0.00013737991685047746
3132,1745723498.5946295,5.358337875804864e-05
3133,1745723516.942923,3.156478487653658e-05
3134,1745723522.9587862,0.00012117665755795315
3135,1745723541.6061857,0.0001367982040392235
3136,1745723554.7030673,9.684797987574711e-05
3137,1745723565.9518108,5.9373589465394616e-05
3138,1745723578.424277,3.9758513594279066e-05
3139,1745723591.2805102,3.969249883084558e-05
3140,1745723601.2407012,9.816439705900848e-05
3141,1745723620.3376153,2.108752232743427e-05
3142,1745723626.8805306,0.00012875234824605286
3143,1745723649.6147873,3.2774798455648124e-05
3144,1745723660.1399033,5.810831498820335e-05
3145,1745723685.5566292,5.202724059927277e-05
3146,1745723697.0746863,3.501498940750025e-05
3147,1745723706.7690897,4.365351560409181e-05
3148,1745723717.6349325,1.0916371138591785e-05
3149,1745723735.8510458,5.652044274029322e-05
3150,1745723745.138601,1.6861244148458354e-05
3151,1745723756.0038486,7.594278577016667e-05
3152,1745723770.6079006,6.7663706431631e-05
3153,1745723780.4304395,4.510236612986773e-05
3154,1745723792.4184601,3.880873555317521e-05
3155,1745723805.7788146,7.255539094330743e-05
3156,1745723818.3602889,0.018048686906695366
3157,1745723836.0541267,8.467298903269693e-05
3158,1745723845.9252603,3.596099850255996e-05
3159,1745723860.5486243,9.2102047346998e-05
3160,1745723875.1624017,0.00010760504665086046
3161,1745723889.6307883,0.0001737812126521021
3162,1745723904.8415399,0.00018443819135427475
3163,1745723915.4097767,0.00017902297258842736
3164,1745723937.5287113,5.0224403821630403e-05
3165,1745723947.6981018,0.00019031566625926644
3166,1745723961.8861122,0.00027421393315307796
3167,1745723974.0279257,0.01810300536453724
3168,1745723983.3546448,0.00010309807839803398
3169,1745724000.3048017,4.598419400281273e-05
3170,1745724011.6035366,6.487474456662312e-05
3171,1745724030.6381156,5.938125104876235e-05
3172,1745724039.6486306,9.719907393446192e-05
3173,1745724051.685508,5.4362732043955475e-05
3174,1745724074.415296,8.089246693998575e-05
3175,1745724087.4126494,7.088239362929016e-05
3176,1745724099.775676,5.466222501127049e-05
3177,1745724109.2644231,0.0002441472024656832
3178,1745724126.7048821,0.00022963783703744411
3179,1745724134.6810105,0.0003604991070460528
3180,1745724153.0636623,0.00017368578119203448
3181,1745724163.152543,6.248355930438265e-05
3182,1745724167.0680397,8.892727055354044e-05
3183,1745724309.734973,8.93258984433487e-05
3184,1745724325.66392,0.00014380009088199586
3185,1745724334.5097365,4.5535449316957965e-05
3186,1745724349.4039319,2.898107595683541e-05
3187,1745724357.2610211,3.1944538932293653e-05
3188,1745724378.264523,8.149662608047947e-05
3189,1745724385.5235074,7.503473898395896e-05
3190,1745724401.524937,6.549480167450383e-05
3191,1745724420.874281,3.315342837595381e-05
3192,1745724433.4546843,4.4025800889357924e-05
3193,1745724442.6028993,5.677271474269219e-05
3194,1745724453.3618052,0.00015544625057373196
3195,1745724461.9927313,1.1112339052488096e-05
3196,1745724481.2328787,0.00017191426013596356
3197,1745724491.0363111,7.664957956876606e-05
3198,1745724509.2391133,5.1538248953875154e-05
3199,1745724519.6835806,5.5959546443773434e-05
3200,1745724532.4923859,6.220690556801856e-05
3201,1745724549.981868,9.51047841226682e-05
3202,1745724564.4908302,6.681075319647789e-05
3203,1745724574.2016482,4.6308592573041096e-05
3204,1745724587.5064437,0.023127242922782898
3205,1745724602.0880601,5.9136869822395965e-05
3206,1745724615.8970916,6.155374285299331e-05
3207,1745724624.523399,6.0277190641500056e-05
3208,1745724645.8052588,0.00012469227658584714
3209,1745724653.441851,0.0003245272091589868
3210,1745724668.8856037,0.00015491530939470977
3211,1745724683.314118,0.00013127923011779785
3212,1745724699.3702612,0.00021850925986655056
3213,1745724719.6630669,0.00029980705585330725
3214,1745724730.5122595,0.0009562177583575249
3215,1745724750.140311,0.000981316901743412
3216,1745724760.690701,0.0002808382851071656
3217,1745724772.217242,0.00021022565488237888
3218,1745724782.8254106,0.00011903326230822131
3219,1745724793.4303713,0.0001450303680030629
3220,1745724804.731599,9.422854782314971e-05
3221,1745724817.7376769,9.927683277055621e-05
3222,1745724832.551807,1.3265213965496514e-05
3223,1745724851.564236,4.184606586932205e-05
3224,1745724862.028332,0.0003810630296356976
3225,1745724872.9938407,0.0007159517263062298
3226,1745724888.7379518,0.0001645647716941312
3227,1745724897.2824976,0.00013496990140993148
3228,1745724912.2244089,0.01763668656349182
3229,1745724928.2810502,8.556732791475952e-05
3230,1745724938.9398696,0.00018186171655543149
3231,1745724952.1793377,0.00846798438578844
3232,1745724968.4387705,0.00014686511713080108
3233,1745724976.146091,0.0023546277079731226
3234,1745724988.3866613,0.00023560141562484205
3235,1745725002.2079062,3.711278986884281e-05
3236,1745725024.3103716,0.00010373012628406286
3237,1745725035.8640878,0.00012720479571726173
3238,1745725046.1851437,0.00019634346244856715
3239,1745725056.174171,5.148535274202004e-05
3240,1745725063.2629633,7.357064896496013e-05
3241,1745725079.0556958,0.00014412065502256155
3242,1745725094.7182388,3.469972580205649e-05
3243,1745725105.4612596,0.00015011739742476493
3244,1745725115.6535413,6.339306855807081e-05
3245,1745725127.7506816,0.00025007000658661127
3246,1745725140.9420645,0.00014375588216353208
3247,1745725158.3966937,7.494118472095579e-05
3248,1745725167.590447,0.00031710846815258265
3249,1745725188.3338878,0.0001197755555040203
3250,1745725199.7275407,7.630533946212381e-05
3251,1745725208.5223415,8.887777948984876e-05
3252,1745725218.6009119,9.183534712065011e-05
3253,1745725243.166352,0.0001288123894482851
3254,1745725256.7345572,8.475848153466359e-05
3255,1745725275.37063,1.946028532984201e-05
3256,1745725286.291846,7.31726540834643e-05
3257,1745725295.0668633,0.00011623107275227085
3258,1745725305.597208,0.00012105047790100798
3259,1745725319.8854604,2.478339411027264e-05
3260,1745725334.1865323,3.9152404497144744e-05
3261,1745725347.9236288,3.8051759474910796e-05
3262,1745725368.3673263,0.0001616377558093518
3263,1745725386.0155933,0.00014724575157742947
3264,1745725399.2906191,0.00010067536641145125
3265,1745725413.5446098,0.0061529697850346565
3266,1745725419.6866763,4.280509892851114e-05
3267,1745725439.7991264,4.811230974155478e-05
3268,1745725442.2227802,7.828677189536393e-05
3269,1745725601.816567,0.00026299344608560205
3270,1745725615.303379,3.573663343559019e-05
3271,1745725626.3978357,2.136084731318988e-05
3272,1745725634.4366896,7.098484638845548e-05
3273,1745725648.4523504,6.07257206866052e-05
3274,1745725660.047938,2.6313973648939282e-05
3275,1745725673.3402655,0.00019067102402914315
3276,1745725694.1875634,5.107577453600243e-05
3277,1745725704.0512896,0.00013589394802693278
3278,1745725717.7078931,9.825277811614797e-05
3279,1745725741.3786838,0.00022115081083029509
3280,1745725748.7450225,8.741943747736514e-05
3281,1745725760.8617346,5.2963710913900286e-05
3282,1745725781.4890218,3.6939407436875626e-05
3283,1745725792.3368056,1.526257437944878e-05
3284,1745725798.9302118,5.507198511622846e-05
3285,1745725818.669126,0.0001800817990442738
3286,1745725833.6622012,0.007487579248845577
3287,1745725843.374957,4.026653550681658e-05
3288,1745725857.4800444,3.102902337559499e-05
3289,1745725877.1962085,0.00015174887084867805
3290,1745725884.5518517,5.754915764555335e-05
3291,1745725896.4608965,0.00020869678701274097
3292,1745725913.1385267,0.00017328544345218688
3293,1745725924.1107078,0.002382447710260749
3294,1745725936.2434418,7.0580979809165e-05
3295,1745725948.8387039,7.097874186001718e-05
3296,1745725959.3611958,0.00016022556519601494
3297,1745725976.6849017,5.207561480347067e-05
3298,1745725984.5964682,7.779605221003294e-05
3299,1745725999.2258325,7.233690848806873e-05
3300,1745726017.003223,7.96292515587993e-05
3301,1745726028.3490725,6.813694926677272e-05
3302,1745726041.137996,0.0001609616883797571
3303,1745726050.9366744,8.146341860992834e-05
3304,1745726063.771755,4.864868969889358e-05
3305,1745726076.8211582,2.422196848783642e-05
3306,1745726092.4523623,8.320951019413769e-05
3307,1745726103.4676816,0.008330329321324825
3308,1745726117.5136933,0.00015746751159895211
3309,1745726132.744157,0.0002360906364629045
3310,1745726146.0674045,0.00040094065479934216
3311,1745726156.72724,0.00010536018089624122
3312,1745726177.1027029,0.00012821040581911802
3313,1745726185.1691034,3.935804488719441e-05
3314,1745726200.883729,0.00162324751727283
3315,1745726216.484556,6.737425428582355e-05
3316,1745726228.9581118,8.356047328561544e-05
3317,1745726244.0351198,5.0522066885605454e-05
3318,1745726258.469976,0.0001910565042635426
3319,1745726267.7683613,7.42227493901737e-05
3320,1745726285.2027583,9.545672946842387e-05
3321,1745726296.9247608,5.600863369181752e-05
3322,1745726309.4016752,0.00014029600424692035
3323,1745726322.6226366,8.93361066118814e-05
3324,1745726337.2989671,0.0004198264214210212
3325,1745726344.0798497,5.047398371971212e-05
3326,1745726361.208514,8.378322672797367e-05
3327,1745726375.7103815,0.0006031806115061045
3328,1745726391.5845044,3.5322071198606864e-05
3329,1745726400.4401937,1.7809537894208916e-05
3330,1745726418.155277,3.953917257604189e-05
3331,1745726428.6414108,2.99098901450634e-05
3332,1745726449.0860128,0.00011827351409010589
3333,1745726458.8832295,7.277335680555552e-05
3334,1745726470.623388,6.166026287246495e-05
3335,1745726484.2626755,7.606567669427022e-05
3336,1745726495.6741672,3.6469118640525267e-05
3337,1745726503.6559937,5.179868094273843e-05
3338,1745726525.4232366,1.9849641830660403e-05
3339,1745726539.721441,4.0060658648144454e-05
3340,1745726551.767371,0.0004841354675590992
3341,1745726560.0571237,6.191704596858472e-05
3342,1745726573.4746926,9.50691246544011e-05
3343,1745726583.5123448,2.6565323423710652e-05
3344,1745726605.7100053,5.391622835304588e-05
3345,1745726613.7218926,0.00010478563490323722
3346,1745726629.441786,6.178791227284819e-05
3347,1745726642.6748567,3.172746073687449e-05
3348,1745726651.8991065,2.2323984012473375e-05
3349,1745726670.329681,3.62200262316037e-05
3350,1745726683.6909974,0.00012274339678697288
3351,1745726694.045733,5.380483707995154e-05
3352,1745726702.1441438,5.299302574712783e-05
3353,1745726717.7195325,7.051832653814927e-05
3354,1745726723.7339807,2.1433163055917248e-05
3355,1745726868.9969401,6.797807145630941e-05
3356,1745726877.0038812,7.208927854662761e-05
3357,1745726896.5306842,5.684796633431688e-05
3358,1745726905.358765,7.087975245667621e-05
3359,1745726924.046701,4.210257975501008e-05
3360,1745726933.9723158,9.598366887075827e-05
3361,1745726942.1668453,1.8143011402571574e-05
3362,1745726957.3772762,6.578176544280723e-05
3363,1745726973.4926918,4.462322613107972e-05
3364,1745726991.3981087,5.5986925872275606e-05
3365,1745727005.0016825,9.646500984672457e-05
3366,1745727016.9113827,2.8396159905241802e-05
3367,1745727036.8942552,0.00011299759353278205
3368,1745727044.3324873,5.82725515414495e-05
3369,1745727065.9046326,4.4964788685319945e-05
3370,1745727083.2190716,4.298249405110255e-05
3371,1745727091.775447,2.3423312086379156e-05
3372,1745727117.8795378,2.9226639526314102e-05
3373,1745727128.5439825,2.6300380341126584e-05
3374,1745727137.5429094,2.842048525053542e-05
3375,1745727152.780448,8.960939157987013e-05
3376,1745727171.7880056,3.953031773562543e-05
3377,1745727181.9725635,5.2563122153514996e-05
3378,1745727207.2786143,7.155695493565872e-05
3379,1745727212.7092218,6.94080808898434e-05
3380,1745727226.0740623,2.8063373974873684e-05
3381,1745727243.581511,2.6020610675914213e-05
3382,1745727255.5407443,1.5359846656792797e-05
3383,1745727267.072111,4.6037173888180405e-05
3384,1745727277.091093,4.2975418182322755e-05
3385,1745727287.8548882,6.411051435861737e-05
3386,1745727296.2382896,4.348649235907942e-05
3387,1745727317.1014311,9.982984192902222e-05
3388,1745727326.1144173,3.6734836612595245e-05
3389,1745727347.3918145,5.811031587654725e-05
3390,1745727359.9374895,1.0111586561833974e-05
3391,1745727374.0354092,2.505257180018816e-05
3392,1745727384.1550434,4.696368705481291e-05
3393,1745727397.5262275,3.3023112337104976e-05
3394,1745727415.0449736,6.582267087651417e-05
3395,1745727430.876184,5.033127672504634e-05
3396,1745727440.461015,2.131820292561315e-05
3397,1745727455.2041142,1.805320607672911e-05
3398,1745727472.1055734,0.0002715687151066959
3399,1745727484.8643486,8.68958068167558e-06
3400,1745727501.877537,1.1939709111175034e-05
3401,1745727509.1002786,2.6164390874328092e-05
3402,1745727528.9118128,2.801366827043239e-05
3403,1745727542.5429165,0.02048625238239765
3404,1745727553.55452,4.450867709238082e-05
3405,1745727572.055426,5.447050716611557e-05
3406,1745727580.897549,1.7939892131835222e-05
3407,1745727598.2009628,5.0947397539857775e-05
3408,1745727607.3902004,0.00014022165851201862
3409,1745727620.8667567,8.444357081316411e-05
3410,1745727631.854841,0.0001560308301122859
3411,1745727648.1378667,0.00011909053864656016
3412,1745727662.4725068,0.0006697109201923013
3413,1745727680.9963841,0.012465674430131912
3414,1745727691.0531936,5.1133392844349146e-05
3415,1745727705.7036808,5.0650334742385894e-05
3416,1745727726.2110069,0.0001806814834708348
3417,1745727736.3971996,6.917229620739818e-05
3418,1745727751.32135,0.00023211896768771112
3419,1745727772.1173654,4.919808998238295e-05
3420,1745727780.6181347,1.85418739420129e-05
3421,1745727788.5846741,1.4446142813540064e-05
3422,1745727804.9235384,8.28782794997096e-05
3423,1745727818.7455711,0.0001318089198321104
3424,1745727833.9797251,9.661512012826279e-05
3425,1745727849.5596206,0.00016346194024663419
3426,1745727862.6726725,1.6394433259847574e-05
3427,1745727876.6273293,3.321958865853958e-05
3428,1745727892.78272,0.000184120362973772
3429,1745727910.5739613,6.38812780380249e-05
3430,1745727921.0561132,0.00010573642066447064
3431,1745727936.5241122,0.00012738870282191783
3432,1745727956.5129669,9.699897054815665e-05
3433,1745727967.2877557,5.731194687541574e-05
3434,1745727979.582687,7.99690606072545e-05
3435,1745727991.0565834,0.00010079834464704618
3436,1745728001.9216635,1.716428050713148e-05
3437,1745728017.2306736,7.283648301381618e-05
3438,1745728027.1017632,0.01498265378177166
3439,1745728041.267359,5.518488251254894e-05
3440,1745728047.4782772,0.00014158233534544706
3441,1745728193.4383206,1.4538908544636797e-05
3442,1745728209.205151,0.013585838489234447
3443,1745728222.9043806,8.39765343698673e-05
3444,1745728234.8152974,1.7770371414371766e-05
3445,1745728248.2299333,0.000126680766697973
3446,1745728269.0517719,9.556894656270742e-05
3447,1745728277.0320725,3.1554380257148296e-05
3448,1745728292.470708,3.598530020099133e-05
3449,1745728310.2340734,0.0022441879846155643
3450,1745728319.7075,3.554931026883423e-05
3451,1745728335.607284,3.0161618269630708e-05
3452,1745728358.9605765,0.00010134665353689343
3453,1745728372.4278655,8.888319280231372e-05
3454,1745728390.813019,9.11845636437647e-05
3455,1745728400.9510887,0.00015096737479325384
3456,1745728410.025742,0.0003639749193098396
3457,1745728426.172934,0.00011683236516546458
3458,1745728443.4998314,0.00013410713290795684
3459,1745728453.5441947,8.844687545206398e-05
3460,1745728464.2733061,9.000204590847716e-05
3461,1745728481.5402014,0.0002177128626499325
3462,1745728489.472594,9.66156876529567e-05
3463,1745728512.6109931,3.641425064415671e-05
3464,1745728523.7296154,2.7370328098186292e-05
3465,1745728535.6525712,2.6136511223739944e-05
3466,1745728545.943496,2.1898971681366675e-05
3467,1745728561.356732,4.292751691536978e-05
3468,1745728581.9670084,6.458393181674182e-05
3469,1745728593.8732285,7.718637061771005e-05
3470,1745728605.0952806,3.357214154675603e-05
3471,1745728625.930102,2.7982809115201235e-05
3472,1745728637.4362962,2.4912264052545652e-05
3473,1745728647.3613844,8.858499495545402e-05
3474,1745728662.3118727,1.3463430150295608e-05
3475,1745728673.654239,4.385114516480826e-05
3476,1745728686.7489817,0.00010910041601164266
3477,1745728701.8666792,4.225281372782774e-05
3478,1745728715.8852966,2.883351953641977e-05
3479,1745728731.227146,2.4832792405504733e-05
3480,1745728751.8659348,4.406981315696612e-05
3481,1745728758.6306896,5.567630068981089e-05
3482,1745728775.0403247,5.224229607847519e-05
3483,1745728784.6887004,5.532678551389836e-05
3484,1745728808.934681,0.00012552236148621887
3485,1745728817.1376941,5.9088346461066976e-05
3486,1745728836.7679117,3.275798007962294e-05
3487,1745728845.889007,5.6104985560523346e-05
3488,1745728857.0144491,2.7005593437934294e-05
3489,1745728870.4993382,1.7347409084322862e-05
3490,1745728882.4122574,4.529099169303663e-05
3491,1745728899.2363923,2.807748387567699e-05
3492,1745728923.181729,4.044168963446282e-05
3493,1745728935.5708094,9.263239189749584e-05
3494,1745728946.0066032,3.0284982130979188e-05
3495,1745728957.393738,8.553737279726192e-05
3496,1745728979.134415,2.9581318813143298e-05
3497,1745728987.8901885,0.0001548140135128051
3498,1745728997.8999794,6.0078047681599855e-05
3499,1745729014.3297915,5.873797999811359e-05
3500,1745729022.47978,4.071686998941004e-05
3501,1745729041.1734023,3.979391840402968e-05
3502,1745729051.4314046,0.0001309411891270429
3503,1745729063.890799,3.769907561945729e-05
3504,1745729081.4736788,9.258219506591558e-05
3505,1745729091.6325912,1.54671652126126e-05
3506,1745729110.5781224,3.590175401768647e-05
3507,1745729121.240202,5.897647133679129e-05
3508,1745729134.6428432,4.422686106408946e-05
3509,1745729148.8266857,2.4526245397282764e-05
3510,1745729161.015684,4.078710117028095e-05
3511,1745729170.8965676,3.7800291465828195e-05
3512,1745729184.4298198,3.97239055018872e-05
3513,1745729198.3256752,4.977488424628973e-05
3514,1745729216.5295715,4.696950418292545e-05
3515,1745729225.5212588,3.5810957342619076e-05
3516,1745729246.658626,6.931173265911639e-05
3517,1745729255.1784334,0.0001716309634502977
3518,1745729271.8369792,0.0006714895134791732
3519,1745729283.292238,0.00886572152376175
3520,1745729301.7251155,3.748394374269992e-05
3521,1745729312.2948987,3.9315007597906515e-05
3522,1745729323.655754,4.3012209061998874e-05
3523,1745729338.9668798,8.704287029104307e-05
3524,1745729351.9352098,0.01619037054479122
3525,1745729368.2581735,0.00012214956223033369
3526,1745729370.7318876,7.840803300496191e-05
3527,1745729508.9552298,4.043350145366276e-06
3528,1745729529.6126173,7.777954306220636e-05
3529,1745729544.1755192,3.977779488195665e-05
3530,1745729558.397571,2.7616717488854192e-05
3531,1745729572.7997086,0.00014566018944606185
3532,1745729584.276098,3.4379139833617955e-05
3533,1745729598.2565758,2.8036816729581915e-05
3534,1745729608.3418248,1.3278485312184785e-05
3535,1745729624.276706,5.733394209528342e-05
3536,1745729633.7920134,9.428739576833323e-05
3537,1745729650.264649,8.487587183481082e-05
3538,1745729664.6445954,1.3348466382012703e-05
3539,1745729679.7272947,7.526136323576793e-05
3540,1745729695.837664,8.578543202020228e-05
3541,1745729712.402487,8.674911077832803e-05
3542,1745729725.9099636,5.0026610551867634e-05
3543,1745729738.327356,1.7222939277417026e-05
3544,1745729754.6388175,4.5385993871605024e-05
3545,1745729771.2826054,4.200484181637876e-05
3546,1745729783.6559741,1.7235937775694765e-05
3547,1745729803.8858306,2.3882914319983684e-05
3548,1745729812.5614307,8.021747635211796e-05
3549,1745729832.3498912,6.311394099611789e-05
3550,1745729851.0950947,7.1929935074877e-05
3551,1745729855.7860594,8.105686720227823e-05
3552,1745729871.6138422,2.802065500873141e-05
3553,1745729885.2650566,4.248120239935815e-05
3554,1745729901.194685,6.051225136616267e-05
3555,1745729909.9049108,6.0722388298017904e-05
3556,1745729929.6191196,9.108502126764506e-05
3557,1745729944.8455,0.00045186092029325664
3558,1745729952.6709182,6.146615487523377e-05
3559,1745729974.4692383,4.086272747372277e-05
3560,1745729983.3866386,6.43428138573654e-05
3561,1745729995.2447875,2.3644108296139166e-05
3562,1745730009.5998194,6.442068843171e-05
3563,1745730022.741672,5.191091986489482e-05
3564,1745730041.1127079,1.575865644554142e-05
3565,1745730050.0091863,2.939263686130289e-05
3566,1745730069.5226827,4.6501569158863276e-05
3567,1745730079.9373753,8.350393909495324e-05
3568,1745730093.1098697,5.55970000277739e-05
3569,1745730105.8924508,8.923823770601302e-05
3570,1745730129.1573584,4.896559767075814e-05
3571,1745730136.6278903,4.825956420972943e-05
3572,1745730156.039834,3.35954173351638e-05
3573,1745730167.8584807,2.3795399101800285e-05
3574,1745730180.9704669,3.854675014736131e-05
3575,1745730195.8177063,0.002354768104851246
3576,1745730204.1247535,2.3283280825125985e-05
3577,1745730218.1448452,3.0376535505638458e-05
3578,1745730235.2939985,9.934433182934299e-05
3579,1745730246.865928,3.996777377324179e-05
3580,1745730262.7408743,7.792776159476489e-05
3581,1745730272.5616367,0.00310175190679729
3582,1745730285.0683973,5.2149302064208314e-05
3583,1745730302.1136098,6.223594391485676e-05
3584,1745730314.518851,6.769091851310804e-05
3585,1745730336.7817764,7.936979091027752e-05
3586,1745730349.794626,5.816920747747645e-05
3587,1745730358.7840602,3.923019175999798e-05
3588,1745730373.404543,5.1103248551953584e-05
3589,1745730381.9185095,3.9755974285071716e-05
3590,1745730392.5898225,6.255602784221992e-05
3591,1745730413.1817112,3.0607025109929964e-05
3592,1745730435.7997167,2.8186475901748054e-05
3593,1745730445.8263412,1.8859607735066675e-05
3594,1745730459.2437897,6.819837290095165e-05
3595,1745730470.8074455,3.242621824028902e-05
3596,1745730488.937348,4.97803594043944e-05
3597,1745730495.9007504,4.929897841066122e-05
3598,1745730511.0905073,4.596316284732893e-05
3599,1745730534.9324338,6.631235009990633e-05
3600,1745730551.0797162,3.480309169390239e-05
3601,1745730561.645877,4.498290581977926e-05
3602,1745730572.0801373,7.260618440341204e-05
3603,1745730582.176773,3.624894088716246e-05
3604,1745730598.4900308,1.5989824532880448e-05
3605,1745730611.6896253,3.925813871319406e-05
3606,1745730626.0119088,4.3088060920126736e-05
3607,1745730636.9284108,5.8614932640921324e-05
3608,1745730658.1035166,0.013691123574972153
3609,1745730667.0593815,0.011059876531362534
3610,1745730676.7488341,9.751861944096163e-05
3611,1745730696.2454705,6.02409963903483e-05
3612,1745730698.7111382,7.263793122547213e-06
3613,1745730839.1165936,8.310661542054731e-06
3614,1745730852.3221622,5.579145363299176e-05
3615,1745730865.9772024,4.023691144539043e-05
3616,1745730882.5626717,4.32216766057536e-05
3617,1745730892.0900028,3.4547061659395695e-05
3618,1745730903.9286585,9.303770639235154e-05
3619,1745730918.7421412,5.321832941262983e-05
3620,1745730933.420177,4.0612780139781535e-05
3621,1745730956.5798523,3.6415571230463684e-05
3622,1745730967.0152953,5.6566696002846584e-05
3623,1745730977.09072,5.1949042244814336e-05
3624,1745730995.508712,4.055339013575576e-05
3625,1745731007.6920476,5.797429184895009e-05
3626,1745731022.7714894,4.993661059415899e-05
3627,1745731038.0185292,4.8601421440253034e-05
3628,1745731056.033,4.759415242006071e-05
3629,1745731066.781914,4.87333963974379e-05
3630,1745731080.4074223,2.1035937606939115e-05
3631,1745731099.112666,1.77796737261815e-05
3632,1745731112.7016203,2.4127992219291627e-05
3633,1745731122.1490128,2.0216488337609917e-05
3634,1745731137.5570796,7.353786349995062e-05
3635,1745731150.3920722,4.1360770410392433e-05
3636,1745731165.796528,2.3586786483065225e-05
3637,1745731175.5008345,6.257557834032923e-05
3638,1745731189.0671098,0.0001522574166301638
3639,1745731201.8311424,5.277078889776021e-05
3640,1745731222.0744255,0.00010850370017578825
3641,1745731232.7691035,9.01489911484532e-05
3642,1745731252.6571214,6.51534428470768e-05
3643,1745731261.243519,6.778207898605615e-05
3644,1745731271.0953486,0.013504356145858765
3645,1745731287.4295435,7.898361945990473e-05
3646,1745731297.1941695,3.075529093621299e-05
3647,1745731313.105935,6.0546899476321414e-05
3648,1745731324.2268007,0.00011313129652990028
3649,1745731344.4678016,0.00012219605559948832
3650,1745731356.262299,0.00016857875743880868
3651,1745731370.1214688,0.00020385088282637298
3652,1745731382.706502,0.00012554459681268781
3653,1745731391.348788,0.00019791432714555413
3654,1745731406.0530376,4.902623186353594e-05
3655,1745731420.9644084,0.007091140374541283
3656,1745731431.9060946,0.002977659460157156
3657,1745731453.530677,3.386252137715928e-05
3658,1745731461.9674773,5.97238504269626e-05
3659,1745731474.2403355,0.006344306282699108
3660,1745731489.9586232,3.745036156033166e-05
3661,1745731504.5146902,4.7695230023236945e-05
3662,1745731514.555768,9.548338130116463e-05
3663,1745731534.4722102,4.6056764404056594e-05
3664,1745731542.962619,1.9846955183311366e-05
3665,1745731562.437672,2.6294826966477558e-05
3666,1745731570.9002945,0.008315091952681541
3667,1745731588.7666726,0.00017014428158290684
3668,1745731598.934944,0.000417414732510224
3669,1745731610.3445919,0.00012787675950676203
3670,1745731627.3846428,0.0003188347618561238
3671,1745731642.3588428,0.00179522973485291
3672,1745731651.0920134,0.00014409107097890228
3673,1745731671.919711,0.0005393582978285849
3674,1745731683.5502307,4.7987305151764303e-05
3675,1745731704.4012034,6.621975626330823e-05
3676,1745731714.1401472,5.947889439994469e-05
3677,1745731729.3968182,8.396941120736301e-05
3678,1745731742.5465024,8.095814700936899e-05
3679,1745731758.1209335,7.87409589975141e-05
3680,1745731770.1592078,6.325622962322086e-05
3681,1745731788.8057108,0.0002147055056411773
3682,1745731805.1061065,0.000327881658449769
3683,1745731818.74667,9.730130841489881e-05
3684,1745731829.3854895,8.756557508604601e-05
3685,1745731840.5689077,9.997427696362138e-05
3686,1745731859.6992023,2.8528455004561692e-05
3687,1745731871.1995993,1.420457920175977e-05
3688,1745731884.0501053,0.010808118619024754
3689,1745731905.7259176,3.125559305772185e-05
3690,1745731918.3906713,9.130342368735e-05
3691,1745731929.422843,5.397556378738955e-05
3692,1745731954.269567,0.00034263342968188226
3693,1745731965.1638427,0.00012956922000739723
3694,1745731975.660956,0.00026742019690573215
3695,1745731987.5459573,0.00018695481412578374
3696,1745731999.1527371,6.451932858908549e-05
3697,1745732015.4155822,7.658199319848791e-05
3698,1745732018.6282449,0.00013081384531687945
3699,1745732150.6564102,0.00013346267223823816
3700,1745732170.1638098,9.641123324399814e-05
3701,1745732193.8697433,3.451743032201193e-05
3702,1745732216.936433,0.0001873445580713451
3703,1745732237.5832455,4.026573878945783e-05
3704,1745732253.1459389,0.00034845928894355893
3705,1745732265.9932275,0.00011677089787553996
3706,1745732276.5432599,8.652505493955687e-05
3707,1745732293.142441,0.004670643713325262
3708,1745732304.7462673,3.999734326498583e-05
3709,1745732323.0795507,2.5917463062796742e-05
3710,1745732338.7644832,4.9732523621059954e-05
3711,1745732351.3379457,8.682656334713101e-05
3712,1745732365.6093721,0.0003335254150442779
3713,1745732384.82457,0.00021134626877028495
3714,1745732402.985686,3.4012788091786206e-05
3715,1745732419.9005673,0.0005617114366032183
3716,1745732430.246909,5.0525504775578156e-05
3717,1745732444.4495559,6.276317435549572e-05
3718,1745732451.652787,3.245137486374006e-05
3719,1745732469.8281903,6.527161895064637e-05
3720,1745732478.443447,9.185229282593355e-05
3721,1745732497.8113961,9.123991912929341e-05
3722,1745732513.1835086,0.0003932754625566304
3723,1745732523.0495663,3.498189471429214e-05
3724,1745732538.4711187,4.769705992657691e-05
3725,1745732560.6662505,0.00015117053408175707
3726,1745732575.4311523,0.00014126005407888442
3727,1745732583.8339229,2.294126352353487e-05
3728,1745732600.3111293,6.0582337027881294e-05
3729,1745732620.379121,2.4652334104757756e-05
3730,1745732629.1396558,2.8860449674539268e-05
3731,1745732641.9238815,7.286723848665133e-05
3732,1745732652.1260366,0.00014203910541255027
3733,1745732665.942182,4.764788900502026e-05
3734,1745732680.1133997,3.3590586099307984e-05
3735,1745732699.5601332,5.785621397080831e-05
3736,1745732706.5972226,5.599142605205998e-05
3737,1745732721.737481,5.277779564494267e-05
3738,1745732736.8038442,4.3321466364432126e-05
3739,1745732751.8788593,2.4257309632957913e-05
3740,1745732766.4488645,9.56316762312781e-06
3741,1745732782.3915284,0.0001009514817269519
3742,1745732801.6015038,4.8225687351077795e-05
3743,1745732809.3079562,8.996199176181108e-05
3744,1745732829.1994658,3.2421337436971953e-06
3745,1745732837.0655515,4.604411878972314e-05
3746,1745732851.3967826,8.905697904992849e-05
3747,1745732869.3759632,0.012251932173967361
3748,1745732880.162377,2.588894494692795e-05
3749,1745732901.1537895,5.656846769852564e-05
3750,1745732909.5198042,2.0210045477142558e-05
3751,1745732921.2050273,2.5626968636061065e-05
3752,1745732939.1330004,5.635321940644644e-05
3753,1745732951.684305,4.3354593799449503e-05
3754,1745732969.5782943,9.457708074478433e-05
3755,1745732982.0932546,7.085853576427326e-05
3756,1745732994.2382774,6.832417420810089e-05
3757,1745733009.1644363,0.00011189790529897436
3758,1745733022.240587,9.05077758943662e-05
3759,1745733037.0583062,2.8538537662825547e-05
3760,1745733049.189447,6.163038779050112e-05
3761,1745733061.895849,3.931240280508064e-05
3762,1745733077.913663,6.203291559359059e-05
3763,1745733089.1633458,2.080147896776907e-05
3764,1745733111.796521,7.766697672195733e-05
3765,1745733124.2184632,4.083345993421972e-05
3766,1745733136.5401027,0.00010172904148930684
3767,1745733146.0475755,7.782078318996355e-05
3768,1745733163.3135543,8.007275027921423e-05
3769,1745733172.332095,0.0001201546037918888
3770,1745733186.4164987,2.766566649370361e-05
3771,1745733196.726685,9.469636279391125e-05
3772,1745733216.751959,3.026484409929253e-05
3773,1745733227.2347817,2.302890243299771e-05
3774,1745733240.2107034,6.005479008308612e-05
3775,1745733250.8116775,6.750177271896973e-05
3776,1745733263.0039217,4.278372580301948e-05
3777,1745733283.9459994,3.339973773108795e-05
3778,1745733298.280665,0.004811011720448732
3779,1745733307.64852,2.0076236978638917e-05
3780,1745733331.0870545,3.263110193074681e-05
3781,1745733342.5181537,2.3481828975491226e-05
3782,1745733351.4369452,0.00011916110815946013
3783,1745733373.5236301,1.889959821710363e-05
3784,1745733376.2169695,1.7068592228497437e-07
3785,1745733509.1938076,7.663305586902425e-05
3786,1745733524.5466704,0.0002019573439611122
3787,1745733539.8442953,3.7231806345516816e-05
3788,1745733559.1830564,0.007613251451402903
3789,1745733572.6310663,0.00014016775821801275
3790,1745733585.5605843,5.8781362895388156e-05
3791,1745733605.4627318,2.1079684302094392e-05
3792,1745733623.8196797,4.702317892224528e-05
3793,1745733633.9452825,7.191616168711334e-05
3794,1745733655.7437127,3.589397601899691e-05
3795,1745733665.0724802,3.216043842257932e-05
3796,1745733688.391384,3.1226518331095576e-05
3797,1745733697.006797,3.3304717362625524e-05
3798,1745733712.0137274,2.2015579816070385e-05
3799,1745733727.519899,0.00010825868957908824
3800,1745733739.923942,4.17408264183905e-05
3801,1745733756.6236758,1.2742497347062454e-05
3802,1745733764.8473341,6.033584213582799e-05
3803,1745733788.730322,3.043860851903446e-05
3804,1745733802.0518277,9.831663192017004e-05
3805,1745733813.6383445,3.5520788514986634e-05
3806,1745733826.238056,4.216307934257202e-05
3807,1745733844.905837,5.407488060882315e-05
3808,1745733857.3419366,2.966227475553751e-05
3809,1745733871.328459,4.412029738887213e-05
3810,1745733887.316173,4.818731395062059e-05
3811,1745733896.0053518,0.006122295279055834
3812,1745733914.8781726,4.193951826891862e-05
3813,1745733926.2358632,5.024439451517537e-05
3814,1745733940.5392182,2.3286072973860428e-05
3815,1745733952.8009603,8.866287680575624e-05
3816,1745733962.1290798,5.055411020293832e-05
3817,1745733976.8294013,7.768156501697376e-05
3818,1745733989.2883334,7.653008651686832e-05
3819,1745734007.6113465,6.716516509186476e-05
3820,1745734022.452335,0.00010250542254652828
3821,1745734029.9601984,9.208581468556076e-05
3822,1745734046.1346974,0.00012399199476931244
3823,1745734068.7146783,0.00018486408225726336
3824,1745734082.6911314,0.0003204096865374595
3825,1745734090.24764,9.579199104337022e-05
3826,1745734106.5981064,0.00023094433709047735
3827,1745734123.541673,5.4844003898324445e-06
3828,1745734133.3941464,8.556449029128999e-05
3829,1745734144.6809237,8.624029578641057e-05
3830,1745734161.113922,0.00015201885253190994
3831,1745734171.994498,0.0003453447134234011
3832,1745734196.1026418,4.4917342165717855e-05
3833,1745734201.9874618,5.2802708523813635e-05
3834,1745734218.4894123,0.00013063564256299287
3835,1745734232.531662,9.194376616505906e-05
3836,1745734252.8226771,3.3640309993643314e-05
3837,1745734262.0210803,7.275660027517006e-05
3838,1745734278.188709,0.0005673227715305984
3839,1745734290.6356554,8.328773401444778e-05
3840,1745734307.635267,9.427739860257134e-05
3841,1745734317.7086143,0.00011206984345335513
3842,1745734329.8032315,4.7429824917344376e-05
3843,1745734343.0473661,0.02958117239177227
3844,1745734358.873668,3.472392199910246e-05
3845,1745734365.8036625,3.806527456617914e-05
3846,1745734386.9918659,4.820163667318411e-05
3847,1745734400.3746104,9.781632252270356e-05
3848,1745734411.9053745,0.00011349786655046046
3849,1745734422.187904,7.148872828111053e-05
3850,1745734442.7414937,6.031369048287161e-05
3851,1745734453.0737875,0.00014078164531383663
3852,1745734465.5263295,3.669580473797396e-05
3853,1745734480.6220946,2.4388247766182758e-05
3854,1745734491.5572453,7.991767779458314e-05
3855,1745734500.3661313,6.156802555778995e-05
3856,1745734521.9018345,7.533266762038693e-05
3857,1745734535.6921258,0.0020791718270629644
3858,1745734550.7467165,4.798705776920542e-05
3859,1745734573.515614,5.217093712417409e-05
3860,1745734588.1682866,5.910013715038076e-05
3861,1745734596.4217541,0.00016166639397852123
3862,1745734606.1391358,0.00016965287795756012
3863,1745734629.8463864,0.0051511372439563274
3864,1745734637.7873316,4.670349881052971e-05
3865,1745734654.1241407,5.933210559305735e-05
3866,1745734673.5597932,0.00018351075414102525
3867,1745734678.914854,0.00042739653144963086
3868,1745734695.4431815,0.0003222419763915241
3869,1745734706.6979373,0.000254513492109254
3870,1745734710.7139816,2.7525344194145873e-05
3871,1745734876.9090574,0.00020725428475998342
3872,1745734891.524797,6.369869515765458e-05
3873,1745734907.4912536,0.00018234419985674322
3874,1745734919.1706731,6.682138337055221e-05
3875,1745734931.193033,0.00012627219257410616
3876,1745734947.1466844,0.00016481959028169513
3877,1745734957.4715436,5.606352351605892e-05
3878,1745734973.1073594,0.00018557200382929295
3879,1745734990.7906802,0.0001884446246549487
3880,1745735000.2922113,5.406341006164439e-05
3881,1745735019.6546702,3.581913188099861e-05
3882,1745735036.0640225,6.105432839831337e-05
3883,1745735051.3744903,0.00012711338058579713
3884,1745735060.4965663,0.00015058863209560513
3885,1745735078.145336,5.6416749430354685e-05
3886,1745735099.8990622,3.7539230106631294e-05
3887,1745735113.2493062,7.737172381894197e-06
3888,1745735127.2953238,6.301877874648198e-05
3889,1745735142.0573184,4.702093792730011e-05
3890,1745735157.4768362,1.7986900274991058e-05
3891,1745735172.6265762,3.503721018205397e-05
3892,1745735186.8070595,6.687292625429109e-05
3893,1745735200.410916,0.006348326802253723
3894,1745735216.234632,2.6286237698514014e-05
3895,1745735224.2941718,1.4850357729301322e-05
3896,1745735246.7821958,4.462064316612668e-05
3897,1745735261.136636,6.027122071827762e-05
3898,1745735271.8706095,0.00011615151743171737
3899,1745735288.6971364,7.177243969636038e-05
3900,1745735299.267215,9.04851985978894e-05
3901,1745735317.993174,0.00017441123782191426
3902,1745735327.5946884,0.0018521390156820416
3903,1745735336.7915566,2.714100446610246e-05
3904,1745735355.8512423,0.00045269387192092836
3905,1745735364.637867,0.007107886485755444
3906,1745735379.2138562,0.010772502981126308
3907,1745735396.217253,0.000227802200242877
3908,1745735408.9018164,4.139704833505675e-05
3909,1745735424.155197,5.5745527788531035e-05
3910,1745735445.779559,0.00014863403339404613
3911,1745735469.6601746,0.0005011311150155962
3912,1745735478.4395213,0.00014646783529315144
3913,1745735489.1497154,0.00012413423974066973
3914,1745735510.9940145,8.011443424038589e-05
3915,1745735523.463233,0.00017143777222372591
3916,1745735535.393417,0.00017368097906000912
3917,1745735552.018506,0.00011753028957173228
3918,1745735560.9201632,0.00013345411571208388
3919,1745735577.634685,0.00020690119708888233
3920,1745735585.8709817,2.5253390049329028e-05
3921,1745735598.638677,7.31871768948622e-05
3922,1745735606.3362865,1.4875753549858928e-05
3923,1745735624.53799,5.0370817916700616e-05
3924,1745735648.9076147,8.840322698233649e-05
3925,1745735658.6583683,0.00012031432561343536
3926,1745735668.272424,0.00018160145555157214
3927,1745735678.2678218,7.25545032764785e-06
3928,1745735695.4995706,8.051208715187386e-05
3929,1745735703.7012262,3.298233787063509e-05
3930,1745735725.6879811,0.00012156504089944065
3931,1745735736.4818065,0.0001745714107528329
3932,1745735751.9034204,0.0001807244261726737
3933,1745735759.7400014,4.592032928485423e-05
3934,1745735783.7706623,0.00011154856474604458
3935,1745735788.4559417,5.655143104377203e-05
3936,1745735801.3307097,0.00015371556219179183
3937,1745735816.9701865,0.00012479857832659036
3938,1745735826.0892498,0.00014643801841884851
3939,1745735838.5014303,0.00010201894474448636
3940,1745735851.5201905,5.679078822140582e-05
3941,1745735870.011389,4.460488707991317e-05
3942,1745735882.3202415,4.468779297894798e-05
3943,1745735906.0365336,3.896224370691925e-05
3944,1745735916.0490396,5.757056351285428e-05
3945,1745735930.7860296,7.442125934176147e-05
3946,1745735942.8779736,0.00022616748174186796
3947,1745735957.4480786,5.2401832363102585e-05
3948,1745735964.8456507,3.550333349267021e-05
3949,1745735986.1429136,0.00013796986604575068
3950,1745735991.7080674,4.311320299166255e-05
3951,1745736007.6131432,5.5157881433842704e-05
3952,1745736023.5127068,3.763656786759384e-05
3953,1745736031.5043752,7.381538580375491e-06
3954,1745736050.975315,2.7123895051772706e-05
3955,1745736061.7286627,3.239627039874904e-05
3956,1745736067.3032835,4.283048474462703e-05
3957,1745736225.2739432,5.468808740261011e-05
3958,1745736235.5235574,2.8366919650579803e-05
3959,1745736247.3704224,3.407221083762124e-05
3960,1745736259.46376,1.469553080823971e-05
3961,1745736283.804818,7.227139576571062e-05
3962,1745736291.9514942,3.261418532929383e-05
3963,1745736304.4596272,3.556213778210804e-05
3964,1745736318.9555728,1.139979485742515e-05
3965,1745736329.7475278,5.346339457901195e-05
3966,1745736340.8673558,4.955572512699291e-05
3967,1745736359.8267498,9.568498353473842e-05
3968,1745736371.4414551,5.6990236771525815e-05
3969,1745736386.4601784,6.541267066495493e-05
3970,1745736403.252545,7.348329290834954e-06
3971,1745736410.9609845,1.963157774298452e-05
3972,1745736426.2849278,4.319668732932769e-05
3973,1745736433.7526894,1.9588844224927016e-05
3974,1745736450.9075143,2.8744045266648754e-05
3975,1745736465.6160784,1.0531158295634668e-05
3976,1745736482.5894775,1.160202646133257e-05
3977,1745736497.2682621,5.955207234364934e-05
3978,1745736511.734526,0.000995651469565928
3979,1745736527.3899126,6.29038768238388e-05
3980,1745736539.4037356,1.1645765880530234e-05
3981,1745736556.6696417,6.839392153779045e-05
3982,1745736569.262649,0.00011370003630872816
3983,1745736585.889314,2.4612283596070483e-05
3984,1745736600.7526255,8.845699630910531e-05
3985,1745736612.8128495,4.761283707921393e-05
3986,1745736620.9246113,6.671930168522522e-05
3987,1745736637.9996085,3.2032527087721974e-05
3988,1745736651.4457245,8.182679448509589e-05
3989,1745736660.4481874,3.057829962926917e-05
3990,1745736675.969923,6.387818575603887e-05
3991,1745736690.2469163,3.702091271406971e-05
3992,1745736702.0699096,4.342004103818908e-05
3993,1745736720.3862593,7.141065725591034e-05
3994,1745736734.352469,1.49271918417071e-05
3995,1745736744.7697124,2.1823814677190967e-05
3996,1745736759.6862538,6.436880539695267e-06
3997,1745736772.6354327,5.8882873418042436e-05
3998,1745736787.6232579,2.770266291918233e-05
3999,1745736801.9889927,2.1632196876453236e-05
4000,1745736813.8674698,2.7603247872320935e-05
4001,1745736837.5549068,0.00014747602108400315
4002,1745736850.695603,0.01645474322140217
4003,1745736859.1808007,2.430519634799566e-05
4004,1745736881.1502078,0.0002710784028749913
4005,1745736890.649843,5.725550727220252e-05
4006,1745736904.1737015,1.393744423694443e-05
4007,1745736915.5740921,7.51380212022923e-05
4008,1745736925.7832322,2.056708763120696e-05
4009,1745736936.791899,5.139299901202321e-05
4010,1745736954.9704967,0.00010778746218420565
4011,1745736967.1585288,0.0002543120353948325
4012,1745736975.0163186,7.327389994316036e-06
4013,1745736991.8292925,0.0001926090189954266
4014,1745737005.9085135,0.00023368553956970572
4015,1745737017.2939868,9.051900269696489e-05
4016,1745737032.0703402,0.00014815344184171408
4017,1745737047.8063943,6.051419040886685e-05
4018,1745737069.9501944,5.498866812558845e-05
4019,1745737081.6602082,7.220171391963959e-05
4020,1745737090.4062698,0.00015585831715725362
4021,1745737106.1964107,5.859391239937395e-05
4022,1745737127.1372082,5.993598097120412e-05
4023,1745737136.943867,2.907872294599656e-05
4024,1745737155.9242966,3.425595787120983e-05
4025,1745737165.4068604,8.896798681234941e-05
4026,1745737175.7750075,4.4646647438639775e-05
4027,1745737199.7190685,5.998685446684249e-05
4028,1745737208.5526206,2.3587781470268965e-05
4029,1745737225.6366653,2.4497008780599572e-05
4030,1745737239.599836,6.431581277865916e-05
4031,1745737252.7929692,8.261899347417057e-05
4032,1745737273.042679,4.056742909597233e-05
4033,1745737285.6739626,3.311580076115206e-05
4034,1745737296.8925934,3.8817936001578346e-05
4035,1745737310.3909137,0.00014771093265153468
4036,1745737322.9267268,5.1861094107152894e-05
4037,1745737338.3591828,5.876036811969243e-05
4038,1745737347.7844822,3.4201260859845206e-05
4039,1745737366.2533753,3.067560464842245e-05
4040,1745737377.500063,3.2574767828918993e-05
4041,1745737387.557871,4.9385485908715054e-05
4042,1745737392.8912227,2.998051422764547e-05
4043,1745737518.4683008,3.5557422961574048e-06
4044,1745737540.2788444,2.1640937120537274e-05
4045,1745737560.6413665,5.718248576158658e-05
4046,1745737584.5505345,6.442906305892393e-05
4047,1745737602.3282945,7.133628969313577e-05
4048,1745737618.5543993,1.1430096492404118e-05
4049,1745737627.304355,1.3146837773092557e-05
4050,1745737649.1758218,3.4705313737504184e-05
4051,1745737661.5445035,4.841021655010991e-05
4052,1745737671.2144213,6.701827260258142e-06
4053,1745737689.9080713,1.790762325981632e-05
4054,1745737698.4998739,3.3153133699670434e-05
4055,1745737713.3885138,4.372027615318075e-05
4056,1745737732.4923973,1.6718064216547646e-05
4057,1745737741.398986,2.9639670174219646e-05
4058,1745737755.252762,2.1541103706113063e-05
4059,1745737775.3893604,2.2196638383320533e-05
4060,1745737783.399519,1.0935957106994465e-05
4061,1745737800.1466372,1.2229743333591614e-05
4062,1745737819.9667773,3.830265995929949e-05
4063,1745737829.040311,1.4590359569410793e-05
4064,1745737840.6476023,2.4678414774825796e-05
4065,1745737854.0700266,2.3843122107791714e-05
4066,1745737864.6076155,1.424404854333261e-05
4067,1745737883.8000042,0.00017202217713929713
4068,1745737892.8688684,1.857844654296059e-05
4069,1745737910.3769054,5.670198879670352e-05
4070,1745737918.91727,7.325279875658453e-05
4071,1745737933.2511854,4.001617526228074e-06
4072,1745737946.7650363,1.635780427022837e-05
4073,1745737957.8696325,2.22872677113628e-05
4074,1745737980.49022,4.255739986547269e-05
4075,1745737985.8959453,5.7351659052073956e-05
4076,1745738000.7600703,4.129384979023598e-05
4077,1745738015.745471,4.892981451121159e-05
4078,1745738040.0454648,2.2541184080182575e-05
4079,1745738051.4318836,0.006642217747867107
4080,1745738063.7517512,1.0664340152288787e-05
4081,1745738084.4902556,2.4782118998700753e-05
4082,1745738095.683175,4.224789881845936e-05
4083,1745738109.130756,3.261810343246907e-05
4084,1745738124.4938316,5.177913044462912e-05
4085,1745738140.2303526,1.1621933481364977e-05
4086,1745738163.3204877,5.8693640312412754e-05
4087,1745738171.2128377,9.071597742149606e-05
4088,1745738182.8015018,4.072872980032116e-05
4089,1745738199.7573738,0.00012639586930163205
4090,1745738212.2687895,7.138019282137975e-05
4091,1745738224.1052282,0.0003095490683335811
4092,1745738239.6331065,8.380230428883806e-05
4093,1745738251.56437,0.00020900658273603767
4094,1745738273.2773392,7.017336611170322e-05
4095,1745738293.8855715,6.381934508681297e-05
4096,1745738304.6517167,1.9244225768488832e-05
4097,1745738313.2186937,8.818355127004907e-05
4098,1745738324.310675,5.3249728807713836e-05
4099,1745738334.6589499,2.215731183241587e-05
4100,1745738354.2895474,4.7530535084661096e-05
4101,1745738362.6864898,1.2019378118566237e-05
4102,1745738378.832939,3.341671617818065e-05
4103,1745738394.593686,0.00013042229693382978
4104,1745738404.920983,3.376281165401451e-05
4105,1745738421.6771555,3.809020563494414e-05
4106,1745738434.7271962,6.691225280519575e-05
4107,1745738449.2193372,4.806232755072415e-05
4108,1745738460.2582057,1.6783398677944206e-05
4109,1745738479.3123643,1.4308981917565688e-05
4110,1745738485.5839334,2.762712574622128e-05
4111,1745738503.9407332,4.652234201785177e-05
4112,1745738519.030517,2.6894727852777578e-05
4113,1745738532.9843817,3.562587880878709e-05
4114,1745738544.6577618,0.00011658647417789325
4115,1745738559.5572975,3.255730916862376e-05
4116,1745738582.501018,2.366451735724695e-05
4117,1745738590.391427,2.526064963603858e-05
4118,1745738602.417226,2.709380532905925e-05
4119,1745738613.8630428,3.580005432013422e-05
4120,1745738629.1623836,1.7694052075967193e-05
4121,1745738639.4274094,7.041853677947074e-05
4122,1745738665.2619996,4.060900755575858e-05
4123,1745738678.4757676,2.4856544769136235e-05
4124,1745738700.4467788,4.1435509047005326e-05
4125,1745738708.4300435,2.0339126422186382e-05
4126,1745738720.8050225,3.065101554966532e-05
4127,1745738735.169601,2.473650783940684e-05
4128,1745738740.0269976,3.495960527288844e-06
4129,1745738883.6382124,0.00014494374045170844
4130,1745738901.9351387,1.483134474256076e-05
4131,1745738916.919828,2.695463626878336e-05
4132,1745738932.3718998,4.134431219426915e-05
4133,1745738942.456981,2.53488433372695e-05
4134,1745738961.6484733,7.810121132934e-06
4135,1745738976.6207547,1.7951757399714552e-05
4136,1745738988.6085935,2.874768506444525e-05
4137,1745739001.7822764,1.6499359844601713e-05
4138,1745739009.009659,4.1761595639400184e-05
4139,1745739023.7459545,8.840909686114173e-06
4140,1745739039.7530081,1.9487801182549447e-05
4141,1745739058.9216537,3.2561933039687574e-05
4142,1745739069.0071993,1.004488512990065e-05
4143,1745739086.7972236,1.1937888302782085e-05
4144,1745739092.9950712,4.522261588135734e-05
4145,1745739111.918814,3.0213243007892743e-05
4146,1745739130.5012717,1.5739391528768465e-05
4147,1745739153.5652988,9.568636414769571e-06
4148,1745739162.5920002,1.5691643056925386e-05
4149,1745739173.747644,2.911062074417714e-05
4150,1745739194.741383,3.3009117032634094e-05
4151,1745739207.2082071,2.2850190362078138e-05
4152,1745739222.1742513,1.02330759546021e-05
4153,1745739238.4836137,8.70186158863362e-06
4154,1745739253.1403682,2.0669816876761615e-05
4155,1745739270.146048,3.0598042940255255e-05
4156,1745739283.7816043,1.8857381292036735e-05
4157,1745739299.9994435,4.5358996430877596e-05
4158,1745739310.2523212,2.3615939426235855e-05
4159,1745739329.5213118,2.321366628166288e-05
4160,1745739341.8874252,0.0001403928326908499
4161,1745739350.0870934,0.011990186758339405
4162,1745739364.2344136,1.3101509466650896e-05
4163,1745739377.5115619,7.852022463339381e-06
4164,1745739391.968177,4.43338904005941e-05
4165,1745739412.5698779,3.357006789883599e-05
4166,1745739424.710495,2.0213828975101933e-05
4167,1745739439.9597895,6.107604713179171e-05
4168,1745739460.7143645,0.0001061071889125742
4169,1745739473.1774833,5.026123835705221e-05
4170,1745739481.9291036,2.833553844538983e-05
4171,1745739505.0494673,2.5215207642759196e-05
4172,1745739516.6561434,4.040068233734928e-05
4173,1745739529.184181,4.033718869322911e-05
4174,1745739538.705842,0.00012335204519331455
4175,1745739558.5996668,2.490735823812429e-05
4176,1745739567.1902013,5.572436566581018e-05
4177,1745739582.2779346,9.043342288350686e-05
4178,1745739600.801014,5.2133153076283634e-05
4179,1745739610.4446447,1.7680165910860524e-05
4180,1745739625.2980888,3.866774568450637e-05
4181,1745739641.7207968,8.858967339619994e-05
4182,1745739655.7406218,3.753723649424501e-05
4183,1745739667.956534,8.410633017774671e-05
4184,1745739682.4475234,2.66015140368836e-05
4185,1745739702.727665,8.901976798370015e-06
4186,1745739710.3562763,2.0857898562098853e-05
4187,1745739726.5354047,3.6733112210640684e-05
4188,1745739739.6610262,4.2983410821761936e-05
4189,1745739749.8377867,3.45008957083337e-05
4190,1745739766.84458,1.8090040612150915e-05
4191,1745739777.7659388,0.00011676815483951941
4192,1745739797.5540721,2.6034422262455337e-05
4193,1745739805.9660492,3.89149172406178e-05
4194,1745739822.139126,1.1136415196233429e-05
4195,1745739828.2617354,4.123870894545689e-05
4196,1745739846.8022027,2.441052311041858e-05
4197,1745739859.4119842,1.1131676728837192e-05
4198,1745739874.0430338,2.6482652174308896e-05
4199,1745739889.6674323,2.086839685944142e-06
4200,1745739900.6604102,1.647516000957694e-05
4201,1745739913.9992428,2.2938660549698398e-05
4202,1745739928.7055478,1.822687227104325e-05
4203,1745739944.4823534,3.041574382223189e-05
4204,1745739960.793828,0.00029425547108985484
4205,1745739981.272985,3.0101986340014264e-05
4206,1745739989.3022523,3.161098720738664e-05
4207,1745739999.2176008,1.2250628060428426e-05
4208,1745740011.0464983,8.082179761004227e-07
4209,1745740021.9154274,5.935687113378663e-06
4210,1745740034.141612,3.161406857543625e-05
4211,1745740045.4574258,2.7598420274443924e-05
4212,1745740063.812367,2.5949522751034237e-05
4213,1745740072.3555672,2.4274742827401496e-05
4214,1745740075.8491678,1.346445696981391e-05
4215,1745740226.0615892,5.301822238834575e-05
4216,1745740243.448907,2.5013305275933817e-05
4217,1745740257.1996536,4.924500535707921e-05
4218,1745740269.2572613,1.3403022421698552e-05
4219,1745740287.524682,1.5307470675907098e-05
4220,1745740300.7055957,2.550274984969292e-05
4221,1745740316.942197,5.30962752236519e-05
4222,1745740325.5624635,5.62996428925544e-05
4223,1745740343.7400024,2.0860812583123334e-05
4224,1745740351.6644835,2.639989907038398e-05
4225,1745740361.9359417,2.0263365513528697e-05
4226,1745740378.537468,1.4076917068450712e-05
4227,1745740392.284639,2.5501367417746224e-05
4228,1745740404.4185867,2.1462288714246824e-05
4229,1745740424.2176905,1.4933858437871095e-05
4230,1745740432.4586105,4.734200410894118e-05
4231,1745740447.1987522,1.5396297385450453e-05
4232,1745740461.985148,1.663377770455554e-05
4233,1745740478.022718,2.112604670401197e-05
4234,1745740491.999031,2.3409558707498945e-05
4235,1745740507.8717957,2.7097028578282334e-05
4236,1745740522.1208236,1.9266897652414627e-05
4237,1745740531.2622168,4.572864781948738e-06
4238,1745740551.0820103,2.4118382498272695e-05
4239,1745740564.4355168,1.1145532880618703e-05
4240,1745740574.6930711,2.187397149100434e-05
4241,1745740591.5414941,2.5236142391804606e-05
4242,1745740602.4093895,9.074402441910934e-06
4243,1745740621.2769802,2.121250690834131e-05
4244,1745740641.7937326,1.859080839494709e-05
4245,1745740655.4720643,1.6188554582186043e-05
4246,1745740662.0100148,2.4721495719859377e-05
4247,1745740687.8442333,8.174616596079431e-06
4248,1745740701.1226861,2.0448096620384604e-05
4249,1745740713.470717,7.79005786171183e-05
4250,1745740721.5245821,1.488898487878032e-05
4251,1745740735.422771,1.858419091149699e-05
4252,1745740752.3507304,1.2454007446649484e-05
4253,1745740760.417376,2.272504207212478e-05
4254,1745740775.1575336,9.924552614393178e-06
4255,1745740792.711397,2.3414502720697783e-05
4256,1745740803.4091513,9.55848372541368e-06
4257,1745740815.637685,1.671310019446537e-05
4258,1745740826.104888,4.613263445207849e-05
4259,1745740839.161941,7.405119504255708e-06
4260,1745740861.4392922,1.0774380825750995e-05
4261,1745740869.6906626,3.324482804600848e-06
4262,1745740884.909443,1.7816417312133126e-05
4263,1745740896.67897,0.0001331302773905918
4264,1745740912.9990487,7.950301551318262e-06
4265,1745740924.5760248,1.385623272653902e-05
4266,1745740946.0366077,1.1690276551235002e-05
4267,1745740953.3407393,3.6896044548484497e-06
4268,1745740964.608462,1.213444284076104e-05
4269,1745740983.022594,1.5983545381459408e-05
4270,1745740992.9987352,4.3760031985584646e-05
4271,1745741012.8690503,1.6817826690385118e-05
4272,1745741022.2739112,1.4697952792630531e-05
4273,1745741040.7056773,4.7212633944582194e-05
4274,1745741049.0600379,5.333105491445167e-06
4275,1745741060.2516408,8.18467015051283e-06
4276,1745741069.3635254,8.313245416502468e-06
4277,1745741086.4832175,1.077051001630025e-05
4278,1745741102.661491,2.5348439521621913e-05
4279,1745741112.7770267,1.5556401194771752e-05
4280,1745741124.811042,1.4154997188597918e-05
4281,1745741142.6552837,1.969576987903565e-05
4282,1745741154.5920835,1.8604867364047095e-05
4283,1745741162.359838,1.9938626792281866e-05
4284,1745741180.5307403,1.2738782970700413e-05
4285,1745741200.916431,3.278618896729313e-05
4286,1745741209.6623087,2.8622062018257566e-05
4287,1745741224.6827273,1.9798713765339926e-05
4288,1745741239.830692,6.851999842183432e-06
4289,1745741258.6097271,0.005142553709447384
4290,1745741268.02661,5.834901003254345e-06
4291,1745741282.2472827,9.673002750787418e-06
4292,1745741292.5016153,1.5034313946671318e-05
4293,1745741313.1119483,1.1124322554678656e-05
4294,1745741325.350407,5.4743741202401e-05
4295,1745741339.3661735,7.27954557078192e-06
4296,1745741351.2633054,6.048348222975619e-05
4297,1745741370.227688,6.602145003853366e-05
4298,1745741377.8606725,0.0001997573272092268
4299,1745741403.5706825,0.00010761085286503658
4300,1745741406.6026738,2.3073986085364595e-05
