step,wall_time,value
1,1745681887.5857818,1.7013791799545288
2,1745681907.0952876,1.7527300119400024
3,1745681925.7774742,1.8299273252487183
4,1745681935.1110764,1.777212381362915
5,1745681943.936296,1.5153133869171143
6,1745681963.376292,1.9171897172927856
7,1745681971.9861126,1.430951476097107
8,1745681991.277103,1.8301454782485962
9,1745682006.3035076,1.2920265197753906
10,1745682025.782351,1.837639570236206
11,1745682042.7971532,1.4989104270935059
12,1745682051.9425583,1.2149559259414673
13,1745682065.6562796,1.3134794235229492
14,1745682077.6053553,1.295792579650879
15,1745682096.2373435,1.6477348804473877
16,1745682102.9771082,1.252558708190918
17,1745682111.3980775,1.2638963460922241
18,1745682129.6786807,1.4504754543304443
19,1745682139.1166022,1.056841254234314
20,1745682150.371234,0.9182398915290833
21,1745682167.7043521,1.076296091079712
22,1745682199.1971998,1.4775406122207642
23,1745682213.552942,1.0789088010787964
24,1745682222.200042,1.0890531539916992
25,1745682237.984292,1.0927181243896484
26,1745682250.1183171,0.981802761554718
27,1745682262.2419436,0.9160367846488953
28,1745682281.9408002,1.092400312423706
29,1745682297.4820573,0.6780563592910767
30,1745682308.786237,0.8360918760299683
31,1745682320.6834955,0.9289764165878296
32,1745682341.7639437,0.6518474817276001
33,1745682370.0769048,0.9944030046463013
34,1745682378.926679,0.4456951916217804
35,1745682395.7195003,0.441890686750412
36,1745682418.3680167,0.6637663245201111
37,1745682437.0285745,0.40946900844573975
38,1745682449.5255778,0.6164151430130005
39,1745682463.3288343,0.3353945314884186
40,1745682490.2076013,0.527350902557373
41,1745682508.6756928,0.6154651641845703
42,1745682523.9915755,0.5390738248825073
43,1745682534.1831286,0.3810895085334778
44,1745682550.2528307,0.34500452876091003
45,1745682566.2720602,0.3127976953983307
46,1745682583.8878593,0.32182785868644714
47,1745682607.0058672,0.30680984258651733
48,1745682626.5848656,0.26873835921287537
49,1745682646.0515835,0.243934765458107
50,1745682666.124757,0.19448290765285492
51,1745682687.6730459,0.22664125263690948
52,1745682702.8473597,0.15914030373096466
53,1745682712.9442954,0.20950569212436676
54,1745682730.06987,0.21175061166286469
55,1745682746.13778,0.19175678491592407
56,1745682762.8587646,0.12573030591011047
57,1745682781.2757263,0.18568956851959229
58,1745682799.7160778,0.1145542562007904
59,1745682811.5853934,0.1673850119113922
60,1745682826.2613182,0.17677302658557892
61,1745682849.1982791,0.09881316870450974
62,1745682859.187922,0.1777292639017105
63,1745682871.9440763,0.14682769775390625
64,1745682886.6501324,0.13399425148963928
65,1745682903.7243261,0.11497179418802261
66,1745682922.7480214,0.10663042962551117
67,1745682942.6966317,0.10582888871431351
68,1745682962.4325545,0.08364588767290115
69,1745682974.5669894,0.126032754778862
70,1745682990.6097302,0.12853817641735077
71,1745683001.4194667,0.12732669711112976
72,1745683019.986516,0.0942046046257019
73,1745683033.6908612,0.11886318773031235
74,1745683050.3593063,0.12058313935995102
75,1745683058.944293,0.13466255366802216
76,1745683073.602932,0.130295529961586
77,1745683086.4362483,0.11232095211744308
78,1745683095.7732568,0.10477176308631897
79,1745683110.2486846,0.10750073194503784
80,1745683115.805944,0.2212669402360916
81,1745683126.6714094,0.1532757580280304
82,1745683269.9712594,0.09219558537006378
83,1745683281.6315022,0.1732970029115677
84,1745683295.5904105,0.14502736926078796
85,1745683305.867375,0.19004864990711212
86,1745683316.8111842,0.1673770546913147
87,1745683329.5054274,0.13322903215885162
88,1745683345.3996003,0.12440347671508789
89,1745683352.577264,0.16344232857227325
90,1745683370.1031866,0.1416192501783371
91,1745683381.3406792,0.14826227724552155
92,1745683397.93509,0.1150483563542366
93,1745683414.4071212,0.09148190915584564
94,1745683427.864374,0.1714271754026413
95,1745683446.9747262,0.0809735655784607
96,1745683457.2316852,0.14274607598781586
97,1745683472.608604,0.14573067426681519
98,1745683497.3382144,0.09675385057926178
99,1745683517.3205032,0.1370812952518463
100,1745683527.780879,0.08767890930175781
101,1745683556.8305829,0.06719575822353363
102,1745683567.514768,0.15006756782531738
103,1745683577.2842877,0.1471957564353943
104,1745683597.6815412,0.08531561493873596
105,1745683605.9734402,0.1725454479455948
106,1745683634.8283148,0.10246516764163971
107,1745683647.2252393,0.23011459410190582
108,1745683655.9735436,0.19270090758800507
109,1745683680.41687,0.07004832476377487
110,1745683701.5057187,0.08449430018663406
111,1745683719.9089625,0.07066095620393753
112,1745683736.8423526,0.07586654275655746
113,1745683750.830725,0.09530902653932571
114,1745683772.6684878,0.08481096476316452
115,1745683790.8025355,0.11835207790136337
116,1745683809.863028,0.08532015979290009
117,1745683826.6826766,0.08563485741615295
118,1745683844.94028,0.08047769218683243
119,1745683863.604117,0.09135575592517853
120,1745683872.4693887,0.08537090569734573
121,1745683893.0377758,0.1611081212759018
122,1745683904.031758,0.15685637295246124
123,1745683922.6126575,0.09129929542541504
124,1745683938.7004752,0.09199816733598709
125,1745683961.3649783,0.07656248658895493
126,1745683968.7622743,0.12321524322032928
127,1745683993.7598815,0.07524937391281128
128,1745684009.9320738,0.12102089077234268
129,1745684027.0824187,0.0915190577507019
130,1745684041.6120336,0.10628122836351395
131,1745684062.7470262,0.06808211654424667
132,1745684077.3218386,0.13336607813835144
133,1745684096.9248521,0.05997507646679878
134,1745684115.1634505,0.15244419872760773
135,1745684123.0810227,0.12525445222854614
136,1745684139.1132536,0.11021529138088226
137,1745684147.2572682,0.06808041036128998
138,1745684164.4083993,0.13532359898090363
139,1745684171.7643867,0.21332216262817383
140,1745684193.2762785,0.05720103159546852
141,1745684203.097701,0.1081363782286644
142,1745684213.6357143,0.12079674750566483
143,1745684229.144354,0.09951695799827576
144,1745684242.7456164,0.10154559463262558
145,1745684258.2495897,0.1044984683394432
146,1745684277.3025584,0.0730261355638504
147,1745684290.2704723,0.12039375305175781
148,1745684310.542524,0.1010831817984581
149,1745684322.2895079,0.060393866151571274
150,1745684334.2642365,0.11288676410913467
151,1745684355.7569578,0.09195808321237564
152,1745684379.611362,0.08522351831197739
153,1745684385.103896,0.10998276621103287
154,1745684411.8206573,0.07555030286312103
155,1745684435.4442832,0.07116963714361191
156,1745684450.8337927,0.07797835022211075
157,1745684463.0292568,0.09973789006471634
158,1745684474.3162143,0.15095993876457214
159,1745684484.0459845,0.15003246068954468
160,1745684496.2025378,0.13783560693264008
161,1745684507.5291824,0.08915016800165176
162,1745684514.0754983,0.07420741021633148
163,1745684642.303731,0.12571927905082703
164,1745684660.315077,0.10646595060825348
165,1745684678.8362966,0.08818762004375458
166,1745684688.637557,0.15779511630535126
167,1745684706.04346,0.09032870829105377
168,1745684713.2690566,0.10214405506849289
169,1745684737.4345555,0.07902699708938599
170,1745684748.7541707,0.11008361726999283
171,1745684768.5958211,0.06433706730604172
172,1745684790.31777,0.12365324795246124
173,1745684801.4242928,0.17728233337402344
174,1745684818.927144,0.10801344364881516
175,1745684837.2725353,0.06770414113998413
176,1745684855.3333132,0.11974705755710602
177,1745684864.6797392,0.12372603267431259
178,1745684883.5400207,0.08654634654521942
179,1745684903.7670677,0.0649418756365776
180,1745684924.9796724,0.057803504168987274
181,1745684940.3296638,0.09782550483942032
182,1745684957.0749507,0.09420810639858246
183,1745684970.0682833,0.10691431164741516
184,1745684988.4448733,0.06929738819599152
185,1745685004.7933116,0.10566362738609314
186,1745685022.7476895,0.11611199378967285
187,1745685049.2172437,0.06359327584505081
188,1745685061.3768644,0.08830510824918747
189,1745685071.2925491,0.09389588981866837
190,1745685086.206244,0.0835382267832756
191,1745685110.8298485,0.09629926085472107
192,1745685127.9213295,0.12111861258745193
193,1745685142.6552944,0.10330405831336975
194,1745685160.5382469,0.1139598935842514
195,1745685176.1162837,0.05757772922515869
196,1745685190.942723,0.049253132194280624
197,1745685202.5436816,0.07724379748106003
198,1745685218.3125763,0.11155731230974197
199,1745685235.2004113,0.10589616745710373
200,1745685244.1059673,0.07960528135299683
201,1745685257.338667,0.09257657825946808
202,1745685275.5615406,0.06605956703424454
203,1745685299.1572783,0.06814143806695938
204,1745685312.5853882,0.16032154858112335
205,1745685324.3004417,0.08458559960126877
206,1745685339.9172368,0.06859119981527328
207,1745685351.1447392,0.15468350052833557
208,1745685362.8970735,0.09409632533788681
209,1745685382.400689,0.08574497699737549
210,1745685396.6431842,0.08146332204341888
211,1745685404.9520059,0.23626387119293213
212,1745685414.3126333,0.14280648529529572
213,1745685429.7585187,0.060539763420820236
214,1745685448.7390833,0.07751064002513885
215,1745685464.903785,0.07223889231681824
216,1745685485.4873106,0.08450081199407578
217,1745685506.0427704,0.08007913082838058
218,1745685517.60001,0.12032327055931091
219,1745685532.2316692,0.07089816778898239
220,1745685545.5759532,0.13094964623451233
221,1745685558.9000669,0.12757176160812378
222,1745685571.2482977,0.09928202629089355
223,1745685586.7819045,0.08746697008609772
224,1745685599.8477848,0.05794545263051987
225,1745685617.4077463,0.0543452613055706
226,1745685631.6505718,0.07705356180667877
227,1745685650.1917796,0.059277523308992386
228,1745685669.2772048,0.0972231775522232
229,1745685680.9234908,0.05993261560797691
230,1745685695.1426623,0.07136151939630508
231,1745685714.315918,0.11943435668945312
232,1745685722.5131793,0.0840119794011116
233,1745685743.3946579,0.0797186866402626
234,1745685752.2623165,0.1024835854768753
235,1745685775.6334298,0.097832590341568
236,1745685793.2585804,0.06957307457923889
237,1745685803.4692702,0.16753973066806793
238,1745685823.0073576,0.07475931942462921
239,1745685833.9329238,0.09447400271892548
240,1745685846.589757,0.06192738190293312
241,1745685857.690107,0.05706281587481499
242,1745685869.671238,0.0980815589427948
243,1745685877.2068799,0.09319792687892914
244,1745686010.64976,0.06838265061378479
245,1745686033.2689147,0.06476157158613205
246,1745686056.6467724,0.05839027091860771
247,1745686068.428153,0.12087134271860123
248,1745686077.165261,0.09318211674690247
249,1745686090.973342,0.09871584177017212
250,1745686111.8190162,0.06724873930215836
251,1745686135.8889906,0.06845717877149582
252,1745686154.1711423,0.0620034784078598
253,1745686164.9178388,0.15790826082229614
254,1745686185.9298677,0.06388329714536667
255,1745686200.5014908,0.11552897095680237
256,1745686212.5352066,0.13857613503932953
257,1745686230.8944223,0.06996244192123413
258,1745686264.3107584,0.05086928978562355
259,1745686282.4452455,0.10488249361515045
260,1745686306.138,0.09200800210237503
261,1745686320.7242863,0.06603308767080307
262,1745686342.33271,0.05191022902727127
263,1745686353.0593462,0.08575103431940079
264,1745686375.9218838,0.07091788947582245
265,1745686389.932045,0.09202761948108673
266,1745686408.861078,0.0785229280591011
267,1745686427.785959,0.08034743368625641
268,1745686443.8864853,0.08969669044017792
269,1745686465.9508429,0.07090882956981659
270,1745686489.3852825,0.045547258108854294
271,1745686502.5842903,0.1439918428659439
272,1745686511.009556,0.14833827316761017
273,1745686525.7546422,0.0831158384680748
274,1745686540.4162226,0.11825095862150192
275,1745686549.7996519,0.08174049854278564
276,1745686570.7147312,0.07147037237882614
277,1745686583.978896,0.06710010766983032
278,1745686607.841727,0.039115916937589645
279,1745686618.417672,0.08421590179204941
280,1745686634.1352463,0.0808858647942543
281,1745686644.0363216,0.03757152333855629
282,1745686667.0252936,0.060500357300043106
283,1745686682.599583,0.05008978024125099
284,1745686691.6112216,0.09017165750265121
285,1745686701.1849053,0.07855597883462906
286,1745686717.31432,0.08654409646987915
287,1745686725.7694795,0.07622412592172623
288,1745686744.1043735,0.08140969276428223
289,1745686757.0687506,0.1301247626543045
290,1745686777.852101,0.05561335012316704
291,1745686785.2426465,0.0713522732257843
292,1745686803.5489137,0.08881114423274994
293,1745686822.957526,0.07388028502464294
294,1745686830.6827865,0.10017260164022446
295,1745686855.7743456,0.058095067739486694
296,1745686873.2547562,0.0798882246017456
297,1745686888.1457288,0.0945398211479187
298,1745686900.86118,0.06579260528087616
299,1745686913.0045466,0.06198570504784584
300,1745686931.3058739,0.0909561961889267
301,1745686948.5434508,0.06569232791662216
302,1745686966.8872766,0.0914623811841011
303,1745686978.6815007,0.07980982959270477
304,1745686997.3538444,0.047491494566202164
305,1745687007.6602972,0.09048724174499512
306,1745687019.6255934,0.08445873111486435
307,1745687038.6141145,0.05927377566695213
308,1745687050.569509,0.05600577965378761
309,1745687066.2912474,0.051709406077861786
310,1745687089.1233714,0.058762550354003906
311,1745687098.926354,0.0977199524641037
312,1745687117.7003112,0.052605774253606796
313,1745687134.4018843,0.06703459471464157
314,1745687145.617404,0.0597391240298748
315,1745687159.4317963,0.06282190978527069
316,1745687177.6611445,0.06355428695678711
317,1745687190.9386058,0.0886727049946785
318,1745687208.6342306,0.13556374609470367
319,1745687225.7132468,0.05457696318626404
320,1745687241.8857827,0.11314409971237183
321,1745687256.6098657,0.060529474169015884
322,1745687268.2046914,0.06204081326723099
323,1745687289.0603642,0.05629018694162369
324,1745687293.944334,0.07482706755399704
325,1745687408.3760896,0.0823046937584877
326,1745687428.093314,0.05621808022260666
327,1745687451.049586,0.061438217759132385
328,1745687459.848893,0.08585216850042343
329,1745687473.623904,0.06904015690088272
330,1745687489.1522355,0.08284153789281845
331,1745687506.9547665,0.08483675122261047
332,1745687514.5031004,0.08443494886159897
333,1745687537.9834871,0.05364568904042244
334,1745687546.831577,0.05865957960486412
335,1745687562.5454032,0.059929363429546356
336,1745687580.7359984,0.048765234649181366
337,1745687597.4572477,0.0667777806520462
338,1745687618.117248,0.039111535996198654
339,1745687635.3742445,0.06197025626897812
340,1745687643.7009344,0.08182168751955032
341,1745687659.6970966,0.05222022533416748
342,1745687674.826087,0.06871001422405243
343,1745687693.6468732,0.11200836300849915
344,1745687702.0315557,0.10427454859018326
345,1745687715.7145743,0.0674574002623558
346,1745687732.779878,0.0639021024107933
347,1745687741.207305,0.06155644729733467
348,1745687752.5270686,0.07886587828397751
349,1745687773.7489429,0.06078261137008667
350,1745687787.8830838,0.04174475371837616
351,1745687808.9675536,0.061827387660741806
352,1745687818.372296,0.061654139310121536
353,1745687838.91242,0.06590394675731659
354,1745687848.6728597,0.11954987794160843
355,1745687865.727757,0.04653231427073479
356,1745687885.8924153,0.06408820301294327
357,1745687898.4450574,0.08651036769151688
358,1745687914.8465748,0.07840457558631897
359,1745687923.5247808,0.12711362540721893
360,1745687940.0621524,0.07178869098424911
361,1745687961.510321,0.042343854904174805
362,1745687979.711401,0.04844430461525917
363,1745687996.7483075,0.07219161093235016
364,1745688016.4265614,0.03390854597091675
365,1745688024.1448476,0.05806281417608261
366,1745688043.1362665,0.08834832161664963
367,1745688071.1544192,0.07761790603399277
368,1745688088.107529,0.07539740949869156
369,1745688110.359122,0.05546044185757637
370,1745688130.465989,0.07294110208749771
371,1745688140.4751534,0.09483528137207031
372,1745688150.1440248,0.12838083505630493
373,1745688166.15613,0.04254479333758354
374,1745688173.0065756,0.0678509920835495
375,1745688194.4188504,0.04978764057159424
376,1745688218.5643296,0.04391680657863617
377,1745688240.3186793,0.07105587422847748
378,1745688247.7039235,0.08154477924108505
379,1745688257.9803483,0.12138466536998749
380,1745688277.636287,0.036453571170568466
381,1745688290.2933567,0.07765192538499832
382,1745688306.2501962,0.041261374950408936
383,1745688315.7620783,0.05417466163635254
384,1745688338.8751585,0.0496637187898159
385,1745688356.8797984,0.06650176644325256
386,1745688376.500211,0.06275234371423721
387,1745688393.5520384,0.04512796178460121
388,1745688407.9707437,0.05828630551695824
389,1745688425.6456032,0.07045692950487137
390,1745688435.1997185,0.04663596674799919
391,1745688449.9077985,0.11211978644132614
392,1745688458.4767573,0.051973603665828705
393,1745688480.0480525,0.048077233135700226
394,1745688496.6589239,0.055531375110149384
395,1745688506.56429,0.06193704903125763
396,1745688514.7825575,0.05230860784649849
397,1745688529.26947,0.08079241216182709
398,1745688542.1059704,0.07845888286828995
399,1745688554.763844,0.07594813406467438
400,1745688568.7741833,0.03955374285578728
401,1745688585.5664704,0.05152902752161026
402,1745688601.1856933,0.05921172723174095
403,1745688615.1547854,0.047613710165023804
404,1745688629.874348,0.1040339469909668
405,1745688638.2760599,0.03835272789001465
406,1745688748.413281,0.03906141221523285
407,1745688755.8617246,0.029949313029646873
408,1745688773.6649172,0.05297395959496498
409,1745688784.4775646,0.05795452371239662
410,1745688794.4288025,0.11090385168790817
411,1745688812.0200577,0.04921753704547882
412,1745688830.3861794,0.024657687172293663
413,1745688849.7765408,0.06226466968655586
414,1745688860.413461,0.13535596430301666
415,1745688876.7329185,0.0764278843998909
416,1745688898.591634,0.09031518548727036
417,1745688906.7252228,0.06899695843458176
418,1745688930.952847,0.03035484068095684
419,1745688944.6179953,0.04605011269450188
420,1745688960.966536,0.04043557494878769
421,1745688978.1462097,0.03488481044769287
422,1745688993.7146719,0.0654819905757904
423,1745689007.2155282,0.04195292666554451
424,1745689016.2226465,0.06047011911869049
425,1745689033.4909253,0.052276816219091415
426,1745689057.0326443,0.06893777847290039
427,1745689075.020653,0.044907137751579285
428,1745689087.5301504,0.08336371183395386
429,1745689105.4525805,0.10980113595724106
430,1745689117.4292557,0.10812497138977051
431,1745689127.6118937,0.0751485601067543
432,1745689146.368372,0.03376641124486923
433,1745689155.3818002,0.050848692655563354
434,1745689169.9207575,0.05759284272789955
435,1745689187.671234,0.07512835413217545
436,1745689207.2258036,0.07034656405448914
437,1745689218.6304102,0.07500995695590973
438,1745689239.503229,0.06067519634962082
439,1745689248.6521888,0.07248558104038239
440,1745689267.901199,0.04794203117489815
441,1745689284.673092,0.0573737807571888
442,1745689298.475493,0.08249212801456451
443,1745689315.0464606,0.06504424661397934
444,1745689326.6411526,0.058477774262428284
445,1745689336.3991535,0.03945158049464226
446,1745689347.952706,0.06066521257162094
447,1745689364.8869927,0.06814321875572205
448,1745689385.7709775,0.040777791291475296
449,1745689393.7866178,0.08262677490711212
450,1745689412.9063785,0.03694528341293335
451,1745689421.0316367,0.07322119176387787
452,1745689439.6370106,0.054875846952199936
453,1745689463.474539,0.06224707141518593
454,1745689474.643526,0.10242792218923569
455,1745689496.4962556,0.042812686413526535
456,1745689511.457118,0.0537840835750103
457,1745689519.4802675,0.1081477627158165
458,1745689533.0930593,0.04778086021542549
459,1745689541.484225,0.050690099596977234
460,1745689558.3862503,0.08742807805538177
461,1745689579.6842513,0.04613449424505234
462,1745689600.099907,0.03893917053937912
463,1745689611.6941261,0.10840170085430145
464,1745689631.9956517,0.04333701357245445
465,1745689647.6677191,0.0320354700088501
466,1745689670.273585,0.04244038462638855
467,1745689677.995403,0.03345577046275139
468,1745689703.7896135,0.04768890142440796
469,1745689731.6535344,0.03321365267038345
470,1745689746.1013665,0.06737597286701202
471,1745689763.3894804,0.03582274541258812
472,1745689777.4417484,0.05462487414479256
473,1745689797.3448863,0.0908808559179306
474,1745689807.4506247,0.04376006871461868
475,1745689821.1521761,0.04577469825744629
476,1745689839.127819,0.07659558206796646
477,1745689854.2614472,0.057992834597826004
478,1745689879.23096,0.031163496896624565
479,1745689896.7479985,0.10440284758806229
480,1745689909.1394703,0.03396066650748253
481,1745689921.4816315,0.11975919455289841
482,1745689937.588291,0.05582407861948013
483,1745689955.8610644,0.06089075282216072
484,1745689974.0203264,0.06299111992120743
485,1745689989.3728144,0.04917081072926521
486,1745690000.1506386,0.02750740759074688
487,1745690114.8716953,0.0372428223490715
488,1745690138.0018234,0.05046673119068146
489,1745690148.8428493,0.052620597183704376
490,1745690166.9444034,0.06316009163856506
491,1745690178.263841,0.05667560175061226
492,1745690205.8233123,0.029403962194919586
493,1745690217.131122,0.03617113456130028
494,1745690228.8202808,0.04063289985060692
495,1745690240.888124,0.03579699993133545
496,1745690267.4006999,0.05157221108675003
497,1745690291.158918,0.04003261402249336
498,1745690311.6988642,0.03884770721197128
499,1745690334.042804,0.05595218017697334
500,1745690349.0110593,0.06315992772579193
501,1745690369.6485507,0.051034193485975266
502,1745690379.5846584,0.06076842173933983
503,1745690399.5219684,0.05901433899998665
504,1745690414.114783,0.06415949016809464
505,1745690430.9159687,0.03796547278761864
506,1745690443.992784,0.04554793983697891
507,1745690451.9407215,0.06338902562856674
508,1745690468.3517478,0.04895670711994171
509,1745690477.2238493,0.08392065018415451
510,1745690499.7919507,0.04905785247683525
511,1745690510.6902678,0.06540974974632263
512,1745690534.9657958,0.049670614302158356
513,1745690554.509872,0.05055096745491028
514,1745690570.2562776,0.03555131331086159
515,1745690581.1702347,0.07018285989761353
516,1745690599.1078732,0.05849918723106384
517,1745690608.1087809,0.04990920424461365
518,1745690631.6813803,0.034360967576503754
519,1745690657.9497883,0.03706541657447815
520,1745690679.884351,0.04173051565885544
521,1745690691.1908145,0.07324489206075668
522,1745690700.2910254,0.09091724455356598
523,1745690715.3419242,0.08767379075288773
524,1745690724.7237291,0.03264780715107918
525,1745690743.8438218,0.049968257546424866
526,1745690756.8904405,0.03604298084974289
527,1745690767.2973235,0.06254124641418457
528,1745690782.4739642,0.0635804757475853
529,1745690795.4656937,0.051066990941762924
530,1745690818.4060547,0.02968631125986576
531,1745690828.163669,0.0737728476524353
532,1745690843.9550095,0.044274307787418365
533,1745690857.4615424,0.05578959360718727
534,1745690877.7931197,0.053798090666532516
535,1745690898.7562983,0.0489860475063324
536,1745690914.7681537,0.03504519164562225
537,1745690922.3806796,0.05830174311995506
538,1745690938.2619045,0.07193753123283386
539,1745690956.2339027,0.10273826122283936
540,1745690978.004922,0.03476924076676369
541,1745690998.0513766,0.04986739903688431
542,1745691007.783157,0.09528318047523499
543,1745691030.7799807,0.03055080585181713
544,1745691042.1148317,0.05002525821328163
545,1745691055.9163997,0.03148338198661804
546,1745691072.1588974,0.07072533667087555
547,1745691093.5776236,0.05246664583683014
548,1745691113.1375299,0.05107421427965164
549,1745691127.1728861,0.04264434799551964
550,1745691141.181675,0.04089179262518883
551,1745691153.6959229,0.0910944938659668
552,1745691166.43136,0.14077973365783691
553,1745691179.764991,0.07637540251016617
554,1745691202.546477,0.08069995045661926
555,1745691211.758482,0.056081097573041916
556,1745691234.4428449,0.04254165291786194
557,1745691243.4242792,0.037088800221681595
558,1745691264.1394224,0.044402025640010834
559,1745691285.0401924,0.03006829135119915
560,1745691294.1975322,0.05191114544868469
561,1745691307.0390704,0.043961189687252045
562,1745691316.9833877,0.06729235500097275
563,1745691329.8954308,0.057352613657712936
564,1745691344.0383465,0.06057653948664665
565,1745691358.7723608,0.05364704877138138
566,1745691373.896906,0.02845795638859272
567,1745691385.4418724,0.03673846274614334
568,1745691509.1364512,0.047267165035009384
569,1745691524.565359,0.028243280947208405
570,1745691540.5296423,0.08071469515562057
571,1745691550.9062073,0.060668352991342545
572,1745691564.9122164,0.06136676296591759
573,1745691574.564778,0.021084237843751907
574,1745691590.7402775,0.06270106136798859
575,1745691611.3332608,0.04180433973670006
576,1745691627.1137817,0.050749484449625015
577,1745691642.4141521,0.04872629791498184
578,1745691657.8776197,0.053152237087488174
579,1745691673.631573,0.021004848182201385
580,1745691687.749258,0.06602269411087036
581,1745691695.6167798,0.07674231380224228
582,1745691717.827683,0.0314585380256176
583,1745691726.2685506,0.026693357154726982
584,1745691754.790415,0.023249313235282898
585,1745691767.2243638,0.05029341205954552
586,1745691776.241447,0.0857735127210617
587,1745691802.883531,0.035071004182100296
588,1745691821.0211391,0.04906253144145012
589,1745691830.831022,0.07202354073524475
590,1745691846.1523647,0.09022407233715057
591,1745691861.0745516,0.042348239570856094
592,1745691872.5951464,0.09677942097187042
593,1745691882.7943163,0.024007193744182587
594,1745691896.2779162,0.08578495681285858
595,1745691915.765138,0.04295548424124718
596,1745691932.3602822,0.07215912640094757
597,1745691951.883039,0.029904281720519066
598,1745691968.4040132,0.046871431171894073
599,1745691981.9388492,0.04707165062427521
600,1745692002.6506517,0.05409030243754387
601,1745692015.7952983,0.049515251070261
602,1745692034.551384,0.09158865362405777
603,1745692055.0147474,0.03629707917571068
604,1745692063.238773,0.03193015605211258
605,1745692079.8116038,0.06779979914426804
606,1745692095.1333907,0.03707457706332207
607,1745692113.884759,0.04603274539113045
608,1745692135.3854547,0.03267153352499008
609,1745692156.8628376,0.04502859711647034
610,1745692168.8336062,0.06138576567173004
611,1745692183.804312,0.05497520789504051
612,1745692209.6221242,0.03070308268070221
613,1745692231.8941534,0.03347140550613403
614,1745692247.2017436,0.050120480358600616
615,1745692257.3381603,0.025675635784864426
616,1745692276.0433493,0.038770679384469986
617,1745692295.3604255,0.07046648859977722
618,1745692315.4307764,0.03170211240649223
619,1745692323.50936,0.03826792538166046
620,1745692344.5955713,0.035946667194366455
621,1745692357.8615613,0.02572467178106308
622,1745692371.8587012,0.03020366281270981
623,1745692389.9613473,0.03444357216358185
624,1745692403.302546,0.04403233155608177
625,1745692412.3124452,0.042221490293741226
626,1745692424.6115437,0.08522740006446838
627,1745692435.3525326,0.06072555482387543
628,1745692444.4437528,0.047556016594171524
629,1745692464.631051,0.03877423331141472
630,1745692477.5795732,0.03285197168588638
631,1745692493.3552566,0.05205211043357849
632,1745692508.7212234,0.07572992146015167
633,1745692519.628133,0.06486331671476364
634,1745692531.712397,0.04507867619395256
635,1745692556.3842082,0.052270758897066116
636,1745692567.0073745,0.07728798687458038
637,1745692590.6212993,0.036844633519649506
638,1745692605.6710997,0.04498732462525368
639,1745692624.1553981,0.05981205403804779
640,1745692634.680872,0.04375538229942322
641,1745692647.9672897,0.05829913169145584
642,1745692663.6812806,0.048610515892505646
643,1745692681.8688908,0.032513752579689026
644,1745692701.0555212,0.03993289917707443
645,1745692708.6212935,0.036705996841192245
646,1745692726.7847178,0.03272220492362976
647,1745692739.180777,0.044918470084667206
648,1745692748.159883,0.023915717378258705
649,1745692859.9239726,0.03279181569814682
650,1745692876.355504,0.044028397649526596
651,1745692888.8966396,0.06230900064110756
652,1745692905.6265905,0.04963134229183197
653,1745692929.2510593,0.028457777574658394
654,1745692938.9325912,0.041275933384895325
655,1745692952.8598366,0.0659533143043518
656,1745692980.628289,0.04533439874649048
657,1745692994.9887269,0.03248327225446701
658,1745693033.82937,0.03210243210196495
659,1745693045.9136357,0.027299614623188972
660,1745693073.590994,0.036217812448740005
661,1745693100.7525554,0.04526771232485771
662,1745693120.1141665,0.046437110751867294
663,1745693144.6932116,0.03656947612762451
664,1745693171.089828,0.11921510100364685
665,1745693199.7159646,0.03726717084646225
666,1745693214.1086814,0.123125359416008
667,1745693226.4133928,0.06618885695934296
668,1745693259.480064,0.034034885466098785
669,1745693284.3145096,0.025929855182766914
670,1745693296.1963966,0.025052441284060478
671,1745693322.0522342,0.03473905846476555
672,1745693345.857114,0.046212635934352875
673,1745693376.231769,0.038246434181928635
674,1745693398.0672019,0.049401696771383286
675,1745693422.2177577,0.03945436701178551
676,1745693449.8709176,0.030669614672660828
677,1745693476.863356,0.029951104894280434
678,1745693507.6045315,0.06998760998249054
679,1745693536.7565918,0.08046317100524902
680,1745693561.913078,0.09384067356586456
681,1745693592.9381793,0.0321006253361702
682,1745693619.7239468,0.03215673565864563
683,1745693647.4167738,0.027088481932878494
684,1745693673.9734833,0.03531328961253166
685,1745693700.0357,0.04277185723185539
686,1745693726.1851432,0.05588303878903389
687,1745693751.8612752,0.03161086514592171
688,1745693778.7406628,0.03438359871506691
689,1745693806.2835178,0.05201016366481781
690,1745693836.2034333,0.04062404856085777
691,1745693849.9031913,0.04622619226574898
692,1745693880.9828007,0.08640414476394653
693,1745693922.6765938,0.03138229623436928
694,1745693933.6390367,0.03404800593852997
695,1745693955.8045797,0.05107034370303154
696,1745693980.0440543,0.042722757905721664
697,1745694002.682681,0.053613558411598206
698,1745694032.3651018,0.03286171332001686
699,1745694053.4201853,0.03232449293136597
700,1745694095.0282736,0.02281382493674755
701,1745694102.5990417,0.04010675475001335
702,1745694125.357742,0.012766950763761997
703,1745694142.9639068,0.05923781171441078
704,1745694169.3804507,0.060223232954740524
705,1745694196.9922962,0.030548904091119766
706,1745694218.6910102,0.038826584815979004
707,1745694245.4046195,0.04559147357940674
708,1745694265.2951584,0.038298025727272034
709,1745694299.70029,0.036089763045310974
710,1745694341.5037396,0.02040673792362213
711,1745694369.97104,0.04942375794053078
712,1745694387.4855359,0.03619984909892082
713,1745694408.0293865,0.08557634800672531
714,1745694446.7818336,0.03321659192442894
715,1745694475.179127,0.07951304316520691
716,1745694497.6553075,0.04465331882238388
717,1745694531.985488,0.03079407475888729
718,1745694541.8280265,0.040878165513277054
719,1745694569.274802,0.06018232926726341
720,1745694598.1701248,0.0441734753549099
721,1745694625.7002869,0.014814984053373337
722,1745694650.1302838,0.032669950276613235
723,1745694679.035114,0.024982133880257607
724,1745694707.1562595,0.034902870655059814
725,1745694729.809649,0.03950968012213707
726,1745694759.8060746,0.01869657263159752
727,1745694786.1888146,0.04396146163344383
728,1745694814.5283592,0.041628289967775345
729,1745694828.3706248,0.05407552421092987
730,1745695105.0328856,0.03127293661236763
731,1745695133.7906747,0.04169505089521408
732,1745695146.6183558,0.045170608907938004
733,1745695174.4988668,0.028763052076101303
734,1745695194.910557,0.04065486788749695
735,1745695224.000043,0.045999675989151
736,1745695252.5289795,0.030450617894530296
737,1745695265.9213536,0.08162350207567215
738,1745695295.4889605,0.04768827557563782
739,1745695326.2281005,0.030941609293222427
740,1745695345.0619106,0.028414957225322723
741,1745695358.8685675,0.023461131379008293
742,1745695386.8780603,0.02723032422363758
743,1745695412.4647367,0.01669495180249214
744,1745695447.3376658,0.02281275764107704
745,1745695476.8526654,0.022106967866420746
746,1745695497.9691615,0.030067697167396545
747,1745695523.8533676,0.03235246613621712
748,1745695555.0562165,0.0337996631860733
749,1745695585.369383,0.05019503831863403
750,1745695606.264597,0.042057476937770844
751,1745695629.616018,0.04198693856596947
752,1745695657.2471447,0.04579746350646019
753,1745695684.4129803,0.018080489709973335
754,1745695710.5923564,0.02972293086349964
755,1745695744.0772867,0.02696641907095909
756,1745695762.9013739,0.027743563055992126
757,1745695789.0510588,0.033567629754543304
758,1745695815.901375,0.03620433062314987
759,1745695836.428992,0.058610908687114716
760,1745695865.1697085,0.0788288414478302
761,1745695881.2434976,0.04146708548069
762,1745695908.3323286,0.04672101512551308
763,1745695930.1085396,0.06886406987905502
764,1745695955.0794203,0.042917873710393906
765,1745695983.0103652,0.044318195432424545
766,1745696007.3228147,0.0635753720998764
767,1745696038.7497785,0.06685556471347809
768,1745696046.877986,0.04471590369939804
769,1745696072.0429275,0.05405903235077858
770,1745696094.9417746,0.029036400839686394
771,1745696123.046785,0.044922079890966415
772,1745696149.575653,0.08104708790779114
773,1745696171.4056885,0.023884376510977745
774,1745696203.1274574,0.03873675689101219
775,1745696233.9998183,0.062327101826667786
776,1745696245.5083828,0.035708148032426834
777,1745696277.6661775,0.03069222904741764
778,1745696315.6575081,0.039159756153821945
779,1745696344.3922625,0.05046318471431732
780,1745696357.9778206,0.019627956673502922
781,1745696389.9608588,0.03750378265976906
782,1745696410.8242927,0.068370021879673
783,1745696437.5224066,0.05934708192944527
784,1745696468.1914768,0.052695225924253464
785,1745696481.8309593,0.05070042237639427
786,1745696514.9641893,0.027154196053743362
787,1745696533.880536,0.038493961095809937
788,1745696559.3317091,0.04436502605676651
789,1745696587.7935479,0.016918865963816643
790,1745696625.2788582,0.03938315063714981
791,1745696644.9146752,0.01899089850485325
792,1745696670.1546962,0.024852076545357704
793,1745696696.9737613,0.02869356982409954
794,1745696710.0442958,0.04689927026629448
795,1745696738.3580585,0.02649177983403206
796,1745696763.0708597,0.0251702219247818
797,1745696796.2980297,0.06512705236673355
798,1745696809.4583607,0.032730959355831146
799,1745696841.26137,0.022893058136105537
800,1745696865.6874213,0.05204547569155693
801,1745696891.6435568,0.04407566785812378
802,1745696915.1808035,0.023282019421458244
803,1745696941.3171723,0.049669429659843445
804,1745696971.3123152,0.03684515133500099
805,1745696994.126969,0.028147978708148003
806,1745697017.9861164,0.0299102533608675
807,1745697047.2676835,0.030651094391942024
808,1745697071.4885294,0.02696451172232628
809,1745697101.4156015,0.02199455164372921
810,1745697114.2374947,0.0493089035153389
811,1745697380.7921486,0.05150613933801651
812,1745697413.3450856,0.0244147889316082
813,1745697448.6435091,0.02924416959285736
814,1745697471.7392266,0.03077234886586666
815,1745697488.986579,0.05150430649518967
816,1745697523.9688737,0.032391808927059174
817,1745697532.957628,0.04620826244354248
818,1745697558.1665,0.04254774749279022
819,1745697587.5623255,0.07245036959648132
820,1745697623.0517836,0.029473749920725822
821,1745697637.7867365,0.025568732991814613
822,1745697664.5878174,0.03179217875003815
823,1745697688.850972,0.025387033820152283
824,1745697717.1446335,0.01979624293744564
825,1745697733.1175137,0.04128105565905571
826,1745697757.7732658,0.038640301674604416
827,1745697784.1273744,0.024480214342474937
828,1745697813.8549738,0.05133504420518875
829,1745697840.6519706,0.019834542647004128
830,1745697878.5387485,0.03395293653011322
831,1745697906.7820833,0.028406381607055664
832,1745697931.3400598,0.042743027210235596
833,1745697956.6509433,0.03564944863319397
834,1745697978.7456844,0.026382267475128174
835,1745698013.7714148,0.02805948071181774
836,1745698030.927795,0.030950790271162987
837,1745698052.7328525,0.04062524065375328
838,1745698085.1568344,0.03909130394458771
839,1745698123.762198,0.013956247828900814
840,1745698150.2389016,0.02546890825033188
841,1745698169.8491173,0.03435094654560089
842,1745698187.0320342,0.0449104942381382
843,1745698213.7701433,0.08232826739549637
844,1745698237.9865901,0.044413018971681595
845,1745698255.9062407,0.02197648026049137
846,1745698279.204532,0.021452313289046288
847,1745698322.333794,0.021836115047335625
848,1745698344.2952769,0.04317900910973549
849,1745698359.687148,0.039356574416160583
850,1745698392.9543164,0.028747305274009705
851,1745698421.1974866,0.017773078754544258
852,1745698440.4324048,0.03004196658730507
853,1745698459.4168458,0.023285197094082832
854,1745698487.3189275,0.022518780082464218
855,1745698513.4151628,0.028348516672849655
856,1745698537.030648,0.05011913180351257
857,1745698558.0019028,0.029117554426193237
858,1745698585.1950743,0.05737338215112686
859,1745698614.719064,0.01905968226492405
860,1745698647.5603223,0.02988552860915661
861,1745698676.611268,0.020343588665127754
862,1745698693.3846996,0.033375345170497894
863,1745698712.9824095,0.03196389600634575
864,1745698741.3150702,0.022440221160650253
865,1745698765.2072282,0.02552710846066475
866,1745698785.7852743,0.03124241903424263
867,1745698818.0178714,0.016547035425901413
868,1745698840.4886453,0.03157661482691765
869,1745698863.5911033,0.050949882715940475
870,1745698887.0783796,0.0419609509408474
871,1745698910.840914,0.02414729818701744
872,1745698937.6407356,0.0696176066994667
873,1745698967.7388525,0.030951231718063354
874,1745698990.0001123,0.06237223744392395
875,1745699024.642965,0.03243842348456383
876,1745699033.2429402,0.09383853524923325
877,1745699053.6947043,0.05855058878660202
878,1745699078.6328468,0.042791977524757385
879,1745699109.6716726,0.05529089644551277
880,1745699130.550375,0.04623471572995186
881,1745699152.1672232,0.04372105374932289
882,1745699174.3309133,0.02819620817899704
883,1745699206.4066644,0.03447366878390312
884,1745699234.9503424,0.056821174919605255
885,1745699258.388855,0.030689353123307228
886,1745699282.4129949,0.053824517875909805
887,1745699312.851976,0.034468282014131546
888,1745699357.983256,0.021893102675676346
889,1745699370.729879,0.0438518263399601
890,1745699397.6207352,0.024609267711639404
891,1745699410.9493785,0.05312690511345863
892,1745699682.7647796,0.020254671573638916
893,1745699725.8083375,0.02642744965851307
894,1745699758.5114825,0.04566927254199982
895,1745699770.0798645,0.030933037400245667
896,1745699796.1990314,0.027226382866501808
897,1745699821.823992,0.02635231241583824
898,1745699851.0303314,0.04963935166597366
899,1745699871.0345886,0.048678334802389145
900,1745699899.2220962,0.03188906982541084
901,1745699932.8657947,0.041921328753232956
902,1745699943.821765,0.025489965453743935
903,1745699983.1159713,0.041209492832422256
904,1745699994.6862783,0.030218495056033134
905,1745700020.2095103,0.02926591783761978
906,1745700044.5303395,0.017506426200270653
907,1745700066.2812126,0.04365133121609688
908,1745700093.7853048,0.023053817451000214
909,1745700126.2894652,0.022746436297893524
910,1745700147.1936953,0.029102273285388947
911,1745700172.1510365,0.041743695735931396
912,1745700196.727422,0.05481347441673279
913,1745700235.0891328,0.028911583125591278
914,1745700266.1818073,0.05095771700143814
915,1745700289.7916536,0.020915072411298752
916,1745700312.8837729,0.040529415011405945
917,1745700349.2922795,0.0256403386592865
918,1745700365.138719,0.04649641364812851
919,1745700391.3530645,0.040876198559999466
920,1745700424.9157906,0.022225122898817062
921,1745700448.9744601,0.03899947553873062
922,1745700475.3877482,0.042072076350450516
923,1745700499.7151382,0.02062099799513817
924,1745700532.2015376,0.026262976229190826
925,1745700560.3014917,0.015391258522868156
926,1745700576.9486115,0.03812063857913017
927,1745700597.2766058,0.027159815654158592
928,1745700626.4520977,0.03670362010598183
929,1745700658.3847513,0.0295511893928051
930,1745700688.61806,0.02058081328868866
931,1745700712.0085788,0.02667178027331829
932,1745700740.3218274,0.02561570517718792
933,1745700752.487913,0.022316474467515945
934,1745700778.2978783,0.015787465497851372
935,1745700812.0160666,0.038655173033475876
936,1745700825.7375321,0.047344859689474106
937,1745700852.9783916,0.013362104073166847
938,1745700879.02858,0.024223243817687035
939,1745700902.121254,0.03325466811656952
940,1745700929.2639604,0.0339258648455143
941,1745700957.06848,0.047507043927907944
942,1745700986.9726098,0.03134481608867645
943,1745700998.9971406,0.041913144290447235
944,1745701018.9252954,0.037459518760442734
945,1745701046.509163,0.0348551943898201
946,1745701061.0015864,0.024768995121121407
947,1745701087.2565784,0.031467486172914505
948,1745701119.4122782,0.03949512913823128
949,1745701147.9041643,0.025804035365581512
950,1745701183.67359,0.028248576447367668
951,1745701194.190585,0.03990938141942024
952,1745701222.9350982,0.022421447560191154
953,1745701259.5007422,0.02384798601269722
954,1745701295.4036808,0.015680061653256416
955,1745701322.7887626,0.04175944998860359
956,1745701344.056434,0.01588476076722145
957,1745701373.495819,0.026149624958634377
958,1745701395.9949288,0.028683723881840706
959,1745701423.7317474,0.015463343821465969
960,1745701445.9700797,0.03468259423971176
961,1745701472.4343545,0.03818253427743912
962,1745701498.1036932,0.031715795397758484
963,1745701524.7936623,0.030191907659173012
964,1745701556.4901311,0.0465618371963501
965,1745701569.9866776,0.017802324146032333
966,1745701599.4972217,0.016423402354121208
967,1745701639.4119265,0.031619541347026825
968,1745701668.3815336,0.022322580218315125
969,1745701690.0839226,0.017713675275444984
970,1745701712.809844,0.030115878209471703
971,1745701740.8151374,0.019279202446341515
972,1745701754.9068468,0.019231930375099182
973,1745702014.6579554,0.031297467648983
974,1745702041.997943,0.035734355449676514
975,1745702071.8621097,0.032788243144750595
976,1745702089.4689858,0.02933785878121853
977,1745702103.5064974,0.026592649519443512
978,1745702133.13159,0.022356156259775162
979,1745702140.2488291,0.027968265116214752
980,1745702172.9803705,0.0441017709672451
981,1745702206.8755698,0.017206944525241852
982,1745702219.9837093,0.021718980744481087
983,1745702240.9199436,0.027862364426255226
984,1745702270.3475635,0.0730772316455841
985,1745702294.1752806,0.022289900109171867
986,1745702314.5734305,0.022466478869318962
987,1745702337.5185354,0.015017551369965076
988,1745702359.5739772,0.024954916909337044
989,1745702389.1761594,0.019917629659175873
990,1745702407.6291378,0.014135682955384254
991,1745702425.3885744,0.03372327610850334
992,1745702453.062503,0.02616497315466404
993,1745702476.6797514,0.024193698540329933
994,1745702509.995733,0.012476572766900063
995,1745702523.9192102,0.0165281780064106
996,1745702546.2242954,0.023845264688134193
997,1745702560.478039,0.024343514814972878
998,1745702582.7982116,0.02263398841023445
999,1745702613.6228209,0.008714324794709682
1000,1745702646.923069,0.028899218887090683
1001,1745702674.7861707,0.022085510194301605
1002,1745702685.7465982,0.03364604339003563
1003,1745702718.429075,0.017414560541510582
1004,1745702732.0084345,0.02195665054023266
1005,1745702760.161172,0.024362638592720032
1006,1745702777.0703065,0.044226083904504776
1007,1745702800.599066,0.02140226401388645
1008,1745702828.2526672,0.03255308419466019
1009,1745702864.6496344,0.011866726912558079
1010,1745702877.2181523,0.03461882472038269
1011,1745702911.822506,0.03853200376033783
1012,1745702933.2228255,0.03945357725024223
1013,1745702956.3060863,0.01686515100300312
1014,1745702989.7004044,0.026177501305937767
1015,1745703004.1847024,0.02780146896839142
1016,1745703031.4641209,0.02210775762796402
1017,1745703070.1867664,0.014841410331428051
1018,1745703093.030023,0.03339218720793724
1019,1745703116.1539671,0.026819659397006035
1020,1745703161.7904727,0.030957797542214394
1021,1745703177.3142862,0.024371860548853874
1022,1745703207.449752,0.02497810125350952
1023,1745703218.8164058,0.03830404207110405
1024,1745703245.2968168,0.03490282595157623
1025,1745703269.0735319,0.018366316333413124
1026,1745703289.400056,0.022347277030348778
1027,1745703312.6385748,0.026334965601563454
1028,1745703343.4039345,0.021321751177310944
1029,1745703371.722695,0.03456385061144829
1030,1745703404.242646,0.029220715165138245
1031,1745703412.4367328,0.015849823132157326
1032,1745703445.2860613,0.03836432099342346
1033,1745703452.0446875,0.037560343742370605
1034,1745703479.5285497,0.02925613336265087
1035,1745703510.9159012,0.027904395014047623
1036,1745703544.6750686,0.025146346539258957
1037,1745703565.1720421,0.02362065576016903
1038,1745703589.3574443,0.037350673228502274
1039,1745703608.4642117,0.03293208032846451
1040,1745703633.6958735,0.026874126866459846
1041,1745703660.9148922,0.04969256743788719
1042,1745703690.0506544,0.03801682963967323
1043,1745703720.5112903,0.04462407901883125
1044,1745703745.9581537,0.02026556059718132
1045,1745703769.4842727,0.032160691916942596
1046,1745703795.9731395,0.015030632726848125
1047,1745703822.102489,0.05425849184393883
1048,1745703848.1260016,0.02558385767042637
1049,1745703871.4383578,0.04197853058576584
1050,1745703900.0267575,0.018901705741882324
1051,1745703935.2651687,0.020376009866595268
1052,1745703957.1823792,0.022666072472929955
1053,1745703968.6964097,0.02016529254615307
1054,1745704240.481965,0.02760854735970497
1055,1745704279.456986,0.01564091444015503
1056,1745704301.852248,0.02697729878127575
1057,1745704325.5329058,0.012058587744832039
1058,1745704348.7747822,0.016101181507110596
1059,1745704370.9132648,0.02330898866057396
1060,1745704389.8550422,0.03323866426944733
1061,1745704420.6476502,0.03073158860206604
1062,1745704450.8588932,0.02116582915186882
1063,1745704476.375787,0.01624792441725731
1064,1745704507.3607051,0.015957657247781754
1065,1745704527.6206567,0.04037053883075714
1066,1745704553.0674837,0.028756380081176758
1067,1745704580.9073374,0.02606092393398285
1068,1745704614.2474003,0.030913760885596275
1069,1745704642.6368554,0.010822703130543232
1070,1745704668.744236,0.022133642807602882
1071,1745704689.1544673,0.024337414652109146
1072,1745704714.5196366,0.0273774191737175
1073,1745704738.8826416,0.02533613331615925
1074,1745704762.6276987,0.022543970495462418
1075,1745704791.652626,0.018534362316131592
1076,1745704816.6873224,0.022909175604581833
1077,1745704843.1908169,0.017145385965704918
1078,1745704867.5461116,0.04543853551149368
1079,1745704895.7372417,0.006505782250314951
1080,1745704924.653507,0.03664218634366989
1081,1745704947.3060215,0.04253225773572922
1082,1745704973.2270012,0.010082661174237728
1083,1745705003.6492338,0.035827960819005966
1084,1745705027.4784913,0.018725909292697906
1085,1745705052.62869,0.028604593127965927
1086,1745705071.8208954,0.019761350005865097
1087,1745705101.652288,0.010747280903160572
1088,1745705131.159227,0.014826234430074692
1089,1745705145.8625283,0.023692000657320023
1090,1745705180.3125257,0.024054916575551033
1091,1745705205.9220977,0.0491877980530262
1092,1745705225.0012612,0.021973900496959686
1093,1745705251.6059668,0.013814899139106274
1094,1745705278.1605816,0.024780170992016792
1095,1745705296.7080798,0.032487187534570694
1096,1745705319.29568,0.02968975342810154
1097,1745705335.7269502,0.030828651040792465
1098,1745705350.9576745,0.03149374946951866
1099,1745705377.860366,0.029115963727235794
1100,1745705409.1045635,0.017800429835915565
1101,1745705422.1350863,0.017104221507906914
1102,1745705444.205502,0.01842031255364418
1103,1745705466.581256,0.047612082213163376
1104,1745705495.6434195,0.03145967423915863
1105,1745705527.8400302,0.02470572665333748
1106,1745705556.5872707,0.025762267410755157
1107,1745705573.3545396,0.01910879835486412
1108,1745705592.0230942,0.033782344311475754
1109,1745705625.2055783,0.023578470572829247
1110,1745705645.7597942,0.0429467149078846
1111,1745705679.7127116,0.015309546142816544
1112,1745705701.3476455,0.03403766453266144
1113,1745705720.2330155,0.010703845880925655
1114,1745705746.2977538,0.014762409031391144
1115,1745705774.4107275,0.017764268442988396
1116,1745705807.386973,0.031490910798311234
1117,1745705818.5455484,0.022373253479599953
1118,1745705844.219955,0.03100033849477768
1119,1745705870.471223,0.027059301733970642
1120,1745705892.0293534,0.02702391892671585
1121,1745705915.2028072,0.04617878422141075
1122,1745705941.1359465,0.029671208932995796
1123,1745705965.4445546,0.010230248793959618
1124,1745705996.075771,0.02022051438689232
1125,1745706028.9400434,0.03520415723323822
1126,1745706061.8344927,0.013151025399565697
1127,1745706088.3807805,0.03192562609910965
1128,1745706114.4187074,0.02585296519100666
1129,1745706149.573801,0.022488342598080635
1130,1745706170.5758734,0.011773443780839443
1131,1745706197.248205,0.024964679032564163
1132,1745706222.1500177,0.015389619395136833
1133,1745706254.8903642,0.014016751199960709
1134,1745706270.2197766,0.01266499049961567
1135,1745706529.4303465,0.030280660837888718
1136,1745706564.458659,0.02007983811199665
1137,1745706589.7408926,0.007106197066605091
1138,1745706602.893061,0.017569972202181816
1139,1745706636.5020075,0.009907303377985954
1140,1745706661.044822,0.0063889892771840096
1141,1745706679.247513,0.04023398831486702
1142,1745706706.9132757,0.017444418743252754
1143,1745706721.6218412,0.010682975873351097
1144,1745706746.9219582,0.016620555892586708
1145,1745706777.340768,0.01346821989864111
1146,1745706805.9947162,0.014608087949454784
1147,1745706821.4450593,0.012384646572172642
1148,1745706846.8732748,0.02353532612323761
1149,1745706879.1098495,0.022345827892422676
1150,1745706892.745933,0.027441931888461113
1151,1745706921.8799567,0.013606083579361439
1152,1745706947.030633,0.016289683058857918
1153,1745706965.8231928,0.01938525401055813
1154,1745706991.9193518,0.020948024466633797
1155,1745707030.093578,0.02015746384859085
1156,1745707043.0422027,0.03464123234152794
1157,1745707069.1019807,0.02570614591240883
1158,1745707096.6224852,0.033299848437309265
1159,1745707127.0586417,0.05272107943892479
1160,1745707151.8419447,0.022677717730402946
1161,1745707180.7730205,0.017874334007501602
1162,1745707213.56901,0.01870088092982769
1163,1745707221.1725123,0.017187589779496193
1164,1745707246.1196814,0.005406775511801243
1165,1745707276.974942,0.01338950265198946
1166,1745707301.8654647,0.006236528046429157
1167,1745707332.1607642,0.013373414054512978
1168,1745707343.351359,0.014398730359971523
1169,1745707373.6592524,0.01663765124976635
1170,1745707382.8267531,0.019000617787241936
1171,1745707408.433448,0.020940201357007027
1172,1745707431.2625475,0.02157348021864891
1173,1745707463.2852361,0.009395559318363667
1174,1745707487.2246969,0.02110576070845127
1175,1745707513.3377485,0.018017256632447243
1176,1745707544.9054492,0.022750014439225197
1177,1745707553.9435573,0.02423611283302307
1178,1745707582.597064,0.02030898630619049
1179,1745707597.2985108,0.01875479146838188
1180,1745707621.6657596,0.02131584659218788
1181,1745707654.2033832,0.02912862040102482
1182,1745707692.8714583,0.016454225406050682
1183,1745707723.990391,0.022937597706913948
1184,1745707741.017847,0.021656949073076248
1185,1745707768.7879193,0.01196084450930357
1186,1745707793.6270573,0.05077826604247093
1187,1745707810.3685095,0.016504941508173943
1188,1745707834.8446403,0.010414423421025276
1189,1745707866.9084046,0.021349824965000153
1190,1745707875.3391974,0.024904614314436913
1191,1745707911.1663752,0.017584003508090973
1192,1745707942.9558136,0.026974419131875038
1193,1745707970.2731214,0.02892107143998146
1194,1745707994.5242155,0.017489859834313393
1195,1745708013.2688618,0.019243311136960983
1196,1745708030.5382988,0.027157606557011604
1197,1745708053.123615,0.017185386270284653
1198,1745708082.1323662,0.014913646504282951
1199,1745708100.3782716,0.03259303420782089
1200,1745708126.634114,0.0037952596321702003
1201,1745708151.3941069,0.029293183237314224
1202,1745708178.3004127,0.013998943381011486
1203,1745708209.2560182,0.035780664533376694
1204,1745708230.2554672,0.02231804095208645
1205,1745708258.9888387,0.006996320094913244
1206,1745708280.3762205,0.009690804407000542
1207,1745708299.2100058,0.05513676255941391
1208,1745708326.7840807,0.02145925723016262
1209,1745708352.4273226,0.015504072420299053
1210,1745708384.4549592,0.030185703188180923
1211,1745708398.3235614,0.020980756729841232
1212,1745708419.8882096,0.02558712288737297
1213,1745708457.9585497,0.023020999506115913
1214,1745708469.889433,0.017911000177264214
1215,1745708483.3531446,0.0069333878345787525
1216,1745708737.5375082,0.007584794424474239
1217,1745708765.0965939,0.021117594093084335
1218,1745708788.305143,0.019286474213004112
1219,1745708823.071597,0.016579613089561462
1220,1745708860.567954,0.023071780800819397
1221,1745708873.7740679,0.01537106279283762
1222,1745708906.1161637,0.005771299358457327
1223,1745708945.1287355,0.027906570583581924
1224,1745708967.7583907,0.015125378035008907
1225,1745708991.0893552,0.017494838684797287
1226,1745709009.203419,0.03327607735991478
1227,1745709034.7181437,0.02791312336921692
1228,1745709077.8344674,0.01254670787602663
1229,1745709084.4537475,0.02302282676100731
1230,1745709112.7588656,0.005961227230727673
1231,1745709146.7908285,0.01761004701256752
1232,1745709171.447512,0.01616860367357731
1233,1745709182.0174735,0.01848256215453148
1234,1745709202.836666,0.006758106406778097
1235,1745709243.898132,0.006715451832860708
1236,1745709254.890729,0.021893376484513283
1237,1745709277.4301727,0.012087337672710419
1238,1745709299.0931642,0.014393754303455353
1239,1745709324.9948874,0.013590676710009575
1240,1745709356.0301745,0.019604254513978958
1241,1745709387.8224702,0.01893296092748642
1242,1745709401.5258422,0.01164901815354824
1243,1745709423.1581028,0.026460150256752968
1244,1745709448.4445715,0.011499646119773388
1245,1745709484.003541,0.02316967211663723
1246,1745709496.8073854,0.016730250790715218
1247,1745709523.55347,0.013572159223258495
1248,1745709532.5085006,0.024695610627532005
1249,1745709556.0573711,0.01527218334376812
1250,1745709585.2021785,0.024031607434153557
1251,1745709610.6722426,0.02054196409881115
1252,1745709635.550882,0.012296601198613644
1253,1745709656.006711,0.05411454290151596
1254,1745709690.8834558,0.013315164484083652
1255,1745709702.010368,0.03060995042324066
1256,1745709729.6279697,0.020166629925370216
1257,1745709764.9943235,0.01784415729343891
1258,1745709783.7999065,0.016716768965125084
1259,1745709802.662991,0.020682336762547493
1260,1745709832.176374,0.013411024585366249
1261,1745709855.7173762,0.014692801982164383
1262,1745709881.020485,0.011094997636973858
1263,1745709897.5034032,0.012151519767940044
1264,1745709927.080575,0.01242924015969038
1265,1745709944.1930363,0.018564898520708084
1266,1745709960.5294292,0.012151652947068214
1267,1745709983.127414,0.014053426682949066
1268,1745710015.8122225,0.030447129160165787
1269,1745710044.4165835,0.01535235159099102
1270,1745710065.0753999,0.01438227854669094
1271,1745710096.1759324,0.014983687549829483
1272,1745710120.0424461,0.011664110235869884
1273,1745710138.8656452,0.007413214072585106
1274,1745710185.5381284,0.009225289337337017
1275,1745710203.6397617,0.009041652083396912
1276,1745710223.0296943,0.01200504694133997
1277,1745710251.4316192,0.019473686814308167
1278,1745710278.5619965,0.029761716723442078
1279,1745710300.23255,0.025232790037989616
1280,1745710316.235245,0.024911535903811455
1281,1745710344.0430486,0.03227474167943001
1282,1745710360.9324288,0.003663224633783102
1283,1745710393.5345442,0.007962035946547985
1284,1745710416.1964338,0.033393494784832
1285,1745710438.4660783,0.015364657156169415
1286,1745710477.3401752,0.013450196012854576
1287,1745710501.2158463,0.00966427568346262
1288,1745710533.475654,0.013133709318935871
1289,1745710556.3776622,0.008358892984688282
1290,1745710579.7754703,0.011470956727862358
1291,1745710611.8249848,0.018311606720089912
1292,1745710632.124517,0.01548628881573677
1293,1745710654.8927083,0.014170149341225624
1294,1745710680.194421,0.016073161736130714
1295,1745710714.7669923,0.021529588848352432
1296,1745710720.3377893,0.016083339229226112
1297,1745710977.4590237,0.028901515528559685
1298,1745711004.501012,0.01475644763559103
1299,1745711033.812998,0.011181751266121864
1300,1745711055.3254623,0.010931238532066345
1301,1745711083.6382785,0.01973062939941883
1302,1745711113.5236773,0.015025955624878407
1303,1745711141.2339115,0.023417552933096886
1304,1745711155.1696837,0.015976684167981148
1305,1745711178.1785588,0.016169771552085876
1306,1745711214.5240183,0.01355490181595087
1307,1745711244.1791747,0.04233015701174736
1308,1745711281.7801962,0.013490897603332996
1309,1745711305.745559,0.00991970393806696
1310,1745711329.5405238,0.013014630414545536
1311,1745711361.8630817,0.006444553378969431
1312,1745711389.8064356,0.013796065002679825
1313,1745711426.1804497,0.017070218920707703
1314,1745711444.430778,0.015236984938383102
1315,1745711466.5442667,0.004694868344813585
1316,1745711509.7323155,0.012421926483511925
1317,1745711543.192442,0.021695666015148163
1318,1745711556.5805242,0.011017189361155033
1319,1745711571.5632613,0.009046975523233414
1320,1745711597.5371296,0.01936403661966324
1321,1745711634.003083,0.007580942939966917
1322,1745711655.5427942,0.014141891151666641
1323,1745711680.8198102,0.016530953347682953
1324,1745711703.2861595,0.01117058377712965
1325,1745711727.5957272,0.010123208165168762
1326,1745711751.7865064,0.009897160343825817
1327,1745711782.0908957,0.0021732202731072903
1328,1745711810.371577,0.006853410042822361
1329,1745711829.1630368,0.015460974536836147
1330,1745711850.701191,0.009370831772685051
1331,1745711889.464797,0.00848776288330555
1332,1745711926.0727465,0.00913408026099205
1333,1745711933.3155687,0.0031630676239728928
1334,1745711960.5941908,0.009665854275226593
1335,1745711987.5255508,0.01774279959499836
1336,1745712014.0971835,0.025540398433804512
1337,1745712044.0338504,0.009736542589962482
1338,1745712078.2548995,0.012944010086357594
1339,1745712087.6013722,0.01477869227528572
1340,1745712115.9959779,0.007653883658349514
1341,1745712154.287296,0.008011769503355026
1342,1745712175.8593855,0.021480606868863106
1343,1745712200.7120364,0.0070983343757689
1344,1745712217.9398515,0.01049844641238451
1345,1745712230.6432343,0.016220126301050186
1346,1745712254.977064,0.01245439425110817
1347,1745712282.794572,0.018331613391637802
1348,1745712313.8710856,0.01251635979861021
1349,1745712325.8653295,0.014035452157258987
1350,1745712358.5948863,0.01764352060854435
1351,1745712378.277034,0.012425504624843597
1352,1745712423.743096,0.013906453736126423
1353,1745712433.7046146,0.011622389778494835
1354,1745712456.5632107,0.015256932005286217
1355,1745712487.0967202,0.009893509559333324
1356,1745712512.6576998,0.012001543305814266
1357,1745712535.31462,0.00877817627042532
1358,1745712553.8416753,0.01022775936871767
1359,1745712580.9642742,0.013249607756733894
1360,1745712596.439006,0.010405574925243855
1361,1745712618.4875925,0.013094420544803143
1362,1745712648.021722,0.01250977348536253
1363,1745712678.584305,0.012781673111021519
1364,1745712703.007409,0.02133829891681671
1365,1745712723.4282768,0.01864166557788849
1366,1745712746.2867358,0.017633585259318352
1367,1745712767.6026678,0.008745699189603329
1368,1745712798.9543834,0.0061777555383741856
1369,1745712826.2083268,0.01741681806743145
1370,1745712858.6357858,0.013457871042191982
1371,1745712885.419604,0.005413005594164133
1372,1745712906.5704143,0.012493738904595375
1373,1745712939.206382,0.00910384301096201
1374,1745712957.2124255,0.01021164283156395
1375,1745712970.5445006,0.007304883096367121
1376,1745712998.2032998,0.010753843933343887
1377,1745713007.547762,0.012113499455153942
1378,1745713271.3279529,0.009999311529099941
1379,1745713291.6114883,0.004133632872253656
1380,1745713318.0488377,0.007409961894154549
1381,1745713347.839284,0.005544573999941349
1382,1745713378.0799859,0.009083244018256664
1383,1745713408.5132716,0.014348192140460014
1384,1745713443.4270394,0.0061658513732254505
1385,1745713455.4485097,0.013703870587050915
1386,1745713492.859443,0.012718562968075275
1387,1745713518.2480414,0.00625469908118248
1388,1745713558.1583703,0.014763533137738705
1389,1745713583.7352226,0.005639812909066677
1390,1745713612.1794538,0.004273795522749424
1391,1745713631.779476,0.010906551964581013
1392,1745713654.9652371,0.013034984469413757
1393,1745713681.675476,0.0109760332852602
1394,1745713694.1083503,0.005393143277615309
1395,1745713724.4541233,0.009137216955423355
1396,1745713754.872276,0.008591273799538612
1397,1745713777.8937438,0.007717035245150328
1398,1745713797.1382527,0.014695036225020885
1399,1745713823.8177152,0.008180754259228706
1400,1745713851.2508585,0.010087033733725548
1401,1745713873.5426817,0.005568396765738726
1402,1745713897.7692838,0.00445198267698288
1403,1745713926.2843337,0.0036903375294059515
1404,1745713955.543328,0.008331476710736752
1405,1745713985.4888353,0.017430420964956284
1406,1745714014.6464553,0.010240278206765652
1407,1745714042.2909613,0.0025435243733227253
1408,1745714072.152651,0.017200211063027382
1409,1745714096.7772722,0.010011893697082996
1410,1745714118.6424198,0.010098930448293686
1411,1745714141.3752263,0.009121096692979336
1412,1745714153.5363975,0.0069561973214149475
1413,1745714171.534434,0.01288062147796154
1414,1745714193.4400537,0.008493891917169094
1415,1745714218.6353521,0.00824081152677536
1416,1745714239.9863417,0.008122381754219532
1417,1745714264.9711533,0.007203382905572653
1418,1745714287.6122875,0.0025500969495624304
1419,1745714298.669517,0.007400848902761936
1420,1745714322.658756,0.009534098207950592
1421,1745714335.1668463,0.0072805434465408325
1422,1745714360.7785213,0.0066780210472643375
1423,1745714394.1960306,0.006819944828748703
1424,1745714412.2563221,0.007800493389368057
1425,1745714430.8353577,0.007194142322987318
1426,1745714451.5928464,0.0059110685251653194
1427,1745714477.014718,0.00963528547435999
1428,1745714500.06484,0.013795958831906319
1429,1745714531.796795,0.0066884723491966724
1430,1745714550.6456451,0.010424941778182983
1431,1745714579.8603234,0.00857667438685894
1432,1745714612.5131733,0.01123654842376709
1433,1745714632.1439242,0.010840232484042645
1434,1745714650.8456838,0.014165043830871582
1435,1745714674.2564182,0.007220352999866009
1436,1745714700.527156,0.007942342199385166
1437,1745714722.9225442,0.015382871963083744
1438,1745714745.9747338,0.010751047171652317
1439,1745714773.2479665,0.007912307977676392
1440,1745714800.8834267,0.0062310113571584225
1441,1745714824.9586325,0.01509853731840849
1442,1745714861.5968509,0.014754367992281914
1443,1745714880.789026,0.012689836323261261
1444,1745714902.4221265,0.012903576716780663
1445,1745714928.3112981,0.00788036547601223
1446,1745714957.4054036,0.007836800999939442
1447,1745714973.0613093,0.005695778876543045
1448,1745714991.556756,0.0070589203387498856
1449,1745715020.052316,0.013251924887299538
1450,1745715050.2259552,0.012670017778873444
1451,1745715073.0284472,0.00987823586910963
1452,1745715084.465886,0.01607356406748295
1453,1745715110.4137595,0.02028200589120388
1454,1745715149.099918,0.005758584942668676
1455,1745715173.7861457,0.01740514673292637
1456,1745715189.876828,0.011030533351004124
1457,1745715236.2582967,0.008183546364307404
1458,1745715242.2225904,0.016767235472798347
1459,1745715494.0187745,0.00629329401999712
1460,1745715522.9264848,0.010248263366520405
1461,1745715545.9705133,0.0036303044762462378
1462,1745715580.8492858,0.004677347373217344
1463,1745715595.933211,0.0070508006028831005
1464,1745715640.5768218,0.007751815021038055
1465,1745715651.3418784,0.010229256935417652
1466,1745715691.2210839,0.004387441091239452
1467,1745715728.2860768,0.004681720398366451
1468,1745715740.8895612,0.004661267623305321
1469,1745715771.1343117,0.0029329005628824234
1470,1745715798.377616,0.00780085613951087
1471,1745715823.9276054,0.002396378433331847
1472,1745715848.0756226,0.014209339395165443
1473,1745715870.674456,0.012023377232253551
1474,1745715895.8950415,0.008704051375389099
1475,1745715923.438939,0.010537689551711082
1476,1745715950.1951714,0.013063667342066765
1477,1745715972.2739325,0.006551438942551613
1478,1745715998.1925852,0.012980894185602665
1479,1745716022.429425,0.006876774597913027
1480,1745716046.3419855,0.006841737776994705
1481,1745716075.2688932,0.005325020756572485
1482,1745716087.1815212,0.009176100604236126
1483,1745716124.9277058,0.009875060990452766
1484,1745716156.0245044,0.005358511116355658
1485,1745716190.865339,0.003631911240518093
1486,1745716217.1366963,0.0015917113050818443
1487,1745716251.0150845,0.01909688673913479
1488,1745716280.5367358,0.006643380504101515
1489,1745716307.2469947,0.0050760293379426
1490,1745716335.3428845,0.002459679963067174
1491,1745716371.34157,0.008216640911996365
1492,1745716392.8899782,0.007294589653611183
1493,1745716412.5319388,0.004553306382149458
1494,1745716441.8366487,0.0072603411972522736
1495,1745716469.1465025,0.0029342963825911283
1496,1745716495.3026423,0.01417535264045
1497,1745716521.6042063,0.006806422024965286
1498,1745716545.6557944,0.0057568736374378204
1499,1745716568.4787114,0.009439711458981037
1500,1745716593.2752342,0.006903559435158968
1501,1745716614.8357038,0.0032759257592260838
1502,1745716644.4735465,0.0028127608820796013
1503,1745716673.436221,0.005818906705826521
1504,1745716698.6005645,0.005963411647826433
1505,1745716720.711877,0.007724666502326727
1506,1745716745.5188117,0.0038463505916297436
1507,1745716766.9012327,0.0054296157322824
1508,1745716794.826878,0.006226268131285906
1509,1745716828.601853,0.004609197843819857
1510,1745716851.6956341,0.0056136539205908775
1511,1745716880.3540454,0.004937759134918451
1512,1745716903.2628644,0.006406627595424652
1513,1745716932.535221,0.007656856905668974
1514,1745716959.7957628,0.005306693259626627
1515,1745716984.5304186,0.003961366135627031
1516,1745717010.713386,0.0035905111581087112
1517,1745717029.1952171,0.005405089817941189
1518,1745717053.6460192,0.007091390900313854
1519,1745717078.5380912,0.013134995475411415
1520,1745717107.0873518,0.006464742124080658
1521,1745717135.382697,0.004044884350150824
1522,1745717158.6087267,0.011329181492328644
1523,1745717184.358446,0.007385177072137594
1524,1745717214.3542504,0.012588663026690483
1525,1745717239.8411555,0.0033019448164850473
1526,1745717262.2830234,0.004209007136523724
1527,1745717290.5018096,0.004785500932484865
1528,1745717318.5509129,0.005313466303050518
1529,1745717341.276603,0.00695728650316596
1530,1745717365.4999306,0.004685424268245697
1531,1745717395.492187,0.006196246482431889
1532,1745717422.561434,0.004204113967716694
1533,1745717449.3075068,0.0021900383289903402
1534,1745717477.5278704,0.011748254299163818
1535,1745717506.4100196,0.005916467402130365
1536,1745717532.475571,0.00415489636361599
1537,1745717561.7082608,0.002936916658654809
1538,1745717589.5266938,0.0368025004863739
1539,1745717602.9137275,0.00489021185785532
1540,1745717866.1351414,0.0043962085619568825
1541,1745717893.7647815,0.004847401287406683
1542,1745717911.0918808,0.004487391095608473
1543,1745717951.1110938,0.005066339857876301
1544,1745717979.9943395,0.008212339133024216
1545,1745718016.6439862,0.002719823969528079
1546,1745718032.9585836,0.003971869125962257
1547,1745718058.1420038,0.0027390981558710337
1548,1745718082.4043717,0.00469482084736228
1549,1745718110.411672,0.0035571102052927017
1550,1745718139.289845,0.009774102829396725
1551,1745718167.4052253,0.0034545199014246464
1552,1745718180.618759,0.0026390468701720238
1553,1745718214.0018227,0.006241461727768183
1554,1745718240.888174,0.0034253315534442663
1555,1745718266.6046996,0.0034731521736830473
1556,1745718293.604237,0.00257504777982831
1557,1745718317.903244,0.007320013362914324
1558,1745718341.4634407,0.003928067162632942
1559,1745718365.24539,0.0037260884419083595
1560,1745718391.032472,0.0029641122091561556
1561,1745718417.5680594,0.004573335405439138
1562,1745718435.4522665,0.0033680731430649757
1563,1745718458.9476533,0.0034658743534237146
1564,1745718493.3299277,0.004833012819290161
1565,1745718504.0728302,0.003637111047282815
1566,1745718532.1902053,0.006393129006028175
1567,1745718561.5299165,0.007258131168782711
1568,1745718581.4851022,0.005061123054474592
1569,1745718606.4766881,0.008850935846567154
1570,1745718641.0184796,0.00321022211574018
1571,1745718658.5397718,0.00927278958261013
1572,1745718682.2644925,0.001280402299016714
1573,1745718705.960446,0.00405522808432579
1574,1745718733.3906977,0.005543466657400131
1575,1745718756.5144413,0.0044269016943871975
1576,1745718780.5812166,0.00227759568952024
1577,1745718807.9826698,0.009405604563653469
1578,1745718842.637722,0.0050863660871982574
1579,1745718877.15413,0.005692948587238789
1580,1745718895.6955295,0.003526771441102028
1581,1745718916.9001045,0.003734359983354807
1582,1745718939.6728263,0.0021783444099128246
1583,1745718970.8198488,0.008010243996977806
1584,1745718997.2415445,0.004893444012850523
1585,1745719026.047802,0.005636455956846476
1586,1745719052.706916,0.0022361052688211203
1587,1745719080.4311168,0.005199724342674017
1588,1745719107.683444,0.0031283472198992968
1589,1745719134.7333877,0.009286760352551937
1590,1745719160.3080182,0.005174670368432999
1591,1745719184.23455,0.003681998234242201
1592,1745719206.5370584,0.001518256845884025
1593,1745719235.6748185,0.00502105662599206
1594,1745719263.6448874,0.0029222231823951006
1595,1745719290.2316594,0.0017988532781600952
1596,1745719314.856754,0.004796008579432964
1597,1745719334.036517,0.003865226171910763
1598,1745719360.7134018,0.0021710835862904787
1599,1745719390.7051895,0.0029957506339997053
1600,1745719422.082887,0.0018367518205195665
1601,1745719444.0939717,0.0024909181520342827
1602,1745719462.9970133,0.006056699436157942
1603,1745719491.2537792,0.004669391084462404
1604,1745719512.669139,0.004061355721205473
1605,1745719539.369962,0.0016154552577063441
1606,1745719573.6453655,0.004711966495960951
1607,1745719603.06923,0.0036634430289268494
1608,1745719633.7185512,0.008844761177897453
1609,1745719662.0550234,0.003917612135410309
1610,1745719687.0008726,0.011355445720255375
1611,1745719712.2527175,0.004340682178735733
1612,1745719736.7431433,0.003999908920377493
1613,1745719770.189116,0.001686161500401795
1614,1745719793.7015395,0.005200025159865618
1615,1745719821.5326006,0.00616671284660697
1616,1745719846.9328427,0.005951252765953541
1617,1745719873.7659216,0.008152659051120281
1618,1745719905.1718562,0.006344815716147423
1619,1745719933.1729329,0.0031657551880925894
1620,1745719947.4189043,0.0034314990043640137
1621,1745720214.7518773,0.001642117858864367
1622,1745720255.8305223,0.0034929076209664345
1623,1745720278.434044,0.002537935273721814
1624,1745720305.4231997,0.001625513075850904
1625,1745720326.3769722,0.002412470057606697
1626,1745720346.7306373,0.0029656316619366407
1627,1745720379.1257007,0.0044463444501161575
1628,1745720403.190901,0.0010013794526457787
1629,1745720426.282867,0.003413471160456538
1630,1745720454.4907122,0.0008444644627161324
1631,1745720479.6563487,0.0020145196467638016
1632,1745720502.069397,0.0013998565264046192
1633,1745720526.7648604,0.0030817275401204824
1634,1745720543.0996778,0.0017309868708252907
1635,1745720574.7559934,0.006729059386998415
1636,1745720600.8073525,0.001072174170985818
1637,1745720627.9988651,0.0012475154362618923
1638,1745720653.5287173,0.0019747419282794
1639,1745720676.1429863,0.0019544444512575865
1640,1745720706.482982,0.004080520942807198
1641,1745720740.775913,0.0009834012016654015
1642,1745720749.8911064,0.0014747334644198418
1643,1745720773.0660174,0.001701181405223906
1644,1745720800.6990414,0.003856072900816798
1645,1745720824.4331963,0.004260633140802383
1646,1745720859.6131191,0.012594267725944519
1647,1745720896.442104,0.003609086386859417
1648,1745720927.5612745,0.0034967793617397547
1649,1745720955.7269893,0.0035414325539022684
1650,1745720983.0007923,0.0023004459217190742
1651,1745720999.4130962,0.0028377436101436615
1652,1745721028.7762675,0.003967249300330877
1653,1745721060.672976,0.006797148380428553
1654,1745721087.9247131,0.0026490988675504923
1655,1745721110.5994985,0.0014644338516518474
1656,1745721134.862584,0.0019114792812615633
1657,1745721161.728895,0.004330833442509174
1658,1745721196.6012342,0.004971707239747047
1659,1745721206.201466,0.003457044716924429
1660,1745721229.8415437,0.006644814275205135
1661,1745721261.0482686,0.0035850200802087784
1662,1745721284.2601552,0.005118867848068476
1663,1745721308.3166053,0.004600108601152897
1664,1745721337.057054,0.002424286212772131
1665,1745721361.948525,0.005422417540103197
1666,1745721383.352375,0.001872741966508329
1667,1745721418.314642,0.0016986699774861336
1668,1745721450.8533292,0.003879672149196267
1669,1745721472.4172125,0.0018448258051648736
1670,1745721504.5391567,0.0023959451355040073
1671,1745721535.2948647,0.0019675211515277624
1672,1745721549.4885576,0.001904502511024475
1673,1745721577.4759502,0.004020350053906441
1674,1745721605.8411217,0.002317883772775531
1675,1745721636.3724442,0.006195424124598503
1676,1745721673.3938565,0.003597755217924714
1677,1745721701.6526287,0.015931379050016403
1678,1745721727.9964437,0.0028895288705825806
1679,1745721752.0910873,0.0017442506505176425
1680,1745721773.8597865,0.00468397093936801
1681,1745721794.8316352,0.0029386645182967186
1682,1745721818.0520523,0.003630742197856307
1683,1745721844.444337,0.005908931139856577
1684,1745721874.9038732,0.003531383816152811
1685,1745721906.8439617,0.003620858071371913
1686,1745721936.4978025,0.003741977736353874
1687,1745721971.6851249,0.002798796398565173
1688,1745721983.443058,0.0036399560049176216
1689,1745722009.7115529,0.0026396838948130608
1690,1745722035.8693068,0.004003284499049187
1691,1745722063.510435,0.003478479105979204
1692,1745722096.7534428,0.0021497001871466637
1693,1745722119.409728,0.003936997149139643
1694,1745722147.2433739,0.0028802650049328804
1695,1745722172.063543,0.004085696768015623
1696,1745722197.5831685,0.003021449549123645
1697,1745722229.4150267,0.0023842810187488794
1698,1745722260.9868402,0.0008586588082835078
1699,1745722288.87449,0.0025160822551697493
1700,1745722316.6377835,0.003168708411976695
1701,1745722330.9820783,0.0008038266678340733
1702,1745722566.705984,0.003178222803398967
1703,1745722601.1572583,0.002605543239042163
1704,1745722628.1312468,0.0016786656342446804
1705,1745722651.4746115,0.0008008746081031859
1706,1745722666.271595,0.006268796976655722
1707,1745722698.5268373,0.0017344276420772076
1708,1745722727.990208,0.0017738168826326728
1709,1745722743.937324,0.016995972022414207
1710,1745722774.2641244,0.0019239733228459954
1711,1745722808.9259639,0.0019184545380994678
1712,1745722815.1839328,0.0018147836672142148
1713,1745722838.6944919,0.002062426181510091
1714,1745722861.828817,0.0011323927901685238
1715,1745722887.517826,0.0031684651039540768
1716,1745722905.6883197,0.0013324813917279243
1717,1745722934.067049,0.001183810643851757
1718,1745722958.3839386,0.0007188175222836435
1719,1745722984.0332956,0.0032329538371413946
1720,1745723006.8105724,0.0018792622722685337
1721,1745723036.3906162,0.0006688452558591962
1722,1745723050.5403326,0.003920430317521095
1723,1745723077.6401892,0.002315137768164277
1724,1745723104.530325,0.0017066958826035261
1725,1745723127.7415822,0.0020909374579787254
1726,1745723156.038822,0.002081307116895914
1727,1745723179.2871327,0.0017229183577001095
1728,1745723202.8993752,0.001112422556616366
1729,1745723228.9458542,0.0010833792621269822
1730,1745723254.7639039,0.002375827170908451
1731,1745723282.5423071,0.0036585961934179068
1732,1745723300.5567107,0.0006778703536838293
1733,1745723335.186033,0.002785986987873912
1734,1745723361.906898,0.0013293408555909991
1735,1745723382.6597273,0.002150916028767824
1736,1745723411.7168632,0.0021240566857159138
1737,1745723435.9336927,0.001511372858658433
1738,1745723461.1004686,0.003149098251014948
1739,1745723488.017112,0.0013837377773597836
1740,1745723516.011798,0.002183144213631749
1741,1745723543.1809294,0.0012579273898154497
1742,1745723567.7779117,0.0023086981382220984
1743,1745723594.7727363,0.0009679681970737875
1744,1745723624.6072712,0.005789826158434153
1745,1745723639.5806317,0.0018205393571406603
1746,1745723672.5430033,0.0015672281151637435
1747,1745723691.025628,0.001698278822004795
1748,1745723718.3592541,0.0020865786354988813
1749,1745723743.008418,0.0008964486187323928
1750,1745723760.8361225,0.010982220061123371
1751,1745723788.2136676,0.0020110607147216797
1752,1745723817.680578,0.0025411108508706093
1753,1745723842.7460647,0.0029049955774098635
1754,1745723874.3749213,0.0008237266447395086
1755,1745723882.8099377,0.0011436953209340572
1756,1745723916.6170142,0.002573291538283229
1757,1745723939.3730211,0.0025933277793228626
1758,1745723969.3476446,0.006644958630204201
1759,1745724002.6672127,0.0020019353833049536
1760,1745724015.9294217,0.002313680946826935
1761,1745724044.3302085,0.0013434344436973333
1762,1745724069.6087158,0.0023817799519747496
1763,1745724096.3148162,0.0020328767132014036
1764,1745724128.3695512,0.0019687535241246223
1765,1745724150.246134,0.0023256130516529083
1766,1745724174.047266,0.003030895721167326
1767,1745724201.6433244,0.004657577723264694
1768,1745724232.993897,0.0022062889765948057
1769,1745724270.688898,0.0009956827852874994
1770,1745724308.6242733,0.006427111104130745
1771,1745724329.766335,0.004634044133126736
1772,1745724348.6091127,0.0014799837954342365
1773,1745724374.559226,0.002113068476319313
1774,1745724399.291991,0.0019799082074314356
1775,1745724425.0424974,0.002840666100382805
1776,1745724453.2688243,0.0015154543798416853
1777,1745724477.276914,0.0016915384912863374
1778,1745724505.0245137,0.0025082502979785204
1779,1745724533.815189,0.0037705448921769857
1780,1745724561.4221053,0.002453971654176712
1781,1745724588.8371098,0.0019140357617288828
1782,1745724599.9246287,0.0011743067298084497
1783,1745724841.2768004,0.0008231563842855394
1784,1745724850.6551745,0.0017230449011549354
1785,1745724876.4985607,0.0009064266341738403
1786,1745724901.414808,0.0007664770819246769
1787,1745724925.282113,0.00084545963909477
1788,1745724960.4353313,0.006013618316501379
1789,1745724991.8783185,0.0012100616004317999
1790,1745725019.0958953,0.003207629779353738
1791,1745725036.1016643,0.0023136858362704515
1792,1745725060.4668944,0.009745833463966846
1793,1745725086.7140663,0.0005130822537466884
1794,1745725113.7501428,0.0014430632581934333
1795,1745725138.4800103,0.0009060418815352023
1796,1745725165.150856,0.0021643941290676594
1797,1745725190.809467,0.0027077021077275276
1798,1745725213.3417616,0.0023348368704319
1799,1745725246.861033,0.0010101363295689225
1800,1745725278.9295182,0.0012467793421819806
1801,1745725294.7440145,0.002264739014208317
1802,1745725325.420969,0.0017103495774790645
1803,1745725358.2723026,0.002441145945340395
1804,1745725385.9189923,0.0020329977851361036
1805,1745725411.2066345,0.0014660777524113655
1806,1745725436.45805,0.0014154964592307806
1807,1745725457.8253517,0.0009402927826158702
1808,1745725487.7038097,0.0009925775229930878
1809,1745725502.5149436,0.002580004744231701
1810,1745725526.8201182,0.002348590176552534
1811,1745725553.9540353,0.0009333817288279533
1812,1745725577.6418898,0.00411627534776926
1813,1745725612.3769088,0.002428374718874693
1814,1745725645.3311381,0.0011811741860583425
1815,1745725661.8870354,0.0009735720814205706
1816,1745725686.9007127,0.0013426459627225995
1817,1745725715.2200546,0.0012832573847845197
1818,1745725747.3500848,0.0015211821300908923
1819,1745725783.9816992,0.0008897710358723998
1820,1745725814.819177,0.0011850333539769053
1821,1745725830.8798523,0.002282987115904689
1822,1745725864.6353195,0.0012258529895916581
1823,1745725891.3972206,0.0017062819097191095
1824,1745725905.3836682,0.0014762530336156487
1825,1745725931.2871861,0.002421703189611435
1826,1745725957.9421558,0.0006286526913754642
1827,1745725989.292578,0.006972383242100477
1828,1745726014.3953168,0.0009307934669777751
1829,1745726030.6655638,0.0006656849873252213
1830,1745726061.094916,0.0014040422393009067
1831,1745726084.2990558,0.001572235720232129
1832,1745726107.7706623,0.0018468546913936734
1833,1745726138.8851018,0.002217896282672882
1834,1745726159.4770315,0.004057721700519323
1835,1745726182.9720097,0.0015425760066136718
1836,1745726209.0387006,0.0009484646725468338
1837,1745726227.6352527,0.0037336063105612993
1838,1745726256.6533651,0.002977208001539111
1839,1745726283.8145006,0.0009939250303432345
1840,1745726300.9513412,0.0008482287521474063
1841,1745726327.4763615,0.013465188443660736
1842,1745726362.1651382,0.0006839489797130227
1843,1745726372.9253478,0.003712509525939822
1844,1745726403.7793314,0.003205500775948167
1845,1745726434.0309842,0.0018980612512677908
1846,1745726464.5591974,0.0008616464328952134
1847,1745726488.3176453,0.0009398372494615614
1848,1745726507.607606,0.0010258719557896256
1849,1745726537.3912387,0.008507239632308483
1850,1745726575.9625113,0.0024295917246490717
1851,1745726603.3248305,0.002429420128464699
1852,1745726628.8603673,0.0009719667141325772
1853,1745726660.2806761,0.0013708879705518484
1854,1745726686.1696935,0.002491073217242956
1855,1745726712.3051498,0.0015726317651569843
1856,1745726745.6911755,0.001734688994474709
1857,1745726773.967508,0.0013009040849283338
1858,1745726802.4803147,0.002402674639597535
1859,1745726832.6793914,0.0017934157513082027
1860,1745726868.295527,0.0009244320099242032
1861,1745726897.6269171,0.0032414752058684826
1862,1745726927.54787,0.0031363798771053553
1863,1745726941.7336674,0.00025493092834949493
1864,1745727162.730915,0.0011485446011647582
1865,1745727193.7996705,0.0009463293827138841
1866,1745727223.9857152,0.0025179048534482718
1867,1745727253.224505,0.004086059983819723
1868,1745727279.167291,0.0007936054025776684
1869,1745727307.3848388,0.001409065444022417
1870,1745727322.6488042,0.0012973176781088114
1871,1745727347.9952016,0.0009664346580393612
1872,1745727387.3474724,0.000919613114092499
1873,1745727410.4061358,0.004352344200015068
1874,1745727447.2185283,0.0012776164803653955
1875,1745727473.5632896,0.0006453313399106264
1876,1745727502.9658635,0.000584741064812988
1877,1745727528.9023788,0.0032790384721010923
1878,1745727557.3093047,0.0007653256179764867
1879,1745727584.2029843,0.001541690668091178
1880,1745727609.7126472,0.0005215302226133645
1881,1745727636.334384,0.0012589185498654842
1882,1745727660.6023595,0.000615076394751668
1883,1745727684.3276484,0.0008665189379826188
1884,1745727711.0054057,0.0010479976190254092
1885,1745727735.3006806,0.0006593658472411335
1886,1745727768.1412158,0.0010613270569592714
1887,1745727783.7418816,0.0009796094382181764
1888,1745727810.4918659,0.0010511997388675809
1889,1745727837.423295,0.0006708529544994235
1890,1745727862.4691732,0.0011462225811555982
1891,1745727888.3251987,0.0005800159415230155
1892,1745727919.2405322,0.000717103248462081
1893,1745727948.5745971,0.003661536145955324
1894,1745727980.4119344,0.0014548624167218804
1895,1745728015.751033,0.0007762228487990797
1896,1745728039.3372905,0.002211478305980563
1897,1745728065.5226023,0.000861213484313339
1898,1745728082.6194208,0.0007795993587933481
1899,1745728116.661286,0.0011244904017075896
1900,1745728123.4243448,0.0010712792864069343
1901,1745728150.187753,0.0033725518733263016
1902,1745728163.6089303,0.0005272727576084435
1903,1745728191.5942774,0.02986358106136322
1904,1745728219.7206495,0.0005886266590096056
1905,1745728249.6423454,0.002046069363132119
1906,1745728275.5310156,0.00511083984747529
1907,1745728301.6674402,0.0007696955581195652
1908,1745728329.4235032,0.0004620366671588272
1909,1745728357.0807378,0.0011651506647467613
1910,1745728381.264554,0.0022835377603769302
1911,1745728405.6341577,0.008923877030611038
1912,1745728434.3276236,0.0009246202534995973
1913,1745728461.046202,0.0019677928648889065
1914,1745728484.9312088,0.002487919991835952
1915,1745728506.5023847,0.0009627366089262068
1916,1745728531.792599,0.0015701208030804992
1917,1745728560.6343727,0.0020377016626298428
1918,1745728590.6271343,0.0021584806963801384
1919,1745728605.909806,0.0019394042901694775
1920,1745728632.2950177,0.0008867731085047126
1921,1745728665.5492804,0.0015234841266646981
1922,1745728687.0523674,0.005493075121194124
1923,1745728715.6666393,0.002436688868328929
1924,1745728734.2105715,0.0012848475016653538
1925,1745728758.414308,0.0026649432256817818
1926,1745728783.57949,0.0008864759583957493
1927,1745728816.9890466,0.0008358081104233861
1928,1745728842.61039,0.0013304464519023895
1929,1745728861.0607934,0.0008722785278223455
1930,1745728886.0330467,0.0046860650181770325
1931,1745728915.4384317,0.013557352125644684
1932,1745728946.9413383,0.004840032197535038
1933,1745728962.1065245,0.005110559053719044
1934,1745728995.4970112,0.0006860391586087644
1935,1745729018.4353213,0.0015252885641530156
1936,1745729042.4642787,0.00469338009133935
1937,1745729074.0642295,0.0014910061145201325
1938,1745729100.7869847,0.0020330436527729034
1939,1745729130.7992957,0.005353735294193029
1940,1745729156.045252,0.00043030118104070425
1941,1745729184.4537234,0.0007534248870797455
1942,1745729211.151308,0.0013194765197113156
1943,1745729237.496703,0.0004029729461763054
1944,1745729251.375794,0.00034462710027582943
1945,1745729468.9400349,0.000993214314803481
1946,1745729494.793211,0.0006401173304766417
1947,1745729523.900777,0.0007167666917666793
1948,1745729546.4304397,0.00026060163509100676
1949,1745729574.3622591,0.0009748767479322851
1950,1745729601.1170127,0.0005757276667281985
1951,1745729626.6637821,0.0006151336710900068
1952,1745729652.7329504,0.0006540196482092142
1953,1745729681.511467,0.001555038383230567
1954,1745729706.0608683,0.00046712617040611804
1955,1745729728.1322155,0.000729816616512835
1956,1745729755.3394523,0.0014358311891555786
1957,1745729781.4683151,0.002161057200282812
1958,1745729794.2759492,0.0007014813018031418
1959,1745729826.1919894,0.0007552903844043612
1960,1745729852.251836,0.0006819443660788238
1961,1745729862.3895578,0.0004294114769436419
1962,1745729895.473622,0.0008601662702858448
1963,1745729907.0683928,0.0009471197263337672
1964,1745729933.5762422,0.0012211269931867719
1965,1745729957.1261797,0.0011826102854683995
1966,1745729983.8187315,0.0005036647780798376
1967,1745730011.0871923,0.0004141524841543287
1968,1745730040.8526523,0.0006658081547357142
1969,1745730068.8667254,0.003923188429325819
1970,1745730095.4070358,0.0008293032879009843
1971,1745730122.9483073,0.0009028176427818835
1972,1745730141.0346994,0.0005882005207240582
1973,1745730169.2784412,0.0012196270981803536
1974,1745730201.640283,0.02563447877764702
1975,1745730227.8029535,0.0028893635608255863
1976,1745730253.9477568,0.0011496514780446887
1977,1745730283.7136433,0.0011243050685152411
1978,1745730311.9442782,0.0005266470252536237
1979,1745730339.6493778,0.0008329146658070385
1980,1745730365.8604426,0.0018453721422702074
1981,1745730379.6125615,0.008302067406475544
1982,1745730399.4320984,0.0018075092229992151
1983,1745730418.7672727,0.00040512013947591186
1984,1745730449.648634,0.0007038103649392724
1985,1745730477.6748962,0.0007159908418543637
1986,1745730511.061729,0.0007116964552551508
1987,1745730537.4630125,0.0009101222385652363
1988,1745730559.2126312,0.0085578802973032
1989,1745730580.5828912,0.0015810999320819974
1990,1745730610.6194274,0.0018968414515256882
1991,1745730635.9502308,0.0012737347278743982
1992,1745730653.3521087,0.0025017315056174994
1993,1745730677.2433448,0.00230349600315094
1994,1745730716.5584617,0.000421174248913303
1995,1745730744.7751923,0.0003656946064438671
1996,1745730768.620436,0.0018035850953310728
1997,1745730790.5293307,0.0026794406585395336
1998,1745730813.865734,0.001730697462335229
1999,1745730855.3756678,0.002909234492108226
2000,1745730881.4512558,0.0011895078932866454
2001,1745730914.380502,0.0006740301614627242
2002,1745730941.4949093,0.0006943176267668605
2003,1745730966.9316995,0.0005051936605013907
2004,1745730994.8687112,0.0008897849475033581
2005,1745731020.5455282,0.0009130488033406436
2006,1745731043.7412915,0.01705782674252987
2007,1745731067.8368149,0.0006142030470073223
2008,1745731087.7088685,0.002960379235446453
2009,1745731114.438498,0.0006576796877197921
2010,1745731137.3056602,0.001818808843381703
2011,1745731163.320589,0.0012386176967993379
2012,1745731195.9079075,0.025289680808782578
2013,1745731226.2993474,0.0010314778191968799
2014,1745731256.160412,0.0005208266666159034
2015,1745731282.7102199,0.0011933236382901669
2016,1745731308.992313,0.0027235441375523806
2017,1745731329.3070161,0.001284159952774644
2018,1745731355.6431253,0.0006874089012853801
2019,1745731383.6807857,0.01625991053879261
2020,1745731416.6457918,0.006609545089304447
2021,1745731444.3510034,0.00420740619301796
2022,1745731468.5022938,0.0049139149487018585
2023,1745731496.223877,0.0008008030126802623
2024,1745731528.6366723,0.0003462986496742815
2025,1745731541.706232,0.00026375133893452585
2026,1745731750.5746927,0.0006040169973857701
2027,1745731784.9630704,0.0005144583992660046
2028,1745731803.6849248,0.0005676338914781809
2029,1745731832.8746724,0.0006807671743445098
2030,1745731856.725966,0.000863362685777247
2031,1745731875.8800917,0.011629197746515274
2032,1745731901.0837388,0.0008467345032840967
2033,1745731930.3220453,0.0006599962362088263
2034,1745731961.9588478,0.02867930941283703
2035,1745731981.3998199,0.0008007404394447803
2036,1745732003.8307424,0.00023699822486378253
2037,1745732037.7323642,0.0010776265989989042
2038,1745732066.5449805,0.0006791436462663114
2039,1745732094.5021544,0.0007301346631720662
2040,1745732116.9022748,0.0010397315490990877
2041,1745732146.4329607,0.000704993202816695
2042,1745732172.9671807,0.0012258770875632763
2043,1745732204.310786,0.0026621241122484207
2044,1745732228.0411236,0.0006268643774092197
2045,1745732248.173588,0.0005785129033029079
2046,1745732281.730057,0.00045365418191067874
2047,1745732307.7820604,0.001084101852029562
2048,1745732330.5895152,0.0006840567803010345
2049,1745732355.940234,0.001159404986537993
2050,1745732372.7037268,0.010002955794334412
2051,1745732401.1632204,0.0006360209663398564
2052,1745732437.0971358,0.0005459550302475691
2053,1745732471.5823703,0.0009294740157201886
2054,1745732490.555802,0.0011455878848209977
2055,1745732511.428588,0.003708125092089176
2056,1745732546.941587,0.0009779813699424267
2057,1745732583.5007496,0.0011842402163892984
2058,1745732592.194303,0.0009848730405792594
2059,1745732621.8359706,0.0008652682299725711
2060,1745732647.4205885,0.00100984878372401
2061,1745732673.924945,0.0020527851302176714
2062,1745732698.6604545,0.001200128928758204
2063,1745732724.625071,0.001213299110531807
2064,1745732752.9139283,0.0005087899626232684
2065,1745732779.8469596,0.0006017800187692046
2066,1745732792.2954621,0.004449961706995964
2067,1745732818.605071,0.021742036566138268
2068,1745732847.2493548,0.00037087019882164896
2069,1745732873.2242749,0.0009200373315252364
2070,1745732894.4445415,0.0006243623793125153
2071,1745732911.8850298,0.001962068723514676
2072,1745732944.7405343,0.0018829929176717997
2073,1745732985.3074362,0.0016113671008497477
2074,1745733001.942343,0.000745764235034585
2075,1745733027.5112815,0.0019780476577579975
2076,1745733061.150057,0.0005692226113751531
2077,1745733092.7862916,0.026998022571206093
2078,1745733104.9456675,0.0006733984919264913
2079,1745733136.2579074,0.0017535670194774866
2080,1745733169.616443,0.0059832013212144375
2081,1745733194.7787857,0.0017115843947976828
2082,1745733211.3615716,0.0007354909903369844
2083,1745733246.704321,0.0010638817911967635
2084,1745733276.940863,0.0024552990216761827
2085,1745733304.3484933,0.00047973511391319335
2086,1745733339.088634,0.001772237243130803
2087,1745733362.2645261,0.0003207441477570683
2088,1745733389.2517512,0.0014299274189397693
2089,1745733418.8365853,0.006370632443577051
2090,1745733445.9890213,0.002698390744626522
2091,1745733470.5303879,0.0017212254460901022
2092,1745733498.1790614,0.000473160354886204
2093,1745733522.2414477,0.0006684642285108566
2094,1745733548.8275108,0.0002726671227719635
2095,1745733576.4781182,0.0005414359038695693
2096,1745733602.8800504,0.0002867775037884712
2097,1745733630.642321,0.000299841514788568
2098,1745733655.9364607,0.0002723817597143352
2099,1745733683.173964,0.0005553877563215792
2100,1745733709.6690419,0.00035279683652333915
2101,1745733736.3368485,0.0014395378530025482
2102,1745733765.040756,0.0029077669605612755
2103,1745733793.4886043,0.0006136074080131948
2104,1745733821.9914749,0.00015860222629271448
2105,1745733845.5817854,0.0005952471983619034
2106,1745733859.9032242,0.0003752350457943976
2107,1745734082.222176,0.00018503588216844946
2108,1745734118.544149,0.001133525394834578
2109,1745734144.2350655,0.0006239396170713007
2110,1745734164.5845144,0.00042258252506144345
2111,1745734190.0733242,0.00041872644214890897
2112,1745734215.9748604,0.0004141190438531339
2113,1745734241.8243527,0.0001474320888519287
2114,1745734268.522666,0.0005857831565663218
2115,1745734297.5111985,0.0005694956053048372
2116,1745734312.9367485,0.0004297655541449785
2117,1745734342.9646842,0.0056833443231880665
2118,1745734372.545708,0.0003246513369958848
2119,1745734387.1649926,0.00018987710063811392
2120,1745734414.0120814,0.00036616562283597887
2121,1745734440.0502636,0.0006889681098982692
2122,1745734470.1332917,0.0003727842413354665
2123,1745734507.769874,0.0004385861975606531
2124,1745734521.4289656,0.0003871124645229429
2125,1745734555.670019,0.00030840319232083857
2126,1745734580.2949283,0.0008479123935103416
2127,1745734601.7769098,0.016893306747078896
2128,1745734627.2629473,0.00025703117717057467
2129,1745734655.2037365,0.00024802875122986734
2130,1745734678.0587842,0.00047559579252265394
2131,1745734703.0463448,0.002241771202534437
2132,1745734726.085428,0.000823034206405282
2133,1745734751.5257602,0.00033755318145267665
2134,1745734777.9297955,0.0006002084701322019
2135,1745734803.688595,0.0005604166071861982
2136,1745734822.5174248,0.0006887436029501259
2137,1745734849.9490178,0.0003669184516184032
2138,1745734878.8859365,0.00043271761387586594
2139,1745734904.2866333,0.015636727213859558
2140,1745734934.0602877,0.0006813990767113864
2141,1745734971.5195475,0.0005514140939339995
2142,1745735000.8128967,0.0011913925409317017
2143,1745735028.6568677,0.0015774884959682822
2144,1745735052.9813166,0.0020392839796841145
2145,1745735082.599867,0.0006853673257865012
2146,1745735106.3306775,0.004384846892207861
2147,1745735131.753113,0.001844595419242978
2148,1745735154.5048132,0.0003534266143105924
2149,1745735184.512295,0.00042175778071396053
2150,1745735211.7652698,0.0005581736913882196
2151,1745735237.4833949,0.0010694594820961356
2152,1745735262.8262315,0.0024128693621605635
2153,1745735289.7863948,0.0022203794214874506
2154,1745735313.393844,0.0012655432801693678
2155,1745735338.0343919,0.0006588302203454077
2156,1745735362.7957675,0.0005545112653635442
2157,1745735394.732704,0.007867766544222832
2158,1745735413.8589199,0.002424128819257021
2159,1745735441.8008082,0.0004723240854218602
2160,1745735463.410395,0.00044830390834249556
2161,1745735490.890504,0.00464604003354907
2162,1745735516.8561773,0.000695367984008044
2163,1745735541.5842133,0.0014322438510134816
2164,1745735565.277063,0.000186050237971358
2165,1745735591.6583033,0.001165695721283555
2166,1745735620.4039097,0.00023290481476578861
2167,1745735646.2431393,0.00037161685759201646
2168,1745735671.8241293,0.0003129974065814167
2169,1745735694.8123486,0.0005627952050417662
2170,1745735717.486251,0.0006392254726961255
2171,1745735749.4024603,0.0003461894521024078
2172,1745735779.5219886,0.0006198307382874191
2173,1745735805.4043329,0.00038345626671798527
2174,1745735834.6795447,0.0003117920714430511
2175,1745735867.724878,0.00046982543426565826
2176,1745735897.3554873,0.0004166913859080523
2177,1745735907.5220027,0.0012904733885079622
2178,1745735942.6610234,0.0009230682044290006
2179,1745735959.1186225,0.0005614958936348557
2180,1745735983.7479868,0.0005726704839617014
2181,1745736008.4667299,6.952741387067363e-05
2182,1745736037.2214315,0.0004828615637961775
2183,1745736063.4803188,0.0004487728583626449
2184,1745736089.15866,0.0012733584735542536
2185,1745736124.6963613,0.015303808264434338
2186,1745736156.817862,0.0016620814567431808
2187,1745736167.259745,0.01250684168189764
2188,1745736398.1549191,0.0003409996861591935
2189,1745736427.550539,0.001056029344908893
2190,1745736453.4027038,0.002811267739161849
2191,1745736477.8589165,0.003070132341235876
2192,1745736499.2129474,0.004052416421473026
2193,1745736529.6607428,0.002059471094980836
2194,1745736557.8128607,0.001575274160131812
2195,1745736586.61293,0.009521789848804474
2196,1745736607.6293836,0.009771754965186119
2197,1745736632.9760365,0.007349167484790087
2198,1745736658.3305368,0.0036023249849677086
2199,1745736687.4717999,0.016043290495872498
2200,1745736718.6430178,0.029180647805333138
2201,1745736745.018062,0.0014619599096477032
2202,1745736773.3207617,0.022843005135655403
2203,1745736797.397574,0.00020710179524030536
2204,1745736821.1331673,0.002694926457479596
2205,1745736847.8587337,0.0009942365577444434
2206,1745736873.4039311,0.0023239515721797943
2207,1745736904.2736735,0.0011663850164040923
2208,1745736936.2297723,0.003591436892747879
2209,1745736958.8840423,0.016664443537592888
2210,1745736980.857558,0.0002274368453072384
2211,1745737015.1969929,0.00012701241939794272
2212,1745737042.1123133,0.0005989463534206152
2213,1745737057.254,0.0015008524060249329
2214,1745737090.9917858,0.0005858154618181288
2215,1745737122.1999166,0.0005879682139493525
2216,1745737146.01607,0.005736211780458689
2217,1745737172.8985023,0.0012051123194396496
2218,1745737198.719166,0.0012460476718842983
2219,1745737228.988555,0.0029604036826640368
2220,1745737251.6815941,0.0008359118364751339
2221,1745737277.2124338,0.01160207949578762
2222,1745737304.752983,0.0011866672430187464
2223,1745737337.2217104,0.0004434926377143711
2224,1745737353.6362672,0.002374472562223673
2225,1745737382.9265292,0.0006308189476840198
2226,1745737408.8201647,0.0006408250192180276
2227,1745737435.3881783,0.011004321277141571
2228,1745737461.0872977,0.0006382130086421967
2229,1745737487.112554,0.001141811953857541
2230,1745737517.3253572,0.0024492947850376368
2231,1745737547.003681,0.0008991285576485097
2232,1745737579.7859466,0.0018260643118992448
2233,1745737603.418786,0.0028913544956594706
2234,1745737623.4835806,0.001275580725632608
2235,1745737652.698397,0.000760990078561008
2236,1745737675.5905585,0.0007052381988614798
2237,1745737694.485577,0.0005539479898288846
2238,1745737717.7237704,0.0012728037545457482
2239,1745737741.7903411,0.0006272412138059735
2240,1745737765.5801632,0.001719734980724752
2241,1745737791.9273143,0.0003764667781069875
2242,1745737817.3036563,0.00044833359424956143
2243,1745737844.3413107,0.0003673726168926805
2244,1745737869.1362813,0.0004880164342466742
2245,1745737896.9518356,0.0003212379524484277
2246,1745737923.1060863,0.0005305669619701803
2247,1745737949.409844,0.00046372495125979185
2248,1745737973.076115,0.00433130981400609
2249,1745737997.3808486,0.0003847899497486651
2250,1745738018.340287,0.006166390608996153
2251,1745738036.2483447,0.000355272029992193
2252,1745738059.4482174,0.001022042823024094
2253,1745738098.2811716,0.001022551441565156
2254,1745738125.7154477,0.00025208332226611674
2255,1745738140.29049,0.00052216014591977
2256,1745738167.2239075,0.0003934378328267485
2257,1745738195.1594203,0.0003862330340780318
2258,1745738219.924723,0.0003392516227904707
2259,1745738248.1605017,0.0005267675733193755
2260,1745738276.3354187,0.00020477989164646715
2261,1745738300.9562216,0.00035375068546272814
2262,1745738325.9436347,0.08084418624639511
2263,1745738349.5691733,0.0009400539565831423
2264,1745738377.2671957,0.011528842151165009
2265,1745738404.670838,0.0037289324682205915
2266,1745738433.7815976,0.01158091053366661
2267,1745738463.441312,0.0005651971441693604
2268,1745738477.9784424,0.0002141098229913041
2269,1745738731.8017118,0.0011237981962040067
2270,1745738758.8044543,0.0015309036243706942
2271,1745738788.8638704,0.0003397565451450646
2272,1745738822.2162595,0.0005999179556965828
2273,1745738840.6944675,0.00019113316375296563
2274,1745738861.2702837,0.0006099426536820829
2275,1745738887.1017842,0.007961626164615154
2276,1745738913.5134656,0.0007841030019335449
2277,1745738947.1891358,0.0007330984226427972
2278,1745738971.8144207,0.0005613493849523365
2279,1745739004.867725,0.0003320712421555072
2280,1745739024.8282118,0.000531713361851871
2281,1745739054.6660025,0.0006631966098211706
2282,1745739077.5008345,0.00035235760151408613
2283,1745739100.2508347,0.015400758944451809
2284,1745739121.8331091,0.0007447844254784286
2285,1745739150.3120089,0.0006276846979744732
2286,1745739176.252483,0.0011407861020416021
2287,1745739206.1765265,0.0006254742038436234
2288,1745739221.3000755,0.003464851528406143
2289,1745739252.207716,0.0006087848450988531
2290,1745739270.1276577,0.0007545719272457063
2291,1745739294.8512177,0.00029351585544645786
2292,1745739325.62891,0.0017134323716163635
2293,1745739357.2187517,0.0002590934163890779
2294,1745739374.680887,0.00042645339271984994
2295,1745739403.3652654,0.0007032831199467182
2296,1745739418.854384,0.00042507590842433274
2297,1745739450.0613606,0.01674705743789673
2298,1745739479.9815881,0.00035073733306489885
2299,1745739510.3843021,0.0006333176861517131
2300,1745739534.1092415,0.0007826843066141009
2301,1745739560.1259906,0.000333439907990396
2302,1745739585.2654526,0.0007833443232811987
2303,1745739613.9583874,0.0025604048278182745
2304,1745739643.1692822,0.0005883612320758402
2305,1745739672.2939694,0.0004828328965231776
2306,1745739692.1629498,0.0003252966271247715
2307,1745739717.8765686,0.004791570361703634
2308,1745739745.6471713,0.0004045357636641711
2309,1745739773.8916838,0.0005559857236221433
2310,1745739808.7527707,0.0008329976117238402
2311,1745739823.6505704,0.0006622277433052659
2312,1745739850.7435367,0.00023948514717631042
2313,1745739875.4619217,0.000389732449548319
2314,1745739904.049993,0.009098597802221775
2315,1745739935.2298834,0.001111253397539258
2316,1745739964.1279314,0.0008943661232478917
2317,1745739993.898824,0.0009732517064549029
2318,1745740029.3418958,0.0007130643352866173
2319,1745740038.6165762,0.0005052306805737317
2320,1745740067.976717,0.0008331888820976019
2321,1745740098.798744,0.008918904699385166
2322,1745740127.5697029,0.0010242012795060873
2323,1745740156.3533697,0.0036198801826685667
2324,1745740178.2488883,0.0008380595245398581
2325,1745740205.2769527,0.001748093287460506
2326,1745740228.9335804,0.0003684872353915125
2327,1745740261.752438,0.0006490619853138924
2328,1745740289.4796455,0.0013105603866279125
2329,1745740312.9660861,0.00039065477903932333
2330,1745740338.6996596,0.0067057120613753796
2331,1745740363.5116332,0.002763019874691963
2332,1745740393.41122,0.002315261634066701
2333,1745740426.708208,0.0013760554138571024
2334,1745740460.5877426,0.0019222026458010077
2335,1745740485.5998254,0.00034255257924087346
2336,1745740505.8057141,0.0007262956933118403
2337,1745740527.0558872,0.0005588025669567287
2338,1745740556.7547405,0.0007584724226035178
2339,1745740572.2004921,0.0009938599541783333
2340,1745740603.856571,0.0015321014216169715
2341,1745740634.071102,0.0015756036154925823
2342,1745740663.657212,0.00047435250598937273
2343,1745740697.4141026,0.0017717969603836536
2344,1745740730.4972365,0.023116454482078552
2345,1745740758.8464305,0.001519780489616096
2346,1745740785.7564144,0.0011685376521199942
2347,1745740815.142709,0.0002681450278032571
2348,1745740835.8020303,0.0014048488810658455
2349,1745740851.0086257,0.0008330703130923212
2350,1745741096.0922465,0.0008635419071651995
2351,1745741122.2707624,0.0017020952655002475
2352,1745741146.2420979,0.00038147548912093043
2353,1745741176.9931462,0.000724920304492116
2354,1745741200.0335283,0.0005319946794770658
2355,1745741216.3907158,0.00031442675390280783
2356,1745741243.8584201,0.00041867143590934575
2357,1745741275.9915228,0.0004522596427705139
2358,1745741297.9146776,0.0016491352580487728
2359,1745741321.838618,0.0003594587615225464
2360,1745741352.8042905,0.0004838960012421012
2361,1745741377.0391777,0.0006582429632544518
2362,1745741397.1922603,0.0005413547623902559
2363,1745741434.9235344,0.0005480684340000153
2364,1745741463.5924168,0.0005594227695837617
2365,1745741486.1546106,0.00020175855024717748
2366,1745741515.1151817,0.00022600931697525084
2367,1745741536.4096997,0.0003730255994014442
2368,1745741559.4276042,0.0003439119609538466
2369,1745741591.3893375,0.00551047595217824
2370,1745741618.1353843,0.00044045865070074797
2371,1745741645.36871,0.041576094925403595
2372,1745741666.6644044,0.0006137258023954928
2373,1745741696.0161297,0.0010302787413820624
2374,1745741719.6102197,0.0005386013654060662
2375,1745741746.2334468,0.0004890432464890182
2376,1745741776.1789606,0.002176390029489994
2377,1745741807.5378082,0.0006470054504461586
2378,1745741820.9853072,0.0005098918918520212
2379,1745741850.6580446,0.00048400057130493224
2380,1745741879.8748255,0.0004639335966203362
2381,1745741898.2616363,0.00020205641339998692
2382,1745741934.4563725,0.0005489792674779892
2383,1745741957.6673458,0.00032686759368516505
2384,1745741979.939857,0.0010849983664229512
2385,1745742009.3570023,0.0006722636753693223
2386,1745742038.3164554,0.00043366567115299404
2387,1745742063.5413,0.01068002451211214
2388,1745742086.276718,0.0013097779592499137
2389,1745742108.0394015,0.00045407359721139073
2390,1745742136.5389292,0.0003575044102035463
2391,1745742162.8196428,0.0009029122302308679
2392,1745742185.1485302,0.008356678299605846
2393,1745742212.345914,0.0006676574121229351
2394,1745742239.6795268,0.000761830888222903
2395,1745742270.153153,0.007584197446703911
2396,1745742292.9787989,0.000704955542460084
2397,1745742309.7519503,0.011798804625868797
2398,1745742355.9658644,0.0003931729879695922
2399,1745742379.7391527,0.0002826685959007591
2400,1745742397.3063917,0.00042450884939171374
2401,1745742422.5322409,0.002295629121363163
2402,1745742446.454748,0.00806629378348589
2403,1745742472.4948337,0.0013399190502241254
2404,1745742513.5746355,0.0014291199622675776
2405,1745742540.3093286,0.0014437723439186811
2406,1745742554.1420214,0.0015367002924904227
2407,1745742579.2632983,0.00047157390508800745
2408,1745742606.8980448,0.00030755161424167454
2409,1745742632.2834072,0.0025523300282657146
2410,1745742659.6317258,0.00044833894935436547
2411,1745742685.312811,0.0009011631482280791
2412,1745742712.8549483,0.001478421501815319
2413,1745742744.7286878,0.00021240657952148467
2414,1745742771.9110458,0.0007283585146069527
2415,1745742797.8805037,0.000326553825289011
2416,1745742823.8332574,0.00037253566551953554
2417,1745742848.672337,0.0020787492394447327
2418,1745742871.780113,0.0015884023159742355
2419,1745742897.0010724,0.0014660046435892582
2420,1745742918.976261,0.00037149773561395705
2421,1745742946.5161347,0.00025883689522743225
2422,1745742982.4697165,0.0006143341888673604
2423,1745743011.312507,0.00048554138629697263
2424,1745743035.7324545,0.001021662843413651
2425,1745743059.8742077,0.0011614109389483929
2426,1745743087.4852812,0.000497046101372689
2427,1745743118.5131683,0.0006381087587215006
2428,1745743148.0139,0.0007105589611455798
2429,1745743178.9678524,0.0008005804847925901
2430,1745743194.8010805,0.0005823642131872475
2431,1745743418.3919847,0.00011699762399075553
2432,1745743445.0165565,0.00022929164697416127
2433,1745743470.4298177,0.000315160199534148
2434,1745743499.229338,0.0004688255430664867
2435,1745743522.731699,0.00021040636056568474
2436,1745743550.7933342,0.007821623235940933
2437,1745743581.0053835,0.00045821908861398697
2438,1745743607.1760101,0.004678236786276102
2439,1745743632.803229,0.005757278297096491
2440,1745743652.1025422,0.0004982728278264403
2441,1745743681.6878233,0.0006694439216516912
2442,1745743707.8433838,0.0003873364476021379
2443,1745743732.62254,0.0014423278626054525
2444,1745743759.74825,0.00040957299643196166
2445,1745743784.1366792,0.00022507249377667904
2446,1745743812.6905751,0.0005233375122770667
2447,1745743829.1811745,0.00040005342452786863
2448,1745743854.8369024,0.00037542873178608716
2449,1745743873.3565958,0.00018236637697555125
2450,1745743900.745406,0.00013306419714353979
2451,1745743929.2558498,0.0002507358440198004
2452,1745743961.2579553,0.00013897218741476536
2453,1745743999.2846751,0.0004816597793251276
2454,1745744027.5397804,0.0002489180478733033
2455,1745744038.7084491,0.0005185920745134354
2456,1745744076.957841,0.000346710643498227
2457,1745744090.7021646,0.00021784307318739593
2458,1745744117.1354153,0.0001539195072837174
2459,1745744143.0282753,0.0009631224093027413
2460,1745744166.636746,0.0001866436068667099
2461,1745744195.7972383,0.0005207820795476437
2462,1745744228.274402,0.00018459523562341928
2463,1745744254.223205,0.00019085773965343833
2464,1745744280.2234037,0.0003343370626680553
2465,1745744305.6692522,0.00014701926556881517
2466,1745744324.410759,0.00027699823840521276
2467,1745744350.7284706,0.005873424932360649
2468,1745744376.0242376,0.0003613635490182787
2469,1745744403.7114592,0.00024105435295496136
2470,1745744433.4213536,0.000509869132656604
2471,1745744454.1656108,0.017868664115667343
2472,1745744478.792158,0.0010421955958008766
2473,1745744504.0069788,0.0002552381483837962
2474,1745744537.036347,0.0002169904619222507
2475,1745744571.5212288,0.0009237625054083765
2476,1745744610.9480846,0.00042065931484103203
2477,1745744626.784973,0.00035697052953764796
2478,1745744655.5418293,0.0016746651381254196
2479,1745744683.499143,0.0020047277212142944
2480,1745744708.2624102,0.0009619618067517877
2481,1745744735.8557458,0.000630238326266408
2482,1745744752.539997,0.0003655943146441132
2483,1745744778.114431,0.00018075169646181166
2484,1745744801.889712,9.068730287253857e-05
2485,1745744832.5278265,0.00017550332995597273
2486,1745744860.48523,0.00030602928018197417
2487,1745744880.803251,0.0019723549485206604
2488,1745744910.8411925,0.00023568468168377876
2489,1745744939.07477,0.00025083572836592793
2490,1745744964.7217987,0.00011089820327470079
2491,1745745001.5752714,0.00014455908967647702
2492,1745745028.2051213,0.0002245664654765278
2493,1745745053.90578,0.0006376038654707372
2494,1745745085.1640518,0.000844129710458219
2495,1745745107.7377,0.004423920065164566
2496,1745745133.0439775,0.0004985824925825
2497,1745745158.971266,0.00016795803094282746
2498,1745745188.4603198,0.00046927068615332246
2499,1745745209.8384573,0.00040796963730826974
2500,1745745235.441699,0.03112267702817917
2501,1745745257.731254,0.00012015485117444769
2502,1745745277.4985085,0.0003607354883570224
2503,1745745302.7976165,0.0004959645448252559
2504,1745745324.9467144,0.0006152862915769219
2505,1745745355.6045234,0.0006235647015273571
2506,1745745379.290692,0.0003295601054560393
2507,1745745408.1215737,0.00014437649224419147
2508,1745745433.348861,0.00029616535175591707
2509,1745745464.4649332,0.00037923757918179035
2510,1745745495.9261668,0.0007508450071327388
2511,1745745512.0063798,0.0003642342344392091
2512,1745745729.281292,0.0002034359349636361
2513,1745745757.484656,0.00021568920055869967
2514,1745745786.7324347,0.00018504448235034943
2515,1745745806.3211608,0.00012572364357765764
2516,1745745830.0217872,0.00029147477471269667
2517,1745745861.7828798,0.000141172218718566
2518,1745745889.4393055,0.00020561162091325969
2519,1745745921.0995865,0.0004100119404029101
2520,1745745945.205451,8.52674274938181e-05
2521,1745745966.2104244,3.472498428891413e-05
2522,1745745994.2268782,0.00044302112655714154
2523,1745746020.818515,0.00012274716573301703
2524,1745746049.541146,0.0001502516824984923
2525,1745746076.093002,9.625560778658837e-05
2526,1745746107.2647185,0.003981670830398798
2527,1745746142.2574358,0.00031097937608137727
2528,1745746154.1020882,0.00020739891624543816
2529,1745746188.0184689,0.00021462618315126747
2530,1745746214.1832254,0.000265242881141603
2531,1745746241.0851085,0.0002982317819260061
2532,1745746263.1150842,3.549422399373725e-05
2533,1745746299.7190669,0.00020301240147091448
2534,1745746334.02966,0.0003032598178833723
2535,1745746359.8215132,0.0002600590232759714
2536,1745746381.4873788,0.00021717343770433217
2537,1745746408.2881916,6.756748916814104e-05
2538,1745746430.6232572,0.00011285170330666006
2539,1745746454.8810847,0.00020626267360057682
2540,1745746483.2435157,0.000357155135134235
2541,1745746510.186796,0.00012073352991137654
2542,1745746537.450053,7.136045314837247e-05
2543,1745746563.6403968,0.0002042743726633489
2544,1745746596.9425287,0.00021132615802343935
2545,1745746630.3456733,0.00020623856107704341
2546,1745746651.5660164,0.00014125590678304434
2547,1745746673.6709757,0.00016562775999773294
2548,1745746702.6812103,6.0136087995488197e-05
2549,1745746736.5638144,0.00017676220159046352
2550,1745746747.7320788,0.0001909794518724084
2551,1745746776.0378716,0.00010561967792455107
2552,1745746805.1879072,0.00019347158377058804
2553,1745746833.8633735,6.390846101567149e-05
2554,1745746855.4878557,0.00029372202698141336
2555,1745746878.5060155,0.00013120386574883014
2556,1745746908.8120282,0.0002808963763527572
2557,1745746930.9978178,5.088693433208391e-05
2558,1745746957.939274,0.00012790852633770555
2559,1745746981.1816459,0.00027820729883387685
2560,1745746996.7510545,0.008511053398251534
2561,1745747024.349358,0.00010280364222126082
2562,1745747062.6146572,0.00023516060900874436
2563,1745747091.5970516,0.00019382253231015056
2564,1745747122.7404904,0.00045608426444232464
2565,1745747139.2045906,0.0004113758623134345
2566,1745747172.6086686,0.00011959425319219008
2567,1745747196.52823,0.00023656485427636653
2568,1745747220.8571267,0.0001625834993319586
2569,1745747250.7150161,0.0001546016283100471
2570,1745747280.117374,0.0003149784461129457
2571,1745747307.9149053,0.00015989062376320362
2572,1745747333.7462015,0.0207003615796566
2573,1745747368.436318,0.00010663948341971263
2574,1745747389.7739236,0.00042551150545477867
2575,1745747412.0795505,0.00011114050721516833
2576,1745747437.7590714,0.0010067344410344958
2577,1745747466.0368526,0.0002260279725305736
2578,1745747496.2851605,0.00010315833787899464
2579,1745747507.441145,0.0003341274568811059
2580,1745747533.5612376,5.999682252877392e-05
2581,1745747563.1494994,0.0001613711501704529
2582,1745747592.360341,0.00037298956885933876
2583,1745747608.1556225,0.0002749783161561936
2584,1745747640.1223798,0.00011331542191328481
2585,1745747678.6665502,0.001965455012395978
2586,1745747707.6195178,4.787426587427035e-05
2587,1745747740.1393795,0.004944449290633202
2588,1745747768.8113737,0.005304401274770498
2589,1745747797.7562401,0.00014605838805437088
2590,1745747828.7058449,0.00037045974750071764
2591,1745747858.5977063,0.006405793130397797
2592,1745747872.1612098,0.00025136934709735215
2593,1745748120.5687947,0.0004507504345383495
2594,1745748142.9997497,0.008402389474213123
2595,1745748167.1578662,0.0010337887797504663
2596,1745748189.59002,0.0004385056090541184
2597,1745748211.5020504,0.00017283696797676384
2598,1745748237.7512167,0.00010109719733009115
2599,1745748256.6000373,0.0004281367000658065
2600,1745748284.3242633,0.0017617096891626716
2601,1745748313.1723115,0.0007769459625706077
2602,1745748324.724643,0.007258180063217878
2603,1745748352.4717305,0.00037946374504826963
2604,1745748378.4930093,8.199127478292212e-05
2605,1745748409.8667045,0.0001444218069082126
2606,1745748433.4254668,0.00032261654268950224
2607,1745748464.4844375,0.0010158887598663568
2608,1745748493.1738539,0.0014272719854488969
2609,1745748526.817645,0.0007763172616250813
2610,1745748546.8691452,0.0022307587787508965
2611,1745748568.5417466,0.001207485212944448
2612,1745748601.5847967,0.005642869044095278
2613,1745748626.7194593,0.00040352740325033665
2614,1745748652.769282,0.00027389146271161735
2615,1745748675.8972225,0.00010600026871543378
2616,1745748698.4073923,0.00020038953516632318
2617,1745748723.9521234,0.00015227608673740178
2618,1745748749.8845937,0.00023543863790109754
2619,1745748769.5488663,0.0003883869794663042
2620,1745748799.2386713,0.00023984603467397392
2621,1745748811.7216818,0.000769170350395143
2622,1745748843.4417949,0.0006656837067566812
2623,1745748875.649056,0.0008558138506487012
2624,1745748901.1435575,0.0003325964498799294
2625,1745748923.9387329,0.0004493007727432996
2626,1745748952.3466663,0.0004368589725345373
2627,1745748972.0206904,0.00036905374145135283
2628,1745748995.2806935,0.0002722976787481457
2629,1745749026.9649346,0.00023270449310075492
2630,1745749060.0853126,0.00037466143839992583
2631,1745749088.2245836,0.00012423517182469368
2632,1745749113.2149973,0.008591284975409508
2633,1745749137.784421,0.0002731510903686285
2634,1745749162.5542827,0.00039654632564634085
2635,1745749183.6815856,0.0002674746501725167
2636,1745749217.0684626,0.0008104782900772989
2637,1745749237.3009768,0.0004273229278624058
2638,1745749264.1783528,0.0002916715166065842
2639,1745749280.50351,0.0017748463433235884
2640,1745749306.8711634,6.0278318414930254e-05
2641,1745749335.0926266,0.0005774354212917387
2642,1745749371.5477395,8.576817344874144e-05
2643,1745749398.540018,0.00016030525148380548
2644,1745749425.3608162,0.00013794127153232694
2645,1745749449.287092,0.0003396004030946642
2646,1745749473.8003194,0.00011889879533555359
2647,1745749501.4103763,0.0005872008041478693
2648,1745749523.0799634,0.0004149074957240373
2649,1745749549.5862045,0.0007233329233713448
2650,1745749575.187767,0.0007174256024882197
2651,1745749598.6843581,0.011315172538161278
2652,1745749635.1959777,0.0018544087652117014
2653,1745749668.296993,0.0013112516608089209
2654,1745749695.5090628,0.001470033428631723
2655,1745749716.1266108,0.00037557969335466623
2656,1745749739.7945886,0.0002181875315727666
2657,1745749773.1114745,0.005399688147008419
2658,1745749812.668711,9.72825291682966e-05
2659,1745749839.9372742,0.00011231074313400313
2660,1745749864.6534889,0.00012235388567205518
2661,1745749891.6666071,0.00015692776651121676
2662,1745749919.8456883,0.0007731787045486271
2663,1745749936.3257577,0.00039910717168822885
2664,1745749966.1205454,0.000594849290791899
2665,1745749993.1114917,0.0002579338906798512
2666,1745750019.9355662,0.00018781019025482237
2667,1745750047.4905043,0.0009056813432835042
2668,1745750075.3585007,0.000313176162308082
2669,1745750096.6448207,0.00016672580386511981
2670,1745750120.9016368,0.0023700387682765722
2671,1745750151.2166638,0.00015271443407982588
2672,1745750183.0853705,7.809486123733222e-05
2673,1745750199.0322995,0.0005752953584305942
2674,1745750438.4776988,0.00010896268213400617
2675,1745750471.3326027,0.00011170304787810892
2676,1745750482.071432,0.000242761816480197
2677,1745750509.4013803,0.003005297388881445
2678,1745750542.0980375,0.0001037169640767388
2679,1745750549.7720263,0.0002198932779720053
2680,1745750581.4924712,0.00014895934145897627
2681,1745750605.99698,0.00023900486121419817
2682,1745750631.63097,0.00520660076290369
2683,1745750658.5164046,0.0001349481608485803
2684,1745750690.2539344,0.00021162687335163355
2685,1745750705.5457735,0.00010911092249443755
2686,1745750733.4187436,0.000687704305164516
2687,1745750764.926986,0.00030245291418395936
2688,1745750789.0248773,0.00013353241956792772
2689,1745750814.2814696,0.00010675774683477357
2690,1745750845.657638,0.0002476024383213371
2691,1745750872.018794,0.002270198194310069
2692,1745750896.3520412,7.271196227520704e-05
2693,1745750923.6140652,0.0001547489082440734
2694,1745750954.4380012,0.00013756428961642087
2695,1745750966.7881613,8.913765486795455e-05
2696,1745750999.3000963,6.955106073291972e-05
2697,1745751019.018891,0.0006101044709794223
2698,1745751041.8145304,0.00017872254829853773
2699,1745751071.783854,0.00011155301763210446
2700,1745751098.2185662,9.226630936609581e-05
2701,1745751129.8428867,0.00017932034097611904
2702,1745751155.1391983,8.256639557657763e-05
2703,1745751170.6783755,0.0002788858546409756
2704,1745751196.288648,0.005236493889242411
2705,1745751220.828101,0.00016135249461513013
2706,1745751242.923359,0.0005708559765480459
2707,1745751267.5968652,0.00020179427519906312
2708,1745751290.2914484,5.48367461306043e-05
2709,1745751311.0383377,0.0001582543336553499
2710,1745751332.3569236,0.00017100601689890027
2711,1745751360.9010384,0.0004783863842021674
2712,1745751386.6906376,8.278094173874706e-05
2713,1745751417.1112423,0.0003072757681366056
2714,1745751444.378495,0.00013480523193720728
2715,1745751474.618298,0.00021995004499331117
2716,1745751515.4733891,0.0001977081992663443
2717,1745751525.4495444,0.03214849531650543
2718,1745751550.1727989,0.00031275636865757406
2719,1745751576.1646974,0.0003362720017321408
2720,1745751604.4218464,0.002746664686128497
2721,1745751629.9641209,0.002898203441873193
2722,1745751654.0142756,0.0010985365370288491
2723,1745751677.3890922,0.00021520578593481332
2724,1745751702.6202333,0.0002537340042181313
2725,1745751737.9559386,0.0001269168424187228
2726,1745751764.5595422,0.006772817578166723
2727,1745751795.617502,0.0005216456484049559
2728,1745751822.2288947,0.0005329693085514009
2729,1745751845.1675677,0.00044869096018373966
2730,1745751867.769612,9.444134047953412e-05
2731,1745751896.1626835,0.0009200829663313925
2732,1745751931.0361543,0.0004947693669237196
2733,1745751960.0768306,0.00016357209824491292
2734,1745751985.0202246,0.000634719617664814
2735,1745752011.8424165,0.00646590068936348
2736,1745752030.561678,0.0001931967999553308
2737,1745752059.8176856,0.011087742634117603
2738,1745752087.928234,0.00017115795344579965
2739,1745752113.6576252,0.00011655868001980707
2740,1745752139.809441,0.0010820531751960516
2741,1745752165.7546432,5.862150646862574e-05
2742,1745752202.5464866,0.00025286327581852674
2743,1745752229.4091964,0.0002952242211904377
2744,1745752259.9974236,0.0002659127349033952
2745,1745752301.261503,0.00026130987680517137
2746,1745752337.1494625,0.0004563977709040046
2747,1745752366.3623881,0.0003334255889058113
2748,1745752398.3695827,0.0005993098602630198
2749,1745752426.8435316,0.00011936904047615826
2750,1745752453.038055,3.975523941335268e-05
2751,1745752488.865749,3.66355998266954e-05
2752,1745752516.5715497,0.000285077840089798
2753,1745752547.2373781,0.0007065604440867901
2754,1745752561.9206452,6.733537156833336e-05
2755,1745752795.841166,0.00016196044452954084
2756,1745752820.6874974,7.206456211861223e-05
2757,1745752847.2580407,0.0007716678665019572
2758,1745752876.825284,0.0005831542075611651
2759,1745752892.1604202,0.0002756015455815941
2760,1745752920.580672,4.6503948397003114e-05
2761,1745752960.5259724,0.0007628051680512726
2762,1745752972.6969364,0.0004278072447050363
2763,1745753001.6223388,0.0008877150248736143
2764,1745753036.8356702,5.607258572126739e-05
2765,1745753053.585513,0.00025510991690680385
2766,1745753070.1121504,0.0007719479617662728
2767,1745753100.2766912,0.00017634131654631346
2768,1745753134.8897052,0.07767236232757568
2769,1745753156.8981698,0.0003273909678682685
2770,1745753183.458624,9.297534415964037e-05
2771,1745753207.2462513,5.619360308628529e-05
2772,1745753235.3223183,0.00019054034783039242
2773,1745753259.3846743,0.000193074913113378
2774,1745753289.134662,0.00016948739357758313
2775,1745753319.7872016,0.00013426376972347498
2776,1745753338.7507908,7.79304318712093e-05
2777,1745753358.9500535,0.013349526561796665
2778,1745753394.4973202,0.00025810374063439667
2779,1745753434.2594395,0.00024006883904803544
2780,1745753446.0319612,0.00025769261992536485
2781,1745753474.9252234,0.0005891661276109517
2782,1745753496.8265975,0.003411015495657921
2783,1745753514.3621235,0.0007995140040293336
2784,1745753546.8269756,0.0010213209316134453
2785,1745753582.0809004,0.00010185591236222535
2786,1745753608.7263098,0.00018691670265980065
2787,1745753632.479981,0.0002753114385996014
2788,1745753657.4113715,0.001282567041926086
2789,1745753675.2817008,0.0017609928036108613
2790,1745753710.0302968,0.0004903980297967792
2791,1745753746.259425,0.0005949505721218884
2792,1745753761.4466774,0.0009779572719708085
2793,1745753794.0282474,0.0011260448954999447
2794,1745753809.104792,0.0009752872283570468
2795,1745753834.1191068,0.006343168206512928
2796,1745753862.1400683,0.0002189934311900288
2797,1745753890.4473286,0.0001226376771228388
2798,1745753925.6734786,9.567858069203794e-05
2799,1745753946.4048133,0.00020163081353530288
2800,1745753970.5115404,0.0002817520289681852
2801,1745754004.7252572,0.00015158583119045943
2802,1745754034.6367478,0.00019165225967299193
2803,1745754047.8426466,0.00012862162839155644
2804,1745754078.3168736,0.00034504939685575664
2805,1745754116.1353774,0.00021925766486674547
2806,1745754126.5936964,0.0008424664265476167
2807,1745754152.5318341,0.0002712447021622211
2808,1745754179.7504485,0.0001645545708015561
2809,1745754207.964787,0.0002131089277099818
2810,1745754217.3227818,0.0001211476992466487
2811,1745754251.7096713,0.0011227823561057448
2812,1745754279.2542822,0.0003483188629616052
2813,1745754307.4539545,0.00010889818804571405
2814,1745754340.6341524,7.220989937195554e-05
2815,1745754368.9314058,0.00042349600698798895
2816,1745754398.0055366,0.0001053200030582957
2817,1745754423.8490043,0.0002987395564559847
2818,1745754450.6132255,0.00037638991489075124
2819,1745754477.816165,8.321251516463235e-05
2820,1745754501.1715138,0.00022186066780705005
2821,1745754529.622335,0.0001843682985054329
2822,1745754552.31816,0.00039913199725560844
2823,1745754585.3952203,0.0006958406884223223
2824,1745754614.2654412,0.002012590179219842
2825,1745754642.2477002,0.0001716132537694648
2826,1745754669.0023685,0.0001151295073213987
2827,1745754694.5316157,3.631177969509736e-05
2828,1745754721.375144,0.00047171450569294393
2829,1745754756.9585588,0.0001327915961155668
2830,1745754789.043851,0.012018472887575626
2831,1745754814.9990845,0.0004086151602678001
2832,1745754837.639518,0.00030967791099101305
2833,1745754861.1243563,6.579179171239957e-05
2834,1745754887.2704587,0.0024254668969660997
2835,1745754897.257211,0.00016484790830872953
2836,1745755124.322512,0.01766098104417324
2837,1745755156.2367911,8.942947897594422e-05
2838,1745755190.1256995,9.735017374623567e-05
2839,1745755200.47131,0.00010939153435174376
2840,1745755235.4043167,0.00020546729501802474
2841,1745755261.8019724,0.0003639092028606683
2842,1745755289.5665767,0.00015837348473723978
2843,1745755314.1251712,0.00032387528335675597
2844,1745755338.3550644,0.00029730910318903625
2845,1745755368.0859966,6.046775888535194e-05
2846,1745755393.2582235,0.00011719536269083619
2847,1745755415.779493,0.00013370403030421585
2848,1745755443.641812,0.0003476578276604414
2849,1745755473.7359786,0.00028903904603794217
2850,1745755508.5929747,0.0014105434529483318
2851,1745755525.4436808,0.0003154381993226707
2852,1745755554.8846905,0.0001368261728202924
2853,1745755580.726993,0.010781150311231613
2854,1745755612.6642094,0.00022095681924838573
2855,1745755640.5409555,0.0004572377947624773
2856,1745755665.982796,0.00022480277402792126
2857,1745755683.7898872,0.0005178561550565064
2858,1745755709.1962848,0.0007526521221734583
2859,1745755740.7557554,0.00013612667680718005
2860,1745755772.2061281,0.0004508738638833165
2861,1745755787.3918655,0.0006236386834643781
2862,1745755816.9602323,0.0004963829414919019
2863,1745755838.325285,0.0003744926943909377
2864,1745755856.7761066,0.0007692701183259487
2865,1745755889.5602767,0.00023648739443160594
2866,1745755916.9760907,0.00012873258674517274
2867,1745755940.3161447,0.0001359500311082229
2868,1745755961.6004891,6.804316944908351e-05
2869,1745755989.5259006,8.847861317917705e-05
2870,1745756025.592552,9.732464968692511e-05
2871,1745756056.2773895,4.0625865949550644e-05
2872,1745756085.0266788,0.0003556569863576442
2873,1745756117.0234456,0.00032789495890028775
2874,1745756140.5612016,0.00016867503290995955
2875,1745756162.9560359,0.00022219930542632937
2876,1745756190.5927105,0.00020070874597877264
2877,1745756223.170897,0.00033562391763553023
2878,1745756236.8630853,0.0002694730064831674
2879,1745756271.7568386,0.00043116387678310275
2880,1745756310.8591082,0.00010889903933275491
2881,1745756320.0850549,9.625127859180793e-05
2882,1745756343.4615278,8.134930249070749e-05
2883,1745756370.345147,0.0001166448782896623
2884,1745756394.3317623,7.624507270520553e-05
2885,1745756418.6601844,0.00016970836441032588
2886,1745756445.9212418,4.183667624602094e-05
2887,1745756473.1525302,0.00016740005230531096
2888,1745756505.3297946,6.363887223415077e-05
2889,1745756526.8594866,0.0007915009628050029
2890,1745756557.284029,0.014816259033977985
2891,1745756570.7598565,0.0001151498217950575
2892,1745756595.5903287,0.000199177346075885
2893,1745756625.644774,0.00011292403360130265
2894,1745756644.1859715,0.000274992169579491
2895,1745756674.872228,0.0002300439664395526
2896,1745756700.7473156,0.0007083364180289209
2897,1745756724.6307147,0.004788476042449474
2898,1745756751.5967877,0.00032646203180775046
2899,1745756780.081208,0.004070129245519638
2900,1745756812.0942655,0.00010647759336279705
2901,1745756847.6721058,0.00024256606411654502
2902,1745756876.5221848,0.00043345350422896445
2903,1745756909.6337543,0.0012157631572335958
2904,1745756937.3682907,0.0006630432908423245
2905,1745756964.7989013,0.000996772083453834
2906,1745756993.2118993,0.0010279527632519603
2907,1745757020.4098446,0.012520927004516125
2908,1745757046.7626789,9.069255611393601e-05
2909,1745757069.2027044,0.0010259599657729268
2910,1745757098.8102567,0.003097590059041977
2911,1745757122.8057795,0.0003590208070818335
2912,1745757148.479592,0.0002856748178601265
2913,1745757177.4168172,0.0003836576361209154
2914,1745757205.167919,0.0006279150838963687
2915,1745757235.9732018,0.005331068299710751
2916,1745757244.4905736,0.000247730640694499
2917,1745757489.3872516,0.00020641089940909296
2918,1745757503.6068954,7.174799975473434e-05
2919,1745757539.8838894,5.1999759307364e-05
2920,1745757566.413337,0.0026184231974184513
2921,1745757590.3848622,0.00011234122212044895
2922,1745757618.1319547,6.825440505053848e-05
2923,1745757646.7209246,0.00015856651589274406
2924,1745757686.7207656,0.00013649050379171968
2925,1745757706.597785,0.0002939016558229923
2926,1745757730.3777452,0.00010439447942189872
2927,1745757758.7659035,0.0003423765883781016
2928,1745757784.960922,0.00013061673962511122
2929,1745757811.3492103,0.00016873165441211313
2930,1745757838.9847379,5.0567185098771006e-05
2931,1745757864.5892622,0.00016448536189273
2932,1745757889.5127242,0.0001414393773302436
2933,1745757920.2831185,8.26467658043839e-05
2934,1745757950.424705,0.0003180149069521576
2935,1745757973.365498,0.00010903747170232236
2936,1745758006.940875,0.00010928951087407768
2937,1745758027.2029445,0.00020809999841731042
2938,1745758053.3352716,0.00011895172792719677
2939,1745758083.699713,9.679223148850724e-05
2940,1745758110.2874782,6.59030702081509e-05
2941,1745758134.366031,0.0028596422635018826
2942,1745758157.9086242,0.009012013673782349
2943,1745758180.8928695,0.00015469019126612693
2944,1745758210.3199608,0.00012480664008762687
2945,1745758245.5646167,0.0005986657342873514
2946,1745758260.0859208,0.000767213583458215
2947,1745758286.2632291,0.0018740281229838729
2948,1745758317.091142,0.0005612362874671817
2949,1745758338.4963243,0.002648971974849701
2950,1745758367.4234476,0.00212036888115108
2951,1745758397.606651,0.002569517120718956
2952,1745758423.1515496,0.005820190999656916
2953,1745758447.3322842,0.0013087440747767687
2954,1745758471.9222214,0.00017337885219603777
2955,1745758498.0396144,7.113194442354143e-05
2956,1745758522.474832,6.268287688726559e-05
2957,1745758556.5070364,0.00013273375225253403
2958,1745758586.252629,0.0004039029299747199
2959,1745758615.4438953,0.0010105472756549716
2960,1745758640.908448,0.0012947497889399529
2961,1745758665.0452535,0.001028935075737536
2962,1745758689.2315574,0.001193606061860919
2963,1745758713.0605693,0.0005599787691608071
2964,1745758743.1618276,0.00014163677406031638
2965,1745758770.6363251,0.000534167280420661
2966,1745758799.0484836,0.0001812009431887418
2967,1745758814.2711372,3.5737579310080037e-05
2968,1745758842.8844948,0.000823725014925003
2969,1745758868.409563,0.00016672295168973505
2970,1745758880.5031686,0.00032208621269091964
2971,1745758915.7111006,0.018518973141908646
2972,1745758947.0279768,5.303376019583084e-05
2973,1745758987.2652385,9.103980846703053e-05
2974,1745759017.5367117,0.00012548305676318705
2975,1745759038.7534513,0.0004316891427151859
2976,1745759064.0344632,0.0002533276565372944
2977,1745759089.3814392,2.3787180907675065e-05
2978,1745759116.6417515,0.0003344919241499156
2979,1745759134.3012097,0.00021455898240674287
2980,1745759161.8915424,0.00015364476712420583
2981,1745759186.7954452,0.00013803016918245703
2982,1745759213.353726,3.796425517066382e-05
2983,1745759241.1268687,4.616887235897593e-05
2984,1745759260.9540932,0.00030643746140412986
2985,1745759282.411557,0.0002778921916615218
2986,1745759312.0795496,0.00012887561751995236
2987,1745759348.7186399,0.00010145892883883789
2988,1745759373.000966,0.0002537095861043781
2989,1745759402.5392048,0.0001802995102480054
2990,1745759430.3973193,6.190447311382741e-05
2991,1745759457.4068382,0.00024429557379335165
2992,1745759483.3253129,0.0001608770398888737
2993,1745759512.4425788,7.84052608651109e-05
2994,1745759539.714387,0.0021987780928611755
2995,1745759563.9941132,0.00024880547425709665
2996,1745759587.767096,0.0005056076333858073
2997,1745759601.893107,5.246397995506413e-05
2998,1745759844.041288,0.00010389282397227362
2999,1745759873.5947127,2.9117236408637837e-05
3000,1745759886.4588194,0.000154890090925619
3001,1745759921.7617123,6.191520515130833e-05
3002,1745759948.5319579,7.74298096075654e-05
3003,1745759965.5025253,9.14103293325752e-05
3004,1745759992.7690377,0.012429618276655674
3005,1745760017.7809033,0.0003236442862544209
3006,1745760046.521475,0.0022784550674259663
3007,1745760074.0098965,5.136636536917649e-05
3008,1745760100.5253258,4.54071669082623e-05
3009,1745760127.0703695,0.000155944493599236
3010,1745760154.127625,0.00016597876674495637
3011,1745760178.3314786,0.0011586103355512023
3012,1745760208.0673573,0.00010185254359384999
3013,1745760237.7560563,0.00016991421580314636
3014,1745760265.9107358,0.0004423304053489119
3015,1745760291.127026,0.0001695264654699713
3016,1745760317.1207466,0.0001204285363201052
3017,1745760343.6414132,3.540932812029496e-05
3018,1745760369.277789,4.843748683924787e-05
3019,1745760393.880276,5.550971400225535e-05
3020,1745760423.4098136,0.003691750345751643
3021,1745760453.4314141,5.88181683269795e-05
3022,1745760478.962035,0.00020159011182840914
3023,1745760496.236997,9.35473944991827e-05
3024,1745760523.7544017,6.827820470789447e-05
3025,1745760550.0395439,6.565499643329531e-05
3026,1745760577.5596774,8.348289702553302e-05
3027,1745760598.8316698,5.042388875153847e-05
3028,1745760624.6475182,2.894139470299706e-05
3029,1745760654.2716455,0.00025023281341418624
3030,1745760688.297456,9.123524068854749e-05
3031,1745760714.7974973,9.421404683962464e-05
3032,1745760742.2253602,4.772701868205331e-05
3033,1745760756.013038,5.3178628149908036e-05
3034,1745760792.0617113,6.083266998757608e-05
3035,1745760817.0556633,0.0003107896773144603
3036,1745760846.3062708,0.00048717515892349184
3037,1745760879.2032988,0.002733970992267132
3038,1745760892.5835094,0.00010395158460596576
3039,1745760923.5273812,0.0001015996967907995
3040,1745760960.7912095,3.6678182368632406e-05
3041,1745760989.1065667,9.695203334558755e-05
3042,1745760997.7108831,9.840202983468771e-05
3043,1745761033.9118955,9.736679203342646e-05
3044,1745761073.960291,0.0001481091749155894
3045,1745761104.5962722,5.432559555629268e-05
3046,1745761111.5359807,0.0004219846741762012
3047,1745761144.579351,0.00011566867033252493
3048,1745761175.3834782,9.703373507363722e-05
3049,1745761201.9888737,3.634179665823467e-05
3050,1745761227.7396889,0.0003307103761471808
3051,1745761254.472842,0.00010488509724382311
3052,1745761279.3100233,0.00016192239127121866
3053,1745761303.3000877,0.00019841060566250235
3054,1745761341.019574,9.559388854540884e-05
3055,1745761367.3499713,0.00597355654463172
3056,1745761383.1259046,5.026844883104786e-05
3057,1745761405.7291942,5.8005029131891206e-05
3058,1745761436.2197359,9.16413264349103e-05
3059,1745761470.065119,7.096820627339184e-05
3060,1745761496.4617736,8.050040196394548e-05
3061,1745761526.8802989,0.00015904924657661468
3062,1745761556.1734283,8.692809933563694e-05
3063,1745761585.208104,7.594004273414612e-05
3064,1745761611.5144444,7.353862019954249e-05
3065,1745761638.1214716,4.504674507188611e-05
3066,1745761663.1676018,0.00025370996445417404
3067,1745761691.5531073,0.00011314278526697308
3068,1745761720.3410065,0.0003722244000528008
3069,1745761751.1148984,4.180892210570164e-05
3070,1745761777.7473075,0.00017532666970510036
3071,1745761804.919793,0.00015105017519090325
3072,1745761832.3923979,0.00013200602552387863
3073,1745761859.3652842,0.00012120391329517588
3074,1745761890.2960806,0.00018719218496698886
3075,1745761904.569517,0.005519725847989321
3076,1745761931.1222477,0.026662426069378853
3077,1745761964.7314026,0.0005905208527110517
3078,1745761978.810987,0.0002764124365057796
3079,1745762203.0133119,0.0008167726336978376
3080,1745762228.3913844,0.0010863213101401925
3081,1745762257.4471874,0.0011352365836501122
3082,1745762292.842552,0.0009569678804837167
3083,1745762322.4555304,0.0006083768093958497
3084,1745762345.5567107,0.0005436352221295238
3085,1745762370.5959454,0.00023598436382599175
3086,1745762395.6528285,0.00010405597276985645
3087,1745762426.4461627,9.120268077822402e-05
3088,1745762451.9573617,0.0001949073775904253
3089,1745762488.9217174,0.0022613960318267345
3090,1745762507.6248202,0.0008058963576331735
3091,1745762535.4917302,0.00018065053154714406
3092,1745762564.752861,0.00015991953841876239
3093,1745762581.672734,0.00035344777279533446
3094,1745762611.0969758,0.00023222295567393303
3095,1745762638.3680823,0.000328785739839077
3096,1745762665.7264986,4.822710616281256e-05
3097,1745762685.3738515,0.00016245091683231294
3098,1745762704.6905751,0.003547534579411149
3099,1745762732.7985764,7.061981887090951e-05
3100,1745762763.1614444,0.00015922549937386066
3101,1745762790.2552156,0.00045142602175474167
3102,1745762812.515097,0.00036127702333033085
3103,1745762854.6441946,2.7100790248368867e-05
3104,1745762883.4460547,0.00014625531912315637
3105,1745762899.1730993,0.00017252469842787832
3106,1745762927.5472791,8.988806075649336e-05
3107,1745762954.6187015,0.00013180893438402563
3108,1745762981.8534687,0.000146343678352423
3109,1745763009.551188,8.783779776422307e-05
3110,1745763035.919517,5.571230940404348e-05
3111,1745763063.5103068,0.00011017175711458549
3112,1745763093.4736235,9.504026093054563e-05
3113,1745763118.3059406,0.0039754402823746204
3114,1745763144.1721585,0.0003907548380084336
3115,1745763160.708947,0.00019539319328032434
3116,1745763192.336685,0.00029654736863449216
3117,1745763205.705153,0.00053417804883793
3118,1745763231.0194094,0.00011388265556888655
3119,1745763259.5142813,0.004538180772215128
3120,1745763289.5350173,6.420740101020783e-05
3121,1745763325.6740115,6.976939039304852e-05
3122,1745763338.6203911,0.00040564261144027114
3123,1745763375.8768568,3.775239747483283e-05
3124,1745763398.8812807,0.0002251801051897928
3125,1745763417.5282524,0.00040197346243076026
3126,1745763446.3430164,0.00013340407167561352
3127,1745763470.6567569,0.0003849824133794755
3128,1745763499.8314075,0.0002296638413099572
3129,1745763528.474778,6.981961632845923e-05
3130,1745763551.1909723,7.046825339784846e-05
3131,1745763572.1116529,2.2388945581042208e-05
3132,1745763606.6215239,3.523551640682854e-05
3133,1745763632.0179074,0.00011902117694262415
3134,1745763659.7660904,0.00010625296272337437
3135,1745763684.2021801,0.0005509471520781517
3136,1745763709.0221372,2.0471807147259824e-05
3137,1745763736.6392963,7.302416634047404e-05
3138,1745763767.4301317,7.22403492545709e-05
3139,1745763784.2568095,7.209897739812732e-05
3140,1745763809.5038292,0.0016780474688857794
3141,1745763840.4915452,9.171912097372115e-05
3142,1745763867.6114092,7.174224447226152e-05
3143,1745763891.266256,8.64865942276083e-05
3144,1745763918.3729842,0.0003030376974493265
3145,1745763946.6995609,0.0002450605679769069
3146,1745763976.6763453,0.0017096142983064055
3147,1745764005.7165883,0.0001687792973825708
3148,1745764038.0416057,0.0003373544604983181
3149,1745764062.7605405,0.0001224998850375414
3150,1745764087.7719436,0.00017800120986066759
3151,1745764116.341006,0.0001501848455518484
3152,1745764142.7300937,8.922014239942655e-05
3153,1745764163.6505475,3.3161224564537406e-05
3154,1745764194.9985144,5.124555536895059e-05
3155,1745764222.4628441,6.860295252408832e-05
3156,1745764248.329156,2.8862834369647317e-05
3157,1745764275.280663,0.0005225551431067288
3158,1745764301.7875652,0.07503416389226913
3159,1745764314.9400902,5.322876313584857e-05
3160,1745764548.3073637,6.105623469920829e-05
3161,1745764575.784266,0.00017153310182038695
3162,1745764604.3933034,0.00022818302386440337
3163,1745764629.2710032,0.0004354287520982325
3164,1745764650.2148094,0.00032376559101976454
3165,1745764678.6169546,9.140664042206481e-05
3166,1745764712.254392,0.0005284891230985522
3167,1745764747.955481,0.0023785484954714775
3168,1745764764.0887327,0.006236501038074493
3169,1745764788.1943238,0.00026272438117302954
3170,1745764812.183342,0.0002945062587969005
3171,1745764838.106953,0.0005070953047834337
3172,1745764864.5111814,0.00017682208272162825
3173,1745764896.3976624,0.0009840596467256546
3174,1745764925.0607746,0.0011718313908204436
3175,1745764945.0506625,0.0016879321774467826
3176,1745764972.0117407,0.0005223377957008779
3177,1745765000.7855575,0.00020211403898429126
3178,1745765034.397822,0.0001354746927972883
3179,1745765067.5288415,0.0010549502912908792
3180,1745765082.6755407,0.01110974419862032
3181,1745765110.280716,0.00010113992175320163
3182,1745765137.9686356,8.65137335495092e-05
3183,1745765168.1591408,0.014318542554974556
3184,1745765189.8229384,0.0002582599991001189
3185,1745765213.8470361,0.00017407593259122223
3186,1745765235.6497123,4.826415897696279e-05
3187,1745765257.853958,0.005026775412261486
3188,1745765287.0781145,0.0006222000229172409
3189,1745765328.8830147,0.0007047400576993823
3190,1745765343.5658593,0.0033885857556015253
3191,1745765376.9450457,0.0010609389282763004
3192,1745765389.0195055,0.0002577022823970765
3193,1745765411.6507633,0.00537121994420886
3194,1745765422.5803053,0.00029014027677476406
3195,1745765453.3569837,0.00023288924421649426
3196,1745765487.2239337,0.0011270551476627588
3197,1745765528.3886292,0.0013727877521887422
3198,1745765561.6233475,0.001133738667704165
3199,1745765595.8570054,0.0008985647582449019
3200,1745765626.8144424,0.01063601952046156
3201,1745765662.0492373,0.00014614968677051365
3202,1745765673.2102325,0.00014119748084340245
3203,1745765709.458365,0.00342033919878304
3204,1745765723.4804134,0.0004906493122689426
3205,1745765733.109925,0.0014297099551185966
3206,1745765766.9738975,0.00691181281581521
3207,1745765788.8151274,0.0072500319220125675
3208,1745765814.9688041,0.0008138037519529462
3209,1745765832.3162663,7.205815927591175e-05
3210,1745765866.8813689,0.0031350557692348957
3211,1745765892.6301196,0.00015070548397488892
3212,1745765927.0385978,0.0007878135074861348
3213,1745765959.9290588,0.00037017089198343456
3214,1745765986.5035307,0.010482351295650005
3215,1745766008.1841671,0.0022465374786406755
3216,1745766032.81877,0.00881071388721466
3217,1745766067.4090447,0.00017859344370663166
3218,1745766093.3504417,0.0005197752034291625
3219,1745766120.775989,0.0012494116090238094
3220,1745766152.9034965,0.008396312594413757
3221,1745766173.613709,0.00010036640742328018
3222,1745766196.794173,0.0008669812814332545
3223,1745766227.4559476,0.00013534919708035886
3224,1745766253.531224,4.192351480014622e-05
3225,1745766282.4379725,5.1985909522045404e-05
3226,1745766310.876866,0.000613151874858886
3227,1745766337.7461448,0.0003608164261095226
3228,1745766365.0863197,0.00021713358000852168
3229,1745766391.4163313,0.006041469052433968
3230,1745766418.589568,0.00011138076661154628
3231,1745766442.6272657,0.005999932996928692
3232,1745766476.417478,0.00016011408297345042
3233,1745766493.0304227,0.00023648374190088362
3234,1745766518.0840082,0.0029557007364928722
3235,1745766542.7340891,0.0024280152283608913
3236,1745766568.7155118,0.0040512727573513985
3237,1745766596.6698682,8.841942326398566e-05
3238,1745766622.8049877,0.00011247150541748852
3239,1745766654.5851903,0.0004969873116351664
3240,1745766668.6289072,0.01214805617928505
3241,1745766917.1973102,0.0035782363265752792
3242,1745766946.8512733,0.0011444424744695425
3243,1745766968.5247073,0.002739561954513192
3244,1745766993.3131883,0.005424018949270248
3245,1745767013.3837094,0.011558576487004757
3246,1745767043.3496163,0.00019101056386716664
3247,1745767072.0602646,0.00010035230661742389
3248,1745767097.1769257,0.005748190451413393
3249,1745767116.5409126,0.006176056805998087
3250,1745767149.833197,0.00854838639497757
3251,1745767175.6991026,0.008818460628390312
3252,1745767202.0215936,0.012904472649097443
3253,1745767227.0961487,3.88851149182301e-05
3254,1745767251.3845632,0.007125606294721365
3255,1745767278.0539246,0.004940384533256292
3256,1745767303.0821602,0.026158658787608147
3257,1745767333.5042732,0.0005045151920057833
3258,1745767356.9406807,0.008435020223259926
3259,1745767380.5762892,0.0029960551764816046
3260,1745767406.9969823,0.00014715145516674966
3261,1745767437.8421373,0.00016571106971241534
3262,1745767459.4505024,0.0006963787600398064
3263,1745767484.4117513,0.0017286649672314525
3264,1745767492.164841,0.006400618236511946
3265,1745767522.6316652,0.007472587749361992
3266,1745767532.653206,0.0003523103951010853
3267,1745767564.2883127,0.0006203106022439897
3268,1745767583.2515798,0.005067234393209219
3269,1745767605.516129,0.0017817215994000435
3270,1745767635.3490105,0.0009012153604999185
3271,1745767662.7688081,0.00031913197017274797
3272,1745767687.8288584,0.0004055094323121011
3273,1745767713.5914242,0.00022060215997043997
3274,1745767733.72991,0.0019495724700391293
3275,1745767759.9540455,0.000683057471178472
3276,1745767779.6491368,0.005462484434247017
3277,1745767809.1421819,0.00011619117867667228
3278,1745767840.7310429,0.005449975375086069
3279,1745767875.4402804,0.000823172798845917
3280,1745767893.0150104,0.0014012956526130438
3281,1745767916.6792767,0.016448883339762688
3282,1745767946.6010327,0.001287743216380477
3283,1745767979.1524098,0.000665192143060267
3284,1745768009.392548,0.0025964376982301474
3285,1745768038.2960994,0.002931277034804225
3286,1745768046.585459,0.013116027228534222
3287,1745768078.4980848,0.00035563044366426766
3288,1745768092.835242,0.0003313511551823467
3289,1745768119.001139,0.00041393781430087984
3290,1745768146.858097,0.0004914631135761738
3291,1745768185.2284522,0.0009683386306278408
3292,1745768196.539041,0.0002903767745010555
3293,1745768223.2297137,0.003091852879151702
3294,1745768254.210217,0.00134035584051162
3295,1745768270.5793412,0.007753001991659403
3296,1745768305.7961078,0.001018903567455709
3297,1745768319.6716924,0.0015667808474972844
3298,1745768333.1265361,0.00011199470463907346
3299,1745768352.3926888,0.0015304340049624443
3300,1745768372.0059543,0.0004585396673064679
3301,1745768383.1981463,0.011658299714326859
3302,1745768399.1189418,0.00011332648864481598
3303,1745768416.7697697,0.00011028107110178098
3304,1745768425.656876,0.0006398559198714793
3305,1745768441.5305426,0.000229648343520239
3306,1745768460.1918762,0.0058265384286642075
3307,1745768480.6850708,0.0004326296621002257
3308,1745768493.749877,0.0006835957174189389
3309,1745768516.9085228,0.00047414854634553194
3310,1745768529.8372762,0.0005771924625150859
3311,1745768543.265842,0.0009859541896730661
3312,1745768556.9323893,0.0006588234100490808
3313,1745768577.59654,0.0006612298311665654
3314,1745768585.2685142,0.002828497439622879
3315,1745768607.2082512,0.0014056616928428411
3316,1745768626.5238485,0.000737022899556905
3317,1745768641.3072343,0.002131894463673234
3318,1745768653.6682425,0.000859107996802777
3319,1745768671.6103528,0.0007213911740109324
3320,1745768684.5845273,0.00016880020848475397
3321,1745768688.8095047,0.00019614088523667306
3322,1745768786.1998916,0.00016326492186635733
3323,1745768796.920555,0.00021707375708501786
3324,1745768818.8322687,0.00018936596461571753
3325,1745768835.241247,0.00023011236044112593
3326,1745768844.5136962,0.0025273358915001154
3327,1745768866.0385854,0.00023039667576085776
3328,1745768882.1807015,0.0014992833603173494
3329,1745768906.597894,0.0006132146227173507
3330,1745768921.387712,0.0012746197171509266
3331,1745768937.545829,0.0005220866296440363
3332,1745768954.1436224,9.388259059051052e-05
3333,1745768968.8697875,0.004069475457072258
3334,1745768979.009428,0.0003624863747972995
3335,1745769000.213266,0.0023945425637066364
3336,1745769011.3188024,0.00033282581716775894
3337,1745769025.7098932,0.0001695629907771945
3338,1745769047.5584195,0.0015354305505752563
3339,1745769075.176483,0.00020845032122451812
3340,1745769089.6673086,0.0005434586782939732
3341,1745769110.4230816,0.00019574545149225742
3342,1745769127.1656432,0.0001853509747888893
3343,1745769138.5087519,0.0002564036112744361
3344,1745769149.9075632,0.000527497788425535
3345,1745769163.2901385,0.011912922374904156
3346,1745769178.3436513,0.00013734564709011465
3347,1745769191.8400102,0.00032365304650738835
3348,1745769205.0314775,0.00013534550089389086
3349,1745769215.480022,0.0001317926507908851
3350,1745769225.5003397,0.00014912737242411822
3351,1745769247.9941878,0.00012713074102066457
3352,1745769269.2702837,0.00012409998453222215
3353,1745769289.3518345,0.00016130320727825165
3354,1745769301.2823277,0.005428496748209
3355,1745769319.6322656,0.001276954892091453
3356,1745769336.5255735,0.0001488823618274182
3357,1745769346.9728377,0.00038350190152414143
3358,1745769361.0376978,0.0002464137796778232
3359,1745769378.1904974,0.0005722023197449744
3360,1745769398.2312682,0.00012713545584119856
3361,1745769409.5896375,0.00022584071848541498
3362,1745769420.4270167,0.010472736321389675
3363,1745769437.8403056,0.00011976321547990665
3364,1745769448.3250406,0.00026384234661236405
3365,1745769466.8738248,0.0033348454162478447
3366,1745769481.6585822,0.0009404562297277153
3367,1745769496.9453847,0.0003452108066994697
3368,1745769514.192242,0.0011183072347193956
3369,1745769540.025604,0.0006716237403452396
3370,1745769548.4018898,0.00034234923077747226
3371,1745769560.3688395,0.00011545954475877807
3372,1745769582.892487,0.00010091000149259344
3373,1745769597.5696883,8.491781045449898e-05
3374,1745769616.4367652,0.00017463357653468847
3375,1745769629.1260502,7.286164327524602e-05
3376,1745769654.1677387,6.939464947208762e-05
3377,1745769673.4286802,0.0026747812516987324
3378,1745769696.477432,0.0063044545240700245
3379,1745769712.477993,0.00017374289745930582
3380,1745769721.9661994,0.00020919708185829222
3381,1745769737.2737336,8.189108484657481e-05
3382,1745769749.240567,0.00011423252726672217
3383,1745769769.3782272,0.00027501105796545744
3384,1745769783.498894,0.0002873664489015937
3385,1745769795.4818377,4.559758599498309e-05
3386,1745769816.379516,0.00011961010750383139
3387,1745769829.2368832,0.00029053070466034114
3388,1745769839.6753316,0.0037091784179210663
3389,1745769860.3072896,2.3218550268211402e-05
3390,1745769871.3210988,0.0006621776265092194
3391,1745769885.76451,0.00013340562873054296
3392,1745769908.0142093,0.00034902183688245714
3393,1745769922.1799724,9.070059604709968e-05
3394,1745769931.5542657,5.034819696447812e-05
3395,1745769951.84817,0.00022790636285208166
3396,1745769973.3291512,0.011927333660423756
3397,1745769984.9025505,0.00027183903148397803
3398,1745769999.0147357,0.00017921837570611387
3399,1745770010.4828906,0.00017916328215505928
3400,1745770023.5736885,0.00027097572456113994
3401,1745770034.529949,0.006477748975157738
3402,1745770048.0063398,6.446467159548774e-05
3403,1745770148.8243532,0.007124266121536493
3404,1745770170.7662418,6.941744504729286e-05
3405,1745770188.7099712,4.155838905717246e-05
3406,1745770203.1140702,0.00018282246310263872
3407,1745770219.702101,0.009545771405100822
3408,1745770229.3364623,0.00024593630223535
3409,1745770244.8195527,0.0006251619779504836
3410,1745770256.0242746,0.000655068492051214
3411,1745770266.3552835,0.00013587839202955365
3412,1745770284.6376169,9.92757486528717e-05
3413,1745770303.8532012,0.00819673016667366
3414,1745770314.7842755,0.00014455438940785825
3415,1745770324.3819249,8.299104956677184e-05
3416,1745770342.7901428,0.001979205058887601
3417,1745770360.5386627,0.00012124199565732852
3418,1745770383.1537325,0.00013308566121850163
3419,1745770397.4783943,0.00015128370432648808
3420,1745770404.633249,0.000891458592377603
3421,1745770416.784925,0.00010934176680166274
3422,1745770436.809116,0.0006133143324404955
3423,1745770449.944685,8.353230805369094e-05
3424,1745770474.1908877,0.00023713347036391497
3425,1745770492.9856935,0.00018593545246403664
3426,1745770508.8963046,8.066614827839658e-05
3427,1745770518.3936925,0.00010433122224640101
3428,1745770530.8128762,0.00014987133909016848
3429,1745770542.6510065,0.00010121263039764017
3430,1745770565.2893598,0.0001231139904120937
3431,1745770586.0771127,0.023382866755127907
3432,1745770600.6263092,6.611084972973913e-05
3433,1745770614.7600462,0.0002700212935451418
3434,1745770623.1404715,0.0007485933019779623
3435,1745770634.2129562,6.33125237072818e-05
3436,1745770644.698406,7.006317900959402e-05
3437,1745770657.7558687,0.005977445747703314
3438,1745770675.933289,7.93870203779079e-05
3439,1745770687.5852191,4.7339210141217336e-05
3440,1745770705.9281693,0.0002991213114000857
3441,1745770722.4777684,3.5082448448520154e-05
3442,1745770741.6320271,0.00010339981963625178
3443,1745770760.10788,0.00022368841746356338
3444,1745770769.0322952,0.00011396608169889078
3445,1745770792.785409,0.008941570296883583
3446,1745770815.7163632,0.00012479374709073454
3447,1745770835.1416562,7.912776345619932e-05
3448,1745770858.8012428,6.260176451178268e-05
3449,1745770882.2560072,0.00016782491002231836
3450,1745770901.3153546,0.00015984877245500684
3451,1745770925.9797862,0.00012303628318477422
3452,1745770943.7043548,0.0001457385515095666
3453,1745770956.8911712,0.0003041081945411861
3454,1745770974.5114868,0.00039226768421940506
3455,1745770990.1479127,8.677187724970281e-05
3456,1745770998.898607,0.0017875307239592075
3457,1745771024.9948726,6.849765486549586e-05
3458,1745771048.9854887,0.00011483793059596792
3459,1745771062.2015486,5.9686004533432424e-05
3460,1745771077.8678412,9.223514643963426e-05
3461,1745771100.0737646,8.76203048392199e-05
3462,1745771120.7567928,9.021883306559175e-05
3463,1745771136.3967957,0.00011413853644626215
3464,1745771143.7013729,8.81517626112327e-05
3465,1745771173.6175902,9.632828005123883e-05
3466,1745771195.7113855,6.795211811549962e-05
3467,1745771212.8891168,4.648349204217084e-05
3468,1745771221.7155395,0.0001222525752382353
3469,1745771241.8714726,0.0002550828503444791
3470,1745771251.578143,7.962866220623255e-05
3471,1745771267.9108546,0.0002269567339681089
3472,1745771282.3810954,0.00018161766638513654
3473,1745771304.0106714,4.402032573125325e-05
3474,1745771328.5505471,0.000361606857040897
3475,1745771343.3286688,5.642401447403245e-05
3476,1745771356.2842839,6.690911686746404e-05
3477,1745771366.9587433,0.00012969551607966423
3478,1745771380.1820145,0.00017064849089365453
3479,1745771392.726949,0.0035682241432368755
3480,1745771406.1106722,0.0002138671261491254
3481,1745771435.351634,6.292787293205038e-05
3482,1745771445.3596785,0.00023003602109383792
3483,1745771453.42701,6.964232306927443e-05
3484,1745771544.7438607,0.00036434506182558835
3485,1745771570.1461766,6.497345748357475e-05
3486,1745771587.144274,0.00032013055169954896
3487,1745771601.2548609,0.00010271461360389367
3488,1745771610.3533406,5.644039629260078e-05
3489,1745771622.7388217,0.009165162220597267
3490,1745771635.5512826,0.00012707884889096022
3491,1745771659.124704,3.340599869261496e-05
3492,1745771676.6817365,4.146844366914593e-05
3493,1745771689.469309,5.2937019063392654e-05
3494,1745771708.5958679,7.012201967881992e-05
3495,1745771721.968168,0.006882762536406517
3496,1745771735.879537,0.00040083692874759436
3497,1745771748.910237,0.00019611750030890107
3498,1745771770.6963134,0.00012124745262553915
3499,1745771783.1458464,0.0003605890378821641
3500,1745771791.1281173,0.0003262095560785383
3501,1745771812.941626,0.00017683726036921144
3502,1745771823.2218573,0.0004098252102266997
3503,1745771840.6009545,0.0009693912579677999
3504,1745771859.0835087,0.00030865881126374006
3505,1745771867.2448628,0.004590027499943972
3506,1745771884.3455846,0.00012774152855854481
3507,1745771910.096274,8.598546264693141e-05
3508,1745771930.993468,5.4577074479311705e-05
3509,1745771940.885616,0.00014852688764221966
3510,1745771961.6335993,0.00017424288671463728
3511,1745771971.3313565,3.0315846743178554e-05
3512,1745771990.5597348,9.806927118916065e-05
3513,1745772006.506759,6.128566019469872e-05
3514,1745772023.1722062,0.003201595274731517
3515,1745772034.026918,0.0009619792108424008
3516,1745772057.2228158,0.0008100270060822368
3517,1745772072.096374,0.00023840641370043159
3518,1745772083.1481147,5.9616664657369256e-05
3519,1745772095.3157775,0.00010634547652443871
3520,1745772104.6132476,0.00021024160378146917
3521,1745772133.7380366,0.0027325644623488188
3522,1745772149.312246,0.0003731337783392519
3523,1745772167.961309,0.0001554018963361159
3524,1745772188.360277,7.573113543912768e-05
3525,1745772197.7255206,0.0005099370609968901
3526,1745772211.9351974,0.00020713538106065243
3527,1745772221.2620397,2.770926948869601e-05
3528,1745772238.6532393,5.7107219618046656e-05
3529,1745772247.6907086,0.0022349702194333076
3530,1745772268.1424189,0.00019020307809114456
3531,1745772282.2753952,3.781196937779896e-05
3532,1745772289.734002,9.864306048257276e-05
3533,1745772305.5057092,9.818575927056372e-05
3534,1745772331.3641596,8.604651520727202e-05
3535,1745772344.1282918,0.00011021055979654193
3536,1745772354.7963548,8.170564979081973e-05
3537,1745772373.2803044,0.00026567239547148347
3538,1745772386.6732135,0.00012917551794089377
3539,1745772402.006523,7.651888154214248e-05
3540,1745772415.948281,0.00022741546854376793
3541,1745772434.8526943,8.280859037768096e-05
3542,1745772441.402128,0.00020767936075571924
3543,1745772460.7108755,0.00010179891978623345
3544,1745772470.2087069,0.00014567231119144708
3545,1745772482.588327,4.369375528767705e-05
3546,1745772494.6340058,5.5927783250808716e-05
3547,1745772513.4940562,0.00013306242180988193
3548,1745772538.9273093,0.008752158842980862
3549,1745772549.9050555,4.93547304358799e-05
3550,1745772562.004791,5.256393342278898e-05
3551,1745772574.4869766,6.718154327245429e-05
3552,1745772591.2238302,8.43489688122645e-05
3553,1745772600.813972,7.575004565296695e-05
3554,1745772621.8919754,0.00011884325067512691
3555,1745772633.530401,5.145358954905532e-05
3556,1745772640.6043158,9.182534995488822e-05
3557,1745772660.2525182,7.733325037406757e-05
3558,1745772672.8394444,5.896163565921597e-05
3559,1745772684.9344687,3.480675877653994e-05
3560,1745772704.205291,0.00011401445226510987
3561,1745772713.2666934,5.0779915909515694e-05
3562,1745772738.7122767,4.5649256207980216e-05
3563,1745772754.4175386,4.247845208737999e-05
3564,1745772764.4476914,6.246448901947588e-05
3565,1745772866.0279655,5.240324026090093e-05
3566,1745772875.0549219,2.2116275431471877e-05
3567,1745772890.6807058,3.3406678994651884e-05
3568,1745772903.2656348,8.659983723191544e-05
3569,1745772916.8365812,7.699913112446666e-05
3570,1745772938.2121143,8.274046558653936e-05
3571,1745772948.08461,2.810476507875137e-05
3572,1745772967.5808432,3.218196434318088e-05
3573,1745772983.122814,1.8604348952067085e-05
3574,1745772997.0551836,8.784086821833625e-05
3575,1745773019.640672,5.523937215912156e-05
3576,1745773037.2167454,0.00010285031021339819
3577,1745773048.6090455,2.6831732611753978e-05
3578,1745773064.0519462,0.00763500202447176
3579,1745773086.8907835,9.234886965714395e-05
3580,1745773099.1610873,3.064985867240466e-05
3581,1745773118.002857,0.00010623817797750235
3582,1745773128.7927651,7.960876973811537e-05
3583,1745773141.072187,0.00044259612332098186
3584,1745773162.7859223,0.0001944788673426956
3585,1745773187.505955,0.00478900084272027
3586,1745773202.3696902,0.0001486904948251322
3587,1745773214.9517505,3.638764246716164e-05
3588,1745773226.7190733,8.039228850975633e-05
3589,1745773237.795485,0.00013171117461752146
3590,1745773248.1974778,8.294339204439893e-05
3591,1745773269.5562727,4.471429929253645e-05
3592,1745773292.616249,3.050883242394775e-05
3593,1745773303.9702814,6.08648952038493e-05
3594,1745773316.5904777,9.225123358191922e-05
3595,1745773335.3541086,4.272674777894281e-05
3596,1745773352.5562143,2.4795248464215547e-05
3597,1745773361.36813,7.53404019633308e-05
3598,1745773380.6107452,4.4389038521330804e-05
3599,1745773401.5473647,4.315996920922771e-05
3600,1745773420.1623259,0.00010636050865286961
3601,1745773433.9220226,0.0010238767135888338
3602,1745773447.4506469,0.00017623200255911797
3603,1745773458.752875,7.463226211257279e-05
3604,1745773479.2422695,0.0003747486334759742
3605,1745773502.9516501,0.00016984927060548216
3606,1745773526.7087955,0.004635508172214031
3607,1745773537.072658,0.00010811481479322538
3608,1745773556.5546415,0.00010942693916149437
3609,1745773567.3352044,8.071469346759841e-05
3610,1745773581.571453,1.472092390031321e-05
3611,1745773604.4614928,7.195161742856726e-05
3612,1745773629.1223922,8.361349318875e-05
3613,1745773639.9801135,4.3300704419380054e-05
3614,1745773652.512128,6.696916534565389e-05
3615,1745773674.7474368,7.587864820379764e-05
3616,1745773703.6903667,4.6108038077363744e-05
3617,1745773716.1354096,7.577807264169678e-05
3618,1745773728.250938,0.0001634231593925506
3619,1745773745.228252,0.00013621911057271063
3620,1745773760.2344463,4.694203016697429e-05
3621,1745773770.8972406,9.54165734583512e-05
3622,1745773782.0442674,0.00531057408079505
3623,1745773798.1452706,0.00023937426158227026
3624,1745773809.904871,4.63637406937778e-05
3625,1745773823.3018198,4.111562520847656e-05
3626,1745773839.4751508,0.00019831299141515046
3627,1745773848.8115287,7.859301695134491e-05
3628,1745773866.3529541,0.00041284150211140513
3629,1745773875.350174,0.0027675351593643427
3630,1745773886.3035529,0.0008169521461240947
3631,1745773905.6360116,6.597577885258943e-05
3632,1745773917.8962796,0.00027976493583992124
3633,1745773927.0294235,3.503869811538607e-05
3634,1745773941.069343,0.00012488316860981286
3635,1745773960.1634817,1.8701615772442892e-05
3636,1745773969.684017,9.427439363207668e-05
3637,1745773994.7663682,5.161444641998969e-05
3638,1745774009.7406461,6.66358828311786e-05
3639,1745774018.7610865,5.9460868214955553e-05
3640,1745774036.5368598,0.0004936953191645443
3641,1745774045.5820029,8.476227230858058e-05
3642,1745774059.7402704,4.091198570677079e-05
3643,1745774074.610645,0.000779160181991756
3644,1745774086.5910757,9.7782896773424e-05
3645,1745774093.064772,2.4344057237613015e-05
3646,1745774192.7325537,0.00018643849762156606
3647,1745774205.6735437,0.0005247917724773288
3648,1745774223.3234358,9.513538680039346e-05
3649,1745774240.1980293,3.752459087991156e-05
3650,1745774257.028939,9.301928366767243e-05
3651,1745774272.5579557,7.801330502843484e-05
3652,1745774288.5779178,4.4225555029697716e-05
3653,1745774316.9723427,4.515082036959939e-05
3654,1745774336.2734878,4.051732685184106e-05
3655,1745774351.8109827,4.368632653495297e-05
3656,1745774365.683144,3.0698050977662206e-05
3657,1745774379.8040023,2.6588044420350343e-05
3658,1745774390.6268506,2.2086844182922505e-05
3659,1745774402.3846388,0.0019892945419996977
3660,1745774418.998268,2.8099781047785655e-05
3661,1745774428.458888,3.06718357023783e-05
3662,1745774445.669268,4.503286618273705e-05
3663,1745774459.1998298,2.5777217160793953e-05
3664,1745774477.747059,4.505031756707467e-05
3665,1745774490.7106662,4.974730109097436e-05
3666,1745774500.1702964,3.9105882024159655e-05
3667,1745774516.0137706,4.323622488300316e-05
3668,1745774528.6737444,8.37467159726657e-05
3669,1745774540.0779715,6.877026316942647e-05
3670,1745774552.0303469,0.00018707546405494213
3671,1745774565.0311847,0.00014615777763538063
3672,1745774584.8294039,4.520686707110144e-05
3673,1745774598.1108155,7.079592614900321e-05
3674,1745774613.6122775,0.000654373608995229
3675,1745774622.845808,0.001572089153341949
3676,1745774638.0655663,6.80757948430255e-05
3677,1745774658.7509863,4.463680670596659e-05
3678,1745774670.1690712,0.0001457059697713703
3679,1745774692.535845,0.00020782562205567956
3680,1745774719.475302,4.412663110997528e-05
3681,1745774738.3600283,1.2668072486121673e-05
3682,1745774754.6029208,4.706235995399766e-05
3683,1745774765.8806973,5.293043432175182e-05
3684,1745774778.297088,2.0737119484692812e-05
3685,1745774794.0892904,7.181850378401577e-05
3686,1745774810.900934,0.0004091185692232102
3687,1745774839.9203184,3.8014670280972496e-05
3688,1745774863.1868153,3.072556864935905e-05
3689,1745774886.6262872,5.125738607603125e-05
3690,1745774897.6050541,6.292998295975849e-05
3691,1745774907.238971,4.1091487219091505e-05
3692,1745774922.6127508,3.226654735044576e-05
3693,1745774939.8420026,4.5705499360337853e-05
3694,1745774966.5976453,3.7031364627182484e-05
3695,1745774990.3883,5.3761472372571006e-05
3696,1745775018.2119544,7.450491102645174e-05
3697,1745775031.6740146,6.357867823680863e-05
3698,1745775047.4846869,4.4609496399061754e-05
3699,1745775055.6304567,0.0009184315567836165
3700,1745775074.036071,9.237667836714536e-05
3701,1745775098.0738833,7.11956454324536e-05
3702,1745775108.5010333,5.0172613555332646e-05
3703,1745775130.3402946,0.00010780558659462258
3704,1745775152.5893626,9.533415868645534e-05
3705,1745775162.3201864,7.346661732299253e-05
3706,1745775172.952323,3.449048745096661e-05
3707,1745775191.5819993,0.009411807172000408
3708,1745775203.9308796,3.655003092717379e-05
3709,1745775216.8606591,2.040694744209759e-05
3710,1745775228.8865635,3.413883678149432e-05
3711,1745775239.9823422,0.0003109968965873122
3712,1745775252.3975506,2.1188563550822437e-05
3713,1745775264.8916314,1.38795639941236e-05
3714,1745775281.0662305,8.755581802688539e-05
3715,1745775300.2894223,0.0017723218770697713
3716,1745775313.8390028,9.292022150475532e-05
3717,1745775323.9641259,4.12096778745763e-05
3718,1745775335.4969666,4.819512105314061e-05
3719,1745775351.3927848,0.00011239741434110329
3720,1745775361.7918997,3.3531781809870154e-05
3721,1745775376.231537,6.829769699834287e-05
3722,1745775401.0031009,2.2550992071046494e-05
3723,1745775418.250082,0.00022188457660377026
3724,1745775427.6081958,0.00011665201600408182
3725,1745775443.0047207,0.00014271137479227036
3726,1745775448.3608108,0.0003623263619374484
3727,1745775544.3822618,5.784936365671456e-05
3728,1745775560.0711746,3.1533916626358405e-05
3729,1745775571.4467635,0.003001019824296236
3730,1745775590.2298033,1.9397479263716377e-05
3731,1745775605.4962015,9.755139763001353e-05
3732,1745775628.02645,0.003433709731325507
3733,1745775636.4969594,1.495271317253355e-05
3734,1745775660.7918656,0.00022296809765975922
3735,1745775678.2227867,0.00018044649914372712
3736,1745775685.5521224,2.5893441488733515e-05
3737,1745775707.7613704,0.00012289767619222403
3738,1745775726.7050214,0.000261191074969247
3739,1745775734.647643,0.00010558252688497305
3740,1745775754.3942099,6.00716084591113e-05
3741,1745775774.2567935,0.01828262023627758
3742,1745775785.0690298,2.8548083719215356e-05
3743,1745775797.6890764,0.00019628605514299124
3744,1745775813.125869,3.1459123420063406e-05
3745,1745775829.810662,5.7234850828535855e-05
3746,1745775849.3599722,0.0001964658295037225
3747,1745775865.3650515,0.000284150883089751
3748,1745775881.96196,0.00030546897323802114
3749,1745775907.5642333,0.00010465113882673904
3750,1745775928.856172,0.00018457572150509804
3751,1745775941.2373905,0.001329936902038753
3752,1745775956.896763,0.00010378085426054895
3753,1745775971.8614745,0.00012323359260335565
3754,1745775990.26293,5.36414809175767e-05
3755,1745775999.6347976,4.9300673708785325e-05
3756,1745776015.0191224,4.494534005061723e-05
3757,1745776023.1117494,1.8652401195140556e-05
3758,1745776052.850171,4.9186302931047976e-05
3759,1745776074.8374138,0.0033927951008081436
3760,1745776083.0083864,4.207594247418456e-05
3761,1745776097.2278457,0.00011264430213486776
3762,1745776115.6782007,4.214442742522806e-05
3763,1745776126.9685237,0.000173034131876193
3764,1745776140.749248,5.405326373875141e-05
3765,1745776153.1279106,0.010484103113412857
3766,1745776166.1957228,0.0005426246207207441
3767,1745776176.740334,0.01581752486526966
3768,1745776200.0318475,6.371494964696467e-05
3769,1745776224.2418942,4.8249505198327824e-05
3770,1745776234.0511785,6.82911486364901e-05
3771,1745776249.6206405,0.00011690164683386683
3772,1745776264.1492074,0.00016135039913933724
3773,1745776286.6088898,0.0002957171527668834
3774,1745776303.9699426,0.002150678774341941
3775,1745776315.3650086,0.0006376653909683228
3776,1745776325.9277992,0.008651776239275932
3777,1745776338.9238505,5.417923966888338e-05
3778,1745776355.831979,5.318840339896269e-05
3779,1745776375.326151,6.975278665777296e-05
3780,1745776394.8956923,0.0008040629327297211
3781,1745776405.9841754,0.00019026738300453871
3782,1745776425.317527,0.00040150334825739264
3783,1745776438.216627,0.002174613531678915
3784,1745776458.5210848,0.010100635699927807
3785,1745776471.7142298,5.318224793882109e-05
3786,1745776493.3532865,0.00019202720432076603
3787,1745776500.69733,0.000250992423389107
3788,1745776520.048522,0.0007552310125902295
3789,1745776536.5089135,5.539659468922764e-05
3790,1745776551.6013072,0.0001118137952289544
3791,1745776563.0513005,0.00012194458395242691
3792,1745776575.8665905,0.0001301459124078974
3793,1745776594.7314947,0.00026341676129959524
3794,1745776604.1461666,0.0002171455416828394
3795,1745776618.466163,0.0002419259981252253
3796,1745776631.6362627,0.0008171751396730542
3797,1745776645.2269526,0.0004252040816936642
3798,1745776660.9234462,0.003647908568382263
3799,1745776674.6812503,0.0003500468737911433
3800,1745776685.4785945,0.00011003448162227869
3801,1745776696.8749664,6.728942389599979e-05
3802,1745776708.5631082,8.93655014806427e-05
3803,1745776726.739258,7.136069325497374e-05
3804,1745776732.622521,1.5623136278009042e-05
3805,1745776751.665152,2.828310607583262e-05
3806,1745776775.9918926,9.138895984506235e-05
3807,1745776780.2693355,6.539027526741847e-05
3808,1745776894.7633493,0.00025059987092390656
3809,1745776919.6820364,0.0016255301889032125
3810,1745776931.4849546,0.0005130899371579289
3811,1745776949.695175,8.773367153480649e-05
3812,1745776974.2905695,9.027352643897757e-05
3813,1745776983.1807127,5.440144377644174e-05
3814,1745777000.9130843,3.4154567401856184e-05
3815,1745777014.342284,2.749633858911693e-05
3816,1745777033.1962955,4.258668195689097e-05
3817,1745777044.4333932,0.0002177491260226816
3818,1745777053.0034447,2.8054098947905004e-05
3819,1745777068.472718,3.959279274567962e-05
3820,1745777092.9941766,6.41181250102818e-05
3821,1745777115.9237728,5.251215770840645e-05
3822,1745777139.9030404,6.1013546655885875e-05
3823,1745777164.8218195,0.00018767055007629097
3824,1745777186.425459,0.00032852881122380495
3825,1745777203.8541753,3.0048062399146147e-05
3826,1745777222.15179,8.870629244484007e-05
3827,1745777234.5572128,3.235159965697676e-05
3828,1745777247.1748164,0.0008116351091302931
3829,1745777266.5941792,6.56393967801705e-05
3830,1745777276.188032,6.9455272750929e-05
3831,1745777297.9832945,1.536913805466611e-05
3832,1745777316.1647792,0.00011043810081901029
3833,1745777329.9342844,0.0001687978656264022
3834,1745777342.195568,0.000127123057609424
3835,1745777358.6107779,0.02970968373119831
3836,1745777371.6578567,7.675237429793924e-05
3837,1745777389.7717166,0.0013320952421054244
3838,1745777418.6052382,0.0006513582775369287
3839,1745777426.6121328,9.83556528808549e-05
3840,1745777445.31393,0.0004868604592047632
3841,1745777467.0259526,0.00433783233165741
3842,1745777483.2307153,0.009642920456826687
3843,1745777497.6676846,0.0006710918387398124
3844,1745777512.7848792,0.020455079153180122
3845,1745777524.0722845,0.004082163795828819
3846,1745777536.0698876,3.748964081751183e-05
3847,1745777543.7762809,1.6156966012204066e-05
3848,1745777566.5822616,0.0002105853200191632
3849,1745777589.9977887,5.0641890993574634e-05
3850,1745777597.291817,0.0002709546242840588
3851,1745777619.9658594,0.00039121441659517586
3852,1745777632.4099517,0.00039941215072758496
3853,1745777652.4705958,0.0010635595535859466
3854,1745777674.0522876,9.272259921999648e-05
3855,1745777686.852245,6.988015957176685e-05
3856,1745777709.290551,0.0005933745414949954
3857,1745777719.0406015,0.019672002643346786
3858,1745777735.8962948,4.515260297921486e-05
3859,1745777750.0802104,4.855977022089064e-05
3860,1745777765.8882806,0.0015558123122900724
3861,1745777782.109668,0.0001986443530768156
3862,1745777796.4168348,9.699292422737926e-05
3863,1745777826.8505735,3.656438639154658e-05
3864,1745777853.2173538,6.580518675036728e-05
3865,1745777863.8436935,0.00013607629807665944
3866,1745777877.8538554,0.000592345604673028
3867,1745777886.8784003,0.00012633130245376378
3868,1745777910.5500596,3.242811726522632e-05
3869,1745777927.347396,3.648434721981175e-05
3870,1745777939.9087338,0.0004222561838105321
3871,1745777954.4009569,7.636028021806851e-05
3872,1745777971.3074653,3.818143159151077e-05
3873,1745777984.3535554,0.00016983639216050506
3874,1745777995.063301,6.934467819519341e-05
3875,1745778009.2549763,0.011877567507326603
3876,1745778025.3186476,0.0001151925534941256
3877,1745778036.5204263,8.178471034625545e-05
3878,1745778051.0747902,4.779477239935659e-05
3879,1745778062.8651922,0.00016502344806212932
3880,1745778075.870126,0.0001755379926180467
3881,1745778085.8337803,7.05781567376107e-05
3882,1745778101.7043931,0.0003291400207672268
3883,1745778124.613669,0.000119611548143439
3884,1745778147.006104,0.0036472121719270945
3885,1745778157.1088626,5.65724512853194e-05
3886,1745778175.471856,4.071954754181206e-05
3887,1745778185.0354452,7.801063475199044e-05
3888,1745778193.6250474,3.7444959161803126e-05
3889,1745778297.848239,5.916785084991716e-06
3890,1745778313.5511847,3.3331521990476176e-05
3891,1745778328.3237207,0.0001848425017669797
3892,1745778344.3392005,0.03126322478055954
3893,1745778371.8450532,0.0001423775393050164
3894,1745778402.2184298,9.990958642447367e-05
3895,1745778428.026976,0.004028726369142532
3896,1745778451.813346,7.375667337328196e-05
3897,1745778475.0615668,0.00020249513909220695
3898,1745778501.2857516,4.30351028626319e-05
3899,1745778524.2654595,2.6059276933665387e-05
3900,1745778558.3368704,5.815835538669489e-05
3901,1745778580.9238002,4.992180038243532e-05
3902,1745778607.587148,4.953250754624605e-05
3903,1745778628.4702353,8.160342258634046e-05
3904,1745778654.1566825,3.212178489775397e-05
3905,1745778662.0102248,0.0001276141993002966
3906,1745778687.5332572,5.918185706832446e-05
3907,1745778715.5048726,0.0002689338871277869
3908,1745778735.0849154,0.00024773486074991524
3909,1745778760.4193385,0.00020367086108308285
3910,1745778783.6916418,0.0001332619140157476
3911,1745778810.1591713,0.001484594540670514
3912,1745778831.3799036,4.916780744679272e-05
3913,1745778866.263592,9.522960317553952e-05
3914,1745778891.7395792,3.861677760141902e-05
3915,1745778911.914511,8.20418426883407e-05
3916,1745778933.8313131,0.0037304647266864777
3917,1745778968.5247114,4.722297308035195e-05
3918,1745778998.9682662,0.00017445985577069223
3919,1745779028.1272676,0.00012868050544057041
3920,1745779052.346816,0.00038842501817271113
3921,1745779077.1463723,0.000379379402147606
3922,1745779107.7661107,0.00025488651590421796
3923,1745779142.4038002,0.00010751710215117782
3924,1745779155.6191578,0.0002560819557402283
3925,1745779178.8817272,6.522993498947471e-05
3926,1745779201.6674452,0.0001246125320903957
3927,1745779221.1673586,8.827310375636443e-05
3928,1745779248.5801067,0.00019758140842895955
3929,1745779273.2599382,6.939869490452111e-05
3930,1745779295.1446536,3.9474645745940506e-05
3931,1745779322.3330564,6.229176506167278e-05
3932,1745779361.9993446,3.157509854645468e-05
3933,1745779383.955828,8.05882882559672e-05
3934,1745779404.8690925,7.193552301032469e-05
3935,1745779434.3771813,1.9583170796977356e-05
3936,1745779444.8779554,7.61561532272026e-05
3937,1745779480.1561012,4.1719053115230054e-05
3938,1745779504.7910042,4.4766569772036746e-05
3939,1745779527.2978103,7.454836304532364e-05
3940,1745779555.276189,8.923223504098132e-05
3941,1745779593.6137695,2.7857218810822815e-05
3942,1745779606.4869568,0.0017743639182299376
3943,1745779635.7241192,3.919117443729192e-05
3944,1745779663.7472327,3.616745743784122e-05
3945,1745779688.8951023,6.270982703426853e-05
3946,1745779717.206554,4.414934301166795e-05
3947,1745779747.9741344,0.00026446173433214426
3948,1745779756.1497998,6.66248524794355e-05
3949,1745779790.936502,8.513595093972981e-05
3950,1745779821.7680032,0.0023370692506432533
3951,1745779840.6029563,8.579208952141926e-05
3952,1745779866.0333717,0.0001439476036466658
3953,1745779899.7079594,0.00017646854394115508
3954,1745779926.8000915,0.00010621620458550751
3955,1745779952.2368839,0.006639353930950165
3956,1745779981.3546424,0.00019983219681307673
3957,1745780005.4673696,4.001749402959831e-05
3958,1745780030.816781,5.419163062470034e-05
3959,1745780067.2393928,8.854883344611153e-05
3960,1745780085.722874,0.021874604746699333
3961,1745780116.4593384,2.8583499442902394e-05
3962,1745780144.1317072,2.862195105990395e-05
3963,1745780175.012524,7.018785981927067e-05
3964,1745780211.1064546,0.0009056302369572222
3965,1745780246.5965338,3.704411210492253e-05
3966,1745780268.518684,0.00014857450150884688
3967,1745780295.8033726,0.00010410640243208036
3968,1745780316.2221837,0.001261947792954743
3969,1745780328.5625572,2.469609353283886e-05
3970,1745780577.6065106,5.21896145073697e-05
3971,1745780586.4432523,6.391078204615042e-05
3972,1745780623.5722814,3.629734055721201e-05
3973,1745780633.5581162,4.496620749705471e-05
3974,1745780660.9427488,8.764839731156826e-05
3975,1745780684.3815134,4.696825271821581e-05
3976,1745780706.6669545,3.257664502598345e-05
3977,1745780733.5279846,0.00611528567969799
3978,1745780762.2387793,6.069284791010432e-05
3979,1745780791.7976923,4.0017363062361255e-05
3980,1745780823.8302574,2.5048495444934815e-05
3981,1745780839.535994,1.6828151274239644e-05
3982,1745780862.113502,8.290035475511104e-05
3983,1745780885.6790397,0.00011975369125138968
3984,1745780916.5562963,0.000711525441147387
3985,1745780944.0481682,6.661889347014949e-05
3986,1745780958.1126728,9.248966671293601e-05
3987,1745780988.380087,0.0010024885414168239
3988,1745781015.7620823,8.093205542536452e-05
3989,1745781042.8695683,3.529186506057158e-05
3990,1745781058.2851772,5.253004201222211e-05
3991,1745781091.4031668,3.846191248157993e-05
3992,1745781114.6646283,0.00013669826148543507
3993,1745781136.7080195,3.41378508892376e-05
3994,1745781163.5892487,2.6437164706294425e-05
3995,1745781188.515137,2.616263009258546e-05
3996,1745781213.9858541,4.8808957217261195e-05
3997,1745781249.10383,2.11431452044053e-05
3998,1745781256.4616663,4.1208721086150035e-05
3999,1745781282.7874815,8.168496424332261e-05
4000,1745781310.188722,2.4497539925505407e-05
4001,1745781332.1946259,9.31743488763459e-05
4002,1745781359.3983147,6.578600005013868e-05
4003,1745781382.4909542,0.0013763941824436188
4004,1745781416.275698,0.0018874560482800007
4005,1745781448.1360302,3.954549174522981e-05
4006,1745781465.6209974,0.00196795049123466
4007,1745781494.8147392,4.275953324395232e-05
4008,1745781518.2220824,5.987448457744904e-05
4009,1745781544.498197,0.00019644375424832106
4010,1745781573.847621,0.0002552416699472815
4011,1745781612.0517285,0.00036127769271843135
4012,1745781626.9837327,0.00012085412163287401
4013,1745781652.9620576,0.00040477290167473257
4014,1745781683.5484796,0.0007453469443134964
4015,1745781709.5719204,0.00025568873388692737
4016,1745781730.909792,0.0004772264801431447
4017,1745781754.1674838,9.850707283476368e-05
4018,1745781782.4943027,0.0008804952376522124
4019,1745781798.2534726,6.896994455019012e-05
4020,1745781826.5466065,3.599698902689852e-05
4021,1745781851.7206943,0.0027309388387948275
4022,1745781880.5473492,8.317225729115307e-05
4023,1745781909.8395846,0.0001355458953185007
4024,1745781933.768308,2.722048338910099e-05
4025,1745781954.173578,2.3035912818158977e-05
4026,1745781988.7392402,6.822392606409267e-05
4027,1745782026.0530148,0.00030242447974160314
4028,1745782039.29917,5.939977927482687e-05
4029,1745782064.859783,0.00014076939260121435
4030,1745782089.7305372,0.00016991297889035195
4031,1745782112.4352312,9.821012645261362e-05
4032,1745782137.970436,0.0007727998308837414
4033,1745782170.7365272,0.00022664846619591117
4034,1745782195.051272,0.00012093544501112774
4035,1745782218.918505,6.789670442231e-05
4036,1745782251.482336,7.514949538744986e-05
4037,1745782278.312703,0.00022978492779657245
4038,1745782305.0612266,4.788588921655901e-05
4039,1745782319.147578,9.292730101151392e-05
4040,1745782349.4728973,7.965869008330628e-05
4041,1745782380.9507046,6.242986273718998e-05
4042,1745782407.9595156,5.246903674560599e-05
4043,1745782432.9696038,0.0006500246236100793
4044,1745782459.3917289,5.847932698088698e-05
4045,1745782486.603772,5.2683735702885315e-05
4046,1745782512.6564603,1.4504433238471393e-05
4047,1745782536.4302838,4.643291686079465e-05
4048,1745782556.486333,4.662461287807673e-05
4049,1745782578.0341036,0.0002357485209358856
4050,1745782586.8880136,2.3635380784980953e-05
