step,wall_time,value
1,1745681887.5857818,1.2345679145653321e-08
2,1745681907.0952876,2.4691358291306642e-08
3,1745681925.7774742,3.7037036548781543e-08
4,1745681935.1110764,4.9382716582613284e-08
5,1745681943.936296,6.172839306373135e-08
6,1745681963.376292,7.407407309756309e-08
7,1745681971.9861126,8.641975313139483e-08
8,1745681991.277103,9.876543316522657e-08
9,1745682006.3035076,1.1111111319905831e-07
10,1745682025.782351,1.234567861274627e-07
11,1745682042.7971532,1.3580246616129443e-07
12,1745682051.9425583,1.4814814619512617e-07
13,1745682065.6562796,1.6049382622895791e-07
14,1745682077.6053553,1.7283950626278966e-07
15,1745682096.2373435,1.851851862966214e-07
16,1745682102.9771082,1.9753086633045314e-07
17,1745682111.3980775,2.0987654636428488e-07
18,1745682129.6786807,2.2222222639811662e-07
19,1745682139.1166022,2.3456790643194836e-07
20,1745682150.371234,2.469135722549254e-07
21,1745682167.7043521,2.592592522887571e-07
22,1745682199.1971998,2.7160493232258887e-07
23,1745682213.552942,2.839506123564206e-07
24,1745682222.200042,2.9629629239025235e-07
25,1745682237.984292,3.086419724240841e-07
26,1745682250.1183171,3.2098765245791583e-07
27,1745682262.2419436,3.3333333249174757e-07
28,1745682281.9408002,3.456790125255793e-07
29,1745682297.4820573,3.5802469255941105e-07
30,1745682308.786237,3.703703725932428e-07
31,1745682320.6834955,3.8271605262707453e-07
32,1745682341.7639437,3.9506173266090627e-07
33,1745682370.0769048,4.07407412694738e-07
34,1745682378.926679,4.1975309272856975e-07
35,1745682395.7195003,4.320987727624015e-07
36,1745682418.3680167,4.4444445279623324e-07
37,1745682437.0285745,4.56790132830065e-07
38,1745682449.5255778,4.691358128638967e-07
39,1745682463.3288343,4.814814928977285e-07
40,1745682490.2076013,4.938271445098508e-07
41,1745682508.6756928,5.061728529653919e-07
42,1745682523.9915755,5.185185045775142e-07
43,1745682534.1831286,5.308642130330554e-07
44,1745682550.2528307,5.432098646451777e-07
45,1745682566.2720602,5.555555731007189e-07
46,1745682583.8878593,5.679012247128412e-07
47,1745682607.0058672,5.802469331683824e-07
48,1745682626.5848656,5.925925847805047e-07
49,1745682646.0515835,6.049382932360459e-07
50,1745682666.124757,6.172839448481682e-07
51,1745682687.6730459,6.296296533037093e-07
52,1745682702.8473597,6.419753049158317e-07
53,1745682712.9442954,6.543210133713728e-07
54,1745682730.06987,6.666666649834951e-07
55,1745682746.13778,6.790123734390363e-07
56,1745682762.8587646,6.913580250511586e-07
57,1745682781.2757263,7.037036766632809e-07
58,1745682799.7160778,7.160493851188221e-07
59,1745682811.5853934,7.283950367309444e-07
60,1745682826.2613182,7.407407451864856e-07
61,1745682849.1982791,7.530863967986079e-07
62,1745682859.187922,7.654321052541491e-07
63,1745682871.9440763,7.777777568662714e-07
64,1745682886.6501324,7.901234653218125e-07
65,1745682903.7243261,8.024691169339349e-07
66,1745682922.7480214,8.14814825389476e-07
67,1745682942.6966317,8.271604770015983e-07
68,1745682962.4325545,8.395061854571395e-07
69,1745682974.5669894,8.518518370692618e-07
70,1745682990.6097302,8.64197545524803e-07
71,1745683001.4194667,8.765431971369253e-07
72,1745683019.986516,8.888889055924665e-07
73,1745683033.6908612,9.012345572045888e-07
74,1745683050.3593063,9.1358026566013e-07
75,1745683058.944293,9.259259172722523e-07
76,1745683073.602932,9.382716257277934e-07
77,1745683086.4362483,9.506172773399157e-07
78,1745683095.7732568,9.62962985795457e-07
79,1745683110.2486846,9.75308694250998e-07
80,1745683115.805944,9.876542890197015e-07
81,1745683126.6714094,9.999999974752427e-07
82,1745683269.9712594,1.0123457059307839e-06
83,1745683281.6315022,1.024691414386325e-06
84,1745683295.5904105,1.0370370091550285e-06
85,1745683305.867375,1.0493827176105697e-06
86,1745683316.8111842,1.0617284260661108e-06
87,1745683329.5054274,1.0740740208348143e-06
88,1745683345.3996003,1.0864197292903555e-06
89,1745683352.577264,1.0987654377458966e-06
90,1745683370.1031866,1.1111111462014378e-06
91,1745683381.3406792,1.1234567409701413e-06
92,1745683397.93509,1.1358024494256824e-06
93,1745683414.4071212,1.1481481578812236e-06
94,1745683427.864374,1.1604938663367648e-06
95,1745683446.9747262,1.1728394611054682e-06
96,1745683457.2316852,1.1851851695610094e-06
97,1745683472.608604,1.1975308780165506e-06
98,1745683497.3382144,1.2098765864720917e-06
99,1745683517.3205032,1.2222221812407952e-06
100,1745683527.780879,1.2345678896963364e-06
101,1745683556.8305829,1.2469135981518775e-06
102,1745683567.514768,1.2592593066074187e-06
103,1745683577.2842877,1.2716049013761221e-06
104,1745683597.6815412,1.2839506098316633e-06
105,1745683605.9734402,1.2962963182872045e-06
106,1745683634.8283148,1.3086420267427457e-06
107,1745683647.2252393,1.3209876215114491e-06
108,1745683655.9735436,1.3333333299669903e-06
109,1745683680.41687,1.3456790384225314e-06
110,1745683701.5057187,1.3580247468780726e-06
111,1745683719.9089625,1.370370341646776e-06
112,1745683736.8423526,1.3827160501023172e-06
113,1745683750.830725,1.3950617585578584e-06
114,1745683772.6684878,1.4074073533265619e-06
115,1745683790.8025355,1.419753061782103e-06
116,1745683809.863028,1.4320987702376442e-06
117,1745683826.6826766,1.4444444786931854e-06
118,1745683844.94028,1.4567900734618888e-06
119,1745683863.604117,1.46913578191743e-06
120,1745683872.4693887,1.4814814903729712e-06
121,1745683893.0377758,1.4938271988285123e-06
122,1745683904.031758,1.5061727935972158e-06
123,1745683922.6126575,1.518518502052757e-06
124,1745683938.7004752,1.5308642105082981e-06
125,1745683961.3649783,1.5432099189638393e-06
126,1745683968.7622743,1.5555555137325427e-06
127,1745683993.7598815,1.567901222188084e-06
128,1745684009.9320738,1.580246930643625e-06
129,1745684027.0824187,1.5925926390991663e-06
130,1745684041.6120336,1.6049382338678697e-06
131,1745684062.7470262,1.6172839423234109e-06
132,1745684077.3218386,1.629629650778952e-06
133,1745684096.9248521,1.6419753592344932e-06
134,1745684115.1634505,1.6543209540031967e-06
135,1745684123.0810227,1.6666666624587378e-06
136,1745684139.1132536,1.679012370914279e-06
137,1745684147.2572682,1.6913580793698202e-06
138,1745684164.4083993,1.7037036741385236e-06
139,1745684171.7643867,1.7160493825940648e-06
140,1745684193.2762785,1.728395091049606e-06
141,1745684203.097701,1.7407406858183094e-06
142,1745684213.6357143,1.7530863942738506e-06
143,1745684229.144354,1.7654321027293918e-06
144,1745684242.7456164,1.777777811184933e-06
145,1745684258.2495897,1.7901234059536364e-06
146,1745684277.3025584,1.8024691144091776e-06
147,1745684290.2704723,1.8148148228647187e-06
148,1745684310.542524,1.82716053132026e-06
149,1745684322.2895079,1.8395061260889634e-06
150,1745684334.2642365,1.8518518345445045e-06
151,1745684355.7569578,1.8641975430000457e-06
152,1745684379.611362,1.8765432514555869e-06
153,1745684385.103896,1.8888888462242903e-06
154,1745684411.8206573,1.9012345546798315e-06
155,1745684435.4442832,1.9135802631353727e-06
156,1745684450.8337927,1.925925971590914e-06
157,1745684463.0292568,1.938271680046455e-06
158,1745684474.3162143,1.950617388501996e-06
159,1745684484.0459845,1.962962869583862e-06
160,1745684496.2025378,1.975308578039403e-06
161,1745684507.5291824,1.9876542864949442e-06
162,1745684514.0754983,1.9999999949504854e-06
163,1745684642.303731,2.0123457034060266e-06
164,1745684660.315077,2.0246914118615678e-06
165,1745684678.8362966,2.037037120317109e-06
166,1745684688.637557,2.04938282877265e-06
167,1745684706.04346,2.061728309854516e-06
168,1745684713.2690566,2.074074018310057e-06
169,1745684737.4345555,2.086419726765598e-06
170,1745684748.7541707,2.0987654352211393e-06
171,1745684768.5958211,2.1111111436766805e-06
172,1745684790.31777,2.1234568521322217e-06
173,1745684801.4242928,2.135802560587763e-06
174,1745684818.927144,2.1481480416696286e-06
175,1745684837.2725353,2.1604937501251698e-06
176,1745684855.3333132,2.172839458580711e-06
177,1745684864.6797392,2.185185167036252e-06
178,1745684883.5400207,2.1975308754917933e-06
179,1745684903.7670677,2.2098765839473344e-06
180,1745684924.9796724,2.2222222924028756e-06
181,1745684940.3296638,2.2345680008584168e-06
182,1745684957.0749507,2.2469134819402825e-06
183,1745684970.0682833,2.2592591903958237e-06
184,1745684988.4448733,2.271604898851365e-06
185,1745685004.7933116,2.283950607306906e-06
186,1745685022.7476895,2.296296315762447e-06
187,1745685049.2172437,2.3086420242179884e-06
188,1745685061.3768644,2.3209877326735295e-06
189,1745685071.2925491,2.3333334411290707e-06
190,1745685086.206244,2.3456789222109364e-06
191,1745685110.8298485,2.3580246306664776e-06
192,1745685127.9213295,2.3703703391220188e-06
193,1745685142.6552944,2.38271604757756e-06
194,1745685160.5382469,2.395061756033101e-06
195,1745685176.1162837,2.4074074644886423e-06
196,1745685190.942723,2.4197531729441835e-06
197,1745685202.5436816,2.432098654026049e-06
198,1745685218.3125763,2.4444443624815904e-06
199,1745685235.2004113,2.4567900709371315e-06
200,1745685244.1059673,2.4691357793926727e-06
201,1745685257.338667,2.481481487848214e-06
202,1745685275.5615406,2.493827196303755e-06
203,1745685299.1572783,2.5061729047592962e-06
204,1745685312.5853882,2.5185186132148374e-06
205,1745685324.3004417,2.530864094296703e-06
206,1745685339.9172368,2.5432098027522443e-06
207,1745685351.1447392,2.5555555112077855e-06
208,1745685362.8970735,2.5679012196633266e-06
209,1745685382.400689,2.580246928118868e-06
210,1745685396.6431842,2.592592636574409e-06
211,1745685404.9520059,2.60493834502995e-06
212,1745685414.3126333,2.6172840534854913e-06
213,1745685429.7585187,2.629629534567357e-06
214,1745685448.7390833,2.6419752430228982e-06
215,1745685464.903785,2.6543209514784394e-06
216,1745685485.4873106,2.6666666599339806e-06
217,1745685506.0427704,2.6790123683895217e-06
218,1745685517.60001,2.691358076845063e-06
219,1745685532.2316692,2.703703785300604e-06
220,1745685545.5759532,2.7160494937561452e-06
221,1745685558.9000669,2.728394974838011e-06
222,1745685571.2482977,2.740740683293552e-06
223,1745685586.7819045,2.7530863917490933e-06
224,1745685599.8477848,2.7654321002046345e-06
225,1745685617.4077463,2.7777778086601757e-06
226,1745685631.6505718,2.790123517115717e-06
227,1745685650.1917796,2.802469225571258e-06
228,1745685669.2772048,2.8148147066531237e-06
229,1745685680.9234908,2.827160415108665e-06
230,1745685695.1426623,2.839506123564206e-06
231,1745685714.315918,2.8518518320197472e-06
232,1745685722.5131793,2.8641975404752884e-06
233,1745685743.3946579,2.8765432489308296e-06
234,1745685752.2623165,2.8888889573863707e-06
235,1745685775.6334298,2.901234665841912e-06
236,1745685793.2585804,2.9135801469237776e-06
237,1745685803.4692702,2.925925855379319e-06
238,1745685823.0073576,2.93827156383486e-06
239,1745685833.9329238,2.950617272290401e-06
240,1745685846.589757,2.9629629807459423e-06
241,1745685857.690107,2.9753086892014835e-06
242,1745685869.671238,2.9876543976570247e-06
243,1745685877.2068799,3.000000106112566e-06
244,1745686010.64976,3.0123455871944316e-06
245,1745686033.2689147,3.0246912956499727e-06
246,1745686056.6467724,3.037037004105514e-06
247,1745686068.428153,3.049382712561055e-06
248,1745686077.165261,3.0617284210165963e-06
249,1745686090.973342,3.0740741294721374e-06
250,1745686111.8190162,3.0864198379276786e-06
251,1745686135.8889906,3.0987653190095443e-06
252,1745686154.1711423,3.1111110274650855e-06
253,1745686164.9178388,3.1234567359206267e-06
254,1745686185.9298677,3.135802444376168e-06
255,1745686200.5014908,3.148148152831709e-06
256,1745686212.5352066,3.16049386128725e-06
257,1745686230.8944223,3.1728395697427914e-06
258,1745686264.3107584,3.1851852781983325e-06
259,1745686282.4452455,3.1975307592801983e-06
260,1745686306.138,3.2098764677357394e-06
261,1745686320.7242863,3.2222221761912806e-06
262,1745686342.33271,3.2345678846468218e-06
263,1745686353.0593462,3.246913593102363e-06
264,1745686375.9218838,3.259259301557904e-06
265,1745686389.932045,3.2716050100134453e-06
266,1745686408.861078,3.2839507184689865e-06
267,1745686427.785959,3.296296199550852e-06
268,1745686443.8864853,3.3086419080063934e-06
269,1745686465.9508429,3.3209876164619345e-06
270,1745686489.3852825,3.3333333249174757e-06
271,1745686502.5842903,3.345679033373017e-06
272,1745686511.009556,3.358024741828558e-06
273,1745686525.7546422,3.370370450284099e-06
274,1745686540.4162226,3.3827161587396404e-06
275,1745686549.7996519,3.395061639821506e-06
276,1745686570.7147312,3.4074073482770473e-06
277,1745686583.978896,3.4197530567325884e-06
278,1745686607.841727,3.4320987651881296e-06
279,1745686618.417672,3.444444473643671e-06
280,1745686634.1352463,3.456790182099212e-06
281,1745686644.0363216,3.469135890554753e-06
282,1745686667.0252936,3.481481371636619e-06
283,1745686682.599583,3.49382708009216e-06
284,1745686691.6112216,3.506172788547701e-06
285,1745686701.1849053,3.5185184970032424e-06
286,1745686717.31432,3.5308642054587835e-06
287,1745686725.7694795,3.5432099139143247e-06
288,1745686744.1043735,3.555555622369866e-06
289,1745686757.0687506,3.567901330825407e-06
290,1745686777.852101,3.5802468119072728e-06
291,1745686785.2426465,3.592592520362814e-06
292,1745686803.5489137,3.604938228818355e-06
293,1745686822.957526,3.6172839372738963e-06
294,1745686830.6827865,3.6296296457294375e-06
295,1745686855.7743456,3.6419753541849786e-06
296,1745686873.2547562,3.65432106264052e-06
297,1745686888.1457288,3.666666771096061e-06
298,1745686900.86118,3.6790122521779267e-06
299,1745686913.0045466,3.691357960633468e-06
300,1745686931.3058739,3.703703669089009e-06
301,1745686948.5434508,3.7160493775445502e-06
302,1745686966.8872766,3.7283950860000914e-06
303,1745686978.6815007,3.7407407944556326e-06
304,1745686997.3538444,3.7530865029111737e-06
305,1745687007.6602972,3.765432211366715e-06
306,1745687019.6255934,3.7777776924485806e-06
307,1745687038.6141145,3.790123400904122e-06
308,1745687050.569509,3.802469109359663e-06
309,1745687066.2912474,3.814814590441529e-06
310,1745687089.1233714,3.827160526270745e-06
311,1745687098.926354,3.839506007352611e-06
312,1745687117.7003112,3.851851943181828e-06
313,1745687134.4018843,3.864197424263693e-06
314,1745687145.617404,3.87654336009291e-06
315,1745687159.4317963,3.888888841174776e-06
316,1745687177.6611445,3.901234777003992e-06
317,1745687190.9386058,3.913580258085858e-06
318,1745687208.6342306,3.925925739167724e-06
319,1745687225.7132468,3.93827167499694e-06
320,1745687241.8857827,3.950617156078806e-06
321,1745687256.6098657,3.962963091908023e-06
322,1745687268.2046914,3.9753085729898885e-06
323,1745687289.0603642,3.987654508819105e-06
324,1745687293.944334,3.999999989900971e-06
325,1745687408.3760896,4.0123454709828366e-06
326,1745687428.093314,4.024691406812053e-06
327,1745687451.049586,4.037036887893919e-06
328,1745687459.848893,4.0493828237231355e-06
329,1745687473.623904,4.061728304805001e-06
330,1745687489.1522355,4.074074240634218e-06
331,1745687506.9547665,4.086419721716084e-06
332,1745687514.5031004,4.0987656575453e-06
333,1745687537.9834871,4.111111138627166e-06
334,1745687546.831577,4.123456619709032e-06
335,1745687562.5454032,4.135802555538248e-06
336,1745687580.7359984,4.148148036620114e-06
337,1745687597.4572477,4.160493972449331e-06
338,1745687618.117248,4.172839453531196e-06
339,1745687635.3742445,4.185185389360413e-06
340,1745687643.7009344,4.197530870442279e-06
341,1745687659.6970966,4.209876351524144e-06
342,1745687674.826087,4.222222287353361e-06
343,1745687693.6468732,4.234567768435227e-06
344,1745687702.0315557,4.246913704264443e-06
345,1745687715.7145743,4.259259185346309e-06
346,1745687732.779878,4.271605121175526e-06
347,1745687741.207305,4.2839506022573914e-06
348,1745687752.5270686,4.296296083339257e-06
349,1745687773.7489429,4.308642019168474e-06
350,1745687787.8830838,4.3209875002503395e-06
351,1745687808.9675536,4.333333436079556e-06
352,1745687818.372296,4.345678917161422e-06
353,1745687838.91242,4.3580248529906385e-06
354,1745687848.6728597,4.370370334072504e-06
355,1745687865.727757,4.382716269901721e-06
356,1745687885.8924153,4.3950617509835865e-06
357,1745687898.4450574,4.407407232065452e-06
358,1745687914.8465748,4.419753167894669e-06
359,1745687923.5247808,4.432098648976535e-06
360,1745687940.0621524,4.444444584805751e-06
361,1745687961.510321,4.456790065887617e-06
362,1745687979.711401,4.4691360017168336e-06
363,1745687996.7483075,4.481481482798699e-06
364,1745688016.4265614,4.493826963880565e-06
365,1745688024.1448476,4.506172899709782e-06
366,1745688043.1362665,4.518518380791647e-06
367,1745688071.1544192,4.530864316620864e-06
368,1745688088.107529,4.54320979770273e-06
369,1745688110.359122,4.555555733531946e-06
370,1745688130.465989,4.567901214613812e-06
371,1745688140.4751534,4.580246695695678e-06
372,1745688150.1440248,4.592592631524894e-06
373,1745688166.15613,4.60493811260676e-06
374,1745688173.0065756,4.617284048435977e-06
375,1745688194.4188504,4.6296295295178425e-06
376,1745688218.5643296,4.641975465347059e-06
377,1745688240.3186793,4.654320946428925e-06
378,1745688247.7039235,4.666666882258141e-06
379,1745688257.9803483,4.679012363340007e-06
380,1745688277.636287,4.691357844421873e-06
381,1745688290.2933567,4.7037037802510895e-06
382,1745688306.2501962,4.716049261332955e-06
383,1745688315.7620783,4.728395197162172e-06
384,1745688338.8751585,4.7407406782440376e-06
385,1745688356.8797984,4.753086614073254e-06
386,1745688376.500211,4.76543209515512e-06
387,1745688393.5520384,4.777777576236986e-06
388,1745688407.9707437,4.790123512066202e-06
389,1745688425.6456032,4.802468993148068e-06
390,1745688435.1997185,4.814814928977285e-06
391,1745688449.9077985,4.82716041005915e-06
392,1745688458.4767573,4.839506345888367e-06
393,1745688480.0480525,4.851851826970233e-06
394,1745688496.6589239,4.864197308052098e-06
395,1745688506.56429,4.876543243881315e-06
396,1745688514.7825575,4.888888724963181e-06
397,1745688529.26947,4.901234660792397e-06
398,1745688542.1059704,4.913580141874263e-06
399,1745688554.763844,4.92592607770348e-06
400,1745688568.7741833,4.938271558785345e-06
401,1745688585.5664704,4.950617494614562e-06
402,1745688601.1856933,4.962962975696428e-06
403,1745688615.1547854,4.9753084567782935e-06
404,1745688629.874348,4.98765439260751e-06
405,1745688638.2760599,4.999999873689376e-06
406,1745688748.413281,5.0123458095185924e-06
407,1745688755.8617246,5.024691290600458e-06
408,1745688773.6649172,5.037037226429675e-06
409,1745688784.4775646,5.0493827075115405e-06
410,1745688794.4288025,5.061728188593406e-06
411,1745688812.0200577,5.074074124422623e-06
412,1745688830.3861794,5.0864196055044886e-06
413,1745688849.7765408,5.098765541333705e-06
414,1745688860.413461,5.111111022415571e-06
415,1745688876.7329185,5.1234569582447875e-06
416,1745688898.591634,5.135802439326653e-06
417,1745688906.7252228,5.14814837515587e-06
418,1745688930.952847,5.160493856237736e-06
419,1745688944.6179953,5.172839337319601e-06
420,1745688960.966536,5.185185273148818e-06
421,1745688978.1462097,5.197530754230684e-06
422,1745688993.7146719,5.2098766900599e-06
423,1745689007.2155282,5.222222171141766e-06
424,1745689016.2226465,5.234568106970983e-06
425,1745689033.4909253,5.246913588052848e-06
426,1745689057.0326443,5.259259069134714e-06
427,1745689075.020653,5.271605004963931e-06
428,1745689087.5301504,5.2839504860457964e-06
429,1745689105.4525805,5.296296421875013e-06
430,1745689117.4292557,5.308641902956879e-06
431,1745689127.6118937,5.320987838786095e-06
432,1745689146.368372,5.333333319867961e-06
433,1745689155.3818002,5.345678800949827e-06
434,1745689169.9207575,5.3580247367790435e-06
435,1745689187.671234,5.370370217860909e-06
436,1745689207.2258036,5.382716153690126e-06
437,1745689218.6304102,5.3950616347719915e-06
438,1745689239.503229,5.407407570601208e-06
439,1745689248.6521888,5.419753051683074e-06
440,1745689267.901199,5.4320989875122905e-06
441,1745689284.673092,5.444444468594156e-06
442,1745689298.475493,5.456789949676022e-06
443,1745689315.0464606,5.4691358855052385e-06
444,1745689326.6411526,5.481481366587104e-06
445,1745689336.3991535,5.493827302416321e-06
446,1745689347.952706,5.506172783498187e-06
447,1745689364.8869927,5.518518719327403e-06
448,1745689385.7709775,5.530864200409269e-06
449,1745689393.7866178,5.543209681491135e-06
450,1745689412.9063785,5.555555617320351e-06
451,1745689421.0316367,5.567901098402217e-06
452,1745689439.6370106,5.580247034231434e-06
453,1745689463.474539,5.592592515313299e-06
454,1745689474.643526,5.604938451142516e-06
455,1745689496.4962556,5.617283932224382e-06
456,1745689511.457118,5.6296294133062474e-06
457,1745689519.4802675,5.641975349135464e-06
458,1745689533.0930593,5.65432083021733e-06
459,1745689541.484225,5.666666766046546e-06
460,1745689558.3862503,5.679012247128412e-06
461,1745689579.6842513,5.691358182957629e-06
462,1745689600.099907,5.7037036640394945e-06
463,1745689611.6941261,5.716049599868711e-06
464,1745689631.9956517,5.728395080950577e-06
465,1745689647.6677191,5.7407405620324425e-06
466,1745689670.273585,5.753086497861659e-06
467,1745689677.995403,5.765431978943525e-06
468,1745689703.7896135,5.7777779147727415e-06
469,1745689731.6535344,5.790123395854607e-06
470,1745689746.1013665,5.802469331683824e-06
471,1745689763.3894804,5.8148148127656896e-06
472,1745689777.4417484,5.827160293847555e-06
473,1745689797.3448863,5.839506229676772e-06
474,1745689807.4506247,5.851851710758638e-06
475,1745689821.1521761,5.864197646587854e-06
476,1745689839.127819,5.87654312766972e-06
477,1745689854.2614472,5.888889063498937e-06
478,1745689879.23096,5.901234544580802e-06
479,1745689896.7479985,5.913580025662668e-06
480,1745689909.1394703,5.925925961491885e-06
481,1745689921.4816315,5.93827144257375e-06
482,1745689937.588291,5.950617378402967e-06
483,1745689955.8610644,5.962962859484833e-06
484,1745689974.0203264,5.975308795314049e-06
485,1745689989.3728144,5.987654276395915e-06
486,1745690000.1506386,6.000000212225132e-06
487,1745690114.8716953,6.012345693306997e-06
488,1745690138.0018234,6.024691174388863e-06
489,1745690148.8428493,6.03703711021808e-06
490,1745690166.9444034,6.0493825912999455e-06
491,1745690178.263841,6.061728527129162e-06
492,1745690205.8233123,6.074074008211028e-06
493,1745690217.131122,6.0864199440402444e-06
494,1745690228.8202808,6.09876542512211e-06
495,1745690240.888124,6.111110906203976e-06
496,1745690267.4006999,6.1234568420331925e-06
497,1745690291.158918,6.135802323115058e-06
498,1745690311.6988642,6.148148258944275e-06
499,1745690334.042804,6.160493740026141e-06
500,1745690349.0110593,6.172839675855357e-06
501,1745690369.6485507,6.185185156937223e-06
502,1745690379.5846584,6.197530638019089e-06
503,1745690399.5219684,6.209876573848305e-06
504,1745690414.114783,6.222222054930171e-06
505,1745690430.9159687,6.234567990759388e-06
506,1745690443.992784,6.246913471841253e-06
507,1745690451.9407215,6.25925940767047e-06
508,1745690468.3517478,6.271604888752336e-06
509,1745690477.2238493,6.283950824581552e-06
510,1745690499.7919507,6.296296305663418e-06
511,1745690510.6902678,6.308641786745284e-06
512,1745690534.9657958,6.3209877225745e-06
513,1745690554.509872,6.333333203656366e-06
514,1745690570.2562776,6.345679139485583e-06
515,1745690581.1702347,6.3580246205674484e-06
516,1745690599.1078732,6.370370556396665e-06
517,1745690608.1087809,6.382716037478531e-06
518,1745690631.6813803,6.3950615185603965e-06
519,1745690657.9497883,6.407407454389613e-06
520,1745690679.884351,6.419752935471479e-06
521,1745690691.1908145,6.4320988713006955e-06
522,1745690700.2910254,6.444444352382561e-06
523,1745690715.3419242,6.456790288211778e-06
524,1745690724.7237291,6.4691357692936435e-06
525,1745690743.8438218,6.48148170512286e-06
526,1745690756.8904405,6.493827186204726e-06
527,1745690767.2973235,6.506172667286592e-06
528,1745690782.4739642,6.518518603115808e-06
529,1745690795.4656937,6.530864084197674e-06
530,1745690818.4060547,6.5432100200268906e-06
531,1745690828.163669,6.555555501108756e-06
532,1745690843.9550095,6.567901436937973e-06
533,1745690857.4615424,6.580246918019839e-06
534,1745690877.7931197,6.592592399101704e-06
535,1745690898.7562983,6.604938334930921e-06
536,1745690914.7681537,6.617283816012787e-06
537,1745690922.3806796,6.629629751842003e-06
538,1745690938.2619045,6.641975232923869e-06
539,1745690956.2339027,6.654321168753086e-06
540,1745690978.004922,6.666666649834951e-06
541,1745690998.0513766,6.679012130916817e-06
542,1745691007.783157,6.691358066746034e-06
543,1745691030.7799807,6.7037035478278995e-06
544,1745691042.1148317,6.716049483657116e-06
545,1745691055.9163997,6.728394964738982e-06
546,1745691072.1588974,6.740740900568198e-06
547,1745691093.5776236,6.753086381650064e-06
548,1745691113.1375299,6.765432317479281e-06
549,1745691127.1728861,6.7777777985611465e-06
550,1745691141.181675,6.790123279643012e-06
551,1745691153.6959229,6.802469215472229e-06
552,1745691166.43136,6.8148146965540946e-06
553,1745691179.764991,6.827160632383311e-06
554,1745691202.546477,6.839506113465177e-06
555,1745691211.758482,6.8518520492943935e-06
556,1745691234.4428449,6.864197530376259e-06
557,1745691243.4242792,6.876543011458125e-06
558,1745691264.1394224,6.888888947287342e-06
559,1745691285.0401924,6.901234428369207e-06
560,1745691294.1975322,6.913580364198424e-06
561,1745691307.0390704,6.92592584528029e-06
562,1745691316.9833877,6.938271781109506e-06
563,1745691329.8954308,6.950617262191372e-06
564,1745691344.0383465,6.962962743273238e-06
565,1745691358.7723608,6.975308679102454e-06
566,1745691373.896906,6.98765416018432e-06
567,1745691385.4418724,7.000000096013537e-06
568,1745691509.1364512,7.012345577095402e-06
569,1745691524.565359,7.024691512924619e-06
570,1745691540.5296423,7.037036994006485e-06
571,1745691550.9062073,7.049382929835701e-06
572,1745691564.9122164,7.061728410917567e-06
573,1745691574.564778,7.074073891999433e-06
574,1745691590.7402775,7.0864198278286494e-06
575,1745691611.3332608,7.098765308910515e-06
576,1745691627.1137817,7.111111244739732e-06
577,1745691642.4141521,7.1234567258215975e-06
578,1745691657.8776197,7.135802661650814e-06
579,1745691673.631573,7.14814814273268e-06
580,1745691687.749258,7.1604936238145456e-06
581,1745691695.6167798,7.172839559643762e-06
582,1745691717.827683,7.185185040725628e-06
583,1745691726.2685506,7.1975309765548445e-06
584,1745691754.790415,7.20987645763671e-06
585,1745691767.2243638,7.222222393465927e-06
586,1745691776.241447,7.234567874547793e-06
587,1745691802.883531,7.246913355629658e-06
588,1745691821.0211391,7.259259291458875e-06
589,1745691830.831022,7.271604772540741e-06
590,1745691846.1523647,7.283950708369957e-06
591,1745691861.0745516,7.296296189451823e-06
592,1745691872.5951464,7.30864212528104e-06
593,1745691882.7943163,7.320987606362905e-06
594,1745691896.2779162,7.333333542192122e-06
595,1745691915.765138,7.345679023273988e-06
596,1745691932.3602822,7.358024504355853e-06
597,1745691951.883039,7.37037044018507e-06
598,1745691968.4040132,7.382715921266936e-06
599,1745691981.9388492,7.395061857096152e-06
600,1745692002.6506517,7.407407338178018e-06
601,1745692015.7952983,7.419753274007235e-06
602,1745692034.551384,7.4320987550891005e-06
603,1745692055.0147474,7.444444236170966e-06
604,1745692063.238773,7.456790172000183e-06
605,1745692079.8116038,7.4691356530820485e-06
606,1745692095.1333907,7.481481588911265e-06
607,1745692113.884759,7.493827069993131e-06
608,1745692135.3854547,7.5061730058223475e-06
609,1745692156.8628376,7.518518486904213e-06
610,1745692168.8336062,7.53086442273343e-06
611,1745692183.804312,7.5432099038152955e-06
612,1745692209.6221242,7.555555384897161e-06
613,1745692231.8941534,7.567901320726378e-06
614,1745692247.2017436,7.580246801808244e-06
615,1745692257.3381603,7.59259273763746e-06
616,1745692276.0433493,7.604938218719326e-06
617,1745692295.3604255,7.6172841545485426e-06
618,1745692315.4307764,7.629629180883057e-06
619,1745692323.50936,7.641975571459625e-06
620,1745692344.5955713,7.65432105254149e-06
621,1745692357.8615613,7.666666533623356e-06
622,1745692371.8587012,7.679012014705222e-06
623,1745692389.9613473,7.69135840528179e-06
624,1745692403.302546,7.703703886363655e-06
625,1745692412.3124452,7.716049367445521e-06
626,1745692424.6115437,7.728394848527387e-06
627,1745692435.3525326,7.740740329609253e-06
628,1745692444.4437528,7.75308672018582e-06
629,1745692464.631051,7.765432201267686e-06
630,1745692477.5795732,7.777777682349551e-06
631,1745692493.3552566,7.790123163431417e-06
632,1745692508.7212234,7.802469554007985e-06
633,1745692519.628133,7.81481503508985e-06
634,1745692531.712397,7.827160516171716e-06
635,1745692556.3842082,7.839505997253582e-06
636,1745692567.0073745,7.851851478335448e-06
637,1745692590.6212993,7.864197868912015e-06
638,1745692605.6710997,7.87654334999388e-06
639,1745692624.1553981,7.888888831075747e-06
640,1745692634.680872,7.901234312157612e-06
641,1745692647.9672897,7.913579793239478e-06
642,1745692663.6812806,7.925926183816046e-06
643,1745692681.8688908,7.938271664897911e-06
644,1745692701.0555212,7.950617145979777e-06
645,1745692708.6212935,7.962962627061643e-06
646,1745692726.7847178,7.97530901763821e-06
647,1745692739.180777,7.987654498720076e-06
648,1745692748.159883,7.999999979801942e-06
649,1745692859.9239726,8.012345460883807e-06
650,1745692876.355504,8.024690941965673e-06
651,1745692888.8966396,8.03703733254224e-06
652,1745692905.6265905,8.049382813624106e-06
653,1745692929.2510593,8.061728294705972e-06
654,1745692938.9325912,8.074073775787838e-06
655,1745692952.8598366,8.086420166364405e-06
656,1745692980.628289,8.098765647446271e-06
657,1745692994.9887269,8.111111128528137e-06
658,1745693033.82937,8.123456609610002e-06
659,1745693045.9136357,8.135802090691868e-06
660,1745693073.590994,8.148148481268436e-06
661,1745693100.7525554,8.160493962350301e-06
662,1745693120.1141665,8.172839443432167e-06
663,1745693144.6932116,8.185184924514033e-06
664,1745693171.089828,8.1975313150906e-06
665,1745693199.7159646,8.209876796172466e-06
666,1745693214.1086814,8.222222277254332e-06
667,1745693226.4133928,8.234567758336198e-06
668,1745693259.480064,8.246913239418063e-06
669,1745693284.3145096,8.25925962999463e-06
670,1745693296.1963966,8.271605111076497e-06
671,1745693322.0522342,8.283950592158362e-06
672,1745693345.857114,8.296296073240228e-06
673,1745693376.231769,8.308641554322094e-06
674,1745693398.0672019,8.320987944898661e-06
675,1745693422.2177577,8.333333425980527e-06
676,1745693449.8709176,8.345678907062393e-06
677,1745693476.863356,8.358024388144258e-06
678,1745693507.6045315,8.370370778720826e-06
679,1745693536.7565918,8.382716259802692e-06
680,1745693561.913078,8.395061740884557e-06
681,1745693592.9381793,8.407407221966423e-06
682,1745693619.7239468,8.419752703048289e-06
683,1745693647.4167738,8.432099093624856e-06
684,1745693673.9734833,8.444444574706722e-06
685,1745693700.0357,8.456790055788588e-06
686,1745693726.1851432,8.469135536870454e-06
687,1745693751.8612752,8.481481927447021e-06
688,1745693778.7406628,8.493827408528887e-06
689,1745693806.2835178,8.506172889610752e-06
690,1745693836.2034333,8.518518370692618e-06
691,1745693849.9031913,8.530863851774484e-06
692,1745693880.9828007,8.543210242351051e-06
693,1745693922.6765938,8.555555723432917e-06
694,1745693933.6390367,8.567901204514783e-06
695,1745693955.8045797,8.580246685596649e-06
696,1745693980.0440543,8.592592166678514e-06
697,1745694002.682681,8.604938557255082e-06
698,1745694032.3651018,8.617284038336948e-06
699,1745694053.4201853,8.629629519418813e-06
700,1745694095.0282736,8.641975000500679e-06
701,1745694102.5990417,8.654321391077247e-06
702,1745694125.357742,8.666666872159112e-06
703,1745694142.9639068,8.679012353240978e-06
704,1745694169.3804507,8.691357834322844e-06
705,1745694196.9922962,8.70370331540471e-06
706,1745694218.6910102,8.716049705981277e-06
707,1745694245.4046195,8.728395187063143e-06
708,1745694265.2951584,8.740740668145008e-06
709,1745694299.70029,8.753086149226874e-06
710,1745694341.5037396,8.765432539803442e-06
711,1745694369.97104,8.777778020885307e-06
712,1745694387.4855359,8.790123501967173e-06
713,1745694408.0293865,8.802468983049039e-06
714,1745694446.7818336,8.814814464130905e-06
715,1745694475.179127,8.827160854707472e-06
716,1745694497.6553075,8.839506335789338e-06
717,1745694531.985488,8.851851816871203e-06
718,1745694541.8280265,8.86419729795307e-06
719,1745694569.274802,8.876542779034935e-06
720,1745694598.1701248,8.888889169611502e-06
721,1745694625.7002869,8.901234650693368e-06
722,1745694650.1302838,8.913580131775234e-06
723,1745694679.035114,8.9259256128571e-06
724,1745694707.1562595,8.938272003433667e-06
725,1745694729.809649,8.950617484515533e-06
726,1745694759.8060746,8.962962965597399e-06
727,1745694786.1888146,8.975308446679264e-06
728,1745694814.5283592,8.98765392776113e-06
729,1745694828.3706248,9.000000318337698e-06
730,1745695105.0328856,9.012345799419563e-06
731,1745695133.7906747,9.024691280501429e-06
732,1745695146.6183558,9.037036761583295e-06
733,1745695174.4988668,9.049383152159862e-06
734,1745695194.910557,9.061728633241728e-06
735,1745695224.000043,9.074074114323594e-06
736,1745695252.5289795,9.08641959540546e-06
737,1745695265.9213536,9.098765076487325e-06
738,1745695295.4889605,9.111111467063893e-06
739,1745695326.2281005,9.123456948145758e-06
740,1745695345.0619106,9.135802429227624e-06
741,1745695358.8685675,9.14814791030949e-06
742,1745695386.8780603,9.160493391391356e-06
743,1745695412.4647367,9.172839781967923e-06
744,1745695447.3376658,9.185185263049789e-06
745,1745695476.8526654,9.197530744131655e-06
746,1745695497.9691615,9.20987622521352e-06
747,1745695523.8533676,9.222222615790088e-06
748,1745695555.0562165,9.234568096871953e-06
749,1745695585.369383,9.24691357795382e-06
750,1745695606.264597,9.259259059035685e-06
751,1745695629.616018,9.27160454011755e-06
752,1745695657.2471447,9.283950930694118e-06
753,1745695684.4129803,9.296296411775984e-06
754,1745695710.5923564,9.30864189285785e-06
755,1745695744.0772867,9.320987373939715e-06
756,1745695762.9013739,9.333333764516283e-06
757,1745695789.0510588,9.345679245598149e-06
758,1745695815.901375,9.358024726680014e-06
759,1745695836.428992,9.37037020776188e-06
760,1745695865.1697085,9.382715688843746e-06
761,1745695881.2434976,9.395062079420313e-06
762,1745695908.3323286,9.407407560502179e-06
763,1745695930.1085396,9.419753041584045e-06
764,1745695955.0794203,9.43209852266591e-06
765,1745695983.0103652,9.444444003747776e-06
766,1745696007.3228147,9.456790394324344e-06
767,1745696038.7497785,9.46913587540621e-06
768,1745696046.877986,9.481481356488075e-06
769,1745696072.0429275,9.49382683756994e-06
770,1745696094.9417746,9.506173228146508e-06
771,1745696123.046785,9.518518709228374e-06
772,1745696149.575653,9.53086419031024e-06
773,1745696171.4056885,9.543209671392106e-06
774,1745696203.1274574,9.555555152473971e-06
775,1745696233.9998183,9.567901543050539e-06
776,1745696245.5083828,9.580247024132404e-06
777,1745696277.6661775,9.59259250521427e-06
778,1745696315.6575081,9.604937986296136e-06
779,1745696344.3922625,9.617284376872703e-06
780,1745696357.9778206,9.62962985795457e-06
781,1745696389.9608588,9.641975339036435e-06
782,1745696410.8242927,9.6543208201183e-06
783,1745696437.5224066,9.666666301200166e-06
784,1745696468.1914768,9.679012691776734e-06
785,1745696481.8309593,9.6913581728586e-06
786,1745696514.9641893,9.703703653940465e-06
787,1745696533.880536,9.716049135022331e-06
788,1745696559.3317091,9.728394616104197e-06
789,1745696587.7935479,9.740741006680764e-06
790,1745696625.2788582,9.75308648776263e-06
791,1745696644.9146752,9.765431968844496e-06
792,1745696670.1546962,9.777777449926361e-06
793,1745696696.9737613,9.790123840502929e-06
794,1745696710.0442958,9.802469321584795e-06
795,1745696738.3580585,9.81481480266666e-06
796,1745696763.0708597,9.827160283748526e-06
797,1745696796.2980297,9.839505764830392e-06
798,1745696809.4583607,9.85185215540696e-06
799,1745696841.26137,9.864197636488825e-06
800,1745696865.6874213,9.87654311757069e-06
801,1745696891.6435568,9.888888598652557e-06
802,1745696915.1808035,9.901234989229124e-06
803,1745696941.3171723,9.91358047031099e-06
804,1745696971.3123152,9.925925951392855e-06
805,1745696994.126969,9.938271432474721e-06
806,1745697017.9861164,9.950616913556587e-06
807,1745697047.2676835,9.962963304133154e-06
808,1745697071.4885294,9.97530878521502e-06
809,1745697101.4156015,9.987654266296886e-06
810,1745697114.2374947,9.999999747378752e-06
811,1745697380.7921486,1.0012345228460617e-05
812,1745697413.3450856,1.0024691619037185e-05
813,1745697448.6435091,1.003703710011905e-05
814,1745697471.7392266,1.0049382581200916e-05
815,1745697488.986579,1.0061728062282782e-05
816,1745697523.9688737,1.007407445285935e-05
817,1745697532.957628,1.0086419933941215e-05
818,1745697558.1665,1.0098765415023081e-05
819,1745697587.5623255,1.0111110896104947e-05
820,1745697623.0517836,1.0123456377186812e-05
821,1745697637.7867365,1.013580276776338e-05
822,1745697664.5878174,1.0148148248845246e-05
823,1745697688.850972,1.0160493729927111e-05
824,1745697717.1446335,1.0172839211008977e-05
825,1745697733.1175137,1.0185185601585545e-05
826,1745697757.7732658,1.019753108266741e-05
827,1745697784.1273744,1.0209876563749276e-05
828,1745697813.8549738,1.0222222044831142e-05
829,1745697840.6519706,1.0234567525913008e-05
830,1745697878.5387485,1.0246913916489575e-05
831,1745697906.7820833,1.025925939757144e-05
832,1745697931.3400598,1.0271604878653307e-05
833,1745697956.6509433,1.0283950359735172e-05
834,1745697978.7456844,1.029629675031174e-05
835,1745698013.7714148,1.0308642231393605e-05
836,1745698030.927795,1.0320987712475471e-05
837,1745698052.7328525,1.0333333193557337e-05
838,1745698085.1568344,1.0345678674639203e-05
839,1745698123.762198,1.035802506521577e-05
840,1745698150.2389016,1.0370370546297636e-05
841,1745698169.8491173,1.0382716027379502e-05
842,1745698187.0320342,1.0395061508461367e-05
843,1745698213.7701433,1.0407406989543233e-05
844,1745698237.9865901,1.04197533801198e-05
845,1745698255.9062407,1.0432098861201666e-05
846,1745698279.204532,1.0444444342283532e-05
847,1745698322.333794,1.0456789823365398e-05
848,1745698344.2952769,1.0469136213941965e-05
849,1745698359.687148,1.0481481695023831e-05
850,1745698392.9543164,1.0493827176105697e-05
851,1745698421.1974866,1.0506172657187562e-05
852,1745698440.4324048,1.0518518138269428e-05
853,1745698459.4168458,1.0530864528845996e-05
854,1745698487.3189275,1.0543210009927861e-05
855,1745698513.4151628,1.0555555491009727e-05
856,1745698537.030648,1.0567900972091593e-05
857,1745698558.0019028,1.058024736266816e-05
858,1745698585.1950743,1.0592592843750026e-05
859,1745698614.719064,1.0604938324831892e-05
860,1745698647.5603223,1.0617283805913758e-05
861,1745698676.611268,1.0629629286995623e-05
862,1745698693.3846996,1.064197567757219e-05
863,1745698712.9824095,1.0654321158654056e-05
864,1745698741.3150702,1.0666666639735922e-05
865,1745698765.2072282,1.0679012120817788e-05
866,1745698785.7852743,1.0691357601899654e-05
867,1745698818.0178714,1.0703703992476221e-05
868,1745698840.4886453,1.0716049473558087e-05
869,1745698863.5911033,1.0728394954639953e-05
870,1745698887.0783796,1.0740740435721818e-05
871,1745698910.840914,1.0753086826298386e-05
872,1745698937.6407356,1.0765432307380252e-05
873,1745698967.7388525,1.0777777788462117e-05
874,1745698990.0001123,1.0790123269543983e-05
875,1745699024.642965,1.0802468750625849e-05
876,1745699033.2429402,1.0814815141202416e-05
877,1745699053.6947043,1.0827160622284282e-05
878,1745699078.6328468,1.0839506103366148e-05
879,1745699109.6716726,1.0851851584448013e-05
880,1745699130.550375,1.0864197975024581e-05
881,1745699152.1672232,1.0876543456106447e-05
882,1745699174.3309133,1.0888888937188312e-05
883,1745699206.4066644,1.0901234418270178e-05
884,1745699234.9503424,1.0913579899352044e-05
885,1745699258.388855,1.0925926289928611e-05
886,1745699282.4129949,1.0938271771010477e-05
887,1745699312.851976,1.0950617252092343e-05
888,1745699357.983256,1.0962962733174209e-05
889,1745699370.729879,1.0975308214256074e-05
890,1745699397.6207352,1.0987654604832642e-05
891,1745699410.9493785,1.1000000085914508e-05
892,1745699682.7647796,1.1012345566996373e-05
893,1745699725.8083375,1.1024691048078239e-05
894,1745699758.5114825,1.1037037438654806e-05
895,1745699770.0798645,1.1049382919736672e-05
896,1745699796.1990314,1.1061728400818538e-05
897,1745699821.823992,1.1074073881900404e-05
898,1745699851.0303314,1.108641936298227e-05
899,1745699871.0345886,1.1098765753558837e-05
900,1745699899.2220962,1.1111111234640703e-05
901,1745699932.8657947,1.1123456715722568e-05
902,1745699943.821765,1.1135802196804434e-05
903,1745699983.1159713,1.1148148587381002e-05
904,1745699994.6862783,1.1160494068462867e-05
905,1745700020.2095103,1.1172839549544733e-05
906,1745700044.5303395,1.1185185030626599e-05
907,1745700066.2812126,1.1197530511708464e-05
908,1745700093.7853048,1.1209876902285032e-05
909,1745700126.2894652,1.1222222383366898e-05
910,1745700147.1936953,1.1234567864448763e-05
911,1745700172.1510365,1.124691334553063e-05
912,1745700196.727422,1.1259258826612495e-05
913,1745700235.0891328,1.1271605217189062e-05
914,1745700266.1818073,1.1283950698270928e-05
915,1745700289.7916536,1.1296296179352794e-05
916,1745700312.8837729,1.130864166043466e-05
917,1745700349.2922795,1.1320988051011227e-05
918,1745700365.138719,1.1333333532093093e-05
919,1745700391.3530645,1.1345679013174959e-05
920,1745700424.9157906,1.1358024494256824e-05
921,1745700448.9744601,1.137036997533869e-05
922,1745700475.3877482,1.1382716365915257e-05
923,1745700499.7151382,1.1395061846997123e-05
924,1745700532.2015376,1.1407407328078989e-05
925,1745700560.3014917,1.1419752809160855e-05
926,1745700576.9486115,1.1432099199737422e-05
927,1745700597.2766058,1.1444444680819288e-05
928,1745700626.4520977,1.1456790161901154e-05
929,1745700658.3847513,1.146913564298302e-05
930,1745700688.61806,1.1481481124064885e-05
931,1745700712.0085788,1.1493827514641453e-05
932,1745700740.3218274,1.1506172995723318e-05
933,1745700752.487913,1.1518518476805184e-05
934,1745700778.2978783,1.153086395788705e-05
935,1745700812.0160666,1.1543209438968915e-05
936,1745700825.7375321,1.1555555829545483e-05
937,1745700852.9783916,1.1567901310627349e-05
938,1745700879.02858,1.1580246791709214e-05
939,1745700902.121254,1.159259227279108e-05
940,1745700929.2639604,1.1604938663367648e-05
941,1745700957.06848,1.1617284144449513e-05
942,1745700986.9726098,1.1629629625531379e-05
943,1745700998.9971406,1.1641975106613245e-05
944,1745701018.9252954,1.165432058769511e-05
945,1745701046.509163,1.1666666978271678e-05
946,1745701061.0015864,1.1679012459353544e-05
947,1745701087.2565784,1.169135794043541e-05
948,1745701119.4122782,1.1703703421517275e-05
949,1745701147.9041643,1.1716049812093843e-05
950,1745701183.67359,1.1728395293175709e-05
951,1745701194.190585,1.1740740774257574e-05
952,1745701222.9350982,1.175308625533944e-05
953,1745701259.5007422,1.1765431736421306e-05
954,1745701295.4036808,1.1777778126997873e-05
955,1745701322.7887626,1.1790123608079739e-05
956,1745701344.056434,1.1802469089161605e-05
957,1745701373.495819,1.181481457024347e-05
958,1745701395.9949288,1.1827160051325336e-05
959,1745701423.7317474,1.1839506441901904e-05
960,1745701445.9700797,1.185185192298377e-05
961,1745701472.4343545,1.1864197404065635e-05
962,1745701498.1036932,1.18765428851475e-05
963,1745701524.7936623,1.1888889275724068e-05
964,1745701556.4901311,1.1901234756805934e-05
965,1745701569.9866776,1.19135802378878e-05
966,1745701599.4972217,1.1925925718969665e-05
967,1745701639.4119265,1.1938271200051531e-05
968,1745701668.3815336,1.1950617590628099e-05
969,1745701690.0839226,1.1962963071709964e-05
970,1745701712.809844,1.197530855279183e-05
971,1745701740.8151374,1.1987654033873696e-05
972,1745701754.9068468,1.2000000424450263e-05
973,1745702014.6579554,1.2012345905532129e-05
974,1745702041.997943,1.2024691386613995e-05
975,1745702071.8621097,1.203703686769586e-05
976,1745702089.4689858,1.2049382348777726e-05
977,1745702103.5064974,1.2061728739354294e-05
978,1745702133.13159,1.207407422043616e-05
979,1745702140.2488291,1.2086419701518025e-05
980,1745702172.9803705,1.2098765182599891e-05
981,1745702206.8755698,1.2111110663681757e-05
982,1745702219.9837093,1.2123457054258324e-05
983,1745702240.9199436,1.213580253534019e-05
984,1745702270.3475635,1.2148148016422056e-05
985,1745702294.1752806,1.2160493497503921e-05
986,1745702314.5734305,1.2172839888080489e-05
987,1745702337.5185354,1.2185185369162355e-05
988,1745702359.5739772,1.219753085024422e-05
989,1745702389.1761594,1.2209876331326086e-05
990,1745702407.6291378,1.2222221812407952e-05
991,1745702425.3885744,1.223456820298452e-05
992,1745702453.062503,1.2246913684066385e-05
993,1745702476.6797514,1.225925916514825e-05
994,1745702509.995733,1.2271604646230116e-05
995,1745702523.9192102,1.2283951036806684e-05
996,1745702546.2242954,1.229629651788855e-05
997,1745702560.478039,1.2308641998970415e-05
998,1745702582.7982116,1.2320987480052281e-05
999,1745702613.6228209,1.2333332961134147e-05
1000,1745702646.923069,1.2345679351710714e-05
1001,1745702674.7861707,1.235802483279258e-05
1002,1745702685.7465982,1.2370370313874446e-05
1003,1745702718.429075,1.2382715794956312e-05
1004,1745702732.0084345,1.2395061276038177e-05
1005,1745702760.161172,1.2407407666614745e-05
1006,1745702777.0703065,1.241975314769661e-05
1007,1745702800.599066,1.2432098628778476e-05
1008,1745702828.2526672,1.2444444109860342e-05
1009,1745702864.6496344,1.245679050043691e-05
1010,1745702877.2181523,1.2469135981518775e-05
1011,1745702911.822506,1.2481481462600641e-05
1012,1745702933.2228255,1.2493826943682507e-05
1013,1745702956.3060863,1.2506172424764372e-05
1014,1745702989.7004044,1.251851881534094e-05
1015,1745703004.1847024,1.2530864296422806e-05
1016,1745703031.4641209,1.2543209777504671e-05
1017,1745703070.1867664,1.2555555258586537e-05
1018,1745703093.030023,1.2567901649163105e-05
1019,1745703116.1539671,1.258024713024497e-05
1020,1745703161.7904727,1.2592592611326836e-05
1021,1745703177.3142862,1.2604938092408702e-05
1022,1745703207.449752,1.2617283573490568e-05
1023,1745703218.8164058,1.2629629964067135e-05
1024,1745703245.2968168,1.2641975445149e-05
1025,1745703269.0735319,1.2654320926230866e-05
1026,1745703289.400056,1.2666666407312732e-05
1027,1745703312.6385748,1.26790127978893e-05
1028,1745703343.4039345,1.2691358278971165e-05
1029,1745703371.722695,1.2703703760053031e-05
1030,1745703404.242646,1.2716049241134897e-05
1031,1745703412.4367328,1.2728394722216763e-05
1032,1745703445.2860613,1.274074111279333e-05
1033,1745703452.0446875,1.2753086593875196e-05
1034,1745703479.5285497,1.2765432074957062e-05
1035,1745703510.9159012,1.2777777556038927e-05
1036,1745703544.6750686,1.2790123037120793e-05
1037,1745703565.1720421,1.280246942769736e-05
1038,1745703589.3574443,1.2814814908779226e-05
1039,1745703608.4642117,1.2827160389861092e-05
1040,1745703633.6958735,1.2839505870942958e-05
1041,1745703660.9148922,1.2851852261519525e-05
1042,1745703690.0506544,1.2864197742601391e-05
1043,1745703720.5112903,1.2876543223683257e-05
1044,1745703745.9581537,1.2888888704765122e-05
1045,1745703769.4842727,1.2901234185846988e-05
1046,1745703795.9731395,1.2913580576423556e-05
1047,1745703822.102489,1.2925926057505421e-05
1048,1745703848.1260016,1.2938271538587287e-05
1049,1745703871.4383578,1.2950617019669153e-05
1050,1745703900.0267575,1.296296341024572e-05
1051,1745703935.2651687,1.2975308891327586e-05
1052,1745703957.1823792,1.2987654372409452e-05
1053,1745703968.6964097,1.2999999853491317e-05
1054,1745704240.481965,1.3012345334573183e-05
1055,1745704279.456986,1.302469172514975e-05
1056,1745704301.852248,1.3037037206231616e-05
1057,1745704325.5329058,1.3049382687313482e-05
1058,1745704348.7747822,1.3061728168395348e-05
1059,1745704370.9132648,1.3074073649477214e-05
1060,1745704389.8550422,1.3086420040053781e-05
1061,1745704420.6476502,1.3098765521135647e-05
1062,1745704450.8588932,1.3111111002217513e-05
1063,1745704476.375787,1.3123456483299378e-05
1064,1745704507.3607051,1.3135802873875946e-05
1065,1745704527.6206567,1.3148148354957812e-05
1066,1745704553.0674837,1.3160493836039677e-05
1067,1745704580.9073374,1.3172839317121543e-05
1068,1745704614.2474003,1.3185184798203409e-05
1069,1745704642.6368554,1.3197531188779976e-05
1070,1745704668.744236,1.3209876669861842e-05
1071,1745704689.1544673,1.3222222150943708e-05
1072,1745704714.5196366,1.3234567632025573e-05
1073,1745704738.8826416,1.3246914022602141e-05
1074,1745704762.6276987,1.3259259503684007e-05
1075,1745704791.652626,1.3271604984765872e-05
1076,1745704816.6873224,1.3283950465847738e-05
1077,1745704843.1908169,1.3296295946929604e-05
1078,1745704867.5461116,1.3308642337506171e-05
1079,1745704895.7372417,1.3320987818588037e-05
1080,1745704924.653507,1.3333333299669903e-05
1081,1745704947.3060215,1.3345678780751768e-05
1082,1745704973.2270012,1.3358024261833634e-05
1083,1745705003.6492338,1.3370370652410202e-05
1084,1745705027.4784913,1.3382716133492067e-05
1085,1745705052.62869,1.3395061614573933e-05
1086,1745705071.8208954,1.3407407095655799e-05
1087,1745705101.652288,1.3419753486232366e-05
1088,1745705131.159227,1.3432098967314232e-05
1089,1745705145.8625283,1.3444444448396098e-05
1090,1745705180.3125257,1.3456789929477964e-05
1091,1745705205.9220977,1.346913541055983e-05
1092,1745705225.0012612,1.3481481801136397e-05
1093,1745705251.6059668,1.3493827282218263e-05
1094,1745705278.1605816,1.3506172763300128e-05
1095,1745705296.7080798,1.3518518244381994e-05
1096,1745705319.29568,1.3530864634958562e-05
1097,1745705335.7269502,1.3543210116040427e-05
1098,1745705350.9576745,1.3555555597122293e-05
1099,1745705377.860366,1.3567901078204159e-05
1100,1745705409.1045635,1.3580246559286024e-05
1101,1745705422.1350863,1.3592592949862592e-05
1102,1745705444.205502,1.3604938430944458e-05
1103,1745705466.581256,1.3617283912026323e-05
1104,1745705495.6434195,1.3629629393108189e-05
1105,1745705527.8400302,1.3641974874190055e-05
1106,1745705556.5872707,1.3654321264766622e-05
1107,1745705573.3545396,1.3666666745848488e-05
1108,1745705592.0230942,1.3679012226930354e-05
1109,1745705625.2055783,1.369135770801222e-05
1110,1745705645.7597942,1.3703704098588787e-05
1111,1745705679.7127116,1.3716049579670653e-05
1112,1745705701.3476455,1.3728395060752518e-05
1113,1745705720.2330155,1.3740740541834384e-05
1114,1745705746.2977538,1.375308602291625e-05
1115,1745705774.4107275,1.3765432413492817e-05
1116,1745705807.386973,1.3777777894574683e-05
1117,1745705818.5455484,1.3790123375656549e-05
1118,1745705844.219955,1.3802468856738415e-05
1119,1745705870.471223,1.3814815247314982e-05
1120,1745705892.0293534,1.3827160728396848e-05
1121,1745705915.2028072,1.3839506209478714e-05
1122,1745705941.1359465,1.385185169056058e-05
1123,1745705965.4445546,1.3864197171642445e-05
1124,1745705996.075771,1.3876543562219013e-05
1125,1745706028.9400434,1.3888889043300878e-05
1126,1745706061.8344927,1.3901234524382744e-05
1127,1745706088.3807805,1.391358000546461e-05
1128,1745706114.4187074,1.3925925486546475e-05
1129,1745706149.573801,1.3938271877123043e-05
1130,1745706170.5758734,1.3950617358204909e-05
1131,1745706197.248205,1.3962962839286774e-05
1132,1745706222.1500177,1.397530832036864e-05
1133,1745706254.8903642,1.3987654710945208e-05
1134,1745706270.2197766,1.4000000192027073e-05
1135,1745706529.4303465,1.4012345673108939e-05
1136,1745706564.458659,1.4024691154190805e-05
1137,1745706589.7408926,1.403703663527267e-05
1138,1745706602.893061,1.4049383025849238e-05
1139,1745706636.5020075,1.4061728506931104e-05
1140,1745706661.044822,1.407407398801297e-05
1141,1745706679.247513,1.4086419469094835e-05
1142,1745706706.9132757,1.4098765859671403e-05
1143,1745706721.6218412,1.4111111340753268e-05
1144,1745706746.9219582,1.4123456821835134e-05
1145,1745706777.340768,1.4135802302917e-05
1146,1745706805.9947162,1.4148147783998866e-05
1147,1745706821.4450593,1.4160494174575433e-05
1148,1745706846.8732748,1.4172839655657299e-05
1149,1745706879.1098495,1.4185185136739165e-05
1150,1745706892.745933,1.419753061782103e-05
1151,1745706921.8799567,1.4209876098902896e-05
1152,1745706947.030633,1.4222222489479464e-05
1153,1745706965.8231928,1.423456797056133e-05
1154,1745706991.9193518,1.4246913451643195e-05
1155,1745707030.093578,1.425925893272506e-05
1156,1745707043.0422027,1.4271605323301628e-05
1157,1745707069.1019807,1.4283950804383494e-05
1158,1745707096.6224852,1.429629628546536e-05
1159,1745707127.0586417,1.4308641766547225e-05
1160,1745707151.8419447,1.4320987247629091e-05
1161,1745707180.7730205,1.4333333638205659e-05
1162,1745707213.56901,1.4345679119287524e-05
1163,1745707221.1725123,1.435802460036939e-05
1164,1745707246.1196814,1.4370370081451256e-05
1165,1745707276.974942,1.4382716472027823e-05
1166,1745707301.8654647,1.4395061953109689e-05
1167,1745707332.1607642,1.4407407434191555e-05
1168,1745707343.351359,1.441975291527342e-05
1169,1745707373.6592524,1.4432098396355286e-05
1170,1745707382.8267531,1.4444444786931854e-05
1171,1745707408.433448,1.445679026801372e-05
1172,1745707431.2625475,1.4469135749095585e-05
1173,1745707463.2852361,1.4481481230177451e-05
1174,1745707487.2246969,1.4493826711259317e-05
1175,1745707513.3377485,1.4506173101835884e-05
1176,1745707544.9054492,1.451851858291775e-05
1177,1745707553.9435573,1.4530864063999616e-05
1178,1745707582.597064,1.4543209545081481e-05
1179,1745707597.2985108,1.4555555935658049e-05
1180,1745707621.6657596,1.4567901416739915e-05
1181,1745707654.2033832,1.458024689782178e-05
1182,1745707692.8714583,1.4592592378903646e-05
1183,1745707723.990391,1.4604937859985512e-05
1184,1745707741.017847,1.461728425056208e-05
1185,1745707768.7879193,1.4629629731643945e-05
1186,1745707793.6270573,1.464197521272581e-05
1187,1745707810.3685095,1.4654320693807676e-05
1188,1745707834.8446403,1.4666667084384244e-05
1189,1745707866.9084046,1.467901256546611e-05
1190,1745707875.3391974,1.4691358046547975e-05
1191,1745707911.1663752,1.4703703527629841e-05
1192,1745707942.9558136,1.4716049008711707e-05
1193,1745707970.2731214,1.4728395399288274e-05
1194,1745707994.5242155,1.474074088037014e-05
1195,1745708013.2688618,1.4753086361452006e-05
1196,1745708030.5382988,1.4765431842533872e-05
1197,1745708053.123615,1.4777777323615737e-05
1198,1745708082.1323662,1.4790123714192305e-05
1199,1745708100.3782716,1.480246919527417e-05
1200,1745708126.634114,1.4814814676356036e-05
1201,1745708151.3941069,1.4827160157437902e-05
1202,1745708178.3004127,1.483950654801447e-05
1203,1745708209.2560182,1.4851852029096335e-05
1204,1745708230.2554672,1.4864197510178201e-05
1205,1745708258.9888387,1.4876542991260067e-05
1206,1745708280.3762205,1.4888888472341932e-05
1207,1745708299.2100058,1.49012348629185e-05
1208,1745708326.7840807,1.4913580344000366e-05
1209,1745708352.4273226,1.4925925825082231e-05
1210,1745708384.4549592,1.4938271306164097e-05
1211,1745708398.3235614,1.4950617696740665e-05
1212,1745708419.8882096,1.496296317782253e-05
1213,1745708457.9585497,1.4975308658904396e-05
1214,1745708469.889433,1.4987654139986262e-05
1215,1745708483.3531446,1.4999999621068127e-05
1216,1745708737.5375082,1.5012346011644695e-05
1217,1745708765.0965939,1.502469149272656e-05
1218,1745708788.305143,1.5037036973808426e-05
1219,1745708823.071597,1.5049382454890292e-05
1220,1745708860.567954,1.506172884546686e-05
1221,1745708873.7740679,1.5074074326548725e-05
1222,1745708906.1161637,1.5086419807630591e-05
1223,1745708945.1287355,1.5098765288712457e-05
1224,1745708967.7583907,1.5111110769794323e-05
1225,1745708991.0893552,1.512345716037089e-05
1226,1745709009.203419,1.5135802641452756e-05
1227,1745709034.7181437,1.5148148122534622e-05
1228,1745709077.8344674,1.5160493603616487e-05
1229,1745709084.4537475,1.5172839084698353e-05
1230,1745709112.7588656,1.518518547527492e-05
1231,1745709146.7908285,1.5197530956356786e-05
1232,1745709171.447512,1.5209876437438652e-05
1233,1745709182.0174735,1.5222221918520518e-05
1234,1745709202.836666,1.5234568309097085e-05
1235,1745709243.898132,1.5246913790178951e-05
1236,1745709254.890729,1.5259258361766115e-05
1237,1745709277.4301727,1.5271605661837384e-05
1238,1745709299.0931642,1.528395114291925e-05
1239,1745709324.9948874,1.5296296624001116e-05
1240,1745709356.0301745,1.530864210508298e-05
1241,1745709387.8224702,1.5320987586164847e-05
1242,1745709401.5258422,1.5333333067246713e-05
1243,1745709423.1581028,1.534567854832858e-05
1244,1745709448.4445715,1.5358024029410444e-05
1245,1745709484.003541,1.537036951049231e-05
1246,1745709496.8073854,1.538271681056358e-05
1247,1745709523.55347,1.5395062291645445e-05
1248,1745709532.5085006,1.540740777272731e-05
1249,1745709556.0573711,1.5419753253809176e-05
1250,1745709585.2021785,1.5432098734891042e-05
1251,1745709610.6722426,1.5444444215972908e-05
1252,1745709635.550882,1.5456789697054774e-05
1253,1745709656.006711,1.546913517813664e-05
1254,1745709690.8834558,1.5481480659218505e-05
1255,1745709702.010368,1.5493827959289774e-05
1256,1745709729.6279697,1.550617344037164e-05
1257,1745709764.9943235,1.5518518921453506e-05
1258,1745709783.7999065,1.553086440253537e-05
1259,1745709802.662991,1.5543209883617237e-05
1260,1745709832.176374,1.5555555364699103e-05
1261,1745709855.7173762,1.556790084578097e-05
1262,1745709881.020485,1.5580246326862834e-05
1263,1745709897.5034032,1.55925918079447e-05
1264,1745709927.080575,1.560493910801597e-05
1265,1745709944.1930363,1.5617284589097835e-05
1266,1745709960.5294292,1.56296300701797e-05
1267,1745709983.127414,1.5641975551261567e-05
1268,1745710015.8122225,1.5654321032343432e-05
1269,1745710044.4165835,1.5666666513425298e-05
1270,1745710065.0753999,1.5679011994507164e-05
1271,1745710096.1759324,1.569135747558903e-05
1272,1745710120.0424461,1.5703702956670895e-05
1273,1745710138.8656452,1.5716050256742164e-05
1274,1745710185.5381284,1.572839573782403e-05
1275,1745710203.6397617,1.5740741218905896e-05
1276,1745710223.0296943,1.575308669998776e-05
1277,1745710251.4316192,1.5765432181069627e-05
1278,1745710278.5619965,1.5777777662151493e-05
1279,1745710300.23255,1.579012314323336e-05
1280,1745710316.235245,1.5802468624315225e-05
1281,1745710344.0430486,1.581481410539709e-05
1282,1745710360.9324288,1.5827159586478956e-05
1283,1745710393.5345442,1.5839506886550225e-05
1284,1745710416.1964338,1.585185236763209e-05
1285,1745710438.4660783,1.5864197848713957e-05
1286,1745710477.3401752,1.5876543329795823e-05
1287,1745710501.2158463,1.5888888810877688e-05
1288,1745710533.475654,1.5901234291959554e-05
1289,1745710556.3776622,1.591357977304142e-05
1290,1745710579.7754703,1.5925925254123285e-05
1291,1745710611.8249848,1.593827073520515e-05
1292,1745710632.124517,1.595061803527642e-05
1293,1745710654.8927083,1.5962963516358286e-05
1294,1745710680.194421,1.5975308997440152e-05
1295,1745710714.7669923,1.5987654478522018e-05
1296,1745710720.3377893,1.5999999959603883e-05
1297,1745710977.4590237,1.601234544068575e-05
1298,1745711004.501012,1.6024690921767615e-05
1299,1745711033.812998,1.603703640284948e-05
1300,1745711055.3254623,1.6049381883931346e-05
1301,1745711083.6382785,1.6061729184002616e-05
1302,1745711113.5236773,1.607407466508448e-05
1303,1745711141.2339115,1.6086420146166347e-05
1304,1745711155.1696837,1.6098765627248213e-05
1305,1745711178.1785588,1.611111110833008e-05
1306,1745711214.5240183,1.6123456589411944e-05
1307,1745711244.1791747,1.613580207049381e-05
1308,1745711281.7801962,1.6148147551575676e-05
1309,1745711305.745559,1.616049303265754e-05
1310,1745711329.5405238,1.617284033272881e-05
1311,1745711361.8630817,1.6185185813810676e-05
1312,1745711389.8064356,1.6197531294892542e-05
1313,1745711426.1804497,1.6209876775974408e-05
1314,1745711444.430778,1.6222222257056274e-05
1315,1745711466.5442667,1.623456773813814e-05
1316,1745711509.7323155,1.6246913219220005e-05
1317,1745711543.192442,1.625925870030187e-05
1318,1745711556.5805242,1.6271604181383736e-05
1319,1745711571.5632613,1.6283951481455006e-05
1320,1745711597.5371296,1.629629696253687e-05
1321,1745711634.003083,1.6308642443618737e-05
1322,1745711655.5427942,1.6320987924700603e-05
1323,1745711680.8198102,1.633333340578247e-05
1324,1745711703.2861595,1.6345678886864334e-05
1325,1745711727.5957272,1.63580243679462e-05
1326,1745711751.7865064,1.6370369849028066e-05
1327,1745711782.0908957,1.638271533010993e-05
1328,1745711810.371577,1.63950626301812e-05
1329,1745711829.1630368,1.6407408111263067e-05
1330,1745711850.701191,1.6419753592344932e-05
1331,1745711889.464797,1.6432099073426798e-05
1332,1745711926.0727465,1.6444444554508664e-05
1333,1745711933.3155687,1.645679003559053e-05
1334,1745711960.5941908,1.6469135516672395e-05
1335,1745711987.5255508,1.648148099775426e-05
1336,1745712014.0971835,1.6493826478836127e-05
1337,1745712044.0338504,1.6506171959917992e-05
1338,1745712078.2548995,1.651851925998926e-05
1339,1745712087.6013722,1.6530864741071127e-05
1340,1745712115.9959779,1.6543210222152993e-05
1341,1745712154.287296,1.655555570323486e-05
1342,1745712175.8593855,1.6567901184316725e-05
1343,1745712200.7120364,1.658024666539859e-05
1344,1745712217.9398515,1.6592592146480456e-05
1345,1745712230.6432343,1.6604937627562322e-05
1346,1745712254.977064,1.6617283108644187e-05
1347,1745712282.794572,1.6629630408715457e-05
1348,1745712313.8710856,1.6641975889797322e-05
1349,1745712325.8653295,1.6654321370879188e-05
1350,1745712358.5948863,1.6666666851961054e-05
1351,1745712378.277034,1.667901233304292e-05
1352,1745712423.743096,1.6691357814124785e-05
1353,1745712433.7046146,1.670370329520665e-05
1354,1745712456.5632107,1.6716048776288517e-05
1355,1745712487.0967202,1.6728394257370383e-05
1356,1745712512.6576998,1.6740741557441652e-05
1357,1745712535.31462,1.6753087038523518e-05
1358,1745712553.8416753,1.6765432519605383e-05
1359,1745712580.9642742,1.677777800068725e-05
1360,1745712596.439006,1.6790123481769115e-05
1361,1745712618.4875925,1.680246896285098e-05
1362,1745712648.021722,1.6814814443932846e-05
1363,1745712678.584305,1.6827159925014712e-05
1364,1745712703.007409,1.6839505406096578e-05
1365,1745712723.4282768,1.6851852706167847e-05
1366,1745712746.2867358,1.6864198187249713e-05
1367,1745712767.6026678,1.687654366833158e-05
1368,1745712798.9543834,1.6888889149413444e-05
1369,1745712826.2083268,1.690123463049531e-05
1370,1745712858.6357858,1.6913580111577176e-05
1371,1745712885.419604,1.692592559265904e-05
1372,1745712906.5704143,1.6938271073740907e-05
1373,1745712939.206382,1.6950616554822773e-05
1374,1745712957.2124255,1.6962963854894042e-05
1375,1745712970.5445006,1.6975309335975908e-05
1376,1745712998.2032998,1.6987654817057773e-05
1377,1745713007.547762,1.700000029813964e-05
1378,1745713271.3279529,1.7012345779221505e-05
1379,1745713291.6114883,1.702469126030337e-05
1380,1745713318.0488377,1.7037036741385236e-05
1381,1745713347.839284,1.7049382222467102e-05
1382,1745713378.0799859,1.7061727703548968e-05
1383,1745713408.5132716,1.7074073184630834e-05
1384,1745713443.4270394,1.7086420484702103e-05
1385,1745713455.4485097,1.709876596578397e-05
1386,1745713492.859443,1.7111111446865834e-05
1387,1745713518.2480414,1.71234569279477e-05
1388,1745713558.1583703,1.7135802409029566e-05
1389,1745713583.7352226,1.714814789011143e-05
1390,1745713612.1794538,1.7160493371193297e-05
1391,1745713631.779476,1.7172838852275163e-05
1392,1745713654.9652371,1.718518433335703e-05
1393,1745713681.675476,1.7197531633428298e-05
1394,1745713694.1083503,1.7209877114510164e-05
1395,1745713724.4541233,1.722222259559203e-05
1396,1745713754.872276,1.7234568076673895e-05
1397,1745713777.8937438,1.724691355775576e-05
1398,1745713797.1382527,1.7259259038837627e-05
1399,1745713823.8177152,1.7271604519919492e-05
1400,1745713851.2508585,1.7283950001001358e-05
1401,1745713873.5426817,1.7296295482083224e-05
1402,1745713897.7692838,1.7308642782154493e-05
1403,1745713926.2843337,1.732098826323636e-05
1404,1745713955.543328,1.7333333744318224e-05
1405,1745713985.4888353,1.734567922540009e-05
1406,1745714014.6464553,1.7358024706481956e-05
1407,1745714042.2909613,1.737037018756382e-05
1408,1745714072.152651,1.7382715668645687e-05
1409,1745714096.7772722,1.7395061149727553e-05
1410,1745714118.6424198,1.740740663080942e-05
1411,1745714141.3752263,1.7419753930880688e-05
1412,1745714153.5363975,1.7432099411962554e-05
1413,1745714171.534434,1.744444489304442e-05
1414,1745714193.4400537,1.7456790374126285e-05
1415,1745714218.6353521,1.746913585520815e-05
1416,1745714239.9863417,1.7481481336290017e-05
1417,1745714264.9711533,1.7493826817371882e-05
1418,1745714287.6122875,1.7506172298453748e-05
1419,1745714298.669517,1.7518517779535614e-05
1420,1745714322.658756,1.7530865079606883e-05
1421,1745714335.1668463,1.754321056068875e-05
1422,1745714360.7785213,1.7555556041770615e-05
1423,1745714394.1960306,1.756790152285248e-05
1424,1745714412.2563221,1.7580247003934346e-05
1425,1745714430.8353577,1.7592592485016212e-05
1426,1745714451.5928464,1.7604937966098078e-05
1427,1745714477.014718,1.7617283447179943e-05
1428,1745714500.06484,1.762962892826181e-05
1429,1745714531.796795,1.7641974409343675e-05
1430,1745714550.6456451,1.7654321709414944e-05
1431,1745714579.8603234,1.766666719049681e-05
1432,1745714612.5131733,1.7679012671578676e-05
1433,1745714632.1439242,1.769135815266054e-05
1434,1745714650.8456838,1.7703703633742407e-05
1435,1745714674.2564182,1.7716049114824273e-05
1436,1745714700.527156,1.772839459590614e-05
1437,1745714722.9225442,1.7740740076988004e-05
1438,1745714745.9747338,1.775308555806987e-05
1439,1745714773.2479665,1.776543285814114e-05
1440,1745714800.8834267,1.7777778339223005e-05
1441,1745714824.9586325,1.779012382030487e-05
1442,1745714861.5968509,1.7802469301386736e-05
1443,1745714880.789026,1.7814814782468602e-05
1444,1745714902.4221265,1.7827160263550468e-05
1445,1745714928.3112981,1.7839505744632334e-05
1446,1745714957.4054036,1.78518512257142e-05
1447,1745714973.0613093,1.7864196706796065e-05
1448,1745714991.556756,1.7876544006867334e-05
1449,1745715020.052316,1.78888894879492e-05
1450,1745715050.2259552,1.7901234969031066e-05
1451,1745715073.0284472,1.791358045011293e-05
1452,1745715084.465886,1.7925925931194797e-05
1453,1745715110.4137595,1.7938271412276663e-05
1454,1745715149.099918,1.795061689335853e-05
1455,1745715173.7861457,1.7962962374440394e-05
1456,1745715189.876828,1.797530785552226e-05
1457,1745715236.2582967,1.798765515559353e-05
1458,1745715242.2225904,1.8000000636675395e-05
1459,1745715494.0187745,1.801234611775726e-05
1460,1745715522.9264848,1.8024691598839127e-05
1461,1745715545.9705133,1.8037037079920992e-05
1462,1745715580.8492858,1.8049382561002858e-05
1463,1745715595.933211,1.8061728042084724e-05
1464,1745715640.5768218,1.807407352316659e-05
1465,1745715651.3418784,1.8086419004248455e-05
1466,1745715691.2210839,1.8098766304319724e-05
1467,1745715728.2860768,1.811111178540159e-05
1468,1745715740.8895612,1.8123457266483456e-05
1469,1745715771.1343117,1.813580274756532e-05
1470,1745715798.377616,1.8148148228647187e-05
1471,1745715823.9276054,1.8160493709729053e-05
1472,1745715848.0756226,1.817283919081092e-05
1473,1745715870.674456,1.8185184671892785e-05
1474,1745715895.8950415,1.819753015297465e-05
1475,1745715923.438939,1.8209875634056516e-05
1476,1745715950.1951714,1.8222222934127785e-05
1477,1745715972.2739325,1.823456841520965e-05
1478,1745715998.1925852,1.8246913896291517e-05
1479,1745716022.429425,1.8259259377373382e-05
1480,1745716046.3419855,1.8271604858455248e-05
1481,1745716075.2688932,1.8283950339537114e-05
1482,1745716087.1815212,1.829629582061898e-05
1483,1745716124.9277058,1.8308641301700845e-05
1484,1745716156.0245044,1.832098678278271e-05
1485,1745716190.865339,1.833333408285398e-05
1486,1745716217.1366963,1.8345679563935846e-05
1487,1745716251.0150845,1.8358025045017712e-05
1488,1745716280.5367358,1.8370370526099578e-05
1489,1745716307.2469947,1.8382716007181443e-05
1490,1745716335.3428845,1.839506148826331e-05
1491,1745716371.34157,1.8407406969345175e-05
1492,1745716392.8899782,1.841975245042704e-05
1493,1745716412.5319388,1.8432097931508906e-05
1494,1745716441.8366487,1.8444445231580175e-05
1495,1745716469.1465025,1.845679071266204e-05
1496,1745716495.3026423,1.8469136193743907e-05
1497,1745716521.6042063,1.8481481674825773e-05
1498,1745716545.6557944,1.849382715590764e-05
1499,1745716568.4787114,1.8506172636989504e-05
1500,1745716593.2752342,1.851851811807137e-05
1501,1745716614.8357038,1.8530863599153236e-05
1502,1745716644.4735465,1.85432090802351e-05
1503,1745716673.436221,1.855555638030637e-05
1504,1745716698.6005645,1.8567901861388236e-05
1505,1745716720.711877,1.8580247342470102e-05
1506,1745716745.5188117,1.8592592823551968e-05
1507,1745716766.9012327,1.8604938304633833e-05
1508,1745716794.826878,1.86172837857157e-05
1509,1745716828.601853,1.8629629266797565e-05
1510,1745716851.6956341,1.864197474787943e-05
1511,1745716880.3540454,1.8654320228961296e-05
1512,1745716903.2628644,1.8666667529032566e-05
1513,1745716932.535221,1.867901301011443e-05
1514,1745716959.7957628,1.8691358491196297e-05
1515,1745716984.5304186,1.8703703972278163e-05
1516,1745717010.713386,1.871604945336003e-05
1517,1745717029.1952171,1.8728394934441894e-05
1518,1745717053.6460192,1.874074041552376e-05
1519,1745717078.5380912,1.8753085896605626e-05
1520,1745717107.0873518,1.876543137768749e-05
1521,1745717135.382697,1.877777867775876e-05
1522,1745717158.6087267,1.8790124158840626e-05
1523,1745717184.358446,1.8802469639922492e-05
1524,1745717214.3542504,1.8814815121004358e-05
1525,1745717239.8411555,1.8827160602086224e-05
1526,1745717262.2830234,1.883950608316809e-05
1527,1745717290.5018096,1.8851851564249955e-05
1528,1745717318.5509129,1.886419704533182e-05
1529,1745717341.276603,1.8876542526413687e-05
1530,1745717365.4999306,1.8888888007495552e-05
1531,1745717395.492187,1.890123530756682e-05
1532,1745717422.561434,1.8913580788648687e-05
1533,1745717449.3075068,1.8925926269730553e-05
1534,1745717477.5278704,1.893827175081242e-05
1535,1745717506.4100196,1.8950617231894284e-05
1536,1745717532.475571,1.896296271297615e-05
1537,1745717561.7082608,1.8975308194058016e-05
1538,1745717589.5266938,1.898765367513988e-05
1539,1745717602.9137275,1.8999999156221747e-05
1540,1745717866.1351414,1.9012346456293017e-05
1541,1745717893.7647815,1.9024691937374882e-05
1542,1745717911.0918808,1.9037037418456748e-05
1543,1745717951.1110938,1.9049382899538614e-05
1544,1745717979.9943395,1.906172838062048e-05
1545,1745718016.6439862,1.9074073861702345e-05
1546,1745718032.9585836,1.908641934278421e-05
1547,1745718058.1420038,1.9098764823866077e-05
1548,1745718082.4043717,1.9111110304947942e-05
1549,1745718110.411672,1.9123457605019212e-05
1550,1745718139.289845,1.9135803086101077e-05
1551,1745718167.4052253,1.9148148567182943e-05
1552,1745718180.618759,1.916049404826481e-05
1553,1745718214.0018227,1.9172839529346675e-05
1554,1745718240.888174,1.918518501042854e-05
1555,1745718266.6046996,1.9197530491510406e-05
1556,1745718293.604237,1.9209875972592272e-05
1557,1745718317.903244,1.9222221453674138e-05
1558,1745718341.4634407,1.9234568753745407e-05
1559,1745718365.24539,1.9246914234827273e-05
1560,1745718391.032472,1.925925971590914e-05
1561,1745718417.5680594,1.9271605196991004e-05
1562,1745718435.4522665,1.928395067807287e-05
1563,1745718458.9476533,1.9296296159154736e-05
1564,1745718493.3299277,1.93086416402366e-05
1565,1745718504.0728302,1.9320987121318467e-05
1566,1745718532.1902053,1.9333332602400333e-05
1567,1745718561.5299165,1.9345679902471602e-05
1568,1745718581.4851022,1.9358025383553468e-05
1569,1745718606.4766881,1.9370370864635333e-05
1570,1745718641.0184796,1.93827163457172e-05
1571,1745718658.5397718,1.9395061826799065e-05
1572,1745718682.2644925,1.940740730788093e-05
1573,1745718705.960446,1.9419752788962796e-05
1574,1745718733.3906977,1.9432098270044662e-05
1575,1745718756.5144413,1.9444443751126528e-05
1576,1745718780.5812166,1.9456789232208394e-05
1577,1745718807.9826698,1.9469136532279663e-05
1578,1745718842.637722,1.948148201336153e-05
1579,1745718877.15413,1.9493827494443394e-05
1580,1745718895.6955295,1.950617297552526e-05
1581,1745718916.9001045,1.9518518456607126e-05
1582,1745718939.6728263,1.953086393768899e-05
1583,1745718970.8198488,1.9543209418770857e-05
1584,1745718997.2415445,1.9555554899852723e-05
1585,1745719026.047802,1.956790038093459e-05
1586,1745719052.706916,1.9580247681005858e-05
1587,1745719080.4311168,1.9592593162087724e-05
1588,1745719107.683444,1.960493864316959e-05
1589,1745719134.7333877,1.9617284124251455e-05
1590,1745719160.3080182,1.962962960533332e-05
1591,1745719184.23455,1.9641975086415187e-05
1592,1745719206.5370584,1.9654320567497052e-05
1593,1745719235.6748185,1.9666666048578918e-05
1594,1745719263.6448874,1.9679011529660784e-05
1595,1745719290.2316594,1.9691358829732053e-05
1596,1745719314.856754,1.970370431081392e-05
1597,1745719334.036517,1.9716049791895784e-05
1598,1745719360.7134018,1.972839527297765e-05
1599,1745719390.7051895,1.9740740754059516e-05
1600,1745719422.082887,1.975308623514138e-05
1601,1745719444.0939717,1.9765431716223247e-05
1602,1745719462.9970133,1.9777777197305113e-05
1603,1745719491.2537792,1.979012267838698e-05
1604,1745719512.669139,1.9802469978458248e-05
1605,1745719539.369962,1.9814815459540114e-05
1606,1745719573.6453655,1.982716094062198e-05
1607,1745719603.06923,1.9839506421703845e-05
1608,1745719633.7185512,1.985185190278571e-05
1609,1745719662.0550234,1.9864197383867577e-05
1610,1745719687.0008726,1.9876542864949442e-05
1611,1745719712.2527175,1.9888888346031308e-05
1612,1745719736.7431433,1.9901233827113174e-05
1613,1745719770.189116,1.9913581127184443e-05
1614,1745719793.7015395,1.992592660826631e-05
1615,1745719821.5326006,1.9938272089348175e-05
1616,1745719846.9328427,1.995061757043004e-05
1617,1745719873.7659216,1.9962963051511906e-05
1618,1745719905.1718562,1.9975308532593772e-05
1619,1745719933.1729329,1.9987654013675638e-05
1620,1745719947.4189043,1.9999999494757503e-05
1621,1745720214.7518773,2.001234497583937e-05
1622,1745720255.8305223,2.0024690456921235e-05
1623,1745720278.434044,2.0037037756992504e-05
1624,1745720305.4231997,2.004938323807437e-05
1625,1745720326.3769722,2.0061728719156235e-05
1626,1745720346.7306373,2.00740742002381e-05
1627,1745720379.1257007,2.0086419681319967e-05
1628,1745720403.190901,2.0098765162401833e-05
1629,1745720426.282867,2.01111106434837e-05
1630,1745720454.4907122,2.0123456124565564e-05
1631,1745720479.6563487,2.013580160564743e-05
1632,1745720502.069397,2.01481489057187e-05
1633,1745720526.7648604,2.0160494386800565e-05
1634,1745720543.0996778,2.017283986788243e-05
1635,1745720574.7559934,2.0185185348964296e-05
1636,1745720600.8073525,2.0197530830046162e-05
1637,1745720627.9988651,2.0209876311128028e-05
1638,1745720653.5287173,2.0222221792209893e-05
1639,1745720676.1429863,2.023456727329176e-05
1640,1745720706.482982,2.0246912754373625e-05
1641,1745720740.775913,2.0259260054444894e-05
1642,1745720749.8911064,2.027160553552676e-05
1643,1745720773.0660174,2.0283951016608626e-05
1644,1745720800.6990414,2.029629649769049e-05
1645,1745720824.4331963,2.0308641978772357e-05
1646,1745720859.6131191,2.0320987459854223e-05
1647,1745720896.442104,2.033333294093609e-05
1648,1745720927.5612745,2.0345678422017954e-05
1649,1745720955.7269893,2.035802390309982e-05
1650,1745720983.0007923,2.037037120317109e-05
1651,1745720999.4130962,2.0382716684252955e-05
1652,1745721028.7762675,2.039506216533482e-05
1653,1745721060.672976,2.0407407646416686e-05
1654,1745721087.9247131,2.0419753127498552e-05
1655,1745721110.5994985,2.0432098608580418e-05
1656,1745721134.862584,2.0444444089662284e-05
1657,1745721161.728895,2.045678957074415e-05
1658,1745721196.6012342,2.0469135051826015e-05
1659,1745721206.201466,2.0481482351897284e-05
1660,1745721229.8415437,2.049382783297915e-05
1661,1745721261.0482686,2.0506173314061016e-05
1662,1745721284.2601552,2.051851879514288e-05
1663,1745721308.3166053,2.0530864276224747e-05
1664,1745721337.057054,2.0543209757306613e-05
1665,1745721361.948525,2.055555523838848e-05
1666,1745721383.352375,2.0567900719470344e-05
1667,1745721418.314642,2.058024620055221e-05
1668,1745721450.8533292,2.059259350062348e-05
1669,1745721472.4172125,2.0604938981705345e-05
1670,1745721504.5391567,2.061728446278721e-05
1671,1745721535.2948647,2.0629629943869077e-05
1672,1745721549.4885576,2.0641975424950942e-05
1673,1745721577.4759502,2.0654320906032808e-05
1674,1745721605.8411217,2.0666666387114674e-05
1675,1745721636.3724442,2.067901186819654e-05
1676,1745721673.3938565,2.0691357349278405e-05
1677,1745721701.6526287,2.070370283036027e-05
1678,1745721727.9964437,2.071605013043154e-05
1679,1745721752.0910873,2.0728395611513406e-05
1680,1745721773.8597865,2.0740741092595272e-05
1681,1745721794.8316352,2.0753086573677137e-05
1682,1745721818.0520523,2.0765432054759003e-05
1683,1745721844.444337,2.077777753584087e-05
1684,1745721874.9038732,2.0790123016922735e-05
1685,1745721906.8439617,2.08024684980046e-05
1686,1745721936.4978025,2.0814813979086466e-05
1687,1745721971.6851249,2.0827161279157735e-05
1688,1745721983.443058,2.08395067602396e-05
1689,1745722009.7115529,2.0851852241321467e-05
1690,1745722035.8693068,2.0864197722403333e-05
1691,1745722063.510435,2.08765432034852e-05
1692,1745722096.7534428,2.0888888684567064e-05
1693,1745722119.409728,2.090123416564893e-05
1694,1745722147.2433739,2.0913579646730796e-05
1695,1745722172.063543,2.092592512781266e-05
1696,1745722197.5831685,2.093827242788393e-05
1697,1745722229.4150267,2.0950617908965796e-05
1698,1745722260.9868402,2.0962963390047662e-05
1699,1745722288.87449,2.0975308871129528e-05
1700,1745722316.6377835,2.0987654352211393e-05
1701,1745722330.9820783,2.099999983329326e-05
1702,1745722566.705984,2.1012345314375125e-05
1703,1745722601.1572583,2.102469079545699e-05
1704,1745722628.1312468,2.1037036276538856e-05
1705,1745722651.4746115,2.1049383576610126e-05
1706,1745722666.271595,2.106172905769199e-05
1707,1745722698.5268373,2.1074074538773857e-05
1708,1745722727.990208,2.1086420019855723e-05
1709,1745722743.937324,2.109876550093759e-05
1710,1745722774.2641244,2.1111110982019454e-05
1711,1745722808.9259639,2.112345646310132e-05
1712,1745722815.1839328,2.1135801944183186e-05
1713,1745722838.6944919,2.114814742526505e-05
1714,1745722861.828817,2.116049472533632e-05
1715,1745722887.517826,2.1172840206418186e-05
1716,1745722905.6883197,2.1185185687500052e-05
1717,1745722934.067049,2.1197531168581918e-05
1718,1745722958.3839386,2.1209876649663784e-05
1719,1745722984.0332956,2.122222213074565e-05
1720,1745723006.8105724,2.1234567611827515e-05
1721,1745723036.3906162,2.124691309290938e-05
1722,1745723050.5403326,2.1259258573991247e-05
1723,1745723077.6401892,2.1271604055073112e-05
1724,1745723104.530325,2.128395135514438e-05
1725,1745723127.7415822,2.1296296836226247e-05
1726,1745723156.038822,2.1308642317308113e-05
1727,1745723179.2871327,2.132098779838998e-05
1728,1745723202.8993752,2.1333333279471844e-05
1729,1745723228.9458542,2.134567876055371e-05
1730,1745723254.7639039,2.1358024241635576e-05
1731,1745723282.5423071,2.137036972271744e-05
1732,1745723300.5567107,2.1382715203799307e-05
1733,1745723335.186033,2.1395062503870577e-05
1734,1745723361.906898,2.1407407984952442e-05
1735,1745723382.6597273,2.1419753466034308e-05
1736,1745723411.7168632,2.1432098947116174e-05
1737,1745723435.9336927,2.144444442819804e-05
1738,1745723461.1004686,2.1456789909279905e-05
1739,1745723488.017112,2.146913539036177e-05
1740,1745723516.011798,2.1481480871443637e-05
1741,1745723543.1809294,2.1493826352525502e-05
1742,1745723567.7779117,2.1506173652596772e-05
1743,1745723594.7727363,2.1518519133678637e-05
1744,1745723624.6072712,2.1530864614760503e-05
1745,1745723639.5806317,2.154321009584237e-05
1746,1745723672.5430033,2.1555555576924235e-05
1747,1745723691.025628,2.15679010580061e-05
1748,1745723718.3592541,2.1580246539087966e-05
1749,1745723743.008418,2.1592592020169832e-05
1750,1745723760.8361225,2.1604937501251698e-05
1751,1745723788.2136676,2.1617284801322967e-05
1752,1745723817.680578,2.1629630282404833e-05
1753,1745723842.7460647,2.1641975763486698e-05
1754,1745723874.3749213,2.1654321244568564e-05
1755,1745723882.8099377,2.166666672565043e-05
1756,1745723916.6170142,2.1679012206732295e-05
1757,1745723939.3730211,2.169135768781416e-05
1758,1745723969.3476446,2.1703703168896027e-05
1759,1745724002.6672127,2.1716048649977893e-05
1760,1745724015.9294217,2.1728395950049162e-05
1761,1745724044.3302085,2.1740741431131028e-05
1762,1745724069.6087158,2.1753086912212893e-05
1763,1745724096.3148162,2.176543239329476e-05
1764,1745724128.3695512,2.1777777874376625e-05
1765,1745724150.246134,2.179012335545849e-05
1766,1745724174.047266,2.1802468836540356e-05
1767,1745724201.6433244,2.1814814317622222e-05
1768,1745724232.993897,2.1827159798704088e-05
1769,1745724270.688898,2.1839505279785953e-05
1770,1745724308.6242733,2.1851852579857223e-05
1771,1745724329.766335,2.186419806093909e-05
1772,1745724348.6091127,2.1876543542020954e-05
1773,1745724374.559226,2.188888902310282e-05
1774,1745724399.291991,2.1901234504184686e-05
1775,1745724425.0424974,2.191357998526655e-05
1776,1745724453.2688243,2.1925925466348417e-05
1777,1745724477.276914,2.1938270947430283e-05
1778,1745724505.0245137,2.195061642851215e-05
1779,1745724533.815189,2.1962963728583418e-05
1780,1745724561.4221053,2.1975309209665284e-05
1781,1745724588.8371098,2.198765469074715e-05
1782,1745724599.9246287,2.2000000171829015e-05
1783,1745724841.2768004,2.201234565291088e-05
1784,1745724850.6551745,2.2024691133992746e-05
1785,1745724876.4985607,2.2037036615074612e-05
1786,1745724901.414808,2.2049382096156478e-05
1787,1745724925.282113,2.2061727577238344e-05
1788,1745724960.4353313,2.2074074877309613e-05
1789,1745724991.8783185,2.208642035839148e-05
1790,1745725019.0958953,2.2098765839473344e-05
1791,1745725036.1016643,2.211111132055521e-05
1792,1745725060.4668944,2.2123456801637076e-05
1793,1745725086.7140663,2.213580228271894e-05
1794,1745725113.7501428,2.2148147763800807e-05
1795,1745725138.4800103,2.2160493244882673e-05
1796,1745725165.150856,2.217283872596454e-05
1797,1745725190.809467,2.2185186026035808e-05
1798,1745725213.3417616,2.2197531507117674e-05
1799,1745725246.861033,2.220987698819954e-05
1800,1745725278.9295182,2.2222222469281405e-05
1801,1745725294.7440145,2.223456795036327e-05
1802,1745725325.420969,2.2246913431445137e-05
1803,1745725358.2723026,2.2259258912527002e-05
1804,1745725385.9189923,2.2271604393608868e-05
1805,1745725411.2066345,2.2283949874690734e-05
1806,1745725436.45805,2.2296297174762003e-05
1807,1745725457.8253517,2.230864265584387e-05
1808,1745725487.7038097,2.2320988136925735e-05
1809,1745725502.5149436,2.23333336180076e-05
1810,1745725526.8201182,2.2345679099089466e-05
1811,1745725553.9540353,2.2358024580171332e-05
1812,1745725577.6418898,2.2370370061253197e-05
1813,1745725612.3769088,2.2382715542335063e-05
1814,1745725645.3311381,2.239506102341693e-05
1815,1745725661.8870354,2.2407406504498795e-05
1816,1745725686.9007127,2.2419753804570064e-05
1817,1745725715.2200546,2.243209928565193e-05
1818,1745725747.3500848,2.2444444766733795e-05
1819,1745725783.9816992,2.245679024781566e-05
1820,1745725814.819177,2.2469135728897527e-05
1821,1745725830.8798523,2.2481481209979393e-05
1822,1745725864.6353195,2.249382669106126e-05
1823,1745725891.3972206,2.2506172172143124e-05
1824,1745725905.3836682,2.251851765322499e-05
1825,1745725931.2871861,2.253086495329626e-05
1826,1745725957.9421558,2.2543210434378125e-05
1827,1745725989.292578,2.255555591545999e-05
1828,1745726014.3953168,2.2567901396541856e-05
1829,1745726030.6655638,2.2580246877623722e-05
1830,1745726061.094916,2.2592592358705588e-05
1831,1745726084.2990558,2.2604937839787453e-05
1832,1745726107.7706623,2.261728332086932e-05
1833,1745726138.8851018,2.2629628801951185e-05
1834,1745726159.4770315,2.2641976102022454e-05
1835,1745726182.9720097,2.265432158310432e-05
1836,1745726209.0387006,2.2666667064186186e-05
1837,1745726227.6352527,2.267901254526805e-05
1838,1745726256.6533651,2.2691358026349917e-05
1839,1745726283.8145006,2.2703703507431783e-05
1840,1745726300.9513412,2.271604898851365e-05
1841,1745726327.4763615,2.2728394469595514e-05
1842,1745726362.1651382,2.274073995067738e-05
1843,1745726372.9253478,2.275308725074865e-05
1844,1745726403.7793314,2.2765432731830515e-05
1845,1745726434.0309842,2.277777821291238e-05
1846,1745726464.5591974,2.2790123693994246e-05
1847,1745726488.3176453,2.2802469175076112e-05
1848,1745726507.607606,2.2814814656157978e-05
1849,1745726537.3912387,2.2827160137239844e-05
1850,1745726575.9625113,2.283950561832171e-05
1851,1745726603.3248305,2.2851851099403575e-05
1852,1745726628.8603673,2.2864198399474844e-05
1853,1745726660.2806761,2.287654388055671e-05
1854,1745726686.1696935,2.2888889361638576e-05
1855,1745726712.3051498,2.290123484272044e-05
1856,1745726745.6911755,2.2913580323802307e-05
1857,1745726773.967508,2.2925925804884173e-05
1858,1745726802.4803147,2.293827128596604e-05
1859,1745726832.6793914,2.2950616767047904e-05
1860,1745726868.295527,2.296296224812977e-05
1861,1745726897.6269171,2.297530954820104e-05
1862,1745726927.54787,2.2987655029282905e-05
1863,1745726941.7336674,2.300000051036477e-05
1864,1745727162.730915,2.3012345991446637e-05
1865,1745727193.7996705,2.3024691472528502e-05
1866,1745727223.9857152,2.3037036953610368e-05
1867,1745727253.224505,2.3049382434692234e-05
1868,1745727279.167291,2.30617279157741e-05
1869,1745727307.3848388,2.3074073396855965e-05
1870,1745727322.6488042,2.308641887793783e-05
1871,1745727347.9952016,2.30987661780091e-05
1872,1745727387.3474724,2.3111111659090966e-05
1873,1745727410.4061358,2.3123457140172832e-05
1874,1745727447.2185283,2.3135802621254697e-05
1875,1745727473.5632896,2.3148148102336563e-05
1876,1745727502.9658635,2.316049358341843e-05
1877,1745727528.9023788,2.3172839064500295e-05
1878,1745727557.3093047,2.318518454558216e-05
1879,1745727584.2029843,2.3197530026664026e-05
1880,1745727609.7126472,2.3209877326735295e-05
1881,1745727636.334384,2.322222280781716e-05
1882,1745727660.6023595,2.3234568288899027e-05
1883,1745727684.3276484,2.3246913769980893e-05
1884,1745727711.0054057,2.3259259251062758e-05
1885,1745727735.3006806,2.3271604732144624e-05
1886,1745727768.1412158,2.328395021322649e-05
1887,1745727783.7418816,2.3296295694308355e-05
1888,1745727810.4918659,2.330864117539022e-05
1889,1745727837.423295,2.332098847546149e-05
1890,1745727862.4691732,2.3333333956543356e-05
1891,1745727888.3251987,2.3345679437625222e-05
1892,1745727919.2405322,2.3358024918707088e-05
1893,1745727948.5745971,2.3370370399788953e-05
1894,1745727980.4119344,2.338271588087082e-05
1895,1745728015.751033,2.3395061361952685e-05
1896,1745728039.3372905,2.340740684303455e-05
1897,1745728065.5226023,2.3419752324116416e-05
1898,1745728082.6194208,2.3432099624187686e-05
1899,1745728116.661286,2.344444510526955e-05
1900,1745728123.4243448,2.3456790586351417e-05
1901,1745728150.187753,2.3469136067433283e-05
1902,1745728163.6089303,2.348148154851515e-05
1903,1745728191.5942774,2.3493827029597014e-05
1904,1745728219.7206495,2.350617251067888e-05
1905,1745728249.6423454,2.3518517991760746e-05
1906,1745728275.5310156,2.353086347284261e-05
1907,1745728301.6674402,2.354321077291388e-05
1908,1745728329.4235032,2.3555556253995746e-05
1909,1745728357.0807378,2.3567901735077612e-05
1910,1745728381.264554,2.3580247216159478e-05
1911,1745728405.6341577,2.3592592697241344e-05
1912,1745728434.3276236,2.360493817832321e-05
1913,1745728461.046202,2.3617283659405075e-05
1914,1745728484.9312088,2.362962914048694e-05
1915,1745728506.5023847,2.3641974621568806e-05
1916,1745728531.792599,2.3654320102650672e-05
1917,1745728560.6343727,2.366666740272194e-05
1918,1745728590.6271343,2.3679012883803807e-05
1919,1745728605.909806,2.3691358364885673e-05
1920,1745728632.2950177,2.370370384596754e-05
1921,1745728665.5492804,2.3716049327049404e-05
1922,1745728687.0523674,2.372839480813127e-05
1923,1745728715.6666393,2.3740740289213136e-05
1924,1745728734.2105715,2.3753085770295e-05
1925,1745728758.414308,2.3765431251376867e-05
1926,1745728783.57949,2.3777778551448137e-05
1927,1745728816.9890466,2.3790124032530002e-05
1928,1745728842.61039,2.3802469513611868e-05
1929,1745728861.0607934,2.3814814994693734e-05
1930,1745728886.0330467,2.38271604757756e-05
1931,1745728915.4384317,2.3839505956857465e-05
1932,1745728946.9413383,2.385185143793933e-05
1933,1745728962.1065245,2.3864196919021197e-05
1934,1745728995.4970112,2.3876542400103062e-05
1935,1745729018.4353213,2.388888970017433e-05
1936,1745729042.4642787,2.3901235181256197e-05
1937,1745729074.0642295,2.3913580662338063e-05
1938,1745729100.7869847,2.392592614341993e-05
1939,1745729130.7992957,2.3938271624501795e-05
1940,1745729156.045252,2.395061710558366e-05
1941,1745729184.4537234,2.3962962586665526e-05
1942,1745729211.151308,2.3975308067747392e-05
1943,1745729237.496703,2.3987653548829257e-05
1944,1745729251.375794,2.4000000848900527e-05
1945,1745729468.9400349,2.4012346329982392e-05
1946,1745729494.793211,2.4024691811064258e-05
1947,1745729523.900777,2.4037037292146124e-05
1948,1745729546.4304397,2.404938277322799e-05
1949,1745729574.3622591,2.4061728254309855e-05
1950,1745729601.1170127,2.407407373539172e-05
1951,1745729626.6637821,2.4086419216473587e-05
1952,1745729652.7329504,2.4098764697555453e-05
1953,1745729681.511467,2.4111111997626722e-05
1954,1745729706.0608683,2.4123457478708588e-05
1955,1745729728.1322155,2.4135802959790453e-05
1956,1745729755.3394523,2.414814844087232e-05
1957,1745729781.4683151,2.4160493921954185e-05
1958,1745729794.2759492,2.417283940303605e-05
1959,1745729826.1919894,2.4185184884117916e-05
1960,1745729852.251836,2.4197530365199782e-05
1961,1745729862.3895578,2.4209875846281648e-05
1962,1745729895.473622,2.4222221327363513e-05
1963,1745729907.0683928,2.4234568627434783e-05
1964,1745729933.5762422,2.424691410851665e-05
1965,1745729957.1261797,2.4259259589598514e-05
1966,1745729983.8187315,2.427160507068038e-05
1967,1745730011.0871923,2.4283950551762246e-05
1968,1745730040.8526523,2.429629603284411e-05
1969,1745730068.8667254,2.4308641513925977e-05
1970,1745730095.4070358,2.4320986995007843e-05
1971,1745730122.9483073,2.433333247608971e-05
1972,1745730141.0346994,2.4345679776160978e-05
1973,1745730169.2784412,2.4358025257242844e-05
1974,1745730201.640283,2.437037073832471e-05
1975,1745730227.8029535,2.4382716219406575e-05
1976,1745730253.9477568,2.439506170048844e-05
1977,1745730283.7136433,2.4407407181570306e-05
1978,1745730311.9442782,2.4419752662652172e-05
1979,1745730339.6493778,2.4432098143734038e-05
1980,1745730365.8604426,2.4444443624815904e-05
1981,1745730379.6125615,2.4456790924887173e-05
1982,1745730399.4320984,2.446913640596904e-05
1983,1745730418.7672727,2.4481481887050904e-05
1984,1745730449.648634,2.449382736813277e-05
1985,1745730477.6748962,2.4506172849214636e-05
1986,1745730511.061729,2.45185183302965e-05
1987,1745730537.4630125,2.4530863811378367e-05
1988,1745730559.2126312,2.4543209292460233e-05
1989,1745730580.5828912,2.45555547735421e-05
1990,1745730610.6194274,2.4567902073613368e-05
1991,1745730635.9502308,2.4580247554695234e-05
1992,1745730653.3521087,2.45925930357771e-05
1993,1745730677.2433448,2.4604938516858965e-05
1994,1745730716.5584617,2.461728399794083e-05
1995,1745730744.7751923,2.4629629479022697e-05
1996,1745730768.620436,2.4641974960104562e-05
1997,1745730790.5293307,2.4654320441186428e-05
1998,1745730813.865734,2.4666665922268294e-05
1999,1745730855.3756678,2.4679013222339563e-05
2000,1745730881.4512558,2.469135870342143e-05
2001,1745730914.380502,2.4703704184503295e-05
2002,1745730941.4949093,2.471604966558516e-05
2003,1745730966.9316995,2.4728395146667026e-05
2004,1745730994.8687112,2.4740740627748892e-05
2005,1745731020.5455282,2.4753086108830757e-05
2006,1745731043.7412915,2.4765431589912623e-05
2007,1745731067.8368149,2.477777707099449e-05
2008,1745731087.7088685,2.4790122552076355e-05
2009,1745731114.438498,2.4802469852147624e-05
2010,1745731137.3056602,2.481481533322949e-05
2011,1745731163.320589,2.4827160814311355e-05
2012,1745731195.9079075,2.483950629539322e-05
2013,1745731226.2993474,2.4851851776475087e-05
2014,1745731256.160412,2.4864197257556953e-05
2015,1745731282.7102199,2.4876542738638818e-05
2016,1745731308.992313,2.4888888219720684e-05
2017,1745731329.3070161,2.490123370080255e-05
2018,1745731355.6431253,2.491358100087382e-05
2019,1745731383.6807857,2.4925926481955685e-05
2020,1745731416.6457918,2.493827196303755e-05
2021,1745731444.3510034,2.4950617444119416e-05
2022,1745731468.5022938,2.4962962925201282e-05
2023,1745731496.223877,2.4975308406283148e-05
2024,1745731528.6366723,2.4987653887365013e-05
2025,1745731541.706232,2.499999936844688e-05
2026,1745731750.5746927,2.5012344849528745e-05
2027,1745731784.9630704,2.5024692149600014e-05
2028,1745731803.6849248,2.503703763068188e-05
2029,1745731832.8746724,2.5049383111763746e-05
2030,1745731856.725966,2.506172859284561e-05
2031,1745731875.8800917,2.5074074073927477e-05
2032,1745731901.0837388,2.5086419555009343e-05
2033,1745731930.3220453,2.509876503609121e-05
2034,1745731961.9588478,2.5111110517173074e-05
2035,1745731981.3998199,2.512345599825494e-05
2036,1745732003.8307424,2.513580329832621e-05
2037,1745732037.7323642,2.5148148779408075e-05
2038,1745732066.5449805,2.516049426048994e-05
2039,1745732094.5021544,2.5172839741571806e-05
2040,1745732116.9022748,2.5185185222653672e-05
2041,1745732146.4329607,2.5197530703735538e-05
2042,1745732172.9671807,2.5209876184817404e-05
2043,1745732204.310786,2.522222166589927e-05
2044,1745732228.0411236,2.5234567146981135e-05
2045,1745732248.173588,2.5246914447052404e-05
2046,1745732281.730057,2.525925992813427e-05
2047,1745732307.7820604,2.5271605409216136e-05
2048,1745732330.5895152,2.5283950890298e-05
2049,1745732355.940234,2.5296296371379867e-05
2050,1745732372.7037268,2.5308641852461733e-05
2051,1745732401.1632204,2.53209873335436e-05
2052,1745732437.0971358,2.5333332814625464e-05
2053,1745732471.5823703,2.534567829570733e-05
2054,1745732490.555802,2.53580255957786e-05
2055,1745732511.428588,2.5370371076860465e-05
2056,1745732546.941587,2.538271655794233e-05
2057,1745732583.5007496,2.5395062039024197e-05
2058,1745732592.194303,2.5407407520106062e-05
2059,1745732621.8359706,2.5419753001187928e-05
2060,1745732647.4205885,2.5432098482269794e-05
2061,1745732673.924945,2.544444396335166e-05
2062,1745732698.6604545,2.5456789444433525e-05
2063,1745732724.625071,2.546913492551539e-05
2064,1745732752.9139283,2.548148222558666e-05
2065,1745732779.8469596,2.5493827706668526e-05
2066,1745732792.2954621,2.550617318775039e-05
2067,1745732818.605071,2.5518518668832257e-05
2068,1745732847.2493548,2.5530864149914123e-05
2069,1745732873.2242749,2.554320963099599e-05
2070,1745732894.4445415,2.5555555112077855e-05
2071,1745732911.8850298,2.556790059315972e-05
2072,1745732944.7405343,2.5580246074241586e-05
2073,1745732985.3074362,2.5592593374312855e-05
2074,1745733001.942343,2.560493885539472e-05
2075,1745733027.5112815,2.5617284336476587e-05
2076,1745733061.150057,2.5629629817558452e-05
2077,1745733092.7862916,2.5641975298640318e-05
2078,1745733104.9456675,2.5654320779722184e-05
2079,1745733136.2579074,2.566666626080405e-05
2080,1745733169.616443,2.5679011741885915e-05
2081,1745733194.7787857,2.569135722296778e-05
2082,1745733211.3615716,2.570370452303905e-05
2083,1745733246.704321,2.5716050004120916e-05
2084,1745733276.940863,2.5728395485202782e-05
2085,1745733304.3484933,2.5740740966284648e-05
2086,1745733339.088634,2.5753086447366513e-05
2087,1745733362.2645261,2.576543192844838e-05
2088,1745733389.2517512,2.5777777409530245e-05
2089,1745733418.8365853,2.579012289061211e-05
2090,1745733445.9890213,2.5802468371693976e-05
2091,1745733470.5303879,2.5814815671765245e-05
2092,1745733498.1790614,2.582716115284711e-05
2093,1745733522.2414477,2.5839506633928977e-05
2094,1745733548.8275108,2.5851852115010843e-05
2095,1745733576.4781182,2.586419759609271e-05
2096,1745733602.8800504,2.5876543077174574e-05
2097,1745733630.642321,2.588888855825644e-05
2098,1745733655.9364607,2.5901234039338306e-05
2099,1745733683.173964,2.591357952042017e-05
2100,1745733709.6690419,2.592592682049144e-05
2101,1745733736.3368485,2.5938272301573306e-05
2102,1745733765.040756,2.5950617782655172e-05
2103,1745733793.4886043,2.5962963263737038e-05
2104,1745733821.9914749,2.5975308744818904e-05
2105,1745733845.5817854,2.598765422590077e-05
2106,1745733859.9032242,2.5999999706982635e-05
2107,1745734082.222176,2.60123451880645e-05
2108,1745734118.544149,2.6024690669146366e-05
2109,1745734144.2350655,2.6037036150228232e-05
2110,1745734164.5845144,2.60493834502995e-05
2111,1745734190.0733242,2.6061728931381367e-05
2112,1745734215.9748604,2.6074074412463233e-05
2113,1745734241.8243527,2.60864198935451e-05
2114,1745734268.522666,2.6098765374626964e-05
2115,1745734297.5111985,2.611111085570883e-05
2116,1745734312.9367485,2.6123456336790696e-05
2117,1745734342.9646842,2.613580181787256e-05
2118,1745734372.545708,2.6148147298954427e-05
2119,1745734387.1649926,2.6160494599025697e-05
2120,1745734414.0120814,2.6172840080107562e-05
2121,1745734440.0502636,2.6185185561189428e-05
2122,1745734470.1332917,2.6197531042271294e-05
2123,1745734507.769874,2.620987652335316e-05
2124,1745734521.4289656,2.6222222004435025e-05
2125,1745734555.670019,2.623456748551689e-05
2126,1745734580.2949283,2.6246912966598757e-05
2127,1745734601.7769098,2.6259258447680622e-05
2128,1745734627.2629473,2.627160574775189e-05
2129,1745734655.2037365,2.6283951228833757e-05
2130,1745734678.0587842,2.6296296709915623e-05
2131,1745734703.0463448,2.630864219099749e-05
2132,1745734726.085428,2.6320987672079355e-05
2133,1745734751.5257602,2.633333315316122e-05
2134,1745734777.9297955,2.6345678634243086e-05
2135,1745734803.688595,2.6358024115324952e-05
2136,1745734822.5174248,2.6370369596406817e-05
2137,1745734849.9490178,2.6382716896478087e-05
2138,1745734878.8859365,2.6395062377559952e-05
2139,1745734904.2866333,2.6407407858641818e-05
2140,1745734934.0602877,2.6419753339723684e-05
2141,1745734971.5195475,2.643209882080555e-05
2142,1745735000.8128967,2.6444444301887415e-05
2143,1745735028.6568677,2.645678978296928e-05
2144,1745735052.9813166,2.6469135264051147e-05
2145,1745735082.599867,2.6481480745133013e-05
2146,1745735106.3306775,2.6493828045204282e-05
2147,1745735131.753113,2.6506173526286148e-05
2148,1745735154.5048132,2.6518519007368013e-05
2149,1745735184.512295,2.653086448844988e-05
2150,1745735211.7652698,2.6543209969531745e-05
2151,1745735237.4833949,2.655555545061361e-05
2152,1745735262.8262315,2.6567900931695476e-05
2153,1745735289.7863948,2.6580246412777342e-05
2154,1745735313.393844,2.6592591893859208e-05
2155,1745735338.0343919,2.6604937374941073e-05
2156,1745735362.7957675,2.6617284675012343e-05
2157,1745735394.732704,2.662963015609421e-05
2158,1745735413.8589199,2.6641975637176074e-05
2159,1745735441.8008082,2.665432111825794e-05
2160,1745735463.410395,2.6666666599339806e-05
2161,1745735490.890504,2.667901208042167e-05
2162,1745735516.8561773,2.6691357561503537e-05
2163,1745735541.5842133,2.6703703042585403e-05
2164,1745735565.277063,2.671604852366727e-05
2165,1745735591.6583033,2.6728395823738538e-05
2166,1745735620.4039097,2.6740741304820403e-05
2167,1745735646.2431393,2.675308678590227e-05
2168,1745735671.8241293,2.6765432266984135e-05
2169,1745735694.8123486,2.6777777748066e-05
2170,1745735717.486251,2.6790123229147866e-05
2171,1745735749.4024603,2.6802468710229732e-05
2172,1745735779.5219886,2.6814814191311598e-05
2173,1745735805.4043329,2.6827159672393464e-05
2174,1745735834.6795447,2.6839506972464733e-05
2175,1745735867.724878,2.68518524535466e-05
2176,1745735897.3554873,2.6864197934628464e-05
2177,1745735907.5220027,2.687654341571033e-05
2178,1745735942.6610234,2.6888888896792196e-05
2179,1745735959.1186225,2.690123437787406e-05
2180,1745735983.7479868,2.6913579858955927e-05
2181,1745736008.4667299,2.6925925340037793e-05
2182,1745736037.2214315,2.693827082111966e-05
2183,1745736063.4803188,2.6950618121190928e-05
2184,1745736089.15866,2.6962963602272794e-05
2185,1745736124.6963613,2.697530908335466e-05
2186,1745736156.817862,2.6987654564436525e-05
2187,1745736167.259745,2.700000004551839e-05
2188,1745736398.1549191,2.7012345526600257e-05
2189,1745736427.550539,2.7024691007682122e-05
2190,1745736453.4027038,2.7037036488763988e-05
2191,1745736477.8589165,2.7049381969845854e-05
2192,1745736499.2129474,2.7061729269917123e-05
2193,1745736529.6607428,2.707407475099899e-05
2194,1745736557.8128607,2.7086420232080854e-05
2195,1745736586.61293,2.709876571316272e-05
2196,1745736607.6293836,2.7111111194244586e-05
2197,1745736632.9760365,2.712345667532645e-05
2198,1745736658.3305368,2.7135802156408317e-05
2199,1745736687.4717999,2.7148147637490183e-05
2200,1745736718.6430178,2.716049311857205e-05
2201,1745736745.018062,2.7172838599653915e-05
2202,1745736773.3207617,2.7185185899725184e-05
2203,1745736797.397574,2.719753138080705e-05
2204,1745736821.1331673,2.7209876861888915e-05
2205,1745736847.8587337,2.722222234297078e-05
2206,1745736873.4039311,2.7234567824052647e-05
2207,1745736904.2736735,2.7246913305134512e-05
2208,1745736936.2297723,2.7259258786216378e-05
2209,1745736958.8840423,2.7271604267298244e-05
2210,1745736980.857558,2.728394974838011e-05
2211,1745737015.1969929,2.729629704845138e-05
2212,1745737042.1123133,2.7308642529533245e-05
2213,1745737057.254,2.732098801061511e-05
2214,1745737090.9917858,2.7333333491696976e-05
2215,1745737122.1999166,2.7345678972778842e-05
2216,1745737146.01607,2.7358024453860708e-05
2217,1745737172.8985023,2.7370369934942573e-05
2218,1745737198.719166,2.738271541602444e-05
2219,1745737228.988555,2.7395060897106305e-05
2220,1745737251.6815941,2.7407408197177574e-05
2221,1745737277.2124338,2.741975367825944e-05
2222,1745737304.752983,2.7432099159341305e-05
2223,1745737337.2217104,2.744444464042317e-05
2224,1745737353.6362672,2.7456790121505037e-05
2225,1745737382.9265292,2.7469135602586903e-05
2226,1745737408.8201647,2.748148108366877e-05
2227,1745737435.3881783,2.7493826564750634e-05
2228,1745737461.0872977,2.75061720458325e-05
2229,1745737487.112554,2.751851934590377e-05
2230,1745737517.3253572,2.7530864826985635e-05
2231,1745737547.003681,2.75432103080675e-05
2232,1745737579.7859466,2.7555555789149366e-05
2233,1745737603.418786,2.7567901270231232e-05
2234,1745737623.4835806,2.7580246751313098e-05
2235,1745737652.698397,2.7592592232394964e-05
2236,1745737675.5905585,2.760493771347683e-05
2237,1745737694.485577,2.7617283194558695e-05
2238,1745737717.7237704,2.7629630494629964e-05
2239,1745737741.7903411,2.764197597571183e-05
2240,1745737765.5801632,2.7654321456793696e-05
2241,1745737791.9273143,2.766666693787556e-05
2242,1745737817.3036563,2.7679012418957427e-05
2243,1745737844.3413107,2.7691357900039293e-05
2244,1745737869.1362813,2.770370338112116e-05
2245,1745737896.9518356,2.7716048862203024e-05
2246,1745737923.1060863,2.772839434328489e-05
2247,1745737949.409844,2.774074164335616e-05
2248,1745737973.076115,2.7753087124438025e-05
2249,1745737997.3808486,2.776543260551989e-05
2250,1745738018.340287,2.7777778086601757e-05
2251,1745738036.2483447,2.7790123567683622e-05
2252,1745738059.4482174,2.7802469048765488e-05
2253,1745738098.2811716,2.7814814529847354e-05
2254,1745738125.7154477,2.782716001092922e-05
2255,1745738140.29049,2.7839505492011085e-05
2256,1745738167.2239075,2.785185097309295e-05
2257,1745738195.1594203,2.786419827316422e-05
2258,1745738219.924723,2.7876543754246086e-05
2259,1745738248.1605017,2.788888923532795e-05
2260,1745738276.3354187,2.7901234716409817e-05
2261,1745738300.9562216,2.7913580197491683e-05
2262,1745738325.9436347,2.792592567857355e-05
2263,1745738349.5691733,2.7938271159655415e-05
2264,1745738377.2671957,2.795061664073728e-05
2265,1745738404.670838,2.7962962121819146e-05
2266,1745738433.7815976,2.7975309421890415e-05
2267,1745738463.441312,2.798765490297228e-05
2268,1745738477.9784424,2.8000000384054147e-05
2269,1745738731.8017118,2.8012345865136012e-05
2270,1745738758.8044543,2.8024691346217878e-05
2271,1745738788.8638704,2.8037036827299744e-05
2272,1745738822.2162595,2.804938230838161e-05
2273,1745738840.6944675,2.8061727789463475e-05
2274,1745738861.2702837,2.807407327054534e-05
2275,1745738887.1017842,2.808642057061661e-05
2276,1745738913.5134656,2.8098766051698476e-05
2277,1745738947.1891358,2.8111111532780342e-05
2278,1745738971.8144207,2.8123457013862208e-05
2279,1745739004.867725,2.8135802494944073e-05
2280,1745739024.8282118,2.814814797602594e-05
2281,1745739054.6660025,2.8160493457107805e-05
2282,1745739077.5008345,2.817283893818967e-05
2283,1745739100.2508347,2.8185184419271536e-05
2284,1745739121.8331091,2.8197531719342805e-05
2285,1745739150.3120089,2.820987720042467e-05
2286,1745739176.252483,2.8222222681506537e-05
2287,1745739206.1765265,2.8234568162588403e-05
2288,1745739221.3000755,2.824691364367027e-05
2289,1745739252.207716,2.8259259124752134e-05
2290,1745739270.1276577,2.8271604605834e-05
2291,1745739294.8512177,2.8283950086915866e-05
2292,1745739325.62891,2.829629556799773e-05
2293,1745739357.2187517,2.8308642868069e-05
2294,1745739374.680887,2.8320988349150866e-05
2295,1745739403.3652654,2.8333333830232732e-05
2296,1745739418.854384,2.8345679311314598e-05
2297,1745739450.0613606,2.8358024792396463e-05
2298,1745739479.9815881,2.837037027347833e-05
2299,1745739510.3843021,2.8382715754560195e-05
2300,1745739534.1092415,2.839506123564206e-05
2301,1745739560.1259906,2.8407406716723926e-05
2302,1745739585.2654526,2.8419752197805792e-05
2303,1745739613.9583874,2.843209949787706e-05
2304,1745739643.1692822,2.8444444978958927e-05
2305,1745739672.2939694,2.8456790460040793e-05
2306,1745739692.1629498,2.846913594112266e-05
2307,1745739717.8765686,2.8481481422204524e-05
2308,1745739745.6471713,2.849382690328639e-05
2309,1745739773.8916838,2.8506172384368256e-05
2310,1745739808.7527707,2.851851786545012e-05
2311,1745739823.6505704,2.8530863346531987e-05
2312,1745739850.7435367,2.8543210646603256e-05
2313,1745739875.4619217,2.8555556127685122e-05
2314,1745739904.049993,2.8567901608766988e-05
2315,1745739935.2298834,2.8580247089848854e-05
2316,1745739964.1279314,2.859259257093072e-05
2317,1745739993.898824,2.8604938052012585e-05
2318,1745740029.3418958,2.861728353309445e-05
2319,1745740038.6165762,2.8629629014176317e-05
2320,1745740067.976717,2.8641974495258182e-05
2321,1745740098.798744,2.865432179532945e-05
2322,1745740127.5697029,2.8666667276411317e-05
2323,1745740156.3533697,2.8679012757493183e-05
2324,1745740178.2488883,2.869135823857505e-05
2325,1745740205.2769527,2.8703703719656914e-05
2326,1745740228.9335804,2.871604920073878e-05
2327,1745740261.752438,2.8728394681820646e-05
2328,1745740289.4796455,2.874074016290251e-05
2329,1745740312.9660861,2.8753085643984377e-05
2330,1745740338.6996596,2.8765432944055647e-05
2331,1745740363.5116332,2.8777778425137512e-05
2332,1745740393.41122,2.8790123906219378e-05
2333,1745740426.708208,2.8802469387301244e-05
2334,1745740460.5877426,2.881481486838311e-05
2335,1745740485.5998254,2.8827160349464975e-05
2336,1745740505.8057141,2.883950583054684e-05
2337,1745740527.0558872,2.8851851311628707e-05
2338,1745740556.7547405,2.8864196792710572e-05
2339,1745740572.2004921,2.8876544092781842e-05
2340,1745740603.856571,2.8888889573863707e-05
2341,1745740634.071102,2.8901235054945573e-05
2342,1745740663.657212,2.891358053602744e-05
2343,1745740697.4141026,2.8925926017109305e-05
2344,1745740730.4972365,2.893827149819117e-05
2345,1745740758.8464305,2.8950616979273036e-05
2346,1745740785.7564144,2.8962962460354902e-05
2347,1745740815.142709,2.8975307941436768e-05
2348,1745740835.8020303,2.8987653422518633e-05
2349,1745740851.0086257,2.9000000722589903e-05
2350,1745741096.0922465,2.901234620367177e-05
2351,1745741122.2707624,2.9024691684753634e-05
2352,1745741146.2420979,2.90370371658355e-05
2353,1745741176.9931462,2.9049382646917365e-05
2354,1745741200.0335283,2.906172812799923e-05
2355,1745741216.3907158,2.9074073609081097e-05
2356,1745741243.8584201,2.9086419090162963e-05
2357,1745741275.9915228,2.909876457124483e-05
2358,1745741297.9146776,2.9111111871316098e-05
2359,1745741321.838618,2.9123457352397963e-05
2360,1745741352.8042905,2.913580283347983e-05
2361,1745741377.0391777,2.9148148314561695e-05
2362,1745741397.1922603,2.916049379564356e-05
2363,1745741434.9235344,2.9172839276725426e-05
2364,1745741463.5924168,2.9185184757807292e-05
2365,1745741486.1546106,2.9197530238889158e-05
2366,1745741515.1151817,2.9209875719971023e-05
2367,1745741536.4096997,2.9222223020042293e-05
2368,1745741559.4276042,2.923456850112416e-05
2369,1745741591.3893375,2.9246913982206024e-05
2370,1745741618.1353843,2.925925946328789e-05
2371,1745741645.36871,2.9271604944369756e-05
2372,1745741666.6644044,2.928395042545162e-05
2373,1745741696.0161297,2.9296295906533487e-05
2374,1745741719.6102197,2.9308641387615353e-05
2375,1745741746.2334468,2.932098686869722e-05
2376,1745741776.1789606,2.9333334168768488e-05
2377,1745741807.5378082,2.9345679649850354e-05
2378,1745741820.9853072,2.935802513093222e-05
2379,1745741850.6580446,2.9370370612014085e-05
2380,1745741879.8748255,2.938271609309595e-05
2381,1745741898.2616363,2.9395061574177817e-05
2382,1745741934.4563725,2.9407407055259682e-05
2383,1745741957.6673458,2.9419752536341548e-05
2384,1745741979.939857,2.9432098017423414e-05
2385,1745742009.3570023,2.9444445317494683e-05
2386,1745742038.3164554,2.945679079857655e-05
2387,1745742063.5413,2.9469136279658414e-05
2388,1745742086.276718,2.948148176074028e-05
2389,1745742108.0394015,2.9493827241822146e-05
2390,1745742136.5389292,2.950617272290401e-05
2391,1745742162.8196428,2.9518518203985877e-05
2392,1745742185.1485302,2.9530863685067743e-05
2393,1745742212.345914,2.954320916614961e-05
2394,1745742239.6795268,2.9555554647231475e-05
2395,1745742270.153153,2.9567901947302744e-05
2396,1745742292.9787989,2.958024742838461e-05
2397,1745742309.7519503,2.9592592909466475e-05
2398,1745742355.9658644,2.960493839054834e-05
2399,1745742379.7391527,2.9617283871630207e-05
2400,1745742397.3063917,2.9629629352712072e-05
2401,1745742422.5322409,2.9641974833793938e-05
2402,1745742446.454748,2.9654320314875804e-05
2403,1745742472.4948337,2.966666579595767e-05
2404,1745742513.5746355,2.967901309602894e-05
2405,1745742540.3093286,2.9691358577110805e-05
2406,1745742554.1420214,2.970370405819267e-05
2407,1745742579.2632983,2.9716049539274536e-05
2408,1745742606.8980448,2.9728395020356402e-05
2409,1745742632.2834072,2.9740740501438268e-05
2410,1745742659.6317258,2.9753085982520133e-05
2411,1745742685.312811,2.9765431463602e-05
2412,1745742712.8549483,2.9777776944683865e-05
2413,1745742744.7286878,2.9790124244755134e-05
2414,1745742771.9110458,2.9802469725837e-05
2415,1745742797.8805037,2.9814815206918865e-05
2416,1745742823.8332574,2.982716068800073e-05
2417,1745742848.672337,2.9839506169082597e-05
2418,1745742871.780113,2.9851851650164463e-05
2419,1745742897.0010724,2.986419713124633e-05
2420,1745742918.976261,2.9876542612328194e-05
2421,1745742946.5161347,2.988888809341006e-05
2422,1745742982.4697165,2.990123539348133e-05
2423,1745743011.312507,2.9913580874563195e-05
2424,1745743035.7324545,2.992592635564506e-05
2425,1745743059.8742077,2.9938271836726926e-05
2426,1745743087.4852812,2.9950617317808792e-05
2427,1745743118.5131683,2.9962962798890658e-05
2428,1745743148.0139,2.9975308279972523e-05
2429,1745743178.9678524,2.998765376105439e-05
2430,1745743194.8010805,2.9999999242136255e-05
2431,1745743418.3919847,2.999862772412598e-05
2432,1745743445.0165565,2.9997256206115708e-05
2433,1745743470.4298177,2.9995884688105434e-05
2434,1745743499.229338,2.999451317009516e-05
2435,1745743522.731699,2.9993141652084887e-05
2436,1745743550.7933342,2.9991770134074613e-05
2437,1745743581.0053835,2.999039861606434e-05
2438,1745743607.1760101,2.9989025279064663e-05
2439,1745743632.803229,2.998765376105439e-05
2440,1745743652.1025422,2.9986282243044116e-05
2441,1745743681.6878233,2.9984910725033842e-05
2442,1745743707.8433838,2.998353920702357e-05
2443,1745743732.62254,2.9982167689013295e-05
2444,1745743759.74825,2.998079617100302e-05
2445,1745743784.1366792,2.9979424652992748e-05
2446,1745743812.6905751,2.997805131599307e-05
2447,1745743829.1811745,2.9976679797982797e-05
2448,1745743854.8369024,2.9975308279972523e-05
2449,1745743873.3565958,2.997393676196225e-05
2450,1745743900.745406,2.9972565243951976e-05
2451,1745743929.2558498,2.9971193725941703e-05
2452,1745743961.2579553,2.996982220793143e-05
2453,1745743999.2846751,2.9968450689921156e-05
2454,1745744027.5397804,2.996707735292148e-05
2455,1745744038.7084491,2.9965705834911205e-05
2456,1745744076.957841,2.996433431690093e-05
2457,1745744090.7021646,2.9962962798890658e-05
2458,1745744117.1354153,2.9961591280880384e-05
2459,1745744143.0282753,2.996021976287011e-05
2460,1745744166.636746,2.9958848244859837e-05
2461,1745744195.7972383,2.9957476726849563e-05
2462,1745744228.274402,2.9956103389849886e-05
2463,1745744254.223205,2.9954731871839613e-05
2464,1745744280.2234037,2.995336035382934e-05
2465,1745744305.6692522,2.9951988835819066e-05
2466,1745744324.410759,2.9950617317808792e-05
2467,1745744350.7284706,2.994924579979852e-05
2468,1745744376.0242376,2.9947874281788245e-05
2469,1745744403.7114592,2.994650276377797e-05
2470,1745744433.4213536,2.9945129426778294e-05
2471,1745744454.1656108,2.994375790876802e-05
2472,1745744478.792158,2.9942386390757747e-05
2473,1745744504.0069788,2.9941014872747473e-05
2474,1745744537.036347,2.99396433547372e-05
2475,1745744571.5212288,2.9938271836726926e-05
2476,1745744610.9480846,2.9936900318716653e-05
2477,1745744626.784973,2.993552880070638e-05
2478,1745744655.5418293,2.9934157282696106e-05
2479,1745744683.499143,2.993278394569643e-05
2480,1745744708.2624102,2.9931412427686155e-05
2481,1745744735.8557458,2.993004090967588e-05
2482,1745744752.539997,2.9928669391665608e-05
2483,1745744778.114431,2.9927297873655334e-05
2484,1745744801.889712,2.992592635564506e-05
2485,1745744832.5278265,2.9924554837634787e-05
2486,1745744860.48523,2.9923183319624513e-05
2487,1745744880.803251,2.9921809982624836e-05
2488,1745744910.8411925,2.9920438464614563e-05
2489,1745744939.07477,2.991906694660429e-05
2490,1745744964.7217987,2.9917695428594016e-05
2491,1745745001.5752714,2.9916323910583742e-05
2492,1745745028.2051213,2.991495239257347e-05
2493,1745745053.90578,2.9913580874563195e-05
2494,1745745085.1640518,2.991220935655292e-05
2495,1745745107.7377,2.9910836019553244e-05
2496,1745745133.0439775,2.990946450154297e-05
2497,1745745158.971266,2.9908092983532697e-05
2498,1745745188.4603198,2.9906721465522423e-05
2499,1745745209.8384573,2.990534994751215e-05
2500,1745745235.441699,2.9903978429501876e-05
2501,1745745257.731254,2.9902606911491603e-05
2502,1745745277.4985085,2.990123539348133e-05
2503,1745745302.7976165,2.9899862056481652e-05
2504,1745745324.9467144,2.989849053847138e-05
2505,1745745355.6045234,2.9897119020461105e-05
2506,1745745379.290692,2.989574750245083e-05
2507,1745745408.1215737,2.9894375984440558e-05
2508,1745745433.348861,2.9893004466430284e-05
2509,1745745464.4649332,2.989163294842001e-05
2510,1745745495.9261668,2.9890261430409737e-05
2511,1745745512.0063798,2.988888809341006e-05
2512,1745745729.281292,2.9887516575399786e-05
2513,1745745757.484656,2.9886145057389513e-05
2514,1745745786.7324347,2.988477353937924e-05
2515,1745745806.3211608,2.9883402021368966e-05
2516,1745745830.0217872,2.9882030503358692e-05
2517,1745745861.7828798,2.988065898534842e-05
2518,1745745889.4393055,2.9879287467338145e-05
2519,1745745921.0995865,2.9877914130338468e-05
2520,1745745945.205451,2.9876542612328194e-05
2521,1745745966.2104244,2.987517109431792e-05
2522,1745745994.2268782,2.9873799576307647e-05
2523,1745746020.818515,2.9872428058297373e-05
2524,1745746049.541146,2.98710565402871e-05
2525,1745746076.093002,2.9869685022276826e-05
2526,1745746107.2647185,2.9868313504266553e-05
2527,1745746142.2574358,2.9866940167266876e-05
2528,1745746154.1020882,2.9865568649256602e-05
2529,1745746188.0184689,2.986419713124633e-05
2530,1745746214.1832254,2.9862825613236055e-05
2531,1745746241.0851085,2.986145409522578e-05
2532,1745746263.1150842,2.9860082577215508e-05
2533,1745746299.7190669,2.9858711059205234e-05
2534,1745746334.02966,2.985733954119496e-05
2535,1745746359.8215132,2.9855966204195283e-05
2536,1745746381.4873788,2.985459468618501e-05
2537,1745746408.2881916,2.9853223168174736e-05
2538,1745746430.6232572,2.9851851650164463e-05
2539,1745746454.8810847,2.985048013215419e-05
2540,1745746483.2435157,2.9849108614143915e-05
2541,1745746510.186796,2.9847737096133642e-05
2542,1745746537.450053,2.984636557812337e-05
2543,1745746563.6403968,2.984499224112369e-05
2544,1745746596.9425287,2.9843620723113418e-05
2545,1745746630.3456733,2.9842249205103144e-05
2546,1745746651.5660164,2.984087768709287e-05
2547,1745746673.6709757,2.9839506169082597e-05
2548,1745746702.6812103,2.9838134651072323e-05
2549,1745746736.5638144,2.983676313306205e-05
2550,1745746747.7320788,2.9835391615051776e-05
2551,1745746776.0378716,2.9834020097041503e-05
2552,1745746805.1879072,2.9832646760041825e-05
2553,1745746833.8633735,2.9831275242031552e-05
2554,1745746855.4878557,2.982990372402128e-05
2555,1745746878.5060155,2.9828532206011005e-05
2556,1745746908.8120282,2.982716068800073e-05
2557,1745746930.9978178,2.9825789169990458e-05
2558,1745746957.939274,2.9824417651980184e-05
2559,1745746981.1816459,2.982304613396991e-05
2560,1745746996.7510545,2.9821672796970233e-05
2561,1745747024.349358,2.982030127895996e-05
2562,1745747062.6146572,2.9818929760949686e-05
2563,1745747091.5970516,2.9817558242939413e-05
2564,1745747122.7404904,2.981618672492914e-05
2565,1745747139.2045906,2.9814815206918865e-05
2566,1745747172.6086686,2.9813443688908592e-05
2567,1745747196.52823,2.9812072170898318e-05
2568,1745747220.8571267,2.981069883389864e-05
2569,1745747250.7150161,2.9809327315888368e-05
2570,1745747280.117374,2.9807955797878094e-05
2571,1745747307.9149053,2.980658427986782e-05
2572,1745747333.7462015,2.9805212761857547e-05
2573,1745747368.436318,2.9803841243847273e-05
2574,1745747389.7739236,2.9802469725837e-05
2575,1745747412.0795505,2.9801098207826726e-05
2576,1745747437.7590714,2.979972487082705e-05
2577,1745747466.0368526,2.9798353352816775e-05
2578,1745747496.2851605,2.9796981834806502e-05
2579,1745747507.441145,2.9795610316796228e-05
2580,1745747533.5612376,2.9794238798785955e-05
2581,1745747563.1494994,2.979286728077568e-05
2582,1745747592.360341,2.9791495762765408e-05
2583,1745747608.1556225,2.9790124244755134e-05
2584,1745747640.1223798,2.9788750907755457e-05
2585,1745747678.6665502,2.9787379389745183e-05
2586,1745747707.6195178,2.978600787173491e-05
2587,1745747740.1393795,2.9784636353724636e-05
2588,1745747768.8113737,2.9783264835714363e-05
2589,1745747797.7562401,2.978189331770409e-05
2590,1745747828.7058449,2.9780521799693815e-05
2591,1745747858.5977063,2.9779150281683542e-05
2592,1745747872.1612098,2.9777776944683865e-05
2593,1745748120.5687947,2.977640542667359e-05
2594,1745748142.9997497,2.9775033908663318e-05
2595,1745748167.1578662,2.9773662390653044e-05
2596,1745748189.59002,2.977229087264277e-05
2597,1745748211.5020504,2.9770919354632497e-05
2598,1745748237.7512167,2.9769547836622223e-05
2599,1745748256.6000373,2.976817631861195e-05
2600,1745748284.3242633,2.9766802981612273e-05
2601,1745748313.1723115,2.9765431463602e-05
2602,1745748324.724643,2.9764059945591725e-05
2603,1745748352.4717305,2.9762688427581452e-05
2604,1745748378.4930093,2.9761316909571178e-05
2605,1745748409.8667045,2.9759945391560905e-05
2606,1745748433.4254668,2.975857387355063e-05
2607,1745748464.4844375,2.9757202355540358e-05
2608,1745748493.1738539,2.975582901854068e-05
2609,1745748526.817645,2.9754457500530407e-05
2610,1745748546.8691452,2.9753085982520133e-05
2611,1745748568.5417466,2.975171446450986e-05
2612,1745748601.5847967,2.9750342946499586e-05
2613,1745748626.7194593,2.9748971428489313e-05
2614,1745748652.769282,2.974759991047904e-05
2615,1745748675.8972225,2.9746228392468765e-05
2616,1745748698.4073923,2.9744856874458492e-05
2617,1745748723.9521234,2.9743483537458815e-05
2618,1745748749.8845937,2.974211201944854e-05
2619,1745748769.5488663,2.9740740501438268e-05
2620,1745748799.2386713,2.9739368983427994e-05
2621,1745748811.7216818,2.973799746541772e-05
2622,1745748843.4417949,2.9736625947407447e-05
2623,1745748875.649056,2.9735254429397173e-05
2624,1745748901.1435575,2.97338829113869e-05
2625,1745748923.9387329,2.9732509574387223e-05
2626,1745748952.3466663,2.973113805637695e-05
2627,1745748972.0206904,2.9729766538366675e-05
2628,1745748995.2806935,2.9728395020356402e-05
2629,1745749026.9649346,2.9727023502346128e-05
2630,1745749060.0853126,2.9725651984335855e-05
2631,1745749088.2245836,2.972428046632558e-05
2632,1745749113.2149973,2.9722908948315307e-05
2633,1745749137.784421,2.972153561131563e-05
2634,1745749162.5542827,2.9720164093305357e-05
2635,1745749183.6815856,2.9718792575295083e-05
2636,1745749217.0684626,2.971742105728481e-05
2637,1745749237.3009768,2.9716049539274536e-05
2638,1745749264.1783528,2.9714678021264262e-05
2639,1745749280.50351,2.971330650325399e-05
2640,1745749306.8711634,2.9711934985243715e-05
2641,1745749335.0926266,2.9710561648244038e-05
2642,1745749371.5477395,2.9709190130233765e-05
2643,1745749398.540018,2.970781861222349e-05
2644,1745749425.3608162,2.9706447094213217e-05
2645,1745749449.287092,2.9705075576202944e-05
2646,1745749473.8003194,2.970370405819267e-05
2647,1745749501.4103763,2.9702332540182397e-05
2648,1745749523.0799634,2.9700961022172123e-05
2649,1745749549.5862045,2.9699587685172446e-05
2650,1745749575.187767,2.9698216167162172e-05
2651,1745749598.6843581,2.96968446491519e-05
2652,1745749635.1959777,2.9695473131141625e-05
2653,1745749668.296993,2.9694101613131352e-05
2654,1745749695.5090628,2.9692730095121078e-05
2655,1745749716.1266108,2.9691358577110805e-05
2656,1745749739.7945886,2.968998705910053e-05
2657,1745749773.1114745,2.9688613722100854e-05
2658,1745749812.668711,2.968724220409058e-05
2659,1745749839.9372742,2.9685870686080307e-05
2660,1745749864.6534889,2.9684499168070033e-05
2661,1745749891.6666071,2.968312765005976e-05
2662,1745749919.8456883,2.9681756132049486e-05
2663,1745749936.3257577,2.9680384614039212e-05
2664,1745749966.1205454,2.967901309602894e-05
2665,1745749993.1114917,2.9677639759029262e-05
2666,1745750019.9355662,2.9676268241018988e-05
2667,1745750047.4905043,2.9674896723008715e-05
2668,1745750075.3585007,2.967352520499844e-05
2669,1745750096.6448207,2.9672153686988167e-05
2670,1745750120.9016368,2.9670782168977894e-05
2671,1745750151.2166638,2.966941065096762e-05
2672,1745750183.0853705,2.9668039132957347e-05
2673,1745750199.0322995,2.966666579595767e-05
2674,1745750438.4776988,2.9665294277947396e-05
2675,1745750471.3326027,2.9663922759937122e-05
2676,1745750482.071432,2.966255124192685e-05
2677,1745750509.4013803,2.9661179723916575e-05
2678,1745750542.0980375,2.9659808205906302e-05
2679,1745750549.7720263,2.9658436687896028e-05
2680,1745750581.4924712,2.9657065169885755e-05
2681,1745750605.99698,2.9655691832886077e-05
2682,1745750631.63097,2.9654320314875804e-05
2683,1745750658.5164046,2.965294879686553e-05
2684,1745750690.2539344,2.9651577278855257e-05
2685,1745750705.5457735,2.9650205760844983e-05
2686,1745750733.4187436,2.964883424283471e-05
2687,1745750764.926986,2.9647462724824436e-05
2688,1745750789.0248773,2.9646091206814162e-05
2689,1745750814.2814696,2.964471968880389e-05
2690,1745750845.657638,2.9643346351804212e-05
2691,1745750872.018794,2.9641974833793938e-05
2692,1745750896.3520412,2.9640603315783665e-05
2693,1745750923.6140652,2.963923179777339e-05
2694,1745750954.4380012,2.9637860279763117e-05
2695,1745750966.7881613,2.9636488761752844e-05
2696,1745750999.3000963,2.963511724374257e-05
2697,1745751019.018891,2.9633745725732297e-05
2698,1745751041.8145304,2.963237238873262e-05
2699,1745751071.783854,2.9631000870722346e-05
2700,1745751098.2185662,2.9629629352712072e-05
2701,1745751129.8428867,2.96282578347018e-05
2702,1745751155.1391983,2.9626886316691525e-05
2703,1745751170.6783755,2.9625514798681252e-05
2704,1745751196.288648,2.9624143280670978e-05
2705,1745751220.828101,2.9622771762660705e-05
2706,1745751242.923359,2.9621398425661027e-05
2707,1745751267.5968652,2.9620026907650754e-05
2708,1745751290.2914484,2.961865538964048e-05
2709,1745751311.0383377,2.9617283871630207e-05
2710,1745751332.3569236,2.9615912353619933e-05
2711,1745751360.9010384,2.961454083560966e-05
2712,1745751386.6906376,2.9613169317599386e-05
2713,1745751417.1112423,2.9611797799589112e-05
2714,1745751444.378495,2.9610424462589435e-05
2715,1745751474.618298,2.9609052944579162e-05
2716,1745751515.4733891,2.9607681426568888e-05
2717,1745751525.4495444,2.9606309908558615e-05
2718,1745751550.1727989,2.960493839054834e-05
2719,1745751576.1646974,2.9603566872538067e-05
2720,1745751604.4218464,2.9602195354527794e-05
2721,1745751629.9641209,2.960082383651752e-05
2722,1745751654.0142756,2.9599450499517843e-05
2723,1745751677.3890922,2.959807898150757e-05
2724,1745751702.6202333,2.9596707463497296e-05
2725,1745751737.9559386,2.9595335945487022e-05
2726,1745751764.5595422,2.959396442747675e-05
2727,1745751795.617502,2.9592592909466475e-05
2728,1745751822.2288947,2.95912213914562e-05
2729,1745751845.1675677,2.9589849873445928e-05
2730,1745751867.769612,2.958847653644625e-05
2731,1745751896.1626835,2.9587105018435977e-05
2732,1745751931.0361543,2.9585733500425704e-05
2733,1745751960.0768306,2.958436198241543e-05
2734,1745751985.0202246,2.9582990464405157e-05
2735,1745752011.8424165,2.9581618946394883e-05
2736,1745752030.561678,2.958024742838461e-05
2737,1745752059.8176856,2.9578875910374336e-05
2738,1745752087.928234,2.957750257337466e-05
2739,1745752113.6576252,2.9576131055364385e-05
2740,1745752139.809441,2.957475953735411e-05
2741,1745752165.7546432,2.9573388019343838e-05
2742,1745752202.5464866,2.9572016501333565e-05
2743,1745752229.4091964,2.957064498332329e-05
2744,1745752259.9974236,2.9569273465313017e-05
2745,1745752301.261503,2.9567901947302744e-05
2746,1745752337.1494625,2.9566528610303067e-05
2747,1745752366.3623881,2.9565157092292793e-05
2748,1745752398.3695827,2.956378557428252e-05
2749,1745752426.8435316,2.9562414056272246e-05
2750,1745752453.038055,2.9561042538261972e-05
2751,1745752488.865749,2.95596710202517e-05
2752,1745752516.5715497,2.9558299502241425e-05
2753,1745752547.2373781,2.955692798423115e-05
2754,1745752561.9206452,2.9555554647231475e-05
2755,1745752795.841166,2.95541831292212e-05
2756,1745752820.6874974,2.9552811611210927e-05
2757,1745752847.2580407,2.9551440093200654e-05
2758,1745752876.825284,2.955006857519038e-05
2759,1745752892.1604202,2.9548697057180107e-05
2760,1745752920.580672,2.9547325539169833e-05
2761,1745752960.5259724,2.954595402115956e-05
2762,1745752972.6969364,2.9544582503149286e-05
2763,1745753001.6223388,2.954320916614961e-05
2764,1745753036.8356702,2.9541837648139335e-05
2765,1745753053.585513,2.954046613012906e-05
2766,1745753070.1121504,2.9539094612118788e-05
2767,1745753100.2766912,2.9537723094108514e-05
2768,1745753134.8897052,2.953635157609824e-05
2769,1745753156.8981698,2.9534980058087967e-05
2770,1745753183.458624,2.9533608540077694e-05
2771,1745753207.2462513,2.9532235203078017e-05
2772,1745753235.3223183,2.9530863685067743e-05
2773,1745753259.3846743,2.952949216705747e-05
2774,1745753289.134662,2.9528120649047196e-05
2775,1745753319.7872016,2.9526749131036922e-05
2776,1745753338.7507908,2.952537761302665e-05
2777,1745753358.9500535,2.9524006095016375e-05
2778,1745753394.4973202,2.95226345770061e-05
2779,1745753434.2594395,2.9521261240006424e-05
2780,1745753446.0319612,2.951988972199615e-05
2781,1745753474.9252234,2.9518518203985877e-05
2782,1745753496.8265975,2.9517146685975604e-05
2783,1745753514.3621235,2.951577516796533e-05
2784,1745753546.8269756,2.9514403649955057e-05
2785,1745753582.0809004,2.9513032131944783e-05
2786,1745753608.7263098,2.951166061393451e-05
2787,1745753632.479981,2.9510287276934832e-05
2788,1745753657.4113715,2.950891575892456e-05
2789,1745753675.2817008,2.9507544240914285e-05
2790,1745753710.0302968,2.950617272290401e-05
2791,1745753746.259425,2.9504801204893738e-05
2792,1745753761.4466774,2.9503429686883464e-05
2793,1745753794.0282474,2.950205816887319e-05
2794,1745753809.104792,2.9500686650862917e-05
2795,1745753834.1191068,2.949931331386324e-05
2796,1745753862.1400683,2.9497941795852967e-05
2797,1745753890.4473286,2.9496570277842693e-05
2798,1745753925.6734786,2.949519875983242e-05
2799,1745753946.4048133,2.9493827241822146e-05
2800,1745753970.5115404,2.9492455723811872e-05
2801,1745754004.7252572,2.94910842058016e-05
2802,1745754034.6367478,2.9489712687791325e-05
2803,1745754047.8426466,2.9488339350791648e-05
2804,1745754078.3168736,2.9486967832781374e-05
2805,1745754116.1353774,2.94855963147711e-05
2806,1745754126.5936964,2.9484224796760827e-05
2807,1745754152.5318341,2.9482853278750554e-05
2808,1745754179.7504485,2.948148176074028e-05
2809,1745754207.964787,2.9480110242730007e-05
2810,1745754217.3227818,2.9478738724719733e-05
2811,1745754251.7096713,2.9477365387720056e-05
2812,1745754279.2542822,2.9475993869709782e-05
2813,1745754307.4539545,2.947462235169951e-05
2814,1745754340.6341524,2.9473250833689235e-05
2815,1745754368.9314058,2.947187931567896e-05
2816,1745754398.0055366,2.9470507797668688e-05
2817,1745754423.8490043,2.9469136279658414e-05
2818,1745754450.6132255,2.946776476164814e-05
2819,1745754477.816165,2.9466391424648464e-05
2820,1745754501.1715138,2.946501990663819e-05
2821,1745754529.622335,2.9463648388627917e-05
2822,1745754552.31816,2.9462276870617643e-05
2823,1745754585.3952203,2.946090535260737e-05
2824,1745754614.2654412,2.9459533834597096e-05
2825,1745754642.2477002,2.9458162316586822e-05
2826,1745754669.0023685,2.945679079857655e-05
2827,1745754694.5316157,2.9455419280566275e-05
2828,1745754721.375144,2.9454045943566598e-05
2829,1745754756.9585588,2.9452674425556324e-05
2830,1745754789.043851,2.945130290754605e-05
2831,1745754814.9990845,2.9449931389535777e-05
2832,1745754837.639518,2.9448559871525504e-05
2833,1745754861.1243563,2.944718835351523e-05
2834,1745754887.2704587,2.9445816835504957e-05
2835,1745754897.257211,2.9444445317494683e-05
2836,1745755124.322512,2.9443071980495006e-05
2837,1745755156.2367911,2.9441700462484732e-05
2838,1745755190.1256995,2.944032894447446e-05
2839,1745755200.47131,2.9438957426464185e-05
2840,1745755235.4043167,2.943758590845391e-05
2841,1745755261.8019724,2.9436214390443638e-05
2842,1745755289.5665767,2.9434842872433364e-05
2843,1745755314.1251712,2.943347135442309e-05
2844,1745755338.3550644,2.9432098017423414e-05
2845,1745755368.0859966,2.943072649941314e-05
2846,1745755393.2582235,2.9429354981402867e-05
2847,1745755415.779493,2.9427983463392593e-05
2848,1745755443.641812,2.942661194538232e-05
2849,1745755473.7359786,2.9425240427372046e-05
2850,1745755508.5929747,2.9423868909361772e-05
2851,1745755525.4436808,2.94224973913515e-05
2852,1745755554.8846905,2.942112405435182e-05
2853,1745755580.726993,2.9419752536341548e-05
2854,1745755612.6642094,2.9418381018331274e-05
2855,1745755640.5409555,2.9417009500321e-05
2856,1745755665.982796,2.9415637982310727e-05
2857,1745755683.7898872,2.9414266464300454e-05
2858,1745755709.1962848,2.941289494629018e-05
2859,1745755740.7557554,2.9411523428279907e-05
2860,1745755772.2061281,2.941015009128023e-05
2861,1745755787.3918655,2.9408778573269956e-05
2862,1745755816.9602323,2.9407407055259682e-05
2863,1745755838.325285,2.940603553724941e-05
2864,1745755856.7761066,2.9404664019239135e-05
2865,1745755889.5602767,2.940329250122886e-05
2866,1745755916.9760907,2.9401920983218588e-05
2867,1745755940.3161447,2.9400549465208314e-05
2868,1745755961.6004891,2.9399176128208637e-05
2869,1745755989.5259006,2.9397804610198364e-05
2870,1745756025.592552,2.939643309218809e-05
2871,1745756056.2773895,2.9395061574177817e-05
2872,1745756085.0266788,2.9393690056167543e-05
2873,1745756117.0234456,2.939231853815727e-05
2874,1745756140.5612016,2.9390947020146996e-05
2875,1745756162.9560359,2.9389575502136722e-05
2876,1745756190.5927105,2.9388202165137045e-05
2877,1745756223.170897,2.938683064712677e-05
2878,1745756236.8630853,2.9385459129116498e-05
2879,1745756271.7568386,2.9384087611106224e-05
2880,1745756310.8591082,2.938271609309595e-05
2881,1745756320.0850549,2.9381344575085677e-05
2882,1745756343.4615278,2.9379973057075404e-05
2883,1745756370.345147,2.937860153906513e-05
2884,1745756394.3317623,2.9377228202065453e-05
2885,1745756418.6601844,2.937585668405518e-05
2886,1745756445.9212418,2.9374485166044906e-05
2887,1745756473.1525302,2.9373113648034632e-05
2888,1745756505.3297946,2.937174213002436e-05
2889,1745756526.8594866,2.9370370612014085e-05
2890,1745756557.284029,2.936899909400381e-05
2891,1745756570.7598565,2.9367627575993538e-05
2892,1745756595.5903287,2.936625423899386e-05
2893,1745756625.644774,2.9364882720983587e-05
2894,1745756644.1859715,2.9363511202973314e-05
2895,1745756674.872228,2.936213968496304e-05
2896,1745756700.7473156,2.9360768166952766e-05
2897,1745756724.6307147,2.9359396648942493e-05
2898,1745756751.5967877,2.935802513093222e-05
2899,1745756780.081208,2.9356653612921946e-05
2900,1745756812.0942655,2.9355282094911672e-05
2901,1745756847.6721058,2.9353908757911995e-05
2902,1745756876.5221848,2.935253723990172e-05
2903,1745756909.6337543,2.9351165721891448e-05
2904,1745756937.3682907,2.9349794203881174e-05
2905,1745756964.7989013,2.93484226858709e-05
2906,1745756993.2118993,2.9347051167860627e-05
2907,1745757020.4098446,2.9345679649850354e-05
2908,1745757046.7626789,2.934430813184008e-05
2909,1745757069.2027044,2.9342934794840403e-05
2910,1745757098.8102567,2.934156327683013e-05
2911,1745757122.8057795,2.9340191758819856e-05
2912,1745757148.479592,2.9338820240809582e-05
2913,1745757177.4168172,2.933744872279931e-05
2914,1745757205.167919,2.9336077204789035e-05
2915,1745757235.9732018,2.933470568677876e-05
2916,1745757244.4905736,2.9333334168768488e-05
2917,1745757489.3872516,2.933196083176881e-05
2918,1745757503.6068954,2.9330589313758537e-05
2919,1745757539.8838894,2.9329217795748264e-05
2920,1745757566.413337,2.932784627773799e-05
2921,1745757590.3848622,2.9326474759727716e-05
2922,1745757618.1319547,2.9325103241717443e-05
2923,1745757646.7209246,2.932373172370717e-05
2924,1745757686.7207656,2.9322360205696896e-05
2925,1745757706.597785,2.932098686869722e-05
2926,1745757730.3777452,2.9319615350686945e-05
2927,1745757758.7659035,2.931824383267667e-05
2928,1745757784.960922,2.9316872314666398e-05
2929,1745757811.3492103,2.9315500796656124e-05
2930,1745757838.9847379,2.931412927864585e-05
2931,1745757864.5892622,2.9312757760635577e-05
2932,1745757889.5127242,2.9311386242625304e-05
2933,1745757920.2831185,2.9310012905625626e-05
2934,1745757950.424705,2.9308641387615353e-05
2935,1745757973.365498,2.930726986960508e-05
2936,1745758006.940875,2.9305898351594806e-05
2937,1745758027.2029445,2.9304526833584532e-05
2938,1745758053.3352716,2.930315531557426e-05
2939,1745758083.699713,2.9301783797563985e-05
2940,1745758110.2874782,2.930041227955371e-05
2941,1745758134.366031,2.9299038942554034e-05
2942,1745758157.9086242,2.929766742454376e-05
2943,1745758180.8928695,2.9296295906533487e-05
2944,1745758210.3199608,2.9294924388523214e-05
2945,1745758245.5646167,2.929355287051294e-05
2946,1745758260.0859208,2.9292181352502666e-05
2947,1745758286.2632291,2.9290809834492393e-05
2948,1745758317.091142,2.928943831648212e-05
2949,1745758338.4963243,2.9288064979482442e-05
2950,1745758367.4234476,2.928669346147217e-05
2951,1745758397.606651,2.9285321943461895e-05
2952,1745758423.1515496,2.928395042545162e-05
2953,1745758447.3322842,2.9282578907441348e-05
2954,1745758471.9222214,2.9281207389431074e-05
2955,1745758498.0396144,2.92798358714208e-05
2956,1745758522.474832,2.9278464353410527e-05
2957,1745758556.5070364,2.927709101641085e-05
2958,1745758586.252629,2.9275719498400576e-05
2959,1745758615.4438953,2.9274347980390303e-05
2960,1745758640.908448,2.927297646238003e-05
2961,1745758665.0452535,2.9271604944369756e-05
2962,1745758689.2315574,2.9270233426359482e-05
2963,1745758713.0605693,2.926886190834921e-05
2964,1745758743.1618276,2.9267490390338935e-05
2965,1745758770.6363251,2.926611887232866e-05
2966,1745758799.0484836,2.9264745535328984e-05
2967,1745758814.2711372,2.926337401731871e-05
2968,1745758842.8844948,2.9262002499308437e-05
2969,1745758868.409563,2.9260630981298164e-05
2970,1745758880.5031686,2.925925946328789e-05
2971,1745758915.7111006,2.9257887945277616e-05
2972,1745758947.0279768,2.9256516427267343e-05
2973,1745758987.2652385,2.925514490925707e-05
2974,1745759017.5367117,2.9253771572257392e-05
2975,1745759038.7534513,2.925240005424712e-05
2976,1745759064.0344632,2.9251028536236845e-05
2977,1745759089.3814392,2.924965701822657e-05
2978,1745759116.6417515,2.9248285500216298e-05
2979,1745759134.3012097,2.9246913982206024e-05
2980,1745759161.8915424,2.924554246419575e-05
2981,1745759186.7954452,2.9244170946185477e-05
2982,1745759213.353726,2.92427976091858e-05
2983,1745759241.1268687,2.9241426091175526e-05
2984,1745759260.9540932,2.9240054573165253e-05
2985,1745759282.411557,2.923868305515498e-05
2986,1745759312.0795496,2.9237311537144706e-05
2987,1745759348.7186399,2.9235940019134432e-05
2988,1745759373.000966,2.923456850112416e-05
2989,1745759402.5392048,2.9233196983113885e-05
2990,1745759430.3973193,2.9231823646114208e-05
2991,1745759457.4068382,2.9230452128103934e-05
2992,1745759483.3253129,2.922908061009366e-05
2993,1745759512.4425788,2.9227709092083387e-05
2994,1745759539.714387,2.9226337574073114e-05
2995,1745759563.9941132,2.922496605606284e-05
2996,1745759587.767096,2.9223594538052566e-05
2997,1745759601.893107,2.9222223020042293e-05
2998,1745759844.041288,2.9220849683042616e-05
2999,1745759873.5947127,2.9219478165032342e-05
3000,1745759886.4588194,2.921810664702207e-05
3001,1745759921.7617123,2.9216735129011795e-05
3002,1745759948.5319579,2.921536361100152e-05
3003,1745759965.5025253,2.9213992092991248e-05
3004,1745759992.7690377,2.9212620574980974e-05
3005,1745760017.7809033,2.92112490569707e-05
3006,1745760046.521475,2.9209875719971023e-05
3007,1745760074.0098965,2.920850420196075e-05
3008,1745760100.5253258,2.9207132683950476e-05
3009,1745760127.0703695,2.9205761165940203e-05
3010,1745760154.127625,2.920438964792993e-05
3011,1745760178.3314786,2.9203018129919656e-05
3012,1745760208.0673573,2.9201646611909382e-05
3013,1745760237.7560563,2.920027509389911e-05
3014,1745760265.9107358,2.919890175689943e-05
3015,1745760291.127026,2.9197530238889158e-05
3016,1745760317.1207466,2.9196158720878884e-05
3017,1745760343.6414132,2.919478720286861e-05
3018,1745760369.277789,2.9193415684858337e-05
3019,1745760393.880276,2.9192044166848063e-05
3020,1745760423.4098136,2.919067264883779e-05
3021,1745760453.4314141,2.9189301130827516e-05
3022,1745760478.962035,2.918792779382784e-05
3023,1745760496.236997,2.9186556275817566e-05
3024,1745760523.7544017,2.9185184757807292e-05
3025,1745760550.0395439,2.918381323979702e-05
3026,1745760577.5596774,2.9182441721786745e-05
3027,1745760598.8316698,2.918107020377647e-05
3028,1745760624.6475182,2.9179698685766198e-05
3029,1745760654.2716455,2.9178327167755924e-05
3030,1745760688.297456,2.9176953830756247e-05
3031,1745760714.7974973,2.9175582312745973e-05
3032,1745760742.2253602,2.91742107947357e-05
3033,1745760756.013038,2.9172839276725426e-05
3034,1745760792.0617113,2.9171467758715153e-05
3035,1745760817.0556633,2.917009624070488e-05
3036,1745760846.3062708,2.9168724722694606e-05
3037,1745760879.2032988,2.9167353204684332e-05
3038,1745760892.5835094,2.916598168667406e-05
3039,1745760923.5273812,2.916460834967438e-05
3040,1745760960.7912095,2.9163236831664108e-05
3041,1745760989.1065667,2.9161865313653834e-05
3042,1745760997.7108831,2.916049379564356e-05
3043,1745761033.9118955,2.9159122277633287e-05
3044,1745761073.960291,2.9157750759623013e-05
3045,1745761104.5962722,2.915637924161274e-05
3046,1745761111.5359807,2.9155007723602466e-05
3047,1745761144.579351,2.915363438660279e-05
3048,1745761175.3834782,2.9152262868592516e-05
3049,1745761201.9888737,2.9150891350582242e-05
3050,1745761227.7396889,2.914951983257197e-05
3051,1745761254.472842,2.9148148314561695e-05
3052,1745761279.3100233,2.914677679655142e-05
3053,1745761303.3000877,2.9145405278541148e-05
3054,1745761341.019574,2.9144033760530874e-05
3055,1745761367.3499713,2.9142660423531197e-05
3056,1745761383.1259046,2.9141288905520923e-05
3057,1745761405.7291942,2.913991738751065e-05
3058,1745761436.2197359,2.9138545869500376e-05
3059,1745761470.065119,2.9137174351490103e-05
3060,1745761496.4617736,2.913580283347983e-05
3061,1745761526.8802989,2.9134431315469556e-05
3062,1745761556.1734283,2.9133059797459282e-05
3063,1745761585.208104,2.9131686460459605e-05
3064,1745761611.5144444,2.913031494244933e-05
3065,1745761638.1214716,2.9128943424439058e-05
3066,1745761663.1676018,2.9127571906428784e-05
3067,1745761691.5531073,2.912620038841851e-05
3068,1745761720.3410065,2.9124828870408237e-05
3069,1745761751.1148984,2.9123457352397963e-05
3070,1745761777.7473075,2.912208583438769e-05
3071,1745761804.919793,2.9120712497388013e-05
3072,1745761832.3923979,2.911934097937774e-05
3073,1745761859.3652842,2.9117969461367466e-05
3074,1745761890.2960806,2.9116597943357192e-05
3075,1745761904.569517,2.911522642534692e-05
3076,1745761931.1222477,2.9113854907336645e-05
3077,1745761964.7314026,2.911248338932637e-05
3078,1745761978.810987,2.9111111871316098e-05
3079,1745762203.0133119,2.910973853431642e-05
3080,1745762228.3913844,2.9108367016306147e-05
3081,1745762257.4471874,2.9106995498295873e-05
3082,1745762292.842552,2.91056239802856e-05
3083,1745762322.4555304,2.9104252462275326e-05
3084,1745762345.5567107,2.9102880944265053e-05
3085,1745762370.5959454,2.910150942625478e-05
3086,1745762395.6528285,2.9100137908244506e-05
3087,1745762426.4461627,2.909876457124483e-05
3088,1745762451.9573617,2.9097393053234555e-05
3089,1745762488.9217174,2.909602153522428e-05
3090,1745762507.6248202,2.9094650017214008e-05
3091,1745762535.4917302,2.9093278499203734e-05
3092,1745762564.752861,2.909190698119346e-05
3093,1745762581.672734,2.9090535463183187e-05
3094,1745762611.0969758,2.9089163945172913e-05
3095,1745762638.3680823,2.9087790608173236e-05
3096,1745762665.7264986,2.9086419090162963e-05
3097,1745762685.3738515,2.908504757215269e-05
3098,1745762704.6905751,2.9083676054142416e-05
3099,1745762732.7985764,2.9082304536132142e-05
3100,1745762763.1614444,2.908093301812187e-05
3101,1745762790.2552156,2.9079561500111595e-05
3102,1745762812.515097,2.907818998210132e-05
3103,1745762854.6441946,2.9076818464091048e-05
3104,1745762883.4460547,2.907544512709137e-05
3105,1745762899.1730993,2.9074073609081097e-05
3106,1745762927.5472791,2.9072702091070823e-05
3107,1745762954.6187015,2.907133057306055e-05
3108,1745762981.8534687,2.9069959055050276e-05
3109,1745763009.551188,2.9068587537040003e-05
3110,1745763035.919517,2.906721601902973e-05
3111,1745763063.5103068,2.9065844501019455e-05
3112,1745763093.4736235,2.906447116401978e-05
3113,1745763118.3059406,2.9063099646009505e-05
3114,1745763144.1721585,2.906172812799923e-05
3115,1745763160.708947,2.9060356609988958e-05
3116,1745763192.336685,2.9058985091978684e-05
3117,1745763205.705153,2.905761357396841e-05
3118,1745763231.0194094,2.9056242055958137e-05
3119,1745763259.5142813,2.9054870537947863e-05
3120,1745763289.5350173,2.9053497200948186e-05
3121,1745763325.6740115,2.9052125682937913e-05
3122,1745763338.6203911,2.905075416492764e-05
3123,1745763375.8768568,2.9049382646917365e-05
3124,1745763398.8812807,2.9048011128907092e-05
3125,1745763417.5282524,2.904663961089682e-05
3126,1745763446.3430164,2.9045268092886545e-05
3127,1745763470.6567569,2.904389657487627e-05
3128,1745763499.8314075,2.9042523237876594e-05
3129,1745763528.474778,2.904115171986632e-05
3130,1745763551.1909723,2.9039780201856047e-05
3131,1745763572.1116529,2.9038408683845773e-05
3132,1745763606.6215239,2.90370371658355e-05
3133,1745763632.0179074,2.9035665647825226e-05
3134,1745763659.7660904,2.9034294129814953e-05
3135,1745763684.2021801,2.903292261180468e-05
3136,1745763709.0221372,2.9031549274805002e-05
3137,1745763736.6392963,2.903017775679473e-05
3138,1745763767.4301317,2.9028806238784455e-05
3139,1745763784.2568095,2.902743472077418e-05
3140,1745763809.5038292,2.9026063202763908e-05
3141,1745763840.4915452,2.9024691684753634e-05
3142,1745763867.6114092,2.902332016674336e-05
3143,1745763891.266256,2.9021948648733087e-05
3144,1745763918.3729842,2.902057531173341e-05
3145,1745763946.6995609,2.9019203793723136e-05
3146,1745763976.6763453,2.9017832275712863e-05
3147,1745764005.7165883,2.901646075770259e-05
3148,1745764038.0416057,2.9015089239692315e-05
3149,1745764062.7605405,2.9013717721682042e-05
3150,1745764087.7719436,2.901234620367177e-05
3151,1745764116.341006,2.9010974685661495e-05
3152,1745764142.7300937,2.9009601348661818e-05
3153,1745764163.6505475,2.9008229830651544e-05
3154,1745764194.9985144,2.900685831264127e-05
3155,1745764222.4628441,2.9005486794630997e-05
3156,1745764248.329156,2.9004115276620723e-05
3157,1745764275.280663,2.900274375861045e-05
3158,1745764301.7875652,2.9001372240600176e-05
3159,1745764314.9400902,2.9000000722589903e-05
3160,1745764548.3073637,2.8998627385590225e-05
3161,1745764575.784266,2.8997255867579952e-05
3162,1745764604.3933034,2.899588434956968e-05
3163,1745764629.2710032,2.8994512831559405e-05
3164,1745764650.2148094,2.899314131354913e-05
3165,1745764678.6169546,2.8991769795538858e-05
3166,1745764712.254392,2.8990398277528584e-05
3167,1745764747.955481,2.898902675951831e-05
3168,1745764764.0887327,2.8987653422518633e-05
3169,1745764788.1943238,2.898628190450836e-05
3170,1745764812.183342,2.8984910386498086e-05
3171,1745764838.106953,2.8983538868487813e-05
3172,1745764864.5111814,2.898216735047754e-05
3173,1745764896.3976624,2.8980795832467265e-05
3174,1745764925.0607746,2.8979424314456992e-05
3175,1745764945.0506625,2.8978052796446718e-05
3176,1745764972.0117407,2.8976681278436445e-05
3177,1745765000.7855575,2.8975307941436768e-05
3178,1745765034.397822,2.8973936423426494e-05
3179,1745765067.5288415,2.897256490541622e-05
3180,1745765082.6755407,2.8971193387405947e-05
3181,1745765110.280716,2.8969821869395673e-05
3182,1745765137.9686356,2.89684503513854e-05
3183,1745765168.1591408,2.8967078833375126e-05
3184,1745765189.8229384,2.8965707315364853e-05
3185,1745765213.8470361,2.8964333978365175e-05
3186,1745765235.6497123,2.8962962460354902e-05
3187,1745765257.853958,2.8961590942344628e-05
3188,1745765287.0781145,2.8960219424334355e-05
3189,1745765328.8830147,2.895884790632408e-05
3190,1745765343.5658593,2.8957476388313808e-05
3191,1745765376.9450457,2.8956104870303534e-05
3192,1745765389.0195055,2.895473335229326e-05
3193,1745765411.6507633,2.8953360015293583e-05
3194,1745765422.5803053,2.895198849728331e-05
3195,1745765453.3569837,2.8950616979273036e-05
3196,1745765487.2239337,2.8949245461262763e-05
3197,1745765528.3886292,2.894787394325249e-05
3198,1745765561.6233475,2.8946502425242215e-05
3199,1745765595.8570054,2.8945130907231942e-05
3200,1745765626.8144424,2.8943759389221668e-05
3201,1745765662.0492373,2.894238605222199e-05
3202,1745765673.2102325,2.8941014534211718e-05
3203,1745765709.458365,2.8939643016201444e-05
3204,1745765723.4804134,2.893827149819117e-05
3205,1745765733.109925,2.8936899980180897e-05
3206,1745765766.9738975,2.8935528462170623e-05
3207,1745765788.8151274,2.893415694416035e-05
3208,1745765814.9688041,2.8932785426150076e-05
3209,1745765832.3162663,2.89314120891504e-05
3210,1745765866.8813689,2.8930040571140125e-05
3211,1745765892.6301196,2.8928669053129852e-05
3212,1745765927.0385978,2.8927297535119578e-05
3213,1745765959.9290588,2.8925926017109305e-05
3214,1745765986.5035307,2.892455449909903e-05
3215,1745766008.1841671,2.8923182981088758e-05
3216,1745766032.81877,2.8921811463078484e-05
3217,1745766067.4090447,2.8920438126078807e-05
3218,1745766093.3504417,2.8919066608068533e-05
3219,1745766120.775989,2.891769509005826e-05
3220,1745766152.9034965,2.8916323572047986e-05
3221,1745766173.613709,2.8914952054037713e-05
3222,1745766196.794173,2.891358053602744e-05
3223,1745766227.4559476,2.8912209018017165e-05
3224,1745766253.531224,2.8910837500006892e-05
3225,1745766282.4379725,2.8909464163007215e-05
3226,1745766310.876866,2.890809264499694e-05
3227,1745766337.7461448,2.8906721126986668e-05
3228,1745766365.0863197,2.8905349608976394e-05
3229,1745766391.4163313,2.890397809096612e-05
3230,1745766418.589568,2.8902606572955847e-05
3231,1745766442.6272657,2.8901235054945573e-05
3232,1745766476.417478,2.88998635369353e-05
3233,1745766493.0304227,2.8898490199935623e-05
3234,1745766518.0840082,2.889711868192535e-05
3235,1745766542.7340891,2.8895747163915075e-05
3236,1745766568.7155118,2.8894375645904802e-05
3237,1745766596.6698682,2.8893004127894528e-05
3238,1745766622.8049877,2.8891632609884255e-05
3239,1745766654.5851903,2.889026109187398e-05
3240,1745766668.6289072,2.8888889573863707e-05
3241,1745766917.1973102,2.8887518055853434e-05
3242,1745766946.8512733,2.8886144718853757e-05
3243,1745766968.5247073,2.8884773200843483e-05
3244,1745766993.3131883,2.888340168283321e-05
3245,1745767013.3837094,2.8882030164822936e-05
3246,1745767043.3496163,2.8880658646812662e-05
3247,1745767072.0602646,2.887928712880239e-05
3248,1745767097.1769257,2.8877915610792115e-05
3249,1745767116.5409126,2.8876544092781842e-05
3250,1745767149.833197,2.8875170755782165e-05
3251,1745767175.6991026,2.887379923777189e-05
3252,1745767202.0215936,2.8872427719761617e-05
3253,1745767227.0961487,2.8871056201751344e-05
3254,1745767251.3845632,2.886968468374107e-05
3255,1745767278.0539246,2.8868313165730797e-05
3256,1745767303.0821602,2.8866941647720523e-05
3257,1745767333.5042732,2.886557012971025e-05
3258,1745767356.9406807,2.8864196792710572e-05
3259,1745767380.5762892,2.88628252747003e-05
3260,1745767406.9969823,2.8861453756690025e-05
3261,1745767437.8421373,2.8860082238679752e-05
3262,1745767459.4505024,2.8858710720669478e-05
3263,1745767484.4117513,2.8857339202659205e-05
3264,1745767492.164841,2.885596768464893e-05
3265,1745767522.6316652,2.8854596166638657e-05
3266,1745767532.653206,2.885322282963898e-05
3267,1745767564.2883127,2.8851851311628707e-05
3268,1745767583.2515798,2.8850479793618433e-05
3269,1745767605.516129,2.884910827560816e-05
3270,1745767635.3490105,2.8847736757597886e-05
3271,1745767662.7688081,2.8846365239587612e-05
3272,1745767687.8288584,2.884499372157734e-05
3273,1745767713.5914242,2.8843622203567065e-05
3274,1745767733.72991,2.8842248866567388e-05
3275,1745767759.9540455,2.8840877348557115e-05
3276,1745767779.6491368,2.883950583054684e-05
3277,1745767809.1421819,2.8838134312536567e-05
3278,1745767840.7310429,2.8836762794526294e-05
3279,1745767875.4402804,2.883539127651602e-05
3280,1745767893.0150104,2.8834019758505747e-05
3281,1745767916.6792767,2.8832648240495473e-05
3282,1745767946.6010327,2.8831274903495796e-05
3283,1745767979.1524098,2.8829903385485522e-05
3284,1745768009.392548,2.882853186747525e-05
3285,1745768038.2960994,2.8827160349464975e-05
3286,1745768046.585459,2.8825788831454702e-05
3287,1745768078.4980848,2.8824417313444428e-05
3288,1745768092.835242,2.8823045795434155e-05
3289,1745768119.001139,2.882167427742388e-05
3290,1745768146.858097,2.8820300940424204e-05
3291,1745768185.2284522,2.881892942241393e-05
3292,1745768196.539041,2.8817557904403657e-05
3293,1745768223.2297137,2.8816186386393383e-05
3294,1745768254.210217,2.881481486838311e-05
3295,1745768270.5793412,2.8813443350372836e-05
3296,1745768305.7961078,2.8812071832362562e-05
3297,1745768319.6716924,2.881070031435229e-05
3298,1745768333.1265361,2.8809326977352612e-05
3299,1745768352.3926888,2.8807955459342338e-05
3300,1745768372.0059543,2.8806583941332065e-05
3301,1745768383.1981463,2.880521242332179e-05
3302,1745768399.1189418,2.8803840905311517e-05
3303,1745768416.7697697,2.8802469387301244e-05
3304,1745768425.656876,2.880109786929097e-05
3305,1745768441.5305426,2.8799726351280697e-05
3306,1745768460.1918762,2.879835301428102e-05
3307,1745768480.6850708,2.8796981496270746e-05
3308,1745768493.749877,2.8795609978260472e-05
3309,1745768516.9085228,2.87942384602502e-05
3310,1745768529.8372762,2.8792866942239925e-05
3311,1745768543.265842,2.879149542422965e-05
3312,1745768556.9323893,2.8790123906219378e-05
3313,1745768577.59654,2.8788752388209105e-05
3314,1745768585.2685142,2.878738087019883e-05
3315,1745768607.2082512,2.8786007533199154e-05
3316,1745768626.5238485,2.878463601518888e-05
3317,1745768641.3072343,2.8783264497178607e-05
3318,1745768653.6682425,2.8781892979168333e-05
3319,1745768671.6103528,2.878052146115806e-05
3320,1745768684.5845273,2.8779149943147786e-05
3321,1745768688.8095047,2.8777778425137512e-05
3322,1745768786.1998916,2.877640690712724e-05
3323,1745768796.920555,2.877503357012756e-05
3324,1745768818.8322687,2.8773662052117288e-05
3325,1745768835.241247,2.8772290534107015e-05
3326,1745768844.5136962,2.877091901609674e-05
3327,1745768866.0385854,2.8769547498086467e-05
3328,1745768882.1807015,2.8768175980076194e-05
3329,1745768906.597894,2.876680446206592e-05
3330,1745768921.387712,2.8765432944055647e-05
3331,1745768937.545829,2.876405960705597e-05
3332,1745768954.1436224,2.8762688089045696e-05
3333,1745768968.8697875,2.8761316571035422e-05
3334,1745768979.009428,2.875994505302515e-05
3335,1745769000.213266,2.8758573535014875e-05
3336,1745769011.3188024,2.87572020170046e-05
3337,1745769025.7098932,2.8755830498994328e-05
3338,1745769047.5584195,2.8754458980984055e-05
3339,1745769075.176483,2.8753085643984377e-05
3340,1745769089.6673086,2.8751714125974104e-05
3341,1745769110.4230816,2.875034260796383e-05
3342,1745769127.1656432,2.8748971089953557e-05
3343,1745769138.5087519,2.8747599571943283e-05
3344,1745769149.9075632,2.874622805393301e-05
3345,1745769163.2901385,2.8744856535922736e-05
3346,1745769178.3436513,2.8743485017912462e-05
3347,1745769191.8400102,2.8742111680912785e-05
3348,1745769205.0314775,2.874074016290251e-05
3349,1745769215.480022,2.8739368644892238e-05
3350,1745769225.5003397,2.8737997126881965e-05
3351,1745769247.9941878,2.873662560887169e-05
3352,1745769269.2702837,2.8735254090861417e-05
3353,1745769289.3518345,2.8733882572851144e-05
3354,1745769301.2823277,2.873251105484087e-05
3355,1745769319.6322656,2.8731137717841193e-05
3356,1745769336.5255735,2.872976619983092e-05
3357,1745769346.9728377,2.8728394681820646e-05
3358,1745769361.0376978,2.8727023163810372e-05
3359,1745769378.1904974,2.87256516458001e-05
3360,1745769398.2312682,2.8724280127789825e-05
3361,1745769409.5896375,2.872290860977955e-05
3362,1745769420.4270167,2.8721537091769278e-05
3363,1745769437.8403056,2.87201637547696e-05
3364,1745769448.3250406,2.8718792236759327e-05
3365,1745769466.8738248,2.8717420718749054e-05
3366,1745769481.6585822,2.871604920073878e-05
3367,1745769496.9453847,2.8714677682728507e-05
3368,1745769514.192242,2.8713306164718233e-05
3369,1745769540.025604,2.871193464670796e-05
3370,1745769548.4018898,2.8710563128697686e-05
3371,1745769560.3688395,2.870918979169801e-05
3372,1745769582.892487,2.8707818273687735e-05
3373,1745769597.5696883,2.870644675567746e-05
3374,1745769616.4367652,2.8705075237667188e-05
3375,1745769629.1260502,2.8703703719656914e-05
3376,1745769654.1677387,2.870233220164664e-05
3377,1745769673.4286802,2.8700960683636367e-05
3378,1745769696.477432,2.8699589165626094e-05
3379,1745769712.477993,2.8698215828626417e-05
3380,1745769721.9661994,2.8696844310616143e-05
3381,1745769737.2737336,2.869547279260587e-05
3382,1745769749.240567,2.8694101274595596e-05
3383,1745769769.3782272,2.8692729756585322e-05
3384,1745769783.498894,2.869135823857505e-05
3385,1745769795.4818377,2.8689986720564775e-05
3386,1745769816.379516,2.86886152025545e-05
3387,1745769829.2368832,2.8687243684544228e-05
3388,1745769839.6753316,2.868587034754455e-05
3389,1745769860.3072896,2.8684498829534277e-05
3390,1745769871.3210988,2.8683127311524004e-05
3391,1745769885.76451,2.868175579351373e-05
3392,1745769908.0142093,2.8680384275503457e-05
3393,1745769922.1799724,2.8679012757493183e-05
3394,1745769931.5542657,2.867764123948291e-05
3395,1745769951.84817,2.8676269721472636e-05
3396,1745769973.3291512,2.867489638447296e-05
3397,1745769984.9025505,2.8673524866462685e-05
3398,1745769999.0147357,2.867215334845241e-05
3399,1745770010.4828906,2.8670781830442138e-05
3400,1745770023.5736885,2.8669410312431864e-05
3401,1745770034.529949,2.866803879442159e-05
3402,1745770048.0063398,2.8666667276411317e-05
3403,1745770148.8243532,2.8665295758401044e-05
3404,1745770170.7662418,2.8663922421401367e-05
3405,1745770188.7099712,2.8662550903391093e-05
3406,1745770203.1140702,2.866117938538082e-05
3407,1745770219.702101,2.8659807867370546e-05
3408,1745770229.3364623,2.8658436349360272e-05
3409,1745770244.8195527,2.865706483135e-05
3410,1745770256.0242746,2.8655693313339725e-05
3411,1745770266.3552835,2.865432179532945e-05
3412,1745770284.6376169,2.8652948458329774e-05
3413,1745770303.8532012,2.86515769403195e-05
3414,1745770314.7842755,2.8650205422309227e-05
3415,1745770324.3819249,2.8648833904298954e-05
3416,1745770342.7901428,2.864746238628868e-05
3417,1745770360.5386627,2.8646090868278407e-05
3418,1745770383.1537325,2.8644719350268133e-05
3419,1745770397.4783943,2.864334783225786e-05
3420,1745770404.633249,2.8641974495258182e-05
3421,1745770416.784925,2.864060297724791e-05
3422,1745770436.809116,2.8639231459237635e-05
3423,1745770449.944685,2.863785994122736e-05
3424,1745770474.1908877,2.8636488423217088e-05
3425,1745770492.9856935,2.8635116905206814e-05
3426,1745770508.8963046,2.863374538719654e-05
3427,1745770518.3936925,2.8632373869186267e-05
3428,1745770530.8128762,2.863100053218659e-05
3429,1745770542.6510065,2.8629629014176317e-05
3430,1745770565.2893598,2.8628257496166043e-05
3431,1745770586.0771127,2.862688597815577e-05
3432,1745770600.6263092,2.8625514460145496e-05
3433,1745770614.7600462,2.8624142942135222e-05
3434,1745770623.1404715,2.862277142412495e-05
3435,1745770634.2129562,2.8621399906114675e-05
3436,1745770644.698406,2.8620026569114998e-05
3437,1745770657.7558687,2.8618655051104724e-05
3438,1745770675.933289,2.861728353309445e-05
3439,1745770687.5852191,2.8615912015084177e-05
3440,1745770705.9281693,2.8614540497073904e-05
3441,1745770722.4777684,2.861316897906363e-05
3442,1745770741.6320271,2.8611797461053357e-05
3443,1745770760.10788,2.8610425943043083e-05
3444,1745770769.0322952,2.8609052606043406e-05
3445,1745770792.785409,2.8607681088033132e-05
3446,1745770815.7163632,2.860630957002286e-05
3447,1745770835.1416562,2.8604938052012585e-05
3448,1745770858.8012428,2.860356653400231e-05
3449,1745770882.2560072,2.8602195015992038e-05
3450,1745770901.3153546,2.8600823497981764e-05
3451,1745770925.9797862,2.859945197997149e-05
3452,1745770943.7043548,2.8598080461961217e-05
3453,1745770956.8911712,2.859670712496154e-05
3454,1745770974.5114868,2.8595335606951267e-05
3455,1745770990.1479127,2.8593964088940993e-05
3456,1745770998.898607,2.859259257093072e-05
3457,1745771024.9948726,2.8591221052920446e-05
3458,1745771048.9854887,2.8589849534910172e-05
3459,1745771062.2015486,2.85884780168999e-05
3460,1745771077.8678412,2.8587106498889625e-05
3461,1745771100.0737646,2.8585733161889948e-05
3462,1745771120.7567928,2.8584361643879674e-05
3463,1745771136.3967957,2.85829901258694e-05
3464,1745771143.7013729,2.8581618607859127e-05
3465,1745771173.6175902,2.8580247089848854e-05
3466,1745771195.7113855,2.857887557183858e-05
3467,1745771212.8891168,2.8577504053828306e-05
3468,1745771221.7155395,2.8576132535818033e-05
3469,1745771241.8714726,2.8574759198818356e-05
3470,1745771251.578143,2.8573387680808082e-05
3471,1745771267.9108546,2.857201616279781e-05
3472,1745771282.3810954,2.8570644644787535e-05
3473,1745771304.0106714,2.856927312677726e-05
3474,1745771328.5505471,2.8567901608766988e-05
3475,1745771343.3286688,2.8566530090756714e-05
3476,1745771356.2842839,2.856515857274644e-05
3477,1745771366.9587433,2.8563785235746764e-05
3478,1745771380.1820145,2.856241371773649e-05
3479,1745771392.726949,2.8561042199726216e-05
3480,1745771406.1106722,2.8559670681715943e-05
3481,1745771435.351634,2.855829916370567e-05
3482,1745771445.3596785,2.8556927645695396e-05
3483,1745771453.42701,2.8555556127685122e-05
3484,1745771544.7438607,2.855418460967485e-05
3485,1745771570.1461766,2.855281127267517e-05
3486,1745771587.144274,2.8551439754664898e-05
3487,1745771601.2548609,2.8550068236654624e-05
3488,1745771610.3533406,2.854869671864435e-05
3489,1745771622.7388217,2.8547325200634077e-05
3490,1745771635.5512826,2.8545953682623804e-05
3491,1745771659.124704,2.854458216461353e-05
3492,1745771676.6817365,2.8543210646603256e-05
3493,1745771689.469309,2.854183730960358e-05
3494,1745771708.5958679,2.8540465791593306e-05
3495,1745771721.968168,2.8539094273583032e-05
3496,1745771735.879537,2.853772275557276e-05
3497,1745771748.910237,2.8536351237562485e-05
3498,1745771770.6963134,2.853497971955221e-05
3499,1745771783.1458464,2.8533608201541938e-05
3500,1745771791.1281173,2.8532236683531664e-05
3501,1745771812.941626,2.8530863346531987e-05
3502,1745771823.2218573,2.8529491828521714e-05
3503,1745771840.6009545,2.852812031051144e-05
3504,1745771859.0835087,2.8526748792501166e-05
3505,1745771867.2448628,2.8525377274490893e-05
3506,1745771884.3455846,2.852400575648062e-05
3507,1745771910.096274,2.8522634238470346e-05
3508,1745771930.993468,2.8521262720460072e-05
3509,1745771940.885616,2.8519889383460395e-05
3510,1745771961.6335993,2.851851786545012e-05
3511,1745771971.3313565,2.8517146347439848e-05
3512,1745771990.5597348,2.8515774829429574e-05
3513,1745772006.506759,2.85144033114193e-05
3514,1745772023.1722062,2.8513031793409027e-05
3515,1745772034.026918,2.8511660275398754e-05
3516,1745772057.2228158,2.851028875738848e-05
3517,1745772072.096374,2.8508915420388803e-05
3518,1745772083.1481147,2.850754390237853e-05
3519,1745772095.3157775,2.8506172384368256e-05
3520,1745772104.6132476,2.8504800866357982e-05
3521,1745772133.7380366,2.850342934834771e-05
3522,1745772149.312246,2.8502057830337435e-05
3523,1745772167.961309,2.850068631232716e-05
3524,1745772188.360277,2.8499314794316888e-05
3525,1745772197.7255206,2.8497943276306614e-05
3526,1745772211.9351974,2.8496569939306937e-05
3527,1745772221.2620397,2.8495198421296664e-05
3528,1745772238.6532393,2.849382690328639e-05
3529,1745772247.6907086,2.8492455385276116e-05
3530,1745772268.1424189,2.8491083867265843e-05
3531,1745772282.2753952,2.848971234925557e-05
3532,1745772289.734002,2.8488340831245296e-05
3533,1745772305.5057092,2.8486969313235022e-05
3534,1745772331.3641596,2.8485595976235345e-05
3535,1745772344.1282918,2.848422445822507e-05
3536,1745772354.7963548,2.8482852940214798e-05
3537,1745772373.2803044,2.8481481422204524e-05
3538,1745772386.6732135,2.848010990419425e-05
3539,1745772402.006523,2.8478738386183977e-05
3540,1745772415.948281,2.8477366868173704e-05
3541,1745772434.8526943,2.847599535016343e-05
3542,1745772441.402128,2.8474622013163753e-05
3543,1745772460.7108755,2.847325049515348e-05
3544,1745772470.2087069,2.8471878977143206e-05
3545,1745772482.588327,2.8470507459132932e-05
3546,1745772494.6340058,2.846913594112266e-05
3547,1745772513.4940562,2.8467764423112385e-05
3548,1745772538.9273093,2.846639290510211e-05
3549,1745772549.9050555,2.8465021387091838e-05
3550,1745772562.004791,2.846364805009216e-05
3551,1745772574.4869766,2.8462276532081887e-05
3552,1745772591.2238302,2.8460905014071614e-05
3553,1745772600.813972,2.845953349606134e-05
3554,1745772621.8919754,2.8458161978051066e-05
3555,1745772633.530401,2.8456790460040793e-05
3556,1745772640.6043158,2.845541894203052e-05
3557,1745772660.2525182,2.8454047424020246e-05
3558,1745772672.8394444,2.845267408702057e-05
3559,1745772684.9344687,2.8451302569010295e-05
3560,1745772704.205291,2.844993105100002e-05
3561,1745772713.2666934,2.8448559532989748e-05
3562,1745772738.7122767,2.8447188014979474e-05
3563,1745772754.4175386,2.84458164969692e-05
3564,1745772764.4476914,2.8444444978958927e-05
3565,1745772866.0279655,2.8443073460948654e-05
3566,1745772875.0549219,2.8441700123948976e-05
3567,1745772890.6807058,2.8440328605938703e-05
3568,1745772903.2656348,2.843895708792843e-05
3569,1745772916.8365812,2.8437585569918156e-05
3570,1745772938.2121143,2.8436214051907882e-05
3571,1745772948.08461,2.843484253389761e-05
3572,1745772967.5808432,2.8433471015887335e-05
3573,1745772983.122814,2.843209949787706e-05
3574,1745772997.0551836,2.8430726160877384e-05
3575,1745773019.640672,2.842935464286711e-05
3576,1745773037.2167454,2.8427983124856837e-05
3577,1745773048.6090455,2.8426611606846564e-05
3578,1745773064.0519462,2.842524008883629e-05
3579,1745773086.8907835,2.8423868570826016e-05
3580,1745773099.1610873,2.8422497052815743e-05
3581,1745773118.002857,2.842112553480547e-05
3582,1745773128.7927651,2.8419752197805792e-05
3583,1745773141.072187,2.841838067979552e-05
3584,1745773162.7859223,2.8417009161785245e-05
3585,1745773187.505955,2.841563764377497e-05
3586,1745773202.3696902,2.8414266125764698e-05
3587,1745773214.9517505,2.8412894607754424e-05
3588,1745773226.7190733,2.841152308974415e-05
3589,1745773237.795485,2.8410151571733877e-05
3590,1745773248.1974778,2.8408780053723603e-05
3591,1745773269.5562727,2.8407406716723926e-05
3592,1745773292.616249,2.8406035198713653e-05
3593,1745773303.9702814,2.840466368070338e-05
3594,1745773316.5904777,2.8403292162693106e-05
3595,1745773335.3541086,2.8401920644682832e-05
3596,1745773352.5562143,2.840054912667256e-05
3597,1745773361.36813,2.8399177608662285e-05
3598,1745773380.6107452,2.839780609065201e-05
3599,1745773401.5473647,2.8396432753652334e-05
3600,1745773420.1623259,2.839506123564206e-05
3601,1745773433.9220226,2.8393689717631787e-05
3602,1745773447.4506469,2.8392318199621513e-05
3603,1745773458.752875,2.839094668161124e-05
3604,1745773479.2422695,2.8389575163600966e-05
3605,1745773502.9516501,2.8388203645590693e-05
3606,1745773526.7087955,2.838683212758042e-05
3607,1745773537.072658,2.8385458790580742e-05
3608,1745773556.5546415,2.838408727257047e-05
3609,1745773567.3352044,2.8382715754560195e-05
3610,1745773581.571453,2.838134423654992e-05
3611,1745773604.4614928,2.8379972718539648e-05
3612,1745773629.1223922,2.8378601200529374e-05
3613,1745773639.9801135,2.83772296825191e-05
3614,1745773652.512128,2.8375858164508827e-05
3615,1745773674.7474368,2.837448482750915e-05
3616,1745773703.6903667,2.8373113309498876e-05
3617,1745773716.1354096,2.8371741791488603e-05
3618,1745773728.250938,2.837037027347833e-05
3619,1745773745.228252,2.8368998755468056e-05
3620,1745773760.2344463,2.8367627237457782e-05
3621,1745773770.8972406,2.836625571944751e-05
3622,1745773782.0442674,2.8364884201437235e-05
3623,1745773798.1452706,2.8363510864437558e-05
3624,1745773809.904871,2.8362139346427284e-05
3625,1745773823.3018198,2.836076782841701e-05
3626,1745773839.4751508,2.8359396310406737e-05
3627,1745773848.8115287,2.8358024792396463e-05
3628,1745773866.3529541,2.835665327438619e-05
3629,1745773875.350174,2.8355281756375916e-05
3630,1745773886.3035529,2.8353910238365643e-05
3631,1745773905.6360116,2.8352536901365966e-05
3632,1745773917.8962796,2.8351165383355692e-05
3633,1745773927.0294235,2.834979386534542e-05
3634,1745773941.069343,2.8348422347335145e-05
3635,1745773960.1634817,2.834705082932487e-05
3636,1745773969.684017,2.8345679311314598e-05
3637,1745773994.7663682,2.8344307793304324e-05
3638,1745774009.7406461,2.834293627529405e-05
3639,1745774018.7610865,2.8341562938294373e-05
3640,1745774036.5368598,2.83401914202841e-05
3641,1745774045.5820029,2.8338819902273826e-05
3642,1745774059.7402704,2.8337448384263553e-05
3643,1745774074.610645,2.833607686625328e-05
3644,1745774086.5910757,2.8334705348243006e-05
3645,1745774093.064772,2.8333333830232732e-05
3646,1745774192.7325537,2.833196231222246e-05
3647,1745774205.6735437,2.833058897522278e-05
3648,1745774223.3234358,2.8329217457212508e-05
3649,1745774240.1980293,2.8327845939202234e-05
3650,1745774257.028939,2.832647442119196e-05
3651,1745774272.5579557,2.8325102903181687e-05
3652,1745774288.5779178,2.8323731385171413e-05
3653,1745774316.9723427,2.832235986716114e-05
3654,1745774336.2734878,2.8320988349150866e-05
3655,1745774351.8109827,2.831961501215119e-05
3656,1745774365.683144,2.8318243494140916e-05
3657,1745774379.8040023,2.8316871976130642e-05
3658,1745774390.6268506,2.831550045812037e-05
3659,1745774402.3846388,2.8314128940110095e-05
3660,1745774418.998268,2.831275742209982e-05
3661,1745774428.458888,2.8311385904089548e-05
3662,1745774445.669268,2.8310014386079274e-05
3663,1745774459.1998298,2.8308642868069e-05
3664,1745774477.747059,2.8307269531069323e-05
3665,1745774490.7106662,2.830589801305905e-05
3666,1745774500.1702964,2.8304526495048776e-05
3667,1745774516.0137706,2.8303154977038503e-05
3668,1745774528.6737444,2.830178345902823e-05
3669,1745774540.0779715,2.8300411941017956e-05
3670,1745774552.0303469,2.8299040423007682e-05
3671,1745774565.0311847,2.829766890499741e-05
3672,1745774584.8294039,2.829629556799773e-05
3673,1745774598.1108155,2.8294924049987458e-05
3674,1745774613.6122775,2.8293552531977184e-05
3675,1745774622.845808,2.829218101396691e-05
3676,1745774638.0655663,2.8290809495956637e-05
3677,1745774658.7509863,2.8289437977946363e-05
3678,1745774670.1690712,2.828806645993609e-05
3679,1745774692.535845,2.8286694941925816e-05
3680,1745774719.475302,2.828532160492614e-05
3681,1745774738.3600283,2.8283950086915866e-05
3682,1745774754.6029208,2.8282578568905592e-05
3683,1745774765.8806973,2.828120705089532e-05
3684,1745774778.297088,2.8279835532885045e-05
3685,1745774794.0892904,2.827846401487477e-05
3686,1745774810.900934,2.8277092496864498e-05
3687,1745774839.9203184,2.8275720978854224e-05
3688,1745774863.1868153,2.8274347641854547e-05
3689,1745774886.6262872,2.8272976123844273e-05
3690,1745774897.6050541,2.8271604605834e-05
3691,1745774907.238971,2.8270233087823726e-05
3692,1745774922.6127508,2.8268861569813453e-05
3693,1745774939.8420026,2.826749005180318e-05
3694,1745774966.5976453,2.8266118533792906e-05
3695,1745774990.3883,2.8264747015782632e-05
3696,1745775018.2119544,2.8263373678782955e-05
3697,1745775031.6740146,2.826200216077268e-05
3698,1745775047.4846869,2.8260630642762408e-05
3699,1745775055.6304567,2.8259259124752134e-05
3700,1745775074.036071,2.825788760674186e-05
3701,1745775098.0738833,2.8256516088731587e-05
3702,1745775108.5010333,2.8255144570721313e-05
3703,1745775130.3402946,2.825377305271104e-05
3704,1745775152.5893626,2.8252399715711363e-05
3705,1745775162.3201864,2.825102819770109e-05
3706,1745775172.952323,2.8249656679690816e-05
3707,1745775191.5819993,2.8248285161680542e-05
3708,1745775203.9308796,2.824691364367027e-05
3709,1745775216.8606591,2.8245542125659995e-05
3710,1745775228.8865635,2.824417060764972e-05
3711,1745775239.9823422,2.8242799089639448e-05
3712,1745775252.3975506,2.824142575263977e-05
3713,1745775264.8916314,2.8240054234629497e-05
3714,1745775281.0662305,2.8238682716619223e-05
3715,1745775300.2894223,2.823731119860895e-05
3716,1745775313.8390028,2.8235939680598676e-05
3717,1745775323.9641259,2.8234568162588403e-05
3718,1745775335.4969666,2.823319664457813e-05
3719,1745775351.3927848,2.8231825126567855e-05
3720,1745775361.7918997,2.823045178956818e-05
3721,1745775376.231537,2.8229080271557905e-05
3722,1745775401.0031009,2.822770875354763e-05
3723,1745775418.250082,2.8226337235537358e-05
3724,1745775427.6081958,2.8224965717527084e-05
3725,1745775443.0047207,2.822359419951681e-05
3726,1745775448.3608108,2.8222222681506537e-05
3727,1745775544.3822618,2.8220851163496263e-05
3728,1745775560.0711746,2.821947964548599e-05
3729,1745775571.4467635,2.8218106308486313e-05
3730,1745775590.2298033,2.821673479047604e-05
3731,1745775605.4962015,2.8215363272465765e-05
3732,1745775628.02645,2.8213991754455492e-05
3733,1745775636.4969594,2.821262023644522e-05
3734,1745775660.7918656,2.8211248718434945e-05
3735,1745775678.2227867,2.820987720042467e-05
3736,1745775685.5521224,2.8208505682414398e-05
3737,1745775707.7613704,2.820713234541472e-05
3738,1745775726.7050214,2.8205760827404447e-05
3739,1745775734.647643,2.8204389309394173e-05
3740,1745775754.3942099,2.82030177913839e-05
3741,1745775774.2567935,2.8201646273373626e-05
3742,1745775785.0690298,2.8200274755363353e-05
3743,1745775797.6890764,2.819890323735308e-05
3744,1745775813.125869,2.8197531719342805e-05
3745,1745775829.810662,2.819615838234313e-05
3746,1745775849.3599722,2.8194786864332855e-05
3747,1745775865.3650515,2.819341534632258e-05
3748,1745775881.96196,2.8192043828312308e-05
3749,1745775907.5642333,2.8190672310302034e-05
3750,1745775928.856172,2.818930079229176e-05
3751,1745775941.2373905,2.8187929274281487e-05
3752,1745775956.896763,2.8186557756271213e-05
3753,1745775971.8614745,2.8185184419271536e-05
3754,1745775990.26293,2.8183812901261263e-05
3755,1745775999.6347976,2.818244138325099e-05
3756,1745776015.0191224,2.8181069865240715e-05
3757,1745776023.1117494,2.8179698347230442e-05
3758,1745776052.850171,2.8178326829220168e-05
3759,1745776074.8374138,2.8176955311209895e-05
3760,1745776083.0083864,2.817558379319962e-05
3761,1745776097.2278457,2.8174210456199944e-05
3762,1745776115.6782007,2.817283893818967e-05
3763,1745776126.9685237,2.8171467420179397e-05
3764,1745776140.749248,2.8170095902169123e-05
3765,1745776153.1279106,2.816872438415885e-05
3766,1745776166.1957228,2.8167352866148576e-05
3767,1745776176.740334,2.8165981348138303e-05
3768,1745776200.0318475,2.816460983012803e-05
3769,1745776224.2418942,2.8163236493128352e-05
3770,1745776234.0511785,2.8161864975118078e-05
3771,1745776249.6206405,2.8160493457107805e-05
3772,1745776264.1492074,2.815912193909753e-05
3773,1745776286.6088898,2.8157750421087258e-05
3774,1745776303.9699426,2.8156378903076984e-05
3775,1745776315.3650086,2.815500738506671e-05
3776,1745776325.9277992,2.8153635867056437e-05
3777,1745776338.9238505,2.815226253005676e-05
3778,1745776355.831979,2.8150891012046486e-05
3779,1745776375.326151,2.8149519494036213e-05
3780,1745776394.8956923,2.814814797602594e-05
3781,1745776405.9841754,2.8146776458015665e-05
3782,1745776425.317527,2.8145404940005392e-05
3783,1745776438.216627,2.8144033421995118e-05
3784,1745776458.5210848,2.8142661903984845e-05
3785,1745776471.7142298,2.8141288566985168e-05
3786,1745776493.3532865,2.8139917048974894e-05
3787,1745776500.69733,2.813854553096462e-05
3788,1745776520.048522,2.8137174012954347e-05
3789,1745776536.5089135,2.8135802494944073e-05
3790,1745776551.6013072,2.81344309769338e-05
3791,1745776563.0513005,2.8133059458923526e-05
3792,1745776575.8665905,2.8131687940913253e-05
3793,1745776594.7314947,2.8130314603913575e-05
3794,1745776604.1461666,2.8128943085903302e-05
3795,1745776618.466163,2.8127571567893028e-05
3796,1745776631.6362627,2.8126200049882755e-05
3797,1745776645.2269526,2.812482853187248e-05
3798,1745776660.9234462,2.8123457013862208e-05
3799,1745776674.6812503,2.8122085495851934e-05
3800,1745776685.4785945,2.812071397784166e-05
3801,1745776696.8749664,2.8119342459831387e-05
3802,1745776708.5631082,2.811796912283171e-05
3803,1745776726.739258,2.8116597604821436e-05
3804,1745776732.622521,2.8115226086811163e-05
3805,1745776751.665152,2.811385456880089e-05
3806,1745776775.9918926,2.8112483050790615e-05
3807,1745776780.2693355,2.8111111532780342e-05
3808,1745776894.7633493,2.8109740014770068e-05
3809,1745776919.6820364,2.8108368496759795e-05
3810,1745776931.4849546,2.8106995159760118e-05
3811,1745776949.695175,2.8105623641749844e-05
3812,1745776974.2905695,2.810425212373957e-05
3813,1745776983.1807127,2.8102880605729297e-05
3814,1745777000.9130843,2.8101509087719023e-05
3815,1745777014.342284,2.810013756970875e-05
3816,1745777033.1962955,2.8098766051698476e-05
3817,1745777044.4333932,2.8097394533688203e-05
3818,1745777053.0034447,2.8096021196688525e-05
3819,1745777068.472718,2.8094649678678252e-05
3820,1745777092.9941766,2.8093278160667978e-05
3821,1745777115.9237728,2.8091906642657705e-05
3822,1745777139.9030404,2.809053512464743e-05
3823,1745777164.8218195,2.8089163606637157e-05
3824,1745777186.425459,2.8087792088626884e-05
3825,1745777203.8541753,2.808642057061661e-05
3826,1745777222.15179,2.8085047233616933e-05
3827,1745777234.5572128,2.808367571560666e-05
3828,1745777247.1748164,2.8082304197596386e-05
3829,1745777266.5941792,2.8080932679586112e-05
3830,1745777276.188032,2.807956116157584e-05
3831,1745777297.9832945,2.8078189643565565e-05
3832,1745777316.1647792,2.8076818125555292e-05
3833,1745777329.9342844,2.8075446607545018e-05
3834,1745777342.195568,2.807407327054534e-05
3835,1745777358.6107779,2.8072701752535067e-05
3836,1745777371.6578567,2.8071330234524794e-05
3837,1745777389.7717166,2.806995871651452e-05
3838,1745777418.6052382,2.8068587198504247e-05
3839,1745777426.6121328,2.8067215680493973e-05
3840,1745777445.31393,2.80658441624837e-05
3841,1745777467.0259526,2.8064472644473426e-05
3842,1745777483.2307153,2.806309930747375e-05
3843,1745777497.6676846,2.8061727789463475e-05
3844,1745777512.7848792,2.8060356271453202e-05
3845,1745777524.0722845,2.8058984753442928e-05
3846,1745777536.0698876,2.8057613235432655e-05
3847,1745777543.7762809,2.805624171742238e-05
3848,1745777566.5822616,2.8054870199412107e-05
3849,1745777589.9977887,2.8053498681401834e-05
3850,1745777597.291817,2.8052125344402157e-05
3851,1745777619.9658594,2.8050753826391883e-05
3852,1745777632.4099517,2.804938230838161e-05
3853,1745777652.4705958,2.8048010790371336e-05
3854,1745777674.0522876,2.8046639272361062e-05
3855,1745777686.852245,2.804526775435079e-05
3856,1745777709.290551,2.8043896236340515e-05
3857,1745777719.0406015,2.8042524718330242e-05
3858,1745777735.8962948,2.8041151381330565e-05
3859,1745777750.0802104,2.803977986332029e-05
3860,1745777765.8882806,2.8038408345310017e-05
3861,1745777782.109668,2.8037036827299744e-05
3862,1745777796.4168348,2.803566530928947e-05
3863,1745777826.8505735,2.8034293791279197e-05
3864,1745777853.2173538,2.8032922273268923e-05
3865,1745777863.8436935,2.803155075525865e-05
3866,1745777877.8538554,2.8030177418258972e-05
3867,1745777886.8784003,2.80288059002487e-05
3868,1745777910.5500596,2.8027434382238425e-05
3869,1745777927.347396,2.8026062864228152e-05
3870,1745777939.9087338,2.8024691346217878e-05
3871,1745777954.4009569,2.8023319828207605e-05
3872,1745777971.3074653,2.802194831019733e-05
3873,1745777984.3535554,2.8020576792187057e-05
3874,1745777995.063301,2.8019205274176784e-05
3875,1745778009.2549763,2.8017831937177107e-05
3876,1745778025.3186476,2.8016460419166833e-05
3877,1745778036.5204263,2.801508890115656e-05
3878,1745778051.0747902,2.8013717383146286e-05
3879,1745778062.8651922,2.8012345865136012e-05
3880,1745778075.870126,2.801097434712574e-05
3881,1745778085.8337803,2.8009602829115465e-05
3882,1745778101.7043931,2.8008231311105192e-05
3883,1745778124.613669,2.8006857974105515e-05
3884,1745778147.006104,2.800548645609524e-05
3885,1745778157.1088626,2.8004114938084967e-05
3886,1745778175.471856,2.8002743420074694e-05
3887,1745778185.0354452,2.800137190206442e-05
3888,1745778193.6250474,2.8000000384054147e-05
3889,1745778297.848239,2.7998628866043873e-05
3890,1745778313.5511847,2.79972573480336e-05
3891,1745778328.3237207,2.7995884011033922e-05
3892,1745778344.3392005,2.799451249302365e-05
3893,1745778371.8450532,2.7993140975013375e-05
3894,1745778402.2184298,2.7991769457003102e-05
3895,1745778428.026976,2.7990397938992828e-05
3896,1745778451.813346,2.7989026420982555e-05
3897,1745778475.0615668,2.798765490297228e-05
3898,1745778501.2857516,2.7986283384962007e-05
3899,1745778524.2654595,2.798491004796233e-05
3900,1745778558.3368704,2.7983538529952057e-05
3901,1745778580.9238002,2.7982167011941783e-05
3902,1745778607.587148,2.798079549393151e-05
3903,1745778628.4702353,2.7979423975921236e-05
3904,1745778654.1566825,2.7978052457910962e-05
3905,1745778662.0102248,2.797668093990069e-05
3906,1745778687.5332572,2.7975309421890415e-05
3907,1745778715.5048726,2.7973936084890738e-05
3908,1745778735.0849154,2.7972564566880465e-05
3909,1745778760.4193385,2.797119304887019e-05
3910,1745778783.6916418,2.7969821530859917e-05
3911,1745778810.1591713,2.7968450012849644e-05
3912,1745778831.3799036,2.796707849483937e-05
3913,1745778866.263592,2.7965706976829097e-05
3914,1745778891.7395792,2.7964335458818823e-05
3915,1745778911.914511,2.7962962121819146e-05
3916,1745778933.8313131,2.7961590603808872e-05
3917,1745778968.5247114,2.79602190857986e-05
3918,1745778998.9682662,2.7958847567788325e-05
3919,1745779028.1272676,2.795747604977805e-05
3920,1745779052.346816,2.7956104531767778e-05
3921,1745779077.1463723,2.7954733013757505e-05
3922,1745779107.7661107,2.795336149574723e-05
3923,1745779142.4038002,2.7951988158747554e-05
3924,1745779155.6191578,2.795061664073728e-05
3925,1745779178.8817272,2.7949245122727007e-05
3926,1745779201.6674452,2.7947873604716733e-05
3927,1745779221.1673586,2.794650208670646e-05
3928,1745779248.5801067,2.7945130568696186e-05
3929,1745779273.2599382,2.7943759050685912e-05
3930,1745779295.1446536,2.794238753267564e-05
3931,1745779322.3330564,2.794101419567596e-05
3932,1745779361.9993446,2.7939642677665688e-05
3933,1745779383.955828,2.7938271159655415e-05
3934,1745779404.8690925,2.793689964164514e-05
3935,1745779434.3771813,2.7935528123634867e-05
3936,1745779444.8779554,2.7934156605624594e-05
3937,1745779480.1561012,2.793278508761432e-05
3938,1745779504.7910042,2.7931413569604047e-05
3939,1745779527.2978103,2.7930042051593773e-05
3940,1745779555.276189,2.7928668714594096e-05
3941,1745779593.6137695,2.7927297196583822e-05
3942,1745779606.4869568,2.792592567857355e-05
3943,1745779635.7241192,2.7924554160563275e-05
3944,1745779663.7472327,2.7923182642553e-05
3945,1745779688.8951023,2.7921811124542728e-05
3946,1745779717.206554,2.7920439606532454e-05
3947,1745779747.9741344,2.791906808852218e-05
3948,1745779756.1497998,2.7917694751522504e-05
3949,1745779790.936502,2.791632323351223e-05
3950,1745779821.7680032,2.7914951715501957e-05
3951,1745779840.6029563,2.7913580197491683e-05
3952,1745779866.0333717,2.791220867948141e-05
3953,1745779899.7079594,2.7910837161471136e-05
3954,1745779926.8000915,2.7909465643460862e-05
3955,1745779952.2368839,2.790809412545059e-05
3956,1745779981.3546424,2.790672078845091e-05
3957,1745780005.4673696,2.7905349270440638e-05
3958,1745780030.816781,2.7903977752430364e-05
3959,1745780067.2393928,2.790260623442009e-05
3960,1745780085.722874,2.7901234716409817e-05
3961,1745780116.4593384,2.7899863198399544e-05
3962,1745780144.1317072,2.789849168038927e-05
3963,1745780175.012524,2.7897120162378997e-05
3964,1745780211.1064546,2.789574682537932e-05
3965,1745780246.5965338,2.7894375307369046e-05
3966,1745780268.518684,2.7893003789358772e-05
3967,1745780295.8033726,2.78916322713485e-05
3968,1745780316.2221837,2.7890260753338225e-05
3969,1745780328.5625572,2.788888923532795e-05
3970,1745780577.6065106,2.7887517717317678e-05
3971,1745780586.4432523,2.7886146199307404e-05
3972,1745780623.5722814,2.7884772862307727e-05
3973,1745780633.5581162,2.7883401344297454e-05
3974,1745780660.9427488,2.788202982628718e-05
3975,1745780684.3815134,2.7880658308276907e-05
3976,1745780706.6669545,2.7879286790266633e-05
3977,1745780733.5279846,2.787791527225636e-05
3978,1745780762.2387793,2.7876543754246086e-05
3979,1745780791.7976923,2.7875172236235812e-05
3980,1745780823.8302574,2.7873798899236135e-05
3981,1745780839.535994,2.787242738122586e-05
3982,1745780862.113502,2.7871055863215588e-05
3983,1745780885.6790397,2.7869684345205314e-05
3984,1745780916.5562963,2.786831282719504e-05
3985,1745780944.0481682,2.7866941309184767e-05
3986,1745780958.1126728,2.7865569791174494e-05
3987,1745780988.380087,2.786419827316422e-05
3988,1745781015.7620823,2.7862824936164543e-05
3989,1745781042.8695683,2.786145341815427e-05
3990,1745781058.2851772,2.7860081900143996e-05
3991,1745781091.4031668,2.7858710382133722e-05
3992,1745781114.6646283,2.785733886412345e-05
3993,1745781136.7080195,2.7855967346113175e-05
3994,1745781163.5892487,2.78545958281029e-05
3995,1745781188.515137,2.7853224310092628e-05
3996,1745781213.9858541,2.785185097309295e-05
3997,1745781249.10383,2.7850479455082677e-05
3998,1745781256.4616663,2.7849107937072404e-05
3999,1745781282.7874815,2.784773641906213e-05
4000,1745781310.188722,2.7846364901051857e-05
4001,1745781332.1946259,2.7844993383041583e-05
4002,1745781359.3983147,2.784362186503131e-05
4003,1745781382.4909542,2.7842250347021036e-05
4004,1745781416.275698,2.784087701002136e-05
4005,1745781448.1360302,2.7839505492011085e-05
4006,1745781465.6209974,2.783813397400081e-05
4007,1745781494.8147392,2.7836762455990538e-05
4008,1745781518.2220824,2.7835390937980264e-05
4009,1745781544.498197,2.783401941996999e-05
4010,1745781573.847621,2.7832647901959717e-05
4011,1745781612.0517285,2.7831276383949444e-05
4012,1745781626.9837327,2.782990486593917e-05
4013,1745781652.9620576,2.7828531528939493e-05
4014,1745781683.5484796,2.782716001092922e-05
4015,1745781709.5719204,2.7825788492918946e-05
4016,1745781730.909792,2.7824416974908672e-05
4017,1745781754.1674838,2.78230454568984e-05
4018,1745781782.4943027,2.7821673938888125e-05
4019,1745781798.2534726,2.782030242087785e-05
4020,1745781826.5466065,2.7818930902867578e-05
4021,1745781851.7206943,2.78175575658679e-05
4022,1745781880.5473492,2.7816186047857627e-05
4023,1745781909.8395846,2.7814814529847354e-05
4024,1745781933.768308,2.781344301183708e-05
4025,1745781954.173578,2.7812071493826807e-05
4026,1745781988.7392402,2.7810699975816533e-05
4027,1745782026.0530148,2.780932845780626e-05
4028,1745782039.29917,2.7807956939795986e-05
4029,1745782064.859783,2.780658360279631e-05
4030,1745782089.7305372,2.7805212084786035e-05
4031,1745782112.4352312,2.780384056677576e-05
4032,1745782137.970436,2.7802469048765488e-05
4033,1745782170.7365272,2.7801097530755214e-05
4034,1745782195.051272,2.779972601274494e-05
4035,1745782218.918505,2.7798354494734667e-05
4036,1745782251.482336,2.7796982976724394e-05
4037,1745782278.312703,2.7795609639724717e-05
4038,1745782305.0612266,2.7794238121714443e-05
4039,1745782319.147578,2.779286660370417e-05
4040,1745782349.4728973,2.7791495085693896e-05
4041,1745782380.9507046,2.7790123567683622e-05
4042,1745782407.9595156,2.778875204967335e-05
4043,1745782432.9696038,2.7787380531663075e-05
4044,1745782459.3917289,2.77860090136528e-05
4045,1745782486.603772,2.7784635676653124e-05
4046,1745782512.6564603,2.778326415864285e-05
4047,1745782536.4302838,2.7781892640632577e-05
4048,1745782556.486333,2.7780521122622304e-05
4049,1745782578.0341036,2.777914960461203e-05
4050,1745782586.8880136,2.7777778086601757e-05
