step,wall_time,value
1,1745681506.197322,1.2195122245373113e-08
2,1745681528.6996295,2.4390244490746227e-08
3,1745681547.7121637,3.658536584794092e-08
4,1745681555.5105448,4.8780488981492454e-08
5,1745681580.024942,6.097560856233031e-08
6,1745681599.5585563,7.317073169588184e-08
7,1745681606.1538854,8.536585482943337e-08
8,1745681620.122334,9.756097796298491e-08
9,1745681632.1955562,1.0975610109653644e-07
10,1745681644.0356748,1.2195121712466062e-07
11,1745681653.9932525,1.341463473636395e-07
12,1745681661.294563,1.4634146339176368e-07
13,1745681672.814877,1.5853657941988786e-07
14,1745681689.7007575,1.7073170965886675e-07
15,1745681704.6049411,1.8292682568699092e-07
16,1745681715.8205016,1.9512195592596981e-07
17,1745681733.0700822,2.07317071954094e-07
18,1745681741.6108403,2.1951220219307288e-07
19,1745681758.9642153,2.3170731822119706e-07
20,1745681771.6196072,2.4390243424932123e-07
21,1745681789.7764316,2.560975644883001e-07
22,1745681807.8274276,2.68292694727279e-07
23,1745681819.4532993,2.8048779654454847e-07
24,1745681834.4175344,2.9268292678352736e-07
25,1745681851.7743146,3.0487805702250625e-07
26,1745681866.3440523,3.170731588397757e-07
27,1745681875.4003158,3.292682890787546e-07
28,1745681881.4287653,3.414634193177335e-07
29,1745681893.9516613,3.536585495567124e-07
30,1745681907.0252528,3.6585365137398185e-07
31,1745681922.8176327,3.7804878161296074e-07
32,1745681934.3123477,3.9024391185193963e-07
33,1745681944.3436313,4.024390136692091e-07
34,1745681964.7148936,4.14634143908188e-07
35,1745681974.7271562,4.2682927414716687e-07
36,1745681986.6290848,4.3902440438614576e-07
37,1745681993.929781,4.512195062034152e-07
38,1745682006.0080223,4.634146364423941e-07
39,1745682013.280004,4.75609766681373e-07
40,1745682028.2536817,4.878048684986425e-07
41,1745682034.584676,4.999999987376214e-07
42,1745682044.1055405,5.121951289766002e-07
43,1745682055.4876726,5.243902592155791e-07
44,1745682072.2860653,5.36585389454558e-07
45,1745682084.2528784,5.487804628501181e-07
46,1745682098.5542827,5.609755930890969e-07
47,1745682111.2912529,5.731707233280758e-07
48,1745682123.2144368,5.853658535670547e-07
49,1745682137.0668852,5.975609838060336e-07
50,1745682148.891829,6.097561140450125e-07
51,1745682159.0865965,6.219512442839914e-07
52,1745682169.021805,6.341463176795514e-07
53,1745682186.3898633,6.463414479185303e-07
54,1745682196.9315593,6.585365781575092e-07
55,1745682204.7781143,6.707317083964881e-07
56,1745682218.9463956,6.82926838635467e-07
57,1745682229.676421,6.951219688744459e-07
58,1745682243.401846,7.073170991134248e-07
59,1745682252.000334,7.195121725089848e-07
60,1745682271.2164462,7.317073027479637e-07
61,1745682284.7419164,7.439024329869426e-07
62,1745682295.4464476,7.560975632259215e-07
63,1745682312.110891,7.682926934649004e-07
64,1745682326.6784348,7.804878237038793e-07
65,1745682338.296655,7.926829539428581e-07
66,1745682353.9146132,8.048780273384182e-07
67,1745682360.0308435,8.170731575773971e-07
68,1745682380.1646545,8.29268287816376e-07
69,1745682391.5345638,8.414634180553549e-07
70,1745682410.388318,8.536585482943337e-07
71,1745682421.0458274,8.658536785333126e-07
72,1745682434.518364,8.780488087722915e-07
73,1745682446.521054,8.902438821678516e-07
74,1745682460.9524553,9.024390124068304e-07
75,1745682468.6151512,9.146341426458093e-07
76,1745682488.782961,9.268292728847882e-07
77,1745682495.4259677,9.390244031237671e-07
78,1745682509.0021446,9.51219533362746e-07
79,1745682532.1979964,9.63414663601725e-07
80,1745682547.3756,9.75609736997285e-07
81,1745682553.606741,9.878049240796827e-07
82,1745682558.6448803,9.999999974752427e-07
83,1745682658.1059692,1.0121950708708027e-06
84,1745682673.2774677,1.0243902579532005e-06
85,1745682695.6530488,1.0365853313487605e-06
86,1745682707.6867712,1.0487805184311583e-06
87,1745682715.2053573,1.0609755918267183e-06
88,1745682725.6866739,1.073170778909116e-06
89,1745682731.1029284,1.085365852304676e-06
90,1745682748.472617,1.0975609257002361e-06
91,1745682764.3751044,1.1097561127826339e-06
92,1745682776.4740992,1.1219511861781939e-06
93,1745682794.6379757,1.1341463732605916e-06
94,1745682810.8508315,1.1463414466561517e-06
95,1745682832.3804204,1.1585366337385494e-06
96,1745682844.792418,1.1707317071341095e-06
97,1745682849.9863732,1.1829267805296695e-06
98,1745682865.4505708,1.1951219676120672e-06
99,1745682873.493705,1.2073170410076273e-06
100,1745682884.8623738,1.219512228090025e-06
101,1745682899.6070764,1.231707301485585e-06
102,1745682915.9293134,1.2439024885679828e-06
103,1745682925.6825545,1.2560975619635428e-06
104,1745682936.9536312,1.2682926353591029e-06
105,1745682943.0855746,1.2804878224415006e-06
106,1745682955.8671796,1.2926828958370606e-06
107,1745682966.1945996,1.3048780829194584e-06
108,1745682978.4805036,1.3170731563150184e-06
109,1745682988.9750924,1.3292683433974162e-06
110,1745683002.329809,1.3414634167929762e-06
111,1745683012.8156948,1.3536584901885362e-06
112,1745683030.2107737,1.365853677270934e-06
113,1745683044.1008492,1.378048750666494e-06
114,1745683063.2365274,1.3902439377488918e-06
115,1745683078.739118,1.4024390111444518e-06
116,1745683094.6567314,1.4146341982268495e-06
117,1745683103.319749,1.4268292716224096e-06
118,1745683115.1628869,1.4390243450179696e-06
119,1745683127.4745433,1.4512195321003674e-06
120,1745683142.7635174,1.4634146054959274e-06
121,1745683154.6170647,1.4756097925783251e-06
122,1745683165.4301872,1.4878048659738852e-06
123,1745683172.159107,1.500000053056283e-06
124,1745683185.0908225,1.512195126451843e-06
125,1745683192.307551,1.524390199847403e-06
126,1745683204.6527169,1.5365853869298007e-06
127,1745683219.7082798,1.5487804603253608e-06
128,1745683238.5977414,1.5609756474077585e-06
129,1745683248.3099866,1.5731707208033185e-06
130,1745683261.899313,1.5853659078857163e-06
131,1745683278.6007762,1.5975609812812763e-06
132,1745683294.1404357,1.6097560546768364e-06
133,1745683302.404915,1.6219512417592341e-06
134,1745683313.84766,1.6341463151547941e-06
135,1745683330.3179293,1.6463415022371919e-06
136,1745683349.371466,1.658536575632752e-06
137,1745683356.9452298,1.6707317627151497e-06
138,1745683368.9231207,1.6829268361107097e-06
139,1745683379.6373775,1.6951219095062697e-06
140,1745683387.9350457,1.7073170965886675e-06
141,1745683399.2314928,1.7195121699842275e-06
142,1745683412.9313226,1.7317073570666253e-06
143,1745683427.4182508,1.7439024304621853e-06
144,1745683439.3274238,1.756097617544583e-06
145,1745683451.295767,1.768292690940143e-06
146,1745683461.8655496,1.780487764335703e-06
147,1745683470.7287745,1.7926829514181009e-06
148,1745683484.6492414,1.8048780248136609e-06
149,1745683490.14737,1.8170732118960586e-06
150,1745683503.462542,1.8292682852916187e-06
151,1745683516.1167855,1.8414633586871787e-06
152,1745683526.5506651,1.8536585457695764e-06
153,1745683539.5756934,1.8658536191651365e-06
154,1745683548.6909595,1.8780488062475342e-06
155,1745683565.8887317,1.8902438796430943e-06
156,1745683588.2825541,1.902439066725492e-06
157,1745683605.7745564,1.914634140121052e-06
158,1745683618.3697212,1.92682932720345e-06
159,1745683631.2270334,1.939024286912172e-06
160,1745683648.6087894,1.95121947399457e-06
161,1745683671.6545613,1.9634146610769676e-06
162,1745683694.7396421,1.9756098481593654e-06
163,1745683710.3193998,1.9878048078680877e-06
164,1745683714.7645621,1.9999999949504854e-06
165,1745683809.5147963,2.012195182032883e-06
166,1745683823.9086928,2.0243901417416055e-06
167,1745683841.8937948,2.0365853288240032e-06
168,1745683851.3383105,2.048780515906401e-06
169,1745683870.2272723,2.0609757029887987e-06
170,1745683881.779788,2.073170662697521e-06
171,1745683895.9157922,2.085365849779919e-06
172,1745683912.430258,2.0975610368623165e-06
173,1745683922.0457528,2.109755996571039e-06
174,1745683932.8109992,2.1219511836534366e-06
175,1745683944.8440025,2.1341463707358344e-06
176,1745683954.761709,2.146341557818232e-06
177,1745683976.8363888,2.1585365175269544e-06
178,1745683984.5539668,2.170731704609352e-06
179,1745683999.8111796,2.18292689169175e-06
180,1745684016.4625049,2.1951218514004722e-06
181,1745684028.0065336,2.20731703848287e-06
182,1745684034.7394953,2.2195122255652677e-06
183,1745684061.6505127,2.2317074126476655e-06
184,1745684073.0713177,2.2439023723563878e-06
185,1745684088.9270747,2.2560975594387855e-06
186,1745684099.6366339,2.2682927465211833e-06
187,1745684125.6689541,2.2804877062299056e-06
188,1745684133.1904712,2.2926828933123033e-06
189,1745684147.3081095,2.304878080394701e-06
190,1745684162.4371874,2.317073267477099e-06
191,1745684170.7124977,2.329268227185821e-06
192,1745684183.2385616,2.341463414268219e-06
193,1745684192.1146252,2.3536586013506167e-06
194,1745684203.6703167,2.365853561059339e-06
195,1745684218.5669658,2.3780487481417367e-06
196,1745684240.7885575,2.3902439352241345e-06
197,1745684252.4281173,2.4024391223065322e-06
198,1745684270.1966882,2.4146340820152545e-06
199,1745684290.440574,2.4268292690976523e-06
200,1745684307.0533583,2.43902445618005e-06
201,1745684312.2741802,2.4512194158887723e-06
202,1745684334.8098729,2.46341460297117e-06
203,1745684342.7148771,2.475609790053568e-06
204,1745684355.6417124,2.4878049771359656e-06
205,1745684366.9216478,2.499999936844688e-06
206,1745684378.049856,2.5121951239270857e-06
207,1745684384.7849123,2.5243903110094834e-06
208,1745684399.4430144,2.5365852707182057e-06
209,1745684419.422679,2.5487804578006035e-06
210,1745684438.276821,2.5609756448830012e-06
211,1745684458.0122237,2.573170831965399e-06
212,1745684475.968049,2.5853657916741213e-06
213,1745684493.0585501,2.597560978756519e-06
214,1745684502.4265554,2.6097561658389168e-06
215,1745684512.6253092,2.621951125547639e-06
216,1745684528.4420338,2.634146312630037e-06
217,1745684551.2480998,2.6463414997124346e-06
218,1745684559.4171393,2.6585366867948323e-06
219,1745684569.9349911,2.6707316465035547e-06
220,1745684578.9625363,2.6829268335859524e-06
221,1745684603.6026711,2.69512202066835e-06
222,1745684612.6744115,2.7073169803770725e-06
223,1745684625.2902532,2.7195121674594702e-06
224,1745684636.3779857,2.731707354541868e-06
225,1745684646.1228058,2.7439025416242657e-06
226,1745684660.8204794,2.756097501332988e-06
227,1745684667.6194737,2.7682926884153858e-06
228,1745684680.071924,2.7804878754977835e-06
229,1745684696.565085,2.792682835206506e-06
230,1745684709.5764656,2.8048780222889036e-06
231,1745684725.3382125,2.8170732093713013e-06
232,1745684735.2638364,2.829268396453699e-06
233,1745684745.1548321,2.8414633561624214e-06
234,1745684761.209563,2.853658543244819e-06
235,1745684779.4269402,2.865853730327217e-06
236,1745684789.3994412,2.8780486900359392e-06
237,1745684810.9655864,2.890243877118337e-06
238,1745684819.8320012,2.9024390642007347e-06
239,1745684830.2415912,2.9146342512831325e-06
240,1745684841.5536742,2.9268292109918548e-06
241,1745684852.7072968,2.9390243980742525e-06
242,1745684862.2474678,2.9512195851566503e-06
243,1745684882.8021805,2.9634145448653726e-06
244,1745684891.5473502,2.9756097319477703e-06
245,1745684902.5068848,2.987804919030168e-06
246,1745684912.3797529,3.000000106112566e-06
247,1745685015.4383419,3.012195065821288e-06
248,1745685021.8098752,3.024390252903686e-06
249,1745685032.1756973,3.0365854399860837e-06
250,1745685041.4260561,3.048780399694806e-06
251,1745685054.7105641,3.0609755867772037e-06
252,1745685065.7253551,3.0731707738596015e-06
253,1745685078.89119,3.0853659609419992e-06
254,1745685095.094557,3.0975609206507215e-06
255,1745685106.7785482,3.1097561077331193e-06
256,1745685116.921546,3.121951294815517e-06
257,1745685130.0613089,3.1341462545242393e-06
258,1745685137.2343683,3.146341441606637e-06
259,1745685148.2571332,3.158536628689035e-06
260,1745685160.2008164,3.1707318157714326e-06
261,1745685180.6982648,3.182926775480155e-06
262,1745685187.4484444,3.1951219625625527e-06
263,1745685205.902971,3.2073171496449504e-06
264,1745685224.5947216,3.2195121093536727e-06
265,1745685237.2102687,3.2317072964360705e-06
266,1745685251.6883404,3.2439024835184682e-06
267,1745685262.2951515,3.256097670600866e-06
268,1745685275.80681,3.2682926303095883e-06
269,1745685284.8372676,3.280487817391986e-06
270,1745685295.520712,3.2926830044743838e-06
271,1745685313.7375293,3.304877964183106e-06
272,1745685322.177881,3.317073151265504e-06
273,1745685332.6385717,3.3292683383479016e-06
274,1745685341.877169,3.3414635254302993e-06
275,1745685351.465092,3.3536584851390216e-06
276,1745685362.6531265,3.3658536722214194e-06
277,1745685372.4824622,3.378048859303817e-06
278,1745685389.448651,3.3902438190125395e-06
279,1745685397.4711702,3.4024390060949372e-06
280,1745685410.2777472,3.414634193177335e-06
281,1745685421.0743897,3.4268293802597327e-06
282,1745685437.35039,3.439024339968455e-06
283,1745685454.2025416,3.4512195270508528e-06
284,1745685466.4747899,3.4634147141332505e-06
285,1745685477.3212473,3.475609673841973e-06
286,1745685495.9128222,3.4878048609243706e-06
287,1745685516.19614,3.5000000480067683e-06
288,1745685530.4674926,3.512195235089166e-06
289,1745685547.0632603,3.5243901947978884e-06
290,1745685558.8716815,3.536585381880286e-06
291,1745685580.8655393,3.548780568962684e-06
292,1745685599.1785786,3.560975528671406e-06
293,1745685615.045951,3.573170715753804e-06
294,1745685625.1931903,3.5853659028362017e-06
295,1745685647.7545226,3.597560862544924e-06
296,1745685660.1369634,3.6097560496273218e-06
297,1745685673.9246366,3.6219512367097195e-06
298,1745685692.7302392,3.6341464237921173e-06
299,1745685709.5482967,3.6463413835008396e-06
300,1745685718.33458,3.6585365705832373e-06
301,1745685731.1707885,3.670731757665635e-06
302,1745685740.7485878,3.6829267173743574e-06
303,1745685750.7334933,3.695121904456755e-06
304,1745685761.1998615,3.707317091539153e-06
305,1745685775.8209784,3.7195122786215506e-06
306,1745685788.72886,3.731707238330273e-06
307,1745685805.773379,3.7439024254126707e-06
308,1745685813.878947,3.7560976124950685e-06
309,1745685827.2552807,3.7682925722037908e-06
310,1745685845.8377283,3.7804877592861885e-06
311,1745685857.3630502,3.7926829463685863e-06
312,1745685875.8037887,3.804878133450984e-06
313,1745685884.1980836,3.817073320533382e-06
314,1745685901.9563472,3.829268280242104e-06
315,1745685910.2194297,3.841463239950826e-06
316,1745685918.7772532,3.8536586544069e-06
317,1745685930.1574314,3.865853614115622e-06
318,1745685937.0471478,3.878048573824344e-06
319,1745685947.0939739,3.890243988280417e-06
320,1745685957.6837964,3.90243894798914e-06
321,1745685969.347084,3.914634362445213e-06
322,1745685977.127629,3.926829322153935e-06
323,1745685983.7862728,3.9390242818626575e-06
324,1745685999.2716317,3.951219696318731e-06
325,1745686013.7892296,3.963414656027453e-06
326,1745686022.8659108,3.975609615736175e-06
327,1745686038.3914905,3.9878050301922485e-06
328,1745686044.3559554,3.999999989900971e-06
329,1745686144.2513235,4.012194949609693e-06
330,1745686157.4558535,4.024390364065766e-06
331,1745686169.319874,4.036585323774489e-06
332,1745686182.3685813,4.048780283483211e-06
333,1745686200.2908554,4.060975697939284e-06
334,1745686220.657037,4.0731706576480065e-06
335,1745686234.5519092,4.08536607210408e-06
336,1745686255.2740402,4.097561031812802e-06
337,1745686261.4539661,4.109755991521524e-06
338,1745686275.8724039,4.1219514059775975e-06
339,1745686292.5447285,4.13414636568632e-06
340,1745686300.1625752,4.146341325395042e-06
341,1745686307.2093585,4.158536739851115e-06
342,1745686319.50087,4.170731699559838e-06
343,1745686327.8312998,4.18292665926856e-06
344,1745686338.3672357,4.195122073724633e-06
345,1745686349.7741635,4.207317033433355e-06
346,1745686367.9294133,4.219511993142078e-06
347,1745686376.798579,4.231707407598151e-06
348,1745686392.5194454,4.243902367306873e-06
349,1745686405.556818,4.256097781762946e-06
350,1745686415.1964495,4.268292741471669e-06
351,1745686428.3601623,4.280487701180391e-06
352,1745686448.8873966,4.292683115636464e-06
353,1745686459.45056,4.3048780753451865e-06
354,1745686476.5185866,4.317073035053909e-06
355,1745686496.5398543,4.329268449509982e-06
356,1745686504.8375976,4.341463409218704e-06
357,1745686523.7101235,4.353658368927427e-06
358,1745686541.001523,4.3658537833835e-06
359,1745686547.3419302,4.378048743092222e-06
360,1745686570.8992422,4.3902437028009444e-06
361,1745686584.4269884,4.402439117257018e-06
362,1745686590.651618,4.41463407696574e-06
363,1745686603.9258974,4.426829491421813e-06
364,1745686613.3816235,4.4390244511305355e-06
365,1745686626.4278214,4.451219410839258e-06
366,1745686639.6088328,4.463414825295331e-06
367,1745686653.8715801,4.475609785004053e-06
368,1745686661.5084138,4.4878047447127756e-06
369,1745686679.1621506,4.500000159168849e-06
370,1745686698.1061914,4.512195118877571e-06
371,1745686708.3618443,4.524390078586293e-06
372,1745686718.0156636,4.536585493042367e-06
373,1745686732.9017138,4.548780452751089e-06
374,1745686749.578012,4.560975412459811e-06
375,1745686758.5572379,4.573170826915884e-06
376,1745686785.2371595,4.585365786624607e-06
377,1745686802.5915537,4.59756120108068e-06
378,1745686814.7274735,4.609756160789402e-06
379,1745686825.2804031,4.6219511204981245e-06
380,1745686842.2626224,4.634146534954198e-06
381,1745686860.965447,4.64634149466292e-06
382,1745686878.1653898,4.658536454371642e-06
383,1745686892.290018,4.6707318688277155e-06
384,1745686900.8669498,4.682926828536438e-06
385,1745686911.3680437,4.69512178824516e-06
386,1745686924.0938911,4.707317202701233e-06
387,1745686930.9424772,4.719512162409956e-06
388,1745686944.4065592,4.731707122118678e-06
389,1745686953.3385656,4.743902536574751e-06
390,1745686962.6672702,4.7560974962834734e-06
391,1745686973.6225219,4.768292455992196e-06
392,1745686984.807487,4.780487870448269e-06
393,1745686994.2642157,4.792682830156991e-06
394,1745687011.1159906,4.8048782446130645e-06
395,1745687029.9312973,4.817073204321787e-06
396,1745687049.4888597,4.829268164030509e-06
397,1745687056.5172105,4.841463578486582e-06
398,1745687076.8157613,4.8536585381953046e-06
399,1745687087.98396,4.865853497904027e-06
400,1745687101.3359888,4.8780489123601e-06
401,1745687108.9099462,4.890243872068822e-06
402,1745687118.5683239,4.902438831777545e-06
403,1745687132.740137,4.914634246233618e-06
404,1745687140.3033574,4.92682920594234e-06
405,1745687150.9250598,4.9390241656510625e-06
406,1745687169.0659332,4.951219580107136e-06
407,1745687180.0232155,4.963414539815858e-06
408,1745687186.6202545,4.975609954271931e-06
409,1745687204.1358578,4.9878049139806535e-06
410,1745687209.4024594,4.999999873689376e-06
411,1745687304.9504635,5.012195288145449e-06
412,1745687318.9156022,5.024390247854171e-06
413,1745687324.722282,5.036585207562894e-06
414,1745687340.2382922,5.048780622018967e-06
415,1745687349.2599792,5.060975581727689e-06
416,1745687363.220303,5.0731705414364114e-06
417,1745687380.7005863,5.085365955892485e-06
418,1745687394.1050239,5.097560915601207e-06
419,1745687401.2859786,5.109755875309929e-06
420,1745687412.5770638,5.1219512897660024e-06
421,1745687432.58374,5.134146249474725e-06
422,1745687449.4158206,5.146341663930798e-06
423,1745687457.5164785,5.15853662363952e-06
424,1745687470.8514643,5.1707315833482426e-06
425,1745687491.4471881,5.182926997804316e-06
426,1745687508.8743405,5.195121957513038e-06
427,1745687516.2989588,5.20731691722176e-06
428,1745687536.2753046,5.2195123316778336e-06
429,1745687555.6622496,5.231707291386556e-06
430,1745687561.4852562,5.243902251095278e-06
431,1745687578.2561128,5.256097665551351e-06
432,1745687595.2703118,5.268292625260074e-06
433,1745687614.667959,5.280487584968796e-06
434,1745687632.390615,5.292682999424869e-06
435,1745687648.2035787,5.3048779591335915e-06
436,1745687663.2199667,5.317073373589665e-06
437,1745687677.113439,5.329268333298387e-06
438,1745687683.5929315,5.341463293007109e-06
439,1745687699.8697019,5.3536587074631825e-06
440,1745687714.3314667,5.365853667171905e-06
441,1745687724.3876317,5.378048626880627e-06
442,1745687738.119449,5.3902440413367e-06
443,1745687748.134585,5.402439001045423e-06
444,1745687763.7423053,5.414633960754145e-06
445,1745687774.08121,5.426829375210218e-06
446,1745687785.6522272,5.4390243349189404e-06
447,1745687793.9794736,5.451219294627663e-06
448,1745687806.2924716,5.463414709083736e-06
449,1745687822.7161317,5.475609668792458e-06
450,1745687836.0683541,5.4878050832485314e-06
451,1745687846.7683177,5.500000042957254e-06
452,1745687853.2370634,5.512195002665976e-06
453,1745687872.2144868,5.524390417122049e-06
454,1745687883.961746,5.5365853768307716e-06
455,1745687892.2291608,5.548780336539494e-06
456,1745687907.1638494,5.560975750995567e-06
457,1745687921.575811,5.573170710704289e-06
458,1745687938.0784135,5.585365670413012e-06
459,1745687955.4551098,5.597561084869085e-06
460,1745687974.2041054,5.609756044577807e-06
461,1745687993.3007922,5.6219510042865295e-06
462,1745688008.7736785,5.634146418742603e-06
463,1745688024.0345654,5.646341378451325e-06
464,1745688040.7994752,5.658536792907398e-06
465,1745688053.589116,5.6707317526161205e-06
466,1745688066.3359869,5.682926712324843e-06
467,1745688078.7467973,5.695122126780916e-06
468,1745688092.9640028,5.707317086489638e-06
469,1745688108.424086,5.719512046198361e-06
470,1745688116.6453395,5.731707460654434e-06
471,1745688126.7831602,5.743902420363156e-06
472,1745688139.166784,5.7560973800718784e-06
473,1745688150.9643993,5.768292794527952e-06
474,1745688173.347035,5.780487754236674e-06
475,1745688184.2777026,5.792682713945396e-06
476,1745688195.7320046,5.8048781284014694e-06
477,1745688207.5799003,5.817073088110192e-06
478,1745688220.0471704,5.829268502566265e-06
479,1745688230.6620996,5.841463462274987e-06
480,1745688240.6176374,5.8536584219837096e-06
481,1745688247.4174604,5.865853836439783e-06
482,1745688266.7153075,5.878048796148505e-06
483,1745688290.5598693,5.890243755857227e-06
484,1745688295.1323674,5.9024391703133006e-06
485,1745688310.0815728,5.914634130022023e-06
486,1745688332.0265486,5.926829089730745e-06
487,1745688342.172651,5.939024504186818e-06
488,1745688352.7373898,5.951219463895541e-06
489,1745688373.0265539,5.963414423604263e-06
490,1745688382.0064228,5.975609838060336e-06
491,1745688402.644164,5.9878047977690585e-06
492,1745688407.620164,6.000000212225132e-06
493,1745688497.1161795,6.012195171933854e-06
494,1745688508.7851264,6.024390131642576e-06
495,1745688526.9466255,6.0365855460986495e-06
496,1745688537.7736392,6.048780505807372e-06
497,1745688556.0239263,6.060975465516094e-06
498,1745688566.8964105,6.073170879972167e-06
499,1745688586.0585241,6.08536583968089e-06
500,1745688596.163911,6.097560799389612e-06
501,1745688605.5311682,6.109756213845685e-06
502,1745688618.2683077,6.1219511735544074e-06
503,1745688629.3810768,6.13414613326313e-06
504,1745688640.1453574,6.146341547719203e-06
505,1745688646.6888025,6.158536507427925e-06
506,1745688661.741658,6.1707319218839984e-06
507,1745688670.256849,6.182926881592721e-06
508,1745688680.0059893,6.195121841301443e-06
509,1745688690.2068348,6.207317255757516e-06
510,1745688708.5809653,6.2195122154662386e-06
511,1745688730.7491918,6.231707175174961e-06
512,1745688746.5657136,6.243902589631034e-06
513,1745688762.5950038,6.256097549339756e-06
514,1745688775.0350344,6.268292509048479e-06
515,1745688787.4324229,6.280487923504552e-06
516,1745688801.6121428,6.292682883213274e-06
517,1745688823.2837257,6.3048778429219965e-06
518,1745688834.4202714,6.31707325737807e-06
519,1745688846.7061121,6.329268217086792e-06
520,1745688859.5241537,6.341463631542865e-06
521,1745688870.185129,6.3536585912515875e-06
522,1745688884.322426,6.36585355096031e-06
523,1745688906.49056,6.378048965416383e-06
524,1745688915.2210903,6.390243925125105e-06
525,1745688925.9772325,6.402438884833828e-06
526,1745688932.0915911,6.414634299289901e-06
527,1745688947.4330173,6.426829258998623e-06
528,1745688958.3392692,6.4390242187073454e-06
529,1745688972.2984977,6.451219633163419e-06
530,1745688979.6491034,6.463414592872141e-06
531,1745688990.775123,6.475609552580863e-06
532,1745689015.1495671,6.4878049670369364e-06
533,1745689025.7051,6.499999926745659e-06
534,1745689038.6860516,6.512195341201732e-06
535,1745689047.466834,6.524390300910454e-06
536,1745689062.4075456,6.5365852606191766e-06
537,1745689075.1986196,6.54878067507525e-06
538,1745689081.1840453,6.560975634783972e-06
539,1745689098.2323468,6.573170594492694e-06
540,1745689110.3740852,6.5853660089487676e-06
541,1745689123.144027,6.59756096865749e-06
542,1745689132.805842,6.609755928366212e-06
543,1745689145.360544,6.621951342822285e-06
544,1745689159.4615235,6.634146302531008e-06
545,1745689175.1958172,6.64634126223973e-06
546,1745689195.966166,6.658536676695803e-06
547,1745689207.6585357,6.6707316364045255e-06
548,1745689213.9411623,6.682927050860599e-06
549,1745689231.0717347,6.695122010569321e-06
550,1745689248.7942917,6.707316970278043e-06
551,1745689260.9820235,6.7195123847341165e-06
552,1745689270.2409534,6.731707344442839e-06
553,1745689284.598362,6.743902304151561e-06
554,1745689298.5265515,6.756097718607634e-06
555,1745689320.2319994,6.768292678316357e-06
556,1745689331.6285708,6.780487638025079e-06
557,1745689343.8229284,6.792683052481152e-06
558,1745689357.4639006,6.8048780121898744e-06
559,1745689374.7236938,6.817072971898597e-06
560,1745689381.4187734,6.82926838635467e-06
561,1745689393.4268513,6.841463346063392e-06
562,1745689407.593836,6.8536587605194654e-06
563,1745689417.0021725,6.865853720228188e-06
564,1745689429.541489,6.87804867993691e-06
565,1745689450.6772642,6.890244094392983e-06
566,1745689466.7291374,6.9024390541017056e-06
567,1745689475.2456434,6.914634013810428e-06
568,1745689494.0301511,6.926829428266501e-06
569,1745689506.1934323,6.939024387975223e-06
570,1745689516.7975576,6.951219347683946e-06
571,1745689531.3083003,6.963414762140019e-06
572,1745689542.1054041,6.975609721848741e-06
573,1745689556.6933112,6.9878046815574635e-06
574,1745689561.789085,7.000000096013537e-06
575,1745689652.2963839,7.012195055722259e-06
576,1745689662.0486724,7.024390470178332e-06
577,1745689678.1849203,7.0365854298870545e-06
578,1745689698.5402317,7.048780389595777e-06
579,1745689708.489488,7.06097580405185e-06
580,1745689728.748879,7.073170763760572e-06
581,1745689735.84513,7.085365723469295e-06
582,1745689749.076013,7.097561137925368e-06
583,1745689764.318244,7.10975609763409e-06
584,1745689784.3545833,7.121951057342812e-06
585,1745689803.7593136,7.134146471798886e-06
586,1745689814.821832,7.146341431507608e-06
587,1745689828.0559769,7.15853639121633e-06
588,1745689834.53858,7.1707318056724034e-06
589,1745689849.57312,7.182926765381126e-06
590,1745689869.5589921,7.195121725089848e-06
591,1745689883.4348288,7.207317139545921e-06
592,1745689902.8553371,7.2195120992546435e-06
593,1745689917.2388184,7.231707513710717e-06
594,1745689929.5583668,7.243902473419439e-06
595,1745689937.5005987,7.256097433128161e-06
596,1745689953.9550993,7.2682928475842346e-06
597,1745689961.317178,7.280487807292957e-06
598,1745689973.3587751,7.292682767001679e-06
599,1745689992.3331583,7.304878181457752e-06
600,1745689998.3864274,7.317073141166475e-06
601,1745690013.05182,7.329268100875197e-06
602,1745690023.4235032,7.34146351533127e-06
603,1745690034.19034,7.3536584750399925e-06
604,1745690040.7382994,7.365853434748715e-06
605,1745690055.7754881,7.378048849204788e-06
606,1745690073.6895313,7.39024380891351e-06
607,1745690085.8583534,7.4024392233695835e-06
608,1745690100.4895136,7.414634183078306e-06
609,1745690110.1099236,7.426829142787028e-06
610,1745690118.662643,7.439024557243101e-06
611,1745690141.068445,7.451219516951824e-06
612,1745690155.9524848,7.463414476660546e-06
613,1745690162.079427,7.475609891116619e-06
614,1745690173.8464825,7.487804850825341e-06
615,1745690183.2970202,7.499999810534064e-06
616,1745690196.4048874,7.512195224990137e-06
617,1745690210.2418566,7.524390184698859e-06
618,1745690223.9557543,7.5365851444075815e-06
619,1745690235.6289754,7.548780558863655e-06
620,1745690244.4116223,7.560975518572377e-06
621,1745690257.2711065,7.57317093302845e-06
622,1745690267.1585162,7.5853658927371725e-06
623,1745690276.7833247,7.597560852445895e-06
624,1745690290.7259147,7.609756266901968e-06
625,1745690298.8695998,7.62195122661069e-06
626,1745690316.543286,7.634146641066764e-06
627,1745690335.6014552,7.646341146028135e-06
628,1745690345.2721837,7.658536560484208e-06
629,1745690359.6708245,7.670731974940281e-06
630,1745690367.0940654,7.682926479901653e-06
631,1745690375.471391,7.695121894357726e-06
632,1745690393.0428405,7.7073173088138e-06
633,1745690412.4372642,7.71951181377517e-06
634,1745690421.2689185,7.731707228231244e-06
635,1745690433.5465941,7.743902642687317e-06
636,1745690452.3381531,7.756097147648688e-06
637,1745690467.995345,7.768292562104762e-06
638,1745690479.0752308,7.780487976560835e-06
639,1745690493.7574508,7.792682481522206e-06
640,1745690505.2404096,7.80487789597828e-06
641,1745690523.0111494,7.817073310434353e-06
642,1745690533.5286655,7.829268724890426e-06
643,1745690543.541705,7.841463229851797e-06
644,1745690552.3375332,7.85365864430787e-06
645,1745690567.4961388,7.865854058763944e-06
646,1745690584.8525279,7.878048563725315e-06
647,1745690597.0051808,7.890243978181388e-06
648,1745690621.089284,7.902439392637461e-06
649,1745690633.9520218,7.914633897598833e-06
650,1745690646.423003,7.926829312054906e-06
651,1745690662.4380674,7.93902472651098e-06
652,1745690670.7484214,7.95121923147235e-06
653,1745690681.36713,7.963414645928424e-06
654,1745690687.5001564,7.975610060384497e-06
655,1745690704.077521,7.987804565345868e-06
656,1745690712.9102159,7.999999979801942e-06
657,1745690803.5317214,8.012195394258015e-06
658,1745690817.769999,8.024389899219386e-06
659,1745690823.4497857,8.03658531367546e-06
660,1745690842.4709945,8.048780728131533e-06
661,1745690848.077471,8.060975233092904e-06
662,1745690860.4284604,8.073170647548977e-06
663,1745690876.771619,8.08536606200505e-06
664,1745690895.9577065,8.097560566966422e-06
665,1745690907.127299,8.109755981422495e-06
666,1745690921.9974797,8.121951395878568e-06
667,1745690936.1705534,8.13414590083994e-06
668,1745690945.9669478,8.146341315296013e-06
669,1745690965.3079486,8.158536729752086e-06
670,1745690974.5385737,8.17073214420816e-06
671,1745690987.8087637,8.18292664916953e-06
672,1745690997.078568,8.195122063625604e-06
673,1745691013.277205,8.207317478081677e-06
674,1745691034.3789318,8.219511983043049e-06
675,1745691048.9163885,8.231707397499122e-06
676,1745691061.9807827,8.243902811955195e-06
677,1745691075.4705787,8.256097316916566e-06
678,1745691086.95056,8.26829273137264e-06
679,1745691103.639247,8.280488145828713e-06
680,1745691115.6583288,8.292682650790084e-06
681,1745691126.6321468,8.304878065246157e-06
682,1745691136.78878,8.31707347970223e-06
683,1745691155.913092,8.329267984663602e-06
684,1745691167.7844224,8.341463399119675e-06
685,1745691178.614866,8.353658813575748e-06
686,1745691192.1015048,8.36585331853712e-06
687,1745691211.339058,8.378048732993193e-06
688,1745691226.042688,8.390244147449266e-06
689,1745691232.916878,8.402438652410638e-06
690,1745691253.0709438,8.41463406686671e-06
691,1745691273.5321019,8.426829481322784e-06
692,1745691287.8473659,8.439023986284155e-06
693,1745691296.3221374,8.451219400740229e-06
694,1745691303.2157023,8.463414815196302e-06
695,1745691316.1863632,8.475609320157673e-06
696,1745691328.7773895,8.487804734613746e-06
697,1745691338.9206328,8.50000014906982e-06
698,1745691357.7543094,8.512195563525893e-06
699,1745691364.8064413,8.524390068487264e-06
700,1745691380.1151807,8.536585482943337e-06
701,1745691394.318539,8.54878089739941e-06
702,1745691402.2733986,8.560975402360782e-06
703,1745691410.188841,8.573170816816855e-06
704,1745691430.227661,8.585366231272928e-06
705,1745691437.8414137,8.5975607362343e-06
706,1745691447.585145,8.609756150690373e-06
707,1745691462.2566564,8.621951565146446e-06
708,1745691468.435039,8.634146070107818e-06
709,1745691481.4731348,8.64634148456389e-06
710,1745691496.6272907,8.658536899019964e-06
711,1745691514.9333599,8.670731403981335e-06
712,1745691529.4775133,8.682926818437409e-06
713,1745691537.7621915,8.695122232893482e-06
714,1745691550.7417834,8.707316737854853e-06
715,1745691572.779722,8.719512152310926e-06
716,1745691587.4749055,8.731707566767e-06
717,1745691597.5725467,8.743902071728371e-06
718,1745691609.4346397,8.756097486184444e-06
719,1745691616.6605644,8.768292900640517e-06
720,1745691632.6865394,8.780487405601889e-06
721,1745691646.3848376,8.792682820057962e-06
722,1745691653.4825654,8.804878234514035e-06
723,1745691674.6940181,8.817072739475407e-06
724,1745691682.1786845,8.82926815393148e-06
725,1745691700.3559844,8.841463568387553e-06
726,1745691713.863214,8.853658982843626e-06
727,1745691720.8084772,8.865853487804998e-06
728,1745691741.4420047,8.878048902261071e-06
729,1745691750.4793313,8.890244316717144e-06
730,1745691758.5587535,8.902438821678516e-06
731,1745691779.6795447,8.914634236134589e-06
732,1745691787.3198788,8.926829650590662e-06
733,1745691799.3065298,8.939024155552033e-06
734,1745691809.496966,8.951219570008107e-06
735,1745691817.4663613,8.96341498446418e-06
736,1745691834.9799283,8.975609489425551e-06
737,1745691848.5062375,8.987804903881624e-06
738,1745691860.7190585,9.000000318337698e-06
739,1745691958.934664,9.012194823299069e-06
740,1745691974.8997493,9.024390237755142e-06
741,1745691987.1461742,9.036585652211215e-06
742,1745691997.582551,9.048780157172587e-06
743,1745692007.9509299,9.06097557162866e-06
744,1745692014.4205253,9.073170986084733e-06
745,1745692028.4301598,9.085365491046105e-06
746,1745692043.8928154,9.097560905502178e-06
747,1745692057.5730388,9.109756319958251e-06
748,1745692075.3035357,9.121950824919622e-06
749,1745692088.2571878,9.134146239375696e-06
750,1745692095.7430372,9.146341653831769e-06
751,1745692117.2327402,9.15853615879314e-06
752,1745692135.6514335,9.170731573249213e-06
753,1745692148.2582226,9.182926987705287e-06
754,1745692167.8861206,9.19512240216136e-06
755,1745692186.5954974,9.207316907122731e-06
756,1745692201.380843,9.219512321578804e-06
757,1745692218.6457613,9.231707736034878e-06
758,1745692236.4691122,9.243902240996249e-06
759,1745692252.2628217,9.256097655452322e-06
760,1745692266.0095391,9.268293069908395e-06
761,1745692276.2160046,9.280487574869767e-06
762,1745692285.8995938,9.29268298932584e-06
763,1745692291.6030934,9.304878403781913e-06
764,1745692302.1882727,9.317072908743285e-06
765,1745692317.8585408,9.329268323199358e-06
766,1745692335.0128877,9.341463737655431e-06
767,1745692347.1057475,9.353658242616802e-06
768,1745692360.8422651,9.365853657072876e-06
769,1745692372.708467,9.378049071528949e-06
770,1745692388.0835254,9.39024357649032e-06
771,1745692400.489907,9.402438990946393e-06
772,1745692418.651529,9.414634405402467e-06
773,1745692433.6399505,9.426828910363838e-06
774,1745692443.5809577,9.439024324819911e-06
775,1745692457.9879498,9.451219739275984e-06
776,1745692474.2215288,9.463414244237356e-06
777,1745692485.586289,9.475609658693429e-06
778,1745692497.6111665,9.487805073149502e-06
779,1745692512.713515,9.499999578110874e-06
780,1745692519.865026,9.512194992566947e-06
781,1745692526.921751,9.52439040702302e-06
782,1745692545.0313184,9.536584911984392e-06
783,1745692557.7477126,9.548780326440465e-06
784,1745692563.8033872,9.560975740896538e-06
785,1745692579.4169755,9.573171155352611e-06
786,1745692584.5665386,9.585365660313983e-06
787,1745692606.9610178,9.597561074770056e-06
788,1745692624.908761,9.609756489226129e-06
789,1745692642.163229,9.6219509941875e-06
790,1745692651.7209723,9.634146408643574e-06
791,1745692659.6327784,9.646341823099647e-06
792,1745692666.016804,9.658536328061018e-06
793,1745692679.054358,9.670731742517091e-06
794,1745692693.2557793,9.682927156973165e-06
795,1745692701.6969278,9.695121661934536e-06
796,1745692711.5398817,9.707317076390609e-06
797,1745692724.764374,9.719512490846682e-06
798,1745692737.368176,9.731706995808054e-06
799,1745692751.638689,9.743902410264127e-06
800,1745692761.9220426,9.7560978247202e-06
801,1745692775.3536713,9.768292329681572e-06
802,1745692783.96895,9.780487744137645e-06
803,1745692797.071583,9.792683158593718e-06
804,1745692804.7687736,9.80487766355509e-06
805,1745692818.6527069,9.817073078011163e-06
806,1745692833.8791707,9.829268492467236e-06
807,1745692854.30512,9.841462997428607e-06
808,1745692858.666486,9.85365841188468e-06
809,1745692879.0785968,9.865853826340754e-06
810,1745692891.2168663,9.878048331302125e-06
811,1745692903.693831,9.890243745758198e-06
812,1745692914.9084122,9.902439160214271e-06
813,1745692921.7562404,9.914634574670345e-06
814,1745692932.4969354,9.926829079631716e-06
815,1745692950.410769,9.93902449408779e-06
816,1745692961.4145062,9.951219908543862e-06
817,1745692968.4336097,9.963414413505234e-06
818,1745692981.6482184,9.975609827961307e-06
819,1745692991.5905619,9.98780524241738e-06
820,1745692997.8856165,9.999999747378752e-06
821,1745693086.3043065,1.0012195161834825e-05
822,1745693100.1524622,1.0024390576290898e-05
823,1745693110.1942728,1.003658508125227e-05
824,1745693122.5050359,1.0048780495708343e-05
825,1745693134.6828685,1.0060975910164416e-05
826,1745693149.3225098,1.0073170415125787e-05
827,1745693160.5543506,1.008536582958186e-05
828,1745693167.0643263,1.0097561244037934e-05
829,1745693182.3635757,1.0109755748999305e-05
830,1745693193.1575148,1.0121951163455378e-05
831,1745693205.8107052,1.0134146577911451e-05
832,1745693222.714592,1.0146341082872823e-05
833,1745693238.224562,1.0158536497328896e-05
834,1745693251.021534,1.017073191178497e-05
835,1745693264.0350046,1.018292641674634e-05
836,1745693273.9687269,1.0195121831202414e-05
837,1745693283.0064297,1.0207317245658487e-05
838,1745693296.9865508,1.0219511750619859e-05
839,1745693306.0584962,1.0231707165075932e-05
840,1745693320.2071426,1.0243902579532005e-05
841,1745693335.0020835,1.0256097993988078e-05
842,1745693341.3160505,1.026829249894945e-05
843,1745693354.6230567,1.0280487913405523e-05
844,1745693373.2042003,1.0292683327861596e-05
845,1745693380.6934443,1.0304877832822967e-05
846,1745693392.4565735,1.031707324727904e-05
847,1745693401.3625789,1.0329268661735114e-05
848,1745693416.4225717,1.0341463166696485e-05
849,1745693437.7540934,1.0353658581152558e-05
850,1745693448.881248,1.0365853995608632e-05
851,1745693455.957177,1.0378048500570003e-05
852,1745693467.2020643,1.0390243915026076e-05
853,1745693487.2112374,1.040243932948215e-05
854,1745693494.1133473,1.041463383444352e-05
855,1745693508.431512,1.0426829248899594e-05
856,1745693519.4003792,1.0439024663355667e-05
857,1745693532.430818,1.0451219168317039e-05
858,1745693540.6620648,1.0463414582773112e-05
859,1745693554.0483875,1.0475609997229185e-05
860,1745693559.884327,1.0487804502190556e-05
861,1745693576.5495777,1.049999991664663e-05
862,1745693589.168818,1.0512195331102703e-05
863,1745693603.2724917,1.0524389836064074e-05
864,1745693614.4734826,1.0536585250520147e-05
865,1745693633.1502845,1.054878066497622e-05
866,1745693646.5516593,1.0560975169937592e-05
867,1745693664.9947226,1.0573170584393665e-05
868,1745693675.90692,1.0585365998849738e-05
869,1745693689.3015895,1.0597561413305812e-05
870,1745693706.3496954,1.0609755918267183e-05
871,1745693716.8660638,1.0621951332723256e-05
872,1745693730.8401833,1.063414674717933e-05
873,1745693743.4985516,1.06463412521407e-05
874,1745693758.586493,1.0658536666596774e-05
875,1745693772.5546262,1.0670732081052847e-05
876,1745693788.8897583,1.0682926586014219e-05
877,1745693796.9831905,1.0695122000470292e-05
878,1745693807.0863607,1.0707317414926365e-05
879,1745693814.8274045,1.0719511919887736e-05
880,1745693823.7175453,1.073170733434381e-05
881,1745693834.0099552,1.0743902748799883e-05
882,1745693848.4091394,1.0756097253761254e-05
883,1745693864.7680526,1.0768292668217327e-05
884,1745693884.4491026,1.07804880826734e-05
885,1745693895.4158864,1.0792682587634772e-05
886,1745693906.331363,1.0804878002090845e-05
887,1745693919.4632576,1.0817073416546918e-05
888,1745693937.559345,1.082926792150829e-05
889,1745693956.3601706,1.0841463335964363e-05
890,1745693963.2913883,1.0853658750420436e-05
891,1745693976.2202268,1.0865853255381808e-05
892,1745693985.9516132,1.0878048669837881e-05
893,1745693997.1190116,1.0890244084293954e-05
894,1745694016.580785,1.0902438589255325e-05
895,1745694024.9632282,1.0914634003711399e-05
896,1745694041.1745455,1.0926829418167472e-05
897,1745694053.4349642,1.0939024832623545e-05
898,1745694074.2854211,1.0951219337584917e-05
899,1745694082.26065,1.096341475204099e-05
900,1745694092.9233296,1.0975610166497063e-05
901,1745694098.769899,1.0987804671458434e-05
902,1745694109.356086,1.1000000085914508e-05
903,1745694187.5991051,1.101219550037058e-05
904,1745694201.4525914,1.1024390005331952e-05
905,1745694210.6454556,1.1036585419788025e-05
906,1745694221.9720066,1.1048780834244099e-05
907,1745694233.4796057,1.106097533920547e-05
908,1745694245.272605,1.1073170753661543e-05
909,1745694252.8948495,1.1085366168117616e-05
910,1745694268.7022862,1.1097560673078988e-05
911,1745694285.4739447,1.1109756087535061e-05
912,1745694307.4754212,1.1121951501991134e-05
913,1745694319.1169436,1.1134146006952506e-05
914,1745694330.8215747,1.1146341421408579e-05
915,1745694339.5395942,1.1158536835864652e-05
916,1745694349.8248537,1.1170731340826023e-05
917,1745694368.181241,1.1182926755282097e-05
918,1745694377.443748,1.119512216973817e-05
919,1745694384.4079971,1.1207316674699541e-05
920,1745694415.6117578,1.1219512089155614e-05
921,1745694429.6850145,1.1231707503611688e-05
922,1745694462.4853778,1.1243902008573059e-05
923,1745694485.8545537,1.1256097423029132e-05
924,1745694500.756933,1.1268292837485205e-05
925,1745694530.9775884,1.1280488251941279e-05
926,1745694538.711739,1.129268275690265e-05
927,1745694567.2113423,1.1304878171358723e-05
928,1745694582.672976,1.1317073585814796e-05
929,1745694611.8899746,1.1329268090776168e-05
930,1745694623.483405,1.1341463505232241e-05
931,1745694646.7873843,1.1353658919688314e-05
932,1745694671.620312,1.1365853424649686e-05
933,1745694687.3581307,1.1378048839105759e-05
934,1745694706.2436497,1.1390244253561832e-05
935,1745694727.1212044,1.1402438758523203e-05
936,1745694745.703752,1.1414634172979277e-05
937,1745694766.9352348,1.142682958743535e-05
938,1745694788.252221,1.1439024092396721e-05
939,1745694808.724188,1.1451219506852794e-05
940,1745694831.4167933,1.1463414921308868e-05
941,1745694846.8875773,1.1475609426270239e-05
942,1745694864.2280362,1.1487804840726312e-05
943,1745694887.3821812,1.1500000255182385e-05
944,1745694909.1656687,1.1512194760143757e-05
945,1745694933.893462,1.152439017459983e-05
946,1745694961.9902658,1.1536585589055903e-05
947,1745694977.6937459,1.1548780094017275e-05
948,1745695002.4020898,1.1560975508473348e-05
949,1745695020.1906397,1.1573170922929421e-05
950,1745695037.7268338,1.1585365427890792e-05
951,1745695069.7493293,1.1597560842346866e-05
952,1745695091.8328788,1.1609756256802939e-05
953,1745695098.518768,1.1621951671259012e-05
954,1745695122.634608,1.1634146176220383e-05
955,1745695150.8009145,1.1646341590676457e-05
956,1745695175.2225773,1.165853700513253e-05
957,1745695185.9009247,1.1670731510093901e-05
958,1745695205.258316,1.1682926924549975e-05
959,1745695229.2802043,1.1695122339006048e-05
960,1745695253.773346,1.1707316843967419e-05
961,1745695273.5432355,1.1719512258423492e-05
962,1745695289.5641246,1.1731707672879566e-05
963,1745695314.8101654,1.1743902177840937e-05
964,1745695337.4191253,1.175609759229701e-05
965,1745695350.5099018,1.1768293006753083e-05
966,1745695372.1637583,1.1780487511714455e-05
967,1745695392.399977,1.1792682926170528e-05
968,1745695411.2341084,1.1804878340626601e-05
969,1745695433.100748,1.1817072845587973e-05
970,1745695457.9936144,1.1829268260044046e-05
971,1745695466.4637496,1.1841463674500119e-05
972,1745695490.594267,1.185365817946149e-05
973,1745695520.1808243,1.1865853593917564e-05
974,1745695546.907048,1.1878049008373637e-05
975,1745695566.737547,1.1890243513335008e-05
976,1745695575.787032,1.1902438927791081e-05
977,1745695601.0630333,1.1914634342247155e-05
978,1745695623.218786,1.1926828847208526e-05
979,1745695640.240196,1.19390242616646e-05
980,1745695663.5279677,1.1951219676120672e-05
981,1745695680.8998578,1.1963414181082044e-05
982,1745695699.070875,1.1975609595538117e-05
983,1745695723.3218136,1.198780500999419e-05
984,1745695731.4914417,1.2000000424450263e-05
985,1745695937.4781528,1.2012194929411635e-05
986,1745695963.1071494,1.2024390343867708e-05
987,1745695988.5050912,1.2036585758323781e-05
988,1745696012.9249065,1.2048780263285153e-05
989,1745696037.904859,1.2060975677741226e-05
990,1745696059.2339537,1.2073171092197299e-05
991,1745696080.008924,1.208536559715867e-05
992,1745696100.356495,1.2097561011614744e-05
993,1745696121.49857,1.2109756426070817e-05
994,1745696142.3507376,1.2121950931032188e-05
995,1745696164.878539,1.2134146345488261e-05
996,1745696190.8082266,1.2146341759944335e-05
997,1745696207.3996007,1.2158536264905706e-05
998,1745696224.03237,1.217073167936178e-05
999,1745696244.9968803,1.2182927093817852e-05
1000,1745696266.1157868,1.2195121598779224e-05
1001,1745696285.5911877,1.2207317013235297e-05
1002,1745696305.66793,1.221951242769137e-05
1003,1745696330.3736656,1.2231706932652742e-05
1004,1745696340.2800753,1.2243902347108815e-05
1005,1745696365.6317265,1.2256097761564888e-05
1006,1745696388.4582007,1.226829226652626e-05
1007,1745696417.3487632,1.2280487680982333e-05
1008,1745696442.0071168,1.2292683095438406e-05
1009,1745696455.1227407,1.2304877600399777e-05
1010,1745696487.3535893,1.231707301485585e-05
1011,1745696501.0438335,1.2329268429311924e-05
1012,1745696520.4796638,1.2341463843767997e-05
1013,1745696527.4782777,1.2353658348729368e-05
1014,1745696552.0546124,1.2365853763185441e-05
1015,1745696574.837577,1.2378049177641515e-05
1016,1745696593.949086,1.2390243682602886e-05
1017,1745696609.826244,1.240243909705896e-05
1018,1745696635.8819606,1.2414634511515033e-05
1019,1745696655.9501202,1.2426829016476404e-05
1020,1745696676.7389312,1.2439024430932477e-05
1021,1745696693.20534,1.245121984538855e-05
1022,1745696722.5978706,1.2463414350349922e-05
1023,1745696735.0045056,1.2475609764805995e-05
1024,1745696757.838158,1.2487805179262068e-05
1025,1745696778.2111454,1.249999968422344e-05
1026,1745696791.2548559,1.2512195098679513e-05
1027,1745696815.5445716,1.2524390513135586e-05
1028,1745696837.9015293,1.2536585018096957e-05
1029,1745696853.3415163,1.254878043255303e-05
1030,1745696883.246829,1.2560975847009104e-05
1031,1745696895.2366643,1.2573170351970475e-05
1032,1745696916.208676,1.2585365766426548e-05
1033,1745696930.7621026,1.2597561180882622e-05
1034,1745696958.88652,1.2609755685843993e-05
1035,1745696972.0357194,1.2621951100300066e-05
1036,1745696993.6648867,1.263414651475614e-05
1037,1745697017.5806088,1.264634101971751e-05
1038,1745697040.846763,1.2658536434173584e-05
1039,1745697055.297179,1.2670731848629657e-05
1040,1745697086.0130253,1.268292726308573e-05
1041,1745697100.2357056,1.2695121768047102e-05
1042,1745697121.8607142,1.2707317182503175e-05
1043,1745697141.7632358,1.2719512596959248e-05
1044,1745697160.6457083,1.273170710192062e-05
1045,1745697178.0635881,1.2743902516376693e-05
1046,1745697197.877519,1.2756097930832766e-05
1047,1745697218.0811968,1.2768292435794137e-05
1048,1745697235.0353787,1.278048785025021e-05
1049,1745697255.1139197,1.2792683264706284e-05
1050,1745697280.0503783,1.2804877769667655e-05
1051,1745697302.0622015,1.2817073184123728e-05
1052,1745697318.65104,1.2829268598579802e-05
1053,1745697339.0104845,1.2841463103541173e-05
1054,1745697355.4876833,1.2853658517997246e-05
1055,1745697376.7751782,1.286585393245332e-05
1056,1745697398.45349,1.2878048437414691e-05
1057,1745697416.432474,1.2890243851870764e-05
1058,1745697437.1667607,1.2902439266326837e-05
1059,1745697455.2398844,1.2914633771288209e-05
1060,1745697474.8364334,1.2926829185744282e-05
1061,1745697499.4097495,1.2939024600200355e-05
1062,1745697514.1767535,1.2951219105161726e-05
1063,1745697529.8338444,1.29634145196178e-05
1064,1745697552.232843,1.2975609934073873e-05
1065,1745697575.680005,1.2987804439035244e-05
1066,1745697586.933081,1.2999999853491317e-05
1067,1745697759.375268,1.301219526794739e-05
1068,1745697782.9465752,1.3024390682403464e-05
1069,1745697805.961184,1.3036585187364835e-05
1070,1745697833.4109957,1.3048780601820908e-05
1071,1745697860.43593,1.3060976016276982e-05
1072,1745697872.0511942,1.3073170521238353e-05
1073,1745697889.810221,1.3085365935694426e-05
1074,1745697913.0139704,1.30975613501505e-05
1075,1745697946.9868796,1.3109755855111871e-05
1076,1745697970.8335247,1.3121951269567944e-05
1077,1745697986.7158911,1.3134146684024017e-05
1078,1745698003.1258826,1.3146341188985389e-05
1079,1745698029.2182157,1.3158536603441462e-05
1080,1745698050.6937459,1.3170732017897535e-05
1081,1745698074.1764193,1.3182926522858907e-05
1082,1745698092.6652482,1.319512193731498e-05
1083,1745698112.8085618,1.3207317351771053e-05
1084,1745698136.3218765,1.3219511856732424e-05
1085,1745698155.808376,1.3231707271188498e-05
1086,1745698175.1111634,1.324390268564457e-05
1087,1745698197.9079628,1.3256097190605942e-05
1088,1745698219.6309805,1.3268292605062015e-05
1089,1745698236.7749794,1.3280488019518089e-05
1090,1745698261.6101887,1.329268252447946e-05
1091,1745698278.9426112,1.3304877938935533e-05
1092,1745698303.1576276,1.3317073353391606e-05
1093,1745698322.0926793,1.3329267858352978e-05
1094,1745698337.039146,1.3341463272809051e-05
1095,1745698358.3363416,1.3353658687265124e-05
1096,1745698380.0300026,1.3365854101721197e-05
1097,1745698403.9707196,1.3378048606682569e-05
1098,1745698426.023753,1.3390244021138642e-05
1099,1745698449.579939,1.3402439435594715e-05
1100,1745698458.6838126,1.3414633940556087e-05
1101,1745698483.0345962,1.342682935501216e-05
1102,1745698506.0971184,1.3439024769468233e-05
1103,1745698540.5537689,1.3451219274429604e-05
1104,1745698554.8186822,1.3463414688885678e-05
1105,1745698587.675775,1.347561010334175e-05
1106,1745698597.377225,1.3487804608303122e-05
1107,1745698620.7101321,1.3500000022759195e-05
1108,1745698637.1590092,1.3512195437215269e-05
1109,1745698657.301839,1.352438994217664e-05
1110,1745698680.716002,1.3536585356632713e-05
1111,1745698697.0912886,1.3548780771088786e-05
1112,1745698714.2131512,1.3560975276050158e-05
1113,1745698734.17718,1.3573170690506231e-05
1114,1745698757.634413,1.3585366104962304e-05
1115,1745698774.7875228,1.3597560609923676e-05
1116,1745698792.6539865,1.3609756024379749e-05
1117,1745698809.5353398,1.3621951438835822e-05
1118,1745698832.1999571,1.3634145943797193e-05
1119,1745698855.9349442,1.3646341358253267e-05
1120,1745698876.789003,1.365853677270934e-05
1121,1745698889.9597902,1.3670731277670711e-05
1122,1745698915.9002624,1.3682926692126784e-05
1123,1745698935.3672743,1.3695122106582858e-05
1124,1745698951.2376776,1.3707317521038931e-05
1125,1745698972.4703746,1.3719512026000302e-05
1126,1745698990.4090106,1.3731707440456375e-05
1127,1745699009.6317716,1.3743902854912449e-05
1128,1745699033.055787,1.375609735987382e-05
1129,1745699062.5424597,1.3768292774329893e-05
1130,1745699093.9800587,1.3780488188785966e-05
1131,1745699119.209321,1.3792682693747338e-05
1132,1745699137.3547063,1.3804878108203411e-05
1133,1745699167.734302,1.3817073522659484e-05
1134,1745699198.1581857,1.3829268027620856e-05
1135,1745699213.6530187,1.3841463442076929e-05
1136,1745699235.3101149,1.3853658856533002e-05
1137,1745699248.9212728,1.3865853361494374e-05
1138,1745699269.7354286,1.3878048775950447e-05
1139,1745699282.0267916,1.389024419040652e-05
1140,1745699299.2005658,1.3902438695367891e-05
1141,1745699319.6915777,1.3914634109823965e-05
1142,1745699348.9373734,1.3926829524280038e-05
1143,1745699366.6401198,1.3939024029241409e-05
1144,1745699392.383532,1.3951219443697482e-05
1145,1745699420.2965868,1.3963414858153556e-05
1146,1745699437.2077143,1.3975609363114927e-05
1147,1745699458.2812588,1.3987804777571e-05
1148,1745699468.7585878,1.4000000192027073e-05
1149,1745699646.9284825,1.4012194696988445e-05
1150,1745699670.4431674,1.4024390111444518e-05
1151,1745699693.3166347,1.4036585525900591e-05
1152,1745699717.4292195,1.4048780940356664e-05
1153,1745699741.7299266,1.4060975445318036e-05
1154,1745699762.0886245,1.4073170859774109e-05
1155,1745699782.391572,1.4085366274230182e-05
1156,1745699801.190259,1.4097560779191554e-05
1157,1745699821.7259998,1.4109756193647627e-05
1158,1745699836.9571333,1.41219516081037e-05
1159,1745699859.505429,1.4134146113065071e-05
1160,1745699881.6313622,1.4146341527521145e-05
1161,1745699900.3338516,1.4158536941977218e-05
1162,1745699929.527866,1.417073144693859e-05
1163,1745699951.9538774,1.4182926861394662e-05
1164,1745699972.668255,1.4195122275850736e-05
1165,1745699994.9382846,1.4207316780812107e-05
1166,1745700022.7406814,1.421951219526818e-05
1167,1745700037.7990987,1.4231707609724253e-05
1168,1745700058.152181,1.4243902114685625e-05
1169,1745700075.8063076,1.4256097529141698e-05
1170,1745700101.6526139,1.4268292943597771e-05
1171,1745700128.5377157,1.4280487448559143e-05
1172,1745700147.9272103,1.4292682863015216e-05
1173,1745700166.5315037,1.4304878277471289e-05
1174,1745700188.8493378,1.431707278243266e-05
1175,1745700210.1825576,1.4329268196888734e-05
1176,1745700231.9978204,1.4341463611344807e-05
1177,1745700250.1844409,1.4353658116306178e-05
1178,1745700269.4804828,1.4365853530762251e-05
1179,1745700299.0422537,1.4378048945218325e-05
1180,1745700308.0257022,1.4390243450179696e-05
1181,1745700325.8158154,1.440243886463577e-05
1182,1745700342.2536273,1.4414634279091842e-05
1183,1745700364.2647815,1.4426829693547916e-05
1184,1745700383.3896317,1.4439024198509287e-05
1185,1745700402.3976274,1.445121961296536e-05
1186,1745700426.424001,1.4463415027421433e-05
1187,1745700446.2736716,1.4475609532382805e-05
1188,1745700466.5058823,1.4487804946838878e-05
1189,1745700483.116153,1.4500000361294951e-05
1190,1745700504.2958267,1.4512194866256323e-05
1191,1745700540.4987378,1.4524390280712396e-05
1192,1745700553.2043552,1.4536585695168469e-05
1193,1745700563.6798134,1.454878020012984e-05
1194,1745700577.584536,1.4560975614585914e-05
1195,1745700598.890828,1.4573171029041987e-05
1196,1745700611.892928,1.4585365534003358e-05
1197,1745700628.9816644,1.4597560948459432e-05
1198,1745700652.4162354,1.4609756362915505e-05
1199,1745700670.2919688,1.4621950867876876e-05
1200,1745700688.6075993,1.463414628233295e-05
1201,1745700708.4109502,1.4646341696789023e-05
1202,1745700731.311449,1.4658536201750394e-05
1203,1745700743.9396544,1.4670731616206467e-05
1204,1745700763.8415124,1.468292703066254e-05
1205,1745700785.9692528,1.4695121535623912e-05
1206,1745700809.1518373,1.4707316950079985e-05
1207,1745700827.7142806,1.4719512364536058e-05
1208,1745700838.4029303,1.473170686949743e-05
1209,1745700861.4446566,1.4743902283953503e-05
1210,1745700882.9949188,1.4756097698409576e-05
1211,1745700900.563148,1.476829311286565e-05
1212,1745700920.5799897,1.478048761782702e-05
1213,1745700944.2931223,1.4792683032283094e-05
1214,1745700968.9735157,1.4804878446739167e-05
1215,1745700995.0550776,1.4817072951700538e-05
1216,1745701012.9530725,1.4829268366156612e-05
1217,1745701035.0759194,1.4841463780612685e-05
1218,1745701047.1061475,1.4853658285574056e-05
1219,1745701071.162699,1.486585370003013e-05
1220,1745701091.3000648,1.4878049114486203e-05
1221,1745701111.6552627,1.4890243619447574e-05
1222,1745701133.3984227,1.4902439033903647e-05
1223,1745701154.1469436,1.491463444835972e-05
1224,1745701174.1189384,1.4926828953321092e-05
1225,1745701194.1207623,1.4939024367777165e-05
1226,1745701211.997633,1.4951219782233238e-05
1227,1745701232.285912,1.496341428719461e-05
1228,1745701254.124974,1.4975609701650683e-05
1229,1745701281.7427847,1.4987805116106756e-05
1230,1745701293.106544,1.4999999621068127e-05
1231,1745701481.3843858,1.50121950355242e-05
1232,1745701504.2608693,1.5024390449980274e-05
1233,1745701521.705833,1.5036584954941645e-05
1234,1745701544.6366918,1.5048780369397718e-05
1235,1745701567.38006,1.5060975783853792e-05
1236,1745701586.9620566,1.5073170288815163e-05
1237,1745701610.7845407,1.5085365703271236e-05
1238,1745701635.9085777,1.509756111772731e-05
1239,1745701654.863781,1.5109756532183383e-05
1240,1745701674.954384,1.5121951037144754e-05
1241,1745701698.3973358,1.5134146451600827e-05
1242,1745701721.4398208,1.51463418660569e-05
1243,1745701740.925539,1.5158536371018272e-05
1244,1745701758.3570523,1.5170731785474345e-05
1245,1745701775.9487624,1.5182927199930418e-05
1246,1745701796.5578632,1.519512170489179e-05
1247,1745701824.7825701,1.5207317119347863e-05
1248,1745701844.9591093,1.5219512533803936e-05
1249,1745701864.0299637,1.5231707038765308e-05
1250,1745701876.0587544,1.524390245322138e-05
1251,1745701898.9635472,1.5256097867677454e-05
1252,1745701924.103341,1.5268293282133527e-05
1253,1745701944.9104896,1.52804877870949e-05
1254,1745701963.7141328,1.529268229205627e-05
1255,1745701983.5826082,1.5304878616007045e-05
1256,1745702005.8647792,1.5317073120968416e-05
1257,1745702029.1352036,1.5329267625929788e-05
1258,1745702050.3876398,1.5341463949880563e-05
1259,1745702074.7671933,1.5353658454841934e-05
1260,1745702096.9505494,1.5365852959803306e-05
1261,1745702111.770424,1.537804928375408e-05
1262,1745702132.1827679,1.5390243788715452e-05
1263,1745702152.2100945,1.5402438293676823e-05
1264,1745702173.7726681,1.54146346176276e-05
1265,1745702194.748115,1.542682912258897e-05
1266,1745702215.521128,1.543902362755034e-05
1267,1745702239.3614893,1.5451219951501116e-05
1268,1745702261.7537358,1.5463414456462488e-05
1269,1745702278.5526195,1.547560896142386e-05
1270,1745702302.0853117,1.5487805285374634e-05
1271,1745702322.1348565,1.5499999790336005e-05
1272,1745702346.009991,1.5512194295297377e-05
1273,1745702366.556079,1.5524390619248152e-05
1274,1745702385.7074528,1.5536585124209523e-05
1275,1745702407.0618384,1.5548779629170895e-05
1276,1745702427.205065,1.556097595312167e-05
1277,1745702444.7549236,1.557317045808304e-05
1278,1745702466.1989465,1.5585364963044412e-05
1279,1745702487.6818051,1.5597561286995187e-05
1280,1745702509.2552645,1.560975579195656e-05
1281,1745702524.946872,1.5621952115907334e-05
1282,1745702544.6213589,1.5634146620868705e-05
1283,1745702563.5733678,1.5646341125830077e-05
1284,1745702581.6965556,1.565853744978085e-05
1285,1745702608.1289148,1.5670731954742223e-05
1286,1745702630.309768,1.5682926459703594e-05
1287,1745702657.6599343,1.569512278365437e-05
1288,1745702678.3789532,1.570731728861574e-05
1289,1745702703.0964882,1.5719511793577112e-05
1290,1745702721.8366342,1.5731708117527887e-05
1291,1745702742.454751,1.574390262248926e-05
1292,1745702757.4926383,1.575609712745063e-05
1293,1745702782.604414,1.5768293451401405e-05
1294,1745702808.6878366,1.5780487956362776e-05
1295,1745702834.7337606,1.5792682461324148e-05
1296,1745702855.1500251,1.5804878785274923e-05
1297,1745702874.5829713,1.5817073290236294e-05
1298,1745702894.7403708,1.5829267795197666e-05
1299,1745702915.4494295,1.584146411914844e-05
1300,1745702934.583322,1.5853658624109812e-05
1301,1745702956.5019484,1.5865853129071184e-05
1302,1745702982.382106,1.587804945302196e-05
1303,1745702997.6081283,1.589024395798333e-05
1304,1745703016.4009504,1.59024384629447e-05
1305,1745703043.3839378,1.5914634786895476e-05
1306,1745703082.982087,1.5926829291856848e-05
1307,1745703095.0210052,1.593902379681822e-05
1308,1745703124.173751,1.5951220120768994e-05
1309,1745703133.1499553,1.5963414625730366e-05
1310,1745703161.4922633,1.5975609130691737e-05
1311,1745703189.086535,1.5987805454642512e-05
1312,1745703198.1841533,1.5999999959603883e-05
1313,1745703395.0649564,1.6012194464565255e-05
1314,1745703413.154053,1.602439078851603e-05
1315,1745703434.803764,1.60365852934774e-05
1316,1745703452.2174356,1.6048779798438773e-05
1317,1745703475.4120135,1.6060976122389548e-05
1318,1745703498.2297213,1.607317062735092e-05
1319,1745703522.1694727,1.608536513231229e-05
1320,1745703544.7120426,1.6097561456263065e-05
1321,1745703557.8025382,1.6109755961224437e-05
1322,1745703579.8486888,1.6121950466185808e-05
1323,1745703600.3128698,1.6134146790136583e-05
1324,1745703621.5295208,1.6146341295097955e-05
1325,1745703645.2230215,1.6158535800059326e-05
1326,1745703672.880179,1.61707321240101e-05
1327,1745703696.2238922,1.6182926628971472e-05
1328,1745703712.1103165,1.6195121133932844e-05
1329,1745703739.4918787,1.620731745788362e-05
1330,1745703759.4008603,1.621951196284499e-05
1331,1745703771.8636105,1.623170646780636e-05
1332,1745703795.4564438,1.6243902791757137e-05
1333,1745703816.645433,1.6256097296718508e-05
1334,1745703831.7257917,1.626829180167988e-05
1335,1745703859.1301508,1.6280488125630654e-05
1336,1745703875.914605,1.6292682630592026e-05
1337,1745703900.7265377,1.63048789545428e-05
1338,1745703914.7361777,1.6317073459504172e-05
1339,1745703937.9543037,1.6329267964465544e-05
1340,1745703944.3855221,1.634146428841632e-05
1341,1745703970.3361654,1.635365879337769e-05
1342,1745703991.3655956,1.636585329833906e-05
1343,1745704014.4474955,1.6378049622289836e-05
1344,1745704034.87653,1.6390244127251208e-05
1345,1745704053.5903237,1.640243863221258e-05
1346,1745704076.5228453,1.6414634956163354e-05
1347,1745704098.4113224,1.6426829461124726e-05
1348,1745704118.458259,1.6439023966086097e-05
1349,1745704135.1220703,1.6451220290036872e-05
1350,1745704157.0636463,1.6463414794998243e-05
1351,1745704173.640771,1.6475609299959615e-05
1352,1745704192.2315266,1.648780562391039e-05
1353,1745704218.1274984,1.650000012887176e-05
1354,1745704245.8204837,1.6512194633833133e-05
1355,1745704253.2322364,1.6524390957783908e-05
1356,1745704280.2802649,1.653658546274528e-05
1357,1745704291.394922,1.654877996770665e-05
1358,1745704321.1583037,1.6560976291657425e-05
1359,1745704348.9602644,1.6573170796618797e-05
1360,1745704355.9175248,1.658536530158017e-05
1361,1745704385.8212662,1.6597561625530943e-05
1362,1745704409.531757,1.6609756130492315e-05
1363,1745704429.0094075,1.6621950635453686e-05
1364,1745704447.0275276,1.663414695940446e-05
1365,1745704466.7424495,1.6646341464365833e-05
1366,1745704489.9660003,1.6658535969327204e-05
1367,1745704502.6412182,1.667073229327798e-05
1368,1745704522.8549712,1.668292679823935e-05
1369,1745704539.0105646,1.6695121303200722e-05
1370,1745704562.0939941,1.6707317627151497e-05
1371,1745704584.5492969,1.6719512132112868e-05
1372,1745704606.6010432,1.673170663707424e-05
1373,1745704623.968878,1.6743902961025015e-05
1374,1745704643.4753366,1.6756097465986386e-05
1375,1745704663.9193566,1.6768291970947757e-05
1376,1745704683.3144178,1.6780488294898532e-05
1377,1745704707.6825106,1.6792682799859904e-05
1378,1745704737.241016,1.6804877304821275e-05
1379,1745704756.3665988,1.681707362877205e-05
1380,1745704773.8678303,1.682926813373342e-05
1381,1745704796.5154948,1.6841462638694793e-05
1382,1745704813.0637474,1.6853658962645568e-05
1383,1745704828.4769979,1.686585346760694e-05
1384,1745704857.412368,1.687804797256831e-05
1385,1745704876.2596886,1.6890244296519086e-05
1386,1745704892.0382547,1.6902438801480457e-05
1387,1745704916.4619875,1.691463330644183e-05
1388,1745704939.2608848,1.6926829630392604e-05
1389,1745704961.9605937,1.6939024135353975e-05
1390,1745704978.1208296,1.6951218640315346e-05
1391,1745704999.8110414,1.696341496426612e-05
1392,1745705015.2949965,1.6975609469227493e-05
1393,1745705041.0730636,1.6987803974188864e-05
1394,1745705051.1876256,1.700000029813964e-05
1395,1745705246.619122,1.701219480310101e-05
1396,1745705273.855952,1.7024391127051786e-05
1397,1745705302.0723698,1.7036585632013157e-05
1398,1745705325.2122507,1.704878013697453e-05
1399,1745705344.230237,1.7060976460925303e-05
1400,1745705362.6891952,1.7073170965886675e-05
1401,1745705383.763462,1.7085365470848046e-05
1402,1745705404.7345858,1.709756179479882e-05
1403,1745705427.9529269,1.7109756299760193e-05
1404,1745705451.6457083,1.7121950804721564e-05
1405,1745705472.585471,1.713414712867234e-05
1406,1745705495.7155955,1.714634163363371e-05
1407,1745705522.2216456,1.7158536138595082e-05
1408,1745705541.0683112,1.7170732462545857e-05
1409,1745705557.9022648,1.7182926967507228e-05
1410,1745705589.2194538,1.71951214724686e-05
1411,1745705600.7820957,1.7207317796419375e-05
1412,1745705621.1568143,1.7219512301380746e-05
1413,1745705642.1197004,1.7231706806342117e-05
1414,1745705663.784623,1.7243903130292892e-05
1415,1745705683.3384774,1.7256097635254264e-05
1416,1745705705.4619722,1.7268292140215635e-05
1417,1745705726.6132734,1.728048846416641e-05
1418,1745705745.905278,1.729268296912778e-05
1419,1745705772.9252927,1.7304877474089153e-05
1420,1745705787.2445467,1.7317073798039928e-05
1421,1745705804.8640187,1.73292683030013e-05
1422,1745705838.798572,1.734146280796267e-05
1423,1745705862.0294352,1.7353659131913446e-05
1424,1745705895.8192122,1.7365853636874817e-05
1425,1745705912.6851447,1.737804814183619e-05
1426,1745705932.9409273,1.7390244465786964e-05
1427,1745705946.3381157,1.7402438970748335e-05
1428,1745705975.0122964,1.7414633475709707e-05
1429,1745705989.2175405,1.742682979966048e-05
1430,1745706002.8207831,1.7439024304621853e-05
1431,1745706018.3240848,1.7451218809583224e-05
1432,1745706043.8010101,1.7463415133534e-05
1433,1745706061.2066092,1.747560963849537e-05
1434,1745706079.3661027,1.7487804143456742e-05
1435,1745706099.7905927,1.7500000467407517e-05
1436,1745706122.6878216,1.751219497236889e-05
1437,1745706142.821922,1.752438947733026e-05
1438,1745706164.272174,1.7536585801281035e-05
1439,1745706181.5152988,1.7548780306242406e-05
1440,1745706197.3365695,1.7560974811203778e-05
1441,1745706220.6930122,1.7573171135154553e-05
1442,1745706246.1716866,1.7585365640115924e-05
1443,1745706262.7549284,1.7597560145077296e-05
1444,1745706279.1354601,1.760975646902807e-05
1445,1745706301.0251958,1.7621950973989442e-05
1446,1745706319.9678302,1.7634145478950813e-05
1447,1745706340.202101,1.764634180290159e-05
1448,1745706367.530828,1.765853630786296e-05
1449,1745706386.3765209,1.767073081282433e-05
1450,1745706402.2779243,1.7682927136775106e-05
1451,1745706420.550937,1.7695121641736478e-05
1452,1745706451.3783138,1.7707317965687253e-05
1453,1745706478.7119985,1.7719512470648624e-05
1454,1745706501.276344,1.7731706975609995e-05
1455,1745706528.9335754,1.774390329956077e-05
1456,1745706559.6716993,1.7756097804522142e-05
1457,1745706584.1326413,1.7768292309483513e-05
1458,1745706604.3209436,1.7780488633434288e-05
1459,1745706623.5593197,1.779268313839566e-05
1460,1745706645.446132,1.780487764335703e-05
1461,1745706668.6424282,1.7817073967307806e-05
1462,1745706700.0337572,1.7829268472269177e-05
1463,1745706715.1911159,1.784146297723055e-05
1464,1745706740.7431536,1.7853659301181324e-05
1465,1745706751.5580943,1.7865853806142695e-05
1466,1745706779.680095,1.7878048311104067e-05
1467,1745706787.567781,1.789024463505484e-05
1468,1745706806.4354615,1.7902439140016213e-05
1469,1745706826.3569577,1.7914633644977584e-05
1470,1745706849.3839917,1.792682996892836e-05
1471,1745706869.1292174,1.793902447388973e-05
1472,1745706889.0275013,1.7951218978851102e-05
1473,1745706911.9521222,1.7963415302801877e-05
1474,1745706935.579296,1.797560980776325e-05
1475,1745706950.4399939,1.798780431272462e-05
1476,1745706961.7299464,1.8000000636675395e-05
1477,1745707153.618764,1.8012195141636766e-05
1478,1745707175.5307508,1.8024389646598138e-05
1479,1745707199.3371177,1.8036585970548913e-05
1480,1745707220.3121512,1.8048780475510284e-05
1481,1745707243.3427272,1.8060974980471656e-05
1482,1745707262.3446763,1.807317130442243e-05
1483,1745707275.4199378,1.8085365809383802e-05
1484,1745707297.005829,1.8097560314345174e-05
1485,1745707314.2470853,1.810975663829595e-05
1486,1745707332.7248096,1.812195114325732e-05
1487,1745707349.4756665,1.813414564821869e-05
1488,1745707377.966534,1.8146341972169466e-05
1489,1745707396.669899,1.8158536477130838e-05
1490,1745707420.577006,1.817073098209221e-05
1491,1745707436.5728693,1.8182927306042984e-05
1492,1745707461.795315,1.8195121811004356e-05
1493,1745707491.2790964,1.8207316315965727e-05
1494,1745707511.590905,1.8219512639916502e-05
1495,1745707528.2113335,1.8231707144877873e-05
1496,1745707548.2033427,1.8243901649839245e-05
1497,1745707572.0786135,1.825609797379002e-05
1498,1745707597.984018,1.826829247875139e-05
1499,1745707606.3478696,1.8280486983712763e-05
1500,1745707619.4523985,1.8292683307663538e-05
1501,1745707637.5198321,1.830487781262491e-05
1502,1745707655.2030528,1.831707231758628e-05
1503,1745707678.3858883,1.8329268641537055e-05
1504,1745707700.6082342,1.8341463146498427e-05
1505,1745707724.63771,1.8353657651459798e-05
1506,1745707743.0628304,1.8365853975410573e-05
1507,1745707759.2288885,1.8378048480371945e-05
1508,1745707772.5037894,1.839024480432272e-05
1509,1745707803.9822836,1.840243930928409e-05
1510,1745707814.4386117,1.8414633814245462e-05
1511,1745707838.497665,1.8426830138196237e-05
1512,1745707858.5485008,1.843902464315761e-05
1513,1745707878.7565153,1.845121914811898e-05
1514,1745707896.6555128,1.8463415472069755e-05
1515,1745707917.0288582,1.8475609977031127e-05
1516,1745707949.6990352,1.8487804481992498e-05
1517,1745707964.5098855,1.8500000805943273e-05
1518,1745707983.8100388,1.8512195310904644e-05
1519,1745708003.9418466,1.8524389815866016e-05
1520,1745708024.2847443,1.853658613981679e-05
1521,1745708046.4355326,1.8548780644778162e-05
1522,1745708061.5285096,1.8560975149739534e-05
1523,1745708094.2403114,1.857317147369031e-05
1524,1745708104.8812296,1.858536597865168e-05
1525,1745708130.999722,1.859756048361305e-05
1526,1745708152.2928658,1.8609756807563826e-05
1527,1745708164.2098002,1.8621951312525198e-05
1528,1745708189.7295702,1.863414581748657e-05
1529,1745708200.9014168,1.8646342141437344e-05
1530,1745708226.690313,1.8658536646398716e-05
1531,1745708247.2255907,1.8670731151360087e-05
1532,1745708269.9333327,1.8682927475310862e-05
1533,1745708286.428479,1.8695121980272233e-05
1534,1745708307.1654236,1.8707316485233605e-05
1535,1745708328.4895918,1.871951280918438e-05
1536,1745708355.1754277,1.873170731414575e-05
1537,1745708384.9287608,1.8743901819107123e-05
1538,1745708411.4921355,1.8756098143057898e-05
1539,1745708437.7694178,1.876829264801927e-05
1540,1745708460.9056106,1.878048715298064e-05
1541,1745708473.950165,1.8792683476931415e-05
1542,1745708498.6560566,1.8804877981892787e-05
1543,1745708522.7986977,1.881707248685416e-05
1544,1745708539.1406672,1.8829268810804933e-05
1545,1745708563.591005,1.8841463315766305e-05
1546,1745708581.0387053,1.8853657820727676e-05
1547,1745708599.6877172,1.886585414467845e-05
1548,1745708617.847299,1.8878048649639823e-05
1549,1745708639.078161,1.8890243154601194e-05
1550,1745708661.4210076,1.890243947855197e-05
1551,1745708670.1166387,1.891463398351334e-05
1552,1745708693.4726572,1.8926828488474712e-05
1553,1745708718.5607169,1.8939024812425487e-05
1554,1745708728.2887363,1.8951219317386858e-05
1555,1745708753.1574414,1.896341382234823e-05
1556,1745708779.6885586,1.8975610146299005e-05
1557,1745708791.7046413,1.8987804651260376e-05
1558,1745708800.0185554,1.8999999156221747e-05
1559,1745709001.851949,1.9012195480172522e-05
1560,1745709024.7627952,1.9024389985133894e-05
1561,1745709048.6929703,1.9036584490095265e-05
1562,1745709065.7729738,1.904878081404604e-05
1563,1745709077.6529262,1.906097531900741e-05
1564,1745709101.556391,1.9073169823968783e-05
1565,1745709127.9816291,1.9085366147919558e-05
1566,1745709155.287745,1.909756065288093e-05
1567,1745709188.5392056,1.9109756976831704e-05
1568,1745709198.0610156,1.9121951481793076e-05
1569,1745709205.8669634,1.9134145986754447e-05
1570,1745709231.742324,1.9146342310705222e-05
1571,1745709250.1412103,1.9158536815666594e-05
1572,1745709263.8602655,1.9170731320627965e-05
1573,1745709286.6835704,1.918292764457874e-05
1574,1745709309.906373,1.919512214954011e-05
1575,1745709330.2954938,1.9207316654501483e-05
1576,1745709353.1360164,1.9219512978452258e-05
1577,1745709363.1935394,1.923170748341363e-05
1578,1745709387.806739,1.9243901988375e-05
1579,1745709409.7221382,1.9256098312325776e-05
1580,1745709426.0306365,1.9268292817287147e-05
1581,1745709443.5549142,1.928048732224852e-05
1582,1745709463.4593308,1.9292683646199293e-05
1583,1745709484.9815505,1.9304878151160665e-05
1584,1745709510.315454,1.9317072656122036e-05
1585,1745709521.3423932,1.932926898007281e-05
1586,1745709546.88515,1.9341463485034183e-05
1587,1745709568.1172364,1.9353657989995554e-05
1588,1745709591.6882262,1.936585431394633e-05
1589,1745709605.139221,1.93780488189077e-05
1590,1745709630.690515,1.9390243323869072e-05
1591,1745709658.5572567,1.9402439647819847e-05
1592,1745709670.2085838,1.9414634152781218e-05
1593,1745709688.4852886,1.942682865774259e-05
1594,1745709706.4409406,1.9439024981693365e-05
1595,1745709727.37622,1.9451219486654736e-05
1596,1745709746.3453584,1.9463413991616108e-05
1597,1745709765.082969,1.9475610315566882e-05
1598,1745709777.6128583,1.9487804820528254e-05
1599,1745709803.5915232,1.9499999325489625e-05
1600,1745709818.1073246,1.95121956494404e-05
1601,1745709839.3498032,1.9524390154401772e-05
1602,1745709848.285635,1.9536584659363143e-05
1603,1745709869.834503,1.9548780983313918e-05
1604,1745709884.1052637,1.956097548827529e-05
1605,1745709906.762226,1.957316999323666e-05
1606,1745709931.8486996,1.9585366317187436e-05
1607,1745709950.5862007,1.9597560822148807e-05
1608,1745709975.4639032,1.960975532711018e-05
1609,1745709996.0776865,1.9621951651060954e-05
1610,1745710010.9956224,1.9634146156022325e-05
1611,1745710030.439425,1.9646340660983697e-05
1612,1745710051.4499915,1.965853698493447e-05
1613,1745710082.307262,1.9670731489895843e-05
1614,1745710094.3565872,1.9682925994857214e-05
1615,1745710117.0090435,1.969512231880799e-05
1616,1745710139.640325,1.970731682376936e-05
1617,1745710162.7350855,1.9719511328730732e-05
1618,1745710186.7786734,1.9731707652681507e-05
1619,1745710202.3133538,1.974390215764288e-05
1620,1745710231.8884575,1.975609666260425e-05
1621,1745710255.4070218,1.9768292986555025e-05
1622,1745710266.6599667,1.9780487491516396e-05
1623,1745710285.9854903,1.979268381546717e-05
1624,1745710305.336309,1.9804878320428543e-05
1625,1745710327.2965991,1.9817072825389914e-05
1626,1745710341.3126726,1.982926914934069e-05
1627,1745710364.9042993,1.984146365430206e-05
1628,1745710387.6658146,1.9853658159263432e-05
1629,1745710398.6854274,1.9865854483214207e-05
1630,1745710421.4501567,1.987804898817558e-05
1631,1745710431.3818297,1.989024349313695e-05
1632,1745710460.510205,1.9902439817087725e-05
1633,1745710476.3361275,1.9914634322049096e-05
1634,1745710497.545173,1.9926828827010468e-05
1635,1745710516.0299044,1.9939025150961243e-05
1636,1745710541.47891,1.9951219655922614e-05
1637,1745710563.494882,1.9963414160883985e-05
1638,1745710580.189138,1.997561048483476e-05
1639,1745710596.522889,1.9987804989796132e-05
1640,1745710605.1951272,1.9999999494757503e-05
1641,1745710791.2233152,2.0012195818708278e-05
1642,1745710822.2137651,2.002439032366965e-05
1643,1745710833.6395073,2.003658482863102e-05
1644,1745710852.6749322,2.0048781152581796e-05
1645,1745710873.6716607,2.0060975657543167e-05
1646,1745710898.9916887,2.007317016250454e-05
1647,1745710920.4201722,2.0085366486455314e-05
1648,1745710951.9000793,2.0097560991416685e-05
1649,1745710973.6458154,2.0109755496378057e-05
1650,1745710993.273228,2.012195182032883e-05
1651,1745711021.3505573,2.0134146325290203e-05
1652,1745711040.646305,2.0146340830251575e-05
1653,1745711060.2072945,2.015853715420235e-05
1654,1745711084.191196,2.017073165916372e-05
1655,1745711101.122079,2.0182926164125092e-05
1656,1745711121.4470134,2.0195122488075867e-05
1657,1745711141.5651724,2.020731699303724e-05
1658,1745711159.6937528,2.021951149799861e-05
1659,1745711181.1733925,2.0231707821949385e-05
1660,1745711194.2080255,2.0243902326910757e-05
1661,1745711215.0110834,2.0256096831872128e-05
1662,1745711253.5753832,2.0268293155822903e-05
1663,1745711264.8940723,2.0280487660784274e-05
1664,1745711286.2626255,2.0292682165745646e-05
1665,1745711304.7811904,2.030487848969642e-05
1666,1745711322.8821957,2.0317072994657792e-05
1667,1745711349.5518007,2.0329267499619164e-05
1668,1745711363.3742447,2.034146382356994e-05
1669,1745711391.424692,2.035365832853131e-05
1670,1745711423.189517,2.036585283349268e-05
1671,1745711431.3101182,2.0378049157443456e-05
1672,1745711450.5248935,2.0390243662404828e-05
1673,1745711467.9610693,2.04024381673662e-05
1674,1745711485.98386,2.0414634491316974e-05
1675,1745711515.8982406,2.0426828996278346e-05
1676,1745711550.2013133,2.0439023501239717e-05
1677,1745711563.772709,2.0451219825190492e-05
1678,1745711588.8069725,2.0463414330151863e-05
1679,1745711611.8203468,2.047561065410264e-05
1680,1745711630.9042237,2.048780515906401e-05
1681,1745711647.2706687,2.049999966402538e-05
1682,1745711669.9803295,2.0512195987976156e-05
1683,1745711681.0453978,2.0524390492937528e-05
1684,1745711710.1625524,2.05365849978989e-05
1685,1745711715.5286918,2.0548781321849674e-05
1686,1745711746.7221131,2.0560975826811045e-05
1687,1745711756.533101,2.0573170331772417e-05
1688,1745711777.6946025,2.0585366655723192e-05
1689,1745711788.8075843,2.0597561160684563e-05
1690,1745711811.7818508,2.0609755665645935e-05
1691,1745711820.1167948,2.062195198959671e-05
1692,1745711844.4519892,2.063414649455808e-05
1693,1745711866.7454133,2.0646340999519452e-05
1694,1745711883.8306212,2.0658537323470227e-05
1695,1745711900.8788621,2.06707318284316e-05
1696,1745711922.1357021,2.068292633339297e-05
1697,1745711947.278579,2.0695122657343745e-05
1698,1745711959.5326157,2.0707317162305117e-05
1699,1745711980.731398,2.0719511667266488e-05
1700,1745712002.9993637,2.0731707991217263e-05
1701,1745712028.2323074,2.0743902496178634e-05
1702,1745712053.334391,2.0756097001140006e-05
1703,1745712078.7427988,2.076829332509078e-05
1704,1745712091.0060716,2.0780487830052152e-05
1705,1745712109.4144561,2.0792682335013524e-05
1706,1745712128.1266088,2.08048786589643e-05
1707,1745712151.5418823,2.081707316392567e-05
1708,1745712171.514124,2.082926766888704e-05
1709,1745712187.809713,2.0841463992837816e-05
1710,1745712207.842437,2.0853658497799188e-05
1711,1745712225.8632839,2.086585300276056e-05
1712,1745712250.8481786,2.0878049326711334e-05
1713,1745712264.8274078,2.0890243831672706e-05
1714,1745712285.3911572,2.0902438336634077e-05
1715,1745712302.9189155,2.0914634660584852e-05
1716,1745712321.0515392,2.0926829165546224e-05
1717,1745712347.9043021,2.0939023670507595e-05
1718,1745712381.5002716,2.095121999445837e-05
1719,1745712405.1191957,2.096341449941974e-05
1720,1745712430.023093,2.0975609004381113e-05
1721,1745712453.1868072,2.0987805328331888e-05
1722,1745712463.3681734,2.099999983329326e-05
1723,1745712668.9634128,2.101219433825463e-05
1724,1745712695.9167213,2.1024390662205406e-05
1725,1745712715.8022823,2.1036585167166777e-05
1726,1745712737.2312114,2.104877967212815e-05
1727,1745712754.0216064,2.1060975996078923e-05
1728,1745712777.4279065,2.1073170501040295e-05
1729,1745712799.9984217,2.1085365006001666e-05
1730,1745712821.7273777,2.109756132995244e-05
1731,1745712840.071603,2.1109755834913813e-05
1732,1745712866.3761826,2.1121950339875184e-05
1733,1745712873.956846,2.113414666382596e-05
1734,1745712898.5800257,2.114634116878733e-05
1735,1745712926.1392975,2.1158537492738105e-05
1736,1745712955.5578265,2.1170731997699477e-05
1737,1745712976.106221,2.1182926502660848e-05
1738,1745712992.1940863,2.1195122826611623e-05
1739,1745713008.2218719,2.1207317331572995e-05
1740,1745713025.9884477,2.1219511836534366e-05
1741,1745713044.6738784,2.123170816048514e-05
1742,1745713073.202901,2.1243902665446512e-05
1743,1745713088.7004879,2.1256097170407884e-05
1744,1745713116.199969,2.126829349435866e-05
1745,1745713136.0696685,2.128048799932003e-05
1746,1745713159.2195961,2.12926825042814e-05
1747,1745713170.1030843,2.1304878828232177e-05
1748,1745713191.0441697,2.1317073333193548e-05
1749,1745713217.1990476,2.132926783815492e-05
1750,1745713228.414727,2.1341464162105694e-05
1751,1745713253.507781,2.1353658667067066e-05
1752,1745713282.24947,2.1365853172028437e-05
1753,1745713305.6289232,2.1378049495979212e-05
1754,1745713322.680241,2.1390244000940584e-05
1755,1745713345.2423272,2.1402438505901955e-05
1756,1745713364.0803728,2.141463482985273e-05
1757,1745713386.2070665,2.14268293348141e-05
1758,1745713403.3070922,2.1439023839775473e-05
1759,1745713432.1927695,2.1451220163726248e-05
1760,1745713440.861205,2.146341466868762e-05
1761,1745713460.2845562,2.147560917364899e-05
1762,1745713479.5335321,2.1487805497599766e-05
1763,1745713500.8135836,2.1500000002561137e-05
1764,1745713523.1000917,2.151219450752251e-05
1765,1745713545.1728168,2.1524390831473283e-05
1766,1745713565.8659241,2.1536585336434655e-05
1767,1745713582.9223742,2.1548779841396026e-05
1768,1745713605.1548967,2.15609761653468e-05
1769,1745713631.246971,2.1573170670308173e-05
1770,1745713651.5990336,2.1585365175269544e-05
1771,1745713670.7509181,2.159756149922032e-05
1772,1745713685.6406622,2.160975600418169e-05
1773,1745713704.1647823,2.1621950509143062e-05
1774,1745713726.9671922,2.1634146833093837e-05
1775,1745713737.9455104,2.164634133805521e-05
1776,1745713756.5998714,2.165853584301658e-05
1777,1745713776.5735295,2.1670732166967355e-05
1778,1745713798.6033604,2.1682926671928726e-05
1779,1745713816.2236705,2.1695121176890098e-05
1780,1745713834.9961262,2.1707317500840873e-05
1781,1745713850.454845,2.1719512005802244e-05
1782,1745713887.6985798,2.1731706510763615e-05
1783,1745713913.8163493,2.174390283471439e-05
1784,1745713927.7716763,2.1756097339675762e-05
1785,1745713949.0539002,2.1768291844637133e-05
1786,1745713976.648794,2.1780488168587908e-05
1787,1745713996.275767,2.179268267354928e-05
1788,1745714017.1296456,2.180487717851065e-05
1789,1745714040.860402,2.1817073502461426e-05
1790,1745714059.7952535,2.1829268007422797e-05
1791,1745714079.7592878,2.184146251238417e-05
1792,1745714100.9716747,2.1853658836334944e-05
1793,1745714124.7225714,2.1865853341296315e-05
1794,1745714144.4306233,2.187804966524709e-05
1795,1745714160.5197833,2.189024417020846e-05
1796,1745714182.8341615,2.1902438675169833e-05
1797,1745714199.2832222,2.1914634999120608e-05
1798,1745714215.675621,2.192682950408198e-05
1799,1745714235.3843148,2.193902400904335e-05
1800,1745714264.9772694,2.1951220332994126e-05
1801,1745714282.8727908,2.1963414837955497e-05
1802,1745714312.0125358,2.197560934291687e-05
1803,1745714333.031082,2.1987805666867644e-05
1804,1745714346.379675,2.2000000171829015e-05
1805,1745714547.189481,2.2012194676790386e-05
1806,1745714566.3789952,2.202439100074116e-05
1807,1745714594.1593907,2.2036585505702533e-05
1808,1745714609.7557604,2.2048780010663904e-05
1809,1745714632.0147796,2.206097633461468e-05
1810,1745714651.8810022,2.207317083957605e-05
1811,1745714672.1195726,2.2085365344537422e-05
1812,1745714690.380219,2.2097561668488197e-05
1813,1745714716.947261,2.210975617344957e-05
1814,1745714728.7099593,2.212195067841094e-05
1815,1745714748.1489513,2.2134147002361715e-05
1816,1745714769.4995596,2.2146341507323086e-05
1817,1745714786.879154,2.2158536012284458e-05
1818,1745714808.1421976,2.2170732336235233e-05
1819,1745714828.4294672,2.2182926841196604e-05
1820,1745714847.6668887,2.2195121346157975e-05
1821,1745714865.3469462,2.220731767010875e-05
1822,1745714884.8352787,2.2219512175070122e-05
1823,1745714913.3537798,2.2231706680031493e-05
1824,1745714939.718857,2.2243903003982268e-05
1825,1745714951.494074,2.225609750894364e-05
1826,1745714975.6177156,2.226829201390501e-05
1827,1745714995.594447,2.2280488337855786e-05
1828,1745715016.9086635,2.2292682842817158e-05
1829,1745715040.3489118,2.230487734777853e-05
1830,1745715060.2310414,2.2317073671729304e-05
1831,1745715078.9810998,2.2329268176690675e-05
1832,1745715102.8206313,2.2341462681652047e-05
1833,1745715119.300688,2.2353659005602822e-05
1834,1745715140.0570867,2.2365853510564193e-05
1835,1745715159.7796822,2.2378048015525565e-05
1836,1745715175.1383739,2.239024433947634e-05
1837,1745715190.3699348,2.240243884443771e-05
1838,1745715213.0201755,2.2414633349399082e-05
1839,1745715230.5638702,2.2426829673349857e-05
1840,1745715256.313033,2.243902417831123e-05
1841,1745715277.4806266,2.24512186832726e-05
1842,1745715292.668145,2.2463415007223375e-05
1843,1745715310.6554525,2.2475609512184747e-05
1844,1745715327.6143577,2.2487804017146118e-05
1845,1745715355.4050064,2.2500000341096893e-05
1846,1745715362.9248056,2.2512194846058264e-05
1847,1745715386.4750881,2.2524389351019636e-05
1848,1745715408.0096648,2.253658567497041e-05
1849,1745715436.9132748,2.2548780179931782e-05
1850,1745715451.5235722,2.2560976503882557e-05
1851,1745715471.9745326,2.257317100884393e-05
1852,1745715485.1788285,2.25853655138053e-05
1853,1745715504.4885182,2.2597561837756075e-05
1854,1745715531.9117465,2.2609756342717446e-05
1855,1745715540.0311503,2.2621950847678818e-05
1856,1745715566.1445866,2.2634147171629593e-05
1857,1745715591.3832502,2.2646341676590964e-05
1858,1745715622.792521,2.2658536181552336e-05
1859,1745715645.9343483,2.267073250550311e-05
1860,1745715667.486685,2.2682927010464482e-05
1861,1745715688.9506311,2.2695121515425853e-05
1862,1745715717.3155375,2.270731783937663e-05
1863,1745715730.6076438,2.2719512344338e-05
1864,1745715751.9451528,2.273170684929937e-05
1865,1745715773.2291384,2.2743903173250146e-05
1866,1745715791.5096908,2.2756097678211518e-05
1867,1745715814.3724663,2.276829218317289e-05
1868,1745715837.8282452,2.2780488507123664e-05
1869,1745715854.834663,2.2792683012085035e-05
1870,1745715875.3513155,2.2804877517046407e-05
1871,1745715905.9345882,2.2817073840997182e-05
1872,1745715918.0785427,2.2829268345958553e-05
1873,1745715938.0932908,2.2841462850919925e-05
1874,1745715960.817317,2.28536591748707e-05
1875,1745715979.8972194,2.286585367983207e-05
1876,1745716000.4537587,2.2878048184793442e-05
1877,1745716017.7069175,2.2890244508744217e-05
1878,1745716043.2749665,2.290243901370559e-05
1879,1745716068.4608958,2.291463351866696e-05
1880,1745716076.2335494,2.2926829842617735e-05
1881,1745716102.7567024,2.2939024347579107e-05
1882,1745716132.7961323,2.2951218852540478e-05
1883,1745716152.679469,2.2963415176491253e-05
1884,1745716178.4875383,2.2975609681452624e-05
1885,1745716204.767812,2.2987804186413996e-05
1886,1745716216.0747302,2.300000051036477e-05
1887,1745716409.3644462,2.3012195015326142e-05
1888,1745716428.6641564,2.3024389520287514e-05
1889,1745716449.9837067,2.303658584423829e-05
1890,1745716472.408423,2.304878034919966e-05
1891,1745716492.5816684,2.306097485416103e-05
1892,1745716521.0331392,2.3073171178111807e-05
1893,1745716532.980635,2.3085365683073178e-05
1894,1745716552.9175615,2.309756018803455e-05
1895,1745716577.0216289,2.3109756511985324e-05
1896,1745716604.1252668,2.3121951016946696e-05
1897,1745716615.3263943,2.3134145521908067e-05
1898,1745716635.4067092,2.3146341845858842e-05
1899,1745716664.4931266,2.3158536350820214e-05
1900,1745716673.5149505,2.3170730855781585e-05
1901,1745716699.9437468,2.318292717973236e-05
1902,1745716710.879199,2.319512168469373e-05
1903,1745716741.8225427,2.3207316189655103e-05
1904,1745716758.1698909,2.3219512513605878e-05
1905,1745716778.8767862,2.323170701856725e-05
1906,1745716796.7140257,2.3243903342518024e-05
1907,1745716821.166834,2.3256097847479396e-05
1908,1745716840.6743298,2.3268292352440767e-05
1909,1745716860.0255315,2.3280488676391542e-05
1910,1745716878.9273489,2.3292683181352913e-05
1911,1745716901.202453,2.3304877686314285e-05
1912,1745716922.4643254,2.331707401026506e-05
1913,1745716949.3997388,2.332926851522643e-05
1914,1745716975.7694309,2.3341463020187803e-05
1915,1745716988.6349356,2.3353659344138578e-05
1916,1745717017.5466378,2.336585384909995e-05
1917,1745717027.669075,2.337804835406132e-05
1918,1745717051.6784303,2.3390244678012095e-05
1919,1745717082.118132,2.3402439182973467e-05
1920,1745717092.2450795,2.3414633687934838e-05
1921,1745717111.6817179,2.3426830011885613e-05
1922,1745717143.3016913,2.3439024516846985e-05
1923,1745717158.6668487,2.3451219021808356e-05
1924,1745717188.6471732,2.346341534575913e-05
1925,1745717210.026768,2.3475609850720502e-05
1926,1745717229.6451056,2.3487804355681874e-05
1927,1745717246.7873013,2.350000067963265e-05
1928,1745717263.4297698,2.351219518459402e-05
1929,1745717278.2644076,2.352438968955539e-05
1930,1745717297.8830907,2.3536586013506167e-05
1931,1745717322.3896773,2.3548780518467538e-05
1932,1745717343.6131105,2.356097502342891e-05
1933,1745717358.9823434,2.3573171347379684e-05
1934,1745717380.2506754,2.3585365852341056e-05
1935,1745717407.4396024,2.3597560357302427e-05
1936,1745717429.3846538,2.3609756681253202e-05
1937,1745717454.342266,2.3621951186214574e-05
1938,1745717475.7054415,2.3634145691175945e-05
1939,1745717498.1056137,2.364634201512672e-05
1940,1745717523.1326969,2.365853652008809e-05
1941,1745717545.0047808,2.3670731025049463e-05
1942,1745717562.0335941,2.3682927349000238e-05
1943,1745717583.958119,2.369512185396161e-05
1944,1745717598.2645128,2.370731635892298e-05
1945,1745717622.4870968,2.3719512682873756e-05
1946,1745717637.422103,2.3731707187835127e-05
1947,1745717665.3474324,2.37439016927965e-05
1948,1745717673.1933632,2.3756098016747274e-05
1949,1745717695.2436213,2.3768292521708645e-05
1950,1745717719.7073202,2.3780487026670016e-05
1951,1745717741.10305,2.379268335062079e-05
1952,1745717760.410624,2.3804877855582163e-05
1953,1745717773.2673626,2.3817072360543534e-05
1954,1745717794.053919,2.382926868449431e-05
1955,1745717815.483955,2.384146318945568e-05
1956,1745717834.4669006,2.3853657694417052e-05
1957,1745717856.9264395,2.3865854018367827e-05
1958,1745717882.512499,2.38780485233292e-05
1959,1745717905.6667368,2.389024302829057e-05
1960,1745717929.0590727,2.3902439352241345e-05
1961,1745717947.2579782,2.3914633857202716e-05
1962,1745717967.530313,2.3926828362164088e-05
1963,1745717990.4519756,2.3939024686114863e-05
1964,1745718012.5955455,2.3951219191076234e-05
1965,1745718021.9635568,2.396341551502701e-05
1966,1745718045.213812,2.397561001998838e-05
1967,1745718065.1673543,2.3987804524949752e-05
1968,1745718080.713635,2.4000000848900527e-05
1969,1745718277.3820665,2.4012195353861898e-05
1970,1745718298.9618459,2.402438985882327e-05
1971,1745718311.2854142,2.4036586182774045e-05
1972,1745718335.8545387,2.4048780687735416e-05
1973,1745718362.9719853,2.4060975192696787e-05
1974,1745718378.0890582,2.4073171516647562e-05
1975,1745718400.4204078,2.4085366021608934e-05
1976,1745718421.5225422,2.4097560526570305e-05
1977,1745718448.7296057,2.410975685052108e-05
1978,1745718455.544762,2.412195135548245e-05
1979,1745718479.96099,2.4134145860443823e-05
1980,1745718497.1695275,2.4146342184394598e-05
1981,1745718520.3190792,2.415853668935597e-05
1982,1745718540.8808527,2.417073119431734e-05
1983,1745718550.3032749,2.4182927518268116e-05
1984,1745718576.2094657,2.4195122023229487e-05
1985,1745718604.2040827,2.420731652819086e-05
1986,1745718626.8079536,2.4219512852141634e-05
1987,1745718646.5466964,2.4231707357103005e-05
1988,1745718675.919588,2.4243901862064376e-05
1989,1745718686.66321,2.425609818601515e-05
1990,1745718709.977234,2.4268292690976523e-05
1991,1745718726.384313,2.4280487195937894e-05
1992,1745718740.6784205,2.429268351988867e-05
1993,1745718766.002557,2.430487802485004e-05
1994,1745718783.1276257,2.4317072529811412e-05
1995,1745718803.346498,2.4329268853762187e-05
1996,1745718824.548072,2.434146335872356e-05
1997,1745718854.7347982,2.435365786368493e-05
1998,1745718867.1825273,2.4365854187635705e-05
1999,1745718886.472499,2.4378048692597076e-05
2000,1745718906.3176005,2.4390243197558448e-05
2001,1745718930.1883323,2.4402439521509223e-05
2002,1745718954.474019,2.4414634026470594e-05
2003,1745718977.7433374,2.4426828531431966e-05
2004,1745718988.2376604,2.443902485538274e-05
2005,1745719010.1392531,2.4451219360344112e-05
2006,1745719032.2514298,2.4463413865305483e-05
2007,1745719042.4678864,2.447561018925626e-05
2008,1745719072.036575,2.448780469421763e-05
2009,1745719082.26911,2.4499999199179e-05
2010,1745719110.0553474,2.4512195523129776e-05
2011,1745719132.8716238,2.4524390028091148e-05
2012,1745719155.1352618,2.453658453305252e-05
2013,1745719166.9088457,2.4548780857003294e-05
2014,1745719188.2099702,2.4560975361964665e-05
2015,1745719209.186547,2.4573169866926037e-05
2016,1745719226.410128,2.4585366190876812e-05
2017,1745719244.946527,2.4597560695838183e-05
2018,1745719264.5847783,2.4609755200799555e-05
2019,1745719286.09619,2.462195152475033e-05
2020,1745719309.219121,2.46341460297117e-05
2021,1745719328.0612497,2.4646342353662476e-05
2022,1745719351.276893,2.4658536858623847e-05
2023,1745719373.5768929,2.467073136358522e-05
2024,1745719390.1105623,2.4682927687535994e-05
2025,1745719409.7132142,2.4695122192497365e-05
2026,1745719435.5655184,2.4707316697458737e-05
2027,1745719453.7585554,2.471951302140951e-05
2028,1745719477.3191898,2.4731707526370883e-05
2029,1745719489.3155043,2.4743902031332254e-05
2030,1745719509.9708989,2.475609835528303e-05
2031,1745719532.3513868,2.47682928602444e-05
2032,1745719559.900269,2.4780487365205772e-05
2033,1745719569.5227451,2.4792683689156547e-05
2034,1745719583.5512722,2.480487819411792e-05
2035,1745719605.1509361,2.481707269907929e-05
2036,1745719623.5456188,2.4829269023030065e-05
2037,1745719641.3922515,2.4841463527991436e-05
2038,1745719658.6640446,2.4853658032952808e-05
2039,1745719674.243003,2.4865854356903583e-05
2040,1745719692.4740396,2.4878048861864954e-05
2041,1745719716.8000038,2.4890243366826326e-05
2042,1745719734.3653328,2.49024396907771e-05
2043,1745719756.690654,2.4914634195738472e-05
2044,1745719770.415314,2.4926828700699843e-05
2045,1745719789.257109,2.493902502465062e-05
2046,1745719812.6092582,2.495121952961199e-05
2047,1745719843.2849665,2.496341403457336e-05
2048,1745719851.805331,2.4975610358524136e-05
2049,1745719871.9339254,2.4987804863485508e-05
2050,1745719881.5442104,2.499999936844688e-05
2051,1745720069.6446137,2.5012195692397654e-05
2052,1745720091.2889404,2.5024390197359025e-05
2053,1745720111.8864405,2.5036584702320397e-05
2054,1745720129.9238818,2.5048781026271172e-05
2055,1745720148.814821,2.5060975531232543e-05
2056,1745720173.2032907,2.5073170036193915e-05
2057,1745720202.7988052,2.508536636014469e-05
2058,1745720221.78366,2.509756086510606e-05
2059,1745720235.4514863,2.5109755370067433e-05
2060,1745720260.9729078,2.5121951694018207e-05
2061,1745720281.420733,2.513414619897958e-05
2062,1745720301.3063343,2.514634070394095e-05
2063,1745720321.7744067,2.5158537027891725e-05
2064,1745720345.1809385,2.5170731532853097e-05
2065,1745720355.1973226,2.5182926037814468e-05
2066,1745720386.8237352,2.5195122361765243e-05
2067,1745720398.4435844,2.5207316866726615e-05
2068,1745720421.633492,2.5219511371687986e-05
2069,1745720442.8349915,2.523170769563876e-05
2070,1745720456.3545365,2.5243902200600132e-05
2071,1745720472.3951795,2.5256096705561504e-05
2072,1745720490.137713,2.526829302951228e-05
2073,1745720509.430564,2.528048753447365e-05
2074,1745720533.3026388,2.529268203943502e-05
2075,1745720552.2882993,2.5304878363385797e-05
2076,1745720571.0215704,2.5317072868347168e-05
2077,1745720594.9168606,2.5329269192297943e-05
2078,1745720608.855668,2.5341463697259314e-05
2079,1745720630.0593143,2.5353658202220686e-05
2080,1745720650.089248,2.536585452617146e-05
2081,1745720679.2379186,2.5378049031132832e-05
2082,1745720705.8646877,2.5390243536094204e-05
2083,1745720722.1653764,2.540243986004498e-05
2084,1745720738.5377858,2.541463436500635e-05
2085,1745720761.173903,2.542682886996772e-05
2086,1745720776.654857,2.5439025193918496e-05
2087,1745720802.586563,2.5451219698879868e-05
2088,1745720821.165413,2.546341420384124e-05
2089,1745720841.5497005,2.5475610527792014e-05
2090,1745720860.2446866,2.5487805032753386e-05
2091,1745720878.7071314,2.5499999537714757e-05
2092,1745720897.3937557,2.5512195861665532e-05
2093,1745720917.8121755,2.5524390366626903e-05
2094,1745720940.8974612,2.5536584871588275e-05
2095,1745720968.962565,2.554878119553905e-05
2096,1745720991.1995146,2.556097570050042e-05
2097,1745720999.9376688,2.5573170205461793e-05
2098,1745721033.3789644,2.5585366529412568e-05
2099,1745721042.8823109,2.559756103437394e-05
2100,1745721063.0957327,2.560975553933531e-05
2101,1745721071.5058417,2.5621951863286085e-05
2102,1745721096.8770843,2.5634146368247457e-05
2103,1745721114.9176967,2.5646340873208828e-05
2104,1745721140.561017,2.5658537197159603e-05
2105,1745721166.6883645,2.5670731702120975e-05
2106,1745721189.1141636,2.5682926207082346e-05
2107,1745721199.4682736,2.569512253103312e-05
2108,1745721221.7764945,2.5707317035994492e-05
2109,1745721241.6354563,2.5719511540955864e-05
2110,1745721263.7577617,2.573170786490664e-05
2111,1745721289.8134658,2.574390236986801e-05
2112,1745721315.6574833,2.5756096874829382e-05
2113,1745721323.8052056,2.5768293198780157e-05
2114,1745721350.5293508,2.5780487703741528e-05
2115,1745721376.4785514,2.57926822087029e-05
2116,1745721386.7991195,2.5804878532653674e-05
2117,1745721405.5997458,2.5817073037615046e-05
2118,1745721422.9140584,2.5829267542576417e-05
2119,1745721454.753876,2.5841463866527192e-05
2120,1745721465.1365683,2.5853658371488564e-05
2121,1745721484.8409028,2.5865852876449935e-05
2122,1745721507.1528141,2.587804920040071e-05
2123,1745721526.2773705,2.589024370536208e-05
2124,1745721542.008617,2.5902438210323453e-05
2125,1745721567.8848946,2.5914634534274228e-05
2126,1745721592.9095557,2.59268290392356e-05
2127,1745721614.0437217,2.593902354419697e-05
2128,1745721636.8854802,2.5951219868147746e-05
2129,1745721657.0905442,2.5963414373109117e-05
2130,1745721680.7565737,2.597560887807049e-05
2131,1745721692.2787147,2.5987805202021264e-05
2132,1745721702.0334406,2.5999999706982635e-05
2133,1745721906.0344505,2.601219603093341e-05
2134,1745721930.7296653,2.602439053589478e-05
2135,1745721946.6399229,2.6036585040856153e-05
2136,1745721964.9751532,2.6048781364806928e-05
2137,1745721982.4917061,2.60609758697683e-05
2138,1745722007.4558566,2.607317037472967e-05
2139,1745722028.3428016,2.6085366698680446e-05
2140,1745722039.0072145,2.6097561203641817e-05
2141,1745722072.3190138,2.610975570860319e-05
2142,1745722094.7927482,2.6121952032553963e-05
2143,1745722113.21906,2.6134146537515335e-05
2144,1745722129.2775092,2.6146341042476706e-05
2145,1745722152.7680156,2.615853736642748e-05
2146,1745722165.3595977,2.6170731871388853e-05
2147,1745722185.2526474,2.6182926376350224e-05
2148,1745722204.6950428,2.6195122700301e-05
2149,1745722221.8055375,2.620731720526237e-05
2150,1745722249.1976917,2.6219511710223742e-05
2151,1745722255.8166132,2.6231708034174517e-05
2152,1745722272.19462,2.6243902539135888e-05
2153,1745722292.525016,2.625609704409726e-05
2154,1745722313.4786634,2.6268293368048035e-05
2155,1745722333.114134,2.6280487873009406e-05
2156,1745722357.1596174,2.6292682377970777e-05
2157,1745722376.585303,2.6304878701921552e-05
2158,1745722394.7614994,2.6317073206882924e-05
2159,1745722413.59599,2.6329267711844295e-05
2160,1745722445.1638377,2.634146403579507e-05
2161,1745722453.7720058,2.635365854075644e-05
2162,1745722473.6602907,2.6365853045717813e-05
2163,1745722494.9511323,2.6378049369668588e-05
2164,1745722512.7889457,2.639024387462996e-05
2165,1745722533.543388,2.640243837959133e-05
2166,1745722554.4491248,2.6414634703542106e-05
2167,1745722573.744696,2.6426829208503477e-05
2168,1745722589.9269783,2.643902371346485e-05
2169,1745722611.957676,2.6451220037415624e-05
2170,1745722643.2366498,2.6463414542376995e-05
2171,1745722670.292398,2.6475609047338367e-05
2172,1745722688.1171007,2.648780537128914e-05
2173,1745722705.4034944,2.6499999876250513e-05
2174,1745722727.8342416,2.6512194381211884e-05
2175,1745722748.0609255,2.652439070516266e-05
2176,1745722773.4133012,2.653658521012403e-05
2177,1745722799.1967869,2.6548779715085402e-05
2178,1745722832.189918,2.6560976039036177e-05
2179,1745722850.8745544,2.657317054399755e-05
2180,1745722862.9398384,2.658536504895892e-05
2181,1745722888.5214849,2.6597561372909695e-05
2182,1745722906.8601923,2.6609755877871066e-05
2183,1745722922.6022978,2.6621950382832438e-05
2184,1745722942.3908179,2.6634146706783213e-05
2185,1745722968.9303732,2.6646341211744584e-05
2186,1745722991.0426404,2.6658535716705956e-05
2187,1745723018.64551,2.667073204065673e-05
2188,1745723043.561697,2.6682926545618102e-05
2189,1745723070.5027366,2.6695121050579473e-05
2190,1745723097.4888926,2.670731737453025e-05
2191,1745723113.5279226,2.671951187949162e-05
2192,1745723136.3260174,2.6731708203442395e-05
2193,1745723154.0523512,2.6743902708403766e-05
2194,1745723176.1537523,2.6756097213365138e-05
2195,1745723189.417394,2.6768293537315913e-05
2196,1745723212.2608936,2.6780488042277284e-05
2197,1745723229.961755,2.6792682547238655e-05
2198,1745723249.009839,2.680487887118943e-05
2199,1745723278.7718117,2.6817073376150802e-05
2200,1745723297.8059947,2.6829267881112173e-05
2201,1745723321.412057,2.6841464205062948e-05
2202,1745723340.9953814,2.685365871002432e-05
2203,1745723361.8966231,2.686585321498569e-05
2204,1745723380.8974972,2.6878049538936466e-05
2205,1745723398.9022315,2.6890244043897837e-05
2206,1745723422.5276237,2.690243854885921e-05
2207,1745723445.1485207,2.6914634872809984e-05
2208,1745723463.4194226,2.6926829377771355e-05
2209,1745723480.2022111,2.6939023882732727e-05
2210,1745723500.7573178,2.69512202066835e-05
2211,1745723521.9016666,2.6963414711644873e-05
2212,1745723540.367628,2.6975609216606244e-05
2213,1745723553.5822647,2.698780554055702e-05
2214,1745723565.9420063,2.700000004551839e-05
2215,1745723765.3197343,2.7012194550479762e-05
2216,1745723788.7288413,2.7024390874430537e-05
2217,1745723812.4502387,2.703658537939191e-05
2218,1745723833.6770978,2.704877988435328e-05
2219,1745723855.489099,2.7060976208304055e-05
2220,1745723876.4897473,2.7073170713265426e-05
2221,1745723898.0908976,2.7085365218226798e-05
2222,1745723916.7203453,2.7097561542177573e-05
2223,1745723930.092185,2.7109756047138944e-05
2224,1745723950.9510791,2.7121950552100316e-05
2225,1745723971.63574,2.713414687605109e-05
2226,1745723993.518691,2.7146341381012462e-05
2227,1745724013.6227963,2.7158535885973834e-05
2228,1745724029.2576623,2.717073220992461e-05
2229,1745724049.328675,2.718292671488598e-05
2230,1745724068.300724,2.719512121984735e-05
2231,1745724092.3890152,2.7207317543798126e-05
2232,1745724111.8582082,2.7219512048759498e-05
2233,1745724140.3795252,2.723170655372087e-05
2234,1745724149.7576857,2.7243902877671644e-05
2235,1745724167.0273113,2.7256097382633016e-05
2236,1745724182.5423925,2.7268291887594387e-05
2237,1745724197.9375677,2.7280488211545162e-05
2238,1745724215.3923235,2.7292682716506533e-05
2239,1745724242.7497766,2.7304877221467905e-05
2240,1745724263.1776063,2.731707354541868e-05
2241,1745724279.5638952,2.732926805038005e-05
2242,1745724299.4302218,2.7341462555341423e-05
2243,1745724318.2361145,2.7353658879292198e-05
2244,1745724340.3124974,2.736585338425357e-05
2245,1745724359.5387955,2.737804788921494e-05
2246,1745724379.2354321,2.7390244213165715e-05
2247,1745724398.2586138,2.7402438718127087e-05
2248,1745724420.8865314,2.7414635042077862e-05
2249,1745724440.7198398,2.7426829547039233e-05
2250,1745724461.35032,2.7439024052000605e-05
2251,1745724482.0060234,2.745122037595138e-05
2252,1745724501.5380375,2.746341488091275e-05
2253,1745724520.186847,2.7475609385874122e-05
2254,1745724540.1754088,2.7487805709824897e-05
2255,1745724562.3685682,2.750000021478627e-05
2256,1745724587.4942603,2.751219471974764e-05
2257,1745724600.112665,2.7524391043698415e-05
2258,1745724621.848388,2.7536585548659787e-05
2259,1745724645.379178,2.7548780053621158e-05
2260,1745724667.3193858,2.7560976377571933e-05
2261,1745724685.3876295,2.7573170882533304e-05
2262,1745724708.9014528,2.7585365387494676e-05
2263,1745724732.4401243,2.759756171144545e-05
2264,1745724754.1596293,2.7609756216406822e-05
2265,1745724776.309616,2.7621950721368194e-05
2266,1745724790.462817,2.763414704531897e-05
2267,1745724810.7847369,2.764634155028034e-05
2268,1745724829.5337064,2.765853605524171e-05
2269,1745724857.4630797,2.7670732379192486e-05
2270,1745724882.6399927,2.7682926884153858e-05
2271,1745724905.3565342,2.769512138911523e-05
2272,1745724924.6438522,2.7707317713066004e-05
2273,1745724947.7050018,2.7719512218027376e-05
2274,1745724967.7729251,2.7731706722988747e-05
2275,1745724988.1736598,2.7743903046939522e-05
2276,1745725007.539127,2.7756097551900893e-05
2277,1745725026.1767209,2.7768292056862265e-05
2278,1745725044.2599816,2.778048838081304e-05
2279,1745725072.655009,2.779268288577441e-05
2280,1745725090.3156793,2.7804877390735783e-05
2281,1745725109.6029077,2.7817073714686558e-05
2282,1745725129.1198921,2.782926821964793e-05
2283,1745725146.518393,2.78414627246093e-05
2284,1745725169.4284441,2.7853659048560075e-05
2285,1745725191.8039317,2.7865853553521447e-05
2286,1745725214.6054323,2.7878048058482818e-05
2287,1745725235.894456,2.7890244382433593e-05
2288,1745725253.791689,2.7902438887394965e-05
2289,1745725274.861575,2.7914633392356336e-05
2290,1745725297.86655,2.792682971630711e-05
2291,1745725314.5869234,2.7939024221268483e-05
2292,1745725341.945694,2.7951218726229854e-05
2293,1745725366.1914809,2.796341505018063e-05
2294,1745725381.8776848,2.7975609555142e-05
2295,1745725403.7371914,2.7987804060103372e-05
2296,1745725420.386605,2.8000000384054147e-05
2297,1745725596.2862878,2.8012194889015518e-05
2298,1745725615.8322146,2.802438939397689e-05
2299,1745725631.0521176,2.8036585717927665e-05
2300,1745725658.1907737,2.8048780222889036e-05
2301,1745725681.1161342,2.8060974727850407e-05
2302,1745725701.6505609,2.8073171051801182e-05
2303,1745725724.601245,2.8085365556762554e-05
2304,1745725748.9085479,2.809756188071333e-05
2305,1745725767.0546722,2.81097563856747e-05
2306,1745725788.1892977,2.812195089063607e-05
2307,1745725800.0504246,2.8134147214586847e-05
2308,1745725827.6581898,2.8146341719548218e-05
2309,1745725858.9984348,2.815853622450959e-05
2310,1745725884.6580758,2.8170732548460364e-05
2311,1745725893.5621386,2.8182927053421736e-05
2312,1745725915.3677754,2.8195121558383107e-05
2313,1745725938.5542219,2.8207317882333882e-05
2314,1745725961.6776137,2.8219512387295254e-05
2315,1745725976.6219897,2.8231706892256625e-05
2316,1745725999.8245912,2.82439032162074e-05
2317,1745726022.6876013,2.825609772116877e-05
2318,1745726041.8715956,2.8268292226130143e-05
2319,1745726061.725453,2.8280488550080918e-05
2320,1745726083.3488135,2.829268305504229e-05
2321,1745726101.6415381,2.830487756000366e-05
2322,1745726120.8672347,2.8317073883954436e-05
2323,1745726141.3155699,2.8329268388915807e-05
2324,1745726164.3780825,2.834146289387718e-05
2325,1745726179.3816175,2.8353659217827953e-05
2326,1745726200.6911414,2.8365853722789325e-05
2327,1745726220.7590861,2.8378048227750696e-05
2328,1745726252.3123403,2.839024455170147e-05
2329,1745726257.2713296,2.8402439056662843e-05
2330,1745726276.0748744,2.8414633561624214e-05
2331,1745726301.2065382,2.842682988557499e-05
2332,1745726325.7017596,2.843902439053636e-05
2333,1745726334.9287102,2.8451218895497732e-05
2334,1745726353.3871648,2.8463415219448507e-05
2335,1745726379.2225292,2.8475609724409878e-05
2336,1745726397.5528786,2.848780422937125e-05
2337,1745726416.6190825,2.8500000553322025e-05
2338,1745726433.137124,2.8512195058283396e-05
2339,1745726454.9660008,2.8524389563244767e-05
2340,1745726476.5658937,2.8536585887195542e-05
2341,1745726509.1425493,2.8548780392156914e-05
2342,1745726516.9027796,2.8560974897118285e-05
2343,1745726542.0736983,2.857317122106906e-05
2344,1745726562.7111356,2.858536572603043e-05
2345,1745726583.0789337,2.8597560230991803e-05
2346,1745726601.430648,2.8609756554942578e-05
2347,1745726618.47276,2.862195105990395e-05
2348,1745726639.8643656,2.863414556486532e-05
2349,1745726661.8944771,2.8646341888816096e-05
2350,1745726686.68439,2.8658536393777467e-05
2351,1745726703.5060194,2.867073089873884e-05
2352,1745726729.2272615,2.8682927222689614e-05
2353,1745726751.522426,2.8695121727650985e-05
2354,1745726768.5716026,2.8707316232612357e-05
2355,1745726792.1342232,2.871951255656313e-05
2356,1745726814.3607006,2.8731707061524503e-05
2357,1745726826.7770214,2.8743901566485874e-05
2358,1745726855.0578566,2.875609789043665e-05
2359,1745726881.5634565,2.876829239539802e-05
2360,1745726891.6210372,2.8780486900359392e-05
2361,1745726917.2728858,2.8792683224310167e-05
2362,1745726933.4065857,2.880487772927154e-05
2363,1745726954.4988322,2.8817074053222314e-05
2364,1745726967.4503543,2.8829268558183685e-05
2365,1745726998.33638,2.8841463063145056e-05
2366,1745727030.8766904,2.885365938709583e-05
2367,1745727046.4499085,2.8865853892057203e-05
2368,1745727058.115974,2.8878048397018574e-05
2369,1745727082.5349097,2.889024472096935e-05
2370,1745727104.6384606,2.890243922593072e-05
2371,1745727123.9433548,2.8914633730892092e-05
2372,1745727145.1822202,2.8926830054842867e-05
2373,1745727164.5920837,2.893902455980424e-05
2374,1745727180.0091937,2.895121906476561e-05
2375,1745727200.1492734,2.8963415388716385e-05
2376,1745727220.9482958,2.8975609893677756e-05
2377,1745727232.5215273,2.8987804398639128e-05
2378,1745727241.0563335,2.9000000722589903e-05
2379,1745727411.6036222,2.9012195227551274e-05
2380,1745727432.535066,2.9024389732512645e-05
2381,1745727454.4587855,2.903658605646342e-05
2382,1745727473.784781,2.9048780561424792e-05
2383,1745727500.837267,2.9060975066386163e-05
2384,1745727526.920096,2.9073171390336938e-05
2385,1745727550.6437402,2.908536589529831e-05
2386,1745727573.237069,2.909756040025968e-05
2387,1745727592.6847582,2.9109756724210456e-05
2388,1745727618.9042337,2.9121951229171827e-05
2389,1745727637.8654764,2.91341457341332e-05
2390,1745727652.5943673,2.9146342058083974e-05
2391,1745727681.0212011,2.9158536563045345e-05
2392,1745727706.5463674,2.9170731068006717e-05
2393,1745727723.9406815,2.918292739195749e-05
2394,1745727739.6736765,2.9195121896918863e-05
2395,1745727762.5900772,2.9207316401880234e-05
2396,1745727773.004338,2.921951272583101e-05
2397,1745727795.4783587,2.923170723079238e-05
2398,1745727819.398124,2.9243901735753752e-05
2399,1745727845.0708663,2.9256098059704527e-05
2400,1745727858.5766697,2.92682925646659e-05
2401,1745727882.397133,2.928048706962727e-05
2402,1745727901.5912538,2.9292683393578045e-05
2403,1745727927.472105,2.9304877898539416e-05
2404,1745727937.3172863,2.9317072403500788e-05
2405,1745727965.285162,2.9329268727451563e-05
2406,1745727984.9345732,2.9341463232412934e-05
2407,1745727997.652391,2.9353657737374306e-05
2408,1745728018.2216544,2.936585406132508e-05
2409,1745728042.3894746,2.9378048566286452e-05
2410,1745728070.9649613,2.9390243071247824e-05
2411,1745728082.661397,2.94024393951986e-05
2412,1745728100.866627,2.941463390015997e-05
2413,1745728126.4135902,2.942682840512134e-05
2414,1745728151.761065,2.9439024729072116e-05
2415,1745728160.030379,2.9451219234033488e-05
2416,1745728183.2101452,2.946341373899486e-05
2417,1745728193.5558326,2.9475610062945634e-05
2418,1745728222.738775,2.9487804567907006e-05
2419,1745728252.2217195,2.950000089185778e-05
2420,1745728275.6393569,2.9512195396819152e-05
2421,1745728292.2189023,2.9524389901780523e-05
2422,1745728309.1207225,2.95365862257313e-05
2423,1745728331.8950868,2.954878073069267e-05
2424,1745728349.9025507,2.956097523565404e-05
2425,1745728371.9078677,2.9573171559604816e-05
2426,1745728392.9735491,2.9585366064566188e-05
2427,1745728411.8580713,2.959756056952756e-05
2428,1745728436.603078,2.9609756893478334e-05
2429,1745728457.118263,2.9621951398439705e-05
2430,1745728483.0567224,2.9634145903401077e-05
2431,1745728506.3524125,2.9646342227351852e-05
2432,1745728517.6314197,2.9658536732313223e-05
2433,1745728540.330774,2.9670731237274595e-05
2434,1745728563.0910568,2.968292756122537e-05
2435,1745728584.5279634,2.969512206618674e-05
2436,1745728602.947991,2.9707316571148112e-05
2437,1745728621.5454109,2.9719512895098887e-05
2438,1745728656.6690555,2.973170740006026e-05
2439,1745728668.3436677,2.974390190502163e-05
2440,1745728696.9833097,2.9756098228972405e-05
2441,1745728720.25131,2.9768292733933777e-05
2442,1745728738.3747666,2.9780487238895148e-05
2443,1745728757.1117442,2.9792683562845923e-05
2444,1745728779.068233,2.9804878067807294e-05
2445,1745728796.7358606,2.9817072572768666e-05
2446,1745728812.5545511,2.982926889671944e-05
2447,1745728836.2567637,2.9841463401680812e-05
2448,1745728857.5534391,2.9853657906642184e-05
2449,1745728875.8794367,2.986585423059296e-05
2450,1745728903.882078,2.987804873555433e-05
2451,1745728929.1468823,2.98902432405157e-05
2452,1745728954.8834975,2.9902439564466476e-05
2453,1745728966.0402255,2.9914634069427848e-05
2454,1745728983.7887166,2.992682857438922e-05
2455,1745729007.279414,2.9939024898339994e-05
2456,1745729031.8053384,2.9951219403301366e-05
2457,1745729049.9027202,2.9963413908262737e-05
2458,1745729078.7076151,2.9975610232213512e-05
2459,1745729107.6402004,2.9987804737174883e-05
2460,1745729114.0275571,2.9999999242136255e-05
2461,1745729303.681578,2.9998644095030613e-05
2462,1745729322.997188,2.9997290766914375e-05
2463,1745729347.8648677,2.9995935619808733e-05
2464,1745729367.827283,2.9994580472703092e-05
2465,1745729387.7208948,2.999322532559745e-05
2466,1745729402.297384,2.999187017849181e-05
2467,1745729422.9368382,2.9990515031386167e-05
2468,1745729443.1868525,2.9989159884280525e-05
2469,1745729463.6850457,2.9987804737174883e-05
2470,1745729493.3920121,2.9986449590069242e-05
2471,1745729499.6932166,2.99850944429636e-05
2472,1745729522.8724825,2.998373929585796e-05
2473,1745729553.4519582,2.9982384148752317e-05
2474,1745729566.4887526,2.9981029001646675e-05
2475,1745729600.6486921,2.9979675673530437e-05
2476,1745729608.8132892,2.9978320526424795e-05
2477,1745729641.8936045,2.9976965379319154e-05
2478,1745729657.8900967,2.9975610232213512e-05
2479,1745729676.3837104,2.997425508510787e-05
2480,1745729694.5247118,2.997289993800223e-05
2481,1745729712.6479182,2.9971544790896587e-05
2482,1745729738.4068809,2.9970189643790945e-05
2483,1745729752.5080838,2.9968834496685304e-05
2484,1745729772.9429593,2.9967479349579662e-05
2485,1745729791.8674057,2.996612420247402e-05
2486,1745729810.3787565,2.996476905536838e-05
2487,1745729830.3901558,2.9963413908262737e-05
2488,1745729850.5429237,2.9962058761157095e-05
2489,1745729868.1446435,2.9960705433040857e-05
2490,1745729891.8496208,2.9959350285935216e-05
2491,1745729905.5397666,2.9957995138829574e-05
2492,1745729929.3492546,2.9956639991723932e-05
2493,1745729949.6432428,2.995528484461829e-05
2494,1745729973.6817262,2.995392969751265e-05
2495,1745729994.9351516,2.9952574550407007e-05
2496,1745730015.2632978,2.9951219403301366e-05
2497,1745730037.4225452,2.9949864256195724e-05
2498,1745730055.6873846,2.9948509109090082e-05
2499,1745730076.9266639,2.994715396198444e-05
2500,1745730100.714432,2.99457988148788e-05
2501,1745730111.3371515,2.9944443667773157e-05
2502,1745730138.3529482,2.994309033965692e-05
2503,1745730157.453874,2.9941735192551278e-05
2504,1745730178.2928898,2.9940380045445636e-05
2505,1745730193.1717455,2.9939024898339994e-05
2506,1745730217.0350196,2.9937669751234353e-05
2507,1745730238.7664952,2.993631460412871e-05
2508,1745730260.742569,2.993495945702307e-05
2509,1745730290.072052,2.9933604309917428e-05
2510,1745730298.982444,2.9932249162811786e-05
2511,1745730322.0797424,2.9930894015706144e-05
2512,1745730345.538578,2.9929538868600503e-05
2513,1745730375.0187654,2.992818372149486e-05
2514,1745730391.6107512,2.992682857438922e-05
2515,1745730401.6709545,2.9925473427283578e-05
2516,1745730422.546041,2.992412009916734e-05
2517,1745730451.3362007,2.9922764952061698e-05
2518,1745730469.692494,2.9921409804956056e-05
2519,1745730490.7035487,2.9920054657850415e-05
2520,1745730518.7496912,2.9918699510744773e-05
2521,1745730531.1306927,2.991734436363913e-05
2522,1745730550.0685675,2.991598921653349e-05
2523,1745730572.8014188,2.9914634069427848e-05
2524,1745730593.1461356,2.9913278922322206e-05
2525,1745730627.389393,2.9911923775216565e-05
2526,1745730645.4734135,2.9910568628110923e-05
2527,1745730661.4672985,2.990921348100528e-05
2528,1745730682.8030481,2.990785833389964e-05
2529,1745730704.0496163,2.9906503186793998e-05
2530,1745730729.515857,2.990514985867776e-05
2531,1745730751.4022372,2.9903794711572118e-05
2532,1745730770.5110276,2.9902439564466476e-05
2533,1745730793.8003886,2.9901084417360835e-05
2534,1745730816.245926,2.9899729270255193e-05
2535,1745730828.445231,2.989837412314955e-05
2536,1745730855.6755397,2.989701897604391e-05
2537,1745730865.710899,2.9895663828938268e-05
2538,1745730891.6248684,2.9894308681832626e-05
2539,1745730920.6780088,2.9892953534726985e-05
2540,1745730927.592242,2.9891598387621343e-05
2541,1745730953.4718828,2.98902432405157e-05
2542,1745730963.3369694,2.988888809341006e-05
2543,1745731163.0548856,2.988753476529382e-05
2544,1745731184.4852867,2.988617961818818e-05
2545,1745731213.2225566,2.988482447108254e-05
2546,1745731219.905653,2.9883469323976897e-05
2547,1745731245.9579875,2.9882114176871255e-05
2548,1745731268.267272,2.9880759029765613e-05
2549,1745731291.4274561,2.9879403882659972e-05
2550,1745731311.5614386,2.987804873555433e-05
2551,1745731330.7678232,2.987669358844869e-05
2552,1745731358.797252,2.9875338441343047e-05
2553,1745731374.4865243,2.9873983294237405e-05
2554,1745731393.1571465,2.9872628147131763e-05
2555,1745731411.049539,2.9871273000026122e-05
2556,1745731436.6562748,2.986991785292048e-05
2557,1745731444.8470347,2.9868564524804242e-05
2558,1745731465.1245682,2.98672093776986e-05
2559,1745731485.7618253,2.986585423059296e-05
2560,1745731503.9452283,2.9864499083487317e-05
2561,1745731526.914283,2.9863143936381675e-05
2562,1745731542.6422172,2.9861788789276034e-05
2563,1745731558.9861507,2.9860433642170392e-05
2564,1745731574.531537,2.985907849506475e-05
2565,1745731595.4481835,2.985772334795911e-05
2566,1745731616.9303014,2.9856368200853467e-05
2567,1745731639.6187525,2.9855013053747825e-05
2568,1745731651.7068923,2.9853657906642184e-05
2569,1745731668.853732,2.9852302759536542e-05
2570,1745731697.3336034,2.98509476124309e-05
2571,1745731724.107819,2.9849594284314662e-05
2572,1745731743.44937,2.984823913720902e-05
2573,1745731755.701403,2.984688399010338e-05
2574,1745731773.882066,2.9845528842997737e-05
2575,1745731795.6026764,2.9844173695892096e-05
2576,1745731811.4290233,2.9842818548786454e-05
2577,1745731835.6576605,2.9841463401680812e-05
2578,1745731851.9811594,2.984010825457517e-05
2579,1745731869.2363284,2.983875310746953e-05
2580,1745731889.2817748,2.9837397960363887e-05
2581,1745731914.7730613,2.9836042813258246e-05
2582,1745731927.192596,2.9834687666152604e-05
2583,1745731953.3192694,2.9833332519046962e-05
2584,1745731973.521688,2.9831979190930724e-05
2585,1745731989.1929257,2.9830624043825082e-05
2586,1745732013.4148557,2.982926889671944e-05
2587,1745732033.1013606,2.98279137496138e-05
2588,1745732053.046593,2.9826558602508157e-05
2589,1745732072.7243855,2.9825203455402516e-05
2590,1745732093.789683,2.9823848308296874e-05
2591,1745732115.0799167,2.9822493161191233e-05
2592,1745732137.4701035,2.982113801408559e-05
2593,1745732159.1203754,2.981978286697995e-05
2594,1745732177.7170906,2.9818427719874308e-05
2595,1745732203.025227,2.9817072572768666e-05
2596,1745732224.6522534,2.9815717425663024e-05
2597,1745732237.8565316,2.9814362278557383e-05
2598,1745732258.7947826,2.9813008950441144e-05
2599,1745732277.5187123,2.9811653803335503e-05
2600,1745732306.2562866,2.981029865622986e-05
2601,1745732322.7887373,2.980894350912422e-05
2602,1745732340.7455192,2.9807588362018578e-05
2603,1745732365.726934,2.9806233214912936e-05
2604,1745732398.4792254,2.9804878067807294e-05
2605,1745732429.19234,2.9803522920701653e-05
2606,1745732444.003596,2.980216777359601e-05
2607,1745732459.1698098,2.980081262649037e-05
2608,1745732478.1450725,2.9799457479384728e-05
2609,1745732498.016721,2.9798102332279086e-05
2610,1745732527.163083,2.9796747185173444e-05
2611,1745732552.4636605,2.9795393857057206e-05
2612,1745732580.5759532,2.9794038709951565e-05
2613,1745732598.8107314,2.9792683562845923e-05
2614,1745732620.527667,2.979132841574028e-05
2615,1745732640.8543885,2.978997326863464e-05
2616,1745732661.5808027,2.9788618121528998e-05
2617,1745732692.2652605,2.9787262974423356e-05
2618,1745732713.6895726,2.9785907827317715e-05
2619,1745732731.0977628,2.9784552680212073e-05
2620,1745732755.1987834,2.978319753310643e-05
2621,1745732765.1415982,2.978184238600079e-05
2622,1745732790.7515533,2.9780487238895148e-05
2623,1745732808.5965328,2.9779132091789506e-05
2624,1745732815.2156909,2.9777776944683865e-05
2625,1745733011.4459274,2.9776423616567627e-05
2626,1745733029.7686539,2.9775068469461985e-05
2627,1745733051.2312894,2.9773713322356343e-05
2628,1745733071.2730672,2.97723581752507e-05
2629,1745733094.3631465,2.977100302814506e-05
2630,1745733113.6462839,2.9769647881039418e-05
2631,1745733134.2673573,2.9768292733933777e-05
2632,1745733154.9937222,2.9766937586828135e-05
2633,1745733175.2973998,2.9765582439722493e-05
2634,1745733196.8968031,2.976422729261685e-05
2635,1745733209.2163749,2.976287214551121e-05
2636,1745733233.9459643,2.9761516998405568e-05
2637,1745733253.6728635,2.9760161851299927e-05
2638,1745733269.6896217,2.9758806704194285e-05
2639,1745733302.6386313,2.9757453376078047e-05
2640,1745733312.9494438,2.9756098228972405e-05
2641,1745733333.5326972,2.9754743081866764e-05
2642,1745733354.3627853,2.9753387934761122e-05
2643,1745733373.1374874,2.975203278765548e-05
2644,1745733395.7880194,2.975067764054984e-05
2645,1745733411.6675372,2.9749322493444197e-05
2646,1745733433.9168315,2.9747967346338555e-05
2647,1745733453.5070581,2.9746612199232914e-05
2648,1745733474.6951556,2.9745257052127272e-05
2649,1745733496.144353,2.974390190502163e-05
2650,1745733518.0999985,2.974254675791599e-05
2651,1745733540.7926214,2.9741191610810347e-05
2652,1745733566.7093863,2.973983828269411e-05
2653,1745733584.624967,2.9738483135588467e-05
2654,1745733604.7522027,2.9737127988482825e-05
2655,1745733616.1335351,2.9735772841377184e-05
2656,1745733635.1516016,2.9734417694271542e-05
2657,1745733655.337995,2.97330625471659e-05
2658,1745733678.8417811,2.973170740006026e-05
2659,1745733697.924439,2.9730352252954617e-05
2660,1745733713.4620967,2.9728997105848975e-05
2661,1745733737.695907,2.9727641958743334e-05
2662,1745733758.72503,2.9726286811637692e-05
2663,1745733785.2198184,2.972493166453205e-05
2664,1745733798.7712443,2.972357651742641e-05
2665,1745733818.4375615,2.9722221370320767e-05
2666,1745733849.5740175,2.972086804220453e-05
2667,1745733870.1452096,2.9719512895098887e-05
2668,1745733882.3115776,2.9718157747993246e-05
2669,1745733902.8922966,2.9716802600887604e-05
2670,1745733926.620146,2.9715447453781962e-05
2671,1745733944.1805277,2.971409230667632e-05
2672,1745733968.2464218,2.971273715957068e-05
2673,1745733986.6163716,2.9711382012465037e-05
2674,1745734007.7999165,2.9710026865359396e-05
2675,1745734031.3625488,2.9708671718253754e-05
2676,1745734050.2515419,2.9707316571148112e-05
2677,1745734077.5163484,2.970596142404247e-05
2678,1745734085.712855,2.970460627693683e-05
2679,1745734108.5473728,2.9703251129831187e-05
2680,1745734131.585219,2.970189780171495e-05
2681,1745734146.883419,2.9700542654609308e-05
2682,1745734177.8662338,2.9699187507503666e-05
2683,1745734187.0350533,2.9697832360398024e-05
2684,1745734208.4042575,2.9696477213292383e-05
2685,1745734226.6206686,2.969512206618674e-05
2686,1745734250.8368738,2.96937669190811e-05
2687,1745734262.784028,2.9692411771975458e-05
2688,1745734293.61784,2.9691056624869816e-05
2689,1745734315.1614811,2.9689701477764174e-05
2690,1745734333.9029827,2.9688346330658533e-05
2691,1745734357.2597077,2.968699118355289e-05
2692,1745734384.9024875,2.968563603644725e-05
2693,1745734394.0452065,2.968428270833101e-05
2694,1745734414.8736992,2.968292756122537e-05
2695,1745734438.5426676,2.9681572414119728e-05
2696,1745734462.9886603,2.9680217267014086e-05
2697,1745734488.232002,2.9678862119908445e-05
2698,1745734510.6546113,2.9677506972802803e-05
2699,1745734529.9888196,2.967615182569716e-05
2700,1745734547.3420014,2.967479667859152e-05
2701,1745734564.0196307,2.9673441531485878e-05
2702,1745734580.137656,2.9672086384380236e-05
2703,1745734609.262275,2.9670731237274595e-05
2704,1745734625.0343022,2.9669376090168953e-05
2705,1745734648.033935,2.966802094306331e-05
2706,1745734658.6277447,2.966666579595767e-05
2707,1745734851.1960633,2.966531246784143e-05
2708,1745734873.2018964,2.966395732073579e-05
2709,1745734895.0843697,2.9662602173630148e-05
2710,1745734919.8519838,2.9661247026524507e-05
2711,1745734939.0502865,2.9659891879418865e-05
2712,1745734965.2705758,2.9658536732313223e-05
2713,1745734989.42171,2.965718158520758e-05
2714,1745734999.2242494,2.965582643810194e-05
2715,1745735022.8808048,2.9654471290996298e-05
2716,1745735038.8432455,2.9653116143890657e-05
2717,1745735065.3704333,2.9651760996785015e-05
2718,1745735076.5903683,2.9650405849679373e-05
2719,1745735109.152343,2.964905070257373e-05
2720,1745735124.7769094,2.9647697374457493e-05
2721,1745735138.2558198,2.9646342227351852e-05
2722,1745735160.4291086,2.964498708024621e-05
2723,1745735186.6034808,2.964363193314057e-05
2724,1745735199.4281373,2.9642276786034927e-05
2725,1745735221.8555684,2.9640921638929285e-05
2726,1745735239.7758453,2.9639566491823643e-05
2727,1745735245.0515773,2.9638211344718002e-05
2728,1745735268.637547,2.963685619761236e-05
2729,1745735286.8953154,2.963550105050672e-05
2730,1745735308.5243254,2.9634145903401077e-05
2731,1745735328.7188725,2.9632790756295435e-05
2732,1745735346.5484142,2.9631435609189793e-05
2733,1745735370.7098346,2.9630080462084152e-05
2734,1745735392.3636537,2.9628727133967914e-05
2735,1745735405.1790755,2.9627371986862272e-05
2736,1745735412.7137306,2.962601683975663e-05
2737,1745735426.1439674,2.962466169265099e-05
2738,1745735446.22962,2.9623306545545347e-05
2739,1745735468.4016144,2.9621951398439705e-05
2740,1745735498.3756428,2.9620596251334064e-05
2741,1745735510.0406823,2.9619241104228422e-05
2742,1745735518.306705,2.961788595712278e-05
2743,1745735541.0613043,2.961653081001714e-05
2744,1745735552.7245586,2.9615175662911497e-05
2745,1745735583.8126268,2.9613820515805855e-05
2746,1745735592.9269729,2.9612465368700214e-05
2747,1745735617.5727339,2.9611110221594572e-05
2748,1745735632.5493426,2.9609756893478334e-05
2749,1745735653.4098597,2.9608401746372692e-05
2750,1745735673.8855886,2.960704659926705e-05
2751,1745735699.0990472,2.960569145216141e-05
2752,1745735717.8197136,2.9604336305055767e-05
2753,1745735747.1497552,2.9602981157950126e-05
2754,1745735767.1384284,2.9601626010844484e-05
2755,1745735778.9331129,2.9600270863738842e-05
2756,1745735802.3112571,2.95989157166332e-05
2757,1745735827.5659318,2.959756056952756e-05
2758,1745735846.0276217,2.9596205422421917e-05
2759,1745735866.2215564,2.9594850275316276e-05
2760,1745735884.0252287,2.9593495128210634e-05
2761,1745735911.0060747,2.9592141800094396e-05
2762,1745735933.1125274,2.9590786652988754e-05
2763,1745735951.169234,2.9589431505883113e-05
2764,1745735973.9284093,2.958807635877747e-05
2765,1745735992.7222912,2.958672121167183e-05
2766,1745736018.213207,2.9585366064566188e-05
2767,1745736033.685338,2.9584010917460546e-05
2768,1745736049.953369,2.9582655770354904e-05
2769,1745736078.7178986,2.9581300623249263e-05
2770,1745736103.4553926,2.957994547614362e-05
2771,1745736124.1770933,2.957859032903798e-05
2772,1745736143.2084885,2.9577235181932338e-05
2773,1745736166.8591423,2.9575880034826696e-05
2774,1745736188.9173033,2.9574524887721054e-05
2775,1745736204.8825371,2.9573171559604816e-05
2776,1745736225.8065393,2.9571816412499174e-05
2777,1745736252.5818794,2.9570461265393533e-05
2778,1745736283.0420656,2.956910611828789e-05
2779,1745736292.3706393,2.956775097118225e-05
2780,1745736315.9508474,2.9566395824076608e-05
2781,1745736337.2831233,2.9565040676970966e-05
2782,1745736360.861965,2.9563685529865324e-05
2783,1745736374.0248613,2.9562330382759683e-05
2784,1745736390.4903302,2.956097523565404e-05
2785,1745736411.2059858,2.95596200885484e-05
2786,1745736417.6651447,2.9558264941442758e-05
2787,1745736439.0368009,2.9556909794337116e-05
2788,1745736451.8270016,2.9555554647231475e-05
2789,1745736645.2485573,2.9554201319115236e-05
2790,1745736667.4413254,2.9552846172009595e-05
2791,1745736689.5932171,2.9551491024903953e-05
2792,1745736710.602608,2.955013587779831e-05
2793,1745736739.0938067,2.954878073069267e-05
2794,1745736772.0036836,2.9547425583587028e-05
2795,1745736792.8726845,2.9546070436481386e-05
2796,1745736818.437254,2.9544715289375745e-05
2797,1745736839.9551926,2.9543360142270103e-05
2798,1745736858.4264996,2.954200499516446e-05
2799,1745736880.6982155,2.954064984805882e-05
2800,1745736910.5603023,2.9539294700953178e-05
2801,1745736919.6288126,2.9537939553847536e-05
2802,1745736940.698542,2.95365862257313e-05
2803,1745736956.898345,2.9535231078625657e-05
2804,1745736974.567089,2.9533875931520015e-05
2805,1745736997.4567535,2.9532520784414373e-05
2806,1745737016.752081,2.953116563730873e-05
2807,1745737044.6482637,2.952981049020309e-05
2808,1745737055.3163447,2.952845534309745e-05
2809,1745737077.8538408,2.9527100195991807e-05
2810,1745737097.0165753,2.9525745048886165e-05
2811,1745737119.3234503,2.9524389901780523e-05
2812,1745737145.3229043,2.9523034754674882e-05
2813,1745737163.3037903,2.952167960756924e-05
2814,1745737182.6629734,2.95203244604636e-05
2815,1745737209.62019,2.9518969313357957e-05
2816,1745737230.7505872,2.951761598524172e-05
2817,1745737247.637618,2.9516260838136077e-05
2818,1745737270.8188457,2.9514905691030435e-05
2819,1745737282.3876052,2.9513550543924794e-05
2820,1745737313.2309403,2.9512195396819152e-05
2821,1745737319.894337,2.951084024971351e-05
2822,1745737343.5771017,2.950948510260787e-05
2823,1745737376.64766,2.9508129955502227e-05
2824,1745737382.8784895,2.9506774808396585e-05
2825,1745737407.1137922,2.9505419661290944e-05
2826,1745737429.98959,2.9504064514185302e-05
2827,1745737448.8140583,2.950270936707966e-05
2828,1745737470.5312223,2.950135421997402e-05
2829,1745737489.4907248,2.950000089185778e-05
2830,1745737504.5006945,2.949864574475214e-05
2831,1745737524.8043225,2.9497290597646497e-05
2832,1745737546.638536,2.9495935450540856e-05
2833,1745737574.9595096,2.9494580303435214e-05
2834,1745737595.7989087,2.9493225156329572e-05
2835,1745737615.1600053,2.949187000922393e-05
2836,1745737638.048931,2.949051486211829e-05
2837,1745737657.3301282,2.9489159715012647e-05
2838,1745737674.0407338,2.9487804567907006e-05
2839,1745737695.7941256,2.9486449420801364e-05
2840,1745737722.3866105,2.9485094273695722e-05
2841,1745737738.0212202,2.948373912659008e-05
2842,1745737759.1804876,2.948238397948444e-05
2843,1745737778.9246993,2.94810306513682e-05
2844,1745737792.364683,2.947967550426256e-05
2845,1745737818.3612025,2.9478320357156917e-05
2846,1745737845.1764119,2.9476965210051276e-05
2847,1745737866.2894113,2.9475610062945634e-05
2848,1745737886.3319852,2.9474254915839992e-05
2849,1745737903.9296005,2.947289976873435e-05
2850,1745737931.88886,2.947154462162871e-05
2851,1745737942.3923154,2.9470189474523067e-05
2852,1745737961.6710117,2.9468834327417426e-05
2853,1745737981.5550652,2.9467479180311784e-05
2854,1745738001.3965974,2.9466124033206142e-05
2855,1745738017.0223339,2.94647688861005e-05
2856,1745738039.1898558,2.946341373899486e-05
2857,1745738057.6189797,2.946206041087862e-05
2858,1745738080.6215503,2.946070526377298e-05
2859,1745738103.3814027,2.9459350116667338e-05
2860,1745738123.6841094,2.9457994969561696e-05
2861,1745738145.7651346,2.9456639822456054e-05
2862,1745738169.6182866,2.9455284675350413e-05
2863,1745738183.6525507,2.945392952824477e-05
2864,1745738203.5687995,2.945257438113913e-05
2865,1745738228.1040578,2.9451219234033488e-05
2866,1745738249.3628309,2.9449864086927846e-05
2867,1745738270.1254804,2.9448508939822204e-05
2868,1745738292.0559573,2.9447153792716563e-05
2869,1745738310.4902055,2.944579864561092e-05
2870,1745738319.4619415,2.9444445317494683e-05
2871,1745738499.0307195,2.944309017038904e-05
2872,1745738520.2483623,2.94417350232834e-05
2873,1745738541.6550481,2.9440379876177758e-05
2874,1745738563.0907426,2.9439024729072116e-05
2875,1745738582.0877903,2.9437669581966475e-05
2876,1745738602.8174763,2.9436314434860833e-05
2877,1745738623.0923762,2.943495928775519e-05
2878,1745738656.821441,2.943360414064955e-05
2879,1745738677.061186,2.9432248993543908e-05
2880,1745738696.816575,2.9430893846438266e-05
2881,1745738721.4073584,2.9429538699332625e-05
2882,1745738740.9522176,2.9428183552226983e-05
2883,1745738757.529382,2.942682840512134e-05
2884,1745738777.4980788,2.9425475077005103e-05
2885,1745738802.1895633,2.942411992989946e-05
2886,1745738825.0368857,2.942276478279382e-05
2887,1745738854.0255187,2.9421409635688178e-05
2888,1745738863.5314806,2.9420054488582537e-05
2889,1745738882.316837,2.9418699341476895e-05
2890,1745738901.2735307,2.9417344194371253e-05
2891,1745738925.7759924,2.941598904726561e-05
2892,1745738950.471806,2.941463390015997e-05
2893,1745738960.8502872,2.9413278753054328e-05
2894,1745738981.6717257,2.9411923605948687e-05
2895,1745739000.9404635,2.9410568458843045e-05
2896,1745739019.349065,2.9409213311737403e-05
2897,1745739048.1108167,2.9407859983621165e-05
2898,1745739065.2112942,2.9406504836515523e-05
2899,1745739090.7244623,2.9405149689409882e-05
2900,1745739113.7549725,2.940379454230424e-05
2901,1745739124.29139,2.94024393951986e-05
2902,1745739151.2815924,2.9401084248092957e-05
2903,1745739174.9721367,2.9399729100987315e-05
2904,1745739200.5619764,2.9398373953881674e-05
2905,1745739207.9589114,2.9397018806776032e-05
2906,1745739234.4229894,2.939566365967039e-05
2907,1745739249.0076168,2.939430851256475e-05
2908,1745739269.834535,2.9392953365459107e-05
2909,1745739287.9929073,2.9391598218353465e-05
2910,1745739317.1930795,2.9390243071247824e-05
2911,1745739327.275703,2.9388889743131585e-05
2912,1745739344.4930077,2.9387534596025944e-05
2913,1745739364.659462,2.9386179448920302e-05
2914,1745739393.7435572,2.938482430181466e-05
2915,1745739402.57888,2.938346915470902e-05
2916,1745739424.3945947,2.9382114007603377e-05
2917,1745739442.8562033,2.9380758860497735e-05
2918,1745739464.9027715,2.9379403713392094e-05
2919,1745739488.5523663,2.9378048566286452e-05
2920,1745739508.094811,2.937669341918081e-05
2921,1745739532.0433354,2.937533827207517e-05
2922,1745739556.9546835,2.9373983124969527e-05
2923,1745739572.4536436,2.9372627977863885e-05
2924,1745739589.8893788,2.9371272830758244e-05
2925,1745739613.9529011,2.9369919502642006e-05
2926,1745739641.110543,2.9368564355536364e-05
2927,1745739650.6173623,2.9367209208430722e-05
2928,1745739672.3687422,2.936585406132508e-05
2929,1745739700.148439,2.936449891421944e-05
2930,1745739716.3555486,2.9363143767113797e-05
2931,1745739735.1216207,2.9361788620008156e-05
2932,1745739752.7940025,2.9360433472902514e-05
2933,1745739766.2540069,2.9359078325796872e-05
2934,1745739794.0215852,2.935772317869123e-05
2935,1745739814.643189,2.935636803158559e-05
2936,1745739838.1817799,2.9355012884479947e-05
2937,1745739862.4554956,2.9353657737374306e-05
2938,1745739878.4976907,2.9352304409258068e-05
2939,1745739896.251508,2.9350949262152426e-05
2940,1745739918.3038228,2.9349594115046784e-05
2941,1745739940.9550188,2.9348238967941143e-05
2942,1745739964.0122504,2.93468838208355e-05
2943,1745739984.1692157,2.934552867372986e-05
2944,1745740008.2554386,2.9344173526624218e-05
2945,1745740032.7978184,2.9342818379518576e-05
2946,1745740054.8565614,2.9341463232412934e-05
2947,1745740065.8286526,2.9340108085307293e-05
2948,1745740086.2351713,2.933875293820165e-05
2949,1745740104.8787365,2.933739779109601e-05
2950,1745740135.4240007,2.9336042643990368e-05
2951,1745740161.4846928,2.9334687496884726e-05
2952,1745740171.567775,2.9333334168768488e-05
2953,1745740332.9954014,2.9331979021662846e-05
2954,1745740359.9291184,2.9330623874557205e-05
2955,1745740380.6407444,2.9329268727451563e-05
2956,1745740402.4900894,2.932791358034592e-05
2957,1745740429.5826964,2.932655843324028e-05
2958,1745740451.401018,2.9325203286134638e-05
2959,1745740472.12388,2.9323848139028996e-05
2960,1745740490.0870023,2.9322492991923355e-05
2961,1745740509.6854432,2.9321137844817713e-05
2962,1745740532.357021,2.931978269771207e-05
2963,1745740548.4426668,2.931842755060643e-05
2964,1745740570.0841415,2.9317072403500788e-05
2965,1745740598.462033,2.9315717256395146e-05
2966,1745740617.6794593,2.9314363928278908e-05
2967,1745740638.3096669,2.9313008781173266e-05
2968,1745740656.4014199,2.9311653634067625e-05
2969,1745740677.116373,2.9310298486961983e-05
2970,1745740694.7372606,2.930894333985634e-05
2971,1745740713.3739274,2.93075881927507e-05
2972,1745740741.507128,2.9306233045645058e-05
2973,1745740762.8059926,2.9304877898539416e-05
2974,1745740784.5626523,2.9303522751433775e-05
2975,1745740805.00689,2.9302167604328133e-05
2976,1745740825.7207565,2.930081245722249e-05
2977,1745740845.1623392,2.929945731011685e-05
2978,1745740864.702251,2.9298102163011208e-05
2979,1745740883.5035663,2.929674883489497e-05
2980,1745740904.6448317,2.929539368778933e-05
2981,1745740925.0683932,2.9294038540683687e-05
2982,1745740944.8570328,2.9292683393578045e-05
2983,1745740967.123976,2.9291328246472403e-05
2984,1745740988.8297262,2.9289973099366762e-05
2985,1745741009.4084406,2.928861795226112e-05
2986,1745741032.0432775,2.928726280515548e-05
2987,1745741063.1353471,2.9285907658049837e-05
2988,1745741081.3102674,2.9284552510944195e-05
2989,1745741089.6156914,2.9283197363838553e-05
2990,1745741113.1289215,2.9281842216732912e-05
2991,1745741133.321027,2.928048706962727e-05
2992,1745741154.1228638,2.927913192252163e-05
2993,1745741174.6872203,2.927777859440539e-05
2994,1745741195.0015683,2.927642344729975e-05
2995,1745741215.1910796,2.9275068300194107e-05
2996,1745741234.5136087,2.9273713153088465e-05
2997,1745741257.1564884,2.9272358005982824e-05
2998,1745741270.263262,2.9271002858877182e-05
2999,1745741292.1713903,2.926964771177154e-05
3000,1745741314.847216,2.92682925646659e-05
3001,1745741337.2157407,2.9266937417560257e-05
3002,1745741366.4003675,2.9265582270454615e-05
3003,1745741387.5304112,2.9264227123348974e-05
3004,1745741410.7951846,2.9262871976243332e-05
3005,1745741440.0814106,2.926151682913769e-05
3006,1745741451.35668,2.9260163501021452e-05
3007,1745741474.5459497,2.925880835391581e-05
3008,1745741490.9604356,2.925745320681017e-05
3009,1745741515.4740858,2.9256098059704527e-05
3010,1745741539.5696223,2.9254742912598886e-05
3011,1745741549.7251775,2.9253387765493244e-05
3012,1745741573.3543663,2.9252032618387602e-05
3013,1745741606.5916247,2.925067747128196e-05
3014,1745741636.6196046,2.924932232417632e-05
3015,1745741643.6781526,2.9247967177070677e-05
3016,1745741676.0216246,2.9246612029965036e-05
3017,1745741697.105578,2.9245256882859394e-05
3018,1745741721.1111279,2.9243901735753752e-05
3019,1745741733.6550417,2.924254658864811e-05
3020,1745741752.8322861,2.9241193260531873e-05
3021,1745741776.4746957,2.923983811342623e-05
3022,1745741796.9980865,2.923848296632059e-05
3023,1745741819.3020737,2.9237127819214948e-05
3024,1745741836.4193108,2.9235772672109306e-05
3025,1745741860.0985157,2.9234417525003664e-05
3026,1745741880.8866208,2.9233062377898023e-05
3027,1745741899.5825717,2.923170723079238e-05
3028,1745741926.0362117,2.923035208368674e-05
3029,1745741934.8583388,2.9228996936581098e-05
3030,1745741959.8065894,2.9227641789475456e-05
3031,1745741980.5742762,2.9226286642369814e-05
3032,1745741994.656942,2.9224931495264173e-05
3033,1745742014.7159333,2.922357634815853e-05
3034,1745742028.7220743,2.9222223020042293e-05
3035,1745742200.6663897,2.922086787293665e-05
3036,1745742230.385497,2.921951272583101e-05
3037,1745742249.6340005,2.9218157578725368e-05
3038,1745742268.8091762,2.9216802431619726e-05
3039,1745742289.1316829,2.9215447284514084e-05
3040,1745742308.5522351,2.9214092137408443e-05
3041,1745742325.6992264,2.92127369903028e-05
3042,1745742348.1347158,2.921138184319716e-05
3043,1745742371.22144,2.9210026696091518e-05
3044,1745742393.1680691,2.9208671548985876e-05
3045,1745742416.7849948,2.9207316401880234e-05
3046,1745742439.7044346,2.9205961254774593e-05
3047,1745742456.1992817,2.9204607926658355e-05
3048,1745742473.1234941,2.9203252779552713e-05
3049,1745742490.0601878,2.920189763244707e-05
3050,1745742512.9281552,2.920054248534143e-05
3051,1745742532.8458023,2.9199187338235788e-05
3052,1745742555.0391245,2.9197832191130146e-05
3053,1745742572.0300415,2.9196477044024505e-05
3054,1745742594.6381228,2.9195121896918863e-05
3055,1745742613.5110662,2.919376674981322e-05
3056,1745742640.6169102,2.919241160270758e-05
3057,1745742666.3121233,2.9191056455601938e-05
3058,1745742685.8704803,2.9189701308496296e-05
3059,1745742696.952445,2.9188346161390655e-05
3060,1745742714.9376514,2.9186991014285013e-05
3061,1745742735.6372273,2.9185637686168775e-05
3062,1745742758.3604841,2.9184282539063133e-05
3063,1745742775.6763594,2.918292739195749e-05
3064,1745742794.5227199,2.918157224485185e-05
3065,1745742815.0949895,2.918021709774621e-05
3066,1745742834.6712286,2.9178861950640567e-05
3067,1745742853.5692573,2.9177506803534925e-05
3068,1745742873.381204,2.9176151656429283e-05
3069,1745742899.3006048,2.917479650932364e-05
3070,1745742921.809499,2.9173441362218e-05
3071,1745742935.35009,2.917208621511236e-05
3072,1745742958.9122996,2.9170731068006717e-05
3073,1745742983.2900655,2.9169375920901075e-05
3074,1745742992.404998,2.9168020773795433e-05
3075,1745743015.5674934,2.9166667445679195e-05
3076,1745743047.7458205,2.9165312298573554e-05
3077,1745743063.9947038,2.9163957151467912e-05
3078,1745743082.8783154,2.916260200436227e-05
3079,1745743106.54437,2.916124685725663e-05
3080,1745743120.048934,2.9159891710150987e-05
3081,1745743143.4765587,2.9158536563045345e-05
3082,1745743163.526688,2.9157181415939704e-05
3083,1745743180.3952696,2.9155826268834062e-05
3084,1745743205.340787,2.915447112172842e-05
3085,1745743226.222079,2.915311597462278e-05
3086,1745743255.0547118,2.9151760827517137e-05
3087,1745743272.3767257,2.9150405680411495e-05
3088,1745743286.0039868,2.9149052352295257e-05
3089,1745743312.0881584,2.9147697205189615e-05
3090,1745743337.7375228,2.9146342058083974e-05
3091,1745743348.9338744,2.9144986910978332e-05
3092,1745743371.4229689,2.914363176387269e-05
3093,1745743395.1208005,2.914227661676705e-05
3094,1745743415.098474,2.9140921469661407e-05
3095,1745743437.442552,2.9139566322555766e-05
3096,1745743456.0612218,2.9138211175450124e-05
3097,1745743477.7135146,2.9136856028344482e-05
3098,1745743499.6083167,2.913550088123884e-05
3099,1745743512.7258325,2.91341457341332e-05
3100,1745743536.56925,2.9132790587027557e-05
3101,1745743555.5451548,2.9131435439921916e-05
3102,1745743572.0666173,2.9130082111805677e-05
3103,1745743590.6477427,2.9128726964700036e-05
3104,1745743612.5022924,2.9127371817594394e-05
3105,1745743636.2909431,2.9126016670488752e-05
3106,1745743666.1835861,2.912466152338311e-05
3107,1745743686.367675,2.912330637627747e-05
3108,1745743704.8470106,2.9121951229171827e-05
3109,1745743724.5553112,2.9120596082066186e-05
3110,1745743744.2131848,2.9119240934960544e-05
3111,1745743763.647516,2.9117885787854902e-05
3112,1745743788.085282,2.911653064074926e-05
3113,1745743819.23119,2.911517549364362e-05
3114,1745743840.104682,2.9113820346537977e-05
3115,1745743864.903772,2.911246701842174e-05
3116,1745743870.489939,2.9111111871316098e-05
3117,1745744045.1977513,2.9109756724210456e-05
3118,1745744070.0028954,2.9108401577104814e-05
3119,1745744087.3159463,2.9107046429999173e-05
3120,1745744106.4706361,2.910569128289353e-05
3121,1745744127.4065828,2.910433613578789e-05
3122,1745744150.7665658,2.9102980988682248e-05
3123,1745744171.7379322,2.9101625841576606e-05
3124,1745744198.8936274,2.9100270694470964e-05
3125,1745744219.447947,2.9098915547365323e-05
3126,1745744241.36205,2.909756040025968e-05
3127,1745744261.590807,2.909620525315404e-05
3128,1745744282.8674707,2.9094850106048398e-05
3129,1745744306.2393544,2.909349677793216e-05
3130,1745744327.2491782,2.9092141630826518e-05
3131,1745744348.523445,2.9090786483720876e-05
3132,1745744361.581133,2.9089431336615235e-05
3133,1745744391.883047,2.9088076189509593e-05
3134,1745744418.7862566,2.908672104240395e-05
3135,1745744426.2229464,2.908536589529831e-05
3136,1745744451.7232893,2.9084010748192668e-05
3137,1745744474.1808932,2.9082655601087026e-05
3138,1745744495.8583047,2.9081300453981385e-05
3139,1745744512.9481032,2.9079945306875743e-05
3140,1745744533.5729558,2.90785901597701e-05
3141,1745744556.9635465,2.907723501266446e-05
3142,1745744578.4699166,2.9075879865558818e-05
3143,1745744605.4098527,2.907452653744258e-05
3144,1745744625.6821132,2.9073171390336938e-05
3145,1745744644.481575,2.9071816243231297e-05
3146,1745744666.769587,2.9070461096125655e-05
3147,1745744683.7032788,2.9069105949020013e-05
3148,1745744702.7187707,2.906775080191437e-05
3149,1745744720.574144,2.906639565480873e-05
3150,1745744743.0023806,2.9065040507703088e-05
3151,1745744760.0420382,2.9063685360597447e-05
3152,1745744780.6994274,2.9062330213491805e-05
3153,1745744789.6576061,2.9060975066386163e-05
3154,1745744818.9397948,2.905961991928052e-05
3155,1745744839.4651601,2.905826477217488e-05
3156,1745744866.9350107,2.9056911444058642e-05
3157,1745744887.3103657,2.9055556296953e-05
3158,1745744902.4769413,2.905420114984736e-05
3159,1745744928.8295383,2.9052846002741717e-05
3160,1745744944.9445822,2.9051490855636075e-05
3161,1745744971.4333062,2.9050135708530433e-05
3162,1745745002.4751196,2.9048780561424792e-05
3163,1745745023.8809037,2.904742541431915e-05
3164,1745745032.5300417,2.904607026721351e-05
3165,1745745055.6686609,2.9044715120107867e-05
3166,1745745074.716394,2.9043359973002225e-05
3167,1745745087.775013,2.9042004825896583e-05
3168,1745745111.0543346,2.9040649678790942e-05
3169,1745745133.0488324,2.90392945316853e-05
3170,1745745160.2020614,2.9037941203569062e-05
3171,1745745185.6428041,2.903658605646342e-05
3172,1745745215.1972337,2.903523090935778e-05
3173,1745745226.8708215,2.9033875762252137e-05
3174,1745745250.4848847,2.9032520615146495e-05
3175,1745745271.4648101,2.9031165468040854e-05
3176,1745745288.6793451,2.9029810320935212e-05
3177,1745745310.9090335,2.902845517382957e-05
3178,1745745328.5366955,2.902710002672393e-05
3179,1745745343.6418796,2.9025744879618287e-05
3180,1745745365.9249375,2.9024389732512645e-05
3181,1745745385.81523,2.9023034585407004e-05
3182,1745745404.2897973,2.9021679438301362e-05
3183,1745745431.1349056,2.9020326110185124e-05
3184,1745745439.2551632,2.9018970963079482e-05
3185,1745745463.2487319,2.901761581597384e-05
3186,1745745491.3360946,2.90162606688682e-05
3187,1745745513.3245845,2.9014905521762557e-05
3188,1745745538.809985,2.9013550374656916e-05
3189,1745745556.4250848,2.9012195227551274e-05
3190,1745745573.7117515,2.9010840080445632e-05
3191,1745745594.5189645,2.900948493333999e-05
3192,1745745615.7843008,2.900812978623435e-05
3193,1745745639.3606803,2.9006774639128707e-05
3194,1745745664.674624,2.9005419492023066e-05
3195,1745745683.2233932,2.9004064344917424e-05
3196,1745745703.6643076,2.9002709197811782e-05
3197,1745745721.3989737,2.9001355869695544e-05
3198,1745745728.9628358,2.9000000722589903e-05
3199,1745745900.6182768,2.899864557548426e-05
3200,1745745925.352125,2.899729042837862e-05
3201,1745745942.752436,2.8995935281272978e-05
3202,1745745959.9292972,2.8994580134167336e-05
3203,1745745981.6243255,2.8993224987061694e-05
3204,1745746002.266461,2.8991869839956053e-05
3205,1745746023.6912682,2.899051469285041e-05
3206,1745746046.6174986,2.898915954574477e-05
3207,1745746064.2525876,2.8987804398639128e-05
3208,1745746086.0014136,2.8986449251533486e-05
3209,1745746105.3860846,2.8985094104427844e-05
3210,1745746126.3853397,2.8983738957322203e-05
3211,1745746149.9229867,2.8982385629205965e-05
3212,1745746165.8791406,2.8981030482100323e-05
3213,1745746190.34352,2.897967533499468e-05
3214,1745746213.8349252,2.897832018788904e-05
3215,1745746233.2895653,2.8976965040783398e-05
3216,1745746254.1302366,2.8975609893677756e-05
3217,1745746288.5531611,2.8974254746572115e-05
3218,1745746301.2608442,2.8972899599466473e-05
3219,1745746321.9143395,2.897154445236083e-05
3220,1745746342.2285416,2.897018930525519e-05
3221,1745746364.2094195,2.8968834158149548e-05
3222,1745746381.2917469,2.8967479011043906e-05
3223,1745746400.9811735,2.8966123863938265e-05
3224,1745746421.5987074,2.8964770535822026e-05
3225,1745746439.3752718,2.8963415388716385e-05
3226,1745746462.2983375,2.8962060241610743e-05
3227,1745746485.7134902,2.89607050945051e-05
3228,1745746495.4194152,2.895934994739946e-05
3229,1745746509.3209846,2.8957994800293818e-05
3230,1745746527.6385446,2.8956639653188176e-05
3231,1745746549.0273628,2.8955284506082535e-05
3232,1745746572.2496502,2.8953929358976893e-05
3233,1745746594.3802817,2.895257421187125e-05
3234,1745746608.6421025,2.895121906476561e-05
3235,1745746636.782692,2.8949863917659968e-05
3236,1745746645.2882023,2.8948508770554326e-05
3237,1745746664.489597,2.8947153623448685e-05
3238,1745746687.407471,2.8945800295332447e-05
3239,1745746707.0125186,2.8944445148226805e-05
3240,1745746742.782695,2.8943090001121163e-05
3241,1745746762.4809651,2.8941734854015522e-05
3242,1745746785.706778,2.894037970690988e-05
3243,1745746809.2822063,2.893902455980424e-05
3244,1745746822.1860108,2.8937669412698597e-05
3245,1745746843.1560812,2.8936314265592955e-05
3246,1745746866.9505486,2.8934959118487313e-05
3247,1745746893.1266553,2.8933603971381672e-05
3248,1745746900.921169,2.893224882427603e-05
3249,1745746926.943463,2.893089367717039e-05
3250,1745746948.0485837,2.8929538530064747e-05
3251,1745746969.4317508,2.8928183382959105e-05
3252,1745746987.3379912,2.8926830054842867e-05
3253,1745747006.5106957,2.8925474907737225e-05
3254,1745747026.1881397,2.8924119760631584e-05
3255,1745747048.3494704,2.8922764613525942e-05
3256,1745747070.573335,2.89214094664203e-05
3257,1745747087.8441076,2.892005431931466e-05
3258,1745747108.634666,2.8918699172209017e-05
3259,1745747137.3691492,2.8917344025103375e-05
3260,1745747157.061045,2.8915988877997734e-05
3261,1745747171.4585357,2.8914633730892092e-05
3262,1745747193.6275897,2.891327858378645e-05
3263,1745747214.8424206,2.891192343668081e-05
3264,1745747237.4424858,2.8910568289575167e-05
3265,1745747252.433953,2.890921496145893e-05
3266,1745747278.717139,2.8907859814353287e-05
3267,1745747289.968141,2.8906504667247646e-05
3268,1745747311.0480745,2.8905149520142004e-05
3269,1745747344.6137452,2.8903794373036362e-05
3270,1745747371.8692274,2.890243922593072e-05
3271,1745747395.9847772,2.890108407882508e-05
3272,1745747423.134426,2.8899728931719437e-05
3273,1745747450.9968588,2.8898373784613796e-05
3274,1745747472.4383202,2.8897018637508154e-05
3275,1745747498.7661967,2.8895663490402512e-05
3276,1745747519.0586233,2.889430834329687e-05
3277,1745747542.6025643,2.889295319619123e-05
3278,1745747561.1356542,2.8891598049085587e-05
3279,1745747581.9744897,2.889024472096935e-05
3280,1745747592.2107775,2.8888889573863707e-05
3281,1745747769.5298517,2.8887534426758066e-05
3282,1745747795.3740823,2.8886179279652424e-05
3283,1745747824.5809462,2.8884824132546782e-05
3284,1745747853.536737,2.888346898544114e-05
3285,1745747874.110296,2.88821138383355e-05
3286,1745747885.5102715,2.8880758691229858e-05
3287,1745747909.0621035,2.8879403544124216e-05
3288,1745747931.831742,2.8878048397018574e-05
3289,1745747944.6153347,2.8876693249912933e-05
3290,1745747963.011866,2.887533810280729e-05
3291,1745747983.083398,2.887398295570165e-05
3292,1745748008.12079,2.887262962758541e-05
3293,1745748036.9698741,2.887127448047977e-05
3294,1745748051.1890087,2.8869919333374128e-05
3295,1745748068.9911103,2.8868564186268486e-05
3296,1745748089.298178,2.8867209039162844e-05
3297,1745748112.470763,2.8865853892057203e-05
3298,1745748143.2439878,2.886449874495156e-05
3299,1745748152.0775294,2.886314359784592e-05
3300,1745748173.5273113,2.8861788450740278e-05
3301,1745748195.2839534,2.8860433303634636e-05
3302,1745748215.6034355,2.8859078156528994e-05
3303,1745748235.9514506,2.8857723009423353e-05
3304,1745748255.64638,2.885636786231771e-05
3305,1745748285.9898276,2.885501271521207e-05
3306,1745748294.382313,2.885365938709583e-05
3307,1745748328.2709632,2.885230423999019e-05
3308,1745748349.0387628,2.8850949092884548e-05
3309,1745748371.8539183,2.8849593945778906e-05
3310,1745748391.1547904,2.8848238798673265e-05
3311,1745748411.1982238,2.8846883651567623e-05
3312,1745748423.5909564,2.884552850446198e-05
3313,1745748449.3354757,2.884417335735634e-05
3314,1745748462.3745854,2.8842818210250698e-05
3315,1745748482.480605,2.8841463063145056e-05
3316,1745748503.5195227,2.8840107916039415e-05
3317,1745748524.4627016,2.8838752768933773e-05
3318,1745748548.858946,2.883739762182813e-05
3319,1745748571.458477,2.883604247472249e-05
3320,1745748598.6460702,2.883468914660625e-05
3321,1745748627.1179526,2.883333399950061e-05
3322,1745748649.6505299,2.8831978852394968e-05
3323,1745748679.495869,2.8830623705289327e-05
3324,1745748704.669625,2.8829268558183685e-05
3325,1745748724.2029097,2.8827913411078043e-05
3326,1745748746.6415966,2.88265582639724e-05
3327,1745748763.8014545,2.882520311686676e-05
3328,1745748781.6999834,2.8823847969761118e-05
3329,1745748800.4371572,2.8822492822655477e-05
3330,1745748822.2522786,2.8821137675549835e-05
3331,1745748851.0681076,2.8819782528444193e-05
3332,1745748872.4106848,2.881842738133855e-05
3333,1745748894.2141564,2.8817074053222314e-05
3334,1745748909.331882,2.8815718906116672e-05
3335,1745748926.650102,2.881436375901103e-05
3336,1745748953.563072,2.881300861190539e-05
3337,1745748961.104473,2.8811653464799747e-05
3338,1745748981.8320282,2.8810298317694105e-05
3339,1745749009.2878003,2.8808943170588464e-05
3340,1745749019.980052,2.8807588023482822e-05
3341,1745749039.7770557,2.880623287637718e-05
3342,1745749066.4912848,2.880487772927154e-05
3343,1745749091.4401124,2.8803522582165897e-05
3344,1745749122.3191512,2.8802167435060255e-05
3345,1745749142.4560106,2.8800812287954614e-05
3346,1745749164.356345,2.8799457140848972e-05
3347,1745749183.7024462,2.8798103812732734e-05
3348,1745749203.097932,2.8796748665627092e-05
3349,1745749222.8541446,2.879539351852145e-05
3350,1745749244.8126338,2.879403837141581e-05
3351,1745749268.9701762,2.8792683224310167e-05
3352,1745749293.0996897,2.8791328077204525e-05
3353,1745749324.633503,2.8789972930098884e-05
3354,1745749351.9234176,2.8788617782993242e-05
3355,1745749373.28832,2.87872626358876e-05
3356,1745749397.8774853,2.878590748878196e-05
3357,1745749412.2497234,2.8784552341676317e-05
3358,1745749432.2905416,2.8783197194570675e-05
3359,1745749444.6359463,2.8781842047465034e-05
3360,1745749465.6759238,2.8780486900359392e-05
3361,1745749484.6124492,2.8779133572243154e-05
3362,1745749498.5914712,2.8777778425137512e-05
3363,1745749674.9326704,2.877642327803187e-05
3364,1745749700.5753248,2.877506813092623e-05
3365,1745749722.9370646,2.8773712983820587e-05
3366,1745749742.0756843,2.8772357836714946e-05
3367,1745749762.7562892,2.8771002689609304e-05
3368,1745749788.088116,2.8769647542503662e-05
3369,1745749808.1111012,2.876829239539802e-05
3370,1745749827.4525168,2.876693724829238e-05
3371,1745749847.05548,2.8765582101186737e-05
3372,1745749870.143352,2.8764226954081096e-05
3373,1745749890.1906176,2.8762871806975454e-05
3374,1745749910.6890864,2.8761518478859216e-05
3375,1745749930.0315585,2.8760163331753574e-05
3376,1745749952.3218055,2.8758808184647933e-05
3377,1745749973.6438932,2.875745303754229e-05
3378,1745749997.5330644,2.875609789043665e-05
3379,1745750018.0690668,2.8754742743331008e-05
3380,1745750037.7765086,2.8753387596225366e-05
3381,1745750057.8994298,2.8752032449119724e-05
3382,1745750080.5025702,2.8750677302014083e-05
3383,1745750096.0761337,2.874932215490844e-05
3384,1745750120.4079366,2.87479670078028e-05
3385,1745750133.6515143,2.8746611860697158e-05
3386,1745750160.9680545,2.8745256713591516e-05
3387,1745750168.6895592,2.8743901566485874e-05
3388,1745750200.9933496,2.8742548238369636e-05
3389,1745750222.82968,2.8741193091263995e-05
3390,1745750241.0773664,2.8739837944158353e-05
3391,1745750261.1187246,2.873848279705271e-05
3392,1745750288.3009253,2.873712764994707e-05
3393,1745750295.4900038,2.8735772502841428e-05
3394,1745750323.2149694,2.8734417355735786e-05
3395,1745750329.5320458,2.8733062208630145e-05
3396,1745750351.0792274,2.8731707061524503e-05
3397,1745750362.8897326,2.873035191441886e-05
3398,1745750383.046574,2.872899676731322e-05
3399,1745750405.0041306,2.8727641620207578e-05
3400,1745750422.6086817,2.8726286473101936e-05
3401,1745750444.0935209,2.8724933144985698e-05
3402,1745750463.7108762,2.8723577997880057e-05
3403,1745750485.5693862,2.8722222850774415e-05
3404,1745750505.257797,2.8720867703668773e-05
3405,1745750524.9029315,2.871951255656313e-05
3406,1745750544.8521576,2.871815740945749e-05
3407,1745750563.953294,2.8716802262351848e-05
3408,1745750584.297069,2.8715447115246207e-05
3409,1745750603.7709668,2.8714091968140565e-05
3410,1745750627.3838818,2.8712736821034923e-05
3411,1745750647.5507758,2.871138167392928e-05
3412,1745750668.260146,2.871002652682364e-05
3413,1745750689.5071285,2.8708671379717998e-05
3414,1745750700.7239187,2.8707316232612357e-05
3415,1745750722.0685933,2.870596290449612e-05
3416,1745750746.627742,2.8704607757390477e-05
3417,1745750758.1210613,2.8703252610284835e-05
3418,1745750779.3096378,2.8701897463179193e-05
3419,1745750807.8246446,2.8700542316073552e-05
3420,1745750825.4235344,2.869918716896791e-05
3421,1745750846.1653,2.869783202186227e-05
3422,1745750868.6704373,2.8696476874756627e-05
3423,1745750889.3432016,2.8695121727650985e-05
3424,1745750910.6693258,2.8693766580545343e-05
3425,1745750931.591376,2.8692411433439702e-05
3426,1745750953.9350286,2.869105628633406e-05
3427,1745750977.1005187,2.868970113922842e-05
3428,1745751004.7416837,2.8688345992122777e-05
3429,1745751013.0496852,2.868699266400654e-05
3430,1745751037.4354677,2.8685637516900897e-05
3431,1745751064.0999148,2.8684282369795255e-05
3432,1745751085.7582211,2.8682927222689614e-05
3433,1745751095.3239002,2.8681572075583972e-05
3434,1745751119.0219223,2.868021692847833e-05
3435,1745751147.2576013,2.867886178137269e-05
3436,1745751175.223964,2.8677506634267047e-05
3437,1745751202.799406,2.8676151487161405e-05
3438,1745751231.015132,2.8674796340055764e-05
3439,1745751244.0691342,2.8673441192950122e-05
3440,1745751268.2604065,2.867208604584448e-05
3441,1745751296.2210293,2.867073089873884e-05
3442,1745751317.5363193,2.86693775706226e-05
3443,1745751336.9220982,2.866802242351696e-05
3444,1745751348.6115599,2.8666667276411317e-05
3445,1745751537.8314867,2.8665312129305676e-05
3446,1745751561.0170498,2.8663956982200034e-05
3447,1745751582.812264,2.8662601835094392e-05
3448,1745751604.5372536,2.866124668798875e-05
3449,1745751629.0135596,2.865989154088311e-05
3450,1745751655.6831746,2.8658536393777467e-05
3451,1745751679.9669423,2.8657181246671826e-05
3452,1745751709.169653,2.8655826099566184e-05
3453,1745751729.4265058,2.8654470952460542e-05
3454,1745751752.4417157,2.86531158053549e-05
3455,1745751771.9836347,2.865176065824926e-05
3456,1745751795.4932501,2.865040733013302e-05
3457,1745751817.319463,2.864905218302738e-05
3458,1745751845.4963648,2.8647697035921738e-05
3459,1745751858.3611743,2.8646341888816096e-05
3460,1745751883.957171,2.8644986741710454e-05
3461,1745751900.7261446,2.8643631594604813e-05
3462,1745751920.2165906,2.864227644749917e-05
3463,1745751944.0434575,2.864092130039353e-05
3464,1745751967.2775598,2.8639566153287888e-05
3465,1745751977.9013615,2.8638211006182246e-05
3466,1745751999.0449734,2.8636855859076604e-05
3467,1745752032.111213,2.8635500711970963e-05
3468,1745752046.4510152,2.863414556486532e-05
3469,1745752066.2750573,2.8632792236749083e-05
3470,1745752084.7692413,2.863143708964344e-05
3471,1745752102.034603,2.86300819425378e-05
3472,1745752126.5683146,2.8628726795432158e-05
3473,1745752149.4901247,2.8627371648326516e-05
3474,1745752168.8593779,2.8626016501220874e-05
3475,1745752187.5657496,2.8624661354115233e-05
3476,1745752206.1248686,2.862330620700959e-05
3477,1745752223.5967696,2.862195105990395e-05
3478,1745752244.7376502,2.8620595912798308e-05
3479,1745752265.1823614,2.8619240765692666e-05
3480,1745752281.7806444,2.8617885618587025e-05
3481,1745752304.4485605,2.8616530471481383e-05
3482,1745752322.4317346,2.861517532437574e-05
3483,1745752341.285616,2.8613821996259503e-05
3484,1745752359.6545105,2.861246684915386e-05
3485,1745752382.9471555,2.861111170204822e-05
3486,1745752405.479743,2.8609756554942578e-05
3487,1745752430.6965115,2.8608401407836936e-05
3488,1745752453.2256494,2.8607046260731295e-05
3489,1745752480.1352065,2.8605691113625653e-05
3490,1745752504.2383127,2.860433596652001e-05
3491,1745752530.3714983,2.860298081941437e-05
3492,1745752549.6048334,2.8601625672308728e-05
3493,1745752577.4995675,2.8600270525203086e-05
3494,1745752588.300964,2.8598915378097445e-05
3495,1745752608.7745576,2.8597560230991803e-05
3496,1745752639.3751369,2.859620508388616e-05
3497,1745752655.5446846,2.8594851755769923e-05
3498,1745752673.3644602,2.859349660866428e-05
3499,1745752695.8592489,2.859214146155864e-05
3500,1745752715.3706596,2.8590786314453e-05
3501,1745752735.3054252,2.8589431167347357e-05
3502,1745752755.3180563,2.8588076020241715e-05
3503,1745752774.2676077,2.8586720873136073e-05
3504,1745752792.886498,2.858536572603043e-05
3505,1745752821.254061,2.858401057892479e-05
3506,1745752838.7223082,2.858265543181915e-05
3507,1745752864.2680688,2.8581300284713507e-05
3508,1745752876.590427,2.8579945137607865e-05
3509,1745752898.9988112,2.8578589990502223e-05
3510,1745752909.6325283,2.8577236662385985e-05
3511,1745752930.278427,2.8575881515280344e-05
3512,1745752948.2460797,2.8574526368174702e-05
3513,1745752968.2167294,2.857317122106906e-05
3514,1745752993.3099518,2.857181607396342e-05
3515,1745753022.6967688,2.8570460926857777e-05
3516,1745753045.5224292,2.8569105779752135e-05
3517,1745753065.03727,2.8567750632646494e-05
3518,1745753086.2917159,2.8566395485540852e-05
3519,1745753107.0760186,2.856504033843521e-05
3520,1745753128.4305344,2.856368519132957e-05
3521,1745753150.042881,2.8562330044223927e-05
3522,1745753172.696332,2.8560974897118285e-05
3523,1745753195.0051472,2.8559619750012644e-05
3524,1745753210.385567,2.8558266421896406e-05
3525,1745753234.6498504,2.8556911274790764e-05
3526,1745753244.187479,2.8555556127685122e-05
3527,1745753430.7047317,2.855420098057948e-05
3528,1745753450.9460158,2.855284583347384e-05
3529,1745753473.7155676,2.8551490686368197e-05
3530,1745753498.4800532,2.8550135539262556e-05
3531,1745753518.7229824,2.8548780392156914e-05
3532,1745753542.0787027,2.8547425245051272e-05
3533,1745753561.258159,2.854607009794563e-05
3534,1745753583.580528,2.854471495083999e-05
3535,1745753604.1542048,2.8543359803734347e-05
3536,1745753620.1261954,2.8542004656628706e-05
3537,1745753642.038782,2.8540649509523064e-05
3538,1745753660.9106374,2.8539296181406826e-05
3539,1745753684.7540545,2.8537941034301184e-05
3540,1745753707.299153,2.8536585887195542e-05
3541,1745753724.2221396,2.85352307400899e-05
3542,1745753744.1919155,2.853387559298426e-05
3543,1745753771.950051,2.8532520445878617e-05
3544,1745753786.2799535,2.8531165298772976e-05
3545,1745753804.1223588,2.8529810151667334e-05
3546,1745753827.7856467,2.8528455004561692e-05
3547,1745753844.3940213,2.852709985745605e-05
3548,1745753865.9570048,2.852574471035041e-05
3549,1745753892.9763613,2.8524389563244767e-05
3550,1745753910.8185513,2.8523034416139126e-05
3551,1745753929.7950258,2.8521681088022888e-05
3552,1745753947.6268535,2.8520325940917246e-05
3553,1745753978.155578,2.8518970793811604e-05
3554,1745753998.0200076,2.8517615646705963e-05
3555,1745754021.1880507,2.851626049960032e-05
3556,1745754039.8091688,2.851490535249468e-05
3557,1745754061.1058319,2.8513550205389038e-05
3558,1745754077.8313184,2.8512195058283396e-05
3559,1745754100.221587,2.8510839911177754e-05
3560,1745754129.0712543,2.8509484764072113e-05
3561,1745754154.2752054,2.850812961696647e-05
3562,1745754168.611536,2.850677446986083e-05
3563,1745754189.0694153,2.8505419322755188e-05
3564,1745754206.6987257,2.8504064175649546e-05
3565,1745754234.3203344,2.8502710847533308e-05
3566,1745754257.8848073,2.8501355700427666e-05
3567,1745754279.962181,2.8500000553322025e-05
3568,1745754299.215995,2.8498645406216383e-05
3569,1745754319.392123,2.849729025911074e-05
3570,1745754340.7192843,2.84959351120051e-05
3571,1745754361.7528236,2.8494579964899458e-05
3572,1745754385.153131,2.8493224817793816e-05
3573,1745754411.261586,2.8491869670688175e-05
3574,1745754420.5723233,2.8490514523582533e-05
3575,1745754441.0916584,2.848915937647689e-05
3576,1745754464.7232459,2.848780422937125e-05
3577,1745754486.3287573,2.8486449082265608e-05
3578,1745754507.3787835,2.848509575414937e-05
3579,1745754529.926743,2.8483740607043728e-05
3580,1745754554.8388784,2.8482385459938087e-05
3581,1745754568.9774907,2.8481030312832445e-05
3582,1745754588.9633262,2.8479675165726803e-05
3583,1745754609.4362793,2.847832001862116e-05
3584,1745754631.4863508,2.847696487151552e-05
3585,1745754655.0028849,2.8475609724409878e-05
3586,1745754676.0430627,2.8474254577304237e-05
3587,1745754692.6300025,2.8472899430198595e-05
3588,1745754716.6288233,2.8471544283092953e-05
3589,1745754732.8720584,2.847018913598731e-05
3590,1745754750.7536166,2.846883398888167e-05
3591,1745754774.4670856,2.8467478841776028e-05
3592,1745754795.9591997,2.846612551365979e-05
3593,1745754820.918584,2.846477036655415e-05
3594,1745754845.15953,2.8463415219448507e-05
3595,1745754854.2350423,2.8462060072342865e-05
3596,1745754875.4195683,2.8460704925237224e-05
3597,1745754891.8409119,2.8459349778131582e-05
3598,1745754913.8279157,2.845799463102594e-05
3599,1745754937.0303044,2.84566394839203e-05
3600,1745754948.5132947,2.8455284336814657e-05
3601,1745754973.1025035,2.8453929189709015e-05
3602,1745754997.2871742,2.8452574042603374e-05
3603,1745755022.0550508,2.8451218895497732e-05
3604,1745755046.7708178,2.844986374839209e-05
3605,1745755067.022785,2.844850860128645e-05
3606,1745755083.9811275,2.844715527317021e-05
3607,1745755105.4529383,2.844580012606457e-05
3608,1745755126.2736561,2.8444444978958927e-05
3609,1745755315.7161465,2.8443089831853285e-05
3610,1745755338.7411416,2.8441734684747644e-05
3611,1745755356.3859184,2.8440379537642002e-05
3612,1745755376.7307673,2.843902439053636e-05
3613,1745755397.0903556,2.843766924343072e-05
3614,1745755416.8846774,2.8436314096325077e-05
3615,1745755438.6153927,2.8434958949219435e-05
3616,1745755463.2804263,2.8433603802113794e-05
3617,1745755484.5343025,2.8432248655008152e-05
3618,1745755501.7469575,2.843089350790251e-05
3619,1745755522.880356,2.8429540179786272e-05
3620,1745755547.367681,2.842818503268063e-05
3621,1745755573.6391966,2.842682988557499e-05
3622,1745755591.9932692,2.8425474738469347e-05
3623,1745755610.5201912,2.8424119591363706e-05
3624,1745755631.7039995,2.8422764444258064e-05
3625,1745755649.7077098,2.8421409297152422e-05
3626,1745755670.9338386,2.842005415004678e-05
3627,1745755691.3597763,2.841869900294114e-05
3628,1745755715.0003045,2.8417343855835497e-05
3629,1745755730.3193555,2.8415988708729856e-05
3630,1745755762.9532182,2.8414633561624214e-05
3631,1745755788.9137318,2.8413278414518572e-05
3632,1745755805.2425818,2.841192326741293e-05
3633,1745755820.5913165,2.8410569939296693e-05
3634,1745755841.5792253,2.840921479219105e-05
3635,1745755865.4147966,2.840785964508541e-05
3636,1745755888.3257332,2.8406504497979768e-05
3637,1745755913.7934153,2.8405149350874126e-05
3638,1745755927.088505,2.8403794203768484e-05
3639,1745755946.1412594,2.8402439056662843e-05
3640,1745755974.7717454,2.84010839095572e-05
3641,1745755996.427164,2.839972876245156e-05
3642,1745756009.6405945,2.8398373615345918e-05
3643,1745756038.2631555,2.8397018468240276e-05
3644,1745756046.1874712,2.8395663321134634e-05
3645,1745756069.9973779,2.8394308174028993e-05
3646,1745756091.956723,2.839295302692335e-05
3647,1745756111.5237885,2.8391599698807113e-05
3648,1745756134.0143144,2.839024455170147e-05
3649,1745756152.1465323,2.838888940459583e-05
3650,1745756172.0542595,2.8387534257490188e-05
3651,1745756190.6175036,2.8386179110384546e-05
3652,1745756210.7634013,2.8384823963278905e-05
3653,1745756230.9367883,2.8383468816173263e-05
3654,1745756254.673794,2.838211366906762e-05
3655,1745756273.3424587,2.838075852196198e-05
3656,1745756292.0769918,2.8379403374856338e-05
3657,1745756315.6774518,2.8378048227750696e-05
3658,1745756339.1455185,2.8376693080645055e-05
3659,1745756349.477184,2.8375337933539413e-05
3660,1745756374.2709723,2.8373984605423175e-05
3661,1745756391.9631286,2.8372629458317533e-05
3662,1745756406.1613767,2.837127431121189e-05
3663,1745756429.0895991,2.836991916410625e-05
3664,1745756445.9050012,2.8368564017000608e-05
3665,1745756469.8814874,2.8367208869894966e-05
3666,1745756499.6501856,2.8365853722789325e-05
3667,1745756507.4080493,2.8364498575683683e-05
3668,1745756534.830598,2.836314342857804e-05
3669,1745756558.153345,2.83617882814724e-05
3670,1745756575.6759727,2.8360433134366758e-05
3671,1745756595.601142,2.8359077987261117e-05
3672,1745756620.3031366,2.8357722840155475e-05
3673,1745756643.0327451,2.8356367693049833e-05
3674,1745756656.6121802,2.8355014364933595e-05
3675,1745756681.377983,2.8353659217827953e-05
3676,1745756708.0414734,2.8352304070722312e-05
3677,1745756728.621506,2.835094892361667e-05
3678,1745756744.5144343,2.834959377651103e-05
3679,1745756767.1264591,2.8348238629405387e-05
3680,1745756789.733235,2.8346883482299745e-05
3681,1745756807.7693954,2.8345528335194103e-05
3682,1745756827.8058012,2.8344173188088462e-05
3683,1745756850.5601387,2.834281804098282e-05
3684,1745756877.4579785,2.834146289387718e-05
3685,1745756899.4110107,2.8340107746771537e-05
3686,1745756924.6261475,2.8338752599665895e-05
3687,1745756948.9874175,2.8337399271549657e-05
3688,1745756963.9992034,2.8336044124444015e-05
3689,1745756994.4487827,2.8334688977338374e-05
3690,1745757005.2813742,2.8333333830232732e-05
3691,1745757196.7529743,2.833197868312709e-05
3692,1745757215.0563998,2.833062353602145e-05
3693,1745757240.0717018,2.8329268388915807e-05
3694,1745757259.1467113,2.8327913241810165e-05
3695,1745757282.3305402,2.8326558094704524e-05
3696,1745757304.0947263,2.8325202947598882e-05
3697,1745757319.0816817,2.832384780049324e-05
3698,1745757341.8861978,2.83224926533876e-05
3699,1745757362.3680868,2.8321137506281957e-05
3700,1745757386.2161129,2.8319782359176315e-05
3701,1745757408.8149812,2.8318429031060077e-05
3702,1745757427.081135,2.8317073883954436e-05
3703,1745757439.8394692,2.8315718736848794e-05
3704,1745757457.0044978,2.8314363589743152e-05
3705,1745757473.6363811,2.831300844263751e-05
3706,1745757491.1075084,2.831165329553187e-05
3707,1745757514.8533652,2.8310298148426227e-05
3708,1745757541.3538263,2.8308943001320586e-05
3709,1745757559.332054,2.8307587854214944e-05
3710,1745757579.9107916,2.8306232707109302e-05
3711,1745757598.902971,2.830487756000366e-05
3712,1745757615.8905132,2.830352241289802e-05
3713,1745757640.916325,2.8302167265792377e-05
3714,1745757651.6899567,2.8300812118686736e-05
3715,1745757672.9020503,2.8299458790570498e-05
3716,1745757702.8161025,2.8298103643464856e-05
3717,1745757717.7598674,2.8296748496359214e-05
3718,1745757738.298314,2.8295393349253573e-05
3719,1745757756.192293,2.829403820214793e-05
3720,1745757779.0801017,2.829268305504229e-05
3721,1745757798.4374986,2.8291327907936648e-05
3722,1745757817.3967724,2.8289972760831006e-05
3723,1745757844.0262554,2.8288617613725364e-05
3724,1745757874.5065625,2.8287262466619723e-05
3725,1745757891.9065259,2.828590731951408e-05
3726,1745757915.9888017,2.828455217240844e-05
3727,1745757940.4801319,2.8283197025302798e-05
3728,1745757950.1217086,2.828184369718656e-05
3729,1745757965.3711457,2.8280488550080918e-05
3730,1745757984.5851672,2.8279133402975276e-05
3731,1745758006.9245303,2.8277778255869634e-05
3732,1745758029.5421107,2.8276423108763993e-05
3733,1745758051.282162,2.827506796165835e-05
3734,1745758075.1120975,2.827371281455271e-05
3735,1745758098.3374712,2.8272357667447068e-05
3736,1745758118.2754912,2.8271002520341426e-05
3737,1745758139.9687142,2.8269647373235784e-05
3738,1745758160.5538125,2.8268292226130143e-05
3739,1745758185.0399644,2.82669370790245e-05
3740,1745758208.4112082,2.826558193191886e-05
3741,1745758222.949478,2.8264226784813218e-05
3742,1745758246.2682436,2.826287345669698e-05
3743,1745758269.299089,2.8261518309591338e-05
3744,1745758294.7374003,2.8260163162485696e-05
3745,1745758319.3823767,2.8258808015380055e-05
3746,1745758327.1100614,2.8257452868274413e-05
3747,1745758354.1972625,2.825609772116877e-05
3748,1745758376.6595843,2.825474257406313e-05
3749,1745758396.6576273,2.8253387426957488e-05
3750,1745758417.8277955,2.8252032279851846e-05
3751,1745758446.0924048,2.8250677132746205e-05
3752,1745758464.6820278,2.8249321985640563e-05
3753,1745758486.5997028,2.824796683853492e-05
3754,1745758514.99446,2.824661169142928e-05
3755,1745758530.6771119,2.8245256544323638e-05
3756,1745758552.6366565,2.82439032162074e-05
3757,1745758577.1368637,2.8242548069101758e-05
3758,1745758598.198231,2.8241192921996117e-05
3759,1745758611.9987352,2.8239837774890475e-05
3760,1745758636.7943852,2.8238482627784833e-05
3761,1745758662.1049788,2.823712748067919e-05
3762,1745758686.4178176,2.823577233357355e-05
3763,1745758703.2467155,2.823441718646791e-05
3764,1745758724.4609876,2.8233062039362267e-05
3765,1745758745.9460948,2.8231706892256625e-05
3766,1745758762.6192722,2.8230351745150983e-05
3767,1745758787.6625807,2.822899659804534e-05
3768,1745758806.2183685,2.82276414509397e-05
3769,1745758827.3314524,2.8226288122823462e-05
3770,1745758852.7677693,2.822493297571782e-05
3771,1745758870.469221,2.822357782861218e-05
3772,1745758880.6780384,2.8222222681506537e-05
3773,1745759051.9678228,2.8220867534400895e-05
3774,1745759072.5810447,2.8219512387295254e-05
3775,1745759093.875064,2.8218157240189612e-05
3776,1745759113.444937,2.821680209308397e-05
3777,1745759130.8260777,2.821544694597833e-05
3778,1745759154.6728466,2.8214091798872687e-05
3779,1745759175.6370277,2.8212736651767045e-05
3780,1745759196.7531629,2.8211381504661404e-05
3781,1745759213.1663437,2.8210026357555762e-05
3782,1745759233.2451992,2.820867121045012e-05
3783,1745759253.1379697,2.8207317882333882e-05
3784,1745759278.931035,2.820596273522824e-05
3785,1745759311.2262733,2.82046075881226e-05
3786,1745759332.2321358,2.8203252441016957e-05
3787,1745759361.0437405,2.8201897293911316e-05
3788,1745759381.8722649,2.8200542146805674e-05
3789,1745759402.7624743,2.8199186999700032e-05
3790,1745759416.0780294,2.819783185259439e-05
3791,1745759438.1938128,2.819647670548875e-05
3792,1745759459.1120298,2.8195121558383107e-05
3793,1745759491.9519904,2.8193766411277466e-05
3794,1745759517.8232896,2.8192411264171824e-05
3795,1745759546.6973453,2.8191056117066182e-05
3796,1745759564.4768827,2.8189702788949944e-05
3797,1745759587.495566,2.8188347641844302e-05
3798,1745759606.386473,2.818699249473866e-05
3799,1745759624.869886,2.818563734763302e-05
3800,1745759643.7578251,2.8184282200527377e-05
3801,1745759667.9276676,2.8182927053421736e-05
3802,1745759689.0865242,2.8181571906316094e-05
3803,1745759708.6663268,2.8180216759210452e-05
3804,1745759733.995554,2.817886161210481e-05
3805,1745759754.410387,2.817750646499917e-05
3806,1745759773.8507266,2.8176151317893527e-05
3807,1745759794.475672,2.8174796170787886e-05
3808,1745759816.470166,2.8173441023682244e-05
3809,1745759834.3948853,2.8172085876576602e-05
3810,1745759849.2226393,2.8170732548460364e-05
3811,1745759872.5871806,2.8169377401354723e-05
3812,1745759903.9293058,2.816802225424908e-05
3813,1745759925.898001,2.816666710714344e-05
3814,1745759942.854294,2.8165311960037798e-05
3815,1745759965.194887,2.8163956812932156e-05
3816,1745759988.2845047,2.8162601665826514e-05
3817,1745760009.5514812,2.8161246518720873e-05
3818,1745760025.823472,2.815989137161523e-05
3819,1745760047.6190283,2.815853622450959e-05
3820,1745760075.2276227,2.8157181077403948e-05
3821,1745760091.1171138,2.8155825930298306e-05
3822,1745760116.9377518,2.8154470783192664e-05
3823,1745760138.376547,2.8153115636087023e-05
3824,1745760155.705664,2.8151762307970785e-05
3825,1745760177.7959945,2.8150407160865143e-05
3826,1745760195.7530892,2.81490520137595e-05
3827,1745760224.3554354,2.814769686665386e-05
3828,1745760242.9703228,2.8146341719548218e-05
3829,1745760258.9709597,2.8144986572442576e-05
3830,1745760277.9402506,2.8143631425336935e-05
3831,1745760297.340038,2.8142276278231293e-05
3832,1745760322.5136976,2.814092113112565e-05
3833,1745760332.9883087,2.813956598402001e-05
3834,1745760360.8360062,2.8138210836914368e-05
3835,1745760383.479289,2.8136855689808726e-05
3836,1745760405.3015816,2.8135500542703085e-05
3837,1745760430.1589932,2.8134147214586847e-05
3838,1745760453.3356698,2.8132792067481205e-05
3839,1745760476.197723,2.8131436920375563e-05
3840,1745760488.8471146,2.813008177326992e-05
3841,1745760506.9600897,2.812872662616428e-05
3842,1745760533.18317,2.8127371479058638e-05
3843,1745760552.707085,2.8126016331952997e-05
3844,1745760569.1001198,2.8124661184847355e-05
3845,1745760590.6105711,2.8123306037741713e-05
3846,1745760619.968162,2.812195089063607e-05
3847,1745760634.8607159,2.812059574353043e-05
3848,1745760657.086196,2.8119240596424788e-05
3849,1745760670.258503,2.8117885449319147e-05
3850,1745760694.1443875,2.8116530302213505e-05
3851,1745760714.8143868,2.8115176974097267e-05
3852,1745760732.5073364,2.8113821826991625e-05
3853,1745760756.8435292,2.8112466679885983e-05
3854,1745760766.4207633,2.8111111532780342e-05
3855,1745760965.3046606,2.81097563856747e-05
3856,1745760987.0161695,2.810840123856906e-05
3857,1745761009.8500586,2.8107046091463417e-05
3858,1745761031.6390233,2.8105690944357775e-05
3859,1745761053.1521962,2.8104335797252133e-05
3860,1745761073.1704245,2.8102980650146492e-05
3861,1745761097.5257173,2.810162550304085e-05
3862,1745761121.6252468,2.810027035593521e-05
3863,1745761138.7940753,2.8098915208829567e-05
3864,1745761162.2860363,2.809756188071333e-05
3865,1745761179.6026454,2.8096206733607687e-05
3866,1745761202.904712,2.8094851586502045e-05
3867,1745761223.5763938,2.8093496439396404e-05
3868,1745761247.156866,2.8092141292290762e-05
3869,1745761268.7999313,2.809078614518512e-05
3870,1745761287.2505949,2.808943099807948e-05
3871,1745761309.7900074,2.8088075850973837e-05
3872,1745761332.4281404,2.8086720703868195e-05
3873,1745761368.764836,2.8085365556762554e-05
3874,1745761379.418709,2.8084010409656912e-05
3875,1745761402.8071897,2.808265526255127e-05
3876,1745761420.7679949,2.808130011544563e-05
3877,1745761439.1627927,2.8079944968339987e-05
3878,1745761458.1582422,2.807859164022375e-05
3879,1745761484.6482503,2.8077236493118107e-05
3880,1745761499.7473586,2.8075881346012466e-05
3881,1745761518.9497318,2.8074526198906824e-05
3882,1745761540.5460935,2.8073171051801182e-05
3883,1745761564.1051092,2.807181590469554e-05
3884,1745761584.026551,2.80704607575899e-05
3885,1745761602.735455,2.8069105610484257e-05
3886,1745761625.7609677,2.8067750463378616e-05
3887,1745761642.6788497,2.8066395316272974e-05
3888,1745761667.6502848,2.8065040169167332e-05
3889,1745761687.04301,2.806368502206169e-05
3890,1745761704.6703594,2.806232987495605e-05
3891,1745761733.515011,2.8060974727850407e-05
3892,1745761748.6438093,2.805962139973417e-05
3893,1745761768.9955182,2.8058266252628528e-05
3894,1745761798.6870737,2.8056911105522886e-05
3895,1745761817.084137,2.8055555958417244e-05
3896,1745761850.848059,2.8054200811311603e-05
3897,1745761878.1623573,2.805284566420596e-05
3898,1745761885.872083,2.805149051710032e-05
3899,1745761907.7336996,2.8050135369994678e-05
3900,1745761926.3791156,2.8048780222889036e-05
3901,1745761955.7589521,2.8047425075783394e-05
3902,1745761981.5646756,2.8046069928677753e-05
3903,1745761992.2069278,2.804471478157211e-05
3904,1745762012.0069923,2.804335963446647e-05
3905,1745762032.2599006,2.804200630635023e-05
3906,1745762052.3225698,2.804065115924459e-05
3907,1745762073.0751812,2.8039296012138948e-05
3908,1745762091.296085,2.8037940865033306e-05
3909,1745762112.3454044,2.8036585717927665e-05
3910,1745762132.4185681,2.8035230570822023e-05
3911,1745762153.5086164,2.803387542371638e-05
3912,1745762172.1440778,2.803252027661074e-05
3913,1745762193.2654154,2.8031165129505098e-05
3914,1745762211.4575663,2.8029809982399456e-05
3915,1745762238.4184358,2.8028454835293815e-05
3916,1745762263.0513422,2.8027099688188173e-05
3917,1745762282.5825863,2.802574454108253e-05
3918,1745762302.1330752,2.802438939397689e-05
3919,1745762323.3335319,2.802303606586065e-05
3920,1745762342.6136482,2.802168091875501e-05
3921,1745762365.1487353,2.8020325771649368e-05
3922,1745762386.974211,2.8018970624543726e-05
3923,1745762412.4668407,2.8017615477438085e-05
3924,1745762439.556097,2.8016260330332443e-05
3925,1745762463.15671,2.80149051832268e-05
3926,1745762485.4836557,2.801355003612116e-05
3927,1745762501.1611407,2.8012194889015518e-05
3928,1745762528.2351866,2.8010839741909876e-05
3929,1745762541.4283676,2.8009484594804235e-05
3930,1745762561.1295907,2.8008129447698593e-05
3931,1745762580.1940758,2.800677430059295e-05
3932,1745762601.3308177,2.800541915348731e-05
3933,1745762622.4405432,2.8004065825371072e-05
3934,1745762639.6751785,2.800271067826543e-05
3935,1745762666.4470112,2.800135553115979e-05
3936,1745762676.1633627,2.8000000384054147e-05
3937,1745762875.2797394,2.7998645236948505e-05
3938,1745762898.5475008,2.7997290089842863e-05
3939,1745762919.3006043,2.7995934942737222e-05
3940,1745762938.7632244,2.799457979563158e-05
3941,1745762956.9919329,2.799322464852594e-05
3942,1745762983.0180619,2.7991869501420297e-05
3943,1745763016.7127895,2.7990514354314655e-05
3944,1745763036.0101316,2.7989159207209013e-05
3945,1745763057.2435656,2.7987804060103372e-05
3946,1745763076.7055035,2.7986450731987134e-05
3947,1745763099.6491306,2.7985095584881492e-05
3948,1745763121.0324,2.798374043777585e-05
3949,1745763142.071163,2.798238529067021e-05
3950,1745763168.8364773,2.7981030143564567e-05
3951,1745763192.1701944,2.7979674996458925e-05
3952,1745763202.8953457,2.7978319849353284e-05
3953,1745763225.9535406,2.7976964702247642e-05
3954,1745763255.9100916,2.7975609555142e-05
3955,1745763264.655429,2.797425440803636e-05
3956,1745763290.5493727,2.7972899260930717e-05
3957,1745763314.0518823,2.7971544113825075e-05
3958,1745763340.3620133,2.7970188966719434e-05
3959,1745763348.7103522,2.7968833819613792e-05
3960,1745763371.460946,2.7967480491497554e-05
3961,1745763393.4023893,2.7966125344391912e-05
3962,1745763419.442958,2.796477019728627e-05
3963,1745763443.4313986,2.796341505018063e-05
3964,1745763472.1234927,2.7962059903074987e-05
3965,1745763480.8961432,2.7960704755969346e-05
3966,1745763505.3083827,2.7959349608863704e-05
3967,1745763524.3847127,2.7957994461758062e-05
3968,1745763547.8455749,2.795663931465242e-05
3969,1745763565.1354818,2.795528416754678e-05
3970,1745763594.132617,2.7953929020441137e-05
3971,1745763616.331721,2.7952573873335496e-05
3972,1745763640.2747447,2.7951218726229854e-05
3973,1745763664.206823,2.7949865398113616e-05
3974,1745763684.004767,2.7948510251007974e-05
3975,1745763703.3159103,2.7947155103902332e-05
3976,1745763724.5812824,2.794579995679669e-05
3977,1745763747.1206658,2.794444480969105e-05
3978,1745763765.3594067,2.7943089662585407e-05
3979,1745763785.3717945,2.7941734515479766e-05
3980,1745763808.2520754,2.7940379368374124e-05
3981,1745763832.2873192,2.7939024221268483e-05
3982,1745763851.372544,2.793766907416284e-05
3983,1745763867.0898187,2.79363139270572e-05
3984,1745763891.3327174,2.7934958779951558e-05
3985,1745763903.0673125,2.7933603632845916e-05
3986,1745763923.3843668,2.7932248485740274e-05
3987,1745763944.9963202,2.7930895157624036e-05
3988,1745763957.6344562,2.7929540010518394e-05
3989,1745763977.575092,2.7928184863412753e-05
3990,1745763997.0425498,2.792682971630711e-05
3991,1745764016.1718552,2.792547456920147e-05
3992,1745764036.270506,2.7924119422095828e-05
3993,1745764057.0228686,2.7922764274990186e-05
3994,1745764086.4794714,2.7921409127884544e-05
3995,1745764103.4930878,2.7920053980778903e-05
3996,1745764124.8466742,2.791869883367326e-05
3997,1745764145.6041887,2.791734368656762e-05
3998,1745764164.5574708,2.7915988539461978e-05
3999,1745764188.1152518,2.7914633392356336e-05
4000,1745764208.567499,2.7913278245250694e-05
4001,1745764225.3488264,2.7911924917134456e-05
4002,1745764248.7568166,2.7910569770028815e-05
4003,1745764271.0717473,2.7909214622923173e-05
4004,1745764295.7315056,2.790785947581753e-05
4005,1745764309.5966637,2.790650432871189e-05
4006,1745764324.1770694,2.7905149181606248e-05
4007,1745764346.8436146,2.7903794034500606e-05
4008,1745764365.299914,2.7902438887394965e-05
4009,1745764377.819945,2.7901083740289323e-05
4010,1745764399.3907342,2.789972859318368e-05
4011,1745764419.6216416,2.789837344607804e-05
4012,1745764441.4935606,2.7897018298972398e-05
4013,1745764462.0943384,2.7895663151866756e-05
4014,1745764486.6395204,2.7894309823750518e-05
4015,1745764505.981258,2.7892954676644877e-05
4016,1745764524.966866,2.7891599529539235e-05
4017,1745764540.6015391,2.7890244382433593e-05
4018,1745764549.9145913,2.788888923532795e-05
4019,1745764745.4548414,2.788753408822231e-05
4020,1745764768.560394,2.7886178941116668e-05
4021,1745764789.9822814,2.7884823794011027e-05
4022,1745764810.3598425,2.7883468646905385e-05
4023,1745764825.404491,2.7882113499799743e-05
4024,1745764844.5793347,2.78807583526941e-05
4025,1745764865.6855242,2.787940320558846e-05
4026,1745764889.1351383,2.7878048058482818e-05
4027,1745764911.9140546,2.7876692911377177e-05
4028,1745764930.6659384,2.787533958326094e-05
4029,1745764950.7304106,2.7873984436155297e-05
4030,1745764974.1733365,2.7872629289049655e-05
4031,1745764995.6015608,2.7871274141944014e-05
4032,1745765009.504529,2.7869918994838372e-05
4033,1745765028.5326698,2.786856384773273e-05
4034,1745765053.080425,2.786720870062709e-05
4035,1745765078.9607837,2.7865853553521447e-05
4036,1745765107.9876041,2.7864498406415805e-05
4037,1745765120.344874,2.7863143259310164e-05
4038,1745765140.8631625,2.7861788112204522e-05
4039,1745765160.6254787,2.786043296509888e-05
4040,1745765181.4798408,2.785907781799324e-05
4041,1745765204.730935,2.7857722670887597e-05
4042,1745765235.8849084,2.785636934277136e-05
4043,1745765257.675294,2.7855014195665717e-05
4044,1745765275.7666924,2.7853659048560075e-05
4045,1745765294.4815247,2.7852303901454434e-05
4046,1745765317.3903317,2.7850948754348792e-05
4047,1745765338.998244,2.784959360724315e-05
4048,1745765361.3059068,2.784823846013751e-05
4049,1745765387.4488173,2.7846883313031867e-05
4050,1745765404.184848,2.7845528165926225e-05
4051,1745765432.9187608,2.7844173018820584e-05
4052,1745765448.2823927,2.7842817871714942e-05
4053,1745765465.7713892,2.78414627246093e-05
4054,1745765484.5956113,2.784010757750366e-05
4055,1745765505.0616636,2.783875424938742e-05
4056,1745765526.1536908,2.783739910228178e-05
4057,1745765547.2017841,2.7836043955176137e-05
4058,1745765567.9820046,2.7834688808070496e-05
4059,1745765583.9142337,2.7833333660964854e-05
4060,1745765610.307235,2.7831978513859212e-05
4061,1745765622.4753428,2.783062336675357e-05
4062,1745765637.1612988,2.782926821964793e-05
4063,1745765654.1510336,2.7827913072542287e-05
4064,1745765674.784492,2.7826557925436646e-05
4065,1745765693.1887498,2.7825202778331004e-05
4066,1745765705.547846,2.7823847631225362e-05
4067,1745765718.972877,2.782249248411972e-05
4068,1745765739.2434692,2.782113733701408e-05
4069,1745765754.133793,2.781978400889784e-05
4070,1745765773.0069983,2.78184288617922e-05
4071,1745765798.4792705,2.7817073714686558e-05
4072,1745765816.5478015,2.7815718567580916e-05
4073,1745765828.2646763,2.7814363420475274e-05
4074,1745765840.551941,2.7813008273369633e-05
4075,1745765857.2411609,2.781165312626399e-05
4076,1745765875.1169488,2.781029797915835e-05
4077,1745765891.1653361,2.7808942832052708e-05
4078,1745765904.5442991,2.7807587684947066e-05
4079,1745765922.836114,2.7806232537841424e-05
4080,1745765938.911482,2.7804877390735783e-05
4081,1745765955.3364928,2.780352224363014e-05
4082,1745765972.593502,2.7802168915513903e-05
4083,1745765989.8578105,2.780081376840826e-05
4084,1745766007.2098162,2.779945862130262e-05
4085,1745766021.2557683,2.7798103474196978e-05
4086,1745766037.870808,2.7796748327091336e-05
4087,1745766054.5220816,2.7795393179985695e-05
4088,1745766069.2874045,2.7794038032880053e-05
4089,1745766082.819807,2.779268288577441e-05
4090,1745766102.9502883,2.779132773866877e-05
4091,1745766119.3372877,2.7789972591563128e-05
4092,1745766134.4102921,2.7788617444457486e-05
4093,1745766140.5889997,2.7787262297351845e-05
4094,1745766155.5400667,2.7785907150246203e-05
4095,1745766167.015131,2.778455200314056e-05
4096,1745766181.1843832,2.7783198675024323e-05
4097,1745766190.1898994,2.778184352791868e-05
4098,1745766206.6677012,2.778048838081304e-05
4099,1745766215.9727607,2.7779133233707398e-05
4100,1745766221.5669074,2.7777778086601757e-05
