step,wall_time,value
1,1745683747.414717,1.76566481590271
2,1745683763.3595276,1.8687273263931274
3,1745683777.9901276,1.7408603429794312
4,1745683793.0833173,1.6715532541275024
5,1745683803.4824235,1.8853340148925781
6,1745683812.272915,1.865647554397583
7,1745683825.044702,1.791119933128357
8,1745683836.3867505,1.6387603282928467
9,1745683848.0512748,1.85319983959198
10,1745683861.0924644,1.493858814239502
11,1745683872.733494,1.597409963607788
12,1745683885.2860298,1.594440221786499
13,1745683897.5595474,1.4545763731002808
14,1745683909.306968,1.2217636108398438
15,1745683922.2637043,1.310859203338623
16,1745683933.8316393,1.512181043624878
17,1745683946.3917768,1.3253825902938843
18,1745683957.5079324,1.0705448389053345
19,1745683967.2069001,1.1714767217636108
20,1745683972.7091498,1.0163507461547852
21,1745683981.613675,1.118850588798523
22,1745683991.3983977,0.9468116164207458
23,1745684005.513506,0.9223101735115051
24,1745684021.9170604,0.8339697122573853
25,1745684034.1826851,0.8605904579162598
26,1745684042.339936,0.7834180593490601
27,1745684057.8658056,0.6789417266845703
28,1745684067.7356496,0.6456204056739807
29,1745684078.8197465,0.5697978138923645
30,1745684085.663332,0.5471187233924866
31,1745684103.742476,0.4161421060562134
32,1745684114.6435688,0.41193529963493347
33,1745684125.1128702,0.4301298260688782
34,1745684134.5188284,0.39216920733451843
35,1745684144.2373466,0.301813006401062
36,1745684153.2391953,0.31325140595436096
37,1745684162.202684,0.2805701494216919
38,1745684170.9541004,0.22851578891277313
39,1745684184.2366424,0.21839232742786407
40,1745684196.4845698,0.1961381435394287
41,1745684206.5118186,0.19724340736865997
42,1745684217.778535,0.18666967749595642
43,1745684233.2627084,0.1332595944404602
44,1745684243.1516511,0.19096142053604126
45,1745684251.5635467,0.13541853427886963
46,1745684262.2734823,0.16887977719306946
47,1745684277.7613916,0.12214694172143936
48,1745684295.7028055,0.12003771960735321
49,1745684308.8191087,0.15823477506637573
50,1745684315.6719158,0.14314083755016327
51,1745684324.37033,0.20526987314224243
52,1745684334.6827357,0.13378672301769257
53,1745684347.6937559,0.11052723228931427
54,1745684358.0532534,0.15150007605552673
55,1745684372.4365516,0.13122199475765228
56,1745684382.504792,0.2322837859392166
57,1745684395.860983,0.1393350064754486
58,1745684410.5219545,0.10438494384288788
59,1745684422.5735252,0.10594965517520905
60,1745684432.9675014,0.14219290018081665
61,1745684440.777191,0.16530810296535492
62,1745684452.8775225,0.12475196272134781
63,1745684463.696585,0.11646668612957001
64,1745684477.495801,0.13537776470184326
65,1745684489.4421072,0.17701491713523865
66,1745684499.3614974,0.12202379107475281
67,1745684508.3062086,0.157831609249115
68,1745684521.096481,0.14517952501773834
69,1745684531.925539,0.11208415776491165
70,1745684542.365416,0.11883965879678726
71,1745684554.177494,0.20006507635116577
72,1745684566.5206616,0.1133565604686737
73,1745684575.6055055,0.10509750247001648
74,1745684584.106488,0.12112399190664291
75,1745684597.0823853,0.1145411804318428
76,1745684609.8705516,0.10575192421674728
77,1745684624.0703032,0.1542716920375824
78,1745684635.6755462,0.13863976299762726
79,1745684646.7457366,0.11724063754081726
80,1745684658.486822,0.11761007457971573
81,1745684668.1864274,0.11168594658374786
82,1745684678.7089264,0.12775397300720215
83,1745684691.5366454,0.12148276716470718
84,1745684703.8670433,0.21004529297351837
85,1745684715.6384926,0.12121496349573135
86,1745684719.8931613,0.09444783627986908
87,1745684784.7340176,0.10610651224851608
88,1745684794.8048718,0.11664692312479019
89,1745684806.8715403,0.10594882816076279
90,1745684815.9899166,0.15381509065628052
91,1745684822.3515646,0.16792944073677063
92,1745684835.4098542,0.10409349948167801
93,1745684846.6107254,0.09895233809947968
94,1745684856.3091042,0.10779006779193878
95,1745684866.1080487,0.11877709627151489
96,1745684880.787814,0.1473461389541626
97,1745684889.9950573,0.1259675920009613
98,1745684899.993518,0.15285347402095795
99,1745684910.921082,0.1300050914287567
100,1745684922.379369,0.2049826681613922
101,1745684934.0288515,0.10534926503896713
102,1745684943.5610826,0.15397585928440094
103,1745684954.4205832,0.1116718128323555
104,1745684967.1679728,0.10126584768295288
105,1745684976.9697719,0.10599861294031143
106,1745684988.6589472,0.14998704195022583
107,1745685001.193653,0.11467158049345016
108,1745685010.8797271,0.13659311830997467
109,1745685020.5732818,0.12978434562683105
110,1745685030.9633996,0.11858054995536804
111,1745685041.383299,0.1427677869796753
112,1745685051.741241,0.11244208365678787
113,1745685063.3489697,0.11037185788154602
114,1745685076.5319169,0.15857583284378052
115,1745685085.4960353,0.1359943300485611
116,1745685096.9327114,0.11437790095806122
117,1745685111.121487,0.09945815801620483
118,1745685123.6919088,0.08908005803823471
119,1745685133.128769,0.13154137134552002
120,1745685142.638248,0.10056140273809433
121,1745685159.616603,0.10156512260437012
122,1745685172.0851078,0.08665423095226288
123,1745685183.5000727,0.10131552815437317
124,1745685194.2733903,0.10639061033725739
125,1745685203.5275095,0.08875912427902222
126,1745685214.2584426,0.19319529831409454
127,1745685229.4019313,0.09803176671266556
128,1745685243.0911407,0.0864037349820137
129,1745685255.5736992,0.16450239717960358
130,1745685265.997327,0.15497927367687225
131,1745685275.6434689,0.11710353940725327
132,1745685286.1974895,0.1307484656572342
133,1745685294.799724,0.14420795440673828
134,1745685312.1519136,0.1158253625035286
135,1745685321.1469243,0.19413688778877258
136,1745685331.9922304,0.14955013990402222
137,1745685343.528133,0.1122644692659378
138,1745685353.875802,0.14098991453647614
139,1745685366.6870313,0.1406901627779007
140,1745685377.4498148,0.1516270786523819
141,1745685386.8295183,0.10024939477443695
142,1745685396.7495444,0.15741650760173798
143,1745685412.6671917,0.08589243143796921
144,1745685425.0792103,0.08451535552740097
145,1745685433.1997068,0.11910039186477661
146,1745685444.9705904,0.1609008014202118
147,1745685455.5055299,0.09995277971029282
148,1745685468.5489187,0.1200602650642395
149,1745685481.5748394,0.09229294210672379
150,1745685493.4295344,0.09224288165569305
151,1745685503.7189515,0.1863749772310257
152,1745685514.3385618,0.14196611940860748
153,1745685523.638378,0.1347772628068924
154,1745685537.1040993,0.08073008805513382
155,1745685548.0694532,0.10351068526506424
156,1745685554.5984387,0.12934866547584534
157,1745685570.7489786,0.07619576156139374
158,1745685581.6298568,0.10801337659358978
159,1745685593.5331273,0.08339528739452362
160,1745685604.762681,0.10869241505861282
161,1745685614.2359443,0.17116695642471313
162,1745685625.723661,0.11221553385257721
163,1745685638.8135145,0.09433150291442871
164,1745685652.6743705,0.14094245433807373
165,1745685664.011224,0.08333561569452286
166,1745685675.722897,0.12461318075656891
167,1745685683.2781413,0.11874336749315262
168,1745685697.5825393,0.09368304163217545
169,1745685713.7687764,0.13229544460773468
170,1745685725.2315862,0.12151980400085449
171,1745685737.4269404,0.10340730845928192
172,1745685739.5833113,0.0813688263297081
173,1745685805.8127635,0.11822144687175751
174,1745685816.160969,0.09453839808702469
175,1745685823.26001,0.13414962589740753
176,1745685830.15501,0.10559248924255371
177,1745685840.0175009,0.0805022194981575
178,1745685846.8563495,0.1315111219882965
179,1745685854.3923717,0.12875576317310333
180,1745685867.2635539,0.19340330362319946
181,1745685873.9403458,0.10055599361658096
182,1745685886.9464965,0.09727204591035843
183,1745685902.1707227,0.0895230621099472
184,1745685911.2694821,0.13899821043014526
185,1745685921.1671395,0.10137327015399933
186,1745685933.5951536,0.08693195134401321
187,1745685948.9274874,0.07990550994873047
188,1745685960.6161797,0.11778569966554642
189,1745685972.7912536,0.08900310099124908
190,1745685984.0045714,0.0904717817902565
191,1745685999.177092,0.09132508188486099
192,1745686011.497031,0.18933691084384918
193,1745686022.1652532,0.10191761702299118
194,1745686033.7804482,0.1189618781208992
195,1745686040.8001828,0.09062237292528152
196,1745686051.3698921,0.10683184862136841
197,1745686064.1898305,0.12190862745046616
198,1745686073.2215319,0.1364888697862625
199,1745686084.6745994,0.09431786090135574
200,1745686094.1517148,0.1283639520406723
201,1745686104.6206043,0.09669440984725952
202,1745686118.4982655,0.11648111790418625
203,1745686127.709265,0.08438193798065186
204,1745686136.5553508,0.09278558194637299
205,1745686149.586012,0.13030420243740082
206,1745686160.5975199,0.09667842090129852
207,1745686172.149941,0.08520480990409851
208,1745686180.6317112,0.14047037065029144
209,1745686195.1790159,0.08264003694057465
210,1745686206.666339,0.09176419675350189
211,1745686213.8802009,0.14564718306064606
212,1745686226.2680008,0.13985201716423035
213,1745686235.1179855,0.1450636088848114
214,1745686249.1915827,0.09651453047990799
215,1745686263.937519,0.07542569190263748
216,1745686277.6490319,0.10277849435806274
217,1745686289.4210324,0.0851806104183197
218,1745686299.6595206,0.1147250384092331
219,1745686310.3531814,0.0824938714504242
220,1745686324.1027427,0.07680881023406982
221,1745686332.6364303,0.09383516013622284
222,1745686349.2478747,0.11340674012899399
223,1745686358.6860764,0.09280357509851456
224,1745686368.0841522,0.08488773554563522
225,1745686381.0948403,0.1376524418592453
226,1745686391.420822,0.09666236490011215
227,1745686400.0151892,0.09505917876958847
228,1745686414.0469174,0.1742487996816635
229,1745686426.7452605,0.12162747979164124
230,1745686433.733513,0.10566838830709457
231,1745686443.8842564,0.10944382846355438
232,1745686454.9441383,0.09172948449850082
233,1745686463.689273,0.12534427642822266
234,1745686479.2731059,0.06737162172794342
235,1745686486.0014868,0.12762492895126343
236,1745686499.0123832,0.12822364270687103
237,1745686510.577917,0.0687820240855217
238,1745686520.9725733,0.08626551926136017
239,1745686529.4576273,0.10326776653528214
240,1745686540.5745406,0.08837522566318512
241,1745686554.2456477,0.10147780179977417
242,1745686564.6453269,0.15023349225521088
243,1745686575.488257,0.11060809344053268
244,1745686592.4015088,0.0741930603981018
245,1745686607.7929006,0.08789058029651642
246,1745686618.0174744,0.12083087861537933
247,1745686628.4298053,0.1078987866640091
248,1745686639.5696976,0.10288802534341812
249,1745686649.150615,0.06760767847299576
250,1745686658.497528,0.11582689732313156
251,1745686668.6414657,0.1855965107679367
252,1745686683.966837,0.10009296238422394
253,1745686698.875261,0.0895504429936409
254,1745686707.792074,0.12084853649139404
255,1745686720.462171,0.14777623116970062
256,1745686727.4625287,0.0710100382566452
257,1745686739.868192,0.07464929670095444
258,1745686744.0425901,0.05761166289448738
259,1745686800.112546,0.1274195909500122
260,1745686813.4260771,0.0812755823135376
261,1745686825.04266,0.15359045565128326
262,1745686830.545831,0.1336817443370819
263,1745686839.2431684,0.12560690939426422
264,1745686851.9341037,0.09095318615436554
265,1745686865.712802,0.07793403416872025
266,1745686878.5847936,0.09594430029392242
267,1745686884.7253084,0.07774904370307922
268,1745686892.9160705,0.07456576824188232
269,1745686897.7674599,0.07683345675468445
270,1745686906.3997264,0.10911347717046738
271,1745686916.6879578,0.08577319234609604
272,1745686927.4336436,0.1448954939842224
273,1745686936.5500004,0.0832182988524437
274,1745686946.7199593,0.067193403840065
275,1745686958.4745417,0.10372127592563629
276,1745686968.1370277,0.09735507518053055
277,1745686978.6087654,0.07064919173717499
278,1745686988.9773257,0.07168567180633545
279,1745686997.1599164,0.11075187474489212
280,1745687013.0456972,0.06366394460201263
281,1745687027.61511,0.06277859210968018
282,1745687040.4496207,0.06318970024585724
283,1745687051.0963244,0.11369606852531433
284,1745687063.2510989,0.07855421304702759
285,1745687074.3194149,0.0975729376077652
286,1745687084.999737,0.09184201806783676
287,1745687097.2669277,0.10716244578361511
288,1745687111.0464969,0.06900899857282639
289,1745687124.1586115,0.09197219461202621
290,1745687139.352876,0.1043560653924942
291,1745687150.8540354,0.07311275601387024
292,1745687161.6249306,0.085878387093544
293,1745687173.124236,0.17113564908504486
294,1745687182.656853,0.08735483139753342
295,1745687196.2134788,0.0798037126660347
296,1745687208.77429,0.10526511073112488
297,1745687220.0335286,0.133024662733078
298,1745687230.6857708,0.06546477973461151
299,1745687242.2769604,0.06334054470062256
300,1745687247.2654994,0.11257324367761612
301,1745687261.359984,0.1762821227312088
302,1745687277.4408,0.08171701431274414
303,1745687289.211952,0.0760401263833046
304,1745687298.073831,0.08367560058832169
305,1745687306.928552,0.0737101286649704
306,1745687322.8295262,0.06978535652160645
307,1745687338.1938732,0.09000178426504135
308,1745687348.9813502,0.07675158977508545
309,1745687356.514394,0.1385304480791092
310,1745687371.707631,0.06782357394695282
311,1745687381.5933425,0.11575204133987427
312,1745687392.6695783,0.08083803206682205
313,1745687402.7386186,0.06257185339927673
314,1745687413.6006718,0.07950577884912491
315,1745687423.4711928,0.09411995112895966
316,1745687430.4899182,0.08189623802900314
317,1745687441.2254283,0.14596547186374664
318,1745687453.4613593,0.10918678343296051
319,1745687468.0990953,0.06805483996868134
320,1745687480.746443,0.10754203796386719
321,1745687493.5381975,0.07888047397136688
322,1745687503.2319217,0.09534648805856705
323,1745687514.5228121,0.0846894234418869
324,1745687524.041916,0.07995712012052536
325,1745687537.0476587,0.0833115503191948
326,1745687549.6484182,0.07941464334726334
327,1745687559.7123938,0.06651075184345245
328,1745687565.8036644,0.0874369814991951
329,1745687576.6585855,0.07715778797864914
330,1745687590.1685417,0.09594708681106567
331,1745687603.6906464,0.10983870178461075
332,1745687615.106802,0.1094292625784874
333,1745687625.1745346,0.12099658697843552
334,1745687634.1062367,0.16849184036254883
335,1745687644.5715036,0.07914575189352036
336,1745687659.6094782,0.06263796240091324
337,1745687667.8558247,0.10183026641607285
338,1745687682.1086607,0.0789710283279419
339,1745687687.8602169,0.09415896236896515
340,1745687701.418732,0.09993383288383484
341,1745687714.1374831,0.12632666528224945
342,1745687726.0729885,0.09221190214157104
343,1745687736.3123643,0.12953153252601624
344,1745687740.181209,0.057746417820453644
345,1745687802.4825978,0.09379655867815018
346,1745687814.4103703,0.08983371406793594
347,1745687825.5047567,0.08581902086734772
348,1745687835.0267677,0.09907974302768707
349,1745687846.15582,0.08868616819381714
350,1745687855.8128366,0.0786248967051506
351,1745687868.5344255,0.1035648062825203
352,1745687887.456345,0.09501978754997253
353,1745687896.3979988,0.10972226411104202
354,1745687903.5437214,0.16009649634361267
355,1745687914.6547694,0.06698980927467346
356,1745687920.6174288,0.10964033007621765
357,1745687933.224505,0.08207213878631592
358,1745687947.232188,0.09222330898046494
359,1745687958.49421,0.05956942215561867
360,1745687966.7669916,0.11582847684621811
361,1745687979.3568692,0.08503321558237076
362,1745687990.4129593,0.08670112490653992
363,1745687997.9273572,0.07720772922039032
364,1745688010.088865,0.1919492781162262
365,1745688020.081245,0.05628620833158493
366,1745688031.717172,0.07406679540872574
367,1745688045.3624263,0.07639484852552414
368,1745688057.5266373,0.12062632292509079
369,1745688067.013509,0.09632612764835358
370,1745688078.718161,0.08110639452934265
371,1745688091.4654837,0.1396874040365219
372,1745688104.8981977,0.10982347279787064
373,1745688117.566166,0.11602003872394562
374,1745688122.7231185,0.08154068887233734
375,1745688137.4334762,0.07598862797021866
376,1745688151.237481,0.0715995654463768
377,1745688166.4275253,0.10460089892148972
378,1745688170.3690727,0.07976040989160538
379,1745688186.450934,0.0764564648270607
380,1745688201.6375132,0.09279408305883408
381,1745688214.857844,0.06765365600585938
382,1745688225.6498709,0.07796322554349899
383,1745688240.9765399,0.09243486076593399
384,1745688246.3968992,0.12227477878332138
385,1745688257.9980967,0.09912002831697464
386,1745688277.0538151,0.057539064437150955
387,1745688287.9074054,0.11841748654842377
388,1745688299.4658787,0.046429794281721115
389,1745688310.597022,0.0821937844157219
390,1745688320.3511918,0.06131276115775108
391,1745688332.1412222,0.06593057513237
392,1745688346.6259992,0.061148520559072495
393,1745688358.004558,0.10764282196760178
394,1745688370.9086053,0.12692244350910187
395,1745688381.629867,0.06698157638311386
396,1745688392.526283,0.09400273859500885
397,1745688403.735946,0.0846649557352066
398,1745688414.4647918,0.06495573371648788
399,1745688427.2833087,0.08416849374771118
400,1745688440.136462,0.08839781582355499
401,1745688452.9536238,0.09759129583835602
402,1745688466.7601767,0.07474463433027267
403,1745688481.4019902,0.05072790011763573
404,1745688494.143507,0.06340578943490982
405,1745688507.1961207,0.08031406253576279
406,1745688516.4234042,0.15316133201122284
407,1745688528.7411084,0.054489027708768845
408,1745688541.8995814,0.05775703489780426
409,1745688554.64003,0.06325213611125946
410,1745688559.1011832,0.07767803966999054
411,1745688572.7198927,0.058859679847955704
412,1745688585.0028133,0.0626194179058075
413,1745688592.5675166,0.08463345468044281
414,1745688607.1647499,0.09780042618513107
415,1745688617.3055863,0.06779717653989792
416,1745688629.1582696,0.07669129967689514
417,1745688637.3729222,0.0647742748260498
418,1745688649.3912365,0.05664769187569618
419,1745688660.1608264,0.12344983220100403
420,1745688668.7453616,0.06594904512166977
421,1745688683.3916833,0.059466902166604996
422,1745688695.201786,0.08446907252073288
423,1745688705.9407542,0.053469154983758926
424,1745688719.8428829,0.07952187955379486
425,1745688733.5806785,0.07224086672067642
426,1745688745.0470722,0.08957764506340027
427,1745688760.1962261,0.10365110635757446
428,1745688772.860356,0.07877892255783081
429,1745688782.943649,0.09593315422534943
430,1745688786.559087,0.04940292239189148
431,1745688846.7427382,0.06472013145685196
432,1745688855.9490395,0.11067723482847214
433,1745688869.0962694,0.05740215629339218
434,1745688876.9999468,0.09594857692718506
435,1745688887.9064715,0.0642768144607544
436,1745688899.1714685,0.07695890963077545
437,1745688912.3776157,0.06872949749231339
438,1745688925.8347323,0.07975161820650101
439,1745688930.5587237,0.06229831278324127
440,1745688945.1361625,0.057689450681209564
441,1745688950.6700702,0.07120344042778015
442,1745688962.553699,0.04996584355831146
443,1745688973.8894517,0.08030224591493607
444,1745688985.8052242,0.06373273581266403
445,1745688994.3750243,0.05597448721528053
446,1745689003.8266387,0.0840807631611824
447,1745689012.7056327,0.11523547023534775
448,1745689024.0718496,0.0663382038474083
449,1745689034.594432,0.06528319418430328
450,1745689044.1099555,0.07348670065402985
451,1745689055.4175043,0.049675751477479935
452,1745689066.5461555,0.13116174936294556
453,1745689078.2175572,0.06546137481927872
454,1745689087.8087783,0.06508383899927139
455,1745689097.9351835,0.09292615950107574
456,1745689110.256076,0.06846961379051208
457,1745689120.5246725,0.047717247158288956
458,1745689127.7983046,0.11146404594182968
459,1745689140.002711,0.07499896734952927
460,1745689150.8537068,0.08855930715799332
461,1745689160.9246993,0.07866988331079483
462,1745689171.6626043,0.07608518749475479
463,1745689180.6272826,0.09371490031480789
464,1745689192.8215082,0.06276664137840271
465,1745689210.3904889,0.07953215390443802
466,1745689222.768908,0.1060745045542717
467,1745689233.8889272,0.11432425677776337
468,1745689245.2888527,0.10631319135427475
469,1745689257.3457577,0.08452758938074112
470,1745689273.66514,0.05732039734721184
471,1745689287.5821693,0.10888905823230743
472,1745689299.9517958,0.10667397826910019
473,1745689312.8168983,0.13653331995010376
474,1745689318.803242,0.08771298080682755
475,1745689327.4215178,0.0621027946472168
476,1745689339.3526254,0.07775887101888657
477,1745689350.6055276,0.07642413675785065
478,1745689365.1087046,0.06119168922305107
479,1745689375.1145585,0.06612366437911987
480,1745689386.5953379,0.049299828708171844
481,1745689397.2142355,0.056872714310884476
482,1745689409.9214542,0.08417796343564987
483,1745689423.666859,0.06811333447694778
484,1745689429.2307057,0.05269661918282509
485,1745689441.2976062,0.06739530712366104
486,1745689450.1947682,0.11317809671163559
487,1745689463.0044887,0.053141482174396515
488,1745689477.3799145,0.08137442171573639
489,1745689484.4265103,0.04191099479794502
490,1745689492.786628,0.07094646990299225
491,1745689502.5239143,0.07798729836940765
492,1745689514.389832,0.04914918169379234
493,1745689526.204669,0.09444736689329147
494,1745689537.8666487,0.09384781867265701
495,1745689550.2876947,0.0666990652680397
496,1745689563.461511,0.12144578248262405
497,1745689574.3252795,0.06575095653533936
498,1745689587.7957244,0.1167730763554573
499,1745689600.538478,0.06885600090026855
500,1745689609.125366,0.058496054261922836
501,1745689617.1502905,0.08906489610671997
502,1745689630.6044014,0.08600805699825287
503,1745689642.4088144,0.11668513715267181
504,1745689651.3552954,0.08916743099689484
505,1745689666.125174,0.11844298988580704
506,1745689678.3742929,0.07430051267147064
507,1745689683.4630666,0.05742723494768143
508,1745689694.3195045,0.061112936586141586
509,1745689705.802653,0.07393649965524673
510,1745689714.5669115,0.0715339258313179
511,1745689723.38994,0.06673916429281235
512,1745689736.5648458,0.13668988645076752
513,1745689746.801048,0.09161297976970673
514,1745689761.441522,0.03461634740233421
515,1745689776.089613,0.08326876908540726
516,1745689779.66576,0.07643935829401016
517,1745689842.074039,0.07063938677310944
518,1745689855.13388,0.07920361310243607
519,1745689863.9931056,0.11169399321079254
520,1745689874.7554986,0.07678089290857315
521,1745689886.9539642,0.10138174891471863
522,1745689902.006786,0.06883035600185394
523,1745689910.6591198,0.04954109713435173
524,1745689919.7399218,0.10000326484441757
525,1745689931.844844,0.058970145881175995
526,1745689936.3468614,0.11416032165288925
527,1745689950.8403203,0.06789319217205048
528,1745689959.5033038,0.09618708491325378
529,1745689967.3222923,0.11784721910953522
530,1745689978.0082402,0.05820458382368088
531,1745689991.266546,0.06735261529684067
532,1745690003.1674106,0.04702678695321083
533,1745690018.4782114,0.12037675827741623
534,1745690030.811854,0.05638734623789787
535,1745690040.7894864,0.0742572546005249
536,1745690048.527415,0.06326691806316376
537,1745690057.8984056,0.0934113934636116
538,1745690066.3069775,0.06108364090323448
539,1745690077.5923965,0.05411577597260475
540,1745690088.3710203,0.144654780626297
541,1745690101.8592176,0.05580175295472145
542,1745690114.883294,0.05819397792220116
543,1745690125.8545222,0.04043501988053322
544,1745690136.2805936,0.06596969068050385
545,1745690146.4928744,0.07449996471405029
546,1745690161.023229,0.11327803134918213
547,1745690169.1580591,0.09633258730173111
548,1745690179.4925783,0.09316736459732056
549,1745690189.1852715,0.08776267617940903
550,1745690204.1839645,0.06245080754160881
551,1745690219.0342097,0.057889778167009354
552,1745690238.388358,0.06060025468468666
553,1745690246.2735245,0.06433311849832535
554,1745690260.4179037,0.08156768232584
555,1745690268.1005216,0.08166889101266861
556,1745690283.1135972,0.07581276446580887
557,1745690287.80919,0.08621301501989365
558,1745690302.6620853,0.04905638098716736
559,1745690314.1064322,0.061283838003873825
560,1745690326.747364,0.062411874532699585
561,1745690333.088538,0.051418278366327286
562,1745690345.9970145,0.09131498634815216
563,1745690360.1697602,0.062288228422403336
564,1745690372.7837846,0.04630488529801369
565,1745690387.5437763,0.054257579147815704
566,1745690398.8186636,0.0681334063410759
567,1745690410.5657723,0.06620398163795471
568,1745690420.1607277,0.06995544582605362
569,1745690429.5453417,0.10659583657979965
570,1745690437.9180543,0.03960684686899185
571,1745690450.6108823,0.14426681399345398
572,1745690461.740091,0.05256389454007149
573,1745690474.4341369,0.060609471052885056
574,1745690485.8698294,0.04731230065226555
575,1745690500.16318,0.06624065339565277
576,1745690511.3998413,0.06250040978193283
577,1745690526.154404,0.08512379974126816
578,1745690539.703616,0.06746675074100494
579,1745690549.9534461,0.08776964247226715
580,1745690560.6606286,0.09988659620285034
581,1745690570.1510944,0.043869927525520325
582,1745690583.4399335,0.06095564737915993
583,1745690596.6215374,0.07106088846921921
584,1745690611.5705473,0.08669119328260422
585,1745690628.5446641,0.07599445432424545
586,1745690636.7435791,0.05203479900956154
587,1745690647.3694808,0.0475066639482975
588,1745690658.874925,0.05542408302426338
589,1745690673.1643546,0.04601453244686127
590,1745690686.0209022,0.05173252150416374
591,1745690695.5436928,0.06778869032859802
592,1745690705.258291,0.059599801898002625
593,1745690719.3499227,0.06143394857645035
594,1745690734.2067614,0.07303544133901596
595,1745690740.9899955,0.08213970810174942
596,1745690753.0343046,0.13009712100028992
597,1745690765.8538983,0.03343496471643448
598,1745690775.9873064,0.06356040388345718
599,1745690787.5408556,0.06508944183588028
600,1745690803.1319017,0.08323939889669418
601,1745690814.2690747,0.05333063006401062
602,1745690816.72377,0.029391206800937653
603,1745690886.3356757,0.043294064700603485
604,1745690893.313052,0.04910187050700188
605,1745690906.9910371,0.051181860268116
606,1745690918.9503438,0.048951394855976105
607,1745690930.9924464,0.06392697989940643
608,1745690942.8016481,0.06129174306988716
609,1745690953.4050953,0.07084742188453674
610,1745690967.0843596,0.11435651034116745
611,1745690974.0869634,0.04882053658366203
612,1745690985.26782,0.08206245303153992
613,1745690999.606406,0.08006538450717926
614,1745691013.1284122,0.08672062307596207
615,1745691025.469496,0.0379633754491806
616,1745691031.2102897,0.09339671581983566
617,1745691042.039265,0.07642991095781326
618,1745691053.4468732,0.0902162566781044
619,1745691069.880005,0.05178801715373993
620,1745691078.045489,0.06168185919523239
621,1745691092.2936547,0.03804563730955124
622,1745691100.678229,0.09035694599151611
623,1745691115.1076543,0.08134567737579346
624,1745691126.3604858,0.0492343008518219
625,1745691136.88717,0.06855310499668121
626,1745691148.920575,0.08560186624526978
627,1745691164.3813062,0.1159898117184639
628,1745691177.9482837,0.07266253978013992
629,1745691192.6103597,0.04375958815217018
630,1745691204.9409704,0.05502357333898544
631,1745691215.5447853,0.06425222009420395
632,1745691229.1066742,0.12659718096256256
633,1745691242.7603185,0.07000759989023209
634,1745691254.2980964,0.08828185498714447
635,1745691265.994546,0.06780959665775299
636,1745691278.1286957,0.060981765389442444
637,1745691285.9640343,0.023704078048467636
638,1745691301.0949373,0.05050254613161087
639,1745691316.1676793,0.06077985465526581
640,1745691329.8975027,0.04324686527252197
641,1745691344.5397675,0.06711259484291077
642,1745691353.2813284,0.08574342727661133
643,1745691363.8060982,0.047151245176792145
644,1745691379.0079699,0.06604061275720596
645,1745691396.425854,0.07591266930103302
646,1745691407.4933546,0.08689779043197632
647,1745691421.864465,0.0876753032207489
648,1745691434.4236,0.0593816302716732
649,1745691446.3707278,0.060576289892196655
650,1745691458.6639404,0.08855142444372177
651,1745691470.0427008,0.0411810427904129
652,1745691479.3254724,0.09569168835878372
653,1745691496.4174643,0.05287393555045128
654,1745691510.9027555,0.03579716756939888
655,1745691519.903224,0.06202239543199539
656,1745691533.4552107,0.048070501536130905
657,1745691546.6060348,0.0590129978954792
658,1745691555.4732726,0.03979484736919403
659,1745691567.801483,0.03947647288441658
660,1745691578.5839064,0.07866611331701279
661,1745691588.5023391,0.06510806828737259
662,1745691597.5850837,0.16227716207504272
663,1745691608.4818192,0.11004935950040817
664,1745691620.110916,0.0696403756737709
665,1745691632.1975222,0.0917830616235733
666,1745691642.598349,0.06988145411014557
667,1745691654.4935486,0.06581849604845047
668,1745691663.3730927,0.06487906724214554
669,1745691671.2754498,0.04136005789041519
670,1745691682.919523,0.08130455017089844
671,1745691695.394288,0.03684041276574135
672,1745691707.1191046,0.06277921795845032
673,1745691715.7488766,0.03023233450949192
674,1745691727.3384445,0.04443492740392685
675,1745691738.788651,0.10233532637357712
676,1745691750.3682146,0.12093177437782288
677,1745691764.5135155,0.05373474955558777
678,1745691773.451417,0.0682036355137825
679,1745691783.970454,0.10736891627311707
680,1745691794.9973013,0.06030292436480522
681,1745691805.6641417,0.05886297672986984
682,1745691815.6011124,0.06935300678014755
683,1745691826.4214082,0.05020136386156082
684,1745691840.2504182,0.06142847239971161
685,1745691852.719997,0.07221049815416336
686,1745691865.234378,0.05479191243648529
687,1745691876.671226,0.046783819794654846
688,1745691879.5686383,0.06324612349271774
689,1745691942.647123,0.06343184411525726
690,1745691954.2574904,0.08572833240032196
691,1745691968.7805476,0.06198588386178017
692,1745691976.8110368,0.0916576012969017
693,1745691987.47674,0.06332764774560928
694,1745691998.210532,0.04359100013971329
695,1745692009.8327663,0.05836152285337448
696,1745692022.3006387,0.061541952192783356
697,1745692034.5005682,0.056603122502565384
698,1745692041.447107,0.04575576260685921
699,1745692052.561589,0.0976383239030838
700,1745692064.0987601,0.06585438549518585
701,1745692070.1710956,0.1117391511797905
702,1745692079.91253,0.04830452427268028
703,1745692091.8521378,0.0366649366915226
704,1745692096.144997,0.0718453899025917
705,1745692104.971731,0.055189348757267
706,1745692118.754624,0.08523586392402649
707,1745692128.0074906,0.0498676635324955
708,1745692139.839224,0.10927797108888626
709,1745692149.8524184,0.05914057418704033
710,1745692162.0217438,0.09334421902894974
711,1745692170.9047477,0.06831567734479904
712,1745692182.9748178,0.10513173788785934
713,1745692194.0324543,0.0644349604845047
714,1745692203.2851613,0.06978463381528854
715,1745692216.078448,0.04370857775211334
716,1745692224.8326156,0.05457436665892601
717,1745692235.483399,0.03886420279741287
718,1745692248.774438,0.04174512252211571
719,1745692257.0287852,0.055025920271873474
720,1745692268.3935177,0.057874880731105804
721,1745692278.089511,0.05664891377091408
722,1745692291.8712258,0.04578515142202377
723,1745692303.9345639,0.05382496491074562
724,1745692317.118105,0.051225367933511734
725,1745692324.5218647,0.042222313582897186
726,1745692342.6998148,0.06477860361337662
727,1745692353.6515813,0.10326030105352402
728,1745692363.885948,0.06528563797473907
729,1745692376.9563694,0.0758293867111206
730,1745692387.3373866,0.0761021226644516
731,1745692399.5197015,0.04437664523720741
732,1745692407.4898412,0.03291572257876396
733,1745692418.4752426,0.03737359493970871
734,1745692429.6399405,0.0756620541214943
735,1745692444.5102293,0.0731470063328743
736,1745692453.3024914,0.04911104962229729
737,1745692467.046988,0.04396292567253113
738,1745692478.2554398,0.05324317514896393
739,1745692488.272188,0.04118862748146057
740,1745692498.6160016,0.045149922370910645
741,1745692510.44,0.050889480859041214
742,1745692523.165402,0.04069716855883598
743,1745692533.8018706,0.03578830137848854
744,1745692546.6830673,0.07204638421535492
745,1745692558.247421,0.058321572840213776
746,1745692567.4195054,0.08418488502502441
747,1745692578.1084788,0.018865402787923813
748,1745692589.2505488,0.10135988146066666
749,1745692603.2949486,0.1198926791548729
750,1745692613.3373108,0.05639335513114929
751,1745692621.1716785,0.07925375550985336
752,1745692635.606494,0.05439627915620804
753,1745692649.817822,0.055747464299201965
754,1745692658.3087466,0.03432165086269379
755,1745692669.5929165,0.049404338002204895
756,1745692685.0931814,0.060802359133958817
757,1745692694.8656406,0.04900985583662987
758,1745692706.24164,0.045793794095516205
759,1745692720.1367419,0.034425798803567886
760,1745692731.761529,0.05328373610973358
761,1745692742.4156144,0.09639514982700348
762,1745692753.80971,0.04118618741631508
763,1745692761.612333,0.04998002201318741
764,1745692772.8267798,0.06273964047431946
765,1745692786.655565,0.058455366641283035
766,1745692796.4003458,0.05725879967212677
767,1745692807.9854655,0.03760267794132233
768,1745692818.5832894,0.04027564078569412
769,1745692829.6121054,0.04290371015667915
770,1745692841.4733722,0.03967559337615967
771,1745692852.3479478,0.04166669026017189
772,1745692863.9886572,0.07521499693393707
773,1745692875.0257256,0.055019885301589966
774,1745692878.549335,0.037319570779800415
775,1745692948.5657935,0.08374644815921783
776,1745692960.4772878,0.07151142507791519
777,1745692969.5268726,0.10575991123914719
778,1745692977.5745811,0.05416646599769592
779,1745692991.08546,0.062255509197711945
780,1745692999.7077322,0.07916587591171265
781,1745693011.4205022,0.04834761098027229
782,1745693024.3712287,0.07230038195848465
783,1745693035.9056056,0.07448869198560715
784,1745693046.2302322,0.046233415603637695
785,1745693060.217317,0.03327065333724022
786,1745693072.709005,0.051891081035137177
787,1745693085.1601112,0.06279564648866653
788,1745693094.7979696,0.08326328545808792
789,1745693101.351489,0.06896849721670151
790,1745693119.4402518,0.03697484731674194
791,1745693131.975345,0.0892149806022644
792,1745693137.4939902,0.06289005279541016
793,1745693149.6958215,0.05104396864771843
794,1745693156.4971719,0.03924025222659111
795,1745693165.101496,0.08630681037902832
796,1745693171.3691592,0.03464214876294136
797,1745693179.8455315,0.04426043480634689
798,1745693188.1931462,0.06136418133974075
799,1745693202.838309,0.039829932153224945
800,1745693217.0259848,0.04474321007728577
801,1745693232.2147171,0.03365932032465935
802,1745693243.8031075,0.07016636431217194
803,1745693254.6197731,0.0355173796415329
804,1745693268.0125358,0.052271950989961624
805,1745693274.068508,0.06819920241832733
806,1745693284.8172903,0.03250451758503914
807,1745693299.1797934,0.10081237554550171
808,1745693316.8629594,0.0663047507405281
809,1745693328.004457,0.058909978717565536
810,1745693339.9784653,0.04976840317249298
811,1745693351.387465,0.03302174061536789
812,1745693364.0910594,0.06231071799993515
813,1745693376.9778688,0.0731133371591568
814,1745693387.6460443,0.03315125033259392
815,1745693398.2691,0.04902443662285805
816,1745693408.3443506,0.07115135341882706
817,1745693422.1356335,0.04435299336910248
818,1745693434.3600562,0.04166493937373161
819,1745693439.999019,0.039518069475889206
820,1745693453.4498377,0.043724700808525085
821,1745693464.8172295,0.06280118972063065
822,1745693479.8067107,0.044965170323848724
823,1745693494.2705393,0.05615973100066185
824,1745693508.2119403,0.06284961104393005
825,1745693519.6788905,0.054539188742637634
826,1745693526.5643194,0.0818338468670845
827,1745693538.7969007,0.040734730660915375
828,1745693548.900975,0.06157975271344185
829,1745693558.1649988,0.07484311610460281
830,1745693567.1631827,0.08830978721380234
831,1745693579.7327712,0.023969469591975212
832,1745693590.0165777,0.04742085933685303
833,1745693605.1120012,0.05354979634284973
834,1745693617.554069,0.046964894980192184
835,1745693629.6992888,0.04057033360004425
836,1745693642.0387056,0.03134462237358093
837,1745693656.34219,0.02410942316055298
838,1745693666.9145548,0.03831565007567406
839,1745693676.9735098,0.056234441697597504
840,1745693687.946557,0.05540730059146881
841,1745693701.2691205,0.027211079373955727
842,1745693713.0473995,0.05747198313474655
843,1745693727.1707428,0.053215064108371735
844,1745693736.6403363,0.05362830311059952
845,1745693744.2173252,0.03399278223514557
846,1745693758.1025095,0.04775271192193031
847,1745693764.7767704,0.04963461309671402
848,1745693774.9044795,0.12027819454669952
849,1745693790.2328022,0.059080954641103745
850,1745693807.2451842,0.05873987451195717
851,1745693822.5806582,0.06518267095088959
852,1745693833.0726259,0.0744086503982544
853,1745693842.0631807,0.04216412454843521
854,1745693851.0670133,0.10209812223911285
855,1745693861.9329708,0.03728444129228592
856,1745693873.2369976,0.029715588316321373
857,1745693888.4419053,0.04892854392528534
858,1745693898.844056,0.05440390482544899
859,1745693909.1585388,0.044621676206588745
860,1745693911.0259297,0.05881662666797638
861,1745693973.7124274,0.06562549620866776
862,1745693985.4524403,0.029353611171245575
863,1745693995.4100482,0.09400638937950134
864,1745694008.8378332,0.022220643237233162
865,1745694023.1630855,0.04621914029121399
866,1745694032.754491,0.07106725126504898
867,1745694048.8871572,0.06007316708564758
868,1745694059.4776318,0.03130589425563812
869,1745694067.457387,0.026436710730195045
870,1745694076.0899148,0.020706426352262497
871,1745694087.2291727,0.09109986573457718
872,1745694097.0578563,0.04039379209280014
873,1745694103.6770003,0.038923848420381546
874,1745694115.5845869,0.04325239732861519
875,1745694126.8255088,0.04753226041793823
876,1745694135.7265623,0.047819823026657104
877,1745694149.0267644,0.039301797747612
878,1745694162.4320865,0.03305429220199585
879,1745694175.8864691,0.034385353326797485
880,1745694185.6022477,0.05801668390631676
881,1745694193.1338816,0.0332847498357296
882,1745694203.7633283,0.025334710255265236
883,1745694212.675266,0.045932378619909286
884,1745694219.9516175,0.031567659229040146
885,1745694229.0728407,0.03322448208928108
886,1745694242.780718,0.029652995988726616
887,1745694248.9069753,0.053720418363809586
888,1745694264.2485561,0.036257337778806686
889,1745694271.4732454,0.06136484444141388
890,1745694279.8129554,0.04594756290316582
891,1745694293.3211644,0.03331635147333145
892,1745694298.5953233,0.03889794275164604
893,1745694313.661198,0.03269817307591438
894,1745694324.305488,0.06025535985827446
895,1745694335.0017405,0.05757985636591911
896,1745694345.7624161,0.06250365078449249
897,1745694356.593763,0.039717644453048706
898,1745694368.5596883,0.045187611132860184
899,1745694379.3978975,0.05418652296066284
900,1745694397.374492,0.048670753836631775
901,1745694409.6574886,0.06860813498497009
902,1745694421.295508,0.0868496298789978
903,1745694432.977021,0.06298094242811203
904,1745694445.3014717,0.03310060873627663
905,1745694457.202046,0.04376232251524925
906,1745694466.9151087,0.04690716415643692
907,1745694476.4776704,0.08754225820302963
908,1745694490.9482594,0.06491222977638245
909,1745694503.4465103,0.03977026790380478
910,1745694518.7786756,0.06974731385707855
911,1745694530.4942248,0.01631653867661953
912,1745694546.5645592,0.06967750191688538
913,1745694554.6044655,0.07725761830806732
914,1745694567.6605392,0.06696224957704544
915,1745694575.985951,0.058433253318071365
916,1745694588.3270607,0.053229596465826035
917,1745694597.9819007,0.07296162843704224
918,1745694611.3721254,0.04688282683491707
919,1745694623.0175078,0.04366307333111763
920,1745694635.5620646,0.05280046910047531
921,1745694650.3908603,0.06049433723092079
922,1745694663.0105634,0.05175810307264328
923,1745694676.2256067,0.05283188447356224
924,1745694686.4594991,0.053791631013154984
925,1745694698.319498,0.038025759160518646
926,1745694708.4135413,0.102556511759758
927,1745694720.5484748,0.0778888538479805
928,1745694733.491445,0.05659320950508118
929,1745694746.631475,0.07670541852712631
930,1745694757.1960855,0.06908094137907028
931,1745694770.7615554,0.033022522926330566
932,1745694781.30079,0.034360431134700775
933,1745694792.9220014,0.0504373237490654
934,1745694805.3573172,0.06849589198827744
935,1745694818.967296,0.03280123695731163
936,1745694829.8482459,0.06658424437046051
937,1745694841.529961,0.033839233219623566
938,1745694851.4317877,0.051149263978004456
939,1745694867.6937497,0.04128344729542732
940,1745694881.2916918,0.03818386048078537
941,1745694893.0935218,0.04991946369409561
942,1745694904.4284189,0.04247501492500305
943,1745694918.6398141,0.05354706197977066
944,1745694933.6892624,0.024862060323357582
945,1745694946.9727988,0.03745893016457558
946,1745694948.765514,0.1485019475221634
947,1745695015.4394894,0.023755397647619247
948,1745695025.7418563,0.05526145175099373
949,1745695038.904,0.06442421674728394
950,1745695043.699445,0.051020629703998566
951,1745695056.177045,0.026192346587777138
952,1745695068.939667,0.052804168313741684
953,1745695079.9250631,0.06275831907987595
954,1745695091.6012871,0.065156951546669
955,1745695102.5093143,0.02785327285528183
956,1745695111.6894934,0.10952001810073853
957,1745695125.444943,0.058591559529304504
958,1745695136.67247,0.07615161687135696
959,1745695152.001163,0.037245187908411026
960,1745695163.864856,0.08349400758743286
961,1745695173.629927,0.07722368836402893
962,1745695185.7729173,0.05333295837044716
963,1745695198.5751476,0.07668925076723099
964,1745695211.681485,0.02793109603226185
965,1745695222.5537093,0.040105514228343964
966,1745695230.8807173,0.04168421030044556
967,1745695241.7636821,0.040863364934921265
968,1745695251.365508,0.03420023247599602
969,1745695257.9677804,0.048783864825963974
970,1745695270.258634,0.05065591633319855
971,1745695279.416184,0.05557990446686745
972,1745695291.9776685,0.0913214460015297
973,1745695300.5526247,0.018529389053583145
974,1745695310.6646664,0.02932797744870186
975,1745695319.0715942,0.04150925204157829
976,1745695329.584454,0.07546138763427734
977,1745695342.203036,0.04900520294904709
978,1745695355.4880617,0.04789230599999428
979,1745695364.4531834,0.05070190504193306
980,1745695376.9215693,0.051564447581768036
981,1745695387.253125,0.020330175757408142
982,1745695401.397513,0.055747196078300476
983,1745695411.5054767,0.11598024517297745
984,1745695422.6114755,0.03077632188796997
985,1745695432.3225381,0.045207832008600235
986,1745695443.0403826,0.04467763751745224
987,1745695453.6898258,0.04670172929763794
988,1745695463.1764977,0.015656879171729088
989,1745695469.8392165,0.030544571578502655
990,1745695481.8415217,0.029899949207901955
991,1745695496.7670357,0.04750053584575653
992,1745695501.7084463,0.04472295939922333
993,1745695513.1214314,0.04285801947116852
994,1745695525.9046464,0.029608100652694702
995,1745695538.891925,0.03392733633518219
996,1745695550.942622,0.03851305693387985
997,1745695564.1196823,0.02899865247309208
998,1745695574.7783334,0.041741371154785156
999,1745695586.4835184,0.057625118643045425
1000,1745695595.5059702,0.027916593477129936
1001,1745695606.4195848,0.023026298731565475
1002,1745695618.6077847,0.023838205263018608
1003,1745695632.8207726,0.03957528993487358
1004,1745695643.8804882,0.017266444861888885
1005,1745695651.801803,0.06264665722846985
1006,1745695661.3383245,0.017754143103957176
1007,1745695676.1308727,0.06405841559171677
1008,1745695687.2601516,0.03049088828265667
1009,1745695697.746967,0.038721904158592224
1010,1745695710.901483,0.03499502316117287
1011,1745695725.4651303,0.02812502160668373
1012,1745695739.7646394,0.05459393188357353
1013,1745695746.4227772,0.10335380584001541
1014,1745695761.416252,0.051885202527046204
1015,1745695771.3773708,0.04779667779803276
1016,1745695779.2055078,0.04592552408576012
1017,1745695792.8790472,0.05546199157834053
1018,1745695802.5635104,0.024227991700172424
1019,1745695816.7467132,0.02838500589132309
1020,1745695829.3615036,0.035052258521318436
1021,1745695839.5712056,0.05218115448951721
1022,1745695853.6032765,0.05372167006134987
1023,1745695867.767204,0.04363628104329109
1024,1745695873.8840523,0.04254002496600151
1025,1745695884.534828,0.06564547121524811
1026,1745695897.5570552,0.03836917504668236
1027,1745695910.2652447,0.03731183707714081
1028,1745695919.7574694,0.045275818556547165
1029,1745695931.8489237,0.049065377563238144
1030,1745695943.3106565,0.05265725404024124
1031,1745695956.753351,0.03887973725795746
1032,1745695961.4791396,0.054230619221925735
1033,1745696027.6127644,0.04181594029068947
1034,1745696035.7479112,0.05093828961253166
1035,1745696046.5988805,0.03942537680268288
1036,1745696061.1458623,0.05704035982489586
1037,1745696075.9659195,0.05627962946891785
1038,1745696082.418729,0.05799771845340729
1039,1745696092.4505017,0.04431542754173279
1040,1745696109.2902026,0.036696311086416245
1041,1745696121.0199625,0.04293106123805046
1042,1745696133.5906742,0.04649541899561882
1043,1745696146.5387847,0.055947739630937576
1044,1745696155.1373546,0.05568147078156471
1045,1745696163.7510371,0.01964252069592476
1046,1745696177.013007,0.04598149657249451
1047,1745696189.1055884,0.0637182965874672
1048,1745696201.0432363,0.04122453182935715
1049,1745696217.0981793,0.03307433798909187
1050,1745696227.289335,0.022829018533229828
1051,1745696240.1545644,0.04680081829428673
1052,1745696249.1077468,0.014937949366867542
1053,1745696260.826654,0.045045122504234314
1054,1745696274.7438464,0.03019748069345951
1055,1745696285.0695136,0.047218408435583115
1056,1745696293.7015216,0.04759994149208069
1057,1745696301.8547664,0.029495276510715485
1058,1745696316.4386916,0.022609109058976173
1059,1745696324.669942,0.017538445070385933
1060,1745696333.865304,0.04889193922281265
1061,1745696340.2480607,0.03057812713086605
1062,1745696351.7882662,0.043553974479436874
1063,1745696363.729824,0.03456694260239601
1064,1745696373.2047944,0.04613056778907776
1065,1745696382.9196167,0.060174811631441116
1066,1745696391.7682364,0.02967943251132965
1067,1745696402.8918269,0.02248499169945717
1068,1745696410.2647753,0.043346744030714035
1069,1745696425.0875912,0.01923154667019844
1070,1745696435.9047928,0.026773428544402122
1071,1745696446.147194,0.038196563720703125
1072,1745696458.950055,0.06414203345775604
1073,1745696476.7508163,0.027767634019255638
1074,1745696488.2727013,0.07534655183553696
1075,1745696500.1234312,0.03100859560072422
1076,1745696508.1734297,0.03044941835105419
1077,1745696517.246426,0.03250667080283165
1078,1745696525.6800253,0.02597210370004177
1079,1745696537.5360134,0.01924135349690914
1080,1745696547.7504866,0.031721554696559906
1081,1745696560.7254457,0.050886910408735275
1082,1745696573.8243933,0.025166820734739304
1083,1745696586.5238922,0.058517321944236755
1084,1745696598.1590223,0.04273008927702904
1085,1745696610.8036556,0.029464000836014748
1086,1745696624.3028,0.03142291307449341
1087,1745696632.790145,0.035900454968214035
1088,1745696646.945822,0.03305917978286743
1089,1745696659.3653212,0.026980910450220108
1090,1745696667.6531928,0.020536186173558235
1091,1745696677.9575226,0.05351234972476959
1092,1745696693.3895414,0.028900207951664925
1093,1745696702.5039876,0.02727128565311432
1094,1745696713.2470322,0.04017934203147888
1095,1745696726.901068,0.027603155001997948
1096,1745696738.7689345,0.037038758397102356
1097,1745696752.1706393,0.018550453707575798
1098,1745696767.0055485,0.04463225603103638
1099,1745696780.783623,0.039813168346881866
1100,1745696790.0852978,0.035405583679676056
1101,1745696799.7261956,0.028028439730405807
1102,1745696810.4791794,0.03831619769334793
1103,1745696822.2814648,0.05888922140002251
1104,1745696833.0172198,0.033140089362859726
1105,1745696847.7877123,0.01382477767765522
1106,1745696856.4175055,0.06595288962125778
1107,1745696868.7909362,0.019760265946388245
1108,1745696878.825681,0.015473857522010803
1109,1745696890.351903,0.04827294871211052
1110,1745696900.8899434,0.051945917308330536
1111,1745696912.2475111,0.03495780751109123
1112,1745696924.0743585,0.05104546248912811
1113,1745696931.5986516,0.04535125941038132
1114,1745696941.39667,0.03944574296474457
1115,1745696955.271792,0.038344088941812515
1116,1745696964.4391325,0.03720443695783615
1117,1745696977.415958,0.019778819754719734
1118,1745696980.535882,0.005335218273103237
1119,1745697048.1077833,0.046268291771411896
1120,1745697057.5125709,0.04251767322421074
1121,1745697069.3795888,0.02646280825138092
1122,1745697083.666042,0.030272744596004486
1123,1745697094.638752,0.0483890026807785
1124,1745697106.1525621,0.027082903310656548
1125,1745697120.3093278,0.033659111708402634
1126,1745697130.342899,0.025548692792654037
1127,1745697136.0461476,0.018522148951888084
1128,1745697151.5016222,0.035758987069129944
1129,1745697163.104122,0.022576291114091873
1130,1745697174.3939164,0.02232029289007187
1131,1745697185.4137673,0.027460282668471336
1132,1745697196.27032,0.02615262381732464
1133,1745697206.8263123,0.05909078195691109
1134,1745697219.0055048,0.025256769731640816
1135,1745697225.923553,0.039968471974134445
1136,1745697243.8932188,0.03341519087553024
1137,1745697257.0151696,0.03539031744003296
1138,1745697265.0507617,0.02605450712144375
1139,1745697279.4285834,0.043043382465839386
1140,1745697293.2470644,0.03535459190607071
1141,1745697304.2543094,0.011488698422908783
1142,1745697312.8313613,0.02332352288067341
1143,1745697324.8981025,0.02001989632844925
1144,1745697332.564576,0.02065085805952549
1145,1745697345.5748773,0.03286420926451683
1146,1745697351.0914528,0.01011872198432684
1147,1745697363.568385,0.04738718271255493
1148,1745697372.312924,0.03246549516916275
1149,1745697386.463393,0.022348809987306595
1150,1745697396.5462775,0.030369149520993233
1151,1745697405.9882603,0.05558665841817856
1152,1745697422.750461,0.02146351896226406
1153,1745697431.7448096,0.025791870430111885
1154,1745697439.7041051,0.018795538693666458
1155,1745697450.740398,0.06696655601263046
1156,1745697457.8951066,0.015258385799825191
1157,1745697472.79836,0.03147377446293831
1158,1745697484.322833,0.02807406149804592
1159,1745697498.9994261,0.03405819088220596
1160,1745697512.6704168,0.05438198894262314
1161,1745697527.5231576,0.039047662168741226
1162,1745697534.4754906,0.03755899518728256
1163,1745697545.3331494,0.03377053514122963
1164,1745697557.9239442,0.0297072920948267
1165,1745697564.261534,0.04550516977906227
1166,1745697579.8011303,0.047292791306972504
1167,1745697589.9219682,0.024835405871272087
1168,1745697599.3744266,0.017682835459709167
1169,1745697610.289527,0.026056135073304176
1170,1745697620.245522,0.023257285356521606
1171,1745697631.0614808,0.03689476475119591
1172,1745697644.0090733,0.033649079501628876
1173,1745697655.2343004,0.01677664741873741
1174,1745697665.6154327,0.035062726587057114
1175,1745697676.7065573,0.05345803499221802
1176,1745697686.7749405,0.035264741629362106
1177,1745697699.0296297,0.036179449409246445
1178,1745697713.2680926,0.024034716188907623
1179,1745697722.4217083,0.03594513237476349
1180,1745697734.5486908,0.047714024782180786
1181,1745697743.4537852,0.05192471668124199
1182,1745697753.6514716,0.07901331037282944
1183,1745697768.983686,0.03357696905732155
1184,1745697780.6039126,0.03393610939383507
1185,1745697791.0140524,0.032610148191452026
1186,1745697805.369623,0.022401560097932816
1187,1745697815.7435358,0.038807615637779236
1188,1745697826.7455418,0.05773470923304558
1189,1745697836.8380423,0.024418968707323074
1190,1745697847.6775239,0.012214410118758678
1191,1745697856.3628092,0.02803782746195793
1192,1745697864.800717,0.019469251856207848
1193,1745697880.936269,0.026573872193694115
1194,1745697896.204216,0.01852376200258732
1195,1745697906.2621446,0.025081632658839226
1196,1745697919.784347,0.024673307314515114
1197,1745697927.7607152,0.022264501079916954
1198,1745697939.8793573,0.04148244112730026
1199,1745697949.8195145,0.015140303410589695
1200,1745697963.977047,0.05072015896439552
1201,1745697977.9558268,0.015394056215882301
1202,1745697987.308493,0.01930294744670391
1203,1745697996.4416518,0.056529007852077484
1204,1745697999.580354,0.014253238216042519
1205,1745698060.2215044,0.029367338865995407
1206,1745698072.2295365,0.02495834231376648
1207,1745698083.0813498,0.022311421111226082
1208,1745698090.4196556,0.030932435765862465
1209,1745698104.9818397,0.024678317829966545
1210,1745698119.6854854,0.02445869706571102
1211,1745698130.449299,0.026548460125923157
1212,1745698141.7849193,0.02365174889564514
1213,1745698150.549065,0.013150629587471485
1214,1745698162.041258,0.016027169302105904
1215,1745698177.6108067,0.043782513588666916
1216,1745698187.7397695,0.011253825388848782
1217,1745698198.7921274,0.02544841356575489
1218,1745698204.8101661,0.03471177816390991
1219,1745698217.826468,0.0243003461509943
1220,1745698231.0687706,0.036733873188495636
1221,1745698240.879882,0.030856940895318985
1222,1745698249.0909796,0.025987301021814346
1223,1745698258.3333101,0.03324006870388985
1224,1745698271.208895,0.032808125019073486
1225,1745698279.3939066,0.034291330724954605
1226,1745698293.106956,0.02052268199622631
1227,1745698302.535339,0.03064764104783535
1228,1745698312.526953,0.04052307456731796
1229,1745698323.3178012,0.023669209331274033
1230,1745698335.17436,0.03036167100071907
1231,1745698345.914499,0.024638352915644646
1232,1745698353.8548841,0.023380441591143608
1233,1745698365.229433,0.021816706284880638
1234,1745698371.9428234,0.03012882173061371
1235,1745698381.351808,0.022454645484685898
1236,1745698397.3924363,0.021110014989972115
1237,1745698411.6739879,0.06290919333696365
1238,1745698423.2408583,0.026047077029943466
1239,1745698432.0501618,0.033233851194381714
1240,1745698444.6324892,0.03642323240637779
1241,1745698452.6220236,0.04960371553897858
1242,1745698461.2537022,0.006131176371127367
1243,1745698471.2551143,0.01437278650701046
1244,1745698485.0564167,0.022089431062340736
1245,1745698489.6300647,0.028585420921444893
1246,1745698506.1184506,0.027539802715182304
1247,1745698516.7349713,0.03762274980545044
1248,1745698528.6754482,0.02296188287436962
1249,1745698539.382359,0.03915870562195778
1250,1745698549.2160208,0.03701386600732803
1251,1745698561.3138719,0.042093049734830856
1252,1745698574.7598588,0.024232367053627968
1253,1745698587.1801858,0.016667507588863373
1254,1745698599.9383135,0.02467026561498642
1255,1745698608.5809126,0.015598124824464321
1256,1745698617.997802,0.016834095120429993
1257,1745698629.4236355,0.03433658927679062
1258,1745698641.212093,0.035106461495161057
1259,1745698651.2527924,0.010973328724503517
1260,1745698665.8796535,0.037678856402635574
1261,1745698680.6245227,0.05293653905391693
1262,1745698690.4441557,0.019986165687441826
1263,1745698702.8409271,0.02876916155219078
1264,1745698712.6174774,0.015621802769601345
1265,1745698724.2965038,0.014255160465836525
1266,1745698735.798607,0.028225939720869064
1267,1745698744.1056323,0.007412759121507406
1268,1745698754.1334555,0.015531374141573906
1269,1745698769.6277535,0.029687127098441124
1270,1745698782.9665978,0.03343624249100685
1271,1745698791.5724359,0.030098797753453255
1272,1745698803.5866976,0.03167543560266495
1273,1745698818.6595566,0.02754269912838936
1274,1745698829.670131,0.02380184642970562
1275,1745698842.010723,0.04211445897817612
1276,1745698852.6486292,0.02384944073855877
1277,1745698862.3993025,0.028665635734796524
1278,1745698874.510398,0.014288023114204407
1279,1745698887.7586567,0.024253154173493385
1280,1745698897.6507523,0.02035200595855713
1281,1745698907.5957706,0.01946229673922062
1282,1745698923.4557257,0.03175234794616699
1283,1745698932.721489,0.021036138758063316
1284,1745698947.6965635,0.0441853292286396
1285,1745698958.4355357,0.03267698362469673
1286,1745698970.993558,0.021673327311873436
1287,1745698977.8380659,0.01850665546953678
1288,1745698988.9268928,0.015865042805671692
1289,1745699005.3049948,0.016566475853323936
1290,1745699007.5083253,0.04257729649543762
1291,1745699069.4562018,0.027380000799894333
1292,1745699081.090618,0.029834488406777382
1293,1745699094.7289343,0.021377284079790115
1294,1745699105.4770138,0.010427897796034813
1295,1745699116.5255182,0.025535373017191887
1296,1745699126.6955824,0.01914755441248417
1297,1745699136.7747705,0.032830867916345596
1298,1745699154.6874552,0.008622643537819386
1299,1745699167.2051349,0.017974844202399254
1300,1745699179.9779496,0.00963751319795847
1301,1745699191.4614503,0.029205599799752235
1302,1745699201.15796,0.025331510230898857
1303,1745699210.3047993,0.019008547067642212
1304,1745699223.89402,0.008067273534834385
1305,1745699236.234277,0.01760772429406643
1306,1745699240.5927458,0.00528460368514061
1307,1745699254.4392834,0.04023135453462601
1308,1745699264.8103406,0.02938232384622097
1309,1745699280.387087,0.01726110465824604
1310,1745699297.6455178,0.04075778275728226
1311,1745699311.1107028,0.016371669247746468
1312,1745699321.7774885,0.029150651767849922
1313,1745699327.9433968,0.018715983256697655
1314,1745699338.5621748,0.013841197825968266
1315,1745699351.3979588,0.03550734743475914
1316,1745699360.8054543,0.02462155371904373
1317,1745699372.6084046,0.02307305485010147
1318,1745699384.18403,0.020497530698776245
1319,1745699394.2848513,0.009525974281132221
1320,1745699406.9787567,0.02121657319366932
1321,1745699414.488982,0.03251374512910843
1322,1745699424.8839085,0.025066940113902092
1323,1745699433.1046448,0.007545555476099253
1324,1745699444.2494218,0.018933704122900963
1325,1745699452.0160465,0.021926024928689003
1326,1745699466.7074876,0.023699723184108734
1327,1745699474.7910852,0.027911869809031487
1328,1745699485.9149423,0.03357156738638878
1329,1745699502.7108474,0.03197523579001427
1330,1745699508.6724267,0.013765159994363785
1331,1745699523.2177474,0.023114504292607307
1332,1745699535.4295053,0.018026573583483696
1333,1745699547.331105,0.008612186647951603
1334,1745699558.768947,0.012407354079186916
1335,1745699569.7401881,0.04828207939863205
1336,1745699588.5910623,0.021251630038022995
1337,1745699597.8170528,0.006735898554325104
1338,1745699606.494573,0.0087789511308074
1339,1745699621.944745,0.03251161053776741
1340,1745699626.657136,0.028029650449752808
1341,1745699638.4302254,0.02924581803381443
1342,1745699652.942627,0.01879064366221428
1343,1745699663.894842,0.008513116277754307
1344,1745699676.0097883,0.02345428057014942
1345,1745699685.4364605,0.028157958760857582
1346,1745699700.9737027,0.02136378362774849
1347,1745699712.7821853,0.015612855553627014
1348,1745699717.741459,0.014290870167315006
1349,1745699729.9124277,0.04410862550139427
1350,1745699737.0504546,0.02996939606964588
1351,1745699747.8828251,0.018161296844482422
1352,1745699759.1054776,0.01318109780550003
1353,1745699770.990693,0.017556466162204742
1354,1745699775.7418249,0.013707706704735756
1355,1745699785.2348516,0.03041752800345421
1356,1745699799.9485207,0.010012981481850147
1357,1745699811.2731245,0.02477380819618702
1358,1745699821.252387,0.027783233672380447
1359,1745699828.7295568,0.013855955563485622
1360,1745699840.6875749,0.022287709638476372
1361,1745699850.6663747,0.04640430212020874
1362,1745699863.916222,0.021484417840838432
1363,1745699876.8890991,0.013801041059195995
1364,1745699889.6024837,0.027508100494742393
1365,1745699895.6655242,0.034248221665620804
1366,1745699905.5240865,0.017608538269996643
1367,1745699919.2568803,0.02413962222635746
1368,1745699932.6049774,0.03229478746652603
1369,1745699945.8343797,0.010763326659798622
1370,1745699959.6135528,0.024010583758354187
1371,1745699970.217147,0.02439230866730213
1372,1745699982.1239235,0.009350868873298168
1373,1745699995.7867353,0.02153175137937069
1374,1745700005.28,0.02702155150473118
1375,1745700018.8175163,0.027102535590529442
1376,1745700021.4429376,0.027830015867948532
1377,1745700082.7585773,0.02233705297112465
1378,1745700092.1738617,0.025228125974535942
1379,1745700103.7413716,0.01692199893295765
1380,1745700114.8095117,0.015733763575553894
1381,1745700125.5313234,0.01474071852862835
1382,1745700137.3462265,0.0335221029818058
1383,1745700148.67711,0.01399393379688263
1384,1745700158.8514824,0.020351922139525414
1385,1745700168.884994,0.028009552508592606
1386,1745700179.9466949,0.01479206420481205
1387,1745700191.660931,0.01903058961033821
1388,1745700199.527236,0.009141495451331139
1389,1745700208.183234,0.023170631378889084
1390,1745700219.7096508,0.012648585252463818
1391,1745700231.9537215,0.01979401335120201
1392,1745700244.0712519,0.014424786902964115
1393,1745700255.1771622,0.01039542630314827
1394,1745700262.6720674,0.021841254085302353
1395,1745700276.653226,0.02061389572918415
1396,1745700287.1897535,0.01656957156956196
1397,1745700298.5584052,0.017640190199017525
1398,1745700308.6208837,0.015829216688871384
1399,1745700320.8935125,0.022428886964917183
1400,1745700331.008457,0.017773451283574104
1401,1745700344.006727,0.009814869612455368
1402,1745700357.3887782,0.018399639055132866
1403,1745700365.7085116,0.01966913789510727
1404,1745700378.1503386,0.02359253354370594
1405,1745700391.9757879,0.011807178147137165
1406,1745700400.863612,0.008887414820492268
1407,1745700413.20829,0.025571702048182487
1408,1745700424.845999,0.023142050951719284
1409,1745700435.9914563,0.03293846175074577
1410,1745700443.405224,0.007595178671181202
1411,1745700452.360724,0.019210487604141235
1412,1745700460.332092,0.033348143100738525
1413,1745700468.380762,0.028645215556025505
1414,1745700477.442467,0.021465521305799484
1415,1745700483.9214923,0.015474989078938961
1416,1745700493.71351,0.00931281317025423
1417,1745700503.3474064,0.012747122906148434
1418,1745700518.9660852,0.025201914831995964
1419,1745700531.8904247,0.01816357672214508
1420,1745700544.6731224,0.010755050927400589
1421,1745700556.3385892,0.022094227373600006
1422,1745700567.8320312,0.033190108835697174
1423,1745700577.829396,0.019344888627529144
1424,1745700585.8429332,0.01752576418220997
1425,1745700597.5013072,0.015575403347611427
1426,1745700610.1690235,0.041197631508111954
1427,1745700622.185669,0.006515746470540762
1428,1745700638.081522,0.019243571907281876
1429,1745700652.23709,0.019431762397289276
1430,1745700661.821506,0.004927195608615875
1431,1745700674.2771528,0.018911009654402733
1432,1745700683.4190445,0.022814571857452393
1433,1745700693.382251,0.019733455032110214
1434,1745700705.0267067,0.011388435959815979
1435,1745700716.1082134,0.023658212274312973
1436,1745700725.3353136,0.010622390545904636
1437,1745700736.5764372,0.008326588198542595
1438,1745700751.5016057,0.02181253209710121
1439,1745700764.3063815,0.007689300924539566
1440,1745700774.5458865,0.020122110843658447
1441,1745700784.057137,0.004339550621807575
1442,1745700794.6032062,0.008555976673960686
1443,1745700809.336309,0.020528346300125122
1444,1745700822.517519,0.051483094692230225
1445,1745700832.0649657,0.013640936464071274
1446,1745700843.221269,0.008112630806863308
1447,1745700860.0091085,0.024250905960798264
1448,1745700873.1515515,0.011760799214243889
1449,1745700888.6788387,0.027438707649707794
1450,1745700902.2365725,0.01023087091743946
1451,1745700910.5590363,0.017139604315161705
1452,1745700920.9808726,0.01533929817378521
1453,1745700931.0256267,0.01122291199862957
1454,1745700944.8398678,0.009912123903632164
1455,1745700955.803728,0.00998242013156414
1456,1745700962.218603,0.010284783318638802
1457,1745700974.8432798,0.021727362647652626
1458,1745700987.94881,0.014718219637870789
1459,1745700999.3669999,0.011516230180859566
1460,1745701011.205757,0.01683186925947666
1461,1745701021.9019585,0.01566942222416401
1462,1745701027.9882412,0.022883299738168716
1463,1745701094.2895198,0.013932171277701855
1464,1745701106.6051018,0.003487675916403532
1465,1745701117.281517,0.01269802451133728
1466,1745701130.4183009,0.013238879851996899
1467,1745701136.1968668,0.013933729380369186
1468,1745701150.174718,0.01445480901747942
1469,1745701162.614852,0.011510234326124191
1470,1745701173.1777556,0.0063165705651044846
1471,1745701183.1772482,0.021139685064554214
1472,1745701193.9484234,0.010252531617879868
1473,1745701204.8343644,0.017443744465708733
1474,1745701215.0257506,0.012591798789799213
1475,1745701223.8947883,0.04890577867627144
1476,1745701237.0372777,0.009338866919279099
1477,1745701248.9648266,0.017307637259364128
1478,1745701258.765489,0.00507834367454052
1479,1745701271.5819812,0.020722169429063797
1480,1745701287.9518762,0.018962547183036804
1481,1745701298.08062,0.010197742842137814
1482,1745701305.062613,0.011530800722539425
1483,1745701318.7735848,0.016018802300095558
1484,1745701330.433892,0.01938265934586525
1485,1745701339.9030695,0.023427020758390427
1486,1745701348.0332835,0.005205983761698008
1487,1745701358.7854743,0.03217253088951111
1488,1745701368.0832021,0.0032998009119182825
1489,1745701376.5335388,0.009918698109686375
1490,1745701386.6540244,0.03568003326654434
1491,1745701402.2775254,0.007402768358588219
1492,1745701410.127462,0.0180581733584404
1493,1745701420.574576,0.009080203250050545
1494,1745701432.99356,0.008802215568721294
1495,1745701447.7604642,0.010848550125956535
1496,1745701461.069895,0.009061085060238838
1497,1745701465.5422199,0.0057659330777823925
1498,1745701480.372958,0.014852152206003666
1499,1745701493.717484,0.01980719156563282
1500,1745701508.3530135,0.008820202201604843
1501,1745701519.4097345,0.01282553095370531
1502,1745701525.4344227,0.0375390388071537
1503,1745701535.493768,0.023513350635766983
1504,1745701548.6881413,0.013103385455906391
1505,1745701554.051585,0.02409963496029377
1506,1745701569.218535,0.04291319474577904
1507,1745701584.7361116,0.013215325772762299
1508,1745701592.73989,0.010485387407243252
1509,1745701602.436462,0.019663996994495392
1510,1745701614.4006238,0.023164592683315277
1511,1745701626.4374433,0.01107824593782425
1512,1745701634.3362424,0.005540987942367792
1513,1745701648.2111096,0.016421636566519737
1514,1745701658.822682,0.017722010612487793
1515,1745701669.5196416,0.04283047094941139
1516,1745701681.5644853,0.012249870225787163
1517,1745701695.5177083,0.01960858330130577
1518,1745701706.411846,0.05433369427919388
1519,1745701719.8135242,0.005684146657586098
1520,1745701732.5789475,0.016714638099074364
1521,1745701748.5897436,0.04764838516712189
1522,1745701755.039645,0.02501150406897068
1523,1745701769.098774,0.01291155070066452
1524,1745701781.388174,0.012230750173330307
1525,1745701790.1007304,0.014540980570018291
1526,1745701799.360666,0.012868751771748066
1527,1745701812.9545243,0.010992877185344696
1528,1745701825.1027348,0.018692784011363983
1529,1745701835.6802487,0.005194078199565411
1530,1745701847.0303326,0.026546867564320564
1531,1745701858.4363668,0.008181484416127205
1532,1745701868.9367824,0.0413728691637516
1533,1745701884.16548,0.027271946892142296
1534,1745701894.0588348,0.018465004861354828
1535,1745701905.078377,0.0382968969643116
1536,1745701920.3255055,0.044838182628154755
1537,1745701936.0676093,0.015119620598852634
1538,1745701940.3258805,0.011978035792708397
1539,1745701951.3776734,0.017387427389621735
1540,1745701961.476668,0.08238626271486282
1541,1745701970.412497,0.014494622126221657
1542,1745701980.0156643,0.011667169630527496
1543,1745701990.8302019,0.06931264698505402
1544,1745701999.839119,0.01996409147977829
1545,1745702014.6296523,0.026680963113904
1546,1745702026.708048,0.02842695824801922
1547,1745702034.4827118,0.05253279581665993
1548,1745702039.6816814,0.05767789110541344
1549,1745702102.2849557,0.022725943475961685
1550,1745702113.160467,0.009328816086053848
1551,1745702124.0135171,0.009086985141038895
1552,1745702136.6652825,0.0339839793741703
1553,1745702150.3211226,0.03034866787493229
1554,1745702161.2545469,0.025134729221463203
1555,1745702172.8723145,0.025349503383040428
1556,1745702181.2188523,0.034267157316207886
1557,1745702194.0431578,0.006651460658758879
1558,1745702203.7107766,0.01426011510193348
1559,1745702214.3419254,0.042653609067201614
1560,1745702231.6972587,0.010943804867565632
1561,1745702244.5914142,0.010631606914103031
1562,1745702256.6030235,0.025087255984544754
1563,1745702269.5145473,0.0222766250371933
1564,1745702280.3595912,0.008408179506659508
1565,1745702288.606368,0.005184831563383341
1566,1745702298.7119489,0.03710976615548134
1567,1745702311.0918827,0.02239837683737278
1568,1745702319.872037,0.027788635343313217
1569,1745702332.1736887,0.013602404855191708
1570,1745702343.5686684,0.003810847643762827
1571,1745702355.786509,0.026915350928902626
1572,1745702363.496671,0.029075907543301582
1573,1745702373.8184216,0.013338610529899597
1574,1745702390.6976736,0.02664904110133648
1575,1745702399.8487563,0.03625156730413437
1576,1745702410.9433928,0.02728237956762314
1577,1745702424.7014906,0.0049690078012645245
1578,1745702432.1050086,0.013858648017048836
1579,1745702444.1592455,0.02049815095961094
1580,1745702460.1421475,0.013143045827746391
1581,1745702473.2772732,0.019849421456456184
1582,1745702482.9671786,0.02344919554889202
1583,1745702493.464971,0.01708606444299221
1584,1745702502.4497545,0.012356131337583065
1585,1745702514.9314234,0.012352043762803078
1586,1745702524.1774197,0.006008636672049761
1587,1745702533.517398,0.004126759245991707
1588,1745702545.0008016,0.018451374024152756
1589,1745702557.824305,0.025787249207496643
1590,1745702567.5309162,0.011392011307179928
1591,1745702577.36135,0.02477222867310047
1592,1745702587.9872718,0.014207842759788036
1593,1745702593.3245444,0.015767261385917664
1594,1745702601.7788286,0.01345812063664198
1595,1745702616.4881244,0.006335765589028597
1596,1745702626.7592807,0.009065845049917698
1597,1745702640.3787775,0.025942323729395866
1598,1745702652.013164,0.01387567538768053
1599,1745702668.7498631,0.02100125141441822
1600,1745702683.122017,0.013847802765667439
1601,1745702693.9577754,0.011722941882908344
1602,1745702704.5128856,0.028208374977111816
1603,1745702715.9705346,0.0096129747107625
1604,1745702727.9144523,0.009640597738325596
1605,1745702737.9328783,0.00423400616273284
1606,1745702750.4736564,0.009847147390246391
1607,1745702755.5752263,0.004097561817616224
1608,1745702770.1158178,0.004776576533913612
1609,1745702786.7283492,0.021594682708382607
1610,1745702799.0320723,0.011628739535808563
1611,1745702810.2911663,0.002125896979123354
1612,1745702823.637496,0.008746612817049026
1613,1745702838.3031158,0.007201810367405415
1614,1745702844.7279248,0.011203748174011707
1615,1745702858.3621,0.006034201476722956
1616,1745702868.4408596,0.011079794727265835
1617,1745702881.3288722,0.011137506924569607
1618,1745702895.5770226,0.015200828202068806
1619,1745702903.6696918,0.014903461560606956
1620,1745702916.4353988,0.009006185457110405
1621,1745702928.56481,0.019228756427764893
1622,1745702938.8673081,0.013495592400431633
1623,1745702953.0064743,0.023031117394566536
1624,1745702962.9859178,0.004833199083805084
1625,1745702976.6226885,0.009878515265882015
1626,1745702988.718296,0.006160881835967302
1627,1745702998.6758928,0.00801429245620966
1628,1745703009.4923916,0.014364980161190033
1629,1745703019.0802052,0.012851200997829437
1630,1745703033.3298235,0.018266849219799042
1631,1745703045.2771516,0.009178608655929565
1632,1745703060.3535209,0.013099024072289467
1633,1745703072.0913186,0.002766868332400918
1634,1745703076.8280232,0.007921455428004265
1635,1745703140.333483,0.00387973734177649
1636,1745703151.6228232,0.00846879556775093
1637,1745703158.21299,0.007934318855404854
1638,1745703171.7704,0.006793270818889141
1639,1745703182.8043754,0.008854647167026997
1640,1745703197.8180842,0.009742005728185177
1641,1745703204.2103384,0.006790568120777607
1642,1745703214.9778996,0.014697341248393059
1643,1745703229.299058,0.015187731944024563
1644,1745703241.633543,0.005742647685110569
1645,1745703253.6968324,0.01023457944393158
1646,1745703260.7136602,0.004471695050597191
1647,1745703274.6631556,0.006002999842166901
1648,1745703285.9941366,0.007551924325525761
1649,1745703292.9596908,0.0012593057472258806
1650,1745703303.6321988,0.008500620722770691
1651,1745703317.1053665,0.005293405149132013
1652,1745703321.54316,0.005546527914702892
1653,1745703336.524493,0.007632436230778694
1654,1745703348.8362603,0.00332550797611475
1655,1745703359.2703621,0.0026481503155082464
1656,1745703373.4366312,0.004478813149034977
1657,1745703384.8984032,0.0011851979652419686
1658,1745703398.3245702,0.006611983757466078
1659,1745703414.5690734,0.005771645810455084
1660,1745703423.2251894,0.006132825743407011
1661,1745703434.9377153,0.006621794309467077
1662,1745703449.0338573,0.006440155673772097
1663,1745703462.0617566,0.02008953131735325
1664,1745703471.9705923,0.006346221547573805
1665,1745703483.8493671,0.006322881672531366
1666,1745703497.1963382,0.00484508415684104
1667,1745703503.9406013,0.0011873674811795354
1668,1745703512.7419913,0.0020051472820341587
1669,1745703528.1414466,0.0049278284423053265
1670,1745703536.666336,0.037486229091882706
1671,1745703545.9637442,0.004026398062705994
1672,1745703560.1983905,0.00591307645663619
1673,1745703573.330933,0.02011268399655819
1674,1745703590.141059,0.012660647742450237
1675,1745703603.121446,0.01071949303150177
1676,1745703615.8839185,0.006534545216709375
1677,1745703626.5261993,0.01902787759900093
1678,1745703638.2295222,0.004097148310393095
1679,1745703650.1949222,0.0010175708448514342
1680,1745703660.793501,0.002623324515298009
1681,1745703670.4929054,0.004013788420706987
1682,1745703683.5759795,0.0031855704728513956
1683,1745703693.491552,0.012930152006447315
1684,1745703699.0811763,0.005982352886348963
1685,1745703711.5372272,0.0082077132537961
1686,1745703721.2660742,0.006350373849272728
1687,1745703729.011369,0.015231170691549778
1688,1745703737.6946862,0.004138993564993143
1689,1745703751.2882977,0.010176176205277443
1690,1745703759.9015107,0.0055737183429300785
1691,1745703770.2569158,0.025813845917582512
1692,1745703781.584511,0.00443101953715086
1693,1745703794.3215885,0.006573084741830826
1694,1745703806.8255074,0.007629677187651396
1695,1745703818.5210958,0.0057059903629124165
1696,1745703831.3819222,0.004652137402445078
1697,1745703842.9992702,0.007634096313267946
1698,1745703851.0804744,0.003019440220668912
1699,1745703864.1223779,0.008091001771390438
1700,1745703876.8220472,0.014628821052610874
1701,1745703886.9208252,0.01890546828508377
1702,1745703899.3712242,0.00793776661157608
1703,1745703912.4302516,0.0049233813770115376
1704,1745703923.3627021,0.010999995283782482
1705,1745703933.5040555,0.0037297592498362064
1706,1745703943.3086863,0.0027896848041564226
1707,1745703953.2296152,0.005951931234449148
1708,1745703965.86424,0.002017508028075099
1709,1745703979.4930692,0.008509011939167976
1710,1745703992.0877686,0.002845477545633912
1711,1745704003.1522782,0.018409108743071556
1712,1745704015.419603,0.0041950116865336895
1713,1745704024.7673883,0.003258554730564356
1714,1745704034.6098096,0.007853500545024872
1715,1745704048.4326344,0.00645523751154542
1716,1745704055.3548498,0.006036160979419947
1717,1745704065.8025537,0.0062481374479830265
1718,1745704081.6442695,0.007197453640401363
1719,1745704090.4069304,0.007727356627583504
1720,1745704095.9660988,0.004749718587845564
1721,1745704155.4500363,0.006297644693404436
1722,1745704165.609031,0.002765921875834465
1723,1745704177.4146922,0.011337916366755962
1724,1745704190.8241942,0.0036282397340983152
1725,1745704204.440949,0.005991087295114994
1726,1745704210.6627529,0.005427815485745668
1727,1745704222.0613883,0.004591426812112331
1728,1745704236.3561127,0.002267021220177412
1729,1745704246.1432962,0.0055462936870753765
1730,1745704256.1989875,0.017425399273633957
1731,1745704266.1801047,0.002584593603387475
1732,1745704278.4188688,0.0036637093871831894
1733,1745704289.7227209,0.009373769164085388
1734,1745704299.4055212,0.005204977933317423
1735,1745704312.9024432,0.004375014454126358
1736,1745704319.9886894,0.0007622274570167065
1737,1745704328.4699485,0.005832525435835123
1738,1745704345.9295018,0.014735898934304714
1739,1745704354.9485261,0.0025369208306074142
1740,1745704363.0315084,0.0022455877624452114
1741,1745704372.6455076,0.0065074791200459
1742,1745704379.7520354,0.004610447678714991
1743,1745704391.5966666,0.005132381804287434
1744,1745704404.077799,0.04394572600722313
1745,1745704415.4712706,0.005260292440652847
1746,1745704425.4447975,0.027593310922384262
1747,1745704437.7070866,0.04551300033926964
1748,1745704454.0855126,0.011787773109972477
1749,1745704466.352813,0.0026167321484535933
1750,1745704479.5219526,0.006462878081947565
1751,1745704488.535746,0.0011058285599574447
1752,1745704500.1771705,0.029973695054650307
1753,1745704508.4371696,0.006785704754292965
1754,1745704518.668841,0.006806959863752127
1755,1745704531.662023,0.0021390989422798157
1756,1745704542.4541695,0.00874443631619215
1757,1745704551.6234434,0.008808315731585026
1758,1745704560.8371997,0.02699189819395542
1759,1745704568.6278698,0.02336408570408821
1760,1745704579.0303671,0.006448834668844938
1761,1745704589.4444056,0.014211177825927734
1762,1745704598.401002,0.015074105933308601
1763,1745704610.19315,0.023457080125808716
1764,1745704622.41929,0.007612849585711956
1765,1745704637.5407853,0.005426310934126377
1766,1745704648.0199502,0.01789490133523941
1767,1745704655.201514,0.014864588156342506
1768,1745704664.850572,0.004662412218749523
1769,1745704672.197396,0.00691661611199379
1770,1745704682.8966966,0.004574887454509735
1771,1745704691.5661893,0.0012529264204204082
1772,1745704700.636171,0.00941599253565073
1773,1745704713.4895196,0.012509826570749283
1774,1745704726.6327252,0.01684259995818138
1775,1745704738.2072709,0.012053674086928368
1776,1745704746.4522717,0.01295799296349287
1777,1745704757.0809095,0.012884503230452538
1778,1745704768.707345,0.021878765895962715
1779,1745704780.112375,0.004016962368041277
1780,1745704790.48694,0.00519963912665844
1781,1745704801.018345,0.0020247313659638166
1782,1745704812.581083,0.004555094987154007
1783,1745704821.927827,0.009242929518222809
1784,1745704832.0726843,0.006681834813207388
1785,1745704841.8378613,0.009023908525705338
1786,1745704856.321829,0.015122201293706894
1787,1745704864.2038856,0.02106926590204239
1788,1745704873.8935153,0.010163414292037487
1789,1745704887.671542,0.004498906899243593
1790,1745704898.6198273,0.005835564807057381
1791,1745704908.038003,0.0026668549980968237
1792,1745704917.3437572,0.0006671844748780131
1793,1745704928.6436427,0.009458228945732117
1794,1745704939.4230773,0.007142182439565659
1795,1745704952.7656145,0.002029814524576068
1796,1745704964.7228775,0.008457955904304981
1797,1745704980.1305065,0.011119444854557514
1798,1745704990.6168168,0.0041668713092803955
1799,1745704999.2570367,0.0018487678607925773
1800,1745705009.7655106,0.0058811199851334095
1801,1745705021.0277927,0.005999560933560133
1802,1745705034.523263,0.004006888717412949
1803,1745705045.1321924,0.012760232202708721
1804,1745705054.4568214,0.006934221368283033
1805,1745705067.8335001,0.004466207232326269
1806,1745705072.0050802,0.0005811286391690373
1807,1745705133.0060859,0.005499063525348902
1808,1745705140.894177,0.0015907995402812958
1809,1745705157.3789766,0.020083650946617126
1810,1745705172.915883,0.002007744973525405
1811,1745705184.3871279,0.00325371534563601
1812,1745705195.8912716,0.007156266365200281
1813,1745705209.8457034,0.006696791388094425
1814,1745705219.3773434,0.008368969894945621
1815,1745705231.7266455,0.004075746517628431
1816,1745705242.9629095,0.007752503268420696
1817,1745705258.4942265,0.02413320168852806
1818,1745705270.100655,0.003291032277047634
1819,1745705282.5014825,0.004623556975275278
1820,1745705291.2449358,0.014964383095502853
1821,1745705303.9024255,0.004412623587995768
1822,1745705312.7735188,0.010287661105394363
1823,1745705322.013003,0.005713684018701315
1824,1745705331.0894952,0.0023232456296682358
1825,1745705342.3525522,0.008462808094918728
1826,1745705352.0282514,0.004130145534873009
1827,1745705361.9996676,0.001807203982025385
1828,1745705370.7737937,0.007102388422936201
1829,1745705385.2645533,0.003743245266377926
1830,1745705398.5993607,0.005486481357365847
1831,1745705409.225355,0.0010860076872631907
1832,1745705416.8415213,0.004677362274378538
1833,1745705428.7048998,0.005036449525505304
1834,1745705440.2202125,0.005634290166199207
1835,1745705450.7052915,0.0038937602657824755
1836,1745705462.361668,0.003760910825803876
1837,1745705475.0143294,0.003655405715107918
1838,1745705487.833336,0.011851584538817406
1839,1745705501.5286717,0.001679927809163928
1840,1745705511.3860388,0.0028052818961441517
1841,1745705522.365673,0.0062980055809021
1842,1745705534.8937883,0.004900850355625153
1843,1745705550.562369,0.002563862130045891
1844,1745705562.0557005,0.005840391386300325
1845,1745705575.5633812,0.0020956688094884157
1846,1745705584.5854852,0.0028114255983382463
1847,1745705595.3189025,0.014675292186439037
1848,1745705608.4232767,0.00516933761537075
1849,1745705619.487936,0.008204780519008636
1850,1745705625.8626547,0.008798059076070786
1851,1745705635.9525442,0.016517726704478264
1852,1745705649.5654807,0.009672335349023342
1853,1745705660.159074,0.001182365813292563
1854,1745705672.5538893,0.00992005504667759
1855,1745705676.7018046,0.0026342743076384068
1856,1745705688.1472034,0.0028118789196014404
1857,1745705694.3018882,0.002395862713456154
1858,1745705704.0058625,0.002460140734910965
1859,1745705716.7468808,0.010534721426665783
1860,1745705728.0283241,0.0018679143395274878
1861,1745705738.9691246,0.0027273825835436583
1862,1745705747.4537802,0.002836523810401559
1863,1745705761.721652,0.00178686308208853
1864,1745705775.5660543,0.00849018432199955
1865,1745705782.7696843,0.003488756949082017
1866,1745705790.8731377,0.007448246702551842
1867,1745705802.6715684,0.004659079480916262
1868,1745705817.0215063,0.010088464245200157
1869,1745705825.916527,0.0014816687908023596
1870,1745705840.4884856,0.002599121769890189
1871,1745705854.2145693,0.0021930381190031767
1872,1745705867.3975918,0.005224062595516443
1873,1745705876.0559058,0.0037735719233751297
1874,1745705886.3133132,0.002789286430925131
1875,1745705897.7989056,0.009267410263419151
1876,1745705905.6252625,0.005247217603027821
1877,1745705915.9086082,0.003467526752501726
1878,1745705928.3586247,0.00027232716092839837
1879,1745705944.9111466,0.026212314143776894
1880,1745705962.1233408,0.005801491439342499
1881,1745705974.5031044,0.0006239329231902957
1882,1745705985.403288,0.002725200029090047
1883,1745705998.0127966,0.002391447778791189
1884,1745706007.7809289,0.001059394096955657
1885,1745706018.122192,0.0021923210006207228
1886,1745706028.1647475,0.007174200378358364
1887,1745706038.9206007,0.003117241896688938
1888,1745706048.4944108,0.002088601468130946
1889,1745706060.3474078,0.00554806599393487
1890,1745706071.4917302,0.0009738184162415564
1891,1745706082.7491372,0.007530794478952885
1892,1745706086.2040825,0.0026475039776414633
1893,1745706148.5681822,0.0022210516035556793
1894,1745706156.8111043,0.0023491340689361095
1895,1745706168.603628,0.0037637026980519295
1896,1745706173.6690016,0.0037163756787776947
1897,1745706187.9249523,0.0035007891710847616
1898,1745706196.9652593,0.0019236787920817733
1899,1745706209.053504,0.0015417353715747595
1900,1745706221.1223063,0.00529134226962924
1901,1745706233.2537055,0.007063106168061495
1902,1745706245.711121,0.002170478692278266
1903,1745706257.3443713,0.0011705805081874132
1904,1745706266.1802437,0.0034194770269095898
1905,1745706279.2839124,0.0013069452252238989
1906,1745706292.9170556,0.0009350530453957617
1907,1745706302.7727802,0.0027180598117411137
1908,1745706312.2614915,0.005914457142353058
1909,1745706328.487211,0.0030423728749156
1910,1745706346.0836365,0.0015063491882756352
1911,1745706362.5958529,0.0013396358117461205
1912,1745706373.2115834,0.001969294622540474
1913,1745706388.3952613,0.0007351416861638427
1914,1745706402.6089425,0.0016814041882753372
1915,1745706416.969392,0.0007590207387693226
1916,1745706434.3904684,0.007613922469317913
1917,1745706445.4482121,0.017923837527632713
1918,1745706458.889597,0.00036000239197164774
1919,1745706477.6495047,0.0008928118622861803
1920,1745706492.3126116,0.0025858841836452484
1921,1745706503.5016859,0.0012190939160063863
1922,1745706519.4531913,0.00913476012647152
1923,1745706533.9687793,0.003923570737242699
1924,1745706552.8384507,0.0020493417978286743
1925,1745706572.2347631,0.001847911742515862
1926,1745706585.5671234,0.009273876436054707
1927,1745706595.6956458,0.007176837883889675
1928,1745706617.2139413,0.006701898295432329
1929,1745706636.5452561,0.0038461724761873484
1930,1745706648.3116431,0.0015226916875690222
1931,1745706657.556589,0.005637742578983307
1932,1745706669.9683084,0.019315028563141823
1933,1745706686.9006424,0.0013952524168416858
1934,1745706698.6931198,0.002756203291937709
1935,1745706714.760792,0.001695545855909586
1936,1745706731.2450318,0.0022939264308661222
1937,1745706751.613185,0.004145463928580284
1938,1745706765.6062725,0.005698688328266144
1939,1745706777.1899934,0.0013294961536303163
1940,1745706796.7027364,0.0022696678061038256
1941,1745706820.2464926,0.002944700187072158
1942,1745706826.938378,0.002139912685379386
1943,1745706843.4799376,0.008755037561058998
1944,1745706861.2034173,0.001547354506328702
1945,1745706880.7433057,0.0011683990014716983
1946,1745706888.8625262,0.001237212447449565
1947,1745706910.4638767,0.0029278357978910208
1948,1745706922.8282533,0.03063305653631687
1949,1745706945.3714466,0.0010132145835086703
1950,1745706955.86533,0.007953508757054806
1951,1745706970.9403698,0.0020142889115959406
1952,1745706988.7110152,0.005855354014784098
1953,1745706999.9874108,0.00769056985154748
1954,1745707015.1874287,0.00015815792721696198
1955,1745707029.2357934,0.001283868565224111
1956,1745707046.2505007,0.00021513350657187402
1957,1745707072.4550931,0.013039004988968372
1958,1745707080.234986,0.0052260225638747215
1959,1745707099.7098145,0.0009318848024122417
1960,1745707115.4408922,0.0010747810592874885
1961,1745707129.4168189,0.001343277981504798
1962,1745707143.7221723,0.0051492745988070965
1963,1745707162.471794,0.004373973235487938
1964,1745707177.4706316,0.001694308128207922
1965,1745707187.830296,0.005367589648813009
1966,1745707203.1904554,0.002288587624207139
1967,1745707218.9361877,0.0014599306741729379
1968,1745707231.018178,0.005940681789070368
1969,1745707248.7567317,0.002845021430402994
1970,1745707264.3920913,0.0010334048420190811
1971,1745707275.3048704,0.0017748994287103415
1972,1745707294.7534776,0.0034892915282398462
1973,1745707305.6901298,0.007790911942720413
1974,1745707320.0993915,0.010451245121657848
1975,1745707338.6265235,0.0015666086692363024
1976,1745707351.36953,0.001567233121022582
1977,1745707362.5652287,0.0026130033656954765
1978,1745707366.6324222,0.021685335785150528
1979,1745707494.0899873,0.0013279042905196548
1980,1745707514.7844868,0.009245332330465317
1981,1745707521.1853383,0.0025686973240226507
1982,1745707546.2022598,0.001516966731287539
1983,1745707552.299596,0.001010922365821898
1984,1745707563.525046,0.002754262648522854
1985,1745707582.0691593,0.02768348529934883
1986,1745707591.0506372,0.001156376674771309
1987,1745707606.1622195,0.00198530126363039
1988,1745707612.070753,0.003327104728668928
1989,1745707630.8559713,0.0018813232891261578
1990,1745707640.8469806,0.019846055656671524
1991,1745707653.6828778,0.0015349718742072582
1992,1745707663.0535872,0.0021886893082410097
1993,1745707684.3141448,0.0032652332447469234
1994,1745707694.5516474,0.0011566653847694397
1995,1745707702.3837593,0.001878976239822805
1996,1745707726.161173,0.010482934303581715
1997,1745707735.5317934,0.000923764193430543
1998,1745707746.796923,0.00158837647177279
1999,1745707765.2924397,0.0015280174557119608
2000,1745707777.9182625,0.0011731991544365883
2001,1745707793.2008386,0.001484475564211607
2002,1745707805.3972702,0.005138861946761608
2003,1745707816.131042,0.00218935776501894
2004,1745707831.1879566,0.0041315387934446335
2005,1745707848.258975,0.0007309249485842884
2006,1745707860.3001688,0.001333962194621563
2007,1745707875.611517,0.007245406974107027
2008,1745707892.7012632,0.006121025886386633
2009,1745707904.2401693,0.0008587297634221613
2010,1745707923.570925,0.0023726653307676315
2011,1745707932.9387264,0.005511683877557516
2012,1745707946.6913183,0.00411362387239933
2013,1745707962.1304975,0.007177645806223154
2014,1745707977.334226,0.0019287539180368185
2015,1745707987.089829,0.0004802303737960756
2016,1745708008.3863196,0.0020782954525202513
2017,1745708017.2863026,0.008152424357831478
2018,1745708036.3717403,0.0022717660758644342
2019,1745708051.4436965,0.009443151764571667
2020,1745708060.1202884,0.0024549795780330896
2021,1745708084.550605,0.03367180377244949
2022,1745708101.295833,0.0011726097436621785
2023,1745708123.121512,0.0006997552700340748
2024,1745708137.1906064,0.0020006184931844473
2025,1745708149.1289132,0.0009934317786246538
2026,1745708169.9706573,0.0015432260697707534
2027,1745708189.211386,0.002196020446717739
2028,1745708210.5699303,0.0030504162423312664
2029,1745708216.6251092,0.0013431920669972897
2030,1745708231.8496678,0.0026080282405018806
2031,1745708253.3926027,0.003979296889156103
2032,1745708274.5728729,0.0022788795176893473
2033,1745708280.63253,0.002348501468077302
2034,1745708297.3926597,0.002457734663039446
2035,1745708304.6898205,0.0014659370062872767
2036,1745708327.6969728,0.001161410240456462
2037,1745708340.4238176,0.0022139709908515215
2038,1745708355.0085154,0.001327983569353819
2039,1745708372.2378845,0.0009010134381242096
2040,1745708388.7182252,0.002245995681732893
2041,1745708397.8790374,0.0005994898965582252
2042,1745708416.3828087,0.0048478394746780396
2043,1745708437.4704356,0.0022490962874144316
2044,1745708459.8535402,0.0023647609632462263
2045,1745708481.9848359,0.000535458093509078
2046,1745708491.467277,0.002017802558839321
2047,1745708509.0816839,0.0004734477261081338
2048,1745708525.2549012,0.0007551995222456753
2049,1745708537.5228477,0.00376710738055408
2050,1745708548.1247709,0.0009215014870278537
2051,1745708561.2190454,0.009854596108198166
2052,1745708579.0148072,0.0013760977890342474
2053,1745708587.1050782,0.0012375236256048083
2054,1745708609.2722683,0.0009989592945203185
2055,1745708617.5553522,0.011828276328742504
2056,1745708635.753127,0.00039647778612561524
2057,1745708646.801441,0.0022543196100741625
2058,1745708663.2966702,0.0017663126345723867
2059,1745708676.6888218,0.0007532667950727046
2060,1745708687.4949236,0.0029967089649289846
2061,1745708702.20589,0.0027475093957036734
2062,1745708712.792838,0.008444838225841522
2063,1745708733.4971921,0.0017964659491553903
2064,1745708737.4237807,0.02560816891491413
2065,1745708869.4126337,0.016204826533794403
2066,1745708895.0356107,0.0025332251098006964
2067,1745708903.408327,0.010435162112116814
2068,1745708921.9946709,0.001318365684710443
2069,1745708930.933905,0.004207811783999205
2070,1745708944.269323,0.002113647758960724
2071,1745708958.6162617,0.001111876335926354
2072,1745708972.658113,0.0031144460663199425
2073,1745708985.4676626,0.0015058759599924088
2074,1745708999.034431,0.0006636608159169555
2075,1745709017.4699402,0.0013108989223837852
2076,1745709028.4160275,0.0028195707127451897
2077,1745709044.5051198,0.00019952681032009423
2078,1745709060.8045173,0.0017947843298316002
2079,1745709071.3960965,0.0051376838237047195
2080,1745709094.5322504,0.003985067363828421
2081,1745709104.0914943,0.001712386030703783
2082,1745709119.2381678,0.011981953866779804
2083,1745709134.2561295,0.0012261614901944995
2084,1745709148.099046,0.0009360871626995504
2085,1745709171.187016,0.0015303270192816854
2086,1745709183.5606506,0.0027032678481191397
2087,1745709192.561177,0.050765518099069595
2088,1745709210.9978447,0.001968169119209051
2089,1745709219.8713052,0.0009312188485637307
2090,1745709237.1824894,0.0011136381654068828
2091,1745709255.7179728,0.0009059177828021348
2092,1745709263.3113039,0.0020522093400359154
2093,1745709288.7205286,0.0034401719458401203
2094,1745709301.5613017,0.0014875506749376655
2095,1745709325.0639677,0.0006247482378967106
2096,1745709339.6207192,0.00277173169888556
2097,1745709351.349365,0.0009618757176212966
2098,1745709367.3542864,0.017695143818855286
2099,1745709381.9577057,0.002894441829994321
2100,1745709402.2722716,0.0012084104819223285
2101,1745709411.1545622,0.0009870878420770168
2102,1745709430.968204,0.002729851985350251
2103,1745709444.7529466,0.050018876791000366
2104,1745709454.6692507,0.002310746116563678
2105,1745709474.9993951,0.002974885515868664
2106,1745709481.1674094,0.001506503322161734
2107,1745709497.7376955,0.02769790217280388
2108,1745709514.9666061,0.00743737630546093
2109,1745709527.0639,0.0034150967840105295
2110,1745709543.836491,0.006411252077668905
2111,1745709556.9047182,0.0005775596364401281
2112,1745709577.6309967,0.0012381619308143854
2113,1745709585.057625,0.0022103546652942896
2114,1745709601.2841022,0.0022712487261742353
2115,1745709616.415854,0.012581960298120975
2116,1745709627.7298403,0.0007267449982464314
2117,1745709643.629032,0.0023430290166288614
2118,1745709663.1880934,0.006574288941919804
2119,1745709677.8016946,0.0021062172017991543
2120,1745709694.4469192,0.005897737108170986
2121,1745709711.8087764,0.0014136568643152714
2122,1745709732.9158561,0.0019047897076234221
2123,1745709740.4814522,0.0011716812150552869
2124,1745709752.3095052,0.0026002703234553337
2125,1745709770.7957828,0.0018139590974897146
2126,1745709793.8707519,0.001781146158464253
2127,1745709809.6557465,0.0013381736353039742
2128,1745709826.856903,0.0022337392438203096
2129,1745709843.5435429,0.0004101373488083482
2130,1745709858.4747264,0.000462912954390049
2131,1745709874.9799733,0.0036609801463782787
2132,1745709890.8349552,0.0005235961871221662
2133,1745709913.3285534,0.0020670630037784576
2134,1745709923.0732174,0.00039388498407788575
2135,1745709939.4117746,0.009825545363128185
2136,1745709948.9995,0.002508553210645914
2137,1745709969.3545105,0.002886200323700905
2138,1745709977.603536,0.0038813406135886908
2139,1745709993.2803812,0.007704439107328653
2140,1745710002.6418405,0.0007563355029560626
2141,1745710020.3386993,0.0002995086251758039
2142,1745710032.8994217,0.0007458241889253259
2143,1745710048.5542994,0.0011275589931756258
2144,1745710068.3749907,0.005000113509595394
2145,1745710082.104029,0.0005669650272466242
2146,1745710097.5655124,0.0036417299415916204
2147,1745710107.3822646,0.0013805653434246778
2148,1745710126.5757964,0.0011753210565075278
2149,1745710139.4558935,0.0023928142618387938
2150,1745710143.7518284,0.03356409817934036
2151,1745710264.9523356,0.00018792989430949092
2152,1745710279.7848146,0.01704264059662819
2153,1745710297.7615478,0.0004921631771139801
2154,1745710308.659082,0.001294494024477899
2155,1745710318.5332885,0.02097710222005844
2156,1745710335.8440516,0.0019460852490738034
2157,1745710347.8068204,0.0033563282340765
2158,1745710363.2322564,0.005457316525280476
2159,1745710380.6281884,0.0049302102997899055
2160,1745710392.7438107,0.0014159629354253411
2161,1745710403.1347072,0.00023485445126425475
2162,1745710424.3132734,0.001369996927678585
2163,1745710433.359148,0.0023118930403143167
2164,1745710455.85806,0.001857852446846664
2165,1745710467.7434437,0.0008681898470968008
2166,1745710476.881761,0.0006585961673408747
2167,1745710496.5398898,0.0008024892886169255
2168,1745710504.758465,0.001674711937084794
2169,1745710532.573614,0.0012810953194275498
2170,1745710544.4075987,0.0060356250032782555
2171,1745710559.2259932,0.0007571321330033243
2172,1745710567.8811157,0.0006207283586263657
2173,1745710579.9054615,0.0006192400469444692
2174,1745710596.4234295,0.0014377145562320948
2175,1745710604.8598576,0.0011490811593830585
2176,1745710622.6152678,0.02834167890250683
2177,1745710637.0646267,0.01455982867628336
2178,1745710652.2062874,0.0015346687287092209
2179,1745710659.2692854,0.002661291277036071
2180,1745710674.4581356,0.008070569485425949
2181,1745710684.4924383,0.001918433466926217
2182,1745710703.3723598,0.0023593136575073004
2183,1745710718.770442,0.004161527380347252
2184,1745710730.4606183,0.013376216404139996
2185,1745710746.0264854,0.007165857125073671
2186,1745710762.51399,0.0012574228458106518
2187,1745710774.643518,0.002442670753225684
2188,1745710794.6621196,0.01545458659529686
2189,1745710802.785266,0.005561536643654108
2190,1745710820.7443185,0.0021667873952537775
2191,1745710833.5679739,0.0025518264155834913
2192,1745710845.3198214,0.0017386529361829162
2193,1745710860.1847165,0.0019126160768792033
2194,1745710876.2045696,0.003261014586314559
2195,1745710889.716186,0.0006759336683899164
2196,1745710909.4366841,0.008840005844831467
2197,1745710917.4821706,0.008965677581727505
2198,1745710927.4726703,0.003200774546712637
2199,1745710952.8947763,0.003999793436378241
2200,1745710972.2719355,0.00510051753371954
2201,1745710984.372308,0.006822541821748018
2202,1745711001.2147903,0.020894579589366913
2203,1745711013.1612523,0.001706670387648046
2204,1745711028.2885792,0.0016674053622409701
2205,1745711046.6885164,0.00735697615891695
2206,1745711057.0355113,0.0032121322583407164
2207,1745711074.7450752,0.006149938330054283
2208,1745711090.382869,0.0018830789485946298
2209,1745711099.020841,0.014050991274416447
2210,1745711113.5217645,0.001757244230248034
2211,1745711132.719323,0.005071382038295269
2212,1745711143.6405504,0.001372511382214725
2213,1745711165.653861,0.0016048247925937176
2214,1745711177.1801128,0.0027810789179056883
2215,1745711194.6120994,0.0012390731135383248
2216,1745711205.8468895,0.004477977752685547
2217,1745711221.0319393,0.0007137934444472194
2218,1745711237.225843,0.0032495774794369936
2219,1745711253.9431643,0.001195424934849143
2220,1745711265.4781444,0.0004356501449365169
2221,1745711286.921154,0.0011720797047019005
2222,1745711303.6655385,0.005076149944216013
2223,1745711314.9598725,0.002239867812022567
2224,1745711327.9223332,0.0010122604435309768
2225,1745711336.3572898,0.004459016025066376
2226,1745711356.248921,0.0006310989847406745
2227,1745711363.4452748,0.005095805507153273
2228,1745711385.2416284,0.0015462827868759632
2229,1745711394.6475856,0.0009542443440295756
2230,1745711413.8778145,0.0009400031412951648
2231,1745711425.9375176,0.002122430829331279
2232,1745711444.0346034,0.002459900453686714
2233,1745711455.8863046,0.0017907448345795274
2234,1745711473.479999,0.000589646864682436
2235,1745711489.2299027,0.001839024480432272
2236,1745711493.927951,0.0002833013131748885
2237,1745711600.5554256,0.0008128824410960078
2238,1745711617.145519,0.003930855076760054
2239,1745711632.675908,0.0015220935456454754
2240,1745711645.0263088,0.003053472377359867
2241,1745711660.775861,0.00034639291698113084
2242,1745711670.5056803,0.0023074913769960403
2243,1745711688.6534176,0.000880915904417634
2244,1745711700.8824484,0.013773377053439617
2245,1745711714.7981012,0.000758726557251066
2246,1745711728.7288034,0.0015409571351483464
2247,1745711746.4221487,0.0009588334942236543
2248,1745711755.6809862,0.0005635524867102504
2249,1745711771.0771008,0.0007134862244129181
2250,1745711784.7686515,0.001017736503854394
2251,1745711799.3880055,0.007449180353432894
2252,1745711814.3065367,0.0007543886313214898
2253,1745711825.2007198,0.000577435246668756
2254,1745711843.173717,0.0007436759187839925
2255,1745711856.2135327,0.00018200493650510907
2256,1745711876.2691991,0.0043053459376096725
2257,1745711893.0375028,0.009038913995027542
2258,1745711899.4259224,0.0007589337765239179
2259,1745711915.7680058,0.0017058401135727763
2260,1745711929.605811,0.0010263118892908096
2261,1745711946.9327686,0.007988975383341312
2262,1745711969.019008,0.0075662280432879925
2263,1745711975.7092526,0.0009125907672569156
2264,1745711996.7151601,0.0004733786918222904
2265,1745712014.452702,9.33884148253128e-05
2266,1745712029.9280295,0.0003890559310093522
2267,1745712040.3180828,0.0007151526515372097
2268,1745712055.7434287,0.004839190281927586
2269,1745712072.361474,0.0009658379713073373
2270,1745712084.0963335,0.0005888303858228028
2271,1745712101.4590883,0.008027835749089718
2272,1745712111.6007493,0.009722535498440266
2273,1745712128.3880403,0.001047567231580615
2274,1745712142.1919632,0.0026225761976093054
2275,1745712151.9905016,0.0019203099654987454
2276,1745712170.2574732,0.003964750561863184
2277,1745712179.6228287,0.004729676991701126
2278,1745712197.9690962,0.008171663619577885
2279,1745712217.8541608,0.0010293411323800683
2280,1745712228.996743,0.004534578882157803
2281,1745712243.376939,0.008735733106732368
2282,1745712260.4562068,0.0013752803206443787
2283,1745712276.3328583,0.001491005066782236
2284,1745712290.8585947,0.0005301254568621516
2285,1745712314.216869,0.00022970352438278496
2286,1745712323.1325312,0.0003932302352041006
2287,1745712342.6952066,0.003295707982033491
2288,1745712352.3006644,0.009658627212047577
2289,1745712365.207675,0.0015200707130134106
2290,1745712378.2227616,0.0077407872304320335
2291,1745712393.4227598,0.0008287092205137014
2292,1745712404.1456401,0.006319206207990646
2293,1745712416.4551148,0.0038410238921642303
2294,1745712430.6487515,0.0022842863108962774
2295,1745712448.5950317,0.001563107711263001
2296,1745712469.53242,0.0009158095926977694
2297,1745712492.0821762,0.0016422296175733209
2298,1745712513.7518988,0.02573372796177864
2299,1745712522.9346535,0.0009734475752338767
2300,1745712534.463729,0.0008615378756076097
2301,1745712552.373635,0.00192084105219692
2302,1745712571.0439606,0.00046641481458209455
2303,1745712581.4256592,0.0012883468298241496
2304,1745712600.9935284,0.008195598609745502
2305,1745712617.0338094,0.004599614534527063
2306,1745712635.0438063,0.002382196020334959
2307,1745712644.4078238,0.0008680204628035426
2308,1745712663.7349153,0.0012331445468589664
2309,1745712674.6307058,0.0013416910078376532
2310,1745712686.0430865,0.004547005984932184
2311,1745712704.0630636,0.003302724100649357
2312,1745712717.1963093,0.0004987060092389584
2313,1745712732.0280733,0.006237143184989691
2314,1745712746.5067294,0.00791564304381609
2315,1745712766.3208861,0.006103020627051592
2316,1745712781.4159117,0.028129061684012413
2317,1745712792.6257477,0.001323677715845406
2318,1745712807.9997957,0.000553472782485187
2319,1745712816.2644837,0.0004400257603265345
2320,1745712839.8340418,0.004004552494734526
2321,1745712854.0096784,0.0011287475936114788
2322,1745712856.9689074,0.021684447303414345
2323,1745713003.1880057,0.0007592434412799776
2324,1745713011.6902702,0.0015600916231051087
2325,1745713020.756078,0.003342352109029889
2326,1745713039.1601636,0.017134850844740868
2327,1745713049.33449,0.0002748491824604571
2328,1745713059.198512,0.0034205380361527205
2329,1745713077.8445222,0.01374776754528284
2330,1745713089.823784,0.004055011551827192
2331,1745713107.5584567,0.0021719816140830517
2332,1745713121.1572475,0.002195554319769144
2333,1745713132.2868953,0.0037461980246007442
2334,1745713147.85283,0.007209795992821455
2335,1745713156.3097744,0.003788852831348777
2336,1745713171.7202024,0.013900687918066978
2337,1745713185.245861,0.005863313563168049
2338,1745713198.6819587,0.005440231412649155
2339,1745713217.9287229,0.0328793004155159
2340,1745713232.136677,0.016317427158355713
2341,1745713245.5971856,0.007825708016753197
2342,1745713259.6040876,0.011633518151938915
2343,1745713277.2068377,0.03253842145204544
2344,1745713291.4186134,0.02543594129383564
2345,1745713303.5681028,0.04764755442738533
2346,1745713310.9992154,0.003981635440140963
2347,1745713333.1907823,0.0028688509482890368
2348,1745713356.5727448,0.0030697721522301435
2349,1745713365.277507,0.008979395031929016
2350,1745713379.9341366,0.00809892825782299
2351,1745713392.7468338,0.010029367171227932
2352,1745713406.8525877,0.0015341512626037002
2353,1745713421.4529908,0.005363763310015202
2354,1745713438.2277024,0.000950097048189491
2355,1745713452.4547763,0.0026427411939948797
2356,1745713462.7887018,0.0014119372935965657
2357,1745713483.2458808,0.0013914689188823104
2358,1745713502.8461998,0.0012031325604766607
2359,1745713508.370225,0.011307204142212868
2360,1745713531.3752782,0.005717529449611902
2361,1745713555.4745297,0.003924836404621601
2362,1745713577.7181103,0.00621494185179472
2363,1745713595.0916455,0.002965560182929039
2364,1745713603.4627655,0.004651547875255346
2365,1745713620.76177,0.004022257402539253
2366,1745713632.227234,0.003477793186903
2367,1745713647.1818979,0.005935698747634888
2368,1745713666.3231444,0.0023380762431770563
2369,1745713676.5884628,0.005013829562813044
2370,1745713694.1171677,0.006913244258612394
2371,1745713703.6779914,0.003574490314349532
2372,1745713718.3875003,0.0011069501051679254
2373,1745713730.245418,0.006306768395006657
2374,1745713743.9724257,0.006040801759809256
2375,1745713759.2198293,0.004240820184350014
2376,1745713776.1563663,0.005138452164828777
2377,1745713786.1466854,0.006456021219491959
2378,1745713803.0799968,0.007135307881981134
2379,1745713812.8490274,0.003254137933254242
2380,1745713827.649093,0.0032204671297222376
2381,1745713843.5156488,0.0024256363976746798
2382,1745713860.2304528,0.015115208923816681
2383,1745713878.214697,0.002721669850870967
2384,1745713887.8419137,0.003770270384848118
2385,1745713910.7784007,0.0030979288276284933
2386,1745713936.1342704,0.003345772624015808
2387,1745713947.0234132,0.01994314230978489
2388,1745713960.3922918,0.004835526924580336
2389,1745713979.6509047,0.002529857913032174
2390,1745713991.3184428,0.0009136524749919772
2391,1745714008.0347252,0.002149732317775488
2392,1745714020.6805043,0.0032668167259544134
2393,1745714039.9354346,0.0011740083573386073
2394,1745714050.9476848,0.0026668445207178593
2395,1745714066.1370182,0.0020089640747755766
2396,1745714075.457486,0.0005689141107723117
2397,1745714093.909076,0.0024714528117328882
2398,1745714107.615996,0.01369684748351574
2399,1745714121.040571,0.002739629475399852
2400,1745714143.7387402,0.007501817308366299
2401,1745714152.5768385,0.0016333244275301695
2402,1745714165.8851357,0.007224477361887693
2403,1745714178.282483,0.0056743379682302475
2404,1745714196.6874678,0.004292286466807127
2405,1745714216.3788042,0.007026137784123421
2406,1745714223.3929355,0.0029685639310628176
2407,1745714239.3173459,0.00522771617397666
2408,1745714244.3216279,0.002292639808729291
2409,1745714366.005063,0.006941809784621
2410,1745714384.0969875,0.010441423393785954
2411,1745714397.4754965,0.0021689562126994133
2412,1745714419.5989246,0.0058482950553298
2413,1745714425.6851165,0.0008371554431505501
2414,1745714439.7797012,0.0009032788802869618
2415,1745714451.3724415,0.0015580396866425872
2416,1745714468.369695,0.004708229098469019
2417,1745714477.027004,0.000440190895460546
2418,1745714491.3905973,0.008166714571416378
2419,1745714507.5958445,0.003792210016399622
2420,1745714517.8102956,0.013113473542034626
2421,1745714535.8534446,0.0004025402886327356
2422,1745714545.7341135,0.0004323987232055515
2423,1745714568.97954,0.001185999484732747
2424,1745714578.1082242,0.002272156998515129
2425,1745714591.3831222,0.0011448200093582273
2426,1745714606.330831,0.0013476174790412188
2427,1745714617.8894718,0.00026030116714537144
2428,1745714628.4255078,0.0004868471878580749
2429,1745714639.6454878,0.003998137079179287
2430,1745714649.4977353,0.0005481221014633775
2431,1745714666.4167583,0.00033668678952381015
2432,1745714674.6452153,0.0016057102475315332
2433,1745714687.7920668,0.008677900768816471
2434,1745714701.1282582,0.006187201011925936
2435,1745714715.675648,0.0007708824123255908
2436,1745714735.3893478,0.000651102454867214
2437,1745714747.3002713,0.0022109895944595337
2438,1745714766.0955784,0.0021977063734084368
2439,1745714781.3672485,0.0008329999400302768
2440,1745714796.7246294,0.0008149523055180907
2441,1745714808.562143,0.0002342489897273481
2442,1745714829.3502862,0.00883425585925579
2443,1745714837.141454,0.0017908265581354499
2444,1745714858.7603273,0.010649295523762703
2445,1745714866.0658402,0.016987478360533714
2446,1745714883.290183,0.001783674000762403
2447,1745714902.3135204,0.020380616188049316
2448,1745714911.5822895,0.006777325179427862
2449,1745714927.6341808,0.0017412196611985564
2450,1745714943.360111,0.03335227072238922
2451,1745714964.030928,0.003933376166969538
2452,1745714971.3386512,0.003360896138474345
2453,1745714986.961067,0.04475697875022888
2454,1745715006.256778,0.002078081015497446
2455,1745715015.7824397,0.022247085347771645
2456,1745715033.3744633,0.005519383121281862
2457,1745715051.2052524,0.024828346446156502
2458,1745715060.7306454,0.002121762139722705
2459,1745715078.2420514,0.0001812864502426237
2460,1745715091.0194974,0.02685852162539959
2461,1745715105.9715433,0.007653893902897835
2462,1745715121.1922698,0.0011081588454544544
2463,1745715137.9437976,0.013752621598541737
2464,1745715150.2102869,0.0007924658129923046
2465,1745715160.6762764,0.024560458958148956
2466,1745715177.8103898,0.0013454282889142632
2467,1745715183.90934,0.028964217752218246
2468,1745715200.098753,0.009828844107687473
2469,1745715217.2298465,0.0029404195956885815
2470,1745715238.6471088,0.00851124245673418
2471,1745715257.981839,0.011351766996085644
2472,1745715272.5905483,0.011731995269656181
2473,1745715284.3678393,0.0037144303787499666
2474,1745715303.0659773,0.004386782180517912
2475,1745715316.86639,0.010683895088732243
2476,1745715327.0690863,0.026821935549378395
2477,1745715342.9718087,0.001705800648778677
2478,1745715358.6075044,0.0020084602292627096
2479,1745715376.298467,0.004938669968396425
2480,1745715392.5129936,0.0026138240937143564
2481,1745715406.9708776,0.004847653675824404
2482,1745715423.52396,0.011142358183860779
2483,1745715444.9333043,0.011149322614073753
2484,1745715452.6917663,0.002745142439380288
2485,1745715473.425284,0.01414194330573082
2486,1745715490.970338,0.001715455437079072
2487,1745715502.9120002,0.0067295171320438385
2488,1745715512.9350462,0.003476792946457863
2489,1745715530.2454221,0.004474218934774399
2490,1745715549.1634529,0.003017641603946686
2491,1745715559.8525496,0.0022082459181547165
2492,1745715576.0143316,0.0037744473665952682
2493,1745715589.3907788,0.0028351834043860435
2494,1745715592.9979968,0.002703940961509943
2495,1745715725.1840217,0.002003897214308381
2496,1745715738.5068192,0.00881496723741293
2497,1745715744.321667,0.0014905791031196713
2498,1745715760.316039,0.0016824636841192842
2499,1745715777.9676683,0.0014702021144330502
2500,1745715789.6710227,0.0009311712346971035
2501,1745715803.4707203,0.010628236457705498
2502,1745715826.8601208,0.0004863684589508921
2503,1745715832.845311,0.000759942689910531
2504,1745715849.4308681,0.006946078035980463
2505,1745715863.4197521,0.0041090985760092735
2506,1745715881.3246937,0.004139183089137077
2507,1745715891.7886288,0.007637422066181898
2508,1745715904.269749,0.0017561374697834253
2509,1745715919.5899315,0.003146399511024356
2510,1745715936.3089297,0.0019307920010760427
2511,1745715951.0381827,0.0019770804792642593
2512,1745715958.469852,0.006538012996315956
2513,1745715977.6646056,0.0025141274090856314
2514,1745715994.7860293,0.0028475653380155563
2515,1745716006.3250566,0.006547294557094574
2516,1745716021.3667564,0.0010511701693758368
2517,1745716039.4694784,0.0008430383750237525
2518,1745716054.5817091,0.0005865318817086518
2519,1745716063.4081423,0.002456977963447571
2520,1745716085.4992244,0.0049512265250086784
2521,1745716090.679106,0.0018089046934619546
2522,1745716108.0800915,0.001319052535109222
2523,1745716121.563016,0.002303080400452018
2524,1745716134.7839236,0.004485791549086571
2525,1745716149.7352195,0.02767079509794712
2526,1745716170.7030349,0.0007736676489003003
2527,1745716190.9645255,0.00045952032087370753
2528,1745716204.931195,0.005676785483956337
2529,1745716213.421734,0.000668274937197566
2530,1745716225.4665568,0.004074230790138245
2531,1745716241.561476,0.004735277034342289
2532,1745716257.309247,0.005705239716917276
2533,1745716277.0976567,0.001062659895978868
2534,1745716286.2239966,0.011903214268386364
2535,1745716307.250731,0.002117815660312772
2536,1745716320.8619244,0.009810162708163261
2537,1745716333.6410584,0.0014579157577827573
2538,1745716348.518268,0.0019167590653523803
2539,1745716363.803424,0.00019844938651658595
2540,1745716376.9085162,0.016883788630366325
2541,1745716391.3999686,0.002936313860118389
2542,1745716413.013693,0.005546684376895428
2543,1745716422.2095854,0.008932373486459255
2544,1745716442.4633865,0.01845058798789978
2545,1745716456.530027,0.00541794765740633
2546,1745716471.3230584,0.0015838696854189038
2547,1745716488.4652014,0.009483576752245426
2548,1745716507.048717,0.0008999170386232436
2549,1745716524.2899525,0.00014229925000108778
2550,1745716547.9510171,0.01056408230215311
2551,1745716556.6607301,0.003480905434116721
2552,1745716569.8060262,0.001513275085017085
2553,1745716578.8331306,0.002503027208149433
2554,1745716592.2270885,0.018803194165229797
2555,1745716606.821785,0.005349918734282255
2556,1745716622.2775304,0.004360660910606384
2557,1745716635.543724,0.00010675370140234008
2558,1745716649.6171207,0.010596325621008873
2559,1745716665.716918,0.0036083110608160496
2560,1745716681.8619888,0.0058026439510285854
2561,1745716696.1339066,0.001247772597707808
2562,1745716716.0503516,0.008378935046494007
2563,1745716733.469599,0.0014929624740034342
2564,1745716751.2929945,0.00026282379985786974
2565,1745716768.0848315,0.013038601726293564
2566,1745716783.0389085,0.0007694175583310425
2567,1745716801.9182305,0.0012282555690035224
2568,1745716815.9879673,0.002929930342361331
2569,1745716831.9280565,0.0065755583345890045
2570,1745716850.23973,0.0046461294405162334
2571,1745716861.9197628,0.006444680504500866
2572,1745716882.7183552,0.009393234737217426
2573,1745716901.527573,0.003983187954872847
2574,1745716910.407307,0.0005870605818927288
2575,1745716928.1222923,0.0006383427535183728
2576,1745716941.026827,0.006926793605089188
2577,1745716955.903942,0.0032719792798161507
2578,1745716967.8756678,0.015076351352036
2579,1745716983.931202,0.005450681317597628
2580,1745716987.7319357,0.00015017390251159668
2581,1745717121.0036278,0.002001025713980198
2582,1745717128.5788789,0.0028903160709887743
2583,1745717143.5712183,0.0007810554234310985
2584,1745717154.870697,0.007859748788177967
2585,1745717174.6264703,0.00030640990007668734
2586,1745717187.615784,0.002954275580123067
2587,1745717198.5545447,0.0047296322882175446
2588,1745717206.2440803,0.00029459333745762706
2589,1745717226.1418648,0.00016591884195804596
2590,1745717237.5482132,0.0006415541865862906
2591,1745717251.6426036,0.0012450774665921926
2592,1745717266.2702217,0.0001928429410327226
2593,1745717273.7340822,0.0004012626886833459
2594,1745717295.8417964,0.0014506563311442733
2595,1745717304.7919862,0.0004586931609082967
2596,1745717321.59961,0.0006304283160716295
2597,1745717337.4782944,0.0021594103891402483
2598,1745717349.2375553,0.000703238882124424
2599,1745717370.7339318,0.005464531481266022
2600,1745717380.997514,0.010073915123939514
2601,1745717394.818288,0.0007217561360448599
2602,1745717404.010904,0.015832727774977684
2603,1745717419.3703067,0.0003113931743428111
2604,1745717428.989847,0.0013538356870412827
2605,1745717443.4077182,0.0016265466110780835
2606,1745717453.4536645,0.0005548108601942658
2607,1745717471.696777,0.0002901160914916545
2608,1745717486.650305,0.00025926579837687314
2609,1745717500.0808034,0.002482869429513812
2610,1745717515.161419,0.0013221765402704477
2611,1745717529.160501,0.001089201308786869
2612,1745717545.5125673,0.0017809317214414477
2613,1745717566.378642,0.0004654640215449035
2614,1745717573.8895426,0.0005963725852780044
2615,1745717591.8069384,0.010787245817482471
2616,1745717601.9844558,0.000431602296885103
2617,1745717616.8550446,0.01618611440062523
2618,1745717633.3154535,0.002333478769287467
2619,1745717654.168919,0.001788939582183957
2620,1745717670.867522,0.008805934339761734
2621,1745717685.3270035,0.003421826520934701
2622,1745717698.5988975,0.0044217598624527454
2623,1745717716.2719805,0.0004312899836804718
2624,1745717735.1400166,0.0002229647507192567
2625,1745717743.178196,0.005847889930009842
2626,1745717764.2397091,0.00436710100620985
2627,1745717777.2864916,0.0012507078936323524
2628,1745717794.7377794,0.00027986918576061726
2629,1745717812.761111,0.0045637646690011024
2630,1745717821.0738099,0.00037815814721398056
2631,1745717836.2256656,0.0035413021687418222
2632,1745717848.2326381,0.0005022581899538636
2633,1745717868.847028,0.0059622651897370815
2634,1745717890.7876148,0.0024488207418471575
2635,1745717900.7637088,0.0010607069125398993
2636,1745717909.6400354,0.001063847215846181
2637,1745717926.9518218,0.0011547313770279288
2638,1745717940.3903463,0.004823244176805019
2639,1745717957.0943637,0.0011680664028972387
2640,1745717982.3975103,0.0010350042721256614
2641,1745717992.6503952,0.0007001350168138742
2642,1745718009.9263387,0.00033257820177823305
2643,1745718017.1975915,0.009189359843730927
2644,1745718034.356461,0.005922479555010796
2645,1745718050.3698583,0.0008766145911067724
2646,1745718065.195968,0.0008940490079112351
2647,1745718076.397763,0.027607843279838562
2648,1745718094.5680945,0.0010500701609998941
2649,1745718113.596303,0.0005827471613883972
2650,1745718138.6527824,0.00047096816706471145
2651,1745718160.170872,0.0003643567906692624
2652,1745718165.7133336,0.0015669766580685973
2653,1745718184.286675,0.003771589370444417
2654,1745718199.5299034,0.011966869235038757
2655,1745718209.2302725,0.0010376294376328588
2656,1745718229.6738045,0.00038684430182911456
2657,1745718239.98225,0.0010821401374414563
2658,1745718258.8641248,0.00025090662529692054
2659,1745718277.7650058,0.009698858484625816
2660,1745718289.389525,0.004348305519670248
2661,1745718299.739131,0.008031534031033516
2662,1745718313.364262,0.00017246550123672932
2663,1745718338.088587,0.0025068996474146843
2664,1745718345.7825797,0.0011059142416343093
2665,1745718369.3326614,0.0008797438931651413
2666,1745718373.0378764,0.010200549848377705
2667,1745718493.7224188,0.0005084772128611803
2668,1745718513.7238753,0.005926182493567467
2669,1745718521.8829725,0.00435740826651454
2670,1745718537.374182,0.0006477783317677677
2671,1745718550.1408908,0.0038116949144750834
2672,1745718569.8379855,0.0006767978193238378
2673,1745718580.3706298,0.0005936555680818856
2674,1745718593.908757,0.003948816563934088
2675,1745718608.9959352,0.002785590011626482
2676,1745718627.2837458,0.0013523439411073923
2677,1745718636.3118296,0.010866289958357811
2678,1745718651.6907594,0.004575775936245918
2679,1745718664.741926,0.0018250441644340754
2680,1745718680.570567,0.009211265482008457
2681,1745718705.1064832,0.0011170522775501013
2682,1745718710.3167784,0.008327239193022251
2683,1745718735.1699812,0.00041663338197395205
2684,1745718747.1021175,0.00040882191387936473
2685,1745718757.6844206,0.00012438373232726008
2686,1745718770.2359092,0.02240019477903843
2687,1745718785.1114347,0.002415664028376341
2688,1745718801.3931217,0.011514987796545029
2689,1745718814.338157,0.0003962487680837512
2690,1745718826.2378466,0.0002984387974720448
2691,1745718843.3432446,0.0009771265322342515
2692,1745718854.6269104,0.005757208447903395
2693,1745718873.5712528,0.014882330782711506
2694,1745718891.07427,0.0028085866943001747
2695,1745718909.2073832,0.0018210072303190827
2696,1745718919.8668768,0.006291813217103481
2697,1745718933.3705847,0.003038599621504545
2698,1745718948.558317,0.001177896629087627
2699,1745718964.89053,0.0055595869198441505
2700,1745718988.593891,0.003986569121479988
2701,1745718995.5436513,0.002251495374366641
2702,1745719010.4972413,0.002133543835952878
2703,1745719023.1364028,0.021167464554309845
2704,1745719038.8194304,0.0010553905740380287
2705,1745719054.5035799,0.0012009987840428948
2706,1745719075.1486416,0.003296267008408904
2707,1745719088.4071202,0.013489043340086937
2708,1745719102.2484193,0.011849808506667614
2709,1745719121.9845867,0.0006235588225536048
2710,1745719144.9308927,0.0098715303465724
2711,1745719153.1718686,0.006766085047274828
2712,1745719166.2496808,0.0034890400711447
2713,1745719177.077466,0.028813814744353294
2714,1745719197.0306559,0.029388170689344406
2715,1745719209.3841667,0.0010376645950600505
2716,1745719223.9310606,0.0059415195137262344
2717,1745719244.163084,0.016198787838220596
2718,1745719253.7755032,0.01886943355202675
2719,1745719263.3749652,0.010587459430098534
2720,1745719284.8770614,0.002318804617971182
2721,1745719293.9112022,0.004171314649283886
2722,1745719310.5618181,0.014772612601518631
2723,1745719321.8035688,0.0021568783558905125
2724,1745719339.75646,0.00018198964244220406
2725,1745719349.0486033,0.0015451195649802685
2726,1745719363.0223284,0.020320190116763115
2727,1745719383.10109,0.0010276061948388815
2728,1745719392.669356,0.008578087203204632
2729,1745719414.0543895,0.0023195170797407627
2730,1745719433.332152,0.00558400247246027
2731,1745719450.27625,0.0014886414865031838
2732,1745719469.7899678,0.0356072336435318
2733,1745719493.1188827,0.014299968257546425
2734,1745719514.4638095,0.0018063979223370552
2735,1745719519.2914588,0.004763912875205278
2736,1745719531.0189111,0.013018891215324402
2737,1745719542.2020469,0.005239063873887062
2738,1745719559.855972,0.023279212415218353
2739,1745719571.011164,0.00784479733556509
2740,1745719587.2842364,0.0035768558736890554
2741,1745719606.1941886,0.009860659018158913
2742,1745719615.783595,0.006108258850872517
2743,1745719636.0824394,0.011848362162709236
2744,1745719640.7497933,0.011047890409827232
2745,1745719660.2813652,0.006061738356947899
2746,1745719670.5663779,0.002099474659189582
2747,1745719690.591209,0.008373388089239597
2748,1745719699.7780492,0.028406789526343346
2749,1745719716.2819548,0.004373021889477968
2750,1745719729.3446157,0.02178589254617691
2751,1745719741.3525038,0.004755659494549036
2752,1745719745.8939087,0.0014546697493642569
2753,1745719867.4556506,0.0015675658360123634
2754,1745719878.6292827,0.011700858362019062
2755,1745719896.9100616,0.004966098349541426
2756,1745719908.1451423,0.004015572369098663
2757,1745719920.8729968,0.00021123536862432957
2758,1745719937.1704144,0.006512389052659273
2759,1745719954.785266,0.006999822333455086
2760,1745719964.9776099,0.001395002705976367
2761,1745719983.8410397,0.0014053158229216933
2762,1745719990.8696716,0.00873754546046257
2763,1745720011.686423,0.01282238494604826
2764,1745720020.3362155,0.0013564949622377753
2765,1745720043.3010447,0.0027035768143832684
2766,1745720053.3616297,0.01042558066546917
2767,1745720065.8263366,0.005757553037256002
2768,1745720078.8934069,0.020795073360204697
2769,1745720098.2043507,0.0004481379874050617
2770,1745720108.7327561,0.0010445028310641646
2771,1745720128.325702,0.0021063180174678564
2772,1745720134.3752055,0.0021509858779609203
2773,1745720154.9681127,0.0077972570434212685
2774,1745720168.8729808,0.00724516436457634
2775,1745720180.3109496,0.021064771339297295
2776,1745720202.0097835,0.0005846868152730167
2777,1745720211.7343285,0.0038971661124378443
2778,1745720230.248766,0.0006168483523651958
2779,1745720248.9445994,0.0038566605653613806
2780,1745720257.893332,0.05944491922855377
2781,1745720277.444206,0.0019413530826568604
2782,1745720295.693282,0.005671150982379913
2783,1745720314.0895586,0.0261439960449934
2784,1745720327.3031652,0.010779941454529762
2785,1745720342.8582344,0.02484803833067417
2786,1745720357.6698542,0.0022778778802603483
2787,1745720376.44196,0.025325516238808632
2788,1745720397.4024858,0.009512867778539658
2789,1745720406.789966,0.0048143588937819
2790,1745720420.2848618,0.0038210037164390087
2791,1745720436.4171371,0.0001132125617004931
2792,1745720455.611819,0.006357197649776936
2793,1745720471.3638818,0.006776133086532354
2794,1745720483.7455497,0.0005790989380329847
2795,1745720500.2246659,0.00029924235423095524
2796,1745720516.839492,0.0013974246103316545
2797,1745720530.610773,0.00027465797029435635
2798,1745720544.1579554,0.012315898202359676
2799,1745720557.127603,0.004836534149944782
2800,1745720574.0820138,0.0031916776206344366
2801,1745720584.1870468,0.006489037536084652
2802,1745720604.923974,0.007813692092895508
2803,1745720615.596375,0.0010880293557420373
2804,1745720629.1514914,0.000911881506908685
2805,1745720639.912298,0.00873398594558239
2806,1745720656.384312,0.008187812753021717
2807,1745720678.5351348,0.008785134181380272
2808,1745720688.0948393,0.02915804460644722
2809,1745720699.5657935,0.003193214302882552
2810,1745720714.1891162,0.00032955731148831546
2811,1745720725.2526174,0.012229847721755505
2812,1745720740.449856,0.01157370489090681
2813,1745720754.268301,0.011989902704954147
2814,1745720765.8504798,0.0047358437441289425
2815,1745720779.9401789,0.002953390823677182
2816,1745720794.2599247,0.012731218710541725
2817,1745720807.6753113,0.001547598047181964
2818,1745720822.5555525,0.0011218159925192595
2819,1745720840.1885278,0.003243881743401289
2820,1745720852.2412355,0.006190345156937838
2821,1745720868.788926,0.004261230584233999
2822,1745720884.635978,0.000462922005681321
2823,1745720901.1865299,9.975967259379104e-05
2824,1745720916.243207,0.001595063367858529
2825,1745720932.4262214,0.007085681427270174
2826,1745720948.6688342,0.0023009381256997585
2827,1745720959.1118784,0.0014216129202395678
2828,1745720979.3689616,0.00852342788130045
2829,1745720991.8249667,0.0023853057064116
2830,1745721013.5507503,0.001896084169857204
2831,1745721019.434917,0.0002428034640615806
2832,1745721044.9801123,0.00149687216617167
2833,1745721057.0538101,0.0021736151538789272
2834,1745721071.2664626,0.009621773846447468
2835,1745721086.4398866,0.0022776140831410885
2836,1745721099.3540363,0.0016392595134675503
2837,1745721117.994481,0.0003926467034034431
2838,1745721121.5415418,0.0006427589687518775
2839,1745721226.6334183,0.0002921597915701568
2840,1745721243.614266,0.0006939302547834814
2841,1745721260.6467988,0.002435089088976383
2842,1745721270.45845,0.00010502895747777075
2843,1745721286.7356527,0.005725481081753969
2844,1745721298.1541584,0.0009510700474493206
2845,1745721316.741747,0.0007063517114147544
2846,1745721325.5337956,0.0004451064160093665
2847,1745721341.1855898,0.000736718880943954
2848,1745721350.8723776,0.00024070437939371914
2849,1745721363.5609593,0.0009023072780109942
2850,1745721379.8924932,0.0007943467935547233
2851,1745721394.4781148,0.0002172149543184787
2852,1745721409.4022179,0.0010304329916834831
2853,1745721422.6725109,0.0013841668842360377
2854,1745721440.705088,0.0015209283446893096
2855,1745721449.5361426,0.004726733546704054
2856,1745721468.3985336,0.0004157030489295721
2857,1745721478.6461809,0.0029120787512511015
2858,1745721501.2639678,0.0014170464128255844
2859,1745721515.0878263,0.0008887834846973419
2860,1745721535.839758,0.0002742996148299426
2861,1745721544.2015579,8.008361328393221e-05
2862,1745721555.8406954,0.0006512734689749777
2863,1745721573.4897475,0.0005347473197616637
2864,1745721585.653193,0.00022944969532545656
2865,1745721603.5183806,0.001151738571934402
2866,1745721614.194637,0.002197790890932083
2867,1745721629.6929843,0.00014388725685421377
2868,1745721640.5693312,0.0007489644340239465
2869,1745721656.160257,4.9506274081068113e-05
2870,1745721670.5594842,0.0001550976448925212
2871,1745721686.2514844,0.00022801374143455178
2872,1745721708.1417012,0.0001176715741166845
2873,1745721723.0309703,0.0007851309492252767
2874,1745721733.594497,0.00029767240630462766
2875,1745721751.873452,4.4564625568455085e-05
2876,1745721767.6698892,0.00035411131102591753
2877,1745721782.2045195,0.00014519505202770233
2878,1745721800.812631,0.0002870216267183423
2879,1745721811.3202417,0.020522696897387505
2880,1745721826.5965579,0.00010102172382175922
2881,1745721840.8540695,0.0003129917022306472
2882,1745721857.0932574,0.0011576111428439617
2883,1745721872.4113894,0.00019559967040549964
2884,1745721880.8195474,0.0004164408892393112
2885,1745721902.7500837,0.018927039578557014
2886,1745721911.979595,0.002984561026096344
2887,1745721935.2028975,0.000984619720838964
2888,1745721942.0484276,0.0007069719722494483
2889,1745721951.7392335,0.00048808121937327087
2890,1745721972.3015718,0.01221863366663456
2891,1745721983.6760504,0.00014389546413440257
2892,1745721993.2523232,0.0006474196561612189
2893,1745722014.4395394,0.00043848706991411746
2894,1745722018.7526212,0.009877786971628666
2895,1745722035.6772099,0.0002543437003623694
2896,1745722049.100444,0.0002767839760053903
2897,1745722063.3003006,0.0006711531896144152
2898,1745722079.1085289,0.0008162638987414539
2899,1745722098.3589573,0.000544761132914573
2900,1745722105.6994014,0.0007296202820725739
2901,1745722128.2288177,0.013638556003570557
2902,1745722134.2619936,0.0028984579257667065
2903,1745722149.4677212,0.0009013283415697515
2904,1745722159.6666915,0.002811735961586237
2905,1745722178.8108795,0.01030764915049076
2906,1745722191.3599508,0.0011388810817152262
2907,1745722206.3312254,0.008875261060893536
2908,1745722218.8672535,0.002564237453043461
2909,1745722233.597193,0.000221715570660308
2910,1745722249.5153656,0.00014494868810288608
2911,1745722265.4050338,0.0008499833638779819
2912,1745722280.8180165,0.0008029342861846089
2913,1745722293.5896869,0.0037804420571774244
2914,1745722310.0990806,0.0016569062136113644
2915,1745722326.111111,0.011516198515892029
2916,1745722337.4325433,0.0003626632096711546
2917,1745722352.3782704,0.0018206322565674782
2918,1745722362.1054726,0.0016283058794215322
2919,1745722383.9447103,0.001430483884178102
2920,1745722392.106684,0.0024193257559090853
2921,1745722406.8537672,0.01412923913449049
2922,1745722423.5840647,0.001227153348736465
2923,1745722437.4123716,0.00017703902267385274
2924,1745722439.8939269,0.0019715563394129276
2925,1745722571.5384648,0.0009088902734220028
2926,1745722580.8851042,0.0017855153419077396
2927,1745722588.0641308,0.023295653983950615
2928,1745722606.8197148,0.000556387472897768
2929,1745722619.8345861,0.001911331550218165
2930,1745722636.8718266,0.0005263255443423986
2931,1745722652.3892336,0.00031506508821621537
2932,1745722667.099547,0.00014212609676178545
2933,1745722684.6249292,0.0004890559939667583
2934,1745722700.5145366,0.0002528466866351664
2935,1745722717.7814832,0.0004340223385952413
2936,1745722725.3402894,0.0016375640407204628
2937,1745722740.5804803,0.004192601889371872
2938,1745722754.095044,0.002106949221342802
2939,1745722769.0991857,0.000511723046656698
2940,1745722789.4110863,0.00011493382771732286
2941,1745722802.9741735,0.000317658792482689
2942,1745722815.4277127,0.004368070978671312
2943,1745722833.3625364,0.0005224618944339454
2944,1745722845.4248624,0.0016839534509927034
2945,1745722864.7511706,0.000811615667771548
2946,1745722879.160231,0.00042249515536241233
2947,1745722889.3038945,0.00020230877271387726
2948,1745722906.6420062,0.00017436097550671548
2949,1745722922.4932988,0.007672530598938465
2950,1745722936.7849581,0.00634622061625123
2951,1745722951.839652,0.003687213407829404
2952,1745722965.230102,0.0012555040884763002
2953,1745722978.560297,0.0293379295617342
2954,1745722995.1545072,0.002694501308724284
2955,1745723009.9159434,0.000567965442314744
2956,1745723027.094198,0.0005538372206501663
2957,1745723036.2750623,0.000539252650924027
2958,1745723053.5977654,0.0009947745129466057
2959,1745723060.2021837,0.00026599044213071465
2960,1745723079.5620136,0.0004584502021316439
2961,1745723098.410551,0.0003947085642721504
2962,1745723118.8516989,0.0005856624920852482
2963,1745723142.5029376,0.00034188744029961526
2964,1745723157.885696,4.3368399929022416e-05
2965,1745723177.1506147,0.0002971081994473934
2966,1745723195.1114616,0.0057389759458601475
2967,1745723206.041483,0.0009466136689297855
2968,1745723225.3315313,4.9127735110232607e-05
2969,1745723241.2512565,0.0004767641075886786
2970,1745723254.9754422,0.0002546499599702656
2971,1745723272.560257,0.00018553998961579055
2972,1745723283.9415038,0.002267425647005439
2973,1745723296.218639,0.011888901703059673
2974,1745723310.8060765,0.013896316289901733
2975,1745723326.4049742,0.005148101132363081
2976,1745723343.6623526,0.003812147071585059
2977,1745723350.4380372,0.000374900468159467
2978,1745723367.2253401,7.510522118536755e-05
2979,1745723380.393506,0.014105572365224361
2980,1745723400.5854776,0.01863160729408264
2981,1745723408.5647933,0.00012965088535565883
2982,1745723427.641754,0.0007192831253632903
2983,1745723437.399303,0.0006112440605647862
2984,1745723454.8514233,0.0007878403994254768
2985,1745723463.4136357,0.003651393810287118
2986,1745723482.2225838,0.00515985582023859
2987,1745723493.3261616,0.0007407388766296208
2988,1745723508.0729315,0.0006346791051328182
2989,1745723520.6007178,0.001654716208577156
2990,1745723535.3531616,0.0001525465486338362
2991,1745723546.4394386,0.0022225407883524895
2992,1745723561.8855712,0.00042552422382868826
2993,1745723579.4795456,0.005057865753769875
2994,1745723593.563589,0.0011681719915941358
2995,1745723606.2470677,0.00028667220612987876
2996,1745723624.0928195,0.000560578890144825
2997,1745723643.084106,0.0007818947196938097
2998,1745723661.6198068,0.0006531772087328136
2999,1745723672.047012,0.00021721232042182237
3000,1745723687.5433133,0.0023209471255540848
3001,1745723707.026868,0.00030779780354350805
3002,1745723730.5705922,0.0005181115120649338
3003,1745723737.8396792,0.00019613858603406698
3004,1745723753.569024,0.0014625450130552053
3005,1745723769.6187034,0.003217600053176284
3006,1745723784.547368,0.012210916727781296
3007,1745723806.3532624,0.002062896266579628
3008,1745723819.8544676,0.0007809874950908124
3009,1745723837.037187,0.002335956320166588
3010,1745723841.9186969,1.2760307072312571e-05
3011,1745723981.2796726,0.0001708969648461789
3012,1745723992.053088,0.0007634931243956089
3013,1745724008.3765638,0.0011904103448614478
3014,1745724020.7285948,0.00015102441830094904
3015,1745724040.6805592,0.0003484685148578137
3016,1745724051.4154253,0.004963888321071863
3017,1745724059.5324552,0.0005346896941773593
3018,1745724083.7555726,0.0009755975333973765
3019,1745724099.6498933,0.0006079135928303003
3020,1745724111.1446424,0.00029023579554632306
3021,1745724131.9098141,0.004968129098415375
3022,1745724138.7264442,0.01723106950521469
3023,1745724152.0357482,0.0002329520502826199
3024,1745724172.8334873,0.00010374191333539784
3025,1745724184.4710793,0.0005098049878142774
3026,1745724200.4279487,0.012428746558725834
3027,1745724216.6210651,0.006454670801758766
3028,1745724238.0632906,0.0033727192785590887
3029,1745724249.7897816,0.0009180870256386697
3030,1745724259.020719,0.0005195578560233116
3031,1745724277.8339846,0.001200542552396655
3032,1745724291.6593933,0.0005420880625024438
3033,1745724304.5166278,1.789318775990978e-05
3034,1745724325.8175101,0.00044683378655463457
3035,1745724336.9771388,0.0002037709200521931
3036,1745724347.0068097,0.00017586072499398142
3037,1745724364.4465444,0.00027051634970121086
3038,1745724382.5822947,0.0008449259912595153
3039,1745724397.311614,0.0008941937703639269
3040,1745724411.282063,0.0016799027798697352
3041,1745724423.808348,0.0006346571026369929
3042,1745724439.1112127,7.285785250132903e-05
3043,1745724456.5922582,0.0010016158921644092
3044,1745724477.7159772,0.00019210958271287382
3045,1745724484.8812857,0.0003038663708139211
3046,1745724501.9511554,0.0005001318058930337
3047,1745724521.2961366,0.00041993011836893857
3048,1745724531.3686388,0.0001132858160417527
3049,1745724545.6941519,0.00026720931055024266
3050,1745724557.5572178,0.0003298701485618949
3051,1745724572.2209337,0.003901195013895631
3052,1745724590.9538379,0.009835646487772465
3053,1745724600.9265027,0.004167106002569199
3054,1745724619.8053482,0.001579239615239203
3055,1745724636.55443,0.0007630895124748349
3056,1745724662.4814737,0.012451513670384884
3057,1745724674.0171115,0.00016189203597605228
3058,1745724692.900934,0.0002911984920501709
3059,1745724705.6460583,0.0002133213129127398
3060,1745724715.8042033,0.002134288428351283
3061,1745724735.086942,0.00014396896585822105
3062,1745724748.8481824,0.013840202242136002
3063,1745724758.6938872,0.005227736197412014
3064,1745724773.2368083,0.00021688465494662523
3065,1745724783.6294336,6.607041723327711e-05
3066,1745724795.788977,0.00030930168577469885
3067,1745724813.5761867,0.0005027138395234942
3068,1745724821.971036,0.0009302493999712169
3069,1745724836.7263775,0.000207066215807572
3070,1745724855.9548705,0.008761487901210785
3071,1745724866.1913729,0.0002543973969295621
3072,1745724881.7687144,0.0002814918989315629
3073,1745724892.9706366,0.00021294175530783832
3074,1745724913.0445144,0.00025469661341048777
3075,1745724921.0097332,0.00021815540094394237
3076,1745724942.9635975,0.00014803194790147245
3077,1745724947.5782218,0.0004848335520364344
3078,1745724962.5806818,0.00010950482828775421
3079,1745724980.8075464,0.00048140771104954183
3080,1745724993.8457487,0.00041839820914901793
3081,1745725008.4181805,0.00016047956887632608
3082,1745725025.9456444,4.4590131437871605e-05
3083,1745725043.394474,0.00019631528994068503
3084,1745725057.4198928,0.00024962963652797043
3085,1745725071.8510854,0.0003921837196685374
3086,1745725088.3243804,0.00018806118168868124
3087,1745725104.344827,0.00020577016402967274
3088,1745725118.4242635,0.00034441027673892677
3089,1745725135.0594277,7.793758413754404e-05
3090,1745725152.922174,0.00019079825142398477
3091,1745725164.9497824,0.00885129813104868
3092,1745725184.2830746,5.801378210890107e-05
3093,1745725205.0424008,0.00027965614572167397
3094,1745725221.4565275,0.0001161386608146131
3095,1745725233.7104368,0.0006330333417281508
3096,1745725238.497434,0.0002588157949503511
3097,1745725365.9849842,0.0001843384961830452
3098,1745725372.8859494,0.0002845117123797536
3099,1745725392.0229464,0.0007087234989739954
3100,1745725402.493155,0.0004466574464458972
3101,1745725423.3876183,0.00013923922961112112
3102,1745725431.0812385,0.0003232195449527353
3103,1745725443.2476501,0.0013923515798524022
3104,1745725461.4837682,0.005719687789678574
3105,1745725471.238959,0.0001741288579069078
3106,1745725489.7129467,0.004290103912353516
3107,1745725502.503175,0.00011730661935871467
3108,1745725520.5438342,9.90508051472716e-05
3109,1745725530.5024083,0.00012331745529081672
3110,1745725547.870243,0.00015333507326431572
3111,1745725563.8984838,7.12148830643855e-05
3112,1745725579.5634186,0.0008130403002724051
3113,1745725588.7349458,0.00010524005483603105
3114,1745725611.2233193,0.00023988170141819865
3115,1745725621.865361,8.787539263721555e-05
3116,1745725631.0903814,5.615767076960765e-05
3117,1745725649.1821105,0.00014547894534189254
3118,1745725659.386504,0.0006618230254389346
3119,1745725681.3895042,0.0003079320886172354
3120,1745725688.8503466,0.0001007484897854738
3121,1745725706.9446063,0.0024249530397355556
3122,1745725720.8933234,3.749894676730037e-05
3123,1745725733.8309968,0.004139471799135208
3124,1745725750.9493504,6.106012733653188e-05
3125,1745725771.3543181,0.0005744966911152005
3126,1745725780.3827307,0.001554599846713245
3127,1745725799.7496765,0.009842697530984879
3128,1745725805.723542,5.3433599532581866e-05
3129,1745725828.9337049,0.003675348125398159
3130,1745725839.195294,0.002128993859514594
3131,1745725855.746347,0.00036283984081819654
3132,1745725869.458491,0.0025093622971326113
3133,1745725887.8028731,0.00026718899607658386
3134,1745725904.2695239,0.00023484572011511773
3135,1745725917.6548169,0.01616561785340309
3136,1745725933.5146043,0.00021452466899063438
3137,1745725950.1251664,0.00021500186994671822
3138,1745725964.5171177,8.324146619997919e-05
3139,1745725979.6873646,0.002334439195692539
3140,1745725997.1250186,5.5420568969566375e-05
3141,1745726012.224579,6.15425524301827e-05
3142,1745726027.4762797,0.0001547894935356453
3143,1745726037.8479915,2.9384786103037186e-05
3144,1745726053.8359814,0.0007826512446627021
3145,1745726070.053947,0.00016752418014220893
3146,1745726089.0065062,0.0002029887546086684
3147,1745726098.522083,0.00443474343046546
3148,1745726112.4395678,0.00047536171041429043
3149,1745726123.581899,0.00020041623793076724
3150,1745726142.8776171,0.0001974485639948398
3151,1745726153.2538114,0.00011267177615081891
3152,1745726175.2510273,2.7316718842484988e-05
3153,1745726185.4676287,0.00016492333088535815
3154,1745726199.8248467,0.00014368917618412524
3155,1745726209.2814937,0.001934980507940054
3156,1745726222.1944666,0.00015091618115548044
3157,1745726239.128426,0.00017759577895049006
3158,1745726255.6710038,0.00041910691652446985
3159,1745726272.5336711,8.768696716288105e-05
3160,1745726284.9558742,0.00010624124843161553
3161,1745726304.4926047,0.00037641535163857043
3162,1745726313.352161,9.994211723096669e-05
3163,1745726330.222302,0.00022136559709906578
3164,1745726347.6993113,6.471356755355373e-05
3165,1745726357.61337,2.8208734875079244e-05
3166,1745726373.9997673,0.0008196099661290646
3167,1745726392.3201268,0.0093015031889081
3168,1745726399.3143952,0.00010009037214331329
3169,1745726418.8037136,0.00045115771354176104
3170,1745726436.7578244,8.183465979527682e-05
3171,1745726453.4934983,0.00013900997873861343
3172,1745726467.437137,0.002072099596261978
3173,1745726486.6768472,2.3461743694497272e-05
3174,1745726494.3758988,9.893356036627665e-05
3175,1745726510.7751265,0.00017684152408037335
3176,1745726527.3741846,0.00016789537039585412
3177,1745726547.3361113,0.0011344111990183592
3178,1745726556.2189753,6.859200948383659e-05
3179,1745726575.6005816,0.00021303878747858107
3180,1745726583.2049565,9.160354966297746e-05
3181,1745726603.2360106,0.0002192274696426466
3182,1745726608.5529041,0.0037637364584952593
3183,1745726725.6453574,9.805377339944243e-05
3184,1745726740.7588823,0.011565658263862133
3185,1745726750.778126,4.537630593404174e-05
3186,1745726769.1369097,7.283724698936567e-05
3187,1745726781.6595564,0.00010182514233747497
3188,1745726790.751016,0.00027543026953935623
3189,1745726806.7872488,9.182742360280827e-05
3190,1745726815.0285063,7.40696705179289e-05
3191,1745726833.1126802,0.0008073148783296347
3192,1745726852.3139377,0.0003623914672061801
3193,1745726860.5430367,0.00023135641822591424
3194,1745726880.6558504,0.0004388391971588135
3195,1745726887.930714,2.2034062567399815e-05
3196,1745726904.988509,0.00018092954996973276
3197,1745726913.8657615,0.0001049784550559707
3198,1745726932.2944314,0.0002789449063129723
3199,1745726938.792955,0.00015309415175579488
3200,1745726953.3910542,4.734736285172403e-05
3201,1745726972.4053192,8.814727334538475e-05
3202,1745726982.7323933,0.00013841943291481584
3203,1745727006.4238887,0.00021064668544568121
3204,1745727014.747147,0.04881995543837547
3205,1745727033.8665245,0.00022066930250730366
3206,1745727043.7013984,0.0002653919509612024
3207,1745727060.8273962,0.00046306924195960164
3208,1745727072.8885467,0.0006711084279231727
3209,1745727088.6885898,0.004211353603750467
3210,1745727102.0321262,0.00046569627011194825
3211,1745727112.892103,0.0008093962678685784
3212,1745727127.7610877,0.0005707014352083206
3213,1745727140.572284,0.00012683508975896984
3214,1745727156.5344508,7.56763547542505e-05
3215,1745727175.8413305,0.0003778662357944995
3216,1745727191.5808113,0.00021665121312253177
3217,1745727195.2810843,0.00011316847667330876
3218,1745727216.851749,0.00026876750052906573
3219,1745727224.5143669,0.0004981367383152246
3220,1745727247.5269494,0.008502800948917866
3221,1745727267.451374,0.00016819691518321633
3222,1745727272.5998409,0.0006634238525293767
3223,1745727290.8812697,0.001177538768388331
3224,1745727302.3264325,0.0023409673012793064
3225,1745727324.6044278,0.0016827390063554049
3226,1745727335.6042836,0.00028224100242368877
3227,1745727350.7783463,8.574595267418772e-05
3228,1745727367.0114262,0.00044733189861290157
3229,1745727381.8113818,0.00012273079482838511
3230,1745727399.2582378,6.420016143238172e-05
3231,1745727417.2113807,0.001992912497371435
3232,1745727429.9728127,0.00010003876377595589
3233,1745727439.9605942,0.00023630989016965032
3234,1745727458.2522783,7.364683551713824e-05
3235,1745727481.4290814,0.00040715772775001824
3236,1745727490.81727,0.0007443567155860364
3237,1745727503.9207063,0.008991827256977558
3238,1745727517.6764128,0.00039869241300038993
3239,1745727532.3058727,0.00034370608045719564
3240,1745727546.6454368,0.013765647076070309
3241,1745727564.8587086,0.0006356972153298557
3242,1745727574.8030133,0.0002089452464133501
3243,1745727598.3726432,0.0025252909399569035
3244,1745727613.7910123,0.0001454375742468983
3245,1745727623.4564245,0.0001475342141930014
3246,1745727642.1462414,0.005213900003582239
3247,1745727652.1844912,0.0002190011291531846
3248,1745727665.1662004,0.0005432703765109181
3249,1745727675.5291862,0.007410493679344654
3250,1745727694.713883,7.301110599655658e-05
3251,1745727710.0728464,0.0007527959533035755
3252,1745727725.8340766,7.334606925724074e-05
3253,1745727737.7015789,0.00014666026982013136
3254,1745727752.9541345,0.001320732873864472
3255,1745727770.7970662,0.00012345223512966186
3256,1745727790.0134852,0.00019861799955833703
3257,1745727801.9889574,1.9040853658225387e-05
3258,1745727823.1594744,0.00010431053669890389
3259,1745727842.6182373,8.489436004310846e-05
3260,1745727859.3096776,0.00010320864384993911
3261,1745727879.0758326,0.00042465596925467253
3262,1745727891.8523748,6.418856355594471e-05
3263,1745727907.776675,0.00014773111615795642
3264,1745727923.1239593,0.005423171911388636
3265,1745727937.032147,0.01293724775314331
3266,1745727948.9231505,9.708151628728956e-05
3267,1745727966.7008536,0.00025600678054615855
3268,1745727971.5563667,1.5637071555829607e-05
3269,1745728095.403955,0.00016636958753224462
3270,1745728106.88493,5.40549517609179e-05
3271,1745728124.411448,0.00011066338629461825
3272,1745728134.934867,7.314734102692455e-05
3273,1745728156.381811,9.113077248912305e-05
3274,1745728175.4801283,0.0024480484426021576
3275,1745728187.9123495,6.49399371468462e-05
3276,1745728204.2921872,3.292689871159382e-05
3277,1745728213.3342254,0.0029666987247765064
3278,1745728228.9249828,0.003656418528407812
3279,1745728242.7058446,0.0003039565053768456
3280,1745728256.4497623,0.0004989873850718141
3281,1745728272.6610954,0.00032265225308947265
3282,1745728287.8336153,0.0012680888175964355
3283,1745728303.3296707,0.00041593858622945845
3284,1745728322.3829107,0.0010743563761934638
3285,1745728333.0666852,0.0007115901098586619
3286,1745728346.788569,0.0006106595974415541
3287,1745728362.0694375,0.000705865619238466
3288,1745728376.3422003,8.659921149956062e-05
3289,1745728399.3975239,0.00012036568659823388
3290,1745728406.805787,8.348686969839036e-05
3291,1745728426.6346142,0.00011669805826386437
3292,1745728438.2603884,3.0176703148754314e-05
3293,1745728454.9002597,0.00012423378939274698
3294,1745728479.1739604,0.01579337939620018
3295,1745728495.6636636,7.916466711321846e-05
3296,1745728503.0300403,0.00012449124187696725
3297,1745728513.5108767,0.00012517314462456852
3298,1745728528.5608308,0.00010986275447066873
3299,1745728547.411934,0.00019981895457021892
3300,1745728559.1157243,0.00011789468408096582
3301,1745728573.1942325,0.0009210726711899042
3302,1745728584.9783776,0.00095432682428509
3303,1745728603.441016,0.00029115562210790813
3304,1745728612.3415587,0.00038678242708556354
3305,1745728626.46157,0.0019939488265663385
3306,1745728640.8181646,0.0002811212034430355
3307,1745728657.736171,5.23580310982652e-05
3308,1745728678.7527614,0.0005016018403694034
3309,1745728691.292739,9.14597840164788e-05
3310,1745728707.162423,0.00026612935471348464
3311,1745728721.5898716,0.0005546441534534097
3312,1745728732.3610017,0.00016552787565160543
3313,1745728747.7097778,0.016079148277640343
3314,1745728759.881322,5.076877278042957e-05
3315,1745728773.6494696,4.1098817746387795e-05
3316,1745728787.9921932,7.995297346496955e-05
3317,1745728807.2613637,0.00018637589528225362
3318,1745728829.7537096,0.00011114114022348076
3319,1745728852.2087326,0.0010609012097120285
3320,1745728857.4046419,0.00015550883836112916
3321,1745728871.4164674,0.00020448409486562014
3322,1745728890.075921,0.00012831506319344044
3323,1745728899.3380787,0.00020689131633844227
3324,1745728913.6090298,0.00011900927347596735
3325,1745728926.9485064,0.00028965124511159956
3326,1745728942.409436,0.014900917187333107
3327,1745728954.7117493,0.0005423115217126906
3328,1745728974.8266883,5.130416320753284e-05
3329,1745728988.211407,0.001355283660814166
3330,1745729002.201924,0.00013622624101117253
3331,1745729027.2001247,0.002632766030728817
3332,1745729039.9492934,0.005007369909435511
3333,1745729054.2897475,0.00013249224866740406
3334,1745729067.483618,0.00032006268156692386
3335,1745729081.3329113,0.00025277541135437787
3336,1745729097.6441503,0.0007681268034502864
3337,1745729108.8067932,0.00038814189611002803
3338,1745729124.9574623,0.0006229695864021778
3339,1745729143.9011667,0.0021806005388498306
3340,1745729162.4657004,0.000256888015428558
3341,1745729174.2432008,0.00010836290311999619
3342,1745729190.42548,0.00010045482486020774
3343,1745729208.239726,9.349471656605601e-05
3344,1745729215.905697,3.708798612933606e-05
3345,1745729231.656036,4.484954115469009e-05
3346,1745729247.7311375,6.836230750195682e-05
3347,1745729269.1406157,0.01330552063882351
3348,1745729281.8259528,7.326811464736238e-05
3349,1745729297.722167,8.202069147955626e-05
3350,1745729311.3852017,0.005073154345154762
3351,1745729326.535799,0.00039222135092131793
3352,1745729344.3008652,0.00027686654357239604
3353,1745729363.5888698,1.5164448996074498e-05
3354,1745729368.1897972,0.0002518457768019289
3355,1745729496.7160664,8.932565833674744e-05
3356,1745729508.9387202,0.0005169504438526928
3357,1745729527.2376807,8.095357770798728e-05
3358,1745729534.6317313,8.972249634098262e-05
3359,1745729552.675317,7.732039375696331e-05
3360,1745729561.595311,0.008008905686438084
3361,1745729577.297247,1.8252449081046507e-05
3362,1745729588.6895504,2.0278779629734345e-05
3363,1745729601.9280896,3.0298391720862128e-05
3364,1745729621.5103343,4.8580644943285733e-05
3365,1745729634.4258614,3.277430369053036e-05
3366,1745729650.3167553,0.0020460376981645823
3367,1745729666.2359855,0.0019389379303902388
3368,1745729680.9939747,5.508071626536548e-05
3369,1745729693.4380372,4.7876412281766534e-05
3370,1745729705.2099774,2.709359978325665e-05
3371,1745729718.4133074,6.0133352235425264e-05
3372,1745729738.4612234,0.00016295132809318602
3373,1745729748.036774,0.0004598514351528138
3374,1745729759.8227143,7.90241829236038e-05
3375,1745729771.208285,0.00039028518949635327
3376,1745729786.328925,5.239125675871037e-05
3377,1745729802.3749108,6.129214307293296e-05
3378,1745729814.0606763,0.0001376456639263779
3379,1745729832.1900082,0.0066976179368793964
3380,1745729849.785899,5.890210741199553e-05
3381,1745729863.031958,4.027868271805346e-05
3382,1745729880.8481042,9.414793021278456e-05
3383,1745729892.8659325,7.06056016497314e-05
3384,1745729902.232647,0.00018953171093016863
3385,1745729922.608755,0.00011441863171057776
3386,1745729929.3694267,0.00010728699999162927
3387,1745729950.0089972,3.424987517064437e-05
3388,1745729956.5107808,0.00013922584184911102
3389,1745729969.8929193,0.0002149298379663378
3390,1745729989.4707239,6.751460023224354e-05
3391,1745730009.1572878,0.00022162601817399263
3392,1745730030.9630113,0.00012572231935337186
3393,1745730040.6760538,0.0004953350871801376
3394,1745730056.153872,0.010365397669374943
3395,1745730069.4734068,0.0136543158441782
3396,1745730082.0954633,2.513341314624995e-05
3397,1745730094.6300805,0.0002081690327031538
3398,1745730105.741962,0.004850717261433601
3399,1745730122.3404975,0.00029685371555387974
3400,1745730134.378732,0.0002483786374796182
3401,1745730154.8015132,0.0002909580070991069
3402,1745730177.7766423,0.0007483525550924242
3403,1745730202.2277095,0.0007286593900062144
3404,1745730221.366114,0.000662809528876096
3405,1745730235.3646638,0.0003051809035241604
3406,1745730248.9895144,0.0006980074103921652
3407,1745730259.2992933,0.0001398043241351843
3408,1745730278.344804,0.00011758809705497697
3409,1745730286.0541248,0.00020589302584994584
3410,1745730313.491617,0.008996596559882164
3411,1745730322.3189197,9.445189061807469e-05
3412,1745730333.747324,0.002086823806166649
3413,1745730347.804821,0.0008597720297984779
3414,1745730364.836525,2.7130690796184354e-05
3415,1745730377.550056,3.031863525393419e-05
3416,1745730394.0536993,0.0003502191975712776
3417,1745730409.7830791,0.00016747652261983603
3418,1745730426.1970236,0.0003236433840356767
3419,1745730434.7844243,0.0003857420524582267
3420,1745730453.3427956,0.0008311353740282357
3421,1745730468.8784838,0.0009341238765046
3422,1745730479.3443685,0.0005161951412446797
3423,1745730494.8279424,0.00032887631095945835
3424,1745730507.1404572,0.0002870038733817637
3425,1745730524.2040627,0.00011682698095683008
3426,1745730538.5211895,0.0004469427512958646
3427,1745730554.5383701,9.913557732943445e-05
3428,1745730565.7586,0.00021787094010505825
3429,1745730582.4998233,9.102996409637854e-05
3430,1745730597.4840744,9.601085912436247e-05
3431,1745730616.6205633,2.3658642021473497e-05
3432,1745730634.3910716,0.016275031492114067
3433,1745730647.0126183,0.0002607037022244185
3434,1745730662.312873,4.455074304132722e-05
3435,1745730675.386906,0.00013873432180844247
3436,1745730692.4596522,0.00014992209617048502
3437,1745730710.1223464,5.045372745371424e-05
3438,1745730726.7681754,7.439959153998643e-05
3439,1745730742.6214874,9.00613158592023e-05
3440,1745730747.6869059,2.041394964180654e-06
3441,1745730882.3050673,8.258428715635091e-05
3442,1745730893.0785697,5.379146386985667e-05
3443,1745730900.6169033,3.432226731092669e-05
3444,1745730913.973142,0.00014277960872277617
3445,1745730931.5295072,0.0005081549752503633
3446,1745730941.6403613,6.229710561456159e-05
3447,1745730956.759497,0.00013027247041463852
3448,1745730966.906361,7.592627662234008e-05
3449,1745730985.679793,0.00011016734060831368
3450,1745730999.0216594,9.405662422068417e-05
3451,1745731009.1023042,7.309230568353087e-05
3452,1745731022.9318466,2.497450441296678e-05
3453,1745731037.7586534,5.583360689342953e-05
3454,1745731053.1917937,2.7120089725940488e-05
3455,1745731072.9368856,7.277600525412709e-05
3456,1745731085.2963996,0.00021469395142048597
3457,1745731094.9100833,0.0003359480178914964
3458,1745731113.1431646,0.0015080071752890944
3459,1745731122.8341527,0.00012461609730962664
3460,1745731140.8379579,4.4426775275496766e-05
3461,1745731157.4079924,5.19047534908168e-05
3462,1745731170.7654662,5.427218275144696e-05
3463,1745731188.4998066,4.039521445520222e-05
3464,1745731197.5546317,6.165748345665634e-05
3465,1745731213.8775332,0.00010814054985530674
3466,1745731224.437484,9.107512596528977e-05
3467,1745731232.4874592,1.3316744116309565e-05
3468,1745731252.1070466,5.4148338676895946e-05
3469,1745731267.1600754,6.421330181183293e-05
3470,1745731278.6465771,0.00013698521070182323
3471,1745731305.7602832,3.5070974263362586e-05
3472,1745731311.9564018,2.729854895733297e-05
3473,1745731333.0974643,8.29902128316462e-05
3474,1745731340.5030994,0.0017719119787216187
3475,1745731357.3393812,5.795481047243811e-05
3476,1745731372.0846975,0.00019620262901298702
3477,1745731389.3962615,2.415058588667307e-05
3478,1745731402.675622,0.00013978024071548134
3479,1745731417.3219123,1.561626595503185e-05
3480,1745731432.2978525,1.6716756363166496e-05
3481,1745731448.1834543,7.607216684846207e-05
3482,1745731472.4654963,0.0050974697805941105
3483,1745731487.9696655,6.75563351251185e-05
3484,1745731501.61992,0.00013350868539419025
3485,1745731515.8588543,8.903521666070446e-05
3486,1745731537.5619905,1.3294878954184242e-05
3487,1745731558.4792738,2.217870860476978e-05
3488,1745731572.3738697,0.0002884217828977853
3489,1745731587.511061,2.3540211259387434e-05
3490,1745731602.8953843,3.511645263643004e-05
3491,1745731620.438828,4.96125576319173e-05
3492,1745731629.021191,3.7367553886724636e-05
3493,1745731643.118433,7.404016650980338e-05
3494,1745731661.85389,0.002055315300822258
3495,1745731670.083746,5.007728032069281e-05
3496,1745731687.1785924,0.0002573497185949236
3497,1745731704.4099314,3.7912297557340935e-05
3498,1745731718.5388362,9.039846190717071e-05
3499,1745731731.5011673,6.107299122959375e-05
3500,1745731747.261255,2.2455275029642507e-05
3501,1745731766.9364429,4.126848580199294e-05
3502,1745731774.5761259,1.868594335974194e-05
3503,1745731790.84918,5.524173684534617e-05
3504,1745731800.1260438,0.00010939705680357292
3505,1745731821.0395844,7.168338197516277e-05
3506,1745731832.1950846,3.11682561005e-05
3507,1745731845.16778,2.5579322027624585e-05
3508,1745731859.594438,0.00011902652477147058
3509,1745731874.5768337,2.889249662985094e-05
3510,1745731895.9318094,1.7407810446457006e-05
3511,1745731903.9562833,0.00014045950956642628
3512,1745731920.30761,0.00013674897491000593
3513,1745731939.1397727,8.557875116821378e-05
3514,1745731956.241347,2.9537744921981357e-05
3515,1745731969.9250941,3.3231775887543336e-05
3516,1745731985.162568,0.0054241931065917015
3517,1745731997.7591445,0.004288783762603998
3518,1745732017.7983434,2.684227001736872e-05
3519,1745732034.6321173,4.7766370698809624e-05
3520,1745732044.4391928,4.035463643958792e-05
3521,1745732064.4029393,6.300479435594752e-05
3522,1745732079.2972677,4.220078335492872e-05
3523,1745732092.8820434,0.006115823518484831
3524,1745732105.7314446,5.493552453117445e-05
3525,1745732125.499312,2.8297912649577484e-05
3526,1745732130.2554288,9.770448377821594e-05
3527,1745732257.2455618,0.000120678567327559
3528,1745732265.7946455,0.00017164807650260627
3529,1745732284.4618752,9.710902668302879e-05
3530,1745732291.7475305,0.0003614816814661026
3531,1745732308.134585,0.007553618401288986
3532,1745732320.9515426,4.4801294279750437e-05
3533,1745732337.5500267,6.843207756901393e-06
3534,1745732347.8910403,6.43451203359291e-05
3535,1745732365.5328598,7.340404408751056e-05
3536,1745732379.1458533,4.010256816400215e-05
3537,1745732392.9654682,0.00011349435953889042
3538,1745732405.8355677,5.336022877600044e-05
3539,1745732422.9026525,0.0017498884117230773
3540,1745732442.5595145,7.690858910791576e-05
3541,1745732453.705341,3.32448908011429e-05
3542,1745732468.3253036,3.099647437920794e-05
3543,1745732485.1823025,4.156702198088169e-05
3544,1745732498.4538116,2.5787601771298796e-05
3545,1745732508.6121233,9.861760190688074e-05
3546,1745732522.781631,4.6110024413792416e-05
3547,1745732537.621129,0.0002565222093835473
3548,1745732556.1003187,6.41169463051483e-05
3549,1745732569.5895302,5.264322680886835e-05
3550,1745732581.0296075,0.004603758454322815
3551,1745732602.2432108,2.741529533523135e-05
3552,1745732619.6414165,0.002254768740385771
3553,1745732631.71337,2.1164007193874568e-05
3554,1745732644.540083,4.827485463465564e-05
3555,1745732657.469162,7.95472806203179e-05
3556,1745732672.6525335,0.00031464145286008716
3557,1745732684.8806,8.52276716614142e-05
3558,1745732698.9679484,0.00041726682684384286
3559,1745732718.9030066,0.00039703206857666373
3560,1745732726.7134268,0.0006104647764004767
3561,1745732740.7221477,0.0004184192803222686
3562,1745732759.4754124,0.004819927737116814
3563,1745732773.5488718,0.009552760981023312
3564,1745732788.0551991,0.00438888743519783
3565,1745732803.242678,1.9115288523607887e-05
3566,1745732817.8009195,2.0281175238778815e-05
3567,1745732835.0152957,0.005544153042137623
3568,1745732850.0636892,0.00020031257008668035
3569,1745732862.542415,0.0004074628814123571
3570,1745732877.446584,0.00011609724606387317
3571,1745732893.1574528,0.000582450651563704
3572,1745732909.6371915,0.0001573908666614443
3573,1745732928.6488273,6.681602826574817e-05
3574,1745732939.1351633,0.00030323091777972877
3575,1745732955.2154832,8.175556286005303e-05
3576,1745732968.9253714,0.00015291395538952202
3577,1745732987.4530768,0.00011369081767043099
3578,1745733006.1716278,0.00012207418330945075
3579,1745733023.3403115,0.00010732364899013191
3580,1745733035.0166078,0.00247652898542583
3581,1745733048.7335377,4.952690869686194e-05
3582,1745733064.0413153,0.00015878715203143656
3583,1745733083.191942,0.00019082572543993592
3584,1745733094.2018268,9.024452447192743e-05
3585,1745733112.2838736,0.00014051947800908238
3586,1745733126.3361337,8.215989510063082e-05
3587,1745733136.516015,0.00236735912039876
3588,1745733152.6399643,0.00025929679395630956
3589,1745733169.7261667,0.00010359966836404055
3590,1745733182.0333476,0.00022777722915634513
3591,1745733193.3884952,4.349993105279282e-05
3592,1745733209.2364943,0.00020445534028112888
3593,1745733226.4620006,0.00012435847020242363
3594,1745733237.8227103,0.0001673228107392788
3595,1745733260.366266,8.093044743873179e-05
3596,1745733267.4184499,8.69303330546245e-05
3597,1745733289.9774795,9.864837920758873e-05
3598,1745733295.2162223,0.00014635022671427578
3599,1745733315.7635293,5.851227979292162e-05
3600,1745733333.5188134,0.013126818463206291
3601,1745733349.09303,4.6234854380600154e-05
3602,1745733361.4127536,0.00010315993858966976
3603,1745733372.8455296,5.593739842879586e-05
3604,1745733390.6755536,2.6521096515352838e-05
3605,1745733402.3785307,2.788141500786878e-05
3606,1745733415.3993654,3.960953836212866e-05
3607,1745733425.5777686,5.064536526333541e-05
3608,1745733437.4381433,5.5319647799478844e-05
3609,1745733448.6275795,0.00013764509640168399
3610,1745733465.3129966,5.553688606596552e-05
3611,1745733477.8943963,0.0005751922726631165
3612,1745733482.5559812,5.992514161334839e-06
3613,1745733635.008415,4.13387460866943e-05
3614,1745733646.7239904,0.0003025044861715287
3615,1745733663.7613301,5.819407670060173e-05
3616,1745733674.0509825,8.128930494422093e-05
3617,1745733689.297188,6.529019447043538e-05
3618,1745733707.8839025,9.994292486226186e-05
3619,1745733729.6198897,0.00019892760610673577
3620,1745733739.4577856,9.183823567582294e-05
3621,1745733750.9017446,0.00011584047751966864
3622,1745733767.4233725,0.00010726438631536439
3623,1745733780.7890596,9.687546116765589e-05
3624,1745733795.338252,0.00010878754255827516
3625,1745733807.4121692,0.0002634338743519038
3626,1745733825.3052163,5.201862586545758e-05
3627,1745733841.1083796,5.56868253624998e-05
3628,1745733852.9895163,4.652580537367612e-05
3629,1745733865.8569386,0.00023413656163029373
3630,1745733885.2375343,6.29232672508806e-05
3631,1745733896.827693,4.896759128314443e-05
3632,1745733917.551117,5.544754822039977e-05
3633,1745733927.5396924,7.003892824286595e-05
3634,1745733950.2098498,6.326873699435964e-05
3635,1745733958.7676692,4.125259874854237e-05
3636,1745733979.9558668,1.2845485798607115e-05
3637,1745733986.8879383,2.822143869707361e-05
3638,1745734004.769167,3.000981450895779e-05
3639,1745734022.806055,4.308413190301508e-05
3640,1745734035.4743102,2.3628672352060676e-05
3641,1745734051.8375115,3.177734470227733e-05
3642,1745734063.4972649,3.104588540736586e-05
3643,1745734084.6982324,2.320806925126817e-05
3644,1745734092.5587459,3.93806112697348e-05
3645,1745734107.1918695,0.002123891143128276
3646,1745734117.5918155,4.004618676844984e-05
3647,1745734134.0187073,0.00028688894235529006
3648,1745734149.5062685,3.964189090766013e-05
3649,1745734168.5687962,7.089147402439266e-05
3650,1745734190.684065,6.986685912124813e-05
3651,1745734196.4625196,5.019183299737051e-05
3652,1745734218.8599381,0.003820539452135563
3653,1745734234.0095117,0.0009929940570145845
3654,1745734244.9497478,6.691912130918354e-05
3655,1745734260.9501858,4.277294283383526e-05
3656,1745734274.8007202,1.2893578968942165e-05
3657,1745734286.6532063,2.1488347556442022e-05
3658,1745734306.7085264,3.698587534017861e-05
3659,1745734314.4314666,3.206943074474111e-05
3660,1745734328.291185,0.0015209412667900324
3661,1745734348.5554087,0.0001622327254153788
3662,1745734371.8067658,3.754471254069358e-05
3663,1745734378.715573,3.456139211266418e-06
3664,1745734403.663351,2.7833923013531603e-05
3665,1745734411.8005412,2.2780172002967447e-05
3666,1745734428.2333035,0.00012175419396953657
3667,1745734451.865024,5.889965905225836e-05
3668,1745734456.413177,5.0370668759569526e-05
3669,1745734472.6082602,7.156907668104395e-05
3670,1745734485.614151,3.460781226749532e-05
3671,1745734490.4435837,2.0185610992484726e-05
3672,1745734506.8078823,0.0003526591754052788
3673,1745734518.9240212,3.39041325787548e-05
3674,1745734538.000308,1.303748013015138e-05
3675,1745734553.846187,6.427842890843749e-05
3676,1745734564.0315008,0.0007262541330419481
3677,1745734579.420469,4.6065408241702244e-05
3678,1745734598.444376,4.115257524972549e-06
3679,1745734608.0676425,4.500519935390912e-05
3680,1745734627.987368,3.373124491190538e-05
3681,1745734636.7655067,6.384133303072304e-05
3682,1745734656.7415366,2.6915466150967404e-05
3683,1745734667.4032311,3.5713703255169094e-05
3684,1745734676.4382715,2.8931210181326605e-05
3685,1745734698.4535203,1.6204330677282996e-05
3686,1745734706.7605915,6.9966081355232745e-06
3687,1745734724.2732663,6.400859274435788e-05
3688,1745734745.8028936,0.00012032509403070435
3689,1745734760.005699,1.2032694030494895e-05
3690,1745734770.5861034,2.9303035262273625e-05
3691,1745734780.5433106,8.927049930207431e-05
3692,1745734796.7287178,2.485345430613961e-05
3693,1745734812.8844655,0.006880645174533129
3694,1745734829.3786726,1.8199281839770265e-05
3695,1745734846.1503992,0.00017767501412890851
3696,1745734862.527452,5.5127846280811355e-05
3697,1745734873.7495122,3.0233430152293295e-05
3698,1745734877.4597006,0.00013323048187885433
3699,1745735010.353349,5.163314926903695e-05
3700,1745735020.400026,9.026047337101772e-05
3701,1745735032.9786317,6.324520654743537e-05
3702,1745735047.9453368,0.0001448326074751094
3703,1745735061.7031782,9.541596955386922e-05
3704,1745735083.441061,5.413611143012531e-05
3705,1745735090.2723415,5.919776958762668e-05
3706,1745735105.928666,0.005394583102315664
3707,1745735119.4357119,4.923701999359764e-05
3708,1745735138.1027646,5.6861455959733576e-05
3709,1745735149.578639,6.719986686221091e-06
3710,1745735165.5203865,2.8072603527107276e-05
3711,1745735176.5556834,2.072394454444293e-05
3712,1745735193.312351,3.765450674109161e-05
3713,1745735211.8844266,5.137364860274829e-05
3714,1745735219.9100697,3.345287768752314e-05
3715,1745735243.1971304,7.762640598230064e-05
3716,1745735270.909915,6.385656888596714e-05
3717,1745735284.3175251,4.4098276703152806e-05
3718,1745735291.7838197,7.857813034206629e-05
3719,1745735305.9223118,5.8917648857459426e-05
3720,1745735320.685423,0.00016888797108549625
3721,1745735333.181678,0.00017708905215840787
3722,1745735348.430334,0.0016916505992412567
3723,1745735364.6306558,0.00014635518891736865
3724,1745735377.9146159,6.505816418211907e-05
3725,1745735390.7586808,0.003295712871477008
3726,1745735410.4702551,5.9643585700541735e-05
3727,1745735422.2780385,7.238614489324391e-05
3728,1745735439.5079427,2.0421392036951147e-05
3729,1745735453.4769154,5.637893627863377e-05
3730,1745735466.2609751,2.99619587167399e-05
3731,1745735482.0400875,6.80951852700673e-05
3732,1745735502.232373,6.982417107792571e-05
3733,1745735515.7281053,5.811480150441639e-05
3734,1745735528.953252,1.715796133794356e-05
3735,1745735539.97365,6.19766979070846e-06
3736,1745735561.7088532,3.3354062907164916e-05
3737,1745735576.1992762,9.233927266905084e-05
3738,1745735587.8344193,2.5253521016566083e-05
3739,1745735607.7889113,0.00981175061315298
3740,1745735623.0027068,1.7061192920664325e-05
3741,1745735636.1750357,3.4709039027802646e-05
3742,1745735651.9152648,0.0001579648960614577
3743,1745735669.3401756,0.00014384728274308145
3744,1745735681.376296,8.608304051449522e-05
3745,1745735695.2212958,3.7104178773006424e-05
3746,1745735710.3089771,8.757905743550509e-05
3747,1745735722.708965,0.00010716480028349906
3748,1745735738.2629025,0.0007848598761484027
3749,1745735754.9842863,0.0003078786248806864
3750,1745735767.8509536,5.429533121059649e-05
3751,1745735778.733572,0.0012620494235306978
3752,1745735800.1703634,2.4309478249051608e-05
3753,1745735811.5008547,0.00024496871628798544
3754,1745735830.2623398,0.0001921556395245716
3755,1745735847.7465508,0.003237389260903001
3756,1745735860.286305,6.382325227605179e-05
3757,1745735881.479489,1.0284058589604683e-05
3758,1745735893.235646,5.953406071057543e-05
3759,1745735900.8791273,3.288946390966885e-05
3760,1745735919.0458415,4.660533886635676e-05
3761,1745735942.6934285,3.9292117435252294e-05
3762,1745735951.0917501,6.0597332776524127e-05
3763,1745735970.134857,6.63022801745683e-05
3764,1745735983.0140882,5.590931687038392e-05
3765,1745736008.7221935,0.00013696281530428678
3766,1745736018.8355937,0.002391975373029709
3767,1745736035.7722607,7.813466072548181e-05
3768,1745736044.4320893,0.00015865515160840005
3769,1745736066.3753974,0.004355927463620901
3770,1745736075.2804532,0.00030398633680306375
3771,1745736091.102107,0.0008724557119421661
3772,1745736108.7979336,0.0006840743590146303
3773,1745736127.149326,0.00011276695295237005
3774,1745736141.8098412,0.0005398173234425485
3775,1745736156.398725,0.0005792382289655507
3776,1745736170.8254173,0.00016612824401818216
3777,1745736186.6449146,8.260694448836148e-05
3778,1745736203.6399946,0.0005447634612210095
3779,1745736220.2349827,3.503115294734016e-05
3780,1745736228.760606,0.00012632645666599274
3781,1745736250.853454,3.173857112415135e-05
3782,1745736270.0080886,4.507206904236227e-05
3783,1745736282.1613994,3.496673525660299e-05
3784,1745736286.8959963,0.00045566001790575683
3785,1745736402.6741335,9.713621693663299e-05
3786,1745736412.42451,4.0595205064164475e-05
3787,1745736421.701128,0.00013776346168015152
3788,1745736437.303492,6.456649134634063e-05
3789,1745736450.6292157,0.0004115234187338501
3790,1745736466.0073466,5.9999780205544084e-05
3791,1745736482.4415271,3.172004289808683e-05
3792,1745736495.889552,0.00022455581347458065
3793,1745736508.2737157,5.3731564548797905e-05
3794,1745736522.0497239,2.62762787315296e-05
3795,1745736536.0967784,0.00011945964070037007
3796,1745736554.6858268,5.764656816609204e-05
3797,1745736563.2927103,2.6048497602459975e-05
3798,1745736587.0135105,3.765180736081675e-05
3799,1745736596.8067899,0.00010109398135682568
3800,1745736611.1035757,4.437120514921844e-05
3801,1745736624.5619583,3.9095211832318455e-05
3802,1745736643.9258778,6.481229502242059e-05
3803,1745736654.8134754,3.481198291410692e-05
3804,1745736666.2344377,1.5504288967349567e-05
3805,1745736682.5448494,1.8254431779496372e-05
3806,1745736697.8639255,5.409027653513476e-05
3807,1745736710.8669896,2.4206161469919607e-05
3808,1745736727.2907176,0.0007009483524598181
3809,1745736743.8573356,1.1043820450140629e-05
3810,1745736763.6289823,2.2603739125770517e-05
3811,1745736771.943181,4.536025517154485e-05
3812,1745736798.2243917,1.5047648048494011e-05
3813,1745736813.7404742,9.940379823092371e-05
3814,1745736822.034782,0.0003565260849427432
3815,1745736837.3068683,0.0001811724214348942
3816,1745736852.286894,1.9976752810180187e-05
3817,1745736870.8768396,0.0002510454214643687
3818,1745736880.721008,3.7931904444121756e-06
3819,1745736891.945743,2.4635863155708648e-05
3820,1745736903.6677217,3.706190182128921e-05
3821,1745736915.1088262,3.825522435363382e-05
3822,1745736932.278007,0.00014831223234068602
3823,1745736948.903759,2.087053144350648e-05
3824,1745736960.0113707,3.789864786085673e-05
3825,1745736975.285242,2.08674646273721e-05
3826,1745736994.9894183,3.986407318734564e-05
3827,1745737012.721824,2.6774630896397866e-05
3828,1745737029.442407,4.070362774655223e-05
3829,1745737045.2310107,8.403877291129902e-05
3830,1745737062.6016638,2.8932076020282693e-05
3831,1745737079.1239345,3.995597580797039e-05
3832,1745737093.7132385,3.436493716435507e-05
3833,1745737106.6639423,2.3704373234068044e-05
3834,1745737120.8640566,1.0700734492274933e-05
3835,1745737139.7705986,2.11992664844729e-05
3836,1745737158.2752762,6.567172476934502e-06
3837,1745737166.4921787,2.164329453080427e-05
3838,1745737188.3454735,1.2478682947403286e-05
3839,1745737196.5465076,4.942967279930599e-05
3840,1745737217.2320285,3.781221676035784e-05
3841,1745737228.1646702,1.4140163330012001e-05
3842,1745737248.3151596,4.041937427246012e-05
3843,1745737258.291796,3.382141585461795e-05
3844,1745737277.2453682,8.19914203020744e-06
3845,1745737286.2625995,0.0014566619647666812
3846,1745737302.7179613,2.5447297957725823e-05
3847,1745737313.404408,3.895668123732321e-05
3848,1745737329.5186503,3.3305430406471714e-05
3849,1745737346.3663466,1.900632560136728e-05
3850,1745737368.0006278,0.00011539235129021108
3851,1745737379.5530753,8.284951945825014e-06
3852,1745737392.5885136,2.640334059833549e-05
3853,1745737398.2229307,3.196569377905689e-05
3854,1745737421.4585533,4.4458938646130264e-05
3855,1745737430.3174064,0.011271984316408634
3856,1745737448.0396416,2.9565517252194695e-05
3857,1745737458.4940076,0.0013538115890696645
3858,1745737480.3209047,0.011464033275842667
3859,1745737487.8586304,1.273192265216494e-05
3860,1745737506.5966103,2.231102916994132e-05
3861,1745737511.4843626,0.00010288321209372953
3862,1745737524.5214324,0.00015981380420271307
3863,1745737546.3737967,0.001408456126227975
3864,1745737554.2886307,0.00018905340402852744
3865,1745737571.8615422,0.001204280648380518
3866,1745737587.8665843,0.0002910870243795216
3867,1745737602.076158,0.0001812534756027162
3868,1745737618.156038,0.00014393965830095112
3869,1745737633.7013636,6.12210133112967e-05
3870,1745737636.8371387,8.342946239281446e-05
3871,1745737762.1178267,2.734332338150125e-05
3872,1745737774.8741975,5.094744210509816e-06
3873,1745737793.2276146,3.0328901630127802e-05
3874,1745737810.7075305,4.811871258425526e-05
3875,1745737822.0660684,2.6451451049069874e-05
3876,1745737837.1507466,3.0236256861826405e-05
3877,1745737851.8355384,1.3774678336631041e-05
3878,1745737864.7407262,3.392410872038454e-05
3879,1745737885.9188879,4.2215648136334494e-05
3880,1745737892.4201777,2.2389118385035545e-05
3881,1745737910.95925,0.00011257075675530359
3882,1745737921.8870053,0.00028551099239848554
3883,1745737933.4026954,5.299544136505574e-05
3884,1745737949.0925176,3.2702359021641314e-05
3885,1745737967.7960877,9.459824468649458e-06
3886,1745737975.69121,3.5453100281301886e-05
3887,1745737991.4602337,2.6524630811763927e-05
3888,1745738009.7477422,7.464080408681184e-05
3889,1745738026.853718,1.3530406249628868e-05
3890,1745738035.5755596,0.00010318920976715162
3891,1745738061.648937,0.00011114642256870866
3892,1745738073.350603,3.240590376663022e-05
3893,1745738090.4657655,0.00017199965077452362
3894,1745738100.3499525,4.4148702727397904e-05
3895,1745738113.0131326,2.3543556380900554e-05
3896,1745738130.5688417,3.300406751804985e-05
3897,1745738144.9619505,6.563017086591572e-05
3898,1745738162.0398803,2.0017318092868663e-05
3899,1745738171.6297555,2.760069037321955e-05
3900,1745738190.8989267,3.911054227501154e-05
3901,1745738207.0283985,4.337975042290054e-05
3902,1745738220.3915231,2.4167533410945907e-05
3903,1745738233.1779397,3.1403946195496246e-05
3904,1745738248.6525614,2.549831879150588e-05
3905,1745738260.5451167,2.3141454221331514e-05
3906,1745738274.6385624,4.422567872097716e-05
3907,1745738284.718245,0.010420040227472782
3908,1745738302.7062628,1.7771206330507994e-05
3909,1745738320.0161176,4.97694309160579e-05
3910,1745738339.1408567,7.632209599250928e-05
3911,1745738361.3047743,5.659168164129369e-05
3912,1745738373.3882108,7.46592995710671e-05
3913,1745738381.0882378,0.00015294802142307162
3914,1745738404.739992,0.003801105311140418
3915,1745738421.308518,6.011498408042826e-05
3916,1745738427.3836994,0.010336831212043762
3917,1745738443.807795,9.162820060737431e-05
3918,1745738458.6336138,0.00044440405326895416
3919,1745738477.0631955,4.343143154983409e-05
3920,1745738491.635731,6.461957673309371e-05
3921,1745738511.3087473,4.146248465985991e-05
3922,1745738519.5461142,0.0006040873704478145
3923,1745738536.670269,0.00022490038827527314
3924,1745738552.416409,2.5027477022376843e-05
3925,1745738564.5998752,0.003915129695087671
3926,1745738575.4404,0.000230760924750939
3927,1745738587.8999195,2.9164035368012264e-05
3928,1745738610.9508018,7.259292033268139e-05
3929,1745738627.883338,2.2900152544025332e-05
3930,1745738633.9474013,0.00014814799942541867
3931,1745738648.2966864,7.374143751803786e-05
3932,1745738661.5444474,0.00020490305905696005
3933,1745738679.1295326,4.42296004621312e-05
3934,1745738693.8121674,0.0001998667576117441
3935,1745738706.2734232,0.0013199243694543839
3936,1745738724.7094977,0.0001645871379878372
3937,1745738735.7770698,0.0009638225892558694
3938,1745738746.07083,0.0008590450161136687
3939,1745738760.6730301,5.8096444263355806e-05
3940,1745738772.0178342,3.58338475052733e-05
3941,1745738792.1111271,2.567012415966019e-05
3942,1745738800.6545727,0.0012485389597713947
3943,1745738819.5027168,1.7496931832283735e-05
3944,1745738826.5194466,2.1252171791275032e-05
3945,1745738847.6817133,9.64664650382474e-06
3946,1745738855.8794293,2.2706330128130503e-05
3947,1745738876.9112256,7.361033203778788e-05
3948,1745738891.2644138,0.00015408503531944007
3949,1745738903.5232997,0.00010321924492018297
3950,1745738918.0130804,6.75281771691516e-05
3951,1745738938.6799364,4.313962199375965e-05
3952,1745738952.9240475,3.060483140870929e-05
3953,1745738969.0755064,7.327729690587148e-05
3954,1745738987.6574333,2.1856423700228333e-05
3955,1745739007.3001099,2.901275729527697e-05
3956,1745739012.0996196,7.957978959893808e-05
3957,1745739155.640614,2.6297702788724564e-05
3958,1745739169.5805132,3.233295137761161e-05
3959,1745739187.9058905,1.2504917322075926e-05
3960,1745739199.2183962,3.257664866396226e-05
3961,1745739216.2541256,9.939674055203795e-05
3962,1745739231.60469,5.490288094733842e-05
3963,1745739246.0470967,4.473423177842051e-05
3964,1745739261.778346,3.817107790382579e-05
3965,1745739276.9748898,4.461869684746489e-05
3966,1745739295.7461631,1.6948899428825825e-05
3967,1745739303.4325469,6.836657848907635e-05
3968,1745739317.2517385,4.499437636695802e-05
3969,1745739331.5427787,2.883897650463041e-05
3970,1745739352.4347782,4.356280987849459e-05
3971,1745739362.9468577,4.021579661639407e-05
3972,1745739384.0436356,0.000322902254993096
3973,1745739398.3060858,4.415530929691158e-05
3974,1745739411.7832565,3.954351996071637e-05
3975,1745739427.5923274,1.68251535797026e-05
3976,1745739441.4241025,1.5023086234577931e-05
3977,1745739459.9848075,1.9732071450562216e-05
3978,1745739473.1223536,5.9450921980896965e-06
3979,1745739487.8745558,1.7866346752271056e-05
3980,1745739500.75091,2.335269164177589e-05
3981,1745739516.9161413,0.006684466730803251
3982,1745739527.2108111,1.8024984456133097e-05
3983,1745739545.292719,5.016637805965729e-05
3984,1745739562.0141113,4.247401739121415e-05
3985,1745739576.5152893,0.00010054049198515713
3986,1745739591.0455241,2.739637602644507e-05
3987,1745739601.254654,6.835442763986066e-05
3988,1745739621.6248856,5.994435923639685e-05
3989,1745739627.369201,0.02727128379046917
3990,1745739644.209249,5.1250703108962625e-05
3991,1745739657.858161,0.000599163759034127
3992,1745739674.557033,0.0001031177380355075
3993,1745739683.362728,0.0009177375468425453
3994,1745739700.7314076,0.013036089949309826
3995,1745739716.6768663,0.00038224950549192727
3996,1745739732.2636113,0.02461809106171131
3997,1745739747.5562031,7.986385753611103e-05
3998,1745739763.750793,4.785611599800177e-05
3999,1745739779.6068473,0.012704972177743912
4000,1745739797.0695217,9.666024561738595e-05
4001,1745739808.3343716,0.0006337430095300078
4002,1745739826.1713095,0.012286616489291191
4003,1745739842.0706396,0.0036056339740753174
4004,1745739851.7303646,0.00020619486167561263
4005,1745739863.257632,0.00014624067989643663
4006,1745739883.2217534,0.0001248699554707855
4007,1745739905.0522506,0.0004330539668444544
4008,1745739921.4980536,0.0041365292854607105
4009,1745739931.469808,0.0032147180754691362
4010,1745739954.995289,0.0013736779801547527
4011,1745739970.2621238,0.0006287565920501947
4012,1745739980.7707584,0.00015293003525584936
4013,1745739992.7520719,0.0008272278355434537
4014,1745740018.2846894,0.004744867794215679
4015,1745740027.5764868,7.146869029384106e-05
4016,1745740040.9341588,0.00012563673953991383
4017,1745740055.657253,0.0005801908555440605
4018,1745740072.6850421,0.0005701286718249321
4019,1745740083.8622622,0.0030400247778743505
4020,1745740099.9870641,0.001918051508255303
4021,1745740122.4513264,0.0003185337409377098
4022,1745740130.577781,0.00010854176071006805
4023,1745740147.6385076,0.00010284836025675759
4024,1745740159.5738235,0.0007255602977238595
4025,1745740174.8515022,0.00017636928532738239
4026,1745740194.8893557,0.001168894348666072
4027,1745740207.1797452,0.00027411861810833216
4028,1745740217.3646502,8.403726678807288e-05
4029,1745740231.655603,0.002177937189117074
4030,1745740246.8161235,0.006988682318478823
4031,1745740259.0887306,0.00011833156167995185
4032,1745740275.0908937,6.621119973715395e-05
4033,1745740299.7835853,0.0001313205575570464
4034,1745740308.5597034,0.0013712166110053658
4035,1745740318.0418475,0.00018243757949676365
4036,1745740332.6613238,9.650817810324952e-05
4037,1745740348.2409732,0.0001799079036572948
4038,1745740368.5294366,0.00026702627656050026
4039,1745740378.841859,7.420039764838293e-05
4040,1745740396.7417123,0.00019040174083784223
4041,1745740413.201767,7.323540194192901e-05
4042,1745740417.649877,0.00042712377035059035
4043,1745740569.2121303,0.00022865236678626388
4044,1745740580.5183675,9.259716171072796e-05
4045,1745740600.9416437,0.00012706260895356536
4046,1745740612.6926014,0.004015927668660879
4047,1745740622.88518,0.000430168496677652
4048,1745740641.9577317,4.0996455936692655e-05
4049,1745740657.1173997,1.0895343621086795e-05
4050,1745740669.575298,8.404417712881695e-06
4051,1745740679.4202218,2.4247492547146976e-05
4052,1745740696.1157663,0.002743832767009735
4053,1745740703.5670114,8.812102896627039e-05
4054,1745740727.263378,5.707344098482281e-05
4055,1745740741.2859328,8.539369446225464e-05
4056,1745740755.8896782,0.0001020186537061818
4057,1745740767.8959527,7.600252138217911e-05
4058,1745740780.7343,0.00013233501522336155
4059,1745740795.5781748,0.00018225028179585934
4060,1745740812.6199505,0.0001480482897022739
4061,1745740825.963052,7.494328747270629e-05
4062,1745740843.4105728,0.0001760830491548404
4063,1745740856.1628692,0.00011767765681724995
4064,1745740873.045561,0.00016980423242785037
4065,1745740883.9967873,9.410339407622814e-05
4066,1745740904.4725018,0.00079033785732463
4067,1745740914.4217002,9.537183359498158e-05
4068,1745740935.3791952,0.00023311947006732225
4069,1745740943.0982714,0.00018247839761897922
4070,1745740965.5305622,0.0013083388330414891
4071,1745740972.1900775,0.00015130398969631642
4072,1745740984.4854014,4.051150881423382e-06
4073,1745740999.4309874,2.8153132006991655e-05
4074,1745741015.4608622,0.0001155479476437904
4075,1745741030.338686,0.0001623533316887915
4076,1745741046.7617111,0.008422356098890305
4077,1745741062.2310135,0.0006454166141338646
4078,1745741077.0792704,0.0051313661970198154
4079,1745741096.1361666,0.0009076999849639833
4080,1745741114.409446,0.0016811888199299574
4081,1745741122.3134482,0.0013612461043521762
4082,1745741140.02283,0.003804328152909875
4083,1745741161.5087404,0.00014241608732845634
4084,1745741178.525352,0.006641667801886797
4085,1745741188.65411,0.0002467344456817955
4086,1745741200.8146887,0.0003967556986026466
4087,1745741215.5332096,2.792604936985299e-05
4088,1745741227.1770258,0.0004768483922816813
4089,1745741244.996215,0.0004979195655323565
4090,1745741260.332878,0.0005109650082886219
4091,1745741271.5367217,0.00017820257926359773
4092,1745741286.0299768,0.0007301840232685208
4093,1745741302.562469,0.0002185234916396439
4094,1745741319.43308,0.004994488321244717
4095,1745741333.956372,0.00011139123671455309
4096,1745741348.1431623,0.0001890325074782595
4097,1745741368.9493105,0.001022404176183045
4098,1745741393.4924502,0.00029144631116651
4099,1745741401.6333964,0.00010510122956475243
4100,1745741421.2331424,0.00016726850299164653
4101,1745741431.9782238,0.0002720604825299233
4102,1745741447.5975058,8.261393668362871e-05
4103,1745741457.2315671,0.01075910497456789
4104,1745741474.7085242,0.0013501645298674703
4105,1745741486.92523,0.009171734564006329
4106,1745741500.9560425,0.00042241765186190605
4107,1745741521.5853622,0.0021058237180113792
4108,1745741532.4894269,0.0008645901107229292
4109,1745741551.9645782,0.01245332881808281
4110,1745741563.3304446,0.000248030642978847
4111,1745741577.4111347,3.689464938361198e-05
4112,1745741593.8622682,0.014723031781613827
4113,1745741609.4049711,0.00010490060958545655
4114,1745741622.861064,0.00025778994313441217
4115,1745741636.865799,0.014002595096826553
4116,1745741650.7085779,0.0024797474034130573
4117,1745741666.985779,8.736229210626334e-05
4118,1745741685.3765128,0.0002631508104968816
4119,1745741694.7048252,0.0011286993976682425
4120,1745741712.9308355,0.00019675093062687665
4121,1745741730.559268,0.00024675411987118423
4122,1745741742.1854758,0.0008953303331509233
4123,1745741758.1721866,0.000245468138018623
4124,1745741774.8660712,0.0030850875191390514
4125,1745741794.9968023,0.0015231950674206018
4126,1745741817.5649242,0.00035946074058301747
4127,1745741842.597051,0.000268460251390934
4128,1745741846.1242504,0.00020100778783671558
4129,1745741974.2411578,0.00044917629566043615
4130,1745741990.748407,0.0006028737989254296
4131,1745742003.8911643,0.006444496102631092
4132,1745742015.0451596,0.00021146750077605247
4133,1745742031.1713905,0.018075155094265938
4134,1745742044.079248,0.0014865283155813813
4135,1745742057.1962006,0.0005737804458476603
4136,1745742079.1249495,0.00025282782735303044
4137,1745742086.8846476,0.0001046796896844171
4138,1745742105.416063,0.003354439279064536
4139,1745742121.6894808,0.00022658484522253275
4140,1745742133.314032,0.00011875954805873334
4141,1745742147.5656157,0.00034444325137883425
4142,1745742162.5637228,0.0006070375675335526
4143,1745742176.512715,0.00021208758698776364
4144,1745742190.0706625,9.11933311726898e-05
4145,1745742206.828934,0.0012919141445308924
4146,1745742217.235989,0.001875446061603725
4147,1745742236.1137826,0.000644920626655221
4148,1745742248.6927047,0.00016861961921676993
4149,1745742263.3197052,0.011354917660355568
4150,1745742277.1302552,0.00047766946954652667
4151,1745742291.5277677,0.005250089801847935
4152,1745742315.4779136,0.0008802907541394234
4153,1745742323.8298616,0.00967419147491455
4154,1745742339.5570822,0.00020073576888535172
4155,1745742357.0173333,0.00031021054019220173
4156,1745742368.5351224,0.00046491847024299204
4157,1745742379.575284,0.009140733629465103
4158,1745742395.017654,0.0003362215356901288
4159,1745742407.0655422,0.0006692761089652777
4160,1745742420.9868171,0.001657965243794024
4161,1745742441.407704,0.0014998912811279297
4162,1745742454.5548315,0.0005174745456315577
4163,1745742466.965979,0.0005433286423794925
4164,1745742483.4105022,0.00040260463720187545
4165,1745742493.3155658,4.843938222620636e-05
4166,1745742509.7840726,0.001347309909760952
4167,1745742524.30856,0.0003125382063444704
4168,1745742542.3121812,0.0055937631987035275
4169,1745742561.807299,0.002056963974609971
4170,1745742580.686525,0.0024281966034322977
4171,1745742587.0395942,0.00017929580644704401
4172,1745742611.1233087,0.00035584968281909823
4173,1745742624.4722676,0.0003902842290699482
4174,1745742644.0085468,0.0013649798929691315
4175,1745742658.9080262,0.006176469847559929
4176,1745742669.4911797,0.00027470500208437443
4177,1745742686.2129865,0.002021529246121645
4178,1745742702.404325,0.0003506503126118332
4179,1745742719.0609896,0.0010215126676484942
4180,1745742734.5645726,0.00019549734133761376
4181,1745742746.563638,0.0007694758824072778
4182,1745742765.3675961,0.000108855587313883
4183,1745742777.0880156,0.016091760247945786
4184,1745742793.3895223,0.00012163335486548021
4185,1745742805.221059,0.00012659374624490738
4186,1745742827.7309313,0.00017989498155657202
4187,1745742834.304519,0.0003402525617275387
4188,1745742857.6841915,0.00035516510251909494
4189,1745742873.9494698,0.00019171700114384294
4190,1745742882.6125386,0.00021495280088856816
4191,1745742899.8517857,0.0002290909324074164
4192,1745742912.9559216,0.006616400089114904
4193,1745742927.5179372,0.0006703529506921768
4194,1745742943.7095108,0.0005715528968721628
4195,1745742953.1542354,0.0006091568502597511
4196,1745742977.0834906,0.0001041362775140442
4197,1745742985.5735276,0.00015249192074406892
4198,1745742996.599958,0.0031619390938431025
4199,1745743013.8606522,0.00017042583203874528
4200,1745743027.1113179,0.0001155797071987763
4201,1745743043.1599438,0.0020024911500513554
4202,1745743052.6476257,0.0006646012188866735
4203,1745743063.5010166,0.0034408336505293846
4204,1745743078.0418663,0.0004176594957243651
4205,1745743097.0150363,0.00023417653574142605
4206,1745743110.688861,0.003233423223719001
4207,1745743124.4030173,0.00039197600563056767
4208,1745743143.5529547,0.004123413935303688
4209,1745743154.9041166,0.0002024640270974487
4210,1745743172.653922,0.0015845508314669132
4211,1745743190.3840907,0.00018564150377642363
4212,1745743205.9944153,0.0001303822355112061
4213,1745743226.5397873,0.00013970374129712582
4214,1745743229.6009378,0.00023487414000555873
4215,1745743358.587615,0.0007528224959969521
4216,1745743371.1212685,0.00014575530076399446
4217,1745743387.084594,9.860536374617368e-05
4218,1745743403.6069498,8.978175173979253e-05
4219,1745743417.88022,8.626445196568966e-05
4220,1745743434.7232916,0.0001908511039800942
4221,1745743450.3233137,0.0006289513548836112
4222,1745743461.0771773,0.00022851985704619437
4223,1745743474.4081907,0.00029269649530760944
4224,1745743487.7411644,6.820387352490798e-05
4225,1745743502.3292587,0.0009269315632991493
4226,1745743520.9422946,9.698639769339934e-05
4227,1745743528.2840834,8.925789006752893e-05
4228,1745743553.349504,0.008969040587544441
4229,1745743565.905168,4.502214869717136e-05
4230,1745743577.6474757,0.0005646314239129424
4231,1745743590.396214,0.0011122929863631725
4232,1745743612.692828,0.0010404083877801895
4233,1745743627.457873,7.634204666828737e-05
4234,1745743639.7993677,0.00022587270359508693
4235,1745743661.6647518,0.006098966114223003
4236,1745743675.7918,0.00020200401195324957
4237,1745743689.054446,3.6247973184799775e-05
4238,1745743698.1074684,4.688045373768546e-05
4239,1745743720.0200107,0.00021020685380790383
4240,1745743732.249475,0.00019200526003260165
4241,1745743748.2157152,3.759123137569986e-05
4242,1745743765.0783973,0.00015518433065153658
4243,1745743776.1000137,0.0003598620824050158
4244,1745743798.276626,0.00023460955708287656
4245,1745743808.1215003,0.001006560167297721
4246,1745743818.3687048,0.00026067133876495063
4247,1745743837.6071346,0.0001833921269280836
4248,1745743851.9628127,0.00027737804339267313
4249,1745743858.7585568,0.0003497810394037515
4250,1745743877.8595364,0.00024275595205835998
4251,1745743894.7098114,6.033723911968991e-05
4252,1745743909.0501919,0.0038681617006659508
4253,1745743919.7436154,0.0009186308598145843
4254,1745743938.6624584,4.1449646232649684e-05
4255,1745743955.7097206,0.014221557416021824
4256,1745743969.4876761,0.0011466649593785405
4257,1745743985.7153277,0.0002384469407843426
4258,1745744001.4064124,0.00013317902630660683
4259,1745744012.1919634,0.0008197876741178334
4260,1745744031.4410825,0.0030102080199867487
4261,1745744037.3719175,0.0005395787884481251
4262,1745744056.3852031,1.6563675671932288e-05
4263,1745744074.2404363,0.00017184435273520648
4264,1745744088.2913501,0.003353382460772991
4265,1745744103.9915807,0.0020226456690579653
4266,1745744116.5068295,0.00011712038394762203
4267,1745744130.9436314,0.00017071282491087914
4268,1745744147.2735803,0.008585712872445583
4269,1745744154.8643818,0.0008633600082248449
4270,1745744170.8694727,0.005920735187828541
4271,1745744183.141016,0.0025304220616817474
4272,1745744198.2065275,0.0007153322803787887
4273,1745744215.5288188,0.0003419191052671522
4274,1745744227.4434423,8.347253606189042e-05
4275,1745744243.5489805,0.008680581115186214
4276,1745744254.1212895,0.00838952325284481
4277,1745744268.8985083,0.0001310862135142088
4278,1745744281.9863715,0.002033253200352192
4279,1745744294.5558782,0.0007141641108319163
4280,1745744309.0905201,0.0011742690112441778
4281,1745744328.7086158,0.0014632028760388494
4282,1745744350.7632573,0.0009477140265516937
4283,1745744364.2224162,0.0008518315153196454
4284,1745744375.0792918,0.00012277848145458847
4285,1745744391.0296042,8.479780808556825e-05
4286,1745744405.151119,0.0010406512301415205
4287,1745744420.5845296,0.0008848349098116159
4288,1745744433.387221,0.0009662456577643752
4289,1745744453.4264104,0.0008486602455377579
4290,1745744465.353994,0.00017037868383340538
4291,1745744479.4078116,1.7356245734845288e-05
4292,1745744500.0057933,0.0008128428016789258
4293,1745744518.99802,8.351806172868237e-05
4294,1745744527.835548,3.4536540624685585e-05
4295,1745744543.511396,6.26592300250195e-05
4296,1745744560.2362823,0.00013859354658052325
4297,1745744575.9156673,0.001605612807907164
4298,1745744592.0398364,9.8022872407455e-05
4299,1745744601.1142976,0.00021629847469739616
4300,1745744606.2560284,0.0005913347122259438
