step,wall_time,value
1,1745681226.3246725,1.2195122245373113e-08
2,1745681245.777169,2.4390244490746227e-08
3,1745681266.9507186,3.658536584794092e-08
4,1745681272.579427,4.8780488981492454e-08
5,1745681286.5821497,6.097560856233031e-08
6,1745681291.8914132,7.317073169588184e-08
7,1745681308.9814928,8.536585482943337e-08
8,1745681325.2199144,9.756097796298491e-08
9,1745681331.3903217,1.0975610109653644e-07
10,1745681339.9623451,1.2195121712466062e-07
11,1745681348.5212445,1.341463473636395e-07
12,1745681360.8455749,1.4634146339176368e-07
13,1745681368.3810482,1.5853657941988786e-07
14,1745681387.0638516,1.7073170965886675e-07
15,1745681402.8969865,1.8292682568699092e-07
16,1745681418.1242101,1.9512195592596981e-07
17,1745681427.1082296,2.07317071954094e-07
18,1745681441.1811516,2.1951220219307288e-07
19,1745681455.0600243,2.3170731822119706e-07
20,1745681463.835685,2.4390243424932123e-07
21,1745681481.6360445,2.560975644883001e-07
22,1745681500.5037935,2.68292694727279e-07
23,1745681524.168527,2.8048779654454847e-07
24,1745681540.7442803,2.9268292678352736e-07
25,1745681551.3069673,3.0487805702250625e-07
26,1745681559.5882344,3.170731588397757e-07
27,1745681583.479294,3.292682890787546e-07
28,1745681600.2451012,3.414634193177335e-07
29,1745681614.0558493,3.536585495567124e-07
30,1745681635.6421065,3.6585365137398185e-07
31,1745681650.3409333,3.7804878161296074e-07
32,1745681659.0443711,3.9024391185193963e-07
33,1745681669.351779,4.024390136692091e-07
34,1745681678.7020178,4.14634143908188e-07
35,1745681688.757806,4.2682927414716687e-07
36,1745681699.0652423,4.3902440438614576e-07
37,1745681709.018844,4.512195062034152e-07
38,1745681725.3511212,4.634146364423941e-07
39,1745681743.317773,4.75609766681373e-07
40,1745681761.3687956,4.878048684986425e-07
41,1745681782.3876739,4.999999987376214e-07
42,1745681794.750131,5.121951289766002e-07
43,1745681804.811098,5.243902592155791e-07
44,1745681816.8886797,5.36585389454558e-07
45,1745681822.7925568,5.487804628501181e-07
46,1745681847.4101553,5.609755930890969e-07
47,1745681856.998851,5.731707233280758e-07
48,1745681872.3054414,5.853658535670547e-07
49,1745681880.106556,5.975609838060336e-07
50,1745681891.169564,6.097561140450125e-07
51,1745681908.4239082,6.219512442839914e-07
52,1745681918.2664497,6.341463176795514e-07
53,1745681929.1528697,6.463414479185303e-07
54,1745681936.2578344,6.585365781575092e-07
55,1745681956.0606217,6.707317083964881e-07
56,1745681973.1554613,6.82926838635467e-07
57,1745681986.8853695,6.951219688744459e-07
58,1745681995.4473684,7.073170991134248e-07
59,1745682012.2226884,7.195121725089848e-07
60,1745682029.7238672,7.317073027479637e-07
61,1745682047.3205707,7.439024329869426e-07
62,1745682061.5029764,7.560975632259215e-07
63,1745682075.0584435,7.682926934649004e-07
64,1745682082.6259115,7.804878237038793e-07
65,1745682101.0457711,7.926829539428581e-07
66,1745682111.7574718,8.048780273384182e-07
67,1745682123.8110504,8.170731575773971e-07
68,1745682129.1402225,8.29268287816376e-07
69,1745682148.918865,8.414634180553549e-07
70,1745682162.155631,8.536585482943337e-07
71,1745682172.7619061,8.658536785333126e-07
72,1745682181.6888208,8.780488087722915e-07
73,1745682194.953855,8.902438821678516e-07
74,1745682207.945165,9.024390124068304e-07
75,1745682222.3371243,9.146341426458093e-07
76,1745682230.2587304,9.268292728847882e-07
77,1745682236.0489917,9.390244031237671e-07
78,1745682250.1369674,9.51219533362746e-07
79,1745682259.8311644,9.63414663601725e-07
80,1745682274.3559084,9.75609736997285e-07
81,1745682289.767968,9.878049240796827e-07
82,1745682292.262819,9.999999974752427e-07
83,1745682391.346459,1.0121950708708027e-06
84,1745682408.621429,1.0243902579532005e-06
85,1745682429.9578028,1.0365853313487605e-06
86,1745682446.8617861,1.0487805184311583e-06
87,1745682458.9210122,1.0609755918267183e-06
88,1745682470.9604437,1.073170778909116e-06
89,1745682484.8329926,1.085365852304676e-06
90,1745682500.2318594,1.0975609257002361e-06
91,1745682507.8878825,1.1097561127826339e-06
92,1745682521.7907507,1.1219511861781939e-06
93,1745682536.885205,1.1341463732605916e-06
94,1745682548.5370276,1.1463414466561517e-06
95,1745682561.053653,1.1585366337385494e-06
96,1745682578.775765,1.1707317071341095e-06
97,1745682585.7718596,1.1829267805296695e-06
98,1745682595.4842823,1.1951219676120672e-06
99,1745682611.6657515,1.2073170410076273e-06
100,1745682626.1600711,1.219512228090025e-06
101,1745682632.4751868,1.231707301485585e-06
102,1745682648.3987522,1.2439024885679828e-06
103,1745682663.02788,1.2560975619635428e-06
104,1745682671.6787448,1.2682926353591029e-06
105,1745682685.700524,1.2804878224415006e-06
106,1745682694.7232091,1.2926828958370606e-06
107,1745682705.979307,1.3048780829194584e-06
108,1745682720.2082458,1.3170731563150184e-06
109,1745682735.5111685,1.3292683433974162e-06
110,1745682750.753031,1.3414634167929762e-06
111,1745682763.0582483,1.3536584901885362e-06
112,1745682773.6198633,1.365853677270934e-06
113,1745682784.1897857,1.378048750666494e-06
114,1745682791.5161943,1.3902439377488918e-06
115,1745682807.8023307,1.4024390111444518e-06
116,1745682823.5648847,1.4146341982268495e-06
117,1745682837.612451,1.4268292716224096e-06
118,1745682844.9567473,1.4390243450179696e-06
119,1745682856.9638624,1.4512195321003674e-06
120,1745682865.5682223,1.4634146054959274e-06
121,1745682878.08399,1.4756097925783251e-06
122,1745682893.9830358,1.4878048659738852e-06
123,1745682902.6046832,1.500000053056283e-06
124,1745682920.193241,1.512195126451843e-06
125,1745682932.7168255,1.524390199847403e-06
126,1745682945.22365,1.5365853869298007e-06
127,1745682958.5590575,1.5487804603253608e-06
128,1745682978.4377744,1.5609756474077585e-06
129,1745682996.243839,1.5731707208033185e-06
130,1745683009.6812184,1.5853659078857163e-06
131,1745683023.7952595,1.5975609812812763e-06
132,1745683038.4596922,1.6097560546768364e-06
133,1745683058.987297,1.6219512417592341e-06
134,1745683068.9648137,1.6341463151547941e-06
135,1745683086.3972437,1.6463415022371919e-06
136,1745683102.1947079,1.658536575632752e-06
137,1745683114.3630593,1.6707317627151497e-06
138,1745683136.6608467,1.6829268361107097e-06
139,1745683142.9285529,1.6951219095062697e-06
140,1745683161.2601924,1.7073170965886675e-06
141,1745683181.212272,1.7195121699842275e-06
142,1745683191.4513276,1.7317073570666253e-06
143,1745683204.96021,1.7439024304621853e-06
144,1745683220.6917129,1.756097617544583e-06
145,1745683235.713122,1.768292690940143e-06
146,1745683247.563269,1.780487764335703e-06
147,1745683266.3394766,1.7926829514181009e-06
148,1745683275.3345132,1.8048780248136609e-06
149,1745683282.195392,1.8170732118960586e-06
150,1745683308.5348349,1.8292682852916187e-06
151,1745683327.589811,1.8414633586871787e-06
152,1745683346.4297771,1.8536585457695764e-06
153,1745683362.1141756,1.8658536191651365e-06
154,1745683377.338338,1.8780488062475342e-06
155,1745683386.3891191,1.8902438796430943e-06
156,1745683394.8304315,1.902439066725492e-06
157,1745683411.5610409,1.914634140121052e-06
158,1745683419.4286795,1.92682932720345e-06
159,1745683436.8826962,1.939024286912172e-06
160,1745683445.1281,1.95121947399457e-06
161,1745683460.8749943,1.9634146610769676e-06
162,1745683467.8220298,1.9756098481593654e-06
163,1745683476.4596305,1.9878048078680877e-06
164,1745683479.0206723,1.9999999949504854e-06
165,1745683575.4997494,2.012195182032883e-06
166,1745683588.7270088,2.0243901417416055e-06
167,1745683602.490456,2.0365853288240032e-06
168,1745683614.4124625,2.048780515906401e-06
169,1745683630.8351383,2.0609757029887987e-06
170,1745683645.651506,2.073170662697521e-06
171,1745683657.3422444,2.085365849779919e-06
172,1745683673.2916753,2.0975610368623165e-06
173,1745683683.1925535,2.109755996571039e-06
174,1745683692.1848736,2.1219511836534366e-06
175,1745683703.931079,2.1341463707358344e-06
176,1745683711.0591123,2.146341557818232e-06
177,1745683735.6969066,2.1585365175269544e-06
178,1745683742.3185945,2.170731704609352e-06
179,1745683756.1024811,2.18292689169175e-06
180,1745683771.1597154,2.1951218514004722e-06
181,1745683778.5144083,2.20731703848287e-06
182,1745683791.4669604,2.2195122255652677e-06
183,1745683798.0136225,2.2317074126476655e-06
184,1745683810.4968874,2.2439023723563878e-06
185,1745683820.799486,2.2560975594387855e-06
186,1745683831.8813865,2.2682927465211833e-06
187,1745683847.182813,2.2804877062299056e-06
188,1745683859.5014338,2.2926828933123033e-06
189,1745683877.023859,2.304878080394701e-06
190,1745683885.8513727,2.317073267477099e-06
191,1745683893.6919112,2.329268227185821e-06
192,1745683904.3021817,2.341463414268219e-06
193,1745683919.7413113,2.3536586013506167e-06
194,1745683936.581146,2.365853561059339e-06
195,1745683947.2585754,2.3780487481417367e-06
196,1745683960.1385942,2.3902439352241345e-06
197,1745683971.6078327,2.4024391223065322e-06
198,1745683982.9842029,2.4146340820152545e-06
199,1745683994.698682,2.4268292690976523e-06
200,1745684007.7395627,2.43902445618005e-06
201,1745684021.2902753,2.4512194158887723e-06
202,1745684038.5871224,2.46341460297117e-06
203,1745684046.6425989,2.475609790053568e-06
204,1745684063.3339791,2.4878049771359656e-06
205,1745684083.1751184,2.499999936844688e-06
206,1745684094.5440152,2.5121951239270857e-06
207,1745684111.3448393,2.5243903110094834e-06
208,1745684124.3508432,2.5365852707182057e-06
209,1745684146.0204058,2.5487804578006035e-06
210,1745684160.4818149,2.5609756448830012e-06
211,1745684169.1770592,2.573170831965399e-06
212,1745684186.2926557,2.5853657916741213e-06
213,1745684201.3449366,2.597560978756519e-06
214,1745684208.4962778,2.6097561658389168e-06
215,1745684224.7177923,2.621951125547639e-06
216,1745684231.8739529,2.634146312630037e-06
217,1745684253.0549343,2.6463414997124346e-06
218,1745684263.248964,2.6585366867948323e-06
219,1745684273.1001852,2.6707316465035547e-06
220,1745684288.5856097,2.6829268335859524e-06
221,1745684307.217186,2.69512202066835e-06
222,1745684316.6303809,2.7073169803770725e-06
223,1745684331.4796524,2.7195121674594702e-06
224,1745684349.6707008,2.731707354541868e-06
225,1745684362.9335783,2.7439025416242657e-06
226,1745684369.2473073,2.756097501332988e-06
227,1745684384.0830748,2.7682926884153858e-06
228,1745684403.8757174,2.7804878754977835e-06
229,1745684423.2076936,2.792682835206506e-06
230,1745684432.2348897,2.8048780222889036e-06
231,1745684445.0980017,2.8170732093713013e-06
232,1745684452.6297178,2.829268396453699e-06
233,1745684462.0434482,2.8414633561624214e-06
234,1745684483.2529442,2.853658543244819e-06
235,1745684499.665342,2.865853730327217e-06
236,1745684508.3631701,2.8780486900359392e-06
237,1745684529.0855782,2.890243877118337e-06
238,1745684540.058493,2.9024390642007347e-06
239,1745684555.3758507,2.9146342512831325e-06
240,1745684576.8053257,2.9268292109918548e-06
241,1745684598.7937937,2.9390243980742525e-06
242,1745684612.7847235,2.9512195851566503e-06
243,1745684625.7171538,2.9634145448653726e-06
244,1745684638.3837092,2.9756097319477703e-06
245,1745684648.2570603,2.987804919030168e-06
246,1745684651.1341383,3.000000106112566e-06
247,1745684756.9693878,3.012195065821288e-06
248,1745684769.6073582,3.024390252903686e-06
249,1745684780.4421854,3.0365854399860837e-06
250,1745684789.3918533,3.048780399694806e-06
251,1745684802.0671613,3.0609755867772037e-06
252,1745684814.7283473,3.0731707738596015e-06
253,1745684830.8878736,3.0853659609419992e-06
254,1745684840.4050922,3.0975609206507215e-06
255,1745684853.7534835,3.1097561077331193e-06
256,1745684861.7547746,3.121951294815517e-06
257,1745684871.5497017,3.1341462545242393e-06
258,1745684882.8044748,3.146341441606637e-06
259,1745684902.3400264,3.158536628689035e-06
260,1745684916.7525876,3.1707318157714326e-06
261,1745684929.2271256,3.182926775480155e-06
262,1745684941.229334,3.1951219625625527e-06
263,1745684949.0171554,3.2073171496449504e-06
264,1745684964.264381,3.2195121093536727e-06
265,1745684973.5147693,3.2317072964360705e-06
266,1745684992.7288535,3.2439024835184682e-06
267,1745685001.9824836,3.256097670600866e-06
268,1745685014.9000125,3.2682926303095883e-06
269,1745685032.7547262,3.280487817391986e-06
270,1745685052.9869711,3.2926830044743838e-06
271,1745685061.4118643,3.304877964183106e-06
272,1745685072.17648,3.317073151265504e-06
273,1745685079.9073608,3.3292683383479016e-06
274,1745685098.857682,3.3414635254302993e-06
275,1745685112.0565262,3.3536584851390216e-06
276,1745685126.145055,3.3658536722214194e-06
277,1745685135.8117528,3.378048859303817e-06
278,1745685145.3731568,3.3902438190125395e-06
279,1745685156.0429933,3.4024390060949372e-06
280,1745685167.3574514,3.414634193177335e-06
281,1745685185.0994568,3.4268293802597327e-06
282,1745685203.5418894,3.439024339968455e-06
283,1745685211.7621667,3.4512195270508528e-06
284,1745685224.0592515,3.4634147141332505e-06
285,1745685245.0558596,3.475609673841973e-06
286,1745685262.3722765,3.4878048609243706e-06
287,1745685278.4456654,3.5000000480067683e-06
288,1745685291.4174469,3.512195235089166e-06
289,1745685300.1719394,3.5243901947978884e-06
290,1745685309.9986064,3.536585381880286e-06
291,1745685328.5523126,3.548780568962684e-06
292,1745685335.1017857,3.560975528671406e-06
293,1745685354.6901684,3.573170715753804e-06
294,1745685369.5227106,3.5853659028362017e-06
295,1745685380.4081979,3.597560862544924e-06
296,1745685390.7826722,3.6097560496273218e-06
297,1745685402.7956243,3.6219512367097195e-06
298,1745685420.9821281,3.6341464237921173e-06
299,1745685429.8540218,3.6463413835008396e-06
300,1745685442.4131074,3.6585365705832373e-06
301,1745685458.5119998,3.670731757665635e-06
302,1745685476.8770678,3.6829267173743574e-06
303,1745685497.8610566,3.695121904456755e-06
304,1745685514.4851162,3.707317091539153e-06
305,1745685522.014755,3.7195122786215506e-06
306,1745685536.1486263,3.731707238330273e-06
307,1745685544.3492694,3.7439024254126707e-06
308,1745685569.5045087,3.7560976124950685e-06
309,1745685582.6523218,3.7682925722037908e-06
310,1745685592.4508154,3.7804877592861885e-06
311,1745685607.6130521,3.7926829463685863e-06
312,1745685622.1147008,3.804878133450984e-06
313,1745685638.6703117,3.817073320533382e-06
314,1745685647.2797172,3.829268280242104e-06
315,1745685659.6711385,3.841463239950826e-06
316,1745685670.0918124,3.8536586544069e-06
317,1745685681.0719063,3.865853614115622e-06
318,1745685691.9342566,3.878048573824344e-06
319,1745685702.7456493,3.890243988280417e-06
320,1745685716.4750557,3.90243894798914e-06
321,1745685731.8680758,3.914634362445213e-06
322,1745685739.807398,3.926829322153935e-06
323,1745685754.2691767,3.9390242818626575e-06
324,1745685767.6226404,3.951219696318731e-06
325,1745685777.7208817,3.963414656027453e-06
326,1745685798.618127,3.975609615736175e-06
327,1745685813.647042,3.9878050301922485e-06
328,1745685818.486428,3.999999989900971e-06
329,1745685923.9433856,4.012194949609693e-06
330,1745685944.785953,4.024390364065766e-06
331,1745685959.0975084,4.036585323774489e-06
332,1745685968.9168706,4.048780283483211e-06
333,1745685988.371246,4.060975697939284e-06
334,1745686006.9534667,4.0731706576480065e-06
335,1745686024.287898,4.08536607210408e-06
336,1745686033.793663,4.097561031812802e-06
337,1745686045.2128599,4.109755991521524e-06
338,1745686060.9487362,4.1219514059775975e-06
339,1745686071.8235612,4.13414636568632e-06
340,1745686082.928844,4.146341325395042e-06
341,1745686091.6500297,4.158536739851115e-06
342,1745686101.0535529,4.170731699559838e-06
343,1745686113.9229152,4.18292665926856e-06
344,1745686121.398879,4.195122073724633e-06
345,1745686131.7808652,4.207317033433355e-06
346,1745686142.441166,4.219511993142078e-06
347,1745686152.6485684,4.231707407598151e-06
348,1745686165.0623763,4.243902367306873e-06
349,1745686179.0850778,4.256097781762946e-06
350,1745686193.369815,4.268292741471669e-06
351,1745686208.7758691,4.280487701180391e-06
352,1745686219.564912,4.292683115636464e-06
353,1745686242.649808,4.3048780753451865e-06
354,1745686252.8208148,4.317073035053909e-06
355,1745686269.4770226,4.329268449509982e-06
356,1745686276.86055,4.341463409218704e-06
357,1745686290.1262577,4.353658368927427e-06
358,1745686304.066868,4.3658537833835e-06
359,1745686311.5934432,4.378048743092222e-06
360,1745686316.4437826,4.3902437028009444e-06
361,1745686334.501874,4.402439117257018e-06
362,1745686343.4949234,4.41463407696574e-06
363,1745686354.764799,4.426829491421813e-06
364,1745686363.2733147,4.4390244511305355e-06
365,1745686378.814169,4.451219410839258e-06
366,1745686385.2433157,4.463414825295331e-06
367,1745686407.922992,4.475609785004053e-06
368,1745686416.4199603,4.4878047447127756e-06
369,1745686426.9617639,4.500000159168849e-06
370,1745686441.7926536,4.512195118877571e-06
371,1745686456.7583878,4.524390078586293e-06
372,1745686467.9402866,4.536585493042367e-06
373,1745686480.5362427,4.548780452751089e-06
374,1745686494.84464,4.560975412459811e-06
375,1745686508.88967,4.573170826915884e-06
376,1745686524.7313647,4.585365786624607e-06
377,1745686532.5883546,4.59756120108068e-06
378,1745686550.4234138,4.609756160789402e-06
379,1745686558.550178,4.6219511204981245e-06
380,1745686574.9837143,4.634146534954198e-06
381,1745686589.0335798,4.64634149466292e-06
382,1745686609.2850192,4.658536454371642e-06
383,1745686616.340745,4.6707318688277155e-06
384,1745686632.611874,4.682926828536438e-06
385,1745686649.0004396,4.69512178824516e-06
386,1745686661.3896585,4.707317202701233e-06
387,1745686683.1282425,4.719512162409956e-06
388,1745686695.100871,4.731707122118678e-06
389,1745686710.2852144,4.743902536574751e-06
390,1745686719.6095226,4.7560974962834734e-06
391,1745686727.5654874,4.768292455992196e-06
392,1745686738.6365645,4.780487870448269e-06
393,1745686757.1653695,4.792682830156991e-06
394,1745686766.222758,4.8048782446130645e-06
395,1745686775.1103728,4.817073204321787e-06
396,1745686785.5833902,4.829268164030509e-06
397,1745686795.5818584,4.841463578486582e-06
398,1745686817.4255903,4.8536585381953046e-06
399,1745686824.3278427,4.865853497904027e-06
400,1745686840.3137932,4.8780489123601e-06
401,1745686857.9273658,4.890243872068822e-06
402,1745686872.2398093,4.902438831777545e-06
403,1745686881.6535947,4.914634246233618e-06
404,1745686894.0216448,4.92682920594234e-06
405,1745686916.8562777,4.9390241656510625e-06
406,1745686927.2908454,4.951219580107136e-06
407,1745686940.9301,4.963414539815858e-06
408,1745686956.0207336,4.975609954271931e-06
409,1745686962.966252,4.9878049139806535e-06
410,1745686967.47587,4.999999873689376e-06
411,1745687062.4087334,5.012195288145449e-06
412,1745687080.9694538,5.024390247854171e-06
413,1745687089.4184537,5.036585207562894e-06
414,1745687097.0389543,5.048780622018967e-06
415,1745687108.4699845,5.060975581727689e-06
416,1745687127.8858798,5.0731705414364114e-06
417,1745687137.7608309,5.085365955892485e-06
418,1745687150.3336918,5.097560915601207e-06
419,1745687167.905247,5.109755875309929e-06
420,1745687178.256016,5.1219512897660024e-06
421,1745687191.0539792,5.134146249474725e-06
422,1745687203.694347,5.146341663930798e-06
423,1745687215.310474,5.15853662363952e-06
424,1745687228.1988666,5.1707315833482426e-06
425,1745687239.915094,5.182926997804316e-06
426,1745687247.5821552,5.195121957513038e-06
427,1745687267.678784,5.20731691722176e-06
428,1745687279.9278529,5.2195123316778336e-06
429,1745687300.6674206,5.231707291386556e-06
430,1745687310.971091,5.243902251095278e-06
431,1745687318.011769,5.256097665551351e-06
432,1745687337.592843,5.268292625260074e-06
433,1745687349.4837108,5.280487584968796e-06
434,1745687363.7998633,5.292682999424869e-06
435,1745687370.3114347,5.3048779591335915e-06
436,1745687389.4732442,5.317073373589665e-06
437,1745687401.208425,5.329268333298387e-06
438,1745687414.975847,5.341463293007109e-06
439,1745687427.6199293,5.3536587074631825e-06
440,1745687441.3755565,5.365853667171905e-06
441,1745687456.4659514,5.378048626880627e-06
442,1745687481.4720008,5.3902440413367e-06
443,1745687495.4643288,5.402439001045423e-06
444,1745687510.1128476,5.414633960754145e-06
445,1745687533.6321664,5.426829375210218e-06
446,1745687563.1890936,5.4390243349189404e-06
447,1745687571.3502767,5.451219294627663e-06
448,1745687578.6266358,5.463414709083736e-06
449,1745687592.3711932,5.475609668792458e-06
450,1745687605.4948125,5.4878050832485314e-06
451,1745687632.9171634,5.500000042957254e-06
452,1745687642.065543,5.512195002665976e-06
453,1745687657.6982234,5.524390417122049e-06
454,1745687667.9387622,5.5365853768307716e-06
455,1745687676.9829364,5.548780336539494e-06
456,1745687692.6223257,5.560975750995567e-06
457,1745687711.1897707,5.573170710704289e-06
458,1745687716.9709136,5.585365670413012e-06
459,1745687733.607858,5.597561084869085e-06
460,1745687741.9084249,5.609756044577807e-06
461,1745687756.669518,5.6219510042865295e-06
462,1745687763.2634475,5.634146418742603e-06
463,1745687777.4344373,5.646341378451325e-06
464,1745687797.0010474,5.658536792907398e-06
465,1745687808.9396524,5.6707317526161205e-06
466,1745687819.5890672,5.682926712324843e-06
467,1745687829.377403,5.695122126780916e-06
468,1745687836.1506898,5.707317086489638e-06
469,1745687843.4981866,5.719512046198361e-06
470,1745687857.9545963,5.731707460654434e-06
471,1745687872.3060179,5.743902420363156e-06
472,1745687890.9828374,5.7560973800718784e-06
473,1745687899.9060915,5.768292794527952e-06
474,1745687919.350705,5.780487754236674e-06
475,1745687926.7062569,5.792682713945396e-06
476,1745687938.230327,5.8048781284014694e-06
477,1745687946.230429,5.817073088110192e-06
478,1745687955.5278614,5.829268502566265e-06
479,1745687964.635875,5.841463462274987e-06
480,1745687978.0019698,5.8536584219837096e-06
481,1745687990.039353,5.865853836439783e-06
482,1745688002.784967,5.878048796148505e-06
483,1745688008.8597958,5.890243755857227e-06
484,1745688026.653398,5.9024391703133006e-06
485,1745688045.3241453,5.914634130022023e-06
486,1745688064.4671955,5.926829089730745e-06
487,1745688073.3970187,5.939024504186818e-06
488,1745688090.134771,5.951219463895541e-06
489,1745688103.5989594,5.963414423604263e-06
490,1745688112.7935762,5.975609838060336e-06
491,1745688124.2216227,5.9878047977690585e-06
492,1745688128.529987,6.000000212225132e-06
493,1745688223.588228,6.012195171933854e-06
494,1745688238.047389,6.024390131642576e-06
495,1745688248.1369479,6.0365855460986495e-06
496,1745688255.5623567,6.048780505807372e-06
497,1745688270.3324037,6.060975465516094e-06
498,1745688279.0614054,6.073170879972167e-06
499,1745688301.3477921,6.08536583968089e-06
500,1745688314.4838464,6.097560799389612e-06
501,1745688327.3093162,6.109756213845685e-06
502,1745688334.712374,6.1219511735544074e-06
503,1745688346.9728258,6.13414613326313e-06
504,1745688354.8429205,6.146341547719203e-06
505,1745688367.482667,6.158536507427925e-06
506,1745688376.0161586,6.1707319218839984e-06
507,1745688390.2806854,6.182926881592721e-06
508,1745688398.398532,6.195121841301443e-06
509,1745688410.7195797,6.207317255757516e-06
510,1745688418.2206595,6.2195122154662386e-06
511,1745688428.4256642,6.231707175174961e-06
512,1745688444.9909043,6.243902589631034e-06
513,1745688451.269733,6.256097549339756e-06
514,1745688464.3804986,6.268292509048479e-06
515,1745688484.5196407,6.280487923504552e-06
516,1745688503.2688558,6.292682883213274e-06
517,1745688521.5522423,6.3048778429219965e-06
518,1745688536.1165116,6.31707325737807e-06
519,1745688553.4616692,6.329268217086792e-06
520,1745688568.3718412,6.341463631542865e-06
521,1745688580.3230777,6.3536585912515875e-06
522,1745688594.5192199,6.36585355096031e-06
523,1745688605.1051714,6.378048965416383e-06
524,1745688615.9548187,6.390243925125105e-06
525,1745688631.6002748,6.402438884833828e-06
526,1745688648.484072,6.414634299289901e-06
527,1745688667.8089948,6.426829258998623e-06
528,1745688681.0254738,6.4390242187073454e-06
529,1745688689.6179419,6.451219633163419e-06
530,1745688705.7027402,6.463414592872141e-06
531,1745688721.3116598,6.475609552580863e-06
532,1745688734.1239154,6.4878049670369364e-06
533,1745688752.9180503,6.499999926745659e-06
534,1745688772.172385,6.512195341201732e-06
535,1745688791.7326539,6.524390300910454e-06
536,1745688811.117793,6.5365852606191766e-06
537,1745688820.033755,6.54878067507525e-06
538,1745688828.9601123,6.560975634783972e-06
539,1745688840.287849,6.573170594492694e-06
540,1745688852.9278667,6.5853660089487676e-06
541,1745688863.8313582,6.59756096865749e-06
542,1745688874.600963,6.609755928366212e-06
543,1745688883.167306,6.621951342822285e-06
544,1745688904.77451,6.634146302531008e-06
545,1745688922.4685657,6.64634126223973e-06
546,1745688935.2678523,6.658536676695803e-06
547,1745688943.3758893,6.6707316364045255e-06
548,1745688962.0293176,6.682927050860599e-06
549,1745688976.6009603,6.695122010569321e-06
550,1745688987.5518584,6.707316970278043e-06
551,1745688997.0006182,6.7195123847341165e-06
552,1745689007.6166646,6.731707344442839e-06
553,1745689025.8438337,6.743902304151561e-06
554,1745689033.9592829,6.756097718607634e-06
555,1745689044.0312607,6.768292678316357e-06
556,1745689062.7996407,6.780487638025079e-06
557,1745689078.3217237,6.792683052481152e-06
558,1745689091.3389332,6.8048780121898744e-06
559,1745689104.9510381,6.817072971898597e-06
560,1745689116.9385567,6.82926838635467e-06
561,1745689132.8329902,6.841463346063392e-06
562,1745689151.6723673,6.8536587605194654e-06
563,1745689162.3468745,6.865853720228188e-06
564,1745689176.7800586,6.87804867993691e-06
565,1745689187.3932667,6.890244094392983e-06
566,1745689205.9504561,6.9024390541017056e-06
567,1745689223.826649,6.914634013810428e-06
568,1745689248.5682855,6.926829428266501e-06
569,1745689260.8194733,6.939024387975223e-06
570,1745689269.7104814,6.951219347683946e-06
571,1745689282.0382106,6.963414762140019e-06
572,1745689302.7759643,6.975609721848741e-06
573,1745689313.6363103,6.9878046815574635e-06
574,1745689318.2332811,7.000000096013537e-06
575,1745689417.9008627,7.012195055722259e-06
576,1745689429.0432694,7.024390470178332e-06
577,1745689452.1956463,7.0365854298870545e-06
578,1745689463.993382,7.048780389595777e-06
579,1745689481.0822139,7.06097580405185e-06
580,1745689501.7406657,7.073170763760572e-06
581,1745689513.2399535,7.085365723469295e-06
582,1745689523.7960486,7.097561137925368e-06
583,1745689536.496641,7.10975609763409e-06
584,1745689548.4312534,7.121951057342812e-06
585,1745689562.2579937,7.134146471798886e-06
586,1745689567.9334118,7.146341431507608e-06
587,1745689584.3468397,7.15853639121633e-06
588,1745689607.8561945,7.1707318056724034e-06
589,1745689618.0927246,7.182926765381126e-06
590,1745689631.5334363,7.195121725089848e-06
591,1745689645.7636752,7.207317139545921e-06
592,1745689657.1818316,7.2195120992546435e-06
593,1745689667.6060007,7.231707513710717e-06
594,1745689680.616168,7.243902473419439e-06
595,1745689699.7963722,7.256097433128161e-06
596,1745689707.2541108,7.2682928475842346e-06
597,1745689716.8598533,7.280487807292957e-06
598,1745689729.0573986,7.292682767001679e-06
599,1745689734.579503,7.304878181457752e-06
600,1745689755.805177,7.317073141166475e-06
601,1745689766.1066272,7.329268100875197e-06
602,1745689774.4429104,7.34146351533127e-06
603,1745689781.8006973,7.3536584750399925e-06
604,1745689796.2014658,7.365853434748715e-06
605,1745689807.061176,7.378048849204788e-06
606,1745689824.976391,7.39024380891351e-06
607,1745689835.976554,7.4024392233695835e-06
608,1745689842.9708886,7.414634183078306e-06
609,1745689862.353638,7.426829142787028e-06
610,1745689883.3503544,7.439024557243101e-06
611,1745689892.8382463,7.451219516951824e-06
612,1745689905.139468,7.463414476660546e-06
613,1745689916.7832863,7.475609891116619e-06
614,1745689927.0579677,7.487804850825341e-06
615,1745689939.0038521,7.499999810534064e-06
616,1745689950.263835,7.512195224990137e-06
617,1745689969.4278429,7.524390184698859e-06
618,1745689984.0467448,7.5365851444075815e-06
619,1745689997.7719762,7.548780558863655e-06
620,1745690003.6537898,7.560975518572377e-06
621,1745690017.6450357,7.57317093302845e-06
622,1745690038.6033318,7.5853658927371725e-06
623,1745690055.5297372,7.597560852445895e-06
624,1745690068.470435,7.609756266901968e-06
625,1745690078.5658207,7.62195122661069e-06
626,1745690100.2345643,7.634146641066764e-06
627,1745690114.1788554,7.646341146028135e-06
628,1745690123.0151787,7.658536560484208e-06
629,1745690135.3017015,7.670731974940281e-06
630,1745690142.7890708,7.682926479901653e-06
631,1745690156.7421446,7.695121894357726e-06
632,1745690172.595836,7.7073173088138e-06
633,1745690183.631104,7.71951181377517e-06
634,1745690189.111192,7.731707228231244e-06
635,1745690207.2336042,7.743902642687317e-06
636,1745690225.352392,7.756097147648688e-06
637,1745690240.3963556,7.768292562104762e-06
638,1745690253.7287526,7.780487976560835e-06
639,1745690264.0453959,7.792682481522206e-06
640,1745690286.5103662,7.80487789597828e-06
641,1745690297.9358518,7.817073310434353e-06
642,1745690311.1328347,7.829268724890426e-06
643,1745690317.5165398,7.841463229851797e-06
644,1745690331.648712,7.85365864430787e-06
645,1745690353.0630865,7.865854058763944e-06
646,1745690361.087296,7.878048563725315e-06
647,1745690373.7770317,7.890243978181388e-06
648,1745690382.7700021,7.902439392637461e-06
649,1745690402.8463204,7.914633897598833e-06
650,1745690411.9998147,7.926829312054906e-06
651,1745690422.873424,7.93902472651098e-06
652,1745690438.224889,7.95121923147235e-06
653,1745690449.4354846,7.963414645928424e-06
654,1745690459.1663806,7.975610060384497e-06
655,1745690466.5274866,7.987804565345868e-06
656,1745690470.8769848,7.999999979801942e-06
657,1745690555.0284054,8.012195394258015e-06
658,1745690564.8249888,8.024389899219386e-06
659,1745690574.871304,8.03658531367546e-06
660,1745690592.7284987,8.048780728131533e-06
661,1745690601.250274,8.060975233092904e-06
662,1745690616.3022304,8.073170647548977e-06
663,1745690628.795259,8.08536606200505e-06
664,1745690640.0505273,8.097560566966422e-06
665,1745690649.2359216,8.109755981422495e-06
666,1745690660.6168232,8.121951395878568e-06
667,1745690672.1561975,8.13414590083994e-06
668,1745690683.5564792,8.146341315296013e-06
669,1745690693.647853,8.158536729752086e-06
670,1745690707.261795,8.17073214420816e-06
671,1745690718.426125,8.18292664916953e-06
672,1745690732.231843,8.195122063625604e-06
673,1745690740.3816936,8.207317478081677e-06
674,1745690754.365993,8.219511983043049e-06
675,1745690768.3449955,8.231707397499122e-06
676,1745690781.7622912,8.243902811955195e-06
677,1745690798.3117542,8.256097316916566e-06
678,1745690812.8912587,8.26829273137264e-06
679,1745690820.1131601,8.280488145828713e-06
680,1745690831.8532212,8.292682650790084e-06
681,1745690844.6835012,8.304878065246157e-06
682,1745690861.6212518,8.31707347970223e-06
683,1745690879.01254,8.329267984663602e-06
684,1745690895.8092175,8.341463399119675e-06
685,1745690907.8927054,8.353658813575748e-06
686,1745690919.6117623,8.36585331853712e-06
687,1745690927.831798,8.378048732993193e-06
688,1745690938.6965294,8.390244147449266e-06
689,1745690952.8353128,8.402438652410638e-06
690,1745690964.4352229,8.41463406686671e-06
691,1745690977.7591536,8.426829481322784e-06
692,1745690988.2413516,8.439023986284155e-06
693,1745691004.1574476,8.451219400740229e-06
694,1745691014.572301,8.463414815196302e-06
695,1745691032.7089682,8.475609320157673e-06
696,1745691041.3173506,8.487804734613746e-06
697,1745691055.100725,8.50000014906982e-06
698,1745691072.5454338,8.512195563525893e-06
699,1745691083.578351,8.524390068487264e-06
700,1745691099.093228,8.536585482943337e-06
701,1745691107.2192636,8.54878089739941e-06
702,1745691122.4297984,8.560975402360782e-06
703,1745691136.915873,8.573170816816855e-06
704,1745691146.543949,8.585366231272928e-06
705,1745691164.6400976,8.5975607362343e-06
706,1745691176.2023523,8.609756150690373e-06
707,1745691183.2114713,8.621951565146446e-06
708,1745691204.6921954,8.634146070107818e-06
709,1745691222.9647226,8.64634148456389e-06
710,1745691232.3189402,8.658536899019964e-06
711,1745691243.7546563,8.670731403981335e-06
712,1745691257.642764,8.682926818437409e-06
713,1745691264.9233532,8.695122232893482e-06
714,1745691276.917889,8.707316737854853e-06
715,1745691295.887086,8.719512152310926e-06
716,1745691304.075579,8.731707566767e-06
717,1745691322.280611,8.743902071728371e-06
718,1745691341.640378,8.756097486184444e-06
719,1745691366.6710258,8.768292900640517e-06
720,1745691377.0137668,8.780487405601889e-06
721,1745691385.8546762,8.792682820057962e-06
722,1745691398.5605974,8.804878234514035e-06
723,1745691412.4873044,8.817072739475407e-06
724,1745691421.7570457,8.82926815393148e-06
725,1745691438.1285353,8.841463568387553e-06
726,1745691445.4823546,8.853658982843626e-06
727,1745691459.4839199,8.865853487804998e-06
728,1745691471.503754,8.878048902261071e-06
729,1745691483.71037,8.890244316717144e-06
730,1745691496.0857894,8.902438821678516e-06
731,1745691506.7119362,8.914634236134589e-06
732,1745691519.5011609,8.926829650590662e-06
733,1745691532.077244,8.939024155552033e-06
734,1745691540.5445576,8.951219570008107e-06
735,1745691553.9976048,8.96341498446418e-06
736,1745691569.5086858,8.975609489425551e-06
737,1745691581.4736323,8.987804903881624e-06
738,1745691588.8533432,9.000000318337698e-06
739,1745691679.681731,9.012194823299069e-06
740,1745691694.7055342,9.024390237755142e-06
741,1745691714.5223677,9.036585652211215e-06
742,1745691722.421754,9.048780157172587e-06
743,1745691736.663953,9.06097557162866e-06
744,1745691751.898026,9.073170986084733e-06
745,1745691763.4859447,9.085365491046105e-06
746,1745691773.597975,9.097560905502178e-06
747,1745691789.9269037,9.109756319958251e-06
748,1745691810.3258784,9.121950824919622e-06
749,1745691819.7425785,9.134146239375696e-06
750,1745691832.864709,9.146341653831769e-06
751,1745691841.0126448,9.15853615879314e-06
752,1745691853.6758723,9.170731573249213e-06
753,1745691870.599711,9.182926987705287e-06
754,1745691884.947936,9.19512240216136e-06
755,1745691890.8347695,9.207316907122731e-06
756,1745691906.118085,9.219512321578804e-06
757,1745691914.522597,9.231707736034878e-06
758,1745691923.446594,9.243902240996249e-06
759,1745691937.9763062,9.256097655452322e-06
760,1745691954.0230985,9.268293069908395e-06
761,1745691969.2330117,9.280487574869767e-06
762,1745691979.1501138,9.29268298932584e-06
763,1745692001.9367661,9.304878403781913e-06
764,1745692025.349088,9.317072908743285e-06
765,1745692039.86242,9.329268323199358e-06
766,1745692053.6351168,9.341463737655431e-06
767,1745692068.3158898,9.353658242616802e-06
768,1745692082.1764102,9.365853657072876e-06
769,1745692092.1050606,9.378049071528949e-06
770,1745692104.0233471,9.39024357649032e-06
771,1745692113.1346705,9.402438990946393e-06
772,1745692122.7176676,9.414634405402467e-06
773,1745692133.6002727,9.426828910363838e-06
774,1745692143.470963,9.439024324819911e-06
775,1745692153.6587052,9.451219739275984e-06
776,1745692167.238824,9.463414244237356e-06
777,1745692185.4071336,9.475609658693429e-06
778,1745692195.5794828,9.487805073149502e-06
779,1745692204.220521,9.499999578110874e-06
780,1745692224.4255974,9.512194992566947e-06
781,1745692235.1184068,9.52439040702302e-06
782,1745692249.4392495,9.536584911984392e-06
783,1745692264.650411,9.548780326440465e-06
784,1745692281.5544176,9.560975740896538e-06
785,1745692294.5042317,9.573171155352611e-06
786,1745692308.0071895,9.585365660313983e-06
787,1745692314.76631,9.597561074770056e-06
788,1745692329.370688,9.609756489226129e-06
789,1745692337.608136,9.6219509941875e-06
790,1745692352.1622093,9.634146408643574e-06
791,1745692367.8710754,9.646341823099647e-06
792,1745692378.38562,9.658536328061018e-06
793,1745692387.3402402,9.670731742517091e-06
794,1745692406.2101774,9.682927156973165e-06
795,1745692426.7421932,9.695121661934536e-06
796,1745692435.7717607,9.707317076390609e-06
797,1745692445.758076,9.719512490846682e-06
798,1745692461.1017594,9.731706995808054e-06
799,1745692471.0250642,9.743902410264127e-06
800,1745692477.7250307,9.7560978247202e-06
801,1745692496.876973,9.768292329681572e-06
802,1745692516.7680428,9.780487744137645e-06
803,1745692527.3542192,9.792683158593718e-06
804,1745692540.5042534,9.80487766355509e-06
805,1745692554.7499752,9.817073078011163e-06
806,1745692573.7930532,9.829268492467236e-06
807,1745692589.5874226,9.841462997428607e-06
808,1745692599.8346975,9.85365841188468e-06
809,1745692616.2061017,9.865853826340754e-06
810,1745692638.6388028,9.878048331302125e-06
811,1745692653.256298,9.890243745758198e-06
812,1745692678.1329286,9.902439160214271e-06
813,1745692692.9732974,9.914634574670345e-06
814,1745692706.3117814,9.926829079631716e-06
815,1745692716.1936176,9.93902449408779e-06
816,1745692727.837474,9.951219908543862e-06
817,1745692735.418726,9.963414413505234e-06
818,1745692750.2130578,9.975609827961307e-06
819,1745692760.7081518,9.98780524241738e-06
820,1745692764.11927,9.999999747378752e-06
821,1745692849.6198885,1.0012195161834825e-05
822,1745692859.0054913,1.0024390576290898e-05
823,1745692870.2901459,1.003658508125227e-05
824,1745692883.7666085,1.0048780495708343e-05
825,1745692899.9486344,1.0060975910164416e-05
826,1745692919.6016486,1.0073170415125787e-05
827,1745692931.4806314,1.008536582958186e-05
828,1745692947.0676317,1.0097561244037934e-05
829,1745692959.164946,1.0109755748999305e-05
830,1745692984.6206572,1.0121951163455378e-05
831,1745692996.5798395,1.0134146577911451e-05
832,1745693013.5811934,1.0146341082872823e-05
833,1745693028.8520277,1.0158536497328896e-05
834,1745693042.5568798,1.017073191178497e-05
835,1745693060.305738,1.018292641674634e-05
836,1745693080.0685196,1.0195121831202414e-05
837,1745693087.154323,1.0207317245658487e-05
838,1745693101.9221704,1.0219511750619859e-05
839,1745693112.1274173,1.0231707165075932e-05
840,1745693124.370161,1.0243902579532005e-05
841,1745693138.7626507,1.0256097993988078e-05
842,1745693158.1815186,1.026829249894945e-05
843,1745693169.8222826,1.0280487913405523e-05
844,1745693180.9421892,1.0292683327861596e-05
845,1745693195.6838706,1.0304877832822967e-05
846,1745693205.0283308,1.031707324727904e-05
847,1745693215.0559654,1.0329268661735114e-05
848,1745693232.1846874,1.0341463166696485e-05
849,1745693244.6677296,1.0353658581152558e-05
850,1745693257.1883857,1.0365853995608632e-05
851,1745693278.9953043,1.0378048500570003e-05
852,1745693290.609013,1.0390243915026076e-05
853,1745693304.638368,1.040243932948215e-05
854,1745693315.9180703,1.041463383444352e-05
855,1745693331.9571748,1.0426829248899594e-05
856,1745693341.3534498,1.0439024663355667e-05
857,1745693351.7248352,1.0451219168317039e-05
858,1745693360.1521935,1.0463414582773112e-05
859,1745693370.65234,1.0475609997229185e-05
860,1745693384.9158812,1.0487804502190556e-05
861,1745693391.9710548,1.049999991664663e-05
862,1745693406.651156,1.0512195331102703e-05
863,1745693416.6505907,1.0524389836064074e-05
864,1745693431.137882,1.0536585250520147e-05
865,1745693443.416127,1.054878066497622e-05
866,1745693450.772563,1.0560975169937592e-05
867,1745693463.7577446,1.0573170584393665e-05
868,1745693469.8429098,1.0585365998849738e-05
869,1745693490.8078845,1.0597561413305812e-05
870,1745693500.7393808,1.0609755918267183e-05
871,1745693509.771556,1.0621951332723256e-05
872,1745693523.7960112,1.063414674717933e-05
873,1745693541.543363,1.06463412521407e-05
874,1745693551.023687,1.0658536666596774e-05
875,1745693560.6039703,1.0670732081052847e-05
876,1745693574.2784226,1.0682926586014219e-05
877,1745693587.5132785,1.0695122000470292e-05
878,1745693594.349802,1.0707317414926365e-05
879,1745693610.2891982,1.0719511919887736e-05
880,1745693624.3621714,1.073170733434381e-05
881,1745693650.8356247,1.0743902748799883e-05
882,1745693666.7379906,1.0756097253761254e-05
883,1745693681.3652854,1.0768292668217327e-05
884,1745693701.0593305,1.07804880826734e-05
885,1745693706.786862,1.0792682587634772e-05
886,1745693729.620644,1.0804878002090845e-05
887,1745693741.3323653,1.0817073416546918e-05
888,1745693752.7114913,1.082926792150829e-05
889,1745693770.0581799,1.0841463335964363e-05
890,1745693781.6171308,1.0853658750420436e-05
891,1745693795.810302,1.0865853255381808e-05
892,1745693809.6967685,1.0878048669837881e-05
893,1745693817.5835543,1.0890244084293954e-05
894,1745693828.3269048,1.0902438589255325e-05
895,1745693846.6272776,1.0914634003711399e-05
896,1745693858.0340447,1.0926829418167472e-05
897,1745693867.993121,1.0939024832623545e-05
898,1745693877.1038032,1.0951219337584917e-05
899,1745693893.3581104,1.096341475204099e-05
900,1745693904.9723146,1.0975610166497063e-05
901,1745693917.3727176,1.0987804671458434e-05
902,1745693924.4606712,1.1000000085914508e-05
903,1745694008.1967144,1.101219550037058e-05
904,1745694017.61111,1.1024390005331952e-05
905,1745694032.0353262,1.1036585419788025e-05
906,1745694040.1181195,1.1048780834244099e-05
907,1745694050.36616,1.106097533920547e-05
908,1745694064.4197717,1.1073170753661543e-05
909,1745694077.328822,1.1085366168117616e-05
910,1745694089.9025104,1.1097560673078988e-05
911,1745694099.133545,1.1109756087535061e-05
912,1745694111.3215556,1.1121951501991134e-05
913,1745694121.7933478,1.1134146006952506e-05
914,1745694136.6766548,1.1146341421408579e-05
915,1745694145.4325054,1.1158536835864652e-05
916,1745694163.1446736,1.1170731340826023e-05
917,1745694180.4612377,1.1182926755282097e-05
918,1745694196.3914998,1.119512216973817e-05
919,1745694205.1540072,1.1207316674699541e-05
920,1745694219.61601,1.1219512089155614e-05
921,1745694227.9142752,1.1231707503611688e-05
922,1745694236.4878361,1.1243902008573059e-05
923,1745694254.4460137,1.1256097423029132e-05
924,1745694266.793968,1.1268292837485205e-05
925,1745694278.8916035,1.1280488251941279e-05
926,1745694293.452801,1.129268275690265e-05
927,1745694305.6496007,1.1304878171358723e-05
928,1745694321.2776046,1.1317073585814796e-05
929,1745694330.06328,1.1329268090776168e-05
930,1745694341.323835,1.1341463505232241e-05
931,1745694354.3329647,1.1353658919688314e-05
932,1745694370.083163,1.1365853424649686e-05
933,1745694383.4390807,1.1378048839105759e-05
934,1745694391.5358467,1.1390244253561832e-05
935,1745694402.7256353,1.1402438758523203e-05
936,1745694416.2074049,1.1414634172979277e-05
937,1745694426.845573,1.142682958743535e-05
938,1745694437.2915463,1.1439024092396721e-05
939,1745694456.4265695,1.1451219506852794e-05
940,1745694468.0110173,1.1463414921308868e-05
941,1745694492.7624748,1.1475609426270239e-05
942,1745694513.0357828,1.1487804840726312e-05
943,1745694530.0436273,1.1500000255182385e-05
944,1745694555.4601026,1.1512194760143757e-05
945,1745694577.3163526,1.152439017459983e-05
946,1745694588.3022678,1.1536585589055903e-05
947,1745694604.567375,1.1548780094017275e-05
948,1745694624.633821,1.1560975508473348e-05
949,1745694651.2642372,1.1573170922929421e-05
950,1745694665.2700331,1.1585365427890792e-05
951,1745694684.0015762,1.1597560842346866e-05
952,1745694714.1814508,1.1609756256802939e-05
953,1745694735.2333171,1.1621951671259012e-05
954,1745694744.0435417,1.1634146176220383e-05
955,1745694766.2275689,1.1646341590676457e-05
956,1745694789.0424325,1.165853700513253e-05
957,1745694800.0816343,1.1670731510093901e-05
958,1745694830.3005204,1.1682926924549975e-05
959,1745694842.1334019,1.1695122339006048e-05
960,1745694863.7813246,1.1707316843967419e-05
961,1745694882.3882456,1.1719512258423492e-05
962,1745694906.9615948,1.1731707672879566e-05
963,1745694917.1572902,1.1743902177840937e-05
964,1745694938.9713693,1.175609759229701e-05
965,1745694956.6777856,1.1768293006753083e-05
966,1745694979.1142042,1.1780487511714455e-05
967,1745694995.616611,1.1792682926170528e-05
968,1745695022.524367,1.1804878340626601e-05
969,1745695046.3191762,1.1817072845587973e-05
970,1745695074.8896737,1.1829268260044046e-05
971,1745695082.9385967,1.1841463674500119e-05
972,1745695101.0475283,1.185365817946149e-05
973,1745695117.474129,1.1865853593917564e-05
974,1745695132.9920404,1.1878049008373637e-05
975,1745695149.6189952,1.1890243513335008e-05
976,1745695166.6961834,1.1902438927791081e-05
977,1745695196.0527978,1.1914634342247155e-05
978,1745695215.2546751,1.1926828847208526e-05
979,1745695224.5670145,1.19390242616646e-05
980,1745695251.4371135,1.1951219676120672e-05
981,1745695269.1414962,1.1963414181082044e-05
982,1745695289.4533093,1.1975609595538117e-05
983,1745695309.5439124,1.198780500999419e-05
984,1745695316.5318356,1.2000000424450263e-05
985,1745695517.1774578,1.2012194929411635e-05
986,1745695546.8146636,1.2024390343867708e-05
987,1745695575.080979,1.2036585758323781e-05
988,1745695589.6522408,1.2048780263285153e-05
989,1745695612.2637846,1.2060975677741226e-05
990,1745695628.925608,1.2073171092197299e-05
991,1745695652.0665927,1.208536559715867e-05
992,1745695669.3118167,1.2097561011614744e-05
993,1745695694.9382172,1.2109756426070817e-05
994,1745695720.0704117,1.2121950931032188e-05
995,1745695729.6782398,1.2134146345488261e-05
996,1745695750.942233,1.2146341759944335e-05
997,1745695774.7304857,1.2158536264905706e-05
998,1745695797.7532964,1.217073167936178e-05
999,1745695806.9617903,1.2182927093817852e-05
1000,1745695829.296955,1.2195121598779224e-05
1001,1745695853.8498416,1.2207317013235297e-05
1002,1745695884.5870817,1.221951242769137e-05
1003,1745695908.49282,1.2231706932652742e-05
1004,1745695920.6008036,1.2243902347108815e-05
1005,1745695937.9119356,1.2256097761564888e-05
1006,1745695962.8153274,1.226829226652626e-05
1007,1745695974.3683155,1.2280487680982333e-05
1008,1745696003.2759457,1.2292683095438406e-05
1009,1745696014.4854603,1.2304877600399777e-05
1010,1745696031.8491852,1.231707301485585e-05
1011,1745696054.296023,1.2329268429311924e-05
1012,1745696077.2771258,1.2341463843767997e-05
1013,1745696093.3064032,1.2353658348729368e-05
1014,1745696109.241337,1.2365853763185441e-05
1015,1745696138.2818394,1.2378049177641515e-05
1016,1745696154.208731,1.2390243682602886e-05
1017,1745696174.287193,1.240243909705896e-05
1018,1745696191.5884106,1.2414634511515033e-05
1019,1745696215.4443862,1.2426829016476404e-05
1020,1745696233.7424235,1.2439024430932477e-05
1021,1745696254.346172,1.245121984538855e-05
1022,1745696265.5730379,1.2463414350349922e-05
1023,1745696290.1488101,1.2475609764805995e-05
1024,1745696321.036333,1.2487805179262068e-05
1025,1745696339.7151322,1.249999968422344e-05
1026,1745696358.5125673,1.2512195098679513e-05
1027,1745696380.0932658,1.2524390513135586e-05
1028,1745696391.5388987,1.2536585018096957e-05
1029,1745696412.9800162,1.254878043255303e-05
1030,1745696434.6088095,1.2560975847009104e-05
1031,1745696448.9189816,1.2573170351970475e-05
1032,1745696464.0577786,1.2585365766426548e-05
1033,1745696474.3412457,1.2597561180882622e-05
1034,1745696498.1718361,1.2609755685843993e-05
1035,1745696514.0984228,1.2621951100300066e-05
1036,1745696528.4969144,1.263414651475614e-05
1037,1745696554.274603,1.264634101971751e-05
1038,1745696579.7519495,1.2658536434173584e-05
1039,1745696589.9689305,1.2670731848629657e-05
1040,1745696614.6477444,1.268292726308573e-05
1041,1745696641.2204516,1.2695121768047102e-05
1042,1745696652.7734098,1.2707317182503175e-05
1043,1745696676.1043622,1.2719512596959248e-05
1044,1745696708.9415567,1.273170710192062e-05
1045,1745696724.263441,1.2743902516376693e-05
1046,1745696745.3700569,1.2756097930832766e-05
1047,1745696765.7380826,1.2768292435794137e-05
1048,1745696787.9135811,1.278048785025021e-05
1049,1745696807.176107,1.2792683264706284e-05
1050,1745696832.696213,1.2804877769667655e-05
1051,1745696844.0904913,1.2817073184123728e-05
1052,1745696870.1637049,1.2829268598579802e-05
1053,1745696878.454322,1.2841463103541173e-05
1054,1745696908.02227,1.2853658517997246e-05
1055,1745696926.8718958,1.286585393245332e-05
1056,1745696951.0118964,1.2878048437414691e-05
1057,1745696962.0744486,1.2890243851870764e-05
1058,1745696981.6663957,1.2902439266326837e-05
1059,1745697003.0666342,1.2914633771288209e-05
1060,1745697027.8117352,1.2926829185744282e-05
1061,1745697047.5562012,1.2939024600200355e-05
1062,1745697062.9703577,1.2951219105161726e-05
1063,1745697085.578082,1.29634145196178e-05
1064,1745697108.3183684,1.2975609934073873e-05
1065,1745697129.6001408,1.2987804439035244e-05
1066,1745697139.2880216,1.2999999853491317e-05
1067,1745697347.4857304,1.301219526794739e-05
1068,1745697368.1102529,1.3024390682403464e-05
1069,1745697392.0646577,1.3036585187364835e-05
1070,1745697416.2459857,1.3048780601820908e-05
1071,1745697433.5777745,1.3060976016276982e-05
1072,1745697456.5654554,1.3073170521238353e-05
1073,1745697475.3460858,1.3085365935694426e-05
1074,1745697494.7833197,1.30975613501505e-05
1075,1745697510.0321026,1.3109755855111871e-05
1076,1745697526.5157967,1.3121951269567944e-05
1077,1745697554.622369,1.3134146684024017e-05
1078,1745697573.5977385,1.3146341188985389e-05
1079,1745697592.0316303,1.3158536603441462e-05
1080,1745697618.597652,1.3170732017897535e-05
1081,1745697636.6353483,1.3182926522858907e-05
1082,1745697651.6532621,1.319512193731498e-05
1083,1745697671.3181274,1.3207317351771053e-05
1084,1745697700.7742288,1.3219511856732424e-05
1085,1745697719.3069735,1.3231707271188498e-05
1086,1745697727.4089575,1.324390268564457e-05
1087,1745697757.318422,1.3256097190605942e-05
1088,1745697776.7790232,1.3268292605062015e-05
1089,1745697786.041556,1.3280488019518089e-05
1090,1745697809.1540313,1.329268252447946e-05
1091,1745697821.1678193,1.3304877938935533e-05
1092,1745697839.2010975,1.3317073353391606e-05
1093,1745697854.0189734,1.3329267858352978e-05
1094,1745697876.1009402,1.3341463272809051e-05
1095,1745697903.335078,1.3353658687265124e-05
1096,1745697918.2620265,1.3365854101721197e-05
1097,1745697950.2820075,1.3378048606682569e-05
1098,1745697959.8415322,1.3390244021138642e-05
1099,1745697979.0749016,1.3402439435594715e-05
1100,1745698009.1728728,1.3414633940556087e-05
1101,1745698019.846971,1.342682935501216e-05
1102,1745698045.7454462,1.3439024769468233e-05
1103,1745698062.3163643,1.3451219274429604e-05
1104,1745698073.007846,1.3463414688885678e-05
1105,1745698098.6897652,1.347561010334175e-05
1106,1745698110.562471,1.3487804608303122e-05
1107,1745698139.0790038,1.3500000022759195e-05
1108,1745698147.6611538,1.3512195437215269e-05
1109,1745698174.927828,1.352438994217664e-05
1110,1745698188.7603874,1.3536585356632713e-05
1111,1745698205.7796342,1.3548780771088786e-05
1112,1745698227.8158624,1.3560975276050158e-05
1113,1745698249.568156,1.3573170690506231e-05
1114,1745698268.1290827,1.3585366104962304e-05
1115,1745698284.5032277,1.3597560609923676e-05
1116,1745698307.3486943,1.3609756024379749e-05
1117,1745698324.7567737,1.3621951438835822e-05
1118,1745698345.625823,1.3634145943797193e-05
1119,1745698374.2479258,1.3646341358253267e-05
1120,1745698386.55183,1.365853677270934e-05
1121,1745698404.70358,1.3670731277670711e-05
1122,1745698427.9853168,1.3682926692126784e-05
1123,1745698444.8225236,1.3695122106582858e-05
1124,1745698470.5983288,1.3707317521038931e-05
1125,1745698479.8164241,1.3719512026000302e-05
1126,1745698506.4314547,1.3731707440456375e-05
1127,1745698515.5316186,1.3743902854912449e-05
1128,1745698535.2112467,1.375609735987382e-05
1129,1745698552.5432744,1.3768292774329893e-05
1130,1745698576.6719394,1.3780488188785966e-05
1131,1745698590.147338,1.3792682693747338e-05
1132,1745698621.0531628,1.3804878108203411e-05
1133,1745698637.1872196,1.3817073522659484e-05
1134,1745698661.3750966,1.3829268027620856e-05
1135,1745698678.154134,1.3841463442076929e-05
1136,1745698695.3997493,1.3853658856533002e-05
1137,1745698717.094624,1.3865853361494374e-05
1138,1745698742.6202323,1.3878048775950447e-05
1139,1745698752.449976,1.389024419040652e-05
1140,1745698776.2323549,1.3902438695367891e-05
1141,1745698798.2284203,1.3914634109823965e-05
1142,1745698821.6450384,1.3926829524280038e-05
1143,1745698847.3053699,1.3939024029241409e-05
1144,1745698860.98768,1.3951219443697482e-05
1145,1745698877.1347346,1.3963414858153556e-05
1146,1745698902.1975007,1.3975609363114927e-05
1147,1745698927.9868684,1.3987804777571e-05
1148,1745698935.8997903,1.4000000192027073e-05
1149,1745699144.580578,1.4012194696988445e-05
1150,1745699171.477607,1.4024390111444518e-05
1151,1745699193.4761581,1.4036585525900591e-05
1152,1745699215.166707,1.4048780940356664e-05
1153,1745699238.959941,1.4060975445318036e-05
1154,1745699258.5037398,1.4073170859774109e-05
1155,1745699292.3095505,1.4085366274230182e-05
1156,1745699313.8072264,1.4097560779191554e-05
1157,1745699334.7464128,1.4109756193647627e-05
1158,1745699357.3878152,1.41219516081037e-05
1159,1745699380.2388139,1.4134146113065071e-05
1160,1745699398.1221912,1.4146341527521145e-05
1161,1745699419.7200415,1.4158536941977218e-05
1162,1745699437.3797572,1.417073144693859e-05
1163,1745699455.5611427,1.4182926861394662e-05
1164,1745699478.7998273,1.4195122275850736e-05
1165,1745699487.7414465,1.4207316780812107e-05
1166,1745699506.2260892,1.421951219526818e-05
1167,1745699537.8238769,1.4231707609724253e-05
1168,1745699547.8439386,1.4243902114685625e-05
1169,1745699570.5220795,1.4256097529141698e-05
1170,1745699587.4246714,1.4268292943597771e-05
1171,1745699611.1741457,1.4280487448559143e-05
1172,1745699633.7850199,1.4292682863015216e-05
1173,1745699640.8898237,1.4304878277471289e-05
1174,1745699660.9942763,1.431707278243266e-05
1175,1745699687.1631265,1.4329268196888734e-05
1176,1745699696.637399,1.4341463611344807e-05
1177,1745699716.4452379,1.4353658116306178e-05
1178,1745699739.990328,1.4365853530762251e-05
1179,1745699765.5256972,1.4378048945218325e-05
1180,1745699777.659512,1.4390243450179696e-05
1181,1745699801.4554365,1.440243886463577e-05
1182,1745699815.341803,1.4414634279091842e-05
1183,1745699838.1081657,1.4426829693547916e-05
1184,1745699856.3619626,1.4439024198509287e-05
1185,1745699875.7474751,1.445121961296536e-05
1186,1745699893.3223932,1.4463415027421433e-05
1187,1745699914.9246068,1.4475609532382805e-05
1188,1745699936.351522,1.4487804946838878e-05
1189,1745699973.208186,1.4500000361294951e-05
1190,1745699996.5688336,1.4512194866256323e-05
1191,1745700007.5615494,1.4524390280712396e-05
1192,1745700020.4431574,1.4536585695168469e-05
1193,1745700038.9351826,1.454878020012984e-05
1194,1745700061.7474556,1.4560975614585914e-05
1195,1745700090.8794913,1.4573171029041987e-05
1196,1745700104.534969,1.4585365534003358e-05
1197,1745700118.3505285,1.4597560948459432e-05
1198,1745700141.3860939,1.4609756362915505e-05
1199,1745700163.7804053,1.4621950867876876e-05
1200,1745700176.8491154,1.463414628233295e-05
1201,1745700204.0273154,1.4646341696789023e-05
1202,1745700219.7712095,1.4658536201750394e-05
1203,1745700236.1095433,1.4670731616206467e-05
1204,1745700263.539945,1.468292703066254e-05
1205,1745700277.236327,1.4695121535623912e-05
1206,1745700295.8939114,1.4707316950079985e-05
1207,1745700319.3428295,1.4719512364536058e-05
1208,1745700336.8635416,1.473170686949743e-05
1209,1745700348.5276005,1.4743902283953503e-05
1210,1745700371.2958493,1.4756097698409576e-05
1211,1745700389.387441,1.476829311286565e-05
1212,1745700415.669231,1.478048761782702e-05
1213,1745700429.8080068,1.4792683032283094e-05
1214,1745700447.9018426,1.4804878446739167e-05
1215,1745700484.3706949,1.4817072951700538e-05
1216,1745700502.7232008,1.4829268366156612e-05
1217,1745700524.034882,1.4841463780612685e-05
1218,1745700547.2337904,1.4853658285574056e-05
1219,1745700563.1952088,1.486585370003013e-05
1220,1745700578.8771508,1.4878049114486203e-05
1221,1745700596.752095,1.4890243619447574e-05
1222,1745700619.3179312,1.4902439033903647e-05
1223,1745700636.5915186,1.491463444835972e-05
1224,1745700652.446487,1.4926828953321092e-05
1225,1745700669.9307535,1.4939024367777165e-05
1226,1745700694.925155,1.4951219782233238e-05
1227,1745700724.3080606,1.496341428719461e-05
1228,1745700745.4471164,1.4975609701650683e-05
1229,1745700764.6314282,1.4987805116106756e-05
1230,1745700775.2948544,1.4999999621068127e-05
1231,1745700969.6697767,1.50121950355242e-05
1232,1745700991.3868914,1.5024390449980274e-05
1233,1745701017.4390554,1.5036584954941645e-05
1234,1745701038.406076,1.5048780369397718e-05
1235,1745701055.7108743,1.5060975783853792e-05
1236,1745701077.867927,1.5073170288815163e-05
1237,1745701104.8936489,1.5085365703271236e-05
1238,1745701124.7068558,1.509756111772731e-05
1239,1745701133.6235113,1.5109756532183383e-05
1240,1745701156.2200327,1.5121951037144754e-05
1241,1745701182.4815383,1.5134146451600827e-05
1242,1745701201.9070413,1.51463418660569e-05
1243,1745701216.4968166,1.5158536371018272e-05
1244,1745701241.6799452,1.5170731785474345e-05
1245,1745701260.355725,1.5182927199930418e-05
1246,1745701279.17264,1.519512170489179e-05
1247,1745701301.895647,1.5207317119347863e-05
1248,1745701325.4122877,1.5219512533803936e-05
1249,1745701340.153285,1.5231707038765308e-05
1250,1745701359.1583197,1.524390245322138e-05
1251,1745701381.557135,1.5256097867677454e-05
1252,1745701414.3907528,1.5268293282133527e-05
1253,1745701433.46808,1.52804877870949e-05
1254,1745701441.308454,1.529268229205627e-05
1255,1745701468.574919,1.5304878616007045e-05
1256,1745701496.4985876,1.5317073120968416e-05
1257,1745701517.8283894,1.5329267625929788e-05
1258,1745701530.897227,1.5341463949880563e-05
1259,1745701547.0981975,1.5353658454841934e-05
1260,1745701562.0623655,1.5365852959803306e-05
1261,1745701591.8514137,1.537804928375408e-05
1262,1745701597.2442114,1.5390243788715452e-05
1263,1745701624.458431,1.5402438293676823e-05
1264,1745701637.625439,1.54146346176276e-05
1265,1745701662.257671,1.542682912258897e-05
1266,1745701678.3364348,1.543902362755034e-05
1267,1745701693.5529683,1.5451219951501116e-05
1268,1745701722.6229377,1.5463414456462488e-05
1269,1745701730.8051894,1.547560896142386e-05
1270,1745701748.597993,1.5487805285374634e-05
1271,1745701765.271407,1.5499999790336005e-05
1272,1745701786.3538916,1.5512194295297377e-05
1273,1745701801.4081001,1.5524390619248152e-05
1274,1745701817.3412266,1.5536585124209523e-05
1275,1745701842.4805648,1.5548779629170895e-05
1276,1745701867.5935376,1.556097595312167e-05
1277,1745701885.6028683,1.557317045808304e-05
1278,1745701905.7627797,1.5585364963044412e-05
1279,1745701930.4737954,1.5597561286995187e-05
1280,1745701937.3728907,1.560975579195656e-05
1281,1745701963.8887763,1.5621952115907334e-05
1282,1745701971.2349765,1.5634146620868705e-05
1283,1745702000.2167723,1.5646341125830077e-05
1284,1745702009.4676507,1.565853744978085e-05
1285,1745702023.2436392,1.5670731954742223e-05
1286,1745702047.4880295,1.5682926459703594e-05
1287,1745702064.7017198,1.569512278365437e-05
1288,1745702081.6846058,1.570731728861574e-05
1289,1745702104.1789017,1.5719511793577112e-05
1290,1745702128.6746514,1.5731708117527887e-05
1291,1745702139.1196854,1.574390262248926e-05
1292,1745702163.6830177,1.575609712745063e-05
1293,1745702181.7389731,1.5768293451401405e-05
1294,1745702193.0781176,1.5780487956362776e-05
1295,1745702212.694678,1.5792682461324148e-05
1296,1745702233.2172143,1.5804878785274923e-05
1297,1745702256.332771,1.5817073290236294e-05
1298,1745702277.5292716,1.5829267795197666e-05
1299,1745702297.2072723,1.584146411914844e-05
1300,1745702319.5016737,1.5853658624109812e-05
1301,1745702337.7793875,1.5865853129071184e-05
1302,1745702353.019168,1.587804945302196e-05
1303,1745702377.558066,1.589024395798333e-05
1304,1745702395.440222,1.59024384629447e-05
1305,1745702416.7170157,1.5914634786895476e-05
1306,1745702436.3191595,1.5926829291856848e-05
1307,1745702457.3916924,1.593902379681822e-05
1308,1745702485.1225557,1.5951220120768994e-05
1309,1745702505.385368,1.5963414625730366e-05
1310,1745702519.6313143,1.5975609130691737e-05
1311,1745702539.4096665,1.5987805454642512e-05
1312,1745702548.315583,1.5999999959603883e-05
1313,1745702748.9168673,1.6012194464565255e-05
1314,1745702770.9533372,1.602439078851603e-05
1315,1745702791.4374678,1.60365852934774e-05
1316,1745702815.6431358,1.6048779798438773e-05
1317,1745702833.1072226,1.6060976122389548e-05
1318,1745702854.5963514,1.607317062735092e-05
1319,1745702874.9535472,1.608536513231229e-05
1320,1745702897.7350159,1.6097561456263065e-05
1321,1745702918.61853,1.6109755961224437e-05
1322,1745702935.7694812,1.6121950466185808e-05
1323,1745702958.2052805,1.6134146790136583e-05
1324,1745702984.7629662,1.6146341295097955e-05
1325,1745703005.3813424,1.6158535800059326e-05
1326,1745703031.0714252,1.61707321240101e-05
1327,1745703042.140884,1.6182926628971472e-05
1328,1745703066.1588814,1.6195121133932844e-05
1329,1745703074.9254673,1.620731745788362e-05
1330,1745703097.017233,1.621951196284499e-05
1331,1745703118.9911299,1.623170646780636e-05
1332,1745703141.5958827,1.6243902791757137e-05
1333,1745703160.566562,1.6256097296718508e-05
1334,1745703179.6658483,1.626829180167988e-05
1335,1745703204.0500321,1.6280488125630654e-05
1336,1745703220.031074,1.6292682630592026e-05
1337,1745703243.7707925,1.63048789545428e-05
1338,1745703266.6343205,1.6317073459504172e-05
1339,1745703288.280441,1.6329267964465544e-05
1340,1745703306.0699868,1.634146428841632e-05
1341,1745703323.6662962,1.635365879337769e-05
1342,1745703351.71424,1.636585329833906e-05
1343,1745703361.2005353,1.6378049622289836e-05
1344,1745703388.9893763,1.6390244127251208e-05
1345,1745703406.5884538,1.640243863221258e-05
1346,1745703427.2610414,1.6414634956163354e-05
1347,1745703444.032826,1.6426829461124726e-05
1348,1745703472.0526857,1.6439023966086097e-05
1349,1745703490.7873404,1.6451220290036872e-05
1350,1745703510.1089435,1.6463414794998243e-05
1351,1745703537.1609306,1.6475609299959615e-05
1352,1745703553.3308823,1.648780562391039e-05
1353,1745703570.0556138,1.650000012887176e-05
1354,1745703603.567841,1.6512194633833133e-05
1355,1745703624.4266627,1.6524390957783908e-05
1356,1745703636.4811516,1.653658546274528e-05
1357,1745703664.6738675,1.654877996770665e-05
1358,1745703673.7885847,1.6560976291657425e-05
1359,1745703705.4792576,1.6573170796618797e-05
1360,1745703721.0210764,1.658536530158017e-05
1361,1745703739.321237,1.6597561625530943e-05
1362,1745703758.286003,1.6609756130492315e-05
1363,1745703771.656884,1.6621950635453686e-05
1364,1745703787.8631234,1.663414695940446e-05
1365,1745703803.087043,1.6646341464365833e-05
1366,1745703828.0158389,1.6658535969327204e-05
1367,1745703846.2170238,1.667073229327798e-05
1368,1745703863.6882024,1.668292679823935e-05
1369,1745703883.4405963,1.6695121303200722e-05
1370,1745703897.7894416,1.6707317627151497e-05
1371,1745703913.618302,1.6719512132112868e-05
1372,1745703935.1179123,1.673170663707424e-05
1373,1745703947.426227,1.6743902961025015e-05
1374,1745703969.286089,1.6756097465986386e-05
1375,1745703991.8399823,1.6768291970947757e-05
1376,1745704004.3670099,1.6780488294898532e-05
1377,1745704024.2252576,1.6792682799859904e-05
1378,1745704045.746552,1.6804877304821275e-05
1379,1745704067.5266893,1.681707362877205e-05
1380,1745704093.1068695,1.682926813373342e-05
1381,1745704114.0779352,1.6841462638694793e-05
1382,1745704136.8438454,1.6853658962645568e-05
1383,1745704149.820934,1.686585346760694e-05
1384,1745704169.9495332,1.687804797256831e-05
1385,1745704190.432377,1.6890244296519086e-05
1386,1745704200.2103379,1.6902438801480457e-05
1387,1745704219.5553608,1.691463330644183e-05
1388,1745704245.250574,1.6926829630392604e-05
1389,1745704271.1919994,1.6939024135353975e-05
1390,1745704277.2792664,1.6951218640315346e-05
1391,1745704298.9167454,1.696341496426612e-05
1392,1745704320.026731,1.6975609469227493e-05
1393,1745704339.3231626,1.6987803974188864e-05
1394,1745704345.3695085,1.700000029813964e-05
1395,1745704549.157497,1.701219480310101e-05
1396,1745704573.6744027,1.7024391127051786e-05
1397,1745704597.9508255,1.7036585632013157e-05
1398,1745704619.8687289,1.704878013697453e-05
1399,1745704650.60127,1.7060976460925303e-05
1400,1745704668.0965369,1.7073170965886675e-05
1401,1745704685.313059,1.7085365470848046e-05
1402,1745704697.1521554,1.709756179479882e-05
1403,1745704719.7642775,1.7109756299760193e-05
1404,1745704745.009978,1.7121950804721564e-05
1405,1745704765.0842412,1.713414712867234e-05
1406,1745704792.7519104,1.714634163363371e-05
1407,1745704803.0770571,1.7158536138595082e-05
1408,1745704831.6387994,1.7170732462545857e-05
1409,1745704862.8869991,1.7182926967507228e-05
1410,1745704871.2258523,1.71951214724686e-05
1411,1745704881.6133926,1.7207317796419375e-05
1412,1745704891.6135328,1.7219512301380746e-05
1413,1745704919.551996,1.7231706806342117e-05
1414,1745704935.1115978,1.7243903130292892e-05
1415,1745704957.825655,1.7256097635254264e-05
1416,1745704976.4483266,1.7268292140215635e-05
1417,1745704996.1453602,1.728048846416641e-05
1418,1745705025.102588,1.729268296912778e-05
1419,1745705044.6459596,1.7304877474089153e-05
1420,1745705052.20506,1.7317073798039928e-05
1421,1745705078.033687,1.73292683030013e-05
1422,1745705096.2801788,1.734146280796267e-05
1423,1745705106.683406,1.7353659131913446e-05
1424,1745705122.5782757,1.7365853636874817e-05
1425,1745705146.4892612,1.737804814183619e-05
1426,1745705162.1600652,1.7390244465786964e-05
1427,1745705180.2677474,1.7402438970748335e-05
1428,1745705212.743783,1.7414633475709707e-05
1429,1745705223.685503,1.742682979966048e-05
1430,1745705249.696824,1.7439024304621853e-05
1431,1745705270.340953,1.7451218809583224e-05
1432,1745705284.9255943,1.7463415133534e-05
1433,1745705304.4322865,1.747560963849537e-05
1434,1745705320.6027505,1.7487804143456742e-05
1435,1745705349.6911383,1.7500000467407517e-05
1436,1745705367.6087315,1.751219497236889e-05
1437,1745705384.3728065,1.752438947733026e-05
1438,1745705406.1157775,1.7536585801281035e-05
1439,1745705432.6468368,1.7548780306242406e-05
1440,1745705448.0698252,1.7560974811203778e-05
1441,1745705470.4399347,1.7573171135154553e-05
1442,1745705490.9338036,1.7585365640115924e-05
1443,1745705510.3374338,1.7597560145077296e-05
1444,1745705523.0938184,1.760975646902807e-05
1445,1745705535.6322837,1.7621950973989442e-05
1446,1745705561.302844,1.7634145478950813e-05
1447,1745705584.2827911,1.764634180290159e-05
1448,1745705610.3353298,1.765853630786296e-05
1449,1745705620.0439014,1.767073081282433e-05
1450,1745705637.1115353,1.7682927136775106e-05
1451,1745705648.0725293,1.7695121641736478e-05
1452,1745705671.8321362,1.7707317965687253e-05
1453,1745705704.473919,1.7719512470648624e-05
1454,1745705723.348635,1.7731706975609995e-05
1455,1745705729.9887006,1.774390329956077e-05
1456,1745705753.8668113,1.7756097804522142e-05
1457,1745705764.2971764,1.7768292309483513e-05
1458,1745705780.2764134,1.7780488633434288e-05
1459,1745705807.0854273,1.779268313839566e-05
1460,1745705812.9578805,1.780487764335703e-05
1461,1745705835.882022,1.7817073967307806e-05
1462,1745705861.2385793,1.7829268472269177e-05
1463,1745705868.7533026,1.784146297723055e-05
1464,1745705896.3772461,1.7853659301181324e-05
1465,1745705905.653885,1.7865853806142695e-05
1466,1745705924.2927077,1.7878048311104067e-05
1467,1745705949.3196802,1.789024463505484e-05
1468,1745705982.4050052,1.7902439140016213e-05
1469,1745705994.7774098,1.7914633644977584e-05
1470,1745706011.5493612,1.792682996892836e-05
1471,1745706030.6437237,1.793902447388973e-05
1472,1745706053.9062886,1.7951218978851102e-05
1473,1745706075.4168143,1.7963415302801877e-05
1474,1745706087.3541927,1.797560980776325e-05
1475,1745706110.2875009,1.798780431272462e-05
1476,1745706116.1970224,1.8000000636675395e-05
1477,1745706296.8113308,1.8012195141636766e-05
1478,1745706317.45657,1.8024389646598138e-05
1479,1745706341.4947326,1.8036585970548913e-05
1480,1745706364.4027455,1.8048780475510284e-05
1481,1745706383.0669222,1.8060974980471656e-05
1482,1745706403.5704482,1.807317130442243e-05
1483,1745706417.2854953,1.8085365809383802e-05
1484,1745706436.7259686,1.8097560314345174e-05
1485,1745706454.6144836,1.810975663829595e-05
1486,1745706480.0687838,1.812195114325732e-05
1487,1745706503.4963038,1.813414564821869e-05
1488,1745706525.8472266,1.8146341972169466e-05
1489,1745706548.2044783,1.8158536477130838e-05
1490,1745706565.26621,1.817073098209221e-05
1491,1745706590.0796854,1.8182927306042984e-05
1492,1745706614.592209,1.8195121811004356e-05
1493,1745706635.529753,1.8207316315965727e-05
1494,1745706664.7814653,1.8219512639916502e-05
1495,1745706689.2458682,1.8231707144877873e-05
1496,1745706695.0745,1.8243901649839245e-05
1497,1745706722.0411851,1.825609797379002e-05
1498,1745706741.3873856,1.826829247875139e-05
1499,1745706760.2983003,1.8280486983712763e-05
1500,1745706790.1777442,1.8292683307663538e-05
1501,1745706807.2114751,1.830487781262491e-05
1502,1745706822.05434,1.831707231758628e-05
1503,1745706849.281644,1.8329268641537055e-05
1504,1745706867.5635827,1.8341463146498427e-05
1505,1745706885.1301308,1.8353657651459798e-05
1506,1745706905.672889,1.8365853975410573e-05
1507,1745706923.4960065,1.8378048480371945e-05
1508,1745706951.384004,1.839024480432272e-05
1509,1745706973.4294832,1.840243930928409e-05
1510,1745706987.4449606,1.8414633814245462e-05
1511,1745707006.9706674,1.8426830138196237e-05
1512,1745707031.0999484,1.843902464315761e-05
1513,1745707053.4367325,1.845121914811898e-05
1514,1745707071.8229468,1.8463415472069755e-05
1515,1745707090.0756066,1.8475609977031127e-05
1516,1745707099.4274411,1.8487804481992498e-05
1517,1745707124.6126442,1.8500000805943273e-05
1518,1745707138.6942077,1.8512195310904644e-05
1519,1745707159.1476393,1.8524389815866016e-05
1520,1745707182.4087918,1.853658613981679e-05
1521,1745707203.7137778,1.8548780644778162e-05
1522,1745707222.9169276,1.8560975149739534e-05
1523,1745707246.356883,1.857317147369031e-05
1524,1745707263.9748702,1.858536597865168e-05
1525,1745707284.3642645,1.859756048361305e-05
1526,1745707309.1913846,1.8609756807563826e-05
1527,1745707316.4933286,1.8621951312525198e-05
1528,1745707336.351046,1.863414581748657e-05
1529,1745707371.086323,1.8646342141437344e-05
1530,1745707387.4641051,1.8658536646398716e-05
1531,1745707408.932344,1.8670731151360087e-05
1532,1745707440.4598665,1.8682927475310862e-05
1533,1745707449.3007476,1.8695121980272233e-05
1534,1745707468.1927488,1.8707316485233605e-05
1535,1745707499.0268853,1.871951280918438e-05
1536,1745707512.062998,1.873170731414575e-05
1537,1745707536.386914,1.8743901819107123e-05
1538,1745707548.9777305,1.8756098143057898e-05
1539,1745707563.4435928,1.876829264801927e-05
1540,1745707585.0201602,1.878048715298064e-05
1541,1745707602.2720883,1.8792683476931415e-05
1542,1745707620.39873,1.8804877981892787e-05
1543,1745707644.0602622,1.881707248685416e-05
1544,1745707663.3047013,1.8829268810804933e-05
1545,1745707684.9032202,1.8841463315766305e-05
1546,1745707701.6006494,1.8853657820727676e-05
1547,1745707722.6248736,1.886585414467845e-05
1548,1745707733.7158902,1.8878048649639823e-05
1549,1745707764.576408,1.8890243154601194e-05
1550,1745707777.3108408,1.890243947855197e-05
1551,1745707803.1238737,1.891463398351334e-05
1552,1745707818.6096776,1.8926828488474712e-05
1553,1745707833.3324656,1.8939024812425487e-05
1554,1745707849.6465251,1.8951219317386858e-05
1555,1745707865.9981856,1.896341382234823e-05
1556,1745707885.1315885,1.8975610146299005e-05
1557,1745707907.3958457,1.8987804651260376e-05
1558,1745707911.2607322,1.8999999156221747e-05
1559,1745708110.3192084,1.9012195480172522e-05
1560,1745708130.9950433,1.9024389985133894e-05
1561,1745708163.0861542,1.9036584490095265e-05
1562,1745708182.9255273,1.904878081404604e-05
1563,1745708201.05239,1.906097531900741e-05
1564,1745708222.196764,1.9073169823968783e-05
1565,1745708241.677909,1.9085366147919558e-05
1566,1745708263.531443,1.909756065288093e-05
1567,1745708284.3470476,1.9109756976831704e-05
1568,1745708300.3013325,1.9121951481793076e-05
1569,1745708321.6700556,1.9134145986754447e-05
1570,1745708349.9192624,1.9146342310705222e-05
1571,1745708364.1568441,1.9158536815666594e-05
1572,1745708381.478275,1.9170731320627965e-05
1573,1745708413.0374074,1.918292764457874e-05
1574,1745708424.2739518,1.919512214954011e-05
1575,1745708448.8589926,1.9207316654501483e-05
1576,1745708465.332411,1.9219512978452258e-05
1577,1745708480.4468124,1.923170748341363e-05
1578,1745708502.6516826,1.9243901988375e-05
1579,1745708521.8393333,1.9256098312325776e-05
1580,1745708553.6764107,1.9268292817287147e-05
1581,1745708566.954216,1.928048732224852e-05
1582,1745708587.963564,1.9292683646199293e-05
1583,1745708603.5628252,1.9304878151160665e-05
1584,1745708622.8115702,1.9317072656122036e-05
1585,1745708643.6266212,1.932926898007281e-05
1586,1745708661.9084315,1.9341463485034183e-05
1587,1745708670.4085317,1.9353657989995554e-05
1588,1745708689.9614956,1.936585431394633e-05
1589,1745708715.0589018,1.93780488189077e-05
1590,1745708740.3323696,1.9390243323869072e-05
1591,1745708767.107361,1.9402439647819847e-05
1592,1745708775.963819,1.9414634152781218e-05
1593,1745708797.9847,1.942682865774259e-05
1594,1745708823.2193441,1.9439024981693365e-05
1595,1745708834.0619037,1.9451219486654736e-05
1596,1745708861.4226298,1.9463413991616108e-05
1597,1745708874.8556726,1.9475610315566882e-05
1598,1745708900.7821302,1.9487804820528254e-05
1599,1745708912.3577607,1.9499999325489625e-05
1600,1745708933.4285457,1.95121956494404e-05
1601,1745708943.878647,1.9524390154401772e-05
1602,1745708968.2328706,1.9536584659363143e-05
1603,1745708975.6979814,1.9548780983313918e-05
1604,1745708995.9089448,1.956097548827529e-05
1605,1745709023.2772367,1.957316999323666e-05
1606,1745709048.9544,1.9585366317187436e-05
1607,1745709065.519055,1.9597560822148807e-05
1608,1745709096.861265,1.960975532711018e-05
1609,1745709113.8166234,1.9621951651060954e-05
1610,1745709128.1166255,1.9634146156022325e-05
1611,1745709154.0067058,1.9646340660983697e-05
1612,1745709167.6086419,1.965853698493447e-05
1613,1745709178.8693845,1.9670731489895843e-05
1614,1745709194.9731371,1.9682925994857214e-05
1615,1745709213.6767821,1.969512231880799e-05
1616,1745709222.4888177,1.970731682376936e-05
1617,1745709247.5373425,1.9719511328730732e-05
1618,1745709260.9442024,1.9731707652681507e-05
1619,1745709284.4097939,1.974390215764288e-05
1620,1745709302.7209415,1.975609666260425e-05
1621,1745709313.4022436,1.9768292986555025e-05
1622,1745709339.482425,1.9780487491516396e-05
1623,1745709364.7635112,1.979268381546717e-05
1624,1745709370.9920945,1.9804878320428543e-05
1625,1745709391.4391162,1.9817072825389914e-05
1626,1745709400.9083855,1.982926914934069e-05
1627,1745709423.4964733,1.984146365430206e-05
1628,1745709445.7227209,1.9853658159263432e-05
1629,1745709467.2836044,1.9865854483214207e-05
1630,1745709488.4559848,1.987804898817558e-05
1631,1745709508.3101938,1.989024349313695e-05
1632,1745709530.7539663,1.9902439817087725e-05
1633,1745709553.4772406,1.9914634322049096e-05
1634,1745709576.7087255,1.9926828827010468e-05
1635,1745709603.2107844,1.9939025150961243e-05
1636,1745709615.1964428,1.9951219655922614e-05
1637,1745709635.1618478,1.9963414160883985e-05
1638,1745709657.041781,1.997561048483476e-05
1639,1745709674.9216874,1.9987804989796132e-05
1640,1745709676.9531329,1.9999999494757503e-05
1641,1745709877.015398,2.0012195818708278e-05
1642,1745709889.8919072,2.002439032366965e-05
1643,1745709908.486198,2.003658482863102e-05
1644,1745709921.7262144,2.0048781152581796e-05
1645,1745709952.0501006,2.0060975657543167e-05
1646,1745709981.4115667,2.007317016250454e-05
1647,1745709993.5366704,2.0085366486455314e-05
1648,1745710019.8242564,2.0097560991416685e-05
1649,1745710040.3469582,2.0109755496378057e-05
1650,1745710049.5682886,2.012195182032883e-05
1651,1745710072.618137,2.0134146325290203e-05
1652,1745710095.6613324,2.0146340830251575e-05
1653,1745710116.8985047,2.015853715420235e-05
1654,1745710150.3980641,2.017073165916372e-05
1655,1745710168.7751687,2.0182926164125092e-05
1656,1745710183.857883,2.0195122488075867e-05
1657,1745710207.6353643,2.020731699303724e-05
1658,1745710231.7875218,2.021951149799861e-05
1659,1745710253.1864426,2.0231707821949385e-05
1660,1745710270.0784206,2.0243902326910757e-05
1661,1745710294.9396732,2.0256096831872128e-05
1662,1745710314.1935143,2.0268293155822903e-05
1663,1745710328.5226045,2.0280487660784274e-05
1664,1745710347.895281,2.0292682165745646e-05
1665,1745710367.6773481,2.030487848969642e-05
1666,1745710395.0093153,2.0317072994657792e-05
1667,1745710408.794483,2.0329267499619164e-05
1668,1745710425.983684,2.034146382356994e-05
1669,1745710457.4197383,2.035365832853131e-05
1670,1745710465.726893,2.036585283349268e-05
1671,1745710491.7222683,2.0378049157443456e-05
1672,1745710501.6449082,2.0390243662404828e-05
1673,1745710523.3075542,2.04024381673662e-05
1674,1745710547.1224318,2.0414634491316974e-05
1675,1745710577.1586044,2.0426828996278346e-05
1676,1745710591.4039462,2.0439023501239717e-05
1677,1745710605.364156,2.0451219825190492e-05
1678,1745710627.7340708,2.0463414330151863e-05
1679,1745710649.2561684,2.047561065410264e-05
1680,1745710667.495435,2.048780515906401e-05
1681,1745710689.5826418,2.049999966402538e-05
1682,1745710705.0878701,2.0512195987976156e-05
1683,1745710731.5382385,2.0524390492937528e-05
1684,1745710757.461694,2.05365849978989e-05
1685,1745710763.0734212,2.0548781321849674e-05
1686,1745710789.9177895,2.0560975826811045e-05
1687,1745710810.0294194,2.0573170331772417e-05
1688,1745710829.670806,2.0585366655723192e-05
1689,1745710844.548595,2.0597561160684563e-05
1690,1745710864.5220544,2.0609755665645935e-05
1691,1745710880.9798841,2.062195198959671e-05
1692,1745710900.8308637,2.063414649455808e-05
1693,1745710917.0775278,2.0646340999519452e-05
1694,1745710937.1525736,2.0658537323470227e-05
1695,1745710953.0204585,2.06707318284316e-05
1696,1745710971.4153833,2.068292633339297e-05
1697,1745710993.1376648,2.0695122657343745e-05
1698,1745711006.728215,2.0707317162305117e-05
1699,1745711027.769628,2.0719511667266488e-05
1700,1745711057.0848374,2.0731707991217263e-05
1701,1745711070.053719,2.0743902496178634e-05
1702,1745711088.0036242,2.0756097001140006e-05
1703,1745711106.66955,2.076829332509078e-05
1704,1745711126.5645745,2.0780487830052152e-05
1705,1745711149.6806474,2.0792682335013524e-05
1706,1745711156.2362764,2.08048786589643e-05
1707,1745711179.1921577,2.081707316392567e-05
1708,1745711198.5252943,2.082926766888704e-05
1709,1745711217.718067,2.0841463992837816e-05
1710,1745711234.7407799,2.0853658497799188e-05
1711,1745711258.7686465,2.086585300276056e-05
1712,1745711285.8640397,2.0878049326711334e-05
1713,1745711297.6492631,2.0890243831672706e-05
1714,1745711319.8928323,2.0902438336634077e-05
1715,1745711342.4250746,2.0914634660584852e-05
1716,1745711361.0264385,2.0926829165546224e-05
1717,1745711384.2265124,2.0939023670507595e-05
1718,1745711392.9162772,2.095121999445837e-05
1719,1745711420.581628,2.096341449941974e-05
1720,1745711443.869361,2.0975609004381113e-05
1721,1745711463.9303555,2.0987805328331888e-05
1722,1745711473.1086292,2.099999983329326e-05
1723,1745711662.073413,2.101219433825463e-05
1724,1745711681.6759815,2.1024390662205406e-05
1725,1745711704.1290631,2.1036585167166777e-05
1726,1745711726.0864427,2.104877967212815e-05
1727,1745711749.1335466,2.1060975996078923e-05
1728,1745711767.9749763,2.1073170501040295e-05
1729,1745711787.3040948,2.1085365006001666e-05
1730,1745711807.0081477,2.109756132995244e-05
1731,1745711825.776626,2.1109755834913813e-05
1732,1745711846.663679,2.1121950339875184e-05
1733,1745711864.4354007,2.113414666382596e-05
1734,1745711882.4866455,2.114634116878733e-05
1735,1745711902.6374679,2.1158537492738105e-05
1736,1745711923.0666504,2.1170731997699477e-05
1737,1745711942.884663,2.1182926502660848e-05
1738,1745711964.2417371,2.1195122826611623e-05
1739,1745711982.8216712,2.1207317331572995e-05
1740,1745712011.1533825,2.1219511836534366e-05
1741,1745712026.5156422,2.123170816048514e-05
1742,1745712040.9808328,2.1243902665446512e-05
1743,1745712065.4277318,2.1256097170407884e-05
1744,1745712097.906442,2.126829349435866e-05
1745,1745712110.5058088,2.128048799932003e-05
1746,1745712124.9941504,2.12926825042814e-05
1747,1745712141.4652178,2.1304878828232177e-05
1748,1745712165.231268,2.1317073333193548e-05
1749,1745712184.2899318,2.132926783815492e-05
1750,1745712208.3190675,2.1341464162105694e-05
1751,1745712231.1066842,2.1353658667067066e-05
1752,1745712243.5537057,2.1365853172028437e-05
1753,1745712268.1405804,2.1378049495979212e-05
1754,1745712274.7355986,2.1390244000940584e-05
1755,1745712298.447656,2.1402438505901955e-05
1756,1745712318.7986517,2.141463482985273e-05
1757,1745712343.0501182,2.14268293348141e-05
1758,1745712375.2985318,2.1439023839775473e-05
1759,1745712395.096828,2.1451220163726248e-05
1760,1745712414.2808821,2.146341466868762e-05
1761,1745712437.403586,2.147560917364899e-05
1762,1745712468.015865,2.1487805497599766e-05
1763,1745712479.4614074,2.1500000002561137e-05
1764,1745712501.6926584,2.151219450752251e-05
1765,1745712520.0360692,2.1524390831473283e-05
1766,1745712536.9060771,2.1536585336434655e-05
1767,1745712557.3041968,2.1548779841396026e-05
1768,1745712581.3484817,2.15609761653468e-05
1769,1745712596.9069223,2.1573170670308173e-05
1770,1745712625.7692606,2.1585365175269544e-05
1771,1745712638.616158,2.159756149922032e-05
1772,1745712662.6739945,2.160975600418169e-05
1773,1745712679.7892785,2.1621950509143062e-05
1774,1745712694.2410555,2.1634146833093837e-05
1775,1745712716.44464,2.164634133805521e-05
1776,1745712734.7845592,2.165853584301658e-05
1777,1745712757.3987665,2.1670732166967355e-05
1778,1745712778.8001354,2.1682926671928726e-05
1779,1745712784.859311,2.1695121176890098e-05
1780,1745712807.2716064,2.1707317500840873e-05
1781,1745712836.2333536,2.1719512005802244e-05
1782,1745712848.0963337,2.1731706510763615e-05
1783,1745712863.1556394,2.174390283471439e-05
1784,1745712891.0011919,2.1756097339675762e-05
1785,1745712899.693773,2.1768291844637133e-05
1786,1745712931.7312603,2.1780488168587908e-05
1787,1745712952.4454904,2.179268267354928e-05
1788,1745712972.1482182,2.180487717851065e-05
1789,1745712994.1644812,2.1817073502461426e-05
1790,1745713007.6438797,2.1829268007422797e-05
1791,1745713030.8609288,2.184146251238417e-05
1792,1745713052.565181,2.1853658836334944e-05
1793,1745713066.3056612,2.1865853341296315e-05
1794,1745713082.5066633,2.187804966524709e-05
1795,1745713108.021216,2.189024417020846e-05
1796,1745713118.541444,2.1902438675169833e-05
1797,1745713140.9656413,2.1914634999120608e-05
1798,1745713158.0737822,2.192682950408198e-05
1799,1745713169.5618658,2.193902400904335e-05
1800,1745713197.7557657,2.1951220332994126e-05
1801,1745713211.6743255,2.1963414837955497e-05
1802,1745713229.585462,2.197560934291687e-05
1803,1745713247.301606,2.1987805666867644e-05
1804,1745713257.369854,2.2000000171829015e-05
1805,1745713444.7013783,2.2012194676790386e-05
1806,1745713461.5316308,2.202439100074116e-05
1807,1745713479.6046283,2.2036585505702533e-05
1808,1745713504.302394,2.2048780010663904e-05
1809,1745713524.3050423,2.206097633461468e-05
1810,1745713547.8038585,2.207317083957605e-05
1811,1745713564.6826243,2.2085365344537422e-05
1812,1745713585.4944847,2.2097561668488197e-05
1813,1745713604.379473,2.210975617344957e-05
1814,1745713625.827329,2.212195067841094e-05
1815,1745713644.7211092,2.2134147002361715e-05
1816,1745713663.77322,2.2146341507323086e-05
1817,1745713687.85228,2.2158536012284458e-05
1818,1745713712.6464214,2.2170732336235233e-05
1819,1745713738.2111502,2.2182926841196604e-05
1820,1745713762.999513,2.2195121346157975e-05
1821,1745713771.2822015,2.220731767010875e-05
1822,1745713799.801649,2.2219512175070122e-05
1823,1745713816.0129867,2.2231706680031493e-05
1824,1745713832.0031047,2.2243903003982268e-05
1825,1745713863.0028381,2.225609750894364e-05
1826,1745713868.714794,2.226829201390501e-05
1827,1745713893.4569905,2.2280488337855786e-05
1828,1745713913.8821235,2.2292682842817158e-05
1829,1745713936.3827808,2.230487734777853e-05
1830,1745713951.2158482,2.2317073671729304e-05
1831,1745713975.8869169,2.2329268176690675e-05
1832,1745713987.8736067,2.2341462681652047e-05
1833,1745714005.587727,2.2353659005602822e-05
1834,1745714024.6261027,2.2365853510564193e-05
1835,1745714040.8859732,2.2378048015525565e-05
1836,1745714061.2703047,2.239024433947634e-05
1837,1745714082.638511,2.240243884443771e-05
1838,1745714104.8598304,2.2414633349399082e-05
1839,1745714115.1452935,2.2426829673349857e-05
1840,1745714140.0653195,2.243902417831123e-05
1841,1745714163.244918,2.24512186832726e-05
1842,1745714187.5601728,2.2463415007223375e-05
1843,1745714193.6313562,2.2475609512184747e-05
1844,1745714218.5577815,2.2487804017146118e-05
1845,1745714241.396132,2.2500000341096893e-05
1846,1745714253.3254247,2.2512194846058264e-05
1847,1745714273.6072185,2.2524389351019636e-05
1848,1745714292.6315022,2.253658567497041e-05
1849,1745714316.627637,2.2548780179931782e-05
1850,1745714341.8459687,2.2560976503882557e-05
1851,1745714354.3420298,2.257317100884393e-05
1852,1745714375.3833158,2.25853655138053e-05
1853,1745714401.2709196,2.2597561837756075e-05
1854,1745714422.737194,2.2609756342717446e-05
1855,1745714444.7685285,2.2621950847678818e-05
1856,1745714477.399512,2.2634147171629593e-05
1857,1745714484.9658597,2.2646341676590964e-05
1858,1745714508.0362372,2.2658536181552336e-05
1859,1745714529.7809894,2.267073250550311e-05
1860,1745714540.9779637,2.2682927010464482e-05
1861,1745714565.7739375,2.2695121515425853e-05
1862,1745714574.104557,2.270731783937663e-05
1863,1745714595.3312206,2.2719512344338e-05
1864,1745714611.3355832,2.273170684929937e-05
1865,1745714635.156435,2.2743903173250146e-05
1866,1745714671.7933607,2.2756097678211518e-05
1867,1745714699.9382272,2.276829218317289e-05
1868,1745714713.861899,2.2780488507123664e-05
1869,1745714731.0824804,2.2792683012085035e-05
1870,1745714754.0606806,2.2804877517046407e-05
1871,1745714775.1274958,2.2817073840997182e-05
1872,1745714784.8459501,2.2829268345958553e-05
1873,1745714808.281679,2.2841462850919925e-05
1874,1745714832.997455,2.28536591748707e-05
1875,1745714841.465622,2.286585367983207e-05
1876,1745714866.3827567,2.2878048184793442e-05
1877,1745714894.0861082,2.2890244508744217e-05
1878,1745714904.4995825,2.290243901370559e-05
1879,1745714925.339819,2.291463351866696e-05
1880,1745714948.8411932,2.2926829842617735e-05
1881,1745714964.7410164,2.2939024347579107e-05
1882,1745714981.187912,2.2951218852540478e-05
1883,1745715001.1810029,2.2963415176491253e-05
1884,1745715022.8393815,2.2975609681452624e-05
1885,1745715043.6852455,2.2987804186413996e-05
1886,1745715049.9414945,2.300000051036477e-05
1887,1745715235.6105702,2.3012195015326142e-05
1888,1745715257.0356665,2.3024389520287514e-05
1889,1745715281.8118436,2.303658584423829e-05
1890,1745715291.9569979,2.304878034919966e-05
1891,1745715317.6652195,2.306097485416103e-05
1892,1745715334.2358198,2.3073171178111807e-05
1893,1745715352.4813693,2.3085365683073178e-05
1894,1745715375.0894415,2.309756018803455e-05
1895,1745715397.4784725,2.3109756511985324e-05
1896,1745715424.1624846,2.3121951016946696e-05
1897,1745715447.441089,2.3134145521908067e-05
1898,1745715467.4514778,2.3146341845858842e-05
1899,1745715485.3051822,2.3158536350820214e-05
1900,1745715511.0671692,2.3170730855781585e-05
1901,1745715529.3951411,2.318292717973236e-05
1902,1745715549.3639762,2.319512168469373e-05
1903,1745715568.8769536,2.3207316189655103e-05
1904,1745715594.930975,2.3219512513605878e-05
1905,1745715608.449014,2.323170701856725e-05
1906,1745715631.1074593,2.3243903342518024e-05
1907,1745715650.4938622,2.3256097847479396e-05
1908,1745715672.6482975,2.3268292352440767e-05
1909,1745715689.9163167,2.3280488676391542e-05
1910,1745715703.9382863,2.3292683181352913e-05
1911,1745715724.9634593,2.3304877686314285e-05
1912,1745715752.8190806,2.331707401026506e-05
1913,1745715772.4899025,2.332926851522643e-05
1914,1745715799.8232472,2.3341463020187803e-05
1915,1745715816.6667693,2.3353659344138578e-05
1916,1745715841.4803832,2.336585384909995e-05
1917,1745715857.235823,2.337804835406132e-05
1918,1745715875.3002188,2.3390244678012095e-05
1919,1745715904.1606317,2.3402439182973467e-05
1920,1745715919.0599914,2.3414633687934838e-05
1921,1745715935.397158,2.3426830011885613e-05
1922,1745715954.0326157,2.3439024516846985e-05
1923,1745715976.0195022,2.3451219021808356e-05
1924,1745715997.9862604,2.346341534575913e-05
1925,1745716022.6846282,2.3475609850720502e-05
1926,1745716044.697458,2.3487804355681874e-05
1927,1745716062.5584738,2.350000067963265e-05
1928,1745716070.3924067,2.351219518459402e-05
1929,1745716098.764933,2.352438968955539e-05
1930,1745716108.789769,2.3536586013506167e-05
1931,1745716132.9549513,2.3548780518467538e-05
1932,1745716163.4645052,2.356097502342891e-05
1933,1745716171.899896,2.3573171347379684e-05
1934,1745716186.9406466,2.3585365852341056e-05
1935,1745716207.8301668,2.3597560357302427e-05
1936,1745716233.5063486,2.3609756681253202e-05
1937,1745716254.5244792,2.3621951186214574e-05
1938,1745716264.8839421,2.3634145691175945e-05
1939,1745716285.1640015,2.364634201512672e-05
1940,1745716311.0407355,2.365853652008809e-05
1941,1745716337.7783597,2.3670731025049463e-05
1942,1745716353.9382381,2.3682927349000238e-05
1943,1745716369.0682507,2.369512185396161e-05
1944,1745716391.1501546,2.370731635892298e-05
1945,1745716406.994362,2.3719512682873756e-05
1946,1745716423.9072862,2.3731707187835127e-05
1947,1745716452.613447,2.37439016927965e-05
1948,1745716466.6924915,2.3756098016747274e-05
1949,1745716496.3419628,2.3768292521708645e-05
1950,1745716502.341334,2.3780487026670016e-05
1951,1745716519.8256645,2.379268335062079e-05
1952,1745716545.105109,2.3804877855582163e-05
1953,1745716568.1748497,2.3817072360543534e-05
1954,1745716576.653802,2.382926868449431e-05
1955,1745716596.3543463,2.384146318945568e-05
1956,1745716617.6093647,2.3853657694417052e-05
1957,1745716637.9217114,2.3865854018367827e-05
1958,1745716659.789108,2.38780485233292e-05
1959,1745716677.9646564,2.389024302829057e-05
1960,1745716702.1950455,2.3902439352241345e-05
1961,1745716725.418853,2.3914633857202716e-05
1962,1745716739.083424,2.3926828362164088e-05
1963,1745716774.0920901,2.3939024686114863e-05
1964,1745716788.5144656,2.3951219191076234e-05
1965,1745716804.6609004,2.396341551502701e-05
1966,1745716821.774777,2.397561001998838e-05
1967,1745716840.9659762,2.3987804524949752e-05
1968,1745716848.8543532,2.4000000848900527e-05
1969,1745717043.0247984,2.4012195353861898e-05
1970,1745717053.6868546,2.402438985882327e-05
1971,1745717077.4909034,2.4036586182774045e-05
1972,1745717096.6362336,2.4048780687735416e-05
1973,1745717121.4959068,2.4060975192696787e-05
1974,1745717148.0781958,2.4073171516647562e-05
1975,1745717179.4556916,2.4085366021608934e-05
1976,1745717185.3175564,2.4097560526570305e-05
1977,1745717208.3706944,2.410975685052108e-05
1978,1745717227.8183963,2.412195135548245e-05
1979,1745717240.3934972,2.4134145860443823e-05
1980,1745717264.6837156,2.4146342184394598e-05
1981,1745717287.8132367,2.415853668935597e-05
1982,1745717309.9786766,2.417073119431734e-05
1983,1745717327.1476011,2.4182927518268116e-05
1984,1745717340.9451218,2.4195122023229487e-05
1985,1745717364.4446228,2.420731652819086e-05
1986,1745717389.4860432,2.4219512852141634e-05
1987,1745717411.0001824,2.4231707357103005e-05
1988,1745717430.4799297,2.4243901862064376e-05
1989,1745717446.565207,2.425609818601515e-05
1990,1745717468.915316,2.4268292690976523e-05
1991,1745717492.8133826,2.4280487195937894e-05
1992,1745717511.2950573,2.429268351988867e-05
1993,1745717532.5492792,2.430487802485004e-05
1994,1745717549.209673,2.4317072529811412e-05
1995,1745717567.2259147,2.4329268853762187e-05
1996,1745717588.5398843,2.434146335872356e-05
1997,1745717608.6221318,2.435365786368493e-05
1998,1745717630.5282462,2.4365854187635705e-05
1999,1745717651.9441984,2.4378048692597076e-05
2000,1745717662.1057966,2.4390243197558448e-05
2001,1745717692.512102,2.4402439521509223e-05
2002,1745717711.1203709,2.4414634026470594e-05
2003,1745717727.7138572,2.4426828531431966e-05
2004,1745717754.9350133,2.443902485538274e-05
2005,1745717767.244427,2.4451219360344112e-05
2006,1745717784.8263843,2.4463413865305483e-05
2007,1745717811.9320915,2.447561018925626e-05
2008,1745717826.3185406,2.448780469421763e-05
2009,1745717841.931678,2.4499999199179e-05
2010,1745717856.2028737,2.4512195523129776e-05
2011,1745717886.612967,2.4524390028091148e-05
2012,1745717897.1985774,2.453658453305252e-05
2013,1745717923.646628,2.4548780857003294e-05
2014,1745717956.2494018,2.4560975361964665e-05
2015,1745717968.7411444,2.4573169866926037e-05
2016,1745717982.8612907,2.4585366190876812e-05
2017,1745717999.4993637,2.4597560695838183e-05
2018,1745718020.9214754,2.4609755200799555e-05
2019,1745718039.3545244,2.462195152475033e-05
2020,1745718060.0070746,2.46341460297117e-05
2021,1745718074.188943,2.4646342353662476e-05
2022,1745718096.7143936,2.4658536858623847e-05
2023,1745718116.4308898,2.467073136358522e-05
2024,1745718134.4186728,2.4682927687535994e-05
2025,1745718150.8491015,2.4695122192497365e-05
2026,1745718167.8426933,2.4707316697458737e-05
2027,1745718192.4758406,2.471951302140951e-05
2028,1745718211.1990128,2.4731707526370883e-05
2029,1745718229.8353176,2.4743902031332254e-05
2030,1745718250.9082756,2.475609835528303e-05
2031,1745718275.645326,2.47682928602444e-05
2032,1745718294.9069285,2.4780487365205772e-05
2033,1745718307.9724526,2.4792683689156547e-05
2034,1745718331.641369,2.480487819411792e-05
2035,1745718350.2078671,2.481707269907929e-05
2036,1745718362.674973,2.4829269023030065e-05
2037,1745718384.014231,2.4841463527991436e-05
2038,1745718394.760905,2.4853658032952808e-05
2039,1745718414.7004666,2.4865854356903583e-05
2040,1745718437.5056007,2.4878048861864954e-05
2041,1745718459.8444254,2.4890243366826326e-05
2042,1745718484.5305946,2.49024396907771e-05
2043,1745718501.5706313,2.4914634195738472e-05
2044,1745718515.1693385,2.4926828700699843e-05
2045,1745718536.9959338,2.493902502465062e-05
2046,1745718560.918092,2.495121952961199e-05
2047,1745718583.588748,2.496341403457336e-05
2048,1745718602.661698,2.4975610358524136e-05
2049,1745718622.790833,2.4987804863485508e-05
2050,1745718632.0652554,2.499999936844688e-05
2051,1745718821.6718748,2.5012195692397654e-05
2052,1745718843.1346765,2.5024390197359025e-05
2053,1745718864.3739257,2.5036584702320397e-05
2054,1745718889.7618778,2.5048781026271172e-05
2055,1745718913.239857,2.5060975531232543e-05
2056,1745718927.6813052,2.5073170036193915e-05
2057,1745718945.185127,2.508536636014469e-05
2058,1745718965.426581,2.509756086510606e-05
2059,1745718989.3670433,2.5109755370067433e-05
2060,1745719010.6374,2.5121951694018207e-05
2061,1745719033.0494332,2.513414619897958e-05
2062,1745719045.446271,2.514634070394095e-05
2063,1745719063.312485,2.5158537027891725e-05
2064,1745719084.4440565,2.5170731532853097e-05
2065,1745719106.3050616,2.5182926037814468e-05
2066,1745719128.385382,2.5195122361765243e-05
2067,1745719151.9179375,2.5207316866726615e-05
2068,1745719169.7314394,2.5219511371687986e-05
2069,1745719191.0701241,2.523170769563876e-05
2070,1745719210.2738357,2.5243902200600132e-05
2071,1745719225.8290374,2.5256096705561504e-05
2072,1745719251.3994422,2.526829302951228e-05
2073,1745719274.8233373,2.528048753447365e-05
2074,1745719302.5127895,2.529268203943502e-05
2075,1745719319.9110494,2.5304878363385797e-05
2076,1745719336.0441947,2.5317072868347168e-05
2077,1745719358.452592,2.5329269192297943e-05
2078,1745719384.2382743,2.5341463697259314e-05
2079,1745719390.4965637,2.5353658202220686e-05
2080,1745719414.1843987,2.536585452617146e-05
2081,1745719435.86016,2.5378049031132832e-05
2082,1745719455.2605104,2.5390243536094204e-05
2083,1745719468.5209184,2.540243986004498e-05
2084,1745719488.3049104,2.541463436500635e-05
2085,1745719505.8232892,2.542682886996772e-05
2086,1745719526.4735906,2.5439025193918496e-05
2087,1745719551.9626386,2.5451219698879868e-05
2088,1745719572.6908958,2.546341420384124e-05
2089,1745719588.0958765,2.5475610527792014e-05
2090,1745719603.6991906,2.5487805032753386e-05
2091,1745719632.332178,2.5499999537714757e-05
2092,1745719647.1428094,2.5512195861665532e-05
2093,1745719667.3735554,2.5524390366626903e-05
2094,1745719691.4351947,2.5536584871588275e-05
2095,1745719702.8981473,2.554878119553905e-05
2096,1745719718.5296407,2.556097570050042e-05
2097,1745719746.1099877,2.5573170205461793e-05
2098,1745719752.7990098,2.5585366529412568e-05
2099,1745719777.8678253,2.559756103437394e-05
2100,1745719800.8129363,2.560975553933531e-05
2101,1745719818.0259013,2.5621951863286085e-05
2102,1745719839.301934,2.5634146368247457e-05
2103,1745719865.4599957,2.5646340873208828e-05
2104,1745719874.4297647,2.5658537197159603e-05
2105,1745719897.7851465,2.5670731702120975e-05
2106,1745719921.162961,2.5682926207082346e-05
2107,1745719938.639336,2.569512253103312e-05
2108,1745719955.8379567,2.5707317035994492e-05
2109,1745719970.5010095,2.5719511540955864e-05
2110,1745719991.5987637,2.573170786490664e-05
2111,1745720012.3317523,2.574390236986801e-05
2112,1745720029.8814237,2.5756096874829382e-05
2113,1745720051.2042043,2.5768293198780157e-05
2114,1745720077.7798223,2.5780487703741528e-05
2115,1745720102.07639,2.57926822087029e-05
2116,1745720116.0201492,2.5804878532653674e-05
2117,1745720136.3377106,2.5817073037615046e-05
2118,1745720159.4904408,2.5829267542576417e-05
2119,1745720176.3126354,2.5841463866527192e-05
2120,1745720195.5322194,2.5853658371488564e-05
2121,1745720217.3570232,2.5865852876449935e-05
2122,1745720230.8133886,2.587804920040071e-05
2123,1745720256.572709,2.589024370536208e-05
2124,1745720276.4920914,2.5902438210323453e-05
2125,1745720297.3246663,2.5914634534274228e-05
2126,1745720310.357697,2.59268290392356e-05
2127,1745720330.625423,2.593902354419697e-05
2128,1745720353.7733548,2.5951219868147746e-05
2129,1745720370.1525247,2.5963414373109117e-05
2130,1745720390.6336575,2.597560887807049e-05
2131,1745720419.3850875,2.5987805202021264e-05
2132,1745720424.9214988,2.5999999706982635e-05
2133,1745720611.4744549,2.601219603093341e-05
2134,1745720628.819373,2.602439053589478e-05
2135,1745720644.1872838,2.6036585040856153e-05
2136,1745720662.5455482,2.6048781364806928e-05
2137,1745720681.529573,2.60609758697683e-05
2138,1745720701.7013497,2.607317037472967e-05
2139,1745720727.0834708,2.6085366698680446e-05
2140,1745720751.7310443,2.6097561203641817e-05
2141,1745720759.594207,2.610975570860319e-05
2142,1745720782.160492,2.6121952032553963e-05
2143,1745720805.7778757,2.6134146537515335e-05
2144,1745720815.4020483,2.6146341042476706e-05
2145,1745720835.624824,2.615853736642748e-05
2146,1745720861.480734,2.6170731871388853e-05
2147,1745720880.8721173,2.6182926376350224e-05
2148,1745720901.796521,2.6195122700301e-05
2149,1745720926.9928346,2.620731720526237e-05
2150,1745720956.2061934,2.6219511710223742e-05
2151,1745720983.1453161,2.6231708034174517e-05
2152,1745721003.697329,2.6243902539135888e-05
2153,1745721021.9139507,2.625609704409726e-05
2154,1745721044.6559634,2.6268293368048035e-05
2155,1745721063.467864,2.6280487873009406e-05
2156,1745721079.2262936,2.6292682377970777e-05
2157,1745721101.931462,2.6304878701921552e-05
2158,1745721128.9856462,2.6317073206882924e-05
2159,1745721153.0400674,2.6329267711844295e-05
2160,1745721164.4378598,2.634146403579507e-05
2161,1745721184.7474744,2.635365854075644e-05
2162,1745721202.556817,2.6365853045717813e-05
2163,1745721229.2674391,2.6378049369668588e-05
2164,1745721247.2210712,2.639024387462996e-05
2165,1745721268.462125,2.640243837959133e-05
2166,1745721282.6172268,2.6414634703542106e-05
2167,1745721309.2069771,2.6426829208503477e-05
2168,1745721327.96666,2.643902371346485e-05
2169,1745721345.6924613,2.6451220037415624e-05
2170,1745721369.610778,2.6463414542376995e-05
2171,1745721390.4312758,2.6475609047338367e-05
2172,1745721416.0168464,2.648780537128914e-05
2173,1745721430.278412,2.6499999876250513e-05
2174,1745721448.8960414,2.6512194381211884e-05
2175,1745721465.662129,2.652439070516266e-05
2176,1745721482.2527401,2.653658521012403e-05
2177,1745721500.4343317,2.6548779715085402e-05
2178,1745721512.6887903,2.6560976039036177e-05
2179,1745721534.458849,2.657317054399755e-05
2180,1745721552.2752273,2.658536504895892e-05
2181,1745721574.1911416,2.6597561372909695e-05
2182,1745721584.2950497,2.6609755877871066e-05
2183,1745721605.8758783,2.6621950382832438e-05
2184,1745721626.4269733,2.6634146706783213e-05
2185,1745721637.5513432,2.6646341211744584e-05
2186,1745721666.0201237,2.6658535716705956e-05
2187,1745721688.6733515,2.667073204065673e-05
2188,1745721711.865186,2.6682926545618102e-05
2189,1745721722.7915163,2.6695121050579473e-05
2190,1745721740.810414,2.670731737453025e-05
2191,1745721769.0752034,2.671951187949162e-05
2192,1745721780.500242,2.6731708203442395e-05
2193,1745721807.0594301,2.6743902708403766e-05
2194,1745721819.224611,2.6756097213365138e-05
2195,1745721840.056223,2.6768293537315913e-05
2196,1745721859.5914412,2.6780488042277284e-05
2197,1745721882.0359302,2.6792682547238655e-05
2198,1745721904.0897822,2.680487887118943e-05
2199,1745721921.4823534,2.6817073376150802e-05
2200,1745721938.8056169,2.6829267881112173e-05
2201,1745721961.1306431,2.6841464205062948e-05
2202,1745721980.8790085,2.685365871002432e-05
2203,1745721998.9800706,2.686585321498569e-05
2204,1745722016.243289,2.6878049538936466e-05
2205,1745722031.0352275,2.6890244043897837e-05
2206,1745722056.6159532,2.690243854885921e-05
2207,1745722079.7325091,2.6914634872809984e-05
2208,1745722088.507033,2.6926829377771355e-05
2209,1745722110.4623601,2.6939023882732727e-05
2210,1745722117.5633416,2.69512202066835e-05
2211,1745722138.679147,2.6963414711644873e-05
2212,1745722157.7356932,2.6975609216606244e-05
2213,1745722178.8275597,2.698780554055702e-05
2214,1745722187.4898887,2.700000004551839e-05
2215,1745722381.6612606,2.7012194550479762e-05
2216,1745722399.0209455,2.7024390874430537e-05
2217,1745722420.7964504,2.703658537939191e-05
2218,1745722441.8642025,2.704877988435328e-05
2219,1745722462.5567348,2.7060976208304055e-05
2220,1745722484.5374868,2.7073170713265426e-05
2221,1745722510.667967,2.7085365218226798e-05
2222,1745722542.3151903,2.7097561542177573e-05
2223,1745722560.5881593,2.7109756047138944e-05
2224,1745722571.6263728,2.7121950552100316e-05
2225,1745722592.6396477,2.713414687605109e-05
2226,1745722616.1594937,2.7146341381012462e-05
2227,1745722639.4866748,2.7158535885973834e-05
2228,1745722659.3390048,2.717073220992461e-05
2229,1745722676.00196,2.718292671488598e-05
2230,1745722696.847519,2.719512121984735e-05
2231,1745722714.2272325,2.7207317543798126e-05
2232,1745722738.4572585,2.7219512048759498e-05
2233,1745722757.569782,2.723170655372087e-05
2234,1745722783.6103926,2.7243902877671644e-05
2235,1745722804.688148,2.7256097382633016e-05
2236,1745722826.0249362,2.7268291887594387e-05
2237,1745722849.4666321,2.7280488211545162e-05
2238,1745722870.200141,2.7292682716506533e-05
2239,1745722890.1818519,2.7304877221467905e-05
2240,1745722909.1681323,2.731707354541868e-05
2241,1745722929.2140775,2.732926805038005e-05
2242,1745722950.7303858,2.7341462555341423e-05
2243,1745722971.3751671,2.7353658879292198e-05
2244,1745722991.8648434,2.736585338425357e-05
2245,1745723010.4543111,2.737804788921494e-05
2246,1745723034.7191825,2.7390244213165715e-05
2247,1745723065.652086,2.7402438718127087e-05
2248,1745723075.254293,2.7414635042077862e-05
2249,1745723100.4060571,2.7426829547039233e-05
2250,1745723124.9914186,2.7439024052000605e-05
2251,1745723129.5034966,2.745122037595138e-05
2252,1745723162.908994,2.746341488091275e-05
2253,1745723174.9071715,2.7475609385874122e-05
2254,1745723199.8896327,2.7487805709824897e-05
2255,1745723216.7770083,2.750000021478627e-05
2256,1745723240.7245557,2.751219471974764e-05
2257,1745723274.6392858,2.7524391043698415e-05
2258,1745723282.5449185,2.7536585548659787e-05
2259,1745723300.0819879,2.7548780053621158e-05
2260,1745723326.6980627,2.7560976377571933e-05
2261,1745723339.9534223,2.7573170882533304e-05
2262,1745723375.193915,2.7585365387494676e-05
2263,1745723395.8113585,2.759756171144545e-05
2264,1745723406.8674107,2.7609756216406822e-05
2265,1745723429.0651147,2.7621950721368194e-05
2266,1745723450.8291924,2.763414704531897e-05
2267,1745723465.4104373,2.764634155028034e-05
2268,1745723485.081943,2.765853605524171e-05
2269,1745723505.9233384,2.7670732379192486e-05
2270,1745723525.959833,2.7682926884153858e-05
2271,1745723552.0888367,2.769512138911523e-05
2272,1745723574.8571784,2.7707317713066004e-05
2273,1745723583.5353317,2.7719512218027376e-05
2274,1745723601.2850704,2.7731706722988747e-05
2275,1745723617.43368,2.7743903046939522e-05
2276,1745723634.0827234,2.7756097551900893e-05
2277,1745723656.6167796,2.7768292056862265e-05
2278,1745723675.109055,2.778048838081304e-05
2279,1745723694.4518213,2.779268288577441e-05
2280,1745723723.9386084,2.7804877390735783e-05
2281,1745723737.6318915,2.7817073714686558e-05
2282,1745723761.3018467,2.782926821964793e-05
2283,1745723779.4490318,2.78414627246093e-05
2284,1745723796.8286166,2.7853659048560075e-05
2285,1745723810.0968454,2.7865853553521447e-05
2286,1745723831.4707096,2.7878048058482818e-05
2287,1745723851.7012491,2.7890244382433593e-05
2288,1745723876.1605568,2.7902438887394965e-05
2289,1745723898.8479543,2.7914633392356336e-05
2290,1745723911.8577702,2.792682971630711e-05
2291,1745723920.3357823,2.7939024221268483e-05
2292,1745723948.7008297,2.7951218726229854e-05
2293,1745723964.9032261,2.796341505018063e-05
2294,1745723978.558814,2.7975609555142e-05
2295,1745724009.255982,2.7987804060103372e-05
2296,1745724017.4356778,2.8000000384054147e-05
2297,1745724193.0188093,2.8012194889015518e-05
2298,1745724213.59643,2.802438939397689e-05
2299,1745724234.83623,2.8036585717927665e-05
2300,1745724253.5387943,2.8048780222889036e-05
2301,1745724274.0201313,2.8060974727850407e-05
2302,1745724286.5523624,2.8073171051801182e-05
2303,1745724304.7621586,2.8085365556762554e-05
2304,1745724323.4518616,2.809756188071333e-05
2305,1745724343.9879847,2.81097563856747e-05
2306,1745724368.4068444,2.812195089063607e-05
2307,1745724387.2191367,2.8134147214586847e-05
2308,1745724405.9516385,2.8146341719548218e-05
2309,1745724424.0637517,2.815853622450959e-05
2310,1745724442.4867399,2.8170732548460364e-05
2311,1745724466.1288633,2.8182927053421736e-05
2312,1745724485.1595566,2.8195121558383107e-05
2313,1745724504.2054026,2.8207317882333882e-05
2314,1745724517.7865286,2.8219512387295254e-05
2315,1745724543.7188523,2.8231706892256625e-05
2316,1745724566.9739003,2.82439032162074e-05
2317,1745724586.015381,2.825609772116877e-05
2318,1745724603.850486,2.8268292226130143e-05
2319,1745724630.5304987,2.8280488550080918e-05
2320,1745724647.2439728,2.829268305504229e-05
2321,1745724666.3977654,2.830487756000366e-05
2322,1745724690.8328362,2.8317073883954436e-05
2323,1745724718.367484,2.8329268388915807e-05
2324,1745724737.6619735,2.834146289387718e-05
2325,1745724750.79893,2.8353659217827953e-05
2326,1745724773.2970603,2.8365853722789325e-05
2327,1745724792.0982656,2.8378048227750696e-05
2328,1745724809.242506,2.839024455170147e-05
2329,1745724820.1314316,2.8402439056662843e-05
2330,1745724843.498475,2.8414633561624214e-05
2331,1745724865.012293,2.842682988557499e-05
2332,1745724889.4163241,2.843902439053636e-05
2333,1745724899.4741085,2.8451218895497732e-05
2334,1745724921.968594,2.8463415219448507e-05
2335,1745724942.6246228,2.8475609724409878e-05
2336,1745724962.3993542,2.848780422937125e-05
2337,1745724983.3802278,2.8500000553322025e-05
2338,1745725000.6360781,2.8512195058283396e-05
2339,1745725028.2589853,2.8524389563244767e-05
2340,1745725045.8739228,2.8536585887195542e-05
2341,1745725063.478002,2.8548780392156914e-05
2342,1745725082.6043236,2.8560974897118285e-05
2343,1745725112.3274863,2.857317122106906e-05
2344,1745725123.3748975,2.858536572603043e-05
2345,1745725147.7056088,2.8597560230991803e-05
2346,1745725169.361369,2.8609756554942578e-05
2347,1745725182.3096387,2.862195105990395e-05
2348,1745725202.970079,2.863414556486532e-05
2349,1745725220.731435,2.8646341888816096e-05
2350,1745725248.0695174,2.8658536393777467e-05
2351,1745725272.5844438,2.867073089873884e-05
2352,1745725293.577251,2.8682927222689614e-05
2353,1745725317.5802393,2.8695121727650985e-05
2354,1745725326.1072676,2.8707316232612357e-05
2355,1745725350.2542863,2.871951255656313e-05
2356,1745725364.3369315,2.8731707061524503e-05
2357,1745725381.4208617,2.8743901566485874e-05
2358,1745725405.6933184,2.875609789043665e-05
2359,1745725416.0951657,2.876829239539802e-05
2360,1745725438.7830427,2.8780486900359392e-05
2361,1745725455.6880553,2.8792683224310167e-05
2362,1745725484.799798,2.880487772927154e-05
2363,1745725506.6661232,2.8817074053222314e-05
2364,1745725526.8840644,2.8829268558183685e-05
2365,1745725556.083439,2.8841463063145056e-05
2366,1745725574.4031458,2.885365938709583e-05
2367,1745725588.008523,2.8865853892057203e-05
2368,1745725615.439737,2.8878048397018574e-05
2369,1745725632.6208012,2.889024472096935e-05
2370,1745725652.2377536,2.890243922593072e-05
2371,1745725670.222363,2.8914633730892092e-05
2372,1745725697.5376823,2.8926830054842867e-05
2373,1745725707.8848224,2.893902455980424e-05
2374,1745725729.5079057,2.895121906476561e-05
2375,1745725753.0309553,2.8963415388716385e-05
2376,1745725768.8973947,2.8975609893677756e-05
2377,1745725783.827918,2.8987804398639128e-05
2378,1745725792.3422375,2.9000000722589903e-05
2379,1745726001.623354,2.9012195227551274e-05
2380,1745726029.0544467,2.9024389732512645e-05
2381,1745726035.1041763,2.903658605646342e-05
2382,1745726057.2833872,2.9048780561424792e-05
2383,1745726078.5423112,2.9060975066386163e-05
2384,1745726086.850012,2.9073171390336938e-05
2385,1745726112.2644982,2.908536589529831e-05
2386,1745726135.3601005,2.909756040025968e-05
2387,1745726160.3351703,2.9109756724210456e-05
2388,1745726174.9203684,2.9121951229171827e-05
2389,1745726196.4922123,2.91341457341332e-05
2390,1745726213.2581878,2.9146342058083974e-05
2391,1745726237.040209,2.9158536563045345e-05
2392,1745726261.5530348,2.9170731068006717e-05
2393,1745726280.5411813,2.918292739195749e-05
2394,1745726300.2198653,2.9195121896918863e-05
2395,1745726326.0457344,2.9207316401880234e-05
2396,1745726343.9848647,2.921951272583101e-05
2397,1745726368.304351,2.923170723079238e-05
2398,1745726388.0939026,2.9243901735753752e-05
2399,1745726415.5081089,2.9256098059704527e-05
2400,1745726437.7833228,2.92682925646659e-05
2401,1745726453.9351714,2.928048706962727e-05
2402,1745726469.8188891,2.9292683393578045e-05
2403,1745726501.634941,2.9304877898539416e-05
2404,1745726515.2337706,2.9317072403500788e-05
2405,1745726535.7453947,2.9329268727451563e-05
2406,1745726566.8056753,2.9341463232412934e-05
2407,1745726584.0312371,2.9353657737374306e-05
2408,1745726605.7540264,2.936585406132508e-05
2409,1745726618.3895175,2.9378048566286452e-05
2410,1745726645.05119,2.9390243071247824e-05
2411,1745726664.9786327,2.94024393951986e-05
2412,1745726681.7044103,2.941463390015997e-05
2413,1745726699.3261695,2.942682840512134e-05
2414,1745726717.8200243,2.9439024729072116e-05
2415,1745726755.3086426,2.9451219234033488e-05
2416,1745726770.0693471,2.946341373899486e-05
2417,1745726797.8950522,2.9475610062945634e-05
2418,1745726811.5848112,2.9487804567907006e-05
2419,1745726829.0013385,2.950000089185778e-05
2420,1745726841.709522,2.9512195396819152e-05
2421,1745726867.1827269,2.9524389901780523e-05
2422,1745726896.9646034,2.95365862257313e-05
2423,1745726925.187276,2.954878073069267e-05
2424,1745726942.4889467,2.956097523565404e-05
2425,1745726962.2886193,2.9573171559604816e-05
2426,1745726979.7247992,2.9585366064566188e-05
2427,1745727000.870993,2.959756056952756e-05
2428,1745727021.7554507,2.9609756893478334e-05
2429,1745727043.6514902,2.9621951398439705e-05
2430,1745727054.9086313,2.9634145903401077e-05
2431,1745727079.6284242,2.9646342227351852e-05
2432,1745727097.4972038,2.9658536732313223e-05
2433,1745727119.1700451,2.9670731237274595e-05
2434,1745727143.467291,2.968292756122537e-05
2435,1745727160.8848982,2.969512206618674e-05
2436,1745727185.0763505,2.9707316571148112e-05
2437,1745727194.044701,2.9719512895098887e-05
2438,1745727220.0362096,2.973170740006026e-05
2439,1745727232.9390182,2.974390190502163e-05
2440,1745727253.2859764,2.9756098228972405e-05
2441,1745727271.0277705,2.9768292733933777e-05
2442,1745727293.7871022,2.9780487238895148e-05
2443,1745727315.0461688,2.9792683562845923e-05
2444,1745727333.4644825,2.9804878067807294e-05
2445,1745727348.4795034,2.9817072572768666e-05
2446,1745727372.7498875,2.982926889671944e-05
2447,1745727393.9496214,2.9841463401680812e-05
2448,1745727410.9684665,2.9853657906642184e-05
2449,1745727430.75244,2.986585423059296e-05
2450,1745727455.207513,2.987804873555433e-05
2451,1745727479.8963087,2.98902432405157e-05
2452,1745727489.3741667,2.9902439564466476e-05
2453,1745727520.061127,2.9914634069427848e-05
2454,1745727527.5693595,2.992682857438922e-05
2455,1745727555.094862,2.9939024898339994e-05
2456,1745727561.5019674,2.9951219403301366e-05
2457,1745727590.4500496,2.9963413908262737e-05
2458,1745727601.3562255,2.9975610232213512e-05
2459,1745727629.585338,2.9987804737174883e-05
2460,1745727633.9346087,2.9999999242136255e-05
2461,1745727816.712449,2.9998644095030613e-05
2462,1745727847.0640278,2.9997290766914375e-05
2463,1745727859.6334937,2.9995935619808733e-05
2464,1745727881.5971792,2.9994580472703092e-05
2465,1745727912.3321018,2.999322532559745e-05
2466,1745727923.7751217,2.999187017849181e-05
2467,1745727947.5379019,2.9990515031386167e-05
2468,1745727966.511347,2.9989159884280525e-05
2469,1745727980.4443989,2.9987804737174883e-05
2470,1745728006.5652823,2.9986449590069242e-05
2471,1745728026.0229821,2.99850944429636e-05
2472,1745728047.9695356,2.998373929585796e-05
2473,1745728066.1712968,2.9982384148752317e-05
2474,1745728086.0839849,2.9981029001646675e-05
2475,1745728099.6984236,2.9979675673530437e-05
2476,1745728127.858451,2.9978320526424795e-05
2477,1745728143.4826052,2.9976965379319154e-05
2478,1745728167.8084357,2.9975610232213512e-05
2479,1745728190.320374,2.997425508510787e-05
2480,1745728211.1477408,2.997289993800223e-05
2481,1745728230.4592566,2.9971544790896587e-05
2482,1745728253.9688923,2.9970189643790945e-05
2483,1745728268.1949325,2.9968834496685304e-05
2484,1745728288.3023076,2.9967479349579662e-05
2485,1745728309.5210001,2.996612420247402e-05
2486,1745728328.9024389,2.996476905536838e-05
2487,1745728347.9710777,2.9963413908262737e-05
2488,1745728372.9868665,2.9962058761157095e-05
2489,1745728381.686839,2.9960705433040857e-05
2490,1745728401.901328,2.9959350285935216e-05
2491,1745728423.6704988,2.9957995138829574e-05
2492,1745728441.665361,2.9956639991723932e-05
2493,1745728471.5720406,2.995528484461829e-05
2494,1745728492.4094021,2.995392969751265e-05
2495,1745728504.0769675,2.9952574550407007e-05
2496,1745728522.9252527,2.9951219403301366e-05
2497,1745728544.3687146,2.9949864256195724e-05
2498,1745728561.294532,2.9948509109090082e-05
2499,1745728579.498971,2.994715396198444e-05
2500,1745728610.9591758,2.99457988148788e-05
2501,1745728626.8677394,2.9944443667773157e-05
2502,1745728643.156581,2.994309033965692e-05
2503,1745728662.620078,2.9941735192551278e-05
2504,1745728687.0051048,2.9940380045445636e-05
2505,1745728694.9313214,2.9939024898339994e-05
2506,1745728728.4937212,2.9937669751234353e-05
2507,1745728740.9721653,2.993631460412871e-05
2508,1745728768.2417672,2.993495945702307e-05
2509,1745728783.0625021,2.9933604309917428e-05
2510,1745728800.185476,2.9932249162811786e-05
2511,1745728823.5333285,2.9930894015706144e-05
2512,1745728850.357712,2.9929538868600503e-05
2513,1745728860.2902126,2.992818372149486e-05
2514,1745728872.6926608,2.992682857438922e-05
2515,1745728893.0545075,2.9925473427283578e-05
2516,1745728916.1504614,2.992412009916734e-05
2517,1745728934.7708766,2.9922764952061698e-05
2518,1745728950.7504585,2.9921409804956056e-05
2519,1745728972.0838618,2.9920054657850415e-05
2520,1745728992.8758388,2.9918699510744773e-05
2521,1745729016.8240345,2.991734436363913e-05
2522,1745729030.642092,2.991598921653349e-05
2523,1745729048.3446324,2.9914634069427848e-05
2524,1745729065.4316666,2.9913278922322206e-05
2525,1745729092.1793215,2.9911923775216565e-05
2526,1745729110.5883684,2.9910568628110923e-05
2527,1745729132.8441715,2.990921348100528e-05
2528,1745729150.4952407,2.990785833389964e-05
2529,1745729167.2185798,2.9906503186793998e-05
2530,1745729194.1447403,2.990514985867776e-05
2531,1745729218.480905,2.9903794711572118e-05
2532,1745729236.1877987,2.9902439564466476e-05
2533,1745729254.2679744,2.9901084417360835e-05
2534,1745729278.3672159,2.9899729270255193e-05
2535,1745729298.5703268,2.989837412314955e-05
2536,1745729330.162022,2.989701897604391e-05
2537,1745729341.5179114,2.9895663828938268e-05
2538,1745729357.973379,2.9894308681832626e-05
2539,1745729377.0330863,2.9892953534726985e-05
2540,1745729399.423535,2.9891598387621343e-05
2541,1745729420.0624127,2.98902432405157e-05
2542,1745729429.1649687,2.988888809341006e-05
2543,1745729627.909417,2.988753476529382e-05
2544,1745729649.3934069,2.988617961818818e-05
2545,1745729664.5047598,2.988482447108254e-05
2546,1745729692.2748196,2.9883469323976897e-05
2547,1745729710.8822439,2.9882114176871255e-05
2548,1745729723.084596,2.9880759029765613e-05
2549,1745729747.9120915,2.9879403882659972e-05
2550,1745729766.289742,2.987804873555433e-05
2551,1745729775.53385,2.987669358844869e-05
2552,1745729802.523799,2.9875338441343047e-05
2553,1745729823.0470014,2.9873983294237405e-05
2554,1745729851.4412487,2.9872628147131763e-05
2555,1745729873.0284576,2.9871273000026122e-05
2556,1745729891.4639854,2.986991785292048e-05
2557,1745729913.3413146,2.9868564524804242e-05
2558,1745729934.0673163,2.98672093776986e-05
2559,1745729954.6134477,2.986585423059296e-05
2560,1745729980.1837523,2.9864499083487317e-05
2561,1745730004.922806,2.9863143936381675e-05
2562,1745730029.6170359,2.9861788789276034e-05
2563,1745730051.9671583,2.9860433642170392e-05
2564,1745730057.4800005,2.985907849506475e-05
2565,1745730078.8044152,2.985772334795911e-05
2566,1745730100.8280632,2.9856368200853467e-05
2567,1745730113.3108492,2.9855013053747825e-05
2568,1745730131.60792,2.9853657906642184e-05
2569,1745730153.6628823,2.9852302759536542e-05
2570,1745730167.5935755,2.98509476124309e-05
2571,1745730190.635368,2.9849594284314662e-05
2572,1745730211.6872191,2.984823913720902e-05
2573,1745730236.3387332,2.984688399010338e-05
2574,1745730257.7706137,2.9845528842997737e-05
2575,1745730277.8040295,2.9844173695892096e-05
2576,1745730299.7842815,2.9842818548786454e-05
2577,1745730317.6642165,2.9841463401680812e-05
2578,1745730343.5613866,2.984010825457517e-05
2579,1745730370.3679864,2.983875310746953e-05
2580,1745730384.491886,2.9837397960363887e-05
2581,1745730405.4675174,2.9836042813258246e-05
2582,1745730426.1580777,2.9834687666152604e-05
2583,1745730444.7235067,2.9833332519046962e-05
2584,1745730469.7198336,2.9831979190930724e-05
2585,1745730478.766546,2.9830624043825082e-05
2586,1745730509.365636,2.982926889671944e-05
2587,1745730527.4384398,2.98279137496138e-05
2588,1745730537.8968017,2.9826558602508157e-05
2589,1745730562.8424065,2.9825203455402516e-05
2590,1745730580.371555,2.9823848308296874e-05
2591,1745730600.3678474,2.9822493161191233e-05
2592,1745730618.3911967,2.982113801408559e-05
2593,1745730633.2705894,2.981978286697995e-05
2594,1745730659.3318427,2.9818427719874308e-05
2595,1745730670.7884114,2.9817072572768666e-05
2596,1745730699.4249375,2.9815717425663024e-05
2597,1745730718.1679428,2.9814362278557383e-05
2598,1745730733.6849847,2.9813008950441144e-05
2599,1745730755.53402,2.9811653803335503e-05
2600,1745730778.790822,2.981029865622986e-05
2601,1745730802.8435736,2.980894350912422e-05
2602,1745730842.2788267,2.9807588362018578e-05
2603,1745730851.178742,2.9806233214912936e-05
2604,1745730871.0961576,2.9804878067807294e-05
2605,1745730893.8732758,2.9803522920701653e-05
2606,1745730908.4277523,2.980216777359601e-05
2607,1745730936.2273188,2.980081262649037e-05
2608,1745730951.4914482,2.9799457479384728e-05
2609,1745730972.9333148,2.9798102332279086e-05
2610,1745730996.2831566,2.9796747185173444e-05
2611,1745731018.69114,2.9795393857057206e-05
2612,1745731032.4563644,2.9794038709951565e-05
2613,1745731055.7200778,2.9792683562845923e-05
2614,1745731073.8357456,2.979132841574028e-05
2615,1745731094.3266957,2.978997326863464e-05
2616,1745731114.8386059,2.9788618121528998e-05
2617,1745731148.4160736,2.9787262974423356e-05
2618,1745731157.4652772,2.9785907827317715e-05
2619,1745731188.0261872,2.9784552680212073e-05
2620,1745731210.3454401,2.978319753310643e-05
2621,1745731221.529976,2.978184238600079e-05
2622,1745731249.7158427,2.9780487238895148e-05
2623,1745731261.0146024,2.9779132091789506e-05
2624,1745731270.0720437,2.9777776944683865e-05
2625,1745731441.9591494,2.9776423616567627e-05
2626,1745731462.658246,2.9775068469461985e-05
2627,1745731481.4099603,2.9773713322356343e-05
2628,1745731502.3814554,2.97723581752507e-05
2629,1745731520.7153513,2.977100302814506e-05
2630,1745731543.6062484,2.9769647881039418e-05
2631,1745731568.247873,2.9768292733933777e-05
2632,1745731599.2157242,2.9766937586828135e-05
2633,1745731623.5864725,2.9765582439722493e-05
2634,1745731647.7922215,2.976422729261685e-05
2635,1745731669.8321474,2.976287214551121e-05
2636,1745731685.6442277,2.9761516998405568e-05
2637,1745731710.0406106,2.9760161851299927e-05
2638,1745731718.9074411,2.9758806704194285e-05
2639,1745731741.0802548,2.9757453376078047e-05
2640,1745731761.0095341,2.9756098228972405e-05
2641,1745731786.4454327,2.9754743081866764e-05
2642,1745731806.5968163,2.9753387934761122e-05
2643,1745731848.9975646,2.975203278765548e-05
2644,1745731858.0985918,2.975067764054984e-05
2645,1745731872.0082078,2.9749322493444197e-05
2646,1745731888.4051328,2.9747967346338555e-05
2647,1745731903.9065666,2.9746612199232914e-05
2648,1745731925.5637698,2.9745257052127272e-05
2649,1745731941.935022,2.974390190502163e-05
2650,1745731961.1382678,2.974254675791599e-05
2651,1745731974.6596816,2.9741191610810347e-05
2652,1745732004.0406363,2.973983828269411e-05
2653,1745732030.0290747,2.9738483135588467e-05
2654,1745732070.1429474,2.9737127988482825e-05
2655,1745732086.4353573,2.9735772841377184e-05
2656,1745732101.034865,2.9734417694271542e-05
2657,1745732127.57457,2.97330625471659e-05
2658,1745732145.7037513,2.973170740006026e-05
2659,1745732164.6047866,2.9730352252954617e-05
2660,1745732182.0218134,2.9728997105848975e-05
2661,1745732196.3805237,2.9727641958743334e-05
2662,1745732213.919824,2.9726286811637692e-05
2663,1745732234.4750566,2.972493166453205e-05
2664,1745732252.649776,2.972357651742641e-05
2665,1745732273.049347,2.9722221370320767e-05
2666,1745732295.5225255,2.972086804220453e-05
2667,1745732325.94782,2.9719512895098887e-05
2668,1745732342.371563,2.9718157747993246e-05
2669,1745732362.4868402,2.9716802600887604e-05
2670,1745732377.598582,2.9715447453781962e-05
2671,1745732399.5969648,2.971409230667632e-05
2672,1745732422.8550034,2.971273715957068e-05
2673,1745732431.9120393,2.9711382012465037e-05
2674,1745732455.288759,2.9710026865359396e-05
2675,1745732467.8679538,2.9708671718253754e-05
2676,1745732489.1836302,2.9707316571148112e-05
2677,1745732508.7523992,2.970596142404247e-05
2678,1745732536.2745419,2.970460627693683e-05
2679,1745732557.7718477,2.9703251129831187e-05
2680,1745732571.3823843,2.970189780171495e-05
2681,1745732597.4313402,2.9700542654609308e-05
2682,1745732619.3604052,2.9699187507503666e-05
2683,1745732638.0311346,2.9697832360398024e-05
2684,1745732651.2547944,2.9696477213292383e-05
2685,1745732670.90521,2.969512206618674e-05
2686,1745732691.9415305,2.96937669190811e-05
2687,1745732715.6638002,2.9692411771975458e-05
2688,1745732731.7982442,2.9691056624869816e-05
2689,1745732760.8022785,2.9689701477764174e-05
2690,1745732772.1162593,2.9688346330658533e-05
2691,1745732793.6438336,2.968699118355289e-05
2692,1745732802.0706089,2.968563603644725e-05
2693,1745732826.4632463,2.968428270833101e-05
2694,1745732845.1352162,2.968292756122537e-05
2695,1745732871.465454,2.9681572414119728e-05
2696,1745732879.8388011,2.9680217267014086e-05
2697,1745732904.6846426,2.9678862119908445e-05
2698,1745732924.002539,2.9677506972802803e-05
2699,1745732948.739603,2.967615182569716e-05
2700,1745732969.434911,2.967479667859152e-05
2701,1745732983.7359717,2.9673441531485878e-05
2702,1745733010.4471,2.9672086384380236e-05
2703,1745733027.7795012,2.9670731237274595e-05
2704,1745733043.9408119,2.9669376090168953e-05
2705,1745733067.4183292,2.966802094306331e-05
2706,1745733076.664565,2.966666579595767e-05
2707,1745733276.397595,2.966531246784143e-05
2708,1745733296.9744344,2.966395732073579e-05
2709,1745733311.768492,2.9662602173630148e-05
2710,1745733336.0982995,2.9661247026524507e-05
2711,1745733359.0921328,2.9659891879418865e-05
2712,1745733384.201489,2.9658536732313223e-05
2713,1745733399.223058,2.965718158520758e-05
2714,1745733414.4888012,2.965582643810194e-05
2715,1745733437.5206008,2.9654471290996298e-05
2716,1745733461.3766518,2.9653116143890657e-05
2717,1745733482.8045535,2.9651760996785015e-05
2718,1745733512.3357213,2.9650405849679373e-05
2719,1745733517.895009,2.964905070257373e-05
2720,1745733541.9892662,2.9647697374457493e-05
2721,1745733560.7843232,2.9646342227351852e-05
2722,1745733578.6704307,2.964498708024621e-05
2723,1745733601.2981734,2.964363193314057e-05
2724,1745733628.3585286,2.9642276786034927e-05
2725,1745733637.5952175,2.9640921638929285e-05
2726,1745733661.769928,2.9639566491823643e-05
2727,1745733686.0183005,2.9638211344718002e-05
2728,1745733705.7425504,2.963685619761236e-05
2729,1745733727.803155,2.963550105050672e-05
2730,1745733743.2415054,2.9634145903401077e-05
2731,1745733767.3268611,2.9632790756295435e-05
2732,1745733785.7851014,2.9631435609189793e-05
2733,1745733804.969037,2.9630080462084152e-05
2734,1745733826.9257882,2.9628727133967914e-05
2735,1745733851.4587944,2.9627371986862272e-05
2736,1745733868.3772488,2.962601683975663e-05
2737,1745733881.8537395,2.962466169265099e-05
2738,1745733906.3418214,2.9623306545545347e-05
2739,1745733923.121742,2.9621951398439705e-05
2740,1745733940.242649,2.9620596251334064e-05
2741,1745733964.0953238,2.9619241104228422e-05
2742,1745733977.6957538,2.961788595712278e-05
2743,1745733993.973725,2.961653081001714e-05
2744,1745734025.1727266,2.9615175662911497e-05
2745,1745734057.0688193,2.9613820515805855e-05
2746,1745734076.6189275,2.9612465368700214e-05
2747,1745734094.6244018,2.9611110221594572e-05
2748,1745734114.2893825,2.9609756893478334e-05
2749,1745734139.6457787,2.9608401746372692e-05
2750,1745734158.0281844,2.960704659926705e-05
2751,1745734173.9316936,2.960569145216141e-05
2752,1745734183.8663063,2.9604336305055767e-05
2753,1745734205.5761912,2.9602981157950126e-05
2754,1745734227.4910429,2.9601626010844484e-05
2755,1745734248.5278585,2.9600270863738842e-05
2756,1745734266.0317702,2.95989157166332e-05
2757,1745734286.091184,2.959756056952756e-05
2758,1745734317.464968,2.9596205422421917e-05
2759,1745734323.6203237,2.9594850275316276e-05
2760,1745734342.9309645,2.9593495128210634e-05
2761,1745734367.6584349,2.9592141800094396e-05
2762,1745734385.5554621,2.9590786652988754e-05
2763,1745734407.407237,2.9589431505883113e-05
2764,1745734428.9783154,2.958807635877747e-05
2765,1745734445.506879,2.958672121167183e-05
2766,1745734469.256632,2.9585366064566188e-05
2767,1745734482.2805927,2.9584010917460546e-05
2768,1745734503.369886,2.9582655770354904e-05
2769,1745734525.7494226,2.9581300623249263e-05
2770,1745734542.5630407,2.957994547614362e-05
2771,1745734561.1919417,2.957859032903798e-05
2772,1745734589.6229448,2.9577235181932338e-05
2773,1745734598.728219,2.9575880034826696e-05
2774,1745734628.8372226,2.9574524887721054e-05
2775,1745734653.7805114,2.9573171559604816e-05
2776,1745734669.094573,2.9571816412499174e-05
2777,1745734676.4554732,2.9570461265393533e-05
2778,1745734709.8253584,2.956910611828789e-05
2779,1745734730.4415865,2.956775097118225e-05
2780,1745734752.8297448,2.9566395824076608e-05
2781,1745734763.3530767,2.9565040676970966e-05
2782,1745734784.8890986,2.9563685529865324e-05
2783,1745734798.9193811,2.9562330382759683e-05
2784,1745734819.705081,2.956097523565404e-05
2785,1745734836.4390612,2.95596200885484e-05
2786,1745734855.2829182,2.9558264941442758e-05
2787,1745734882.3959363,2.9556909794337116e-05
2788,1745734886.5330832,2.9555554647231475e-05
2789,1745735088.9842124,2.9554201319115236e-05
2790,1745735097.818109,2.9552846172009595e-05
2791,1745735116.0724227,2.9551491024903953e-05
2792,1745735140.7664073,2.955013587779831e-05
2793,1745735177.6527164,2.954878073069267e-05
2794,1745735201.63383,2.9547425583587028e-05
2795,1745735223.3207786,2.9546070436481386e-05
2796,1745735246.077211,2.9544715289375745e-05
2797,1745735254.66264,2.9543360142270103e-05
2798,1745735277.1765532,2.954200499516446e-05
2799,1745735297.6856446,2.954064984805882e-05
2800,1745735321.2745965,2.9539294700953178e-05
2801,1745735346.8448386,2.9537939553847536e-05
2802,1745735370.7648456,2.95365862257313e-05
2803,1745735380.6907969,2.9535231078625657e-05
2804,1745735401.1572287,2.9533875931520015e-05
2805,1745735427.726328,2.9532520784414373e-05
2806,1745735446.5702457,2.953116563730873e-05
2807,1745735470.7664208,2.952981049020309e-05
2808,1745735494.9093757,2.952845534309745e-05
2809,1745735512.023054,2.9527100195991807e-05
2810,1745735535.2165246,2.9525745048886165e-05
2811,1745735548.9827008,2.9524389901780523e-05
2812,1745735573.1278229,2.9523034754674882e-05
2813,1745735589.8180978,2.952167960756924e-05
2814,1745735610.8097754,2.95203244604636e-05
2815,1745735622.1858575,2.9518969313357957e-05
2816,1745735643.056474,2.951761598524172e-05
2817,1745735672.2385812,2.9516260838136077e-05
2818,1745735689.5158758,2.9514905691030435e-05
2819,1745735717.0012026,2.9513550543924794e-05
2820,1745735721.0950587,2.9512195396819152e-05
2821,1745735746.1100354,2.951084024971351e-05
2822,1745735766.25813,2.950948510260787e-05
2823,1745735791.1631489,2.9508129955502227e-05
2824,1745735814.3214538,2.9506774808396585e-05
2825,1745735819.9953887,2.9505419661290944e-05
2826,1745735849.2602592,2.9504064514185302e-05
2827,1745735859.8221216,2.950270936707966e-05
2828,1745735877.4126177,2.950135421997402e-05
2829,1745735889.6599572,2.950000089185778e-05
2830,1745735915.526388,2.949864574475214e-05
2831,1745735939.615016,2.9497290597646497e-05
2832,1745735965.6278417,2.9495935450540856e-05
2833,1745735975.335631,2.9494580303435214e-05
2834,1745735997.4990485,2.9493225156329572e-05
2835,1745736024.1684656,2.949187000922393e-05
2836,1745736053.58658,2.949051486211829e-05
2837,1745736076.5190902,2.9489159715012647e-05
2838,1745736086.4793134,2.9487804567907006e-05
2839,1745736106.8765976,2.9486449420801364e-05
2840,1745736123.5894992,2.9485094273695722e-05
2841,1745736136.3139644,2.948373912659008e-05
2842,1745736152.6145568,2.948238397948444e-05
2843,1745736169.4516456,2.94810306513682e-05
2844,1745736189.448586,2.947967550426256e-05
2845,1745736214.7264514,2.9478320357156917e-05
2846,1745736239.0148082,2.9476965210051276e-05
2847,1745736256.4466736,2.9475610062945634e-05
2848,1745736275.1215088,2.9474254915839992e-05
2849,1745736291.5239213,2.947289976873435e-05
2850,1745736315.1878128,2.947154462162871e-05
2851,1745736324.034171,2.9470189474523067e-05
2852,1745736346.286742,2.9468834327417426e-05
2853,1745736368.826684,2.9467479180311784e-05
2854,1745736390.6358805,2.9466124033206142e-05
2855,1745736404.952058,2.94647688861005e-05
2856,1745736424.163786,2.946341373899486e-05
2857,1745736442.8513737,2.946206041087862e-05
2858,1745736471.6820362,2.946070526377298e-05
2859,1745736481.9932687,2.9459350116667338e-05
2860,1745736508.711718,2.9457994969561696e-05
2861,1745736522.42784,2.9456639822456054e-05
2862,1745736545.405774,2.9455284675350413e-05
2863,1745736570.1344006,2.945392952824477e-05
2864,1745736589.3234951,2.945257438113913e-05
2865,1745736595.838132,2.9451219234033488e-05
2866,1745736619.4730444,2.9449864086927846e-05
2867,1745736651.3714879,2.9448508939822204e-05
2868,1745736662.4429913,2.9447153792716563e-05
2869,1745736685.489665,2.944579864561092e-05
2870,1745736693.1593943,2.9444445317494683e-05
2871,1745736898.5398674,2.944309017038904e-05
2872,1745736912.3831651,2.94417350232834e-05
2873,1745736935.8989503,2.9440379876177758e-05
2874,1745736957.5532284,2.9439024729072116e-05
2875,1745736980.6752195,2.9437669581966475e-05
2876,1745737006.1599386,2.9436314434860833e-05
2877,1745737022.838254,2.943495928775519e-05
2878,1745737045.9032276,2.943360414064955e-05
2879,1745737063.4701068,2.9432248993543908e-05
2880,1745737081.7362692,2.9430893846438266e-05
2881,1745737097.9482887,2.9429538699332625e-05
2882,1745737118.526067,2.9428183552226983e-05
2883,1745737136.1681838,2.942682840512134e-05
2884,1745737157.9691298,2.9425475077005103e-05
2885,1745737176.9494479,2.942411992989946e-05
2886,1745737198.658072,2.942276478279382e-05
2887,1745737221.9360309,2.9421409635688178e-05
2888,1745737241.4374604,2.9420054488582537e-05
2889,1745737260.9904366,2.9418699341476895e-05
2890,1745737282.3172042,2.9417344194371253e-05
2891,1745737301.954891,2.941598904726561e-05
2892,1745737316.042315,2.941463390015997e-05
2893,1745737345.7784688,2.9413278753054328e-05
2894,1745737362.2955875,2.9411923605948687e-05
2895,1745737378.0352511,2.9410568458843045e-05
2896,1745737400.3265674,2.9409213311737403e-05
2897,1745737425.3560224,2.9407859983621165e-05
2898,1745737450.0366478,2.9406504836515523e-05
2899,1745737465.7329385,2.9405149689409882e-05
2900,1745737484.0345862,2.940379454230424e-05
2901,1745737502.0761807,2.94024393951986e-05
2902,1745737522.2449565,2.9401084248092957e-05
2903,1745737539.3574672,2.9399729100987315e-05
2904,1745737562.5778658,2.9398373953881674e-05
2905,1745737572.4788141,2.9397018806776032e-05
2906,1745737593.9204845,2.939566365967039e-05
2907,1745737609.3954859,2.939430851256475e-05
2908,1745737628.6598027,2.9392953365459107e-05
2909,1745737654.942724,2.9391598218353465e-05
2910,1745737669.3482435,2.9390243071247824e-05
2911,1745737690.511106,2.9388889743131585e-05
2912,1745737713.7107408,2.9387534596025944e-05
2913,1745737731.8905296,2.9386179448920302e-05
2914,1745737755.3180676,2.938482430181466e-05
2915,1745737779.777213,2.938346915470902e-05
2916,1745737796.5501878,2.9382114007603377e-05
2917,1745737815.8599005,2.9380758860497735e-05
2918,1745737836.3087149,2.9379403713392094e-05
2919,1745737866.482783,2.9378048566286452e-05
2920,1745737886.0780618,2.937669341918081e-05
2921,1745737913.4724886,2.937533827207517e-05
2922,1745737923.476843,2.9373983124969527e-05
2923,1745737946.8950138,2.9372627977863885e-05
2924,1745737961.774061,2.9371272830758244e-05
2925,1745737978.3197796,2.9369919502642006e-05
2926,1745737996.662767,2.9368564355536364e-05
2927,1745738012.0643523,2.9367209208430722e-05
2928,1745738029.333132,2.936585406132508e-05
2929,1745738055.4690592,2.936449891421944e-05
2930,1745738064.232904,2.9363143767113797e-05
2931,1745738096.2033658,2.9361788620008156e-05
2932,1745738106.1737113,2.9360433472902514e-05
2933,1745738132.139064,2.9359078325796872e-05
2934,1745738147.3569953,2.935772317869123e-05
2935,1745738163.724199,2.935636803158559e-05
2936,1745738188.635286,2.9355012884479947e-05
2937,1745738217.5203118,2.9353657737374306e-05
2938,1745738228.5153682,2.9352304409258068e-05
2939,1745738248.3379142,2.9350949262152426e-05
2940,1745738278.2947428,2.9349594115046784e-05
2941,1745738291.262179,2.9348238967941143e-05
2942,1745738309.020169,2.93468838208355e-05
2943,1745738326.0504127,2.934552867372986e-05
2944,1745738350.573807,2.9344173526624218e-05
2945,1745738366.6134377,2.9342818379518576e-05
2946,1745738382.2073333,2.9341463232412934e-05
2947,1745738403.5104136,2.9340108085307293e-05
2948,1745738418.052522,2.933875293820165e-05
2949,1745738437.5372534,2.933739779109601e-05
2950,1745738461.8340912,2.9336042643990368e-05
2951,1745738490.0458992,2.9334687496884726e-05
2952,1745738492.9970589,2.9333334168768488e-05
2953,1745738681.582372,2.9331979021662846e-05
2954,1745738701.5002074,2.9330623874557205e-05
2955,1745738720.0558352,2.9329268727451563e-05
2956,1745738743.262729,2.932791358034592e-05
2957,1745738766.6716177,2.932655843324028e-05
2958,1745738786.1194935,2.9325203286134638e-05
2959,1745738806.486085,2.9323848139028996e-05
2960,1745738826.197456,2.9322492991923355e-05
2961,1745738847.0794256,2.9321137844817713e-05
2962,1745738869.0480561,2.931978269771207e-05
2963,1745738896.5544438,2.931842755060643e-05
2964,1745738908.204593,2.9317072403500788e-05
2965,1745738930.8784025,2.9315717256395146e-05
2966,1745738953.5093691,2.9314363928278908e-05
2967,1745738972.395226,2.9313008781173266e-05
2968,1745738996.2696252,2.9311653634067625e-05
2969,1745739026.5442915,2.9310298486961983e-05
2970,1745739050.4218886,2.930894333985634e-05
2971,1745739071.4467485,2.93075881927507e-05
2972,1745739086.98315,2.9306233045645058e-05
2973,1745739105.408289,2.9304877898539416e-05
2974,1745739127.8383904,2.9303522751433775e-05
2975,1745739141.4464204,2.9302167604328133e-05
2976,1745739172.225884,2.930081245722249e-05
2977,1745739192.538661,2.929945731011685e-05
2978,1745739218.4546883,2.9298102163011208e-05
2979,1745739243.0790763,2.929674883489497e-05
2980,1745739263.1805205,2.929539368778933e-05
2981,1745739284.1456323,2.9294038540683687e-05
2982,1745739309.2278297,2.9292683393578045e-05
2983,1745739336.2396336,2.9291328246472403e-05
2984,1745739359.2229788,2.9289973099366762e-05
2985,1745739367.9196193,2.928861795226112e-05
2986,1745739379.7883403,2.928726280515548e-05
2987,1745739407.2217283,2.9285907658049837e-05
2988,1745739425.0228035,2.9284552510944195e-05
2989,1745739440.3038464,2.9283197363838553e-05
2990,1745739469.5199463,2.9281842216732912e-05
2991,1745739499.0800397,2.928048706962727e-05
2992,1745739506.0336869,2.927913192252163e-05
2993,1745739522.9506853,2.927777859440539e-05
2994,1745739545.1842418,2.927642344729975e-05
2995,1745739568.775212,2.9275068300194107e-05
2996,1745739578.7923164,2.9273713153088465e-05
2997,1745739601.4325366,2.9272358005982824e-05
2998,1745739630.566315,2.9271002858877182e-05
2999,1745739640.440471,2.926964771177154e-05
3000,1745739667.7553053,2.92682925646659e-05
3001,1745739679.7988229,2.9266937417560257e-05
3002,1745739703.365129,2.9265582270454615e-05
3003,1745739723.0712638,2.9264227123348974e-05
3004,1745739746.4215727,2.9262871976243332e-05
3005,1745739778.1111853,2.926151682913769e-05
3006,1745739789.88541,2.9260163501021452e-05
3007,1745739807.2959833,2.925880835391581e-05
3008,1745739822.3144493,2.925745320681017e-05
3009,1745739846.3636334,2.9256098059704527e-05
3010,1745739865.6432679,2.9254742912598886e-05
3011,1745739885.7827063,2.9253387765493244e-05
3012,1745739904.6960607,2.9252032618387602e-05
3013,1745739923.8530998,2.925067747128196e-05
3014,1745739942.278025,2.924932232417632e-05
3015,1745739959.1490235,2.9247967177070677e-05
3016,1745739984.0454395,2.9246612029965036e-05
3017,1745739999.8474617,2.9245256882859394e-05
3018,1745740020.3360784,2.9243901735753752e-05
3019,1745740037.6031368,2.924254658864811e-05
3020,1745740049.0265641,2.9241193260531873e-05
3021,1745740083.6502497,2.923983811342623e-05
3022,1745740094.2916899,2.923848296632059e-05
3023,1745740121.7976923,2.9237127819214948e-05
3024,1745740142.807382,2.9235772672109306e-05
3025,1745740156.9735775,2.9234417525003664e-05
3026,1745740178.0330346,2.9233062377898023e-05
3027,1745740189.278395,2.923170723079238e-05
3028,1745740207.9204354,2.923035208368674e-05
3029,1745740223.4819696,2.9228996936581098e-05
3030,1745740249.5381296,2.9227641789475456e-05
3031,1745740272.894937,2.9226286642369814e-05
3032,1745740287.0233154,2.9224931495264173e-05
3033,1745740313.284403,2.922357634815853e-05
3034,1745740322.9266825,2.9222223020042293e-05
3035,1745740530.8514028,2.922086787293665e-05
3036,1745740541.1078887,2.921951272583101e-05
3037,1745740558.321131,2.9218157578725368e-05
3038,1745740581.890354,2.9216802431619726e-05
3039,1745740603.1392896,2.9215447284514084e-05
3040,1745740626.4496117,2.9214092137408443e-05
3041,1745740643.8736918,2.92127369903028e-05
3042,1745740660.4367347,2.921138184319716e-05
3043,1745740683.793064,2.9210026696091518e-05
3044,1745740706.5345387,2.9208671548985876e-05
3045,1745740719.0611274,2.9207316401880234e-05
3046,1745740749.5288281,2.9205961254774593e-05
3047,1745740767.3266783,2.9204607926658355e-05
3048,1745740791.9950154,2.9203252779552713e-05
3049,1745740810.3066232,2.920189763244707e-05
3050,1745740830.9688354,2.920054248534143e-05
3051,1745740853.3559096,2.9199187338235788e-05
3052,1745740874.4003367,2.9197832191130146e-05
3053,1745740901.8758748,2.9196477044024505e-05
3054,1745740917.8150053,2.9195121896918863e-05
3055,1745740930.566794,2.919376674981322e-05
3056,1745740957.5437396,2.919241160270758e-05
3057,1745740979.1133626,2.9191056455601938e-05
3058,1745741001.6463027,2.9189701308496296e-05
3059,1745741014.6777558,2.9188346161390655e-05
3060,1745741041.3660448,2.9186991014285013e-05
3061,1745741056.3174198,2.9185637686168775e-05
3062,1745741073.3862228,2.9184282539063133e-05
3063,1745741096.9789312,2.918292739195749e-05
3064,1745741120.7660682,2.918157224485185e-05
3065,1745741141.7193432,2.918021709774621e-05
3066,1745741169.5967114,2.9178861950640567e-05
3067,1745741183.5712962,2.9177506803534925e-05
3068,1745741198.0392854,2.9176151656429283e-05
3069,1745741222.3871536,2.917479650932364e-05
3070,1745741241.3134313,2.9173441362218e-05
3071,1745741267.1891057,2.917208621511236e-05
3072,1745741296.1103528,2.9170731068006717e-05
3073,1745741317.7450595,2.9169375920901075e-05
3074,1745741335.5289345,2.9168020773795433e-05
3075,1745741348.1880994,2.9166667445679195e-05
3076,1745741371.327753,2.9165312298573554e-05
3077,1745741395.3009205,2.9163957151467912e-05
3078,1745741407.71767,2.916260200436227e-05
3079,1745741426.8089008,2.916124685725663e-05
3080,1745741456.6683419,2.9159891710150987e-05
3081,1745741467.921826,2.9158536563045345e-05
3082,1745741493.6616962,2.9157181415939704e-05
3083,1745741506.1464038,2.9155826268834062e-05
3084,1745741526.578041,2.915447112172842e-05
3085,1745741552.0696251,2.915311597462278e-05
3086,1745741565.4257262,2.9151760827517137e-05
3087,1745741591.1404402,2.9150405680411495e-05
3088,1745741603.877875,2.9149052352295257e-05
3089,1745741632.5614915,2.9147697205189615e-05
3090,1745741644.442852,2.9146342058083974e-05
3091,1745741661.3323555,2.9144986910978332e-05
3092,1745741679.619742,2.914363176387269e-05
3093,1745741700.7728577,2.914227661676705e-05
3094,1745741724.128564,2.9140921469661407e-05
3095,1745741737.9355628,2.9139566322555766e-05
3096,1745741764.6022632,2.9138211175450124e-05
3097,1745741778.2626219,2.9136856028344482e-05
3098,1745741797.1750364,2.913550088123884e-05
3099,1745741820.8928487,2.91341457341332e-05
3100,1745741839.088215,2.9132790587027557e-05
3101,1745741854.5952296,2.9131435439921916e-05
3102,1745741881.953694,2.9130082111805677e-05
3103,1745741904.5303917,2.9128726964700036e-05
3104,1745741926.4503016,2.9127371817594394e-05
3105,1745741944.230837,2.9126016670488752e-05
3106,1745741963.0732784,2.912466152338311e-05
3107,1745741984.9098616,2.912330637627747e-05
3108,1745742019.1040187,2.9121951229171827e-05
3109,1745742029.7485046,2.9120596082066186e-05
3110,1745742051.6191683,2.9119240934960544e-05
3111,1745742067.948752,2.9117885787854902e-05
3112,1745742086.4591076,2.911653064074926e-05
3113,1745742108.901237,2.911517549364362e-05
3114,1745742123.8556855,2.9113820346537977e-05
3115,1745742144.2565095,2.911246701842174e-05
3116,1745742150.1742198,2.9111111871316098e-05
3117,1745742334.6723802,2.9109756724210456e-05
3118,1745742362.182903,2.9108401577104814e-05
3119,1745742371.052709,2.9107046429999173e-05
3120,1745742391.5707052,2.910569128289353e-05
3121,1745742415.8854969,2.910433613578789e-05
3122,1745742440.109976,2.9102980988682248e-05
3123,1745742463.8931718,2.9101625841576606e-05
3124,1745742489.5057626,2.9100270694470964e-05
3125,1745742499.8052552,2.9098915547365323e-05
3126,1745742528.3807516,2.909756040025968e-05
3127,1745742537.7263827,2.909620525315404e-05
3128,1745742565.9376843,2.9094850106048398e-05
3129,1745742585.284574,2.909349677793216e-05
3130,1745742611.3651342,2.9092141630826518e-05
3131,1745742629.5649047,2.9090786483720876e-05
3132,1745742647.9353204,2.9089431336615235e-05
3133,1745742667.5151,2.9088076189509593e-05
3134,1745742689.6674833,2.908672104240395e-05
3135,1745742711.8712444,2.908536589529831e-05
3136,1745742728.1078858,2.9084010748192668e-05
3137,1745742749.5624292,2.9082655601087026e-05
3138,1745742771.6059823,2.9081300453981385e-05
3139,1745742792.1930783,2.9079945306875743e-05
3140,1745742806.6292217,2.90785901597701e-05
3141,1745742831.2695887,2.907723501266446e-05
3142,1745742849.9142478,2.9075879865558818e-05
3143,1745742868.997388,2.907452653744258e-05
3144,1745742889.8806207,2.9073171390336938e-05
3145,1745742914.3171637,2.9071816243231297e-05
3146,1745742938.4246876,2.9070461096125655e-05
3147,1745742951.8620946,2.9069105949020013e-05
3148,1745742971.1786227,2.906775080191437e-05
3149,1745742991.4014907,2.906639565480873e-05
3150,1745743012.8892543,2.9065040507703088e-05
3151,1745743038.9358099,2.9063685360597447e-05
3152,1745743056.914756,2.9062330213491805e-05
3153,1745743077.2435343,2.9060975066386163e-05
3154,1745743093.2940547,2.905961991928052e-05
3155,1745743115.1764834,2.905826477217488e-05
3156,1745743138.0587063,2.9056911444058642e-05
3157,1745743162.592461,2.9055556296953e-05
3158,1745743181.4587643,2.905420114984736e-05
3159,1745743204.9906764,2.9052846002741717e-05
3160,1745743230.2271981,2.9051490855636075e-05
3161,1745743254.8718915,2.9050135708530433e-05
3162,1745743285.68135,2.9048780561424792e-05
3163,1745743293.6444993,2.904742541431915e-05
3164,1745743320.8780434,2.904607026721351e-05
3165,1745743340.150192,2.9044715120107867e-05
3166,1745743360.9833584,2.9043359973002225e-05
3167,1745743382.1023521,2.9042004825896583e-05
3168,1745743391.8679404,2.9040649678790942e-05
3169,1745743420.997718,2.90392945316853e-05
3170,1745743435.816905,2.9037941203569062e-05
3171,1745743455.4088492,2.903658605646342e-05
3172,1745743480.6963868,2.903523090935778e-05
3173,1745743497.0416036,2.9033875762252137e-05
3174,1745743514.3066204,2.9032520615146495e-05
3175,1745743536.9730096,2.9031165468040854e-05
3176,1745743556.0080457,2.9029810320935212e-05
3177,1745743574.7617135,2.902845517382957e-05
3178,1745743601.1754162,2.902710002672393e-05
3179,1745743623.7522268,2.9025744879618287e-05
3180,1745743642.8496282,2.9024389732512645e-05
3181,1745743667.6329205,2.9023034585407004e-05
3182,1745743688.577866,2.9021679438301362e-05
3183,1745743704.6802347,2.9020326110185124e-05
3184,1745743727.4155312,2.9018970963079482e-05
3185,1745743749.0589166,2.901761581597384e-05
3186,1745743757.8267097,2.90162606688682e-05
3187,1745743780.7872066,2.9014905521762557e-05
3188,1745743802.3128707,2.9013550374656916e-05
3189,1745743824.7012188,2.9012195227551274e-05
3190,1745743846.7364733,2.9010840080445632e-05
3191,1745743863.4729435,2.900948493333999e-05
3192,1745743882.587012,2.900812978623435e-05
3193,1745743908.474455,2.9006774639128707e-05
3194,1745743936.073996,2.9005419492023066e-05
3195,1745743958.9069722,2.9004064344917424e-05
3196,1745743981.486837,2.9002709197811782e-05
3197,1745743997.2365382,2.9001355869695544e-05
3198,1745744002.894921,2.9000000722589903e-05
3199,1745744192.5273561,2.899864557548426e-05
3200,1745744213.857277,2.899729042837862e-05
3201,1745744233.7410486,2.8995935281272978e-05
3202,1745744255.7064202,2.8994580134167336e-05
3203,1745744272.8870564,2.8993224987061694e-05
3204,1745744302.0390732,2.8991869839956053e-05
3205,1745744313.608281,2.899051469285041e-05
3206,1745744342.067608,2.898915954574477e-05
3207,1745744355.7215252,2.8987804398639128e-05
3208,1745744375.6226916,2.8986449251533486e-05
3209,1745744397.3471298,2.8985094104427844e-05
3210,1745744415.5862074,2.8983738957322203e-05
3211,1745744434.6803634,2.8982385629205965e-05
3212,1745744459.2832081,2.8981030482100323e-05
3213,1745744473.957309,2.897967533499468e-05
3214,1745744490.850756,2.897832018788904e-05
3215,1745744512.1660523,2.8976965040783398e-05
3216,1745744536.383234,2.8975609893677756e-05
3217,1745744553.6061726,2.8974254746572115e-05
3218,1745744576.6659625,2.8972899599466473e-05
3219,1745744600.5618057,2.897154445236083e-05
3220,1745744624.0147197,2.897018930525519e-05
3221,1745744647.3996537,2.8968834158149548e-05
3222,1745744666.8144076,2.8967479011043906e-05
3223,1745744687.6530766,2.8966123863938265e-05
3224,1745744707.6815677,2.8964770535822026e-05
3225,1745744730.678806,2.8963415388716385e-05
3226,1745744750.6549685,2.8962060241610743e-05
3227,1745744770.989679,2.89607050945051e-05
3228,1745744798.6989205,2.895934994739946e-05
3229,1745744823.4582884,2.8957994800293818e-05
3230,1745744847.0032315,2.8956639653188176e-05
3231,1745744872.17798,2.8955284506082535e-05
3232,1745744882.7055373,2.8953929358976893e-05
3233,1745744906.8179443,2.895257421187125e-05
3234,1745744933.2838075,2.895121906476561e-05
3235,1745744951.528714,2.8949863917659968e-05
3236,1745744969.8947628,2.8948508770554326e-05
3237,1745744991.054089,2.8947153623448685e-05
3238,1745745012.311583,2.8945800295332447e-05
3239,1745745024.7372243,2.8944445148226805e-05
3240,1745745049.9849277,2.8943090001121163e-05
3241,1745745072.7477849,2.8941734854015522e-05
3242,1745745100.7022169,2.894037970690988e-05
3243,1745745123.2444303,2.893902455980424e-05
3244,1745745148.3020043,2.8937669412698597e-05
3245,1745745156.0707006,2.8936314265592955e-05
3246,1745745182.7398114,2.8934959118487313e-05
3247,1745745206.1760247,2.8933603971381672e-05
3248,1745745213.0160637,2.893224882427603e-05
3249,1745745228.336474,2.893089367717039e-05
3250,1745745253.8792713,2.8929538530064747e-05
3251,1745745265.667874,2.8928183382959105e-05
3252,1745745284.7075193,2.8926830054842867e-05
3253,1745745308.8592176,2.8925474907737225e-05
3254,1745745324.771808,2.8924119760631584e-05
3255,1745745348.1673217,2.8922764613525942e-05
3256,1745745363.7479632,2.89214094664203e-05
3257,1745745386.3262136,2.892005431931466e-05
3258,1745745409.2402573,2.8918699172209017e-05
3259,1745745419.9651086,2.8917344025103375e-05
3260,1745745446.81419,2.8915988877997734e-05
3261,1745745482.383151,2.8914633730892092e-05
3262,1745745490.5828824,2.891327858378645e-05
3263,1745745507.2282495,2.891192343668081e-05
3264,1745745528.4266305,2.8910568289575167e-05
3265,1745745544.1170187,2.890921496145893e-05
3266,1745745566.845568,2.8907859814353287e-05
3267,1745745589.8658423,2.8906504667247646e-05
3268,1745745618.7432053,2.8905149520142004e-05
3269,1745745627.8822522,2.8903794373036362e-05
3270,1745745653.7227418,2.890243922593072e-05
3271,1745745663.756152,2.890108407882508e-05
3272,1745745686.3252468,2.8899728931719437e-05
3273,1745745711.6742625,2.8898373784613796e-05
3274,1745745723.2765746,2.8897018637508154e-05
3275,1745745743.0250266,2.8895663490402512e-05
3276,1745745767.660953,2.889430834329687e-05
3277,1745745801.3136764,2.889295319619123e-05
3278,1745745827.4644115,2.8891598049085587e-05
3279,1745745849.845276,2.889024472096935e-05
3280,1745745854.9938507,2.8888889573863707e-05
3281,1745746034.6790442,2.8887534426758066e-05
3282,1745746051.7476785,2.8886179279652424e-05
3283,1745746072.2218866,2.8884824132546782e-05
3284,1745746099.8408427,2.888346898544114e-05
3285,1745746121.0829093,2.88821138383355e-05
3286,1745746142.36938,2.8880758691229858e-05
3287,1745746153.863184,2.8879403544124216e-05
3288,1745746179.3124118,2.8878048397018574e-05
3289,1745746199.8831067,2.8876693249912933e-05
3290,1745746217.8847718,2.887533810280729e-05
3291,1745746240.2642887,2.887398295570165e-05
3292,1745746261.4441257,2.887262962758541e-05
3293,1745746273.2767012,2.887127448047977e-05
3294,1745746296.2836282,2.8869919333374128e-05
3295,1745746320.8383625,2.8868564186268486e-05
3296,1745746342.1460452,2.8867209039162844e-05
3297,1745746366.6286337,2.8865853892057203e-05
3298,1745746382.737498,2.886449874495156e-05
3299,1745746400.7209773,2.886314359784592e-05
3300,1745746422.7278795,2.8861788450740278e-05
3301,1745746451.3224063,2.8860433303634636e-05
3302,1745746468.359557,2.8859078156528994e-05
3303,1745746482.4321997,2.8857723009423353e-05
3304,1745746503.5403361,2.885636786231771e-05
3305,1745746524.483282,2.885501271521207e-05
3306,1745746547.479593,2.885365938709583e-05
3307,1745746579.8137496,2.885230423999019e-05
3308,1745746585.5917535,2.8850949092884548e-05
3309,1745746613.9723313,2.8849593945778906e-05
3310,1745746635.220235,2.8848238798673265e-05
3311,1745746654.8767805,2.8846883651567623e-05
3312,1745746672.9645352,2.884552850446198e-05
3313,1745746692.1229227,2.884417335735634e-05
3314,1745746709.9669626,2.8842818210250698e-05
3315,1745746738.4721735,2.8841463063145056e-05
3316,1745746756.1296723,2.8840107916039415e-05
3317,1745746777.4546869,2.8838752768933773e-05
3318,1745746796.770382,2.883739762182813e-05
3319,1745746821.9018166,2.883604247472249e-05
3320,1745746831.7062132,2.883468914660625e-05
3321,1745746855.959365,2.883333399950061e-05
3322,1745746878.4958818,2.8831978852394968e-05
3323,1745746897.8932867,2.8830623705289327e-05
3324,1745746915.5621278,2.8829268558183685e-05
3325,1745746935.7835462,2.8827913411078043e-05
3326,1745746959.3786242,2.88265582639724e-05
3327,1745746983.9946182,2.882520311686676e-05
3328,1745746998.5442874,2.8823847969761118e-05
3329,1745747021.3301995,2.8822492822655477e-05
3330,1745747033.9936173,2.8821137675549835e-05
3331,1745747058.7793772,2.8819782528444193e-05
3332,1745747082.9220529,2.881842738133855e-05
3333,1745747105.0406592,2.8817074053222314e-05
3334,1745747124.5327518,2.8815718906116672e-05
3335,1745747144.6343544,2.881436375901103e-05
3336,1745747168.1614501,2.881300861190539e-05
3337,1745747189.8897483,2.8811653464799747e-05
3338,1745747206.2080534,2.8810298317694105e-05
3339,1745747229.334267,2.8808943170588464e-05
3340,1745747254.5882432,2.8807588023482822e-05
3341,1745747285.5645137,2.880623287637718e-05
3342,1745747293.1706514,2.880487772927154e-05
3343,1745747315.184166,2.8803522582165897e-05
3344,1745747340.3640041,2.8802167435060255e-05
3345,1745747374.1298864,2.8800812287954614e-05
3346,1745747405.7113183,2.8799457140848972e-05
3347,1745747434.2758634,2.8798103812732734e-05
3348,1745747445.6363566,2.8796748665627092e-05
3349,1745747465.1252792,2.879539351852145e-05
3350,1745747482.9752073,2.879403837141581e-05
3351,1745747497.7228658,2.8792683224310167e-05
3352,1745747518.108369,2.8791328077204525e-05
3353,1745747540.3821743,2.8789972930098884e-05
3354,1745747552.4456675,2.8788617782993242e-05
3355,1745747579.506765,2.87872626358876e-05
3356,1745747597.0765085,2.878590748878196e-05
3357,1745747616.6012619,2.8784552341676317e-05
3358,1745747638.1042013,2.8783197194570675e-05
3359,1745747661.469104,2.8781842047465034e-05
3360,1745747674.7342417,2.8780486900359392e-05
3361,1745747695.5082672,2.8779133572243154e-05
3362,1745747702.043051,2.8777778425137512e-05
3363,1745747881.4028482,2.877642327803187e-05
3364,1745747905.8209264,2.877506813092623e-05
3365,1745747932.9505727,2.8773712983820587e-05
3366,1745747953.8646607,2.8772357836714946e-05
3367,1745747976.907312,2.8771002689609304e-05
3368,1745747994.833824,2.8769647542503662e-05
3369,1745748008.2656782,2.876829239539802e-05
3370,1745748030.869454,2.876693724829238e-05
3371,1745748054.731939,2.8765582101186737e-05
3372,1745748074.0659826,2.8764226954081096e-05
3373,1745748084.5312765,2.8762871806975454e-05
3374,1745748113.5793478,2.8761518478859216e-05
3375,1745748126.1241982,2.8760163331753574e-05
3376,1745748150.7693639,2.8758808184647933e-05
3377,1745748177.742531,2.875745303754229e-05
3378,1745748195.734316,2.875609789043665e-05
3379,1745748210.4965222,2.8754742743331008e-05
3380,1745748231.1164064,2.8753387596225366e-05
3381,1745748255.7621245,2.8752032449119724e-05
3382,1745748288.6719165,2.8750677302014083e-05
3383,1745748300.8141167,2.874932215490844e-05
3384,1745748321.1982708,2.87479670078028e-05
3385,1745748335.22864,2.8746611860697158e-05
3386,1745748355.3335032,2.8745256713591516e-05
3387,1745748375.485747,2.8743901566485874e-05
3388,1745748406.6578448,2.8742548238369636e-05
3389,1745748416.5889428,2.8741193091263995e-05
3390,1745748439.777727,2.8739837944158353e-05
3391,1745748462.2699344,2.873848279705271e-05
3392,1745748485.8909023,2.873712764994707e-05
3393,1745748505.2728608,2.8735772502841428e-05
3394,1745748524.6432774,2.8734417355735786e-05
3395,1745748547.3283129,2.8733062208630145e-05
3396,1745748575.0057847,2.8731707061524503e-05
3397,1745748599.55823,2.873035191441886e-05
3398,1745748613.5227318,2.872899676731322e-05
3399,1745748633.027425,2.8727641620207578e-05
3400,1745748649.461578,2.8726286473101936e-05
3401,1745748669.3572257,2.8724933144985698e-05
3402,1745748692.580513,2.8723577997880057e-05
3403,1745748717.1255171,2.8722222850774415e-05
3404,1745748727.780421,2.8720867703668773e-05
3405,1745748744.0557175,2.871951255656313e-05
3406,1745748760.528777,2.871815740945749e-05
3407,1745748784.098001,2.8716802262351848e-05
3408,1745748804.2643204,2.8715447115246207e-05
3409,1745748824.0753698,2.8714091968140565e-05
3410,1745748840.5893338,2.8712736821034923e-05
3411,1745748864.9310048,2.871138167392928e-05
3412,1745748889.2315655,2.871002652682364e-05
3413,1745748913.2674105,2.8708671379717998e-05
3414,1745748938.670123,2.8707316232612357e-05
3415,1745748949.5181324,2.870596290449612e-05
3416,1745748977.7836218,2.8704607757390477e-05
3417,1745748986.370648,2.8703252610284835e-05
3418,1745749009.053672,2.8701897463179193e-05
3419,1745749016.8056347,2.8700542316073552e-05
3420,1745749038.5187018,2.869918716896791e-05
3421,1745749070.1766229,2.869783202186227e-05
3422,1745749092.138242,2.8696476874756627e-05
3423,1745749104.3862805,2.8695121727650985e-05
3424,1745749125.137682,2.8693766580545343e-05
3425,1745749147.0517712,2.8692411433439702e-05
3426,1745749167.820888,2.869105628633406e-05
3427,1745749180.5084965,2.868970113922842e-05
3428,1745749201.5980456,2.8688345992122777e-05
3429,1745749224.2873356,2.868699266400654e-05
3430,1745749233.0179503,2.8685637516900897e-05
3431,1745749265.6321528,2.8684282369795255e-05
3432,1745749274.3519483,2.8682927222689614e-05
3433,1745749296.5940163,2.8681572075583972e-05
3434,1745749322.6126976,2.868021692847833e-05
3435,1745749334.9758115,2.867886178137269e-05
3436,1745749357.082005,2.8677506634267047e-05
3437,1745749382.243823,2.8676151487161405e-05
3438,1745749396.7128289,2.8674796340055764e-05
3439,1745749403.8782218,2.8673441192950122e-05
3440,1745749427.5954106,2.867208604584448e-05
3441,1745749446.599182,2.867073089873884e-05
3442,1745749467.4651585,2.86693775706226e-05
3443,1745749495.8559823,2.866802242351696e-05
3444,1745749500.6025176,2.8666667276411317e-05
3445,1745749697.7156813,2.8665312129305676e-05
3446,1745749721.7303863,2.8663956982200034e-05
3447,1745749744.6537552,2.8662601835094392e-05
3448,1745749755.0112467,2.866124668798875e-05
3449,1745749780.4256089,2.865989154088311e-05
3450,1745749809.1926622,2.8658536393777467e-05
3451,1745749826.668188,2.8657181246671826e-05
3452,1745749839.8110294,2.8655826099566184e-05
3453,1745749864.094748,2.8654470952460542e-05
3454,1745749880.8451405,2.86531158053549e-05
3455,1745749900.2158213,2.865176065824926e-05
3456,1745749923.8880684,2.865040733013302e-05
3457,1745749938.3783393,2.864905218302738e-05
3458,1745749960.8142018,2.8647697035921738e-05
3459,1745749981.6719155,2.8646341888816096e-05
3460,1745749988.2754545,2.8644986741710454e-05
3461,1745750011.3759248,2.8643631594604813e-05
3462,1745750019.9505355,2.864227644749917e-05
3463,1745750039.8606553,2.864092130039353e-05
3464,1745750071.1551328,2.8639566153287888e-05
3465,1745750086.965114,2.8638211006182246e-05
3466,1745750104.980479,2.8636855859076604e-05
3467,1745750121.1268814,2.8635500711970963e-05
3468,1745750143.6966796,2.863414556486532e-05
3469,1745750165.2249424,2.8632792236749083e-05
3470,1745750184.6100597,2.863143708964344e-05
3471,1745750204.4450495,2.86300819425378e-05
3472,1745750241.8250482,2.8628726795432158e-05
3473,1745750247.6918712,2.8627371648326516e-05
3474,1745750269.8059258,2.8626016501220874e-05
3475,1745750291.3066785,2.8624661354115233e-05
3476,1745750309.6586843,2.862330620700959e-05
3477,1745750332.161507,2.862195105990395e-05
3478,1745750354.2834947,2.8620595912798308e-05
3479,1745750370.3975415,2.8619240765692666e-05
3480,1745750396.2129579,2.8617885618587025e-05
3481,1745750417.1504521,2.8616530471481383e-05
3482,1745750435.8875773,2.861517532437574e-05
3483,1745750454.1840072,2.8613821996259503e-05
3484,1745750475.6893075,2.861246684915386e-05
3485,1745750488.132814,2.861111170204822e-05
3486,1745750512.0112517,2.8609756554942578e-05
3487,1745750531.4946854,2.8608401407836936e-05
3488,1745750552.851776,2.8607046260731295e-05
3489,1745750580.125044,2.8605691113625653e-05
3490,1745750596.6703734,2.860433596652001e-05
3491,1745750617.690917,2.860298081941437e-05
3492,1745750642.2607512,2.8601625672308728e-05
3493,1745750654.2602682,2.8600270525203086e-05
3494,1745750674.3422563,2.8598915378097445e-05
3495,1745750697.2871206,2.8597560230991803e-05
3496,1745750716.3477783,2.859620508388616e-05
3497,1745750735.5740554,2.8594851755769923e-05
3498,1745750749.7514622,2.859349660866428e-05
3499,1745750770.4672072,2.859214146155864e-05
3500,1745750802.9273233,2.8590786314453e-05
3501,1745750820.2090034,2.8589431167347357e-05
3502,1745750832.2312295,2.8588076020241715e-05
3503,1745750847.6131291,2.8586720873136073e-05
3504,1745750872.470268,2.858536572603043e-05
3505,1745750888.3852422,2.858401057892479e-05
3506,1745750912.192533,2.858265543181915e-05
3507,1745750924.5298634,2.8581300284713507e-05
3508,1745750945.6162858,2.8579945137607865e-05
3509,1745750970.1901248,2.8578589990502223e-05
3510,1745750991.1199367,2.8577236662385985e-05
3511,1745751008.8111808,2.8575881515280344e-05
3512,1745751031.3160527,2.8574526368174702e-05
3513,1745751049.3052237,2.857317122106906e-05
3514,1745751067.7299836,2.857181607396342e-05
3515,1745751100.8195577,2.8570460926857777e-05
3516,1745751108.3961027,2.8569105779752135e-05
3517,1745751125.6613727,2.8567750632646494e-05
3518,1745751142.5316553,2.8566395485540852e-05
3519,1745751160.106859,2.856504033843521e-05
3520,1745751183.4794,2.856368519132957e-05
3521,1745751201.7545986,2.8562330044223927e-05
3522,1745751217.570139,2.8560974897118285e-05
3523,1745751239.4934351,2.8559619750012644e-05
3524,1745751255.9907336,2.8558266421896406e-05
3525,1745751280.6919947,2.8556911274790764e-05
3526,1745751291.005128,2.8555556127685122e-05
3527,1745751459.185025,2.855420098057948e-05
3528,1745751483.2614677,2.855284583347384e-05
3529,1745751504.183571,2.8551490686368197e-05
3530,1745751526.2496705,2.8550135539262556e-05
3531,1745751544.641778,2.8548780392156914e-05
3532,1745751568.4346066,2.8547425245051272e-05
3533,1745751594.3735034,2.854607009794563e-05
3534,1745751625.3051074,2.854471495083999e-05
3535,1745751643.9148784,2.8543359803734347e-05
3536,1745751658.4538887,2.8542004656628706e-05
3537,1745751683.3679864,2.8540649509523064e-05
3538,1745751710.9318657,2.8539296181406826e-05
3539,1745751725.0770462,2.8537941034301184e-05
3540,1745751744.59088,2.8536585887195542e-05
3541,1745751771.8284655,2.85352307400899e-05
3542,1745751785.557285,2.853387559298426e-05
3543,1745751810.1934977,2.8532520445878617e-05
3544,1745751832.3497946,2.8531165298772976e-05
3545,1745751850.2421932,2.8529810151667334e-05
3546,1745751871.0955365,2.8528455004561692e-05
3547,1745751889.359499,2.852709985745605e-05
3548,1745751911.9809926,2.852574471035041e-05
3549,1745751935.2805905,2.8524389563244767e-05
3550,1745751954.3420932,2.8523034416139126e-05
3551,1745751971.8213537,2.8521681088022888e-05
3552,1745751990.2900476,2.8520325940917246e-05
3553,1745752017.43713,2.8518970793811604e-05
3554,1745752030.2960188,2.8517615646705963e-05
3555,1745752050.7250867,2.851626049960032e-05
3556,1745752071.98209,2.851490535249468e-05
3557,1745752094.1031637,2.8513550205389038e-05
3558,1745752115.5430293,2.8512195058283396e-05
3559,1745752139.9018927,2.8510839911177754e-05
3560,1745752165.7495003,2.8509484764072113e-05
3561,1745752177.9447775,2.850812961696647e-05
3562,1745752199.7036884,2.850677446986083e-05
3563,1745752223.3793707,2.8505419322755188e-05
3564,1745752243.1953008,2.8504064175649546e-05
3565,1745752263.7843125,2.8502710847533308e-05
3566,1745752281.6406999,2.8501355700427666e-05
3567,1745752312.8158944,2.8500000553322025e-05
3568,1745752317.9667137,2.8498645406216383e-05
3569,1745752333.9680257,2.849729025911074e-05
3570,1745752354.0609512,2.84959351120051e-05
3571,1745752378.0144744,2.8494579964899458e-05
3572,1745752400.363456,2.8493224817793816e-05
3573,1745752422.8601775,2.8491869670688175e-05
3574,1745752446.1148257,2.8490514523582533e-05
3575,1745752468.288525,2.848915937647689e-05
3576,1745752490.8183436,2.848780422937125e-05
3577,1745752509.0294557,2.8486449082265608e-05
3578,1745752526.8596623,2.848509575414937e-05
3579,1745752552.1890142,2.8483740607043728e-05
3580,1745752570.3167605,2.8482385459938087e-05
3581,1745752600.9177523,2.8481030312832445e-05
3582,1745752623.0299082,2.8479675165726803e-05
3583,1745752646.6232219,2.847832001862116e-05
3584,1745752664.7312253,2.847696487151552e-05
3585,1745752681.161971,2.8475609724409878e-05
3586,1745752704.601852,2.8474254577304237e-05
3587,1745752728.727329,2.8472899430198595e-05
3588,1745752743.4377592,2.8471544283092953e-05
3589,1745752770.4418068,2.847018913598731e-05
3590,1745752788.96733,2.846883398888167e-05
3591,1745752804.1102188,2.8467478841776028e-05
3592,1745752826.9930096,2.846612551365979e-05
3593,1745752853.8441713,2.846477036655415e-05
3594,1745752873.9455004,2.8463415219448507e-05
3595,1745752891.8752782,2.8462060072342865e-05
3596,1745752910.4517343,2.8460704925237224e-05
3597,1745752930.2301922,2.8459349778131582e-05
3598,1745752956.2236311,2.845799463102594e-05
3599,1745752971.3179228,2.84566394839203e-05
3600,1745752988.7058628,2.8455284336814657e-05
3601,1745753005.8439562,2.8453929189709015e-05
3602,1745753027.6024458,2.8452574042603374e-05
3603,1745753051.2718003,2.8451218895497732e-05
3604,1745753065.57634,2.844986374839209e-05
3605,1745753088.1553495,2.844850860128645e-05
3606,1745753113.6786537,2.844715527317021e-05
3607,1745753126.5729434,2.844580012606457e-05
3608,1745753134.673508,2.8444444978958927e-05
3609,1745753310.2441812,2.8443089831853285e-05
3610,1745753332.416902,2.8441734684747644e-05
3611,1745753358.8710494,2.8440379537642002e-05
3612,1745753382.5829406,2.843902439053636e-05
3613,1745753404.6828992,2.843766924343072e-05
3614,1745753426.029489,2.8436314096325077e-05
3615,1745753446.6143157,2.8434958949219435e-05
3616,1745753463.3649359,2.8433603802113794e-05
3617,1745753479.7024987,2.8432248655008152e-05
3618,1745753505.3759186,2.843089350790251e-05
3619,1745753515.431363,2.8429540179786272e-05
3620,1745753535.4307194,2.842818503268063e-05
3621,1745753555.3186407,2.842682988557499e-05
3622,1745753569.81078,2.8425474738469347e-05
3623,1745753598.8107886,2.8424119591363706e-05
3624,1745753622.9129465,2.8422764444258064e-05
3625,1745753628.7321568,2.8421409297152422e-05
3626,1745753655.916195,2.842005415004678e-05
3627,1745753676.9032843,2.841869900294114e-05
3628,1745753692.9980025,2.8417343855835497e-05
3629,1745753715.3839178,2.8415988708729856e-05
3630,1745753736.8253796,2.8414633561624214e-05
3631,1745753758.514109,2.8413278414518572e-05
3632,1745753782.4345896,2.841192326741293e-05
3633,1745753802.9304283,2.8410569939296693e-05
3634,1745753821.4597657,2.840921479219105e-05
3635,1745753843.5585892,2.840785964508541e-05
3636,1745753867.0226643,2.8406504497979768e-05
3637,1745753888.8709006,2.8405149350874126e-05
3638,1745753913.414867,2.8403794203768484e-05
3639,1745753929.8900516,2.8402439056662843e-05
3640,1745753944.5290048,2.84010839095572e-05
3641,1745753967.0593288,2.839972876245156e-05
3642,1745753996.424602,2.8398373615345918e-05
3643,1745754007.0402603,2.8397018468240276e-05
3644,1745754025.5689588,2.8395663321134634e-05
3645,1745754050.1397197,2.8394308174028993e-05
3646,1745754070.3367608,2.839295302692335e-05
3647,1745754083.7699006,2.8391599698807113e-05
3648,1745754108.3702168,2.839024455170147e-05
3649,1745754127.7006664,2.838888940459583e-05
3650,1745754148.0773435,2.8387534257490188e-05
3651,1745754173.337682,2.8386179110384546e-05
3652,1745754195.7563672,2.8384823963278905e-05
3653,1745754213.9266973,2.8383468816173263e-05
3654,1745754234.5623646,2.838211366906762e-05
3655,1745754254.2078125,2.838075852196198e-05
3656,1745754264.0338085,2.8379403374856338e-05
3657,1745754293.4798155,2.8378048227750696e-05
3658,1745754312.4200988,2.8376693080645055e-05
3659,1745754337.6139662,2.8375337933539413e-05
3660,1745754346.3738153,2.8373984605423175e-05
3661,1745754367.757786,2.8372629458317533e-05
3662,1745754385.352468,2.837127431121189e-05
3663,1745754408.223489,2.836991916410625e-05
3664,1745754428.860781,2.8368564017000608e-05
3665,1745754452.0308626,2.8367208869894966e-05
3666,1745754477.2620432,2.8365853722789325e-05
3667,1745754497.0540118,2.8364498575683683e-05
3668,1745754510.6741796,2.836314342857804e-05
3669,1745754532.77356,2.83617882814724e-05
3670,1745754556.3917348,2.8360433134366758e-05
3671,1745754572.8009636,2.8359077987261117e-05
3672,1745754591.8743148,2.8357722840155475e-05
3673,1745754613.3094912,2.8356367693049833e-05
3674,1745754636.6765227,2.8355014364933595e-05
3675,1745754655.2948558,2.8353659217827953e-05
3676,1745754682.3996267,2.8352304070722312e-05
3677,1745754703.234856,2.835094892361667e-05
3678,1745754721.7167714,2.834959377651103e-05
3679,1745754741.005888,2.8348238629405387e-05
3680,1745754762.2704315,2.8346883482299745e-05
3681,1745754789.6776013,2.8345528335194103e-05
3682,1745754805.5691402,2.8344173188088462e-05
3683,1745754829.1372523,2.834281804098282e-05
3684,1745754850.715753,2.834146289387718e-05
3685,1745754872.1420834,2.8340107746771537e-05
3686,1745754892.5843525,2.8338752599665895e-05
3687,1745754906.0331686,2.8337399271549657e-05
3688,1745754928.155503,2.8336044124444015e-05
3689,1745754950.6337514,2.8334688977338374e-05
3690,1745754959.5979307,2.8333333830232732e-05
3691,1745755131.7555606,2.833197868312709e-05
3692,1745755152.7747922,2.833062353602145e-05
3693,1745755174.244846,2.8329268388915807e-05
3694,1745755195.0668373,2.8327913241810165e-05
3695,1745755215.3972523,2.8326558094704524e-05
3696,1745755233.006961,2.8325202947598882e-05
3697,1745755255.2910469,2.832384780049324e-05
3698,1745755278.3296938,2.83224926533876e-05
3699,1745755300.0197732,2.8321137506281957e-05
3700,1745755319.175842,2.8319782359176315e-05
3701,1745755339.5598345,2.8318429031060077e-05
3702,1745755364.203173,2.8317073883954436e-05
3703,1745755383.1309469,2.8315718736848794e-05
3704,1745755410.062899,2.8314363589743152e-05
3705,1745755426.7307992,2.831300844263751e-05
3706,1745755446.7693489,2.831165329553187e-05
3707,1745755469.550374,2.8310298148426227e-05
3708,1745755490.4066107,2.8308943001320586e-05
3709,1745755505.9880946,2.8307587854214944e-05
3710,1745755529.8442044,2.8306232707109302e-05
3711,1745755542.970626,2.830487756000366e-05
3712,1745755570.117253,2.830352241289802e-05
3713,1745755592.8203244,2.8302167265792377e-05
3714,1745755600.9364254,2.8300812118686736e-05
3715,1745755624.5129495,2.8299458790570498e-05
3716,1745755640.1065667,2.8298103643464856e-05
3717,1745755660.0084941,2.8296748496359214e-05
3718,1745755679.6271803,2.8295393349253573e-05
3719,1745755703.7097785,2.829403820214793e-05
3720,1745755731.9605427,2.829268305504229e-05
3721,1745755756.9110932,2.8291327907936648e-05
3722,1745755779.5846424,2.8289972760831006e-05
3723,1745755792.0767462,2.8288617613725364e-05
3724,1745755814.602773,2.8287262466619723e-05
3725,1745755835.781649,2.828590731951408e-05
3726,1745755856.6049829,2.828455217240844e-05
3727,1745755877.5086255,2.8283197025302798e-05
3728,1745755901.2553544,2.828184369718656e-05
3729,1745755922.446337,2.8280488550080918e-05
3730,1745755945.3970604,2.8279133402975276e-05
3731,1745755963.9781294,2.8277778255869634e-05
3732,1745755982.1033807,2.8276423108763993e-05
3733,1745756008.701359,2.827506796165835e-05
3734,1745756028.4279604,2.827371281455271e-05
3735,1745756060.9976466,2.8272357667447068e-05
3736,1745756080.808744,2.8271002520341426e-05
3737,1745756095.0327542,2.8269647373235784e-05
3738,1745756117.9667654,2.8268292226130143e-05
3739,1745756139.1867115,2.82669370790245e-05
3740,1745756158.0598722,2.826558193191886e-05
3741,1745756179.4704473,2.8264226784813218e-05
3742,1745756200.5877452,2.826287345669698e-05
3743,1745756220.5878828,2.8261518309591338e-05
3744,1745756246.5074825,2.8260163162485696e-05
3745,1745756265.2315743,2.8258808015380055e-05
3746,1745756287.465381,2.8257452868274413e-05
3747,1745756305.2183316,2.825609772116877e-05
3748,1745756319.0995424,2.825474257406313e-05
3749,1745756346.5473514,2.8253387426957488e-05
3750,1745756370.9064927,2.8252032279851846e-05
3751,1745756390.317821,2.8250677132746205e-05
3752,1745756410.4616823,2.8249321985640563e-05
3753,1745756431.4659464,2.824796683853492e-05
3754,1745756453.877561,2.824661169142928e-05
3755,1745756472.090511,2.8245256544323638e-05
3756,1745756489.9830248,2.82439032162074e-05
3757,1745756516.649031,2.8242548069101758e-05
3758,1745756535.33509,2.8241192921996117e-05
3759,1745756560.2764392,2.8239837774890475e-05
3760,1745756581.8794699,2.8238482627784833e-05
3761,1745756604.736163,2.823712748067919e-05
3762,1745756628.2805696,2.823577233357355e-05
3763,1745756648.9596612,2.823441718646791e-05
3764,1745756670.031424,2.8233062039362267e-05
3765,1745756683.1616478,2.8231706892256625e-05
3766,1745756704.6321397,2.8230351745150983e-05
3767,1745756727.7508833,2.822899659804534e-05
3768,1745756752.8060308,2.82276414509397e-05
3769,1745756768.6162755,2.8226288122823462e-05
3770,1745756784.8247437,2.822493297571782e-05
3771,1745756810.8300145,2.822357782861218e-05
3772,1745756817.8586264,2.8222222681506537e-05
3773,1745756990.490415,2.8220867534400895e-05
3774,1745757010.2694216,2.8219512387295254e-05
3775,1745757026.3856592,2.8218157240189612e-05
3776,1745757043.5034766,2.821680209308397e-05
3777,1745757067.1014175,2.821544694597833e-05
3778,1745757087.4240518,2.8214091798872687e-05
3779,1745757106.754592,2.8212736651767045e-05
3780,1745757130.1268475,2.8211381504661404e-05
3781,1745757153.8472512,2.8210026357555762e-05
3782,1745757174.0464778,2.820867121045012e-05
3783,1745757198.4348302,2.8207317882333882e-05
3784,1745757215.713286,2.820596273522824e-05
3785,1745757234.0786915,2.82046075881226e-05
3786,1745757251.1856275,2.8203252441016957e-05
3787,1745757268.2754123,2.8201897293911316e-05
3788,1745757293.3163242,2.8200542146805674e-05
3789,1745757310.9780672,2.8199186999700032e-05
3790,1745757327.65823,2.819783185259439e-05
3791,1745757348.9769728,2.819647670548875e-05
3792,1745757365.9417334,2.8195121558383107e-05
3793,1745757385.5059204,2.8193766411277466e-05
3794,1745757406.3272457,2.8192411264171824e-05
3795,1745757426.8506382,2.8191056117066182e-05
3796,1745757445.5521603,2.8189702788949944e-05
3797,1745757467.3917108,2.8188347641844302e-05
3798,1745757485.2496722,2.818699249473866e-05
3799,1745757505.4124646,2.818563734763302e-05
3800,1745757531.9741032,2.8184282200527377e-05
3801,1745757550.2458937,2.8182927053421736e-05
3802,1745757571.6708214,2.8181571906316094e-05
3803,1745757592.8682709,2.8180216759210452e-05
3804,1745757612.4569356,2.817886161210481e-05
3805,1745757630.3877227,2.817750646499917e-05
3806,1745757653.6000392,2.8176151317893527e-05
3807,1745757674.0102358,2.8174796170787886e-05
3808,1745757695.8134785,2.8173441023682244e-05
3809,1745757717.2257802,2.8172085876576602e-05
3810,1745757739.5894358,2.8170732548460364e-05
3811,1745757764.5566306,2.8169377401354723e-05
3812,1745757785.6068456,2.816802225424908e-05
3813,1745757805.4451659,2.816666710714344e-05
3814,1745757828.584224,2.8165311960037798e-05
3815,1745757852.1136465,2.8163956812932156e-05
3816,1745757879.1347208,2.8162601665826514e-05
3817,1745757905.864969,2.8161246518720873e-05
3818,1745757937.3377788,2.815989137161523e-05
3819,1745757957.77989,2.815853622450959e-05
3820,1745757978.8317726,2.8157181077403948e-05
3821,1745757999.3566499,2.8155825930298306e-05
3822,1745758020.2035146,2.8154470783192664e-05
3823,1745758038.2449353,2.8153115636087023e-05
3824,1745758060.0028841,2.8151762307970785e-05
3825,1745758079.079363,2.8150407160865143e-05
3826,1745758108.3863447,2.81490520137595e-05
3827,1745758115.5900877,2.814769686665386e-05
3828,1745758136.184458,2.8146341719548218e-05
3829,1745758158.6847548,2.8144986572442576e-05
3830,1745758188.042536,2.8143631425336935e-05
3831,1745758207.7798336,2.8142276278231293e-05
3832,1745758235.9421177,2.814092113112565e-05
3833,1745758269.2303884,2.813956598402001e-05
3834,1745758277.6729934,2.8138210836914368e-05
3835,1745758299.7894387,2.8136855689808726e-05
3836,1745758320.6300695,2.8135500542703085e-05
3837,1745758331.1533487,2.8134147214586847e-05
3838,1745758352.328062,2.8132792067481205e-05
3839,1745758368.4661624,2.8131436920375563e-05
3840,1745758389.4107888,2.813008177326992e-05
3841,1745758408.4357624,2.812872662616428e-05
3842,1745758436.3523233,2.8127371479058638e-05
3843,1745758455.9226105,2.8126016331952997e-05
3844,1745758474.4477954,2.8124661184847355e-05
3845,1745758502.4535422,2.8123306037741713e-05
3846,1745758527.131367,2.812195089063607e-05
3847,1745758545.2130535,2.812059574353043e-05
3848,1745758552.5561316,2.8119240596424788e-05
3849,1745758575.8088183,2.8117885449319147e-05
3850,1745758596.831909,2.8116530302213505e-05
3851,1745758619.9578197,2.8115176974097267e-05
3852,1745758639.9572415,2.8113821826991625e-05
3853,1745758664.533533,2.8112466679885983e-05
3854,1745758670.9478178,2.8111111532780342e-05
3855,1745758846.618959,2.81097563856747e-05
3856,1745758863.6870263,2.810840123856906e-05
3857,1745758882.9807904,2.8107046091463417e-05
3858,1745758904.2752519,2.8105690944357775e-05
3859,1745758925.1315706,2.8104335797252133e-05
3860,1745758950.2300227,2.8102980650146492e-05
3861,1745758976.3608813,2.810162550304085e-05
3862,1745758999.205167,2.810027035593521e-05
3863,1745759020.4420934,2.8098915208829567e-05
3864,1745759048.4497778,2.809756188071333e-05
3865,1745759074.0930855,2.8096206733607687e-05
3866,1745759089.4525712,2.8094851586502045e-05
3867,1745759105.7101095,2.8093496439396404e-05
3868,1745759130.2903001,2.8092141292290762e-05
3869,1745759164.4916244,2.809078614518512e-05
3870,1745759192.068458,2.808943099807948e-05
3871,1745759216.3429847,2.8088075850973837e-05
3872,1745759226.8011377,2.8086720703868195e-05
3873,1745759248.7469175,2.8085365556762554e-05
3874,1745759278.7976708,2.8084010409656912e-05
3875,1745759294.252203,2.808265526255127e-05
3876,1745759312.4392812,2.808130011544563e-05
3877,1745759333.268894,2.8079944968339987e-05
3878,1745759353.1406128,2.807859164022375e-05
3879,1745759367.794072,2.8077236493118107e-05
3880,1745759394.080292,2.8075881346012466e-05
3881,1745759407.0523894,2.8074526198906824e-05
3882,1745759431.4438553,2.8073171051801182e-05
3883,1745759438.6726437,2.807181590469554e-05
3884,1745759458.6830902,2.80704607575899e-05
3885,1745759481.5653706,2.8069105610484257e-05
3886,1745759502.3990927,2.8067750463378616e-05
3887,1745759519.0154462,2.8066395316272974e-05
3888,1745759539.76613,2.8065040169167332e-05
3889,1745759564.5273573,2.806368502206169e-05
3890,1745759588.7777805,2.806232987495605e-05
3891,1745759595.7376773,2.8060974727850407e-05
3892,1745759625.2024195,2.805962139973417e-05
3893,1745759653.1844783,2.8058266252628528e-05
3894,1745759680.5468109,2.8056911105522886e-05
3895,1745759698.7257183,2.8055555958417244e-05
3896,1745759724.2476704,2.8054200811311603e-05
3897,1745759733.0757058,2.805284566420596e-05
3898,1745759755.1065898,2.805149051710032e-05
3899,1745759781.18012,2.8050135369994678e-05
3900,1745759795.8290532,2.8048780222889036e-05
3901,1745759809.338955,2.8047425075783394e-05
3902,1745759826.6916544,2.8046069928677753e-05
3903,1745759850.5021276,2.804471478157211e-05
3904,1745759865.712981,2.804335963446647e-05
3905,1745759885.5814698,2.804200630635023e-05
3906,1745759908.7196467,2.804065115924459e-05
3907,1745759915.168553,2.8039296012138948e-05
3908,1745759947.350272,2.8037940865033306e-05
3909,1745759962.4155397,2.8036585717927665e-05
3910,1745759982.68901,2.8035230570822023e-05
3911,1745760002.6563387,2.803387542371638e-05
3912,1745760022.0365698,2.803252027661074e-05
3913,1745760041.5819492,2.8031165129505098e-05
3914,1745760069.4658835,2.8029809982399456e-05
3915,1745760096.6236923,2.8028454835293815e-05
3916,1745760116.7758923,2.8027099688188173e-05
3917,1745760138.8595743,2.802574454108253e-05
3918,1745760161.7687213,2.802438939397689e-05
3919,1745760181.3049502,2.802303606586065e-05
3920,1745760197.525421,2.802168091875501e-05
3921,1745760223.0454106,2.8020325771649368e-05
3922,1745760242.4918554,2.8018970624543726e-05
3923,1745760260.6349182,2.8017615477438085e-05
3924,1745760282.2898116,2.8016260330332443e-05
3925,1745760301.2895842,2.80149051832268e-05
3926,1745760317.5651476,2.801355003612116e-05
3927,1745760336.96711,2.8012194889015518e-05
3928,1745760356.3540392,2.8010839741909876e-05
3929,1745760374.309373,2.8009484594804235e-05
3930,1745760391.8474798,2.8008129447698593e-05
3931,1745760405.9021983,2.800677430059295e-05
3932,1745760435.735052,2.800541915348731e-05
3933,1745760451.699441,2.8004065825371072e-05
3934,1745760469.7933507,2.800271067826543e-05
3935,1745760485.6358876,2.800135553115979e-05
3936,1745760494.0215204,2.8000000384054147e-05
3937,1745760681.4953446,2.7998645236948505e-05
3938,1745760702.3911154,2.7997290089842863e-05
3939,1745760726.1068575,2.7995934942737222e-05
3940,1745760744.0903852,2.799457979563158e-05
3941,1745760767.463247,2.799322464852594e-05
3942,1745760789.6780062,2.7991869501420297e-05
3943,1745760809.9834018,2.7990514354314655e-05
3944,1745760830.501384,2.7989159207209013e-05
3945,1745760855.8534706,2.7987804060103372e-05
3946,1745760876.678944,2.7986450731987134e-05
3947,1745760900.3360963,2.7985095584881492e-05
3948,1745760923.1603527,2.798374043777585e-05
3949,1745760943.928072,2.798238529067021e-05
3950,1745760962.1153646,2.7981030143564567e-05
3951,1745760998.5625305,2.7979674996458925e-05
3952,1745761014.8782418,2.7978319849353284e-05
3953,1745761029.2052662,2.7976964702247642e-05
3954,1745761052.2586505,2.7975609555142e-05
3955,1745761074.695177,2.797425440803636e-05
3956,1745761095.240891,2.7972899260930717e-05
3957,1745761117.0098724,2.7971544113825075e-05
3958,1745761138.5067954,2.7970188966719434e-05
3959,1745761158.2180784,2.7968833819613792e-05
3960,1745761177.6220129,2.7967480491497554e-05
3961,1745761196.4809763,2.7966125344391912e-05
3962,1745761223.3606012,2.796477019728627e-05
3963,1745761255.0347974,2.796341505018063e-05
3964,1745761272.3074107,2.7962059903074987e-05
3965,1745761294.9605694,2.7960704755969346e-05
3966,1745761316.4270205,2.7959349608863704e-05
3967,1745761326.5395894,2.7957994461758062e-05
3968,1745761354.3856816,2.795663931465242e-05
3969,1745761376.9083347,2.795528416754678e-05
3970,1745761399.5622346,2.7953929020441137e-05
3971,1745761419.0998373,2.7952573873335496e-05
3972,1745761445.1394837,2.7951218726229854e-05
3973,1745761467.799654,2.7949865398113616e-05
3974,1745761492.826157,2.7948510251007974e-05
3975,1745761517.7105608,2.7947155103902332e-05
3976,1745761544.5452476,2.794579995679669e-05
3977,1745761563.802619,2.794444480969105e-05
3978,1745761576.8069077,2.7943089662585407e-05
3979,1745761597.272308,2.7941734515479766e-05
3980,1745761620.9252822,2.7940379368374124e-05
3981,1745761646.6593738,2.7939024221268483e-05
3982,1745761655.1808476,2.793766907416284e-05
3983,1745761681.3062305,2.79363139270572e-05
3984,1745761708.220274,2.7934958779951558e-05
3985,1745761725.847857,2.7933603632845916e-05
3986,1745761757.7898962,2.7932248485740274e-05
3987,1745761767.1984034,2.7930895157624036e-05
3988,1745761789.4005253,2.7929540010518394e-05
3989,1745761808.523823,2.7928184863412753e-05
3990,1745761825.5787342,2.792682971630711e-05
3991,1745761847.2409365,2.792547456920147e-05
3992,1745761867.4204752,2.7924119422095828e-05
3993,1745761884.6745455,2.7922764274990186e-05
3994,1745761908.422633,2.7921409127884544e-05
3995,1745761932.067599,2.7920053980778903e-05
3996,1745761944.3992674,2.791869883367326e-05
3997,1745761963.0119214,2.791734368656762e-05
3998,1745761994.1234603,2.7915988539461978e-05
3999,1745762012.959758,2.7914633392356336e-05
4000,1745762032.0488656,2.7913278245250694e-05
4001,1745762053.2798553,2.7911924917134456e-05
4002,1745762084.4520512,2.7910569770028815e-05
4003,1745762098.1615918,2.7909214622923173e-05
4004,1745762117.8479571,2.790785947581753e-05
4005,1745762136.717372,2.790650432871189e-05
4006,1745762151.8775353,2.7905149181606248e-05
4007,1745762174.5002513,2.7903794034500606e-05
4008,1745762199.227353,2.7902438887394965e-05
4009,1745762221.225195,2.7901083740289323e-05
4010,1745762240.7959125,2.789972859318368e-05
4011,1745762258.500142,2.789837344607804e-05
4012,1745762276.7715006,2.7897018298972398e-05
4013,1745762299.6732254,2.7895663151866756e-05
4014,1745762321.2431328,2.7894309823750518e-05
4015,1745762341.536078,2.7892954676644877e-05
4016,1745762361.801855,2.7891599529539235e-05
4017,1745762380.5257738,2.7890244382433593e-05
4018,1745762387.3408117,2.788888923532795e-05
4019,1745762579.1636443,2.788753408822231e-05
4020,1745762590.0686383,2.7886178941116668e-05
4021,1745762618.9018042,2.7884823794011027e-05
4022,1745762627.808497,2.7883468646905385e-05
4023,1745762649.2261665,2.7882113499799743e-05
4024,1745762674.4918618,2.78807583526941e-05
4025,1745762700.640168,2.787940320558846e-05
4026,1745762722.5047667,2.7878048058482818e-05
4027,1745762745.260007,2.7876692911377177e-05
4028,1745762765.0752025,2.787533958326094e-05
4029,1745762784.8813589,2.7873984436155297e-05
4030,1745762807.7690566,2.7872629289049655e-05
4031,1745762828.2088995,2.7871274141944014e-05
4032,1745762848.1437905,2.7869918994838372e-05
4033,1745762873.9624436,2.786856384773273e-05
4034,1745762903.3181758,2.786720870062709e-05
4035,1745762925.7747452,2.7865853553521447e-05
4036,1745762943.3399868,2.7864498406415805e-05
4037,1745762972.8758814,2.7863143259310164e-05
4038,1745762982.0733635,2.7861788112204522e-05
4039,1745763007.049095,2.786043296509888e-05
4040,1745763025.8136227,2.785907781799324e-05
4041,1745763047.1412292,2.7857722670887597e-05
4042,1745763073.2336001,2.785636934277136e-05
4043,1745763096.5430288,2.7855014195665717e-05
4044,1745763121.206135,2.7853659048560075e-05
4045,1745763134.3563912,2.7852303901454434e-05
4046,1745763156.2164493,2.7850948754348792e-05
4047,1745763176.4651036,2.784959360724315e-05
4048,1745763196.7760458,2.784823846013751e-05
4049,1745763219.759002,2.7846883313031867e-05
4050,1745763239.5553603,2.7845528165926225e-05
4051,1745763262.0446088,2.7844173018820584e-05
4052,1745763280.7726598,2.7842817871714942e-05
4053,1745763303.5899835,2.78414627246093e-05
4054,1745763320.6249766,2.784010757750366e-05
4055,1745763342.9139569,2.783875424938742e-05
4056,1745763364.8161416,2.783739910228178e-05
4057,1745763388.795184,2.7836043955176137e-05
4058,1745763412.0031717,2.7834688808070496e-05
4059,1745763435.0168073,2.7833333660964854e-05
4060,1745763459.3932383,2.7831978513859212e-05
4061,1745763480.4113555,2.783062336675357e-05
4062,1745763493.355598,2.782926821964793e-05
4063,1745763515.726041,2.7827913072542287e-05
4064,1745763536.461733,2.7826557925436646e-05
4065,1745763559.4487154,2.7825202778331004e-05
4066,1745763582.0670178,2.7823847631225362e-05
4067,1745763602.2779236,2.782249248411972e-05
4068,1745763619.067618,2.782113733701408e-05
4069,1745763651.6546986,2.781978400889784e-05
4070,1745763658.6585302,2.78184288617922e-05
4071,1745763688.7239883,2.7817073714686558e-05
4072,1745763697.09679,2.7815718567580916e-05
4073,1745763721.693175,2.7814363420475274e-05
4074,1745763747.538791,2.7813008273369633e-05
4075,1745763781.189451,2.781165312626399e-05
4076,1745763800.1005707,2.781029797915835e-05
4077,1745763823.2214112,2.7808942832052708e-05
4078,1745763835.6310384,2.7807587684947066e-05
4079,1745763856.166725,2.7806232537841424e-05
4080,1745763867.8508272,2.7804877390735783e-05
4081,1745763892.201143,2.780352224363014e-05
4082,1745763908.7753115,2.7802168915513903e-05
4083,1745763931.6314085,2.780081376840826e-05
4084,1745763947.7805262,2.779945862130262e-05
4085,1745763969.2434902,2.7798103474196978e-05
4086,1745763990.5493999,2.7796748327091336e-05
4087,1745764011.8878865,2.7795393179985695e-05
4088,1745764031.4737573,2.7794038032880053e-05
4089,1745764052.8042946,2.779268288577441e-05
4090,1745764074.095803,2.779132773866877e-05
4091,1745764095.8755648,2.7789972591563128e-05
4092,1745764112.7578728,2.7788617444457486e-05
4093,1745764135.3396537,2.7787262297351845e-05
4094,1745764158.5490105,2.7785907150246203e-05
4095,1745764179.4521198,2.778455200314056e-05
4096,1745764201.9140906,2.7783198675024323e-05
4097,1745764225.7827704,2.778184352791868e-05
4098,1745764243.3643928,2.778048838081304e-05
4099,1745764258.0981305,2.7779133233707398e-05
4100,1745764267.212231,2.7777778086601757e-05
