step,wall_time,value
1,1745680275.0280735,1.2345679145653321e-08
2,1745680283.3372643,2.4691358291306642e-08
3,1745680289.0818245,3.7037036548781543e-08
4,1745680293.7614973,4.9382716582613284e-08
5,1745680297.770779,6.172839306373135e-08
6,1745680304.7393265,7.407407309756309e-08
7,1745680309.167501,8.641975313139483e-08
8,1745680318.6777668,9.876543316522657e-08
9,1745680332.7738972,1.1111111319905831e-07
10,1745680352.581446,1.234567861274627e-07
11,1745680371.468818,1.3580246616129443e-07
12,1745680395.406243,1.4814814619512617e-07
13,1745680412.6103745,1.6049382622895791e-07
14,1745680437.8549576,1.7283950626278966e-07
15,1745680450.2867672,1.851851862966214e-07
16,1745680467.2843177,1.9753086633045314e-07
17,1745680480.5499418,2.0987654636428488e-07
18,1745680492.1761355,2.2222222639811662e-07
19,1745680515.9128308,2.3456790643194836e-07
20,1745680537.467761,2.469135722549254e-07
21,1745680549.158874,2.592592522887571e-07
22,1745680565.4446645,2.7160493232258887e-07
23,1745680574.9517314,2.839506123564206e-07
24,1745680583.285932,2.9629629239025235e-07
25,1745680603.3454888,3.086419724240841e-07
26,1745680612.7062426,3.2098765245791583e-07
27,1745680630.2537987,3.3333333249174757e-07
28,1745680655.9912295,3.456790125255793e-07
29,1745680664.0640054,3.5802469255941105e-07
30,1745680685.4317312,3.703703725932428e-07
31,1745680704.5877476,3.8271605262707453e-07
32,1745680715.2141738,3.9506173266090627e-07
33,1745680728.203307,4.07407412694738e-07
34,1745680740.3182368,4.1975309272856975e-07
35,1745680759.971151,4.320987727624015e-07
36,1745680768.7540903,4.4444445279623324e-07
37,1745680792.4955094,4.56790132830065e-07
38,1745680808.9732215,4.691358128638967e-07
39,1745680824.4197166,4.814814928977285e-07
40,1745680840.8471456,4.938271445098508e-07
41,1745680855.4826155,5.061728529653919e-07
42,1745680864.385229,5.185185045775142e-07
43,1745680883.2922375,5.308642130330554e-07
44,1745680893.8148744,5.432098646451777e-07
45,1745680902.2421794,5.555555731007189e-07
46,1745680919.4840903,5.679012247128412e-07
47,1745680935.603469,5.802469331683824e-07
48,1745680954.1112366,5.925925847805047e-07
49,1745680968.6743534,6.049382932360459e-07
50,1745680983.0344179,6.172839448481682e-07
51,1745680995.8100643,6.296296533037093e-07
52,1745681005.4579434,6.419753049158317e-07
53,1745681030.701576,6.543210133713728e-07
54,1745681049.523087,6.666666649834951e-07
55,1745681057.925881,6.790123734390363e-07
56,1745681072.8227556,6.913580250511586e-07
57,1745681085.3449743,7.037036766632809e-07
58,1745681103.3747694,7.160493851188221e-07
59,1745681115.2668953,7.283950367309444e-07
60,1745681137.6768095,7.407407451864856e-07
61,1745681159.2145996,7.530863967986079e-07
62,1745681165.823246,7.654321052541491e-07
63,1745681193.9473019,7.777777568662714e-07
64,1745681218.6334567,7.901234653218125e-07
65,1745681238.0232954,8.024691169339349e-07
66,1745681249.8370557,8.14814825389476e-07
67,1745681262.6897898,8.271604770015983e-07
68,1745681287.7079008,8.395061854571395e-07
69,1745681299.1673074,8.518518370692618e-07
70,1745681321.616585,8.64197545524803e-07
71,1745681350.6954236,8.765431971369253e-07
72,1745681364.3227406,8.888889055924665e-07
73,1745681381.2122636,9.012345572045888e-07
74,1745681399.4597125,9.1358026566013e-07
75,1745681405.6817305,9.259259172722523e-07
76,1745681434.454868,9.382716257277934e-07
77,1745681449.7783217,9.506172773399157e-07
78,1745681473.285534,9.62962985795457e-07
79,1745681490.756345,9.75308694250998e-07
80,1745681504.7428827,9.876542890197015e-07
81,1745681510.0544224,9.999999974752427e-07
82,1745681634.4917119,1.0123457059307839e-06
83,1745681660.3227026,1.024691414386325e-06
84,1745681678.2217007,1.0370370091550285e-06
85,1745681694.8727765,1.0493827176105697e-06
86,1745681705.7390277,1.0617284260661108e-06
87,1745681721.4864388,1.0740740208348143e-06
88,1745681735.5652368,1.0864197292903555e-06
89,1745681760.9967778,1.0987654377458966e-06
90,1745681770.5864167,1.1111111462014378e-06
91,1745681789.070689,1.1234567409701413e-06
92,1745681801.3547604,1.1358024494256824e-06
93,1745681815.1337361,1.1481481578812236e-06
94,1745681837.8370957,1.1604938663367648e-06
95,1745681846.1879346,1.1728394611054682e-06
96,1745681861.816621,1.1851851695610094e-06
97,1745681887.1342962,1.1975308780165506e-06
98,1745681913.2875106,1.2098765864720917e-06
99,1745681931.6503356,1.2222221812407952e-06
100,1745681945.7148223,1.2345678896963364e-06
101,1745681971.9619856,1.2469135981518775e-06
102,1745681983.7519324,1.2592593066074187e-06
103,1745682004.5541587,1.2716049013761221e-06
104,1745682011.1116982,1.2839506098316633e-06
105,1745682026.029114,1.2962963182872045e-06
106,1745682051.9494455,1.3086420267427457e-06
107,1745682075.6568458,1.3209876215114491e-06
108,1745682092.2307234,1.3333333299669903e-06
109,1745682099.480565,1.3456790384225314e-06
110,1745682114.6905205,1.3580247468780726e-06
111,1745682129.224543,1.370370341646776e-06
112,1745682139.6356945,1.3827160501023172e-06
113,1745682163.3521826,1.3950617585578584e-06
114,1745682176.380959,1.4074073533265619e-06
115,1745682193.3332665,1.419753061782103e-06
116,1745682211.398724,1.4320987702376442e-06
117,1745682230.652433,1.4444444786931854e-06
118,1745682238.0604725,1.4567900734618888e-06
119,1745682257.4881032,1.46913578191743e-06
120,1745682269.854919,1.4814814903729712e-06
121,1745682280.1843936,1.4938271988285123e-06
122,1745682296.4052067,1.5061727935972158e-06
123,1745682326.2038314,1.518518502052757e-06
124,1745682348.3096323,1.5308642105082981e-06
125,1745682362.8227406,1.5432099189638393e-06
126,1745682379.0664473,1.5555555137325427e-06
127,1745682395.8667114,1.567901222188084e-06
128,1745682407.9924572,1.580246930643625e-06
129,1745682422.0907178,1.5925926390991663e-06
130,1745682431.76678,1.6049382338678697e-06
131,1745682450.5287042,1.6172839423234109e-06
132,1745682459.8464816,1.629629650778952e-06
133,1745682471.3350573,1.6419753592344932e-06
134,1745682481.6552596,1.6543209540031967e-06
135,1745682497.6022344,1.6666666624587378e-06
136,1745682506.5784051,1.679012370914279e-06
137,1745682524.5193636,1.6913580793698202e-06
138,1745682540.188044,1.7037036741385236e-06
139,1745682548.8219416,1.7160493825940648e-06
140,1745682565.3575218,1.728395091049606e-06
141,1745682574.5762796,1.7407406858183094e-06
142,1745682590.9522915,1.7530863942738506e-06
143,1745682605.7675424,1.7654321027293918e-06
144,1745682616.3107204,1.777777811184933e-06
145,1745682634.9986951,1.7901234059536364e-06
146,1745682648.3854883,1.8024691144091776e-06
147,1745682662.1107352,1.8148148228647187e-06
148,1745682676.951239,1.82716053132026e-06
149,1745682695.0011168,1.8395061260889634e-06
150,1745682711.40969,1.8518518345445045e-06
151,1745682720.78452,1.8641975430000457e-06
152,1745682741.6416988,1.8765432514555869e-06
153,1745682755.4637704,1.8888888462242903e-06
154,1745682762.4505115,1.9012345546798315e-06
155,1745682785.9795952,1.9135802631353727e-06
156,1745682805.7329412,1.925925971590914e-06
157,1745682821.5820878,1.938271680046455e-06
158,1745682837.3229175,1.950617388501996e-06
159,1745682848.1946864,1.962962869583862e-06
160,1745682859.9265203,1.975308578039403e-06
161,1745682877.2033844,1.9876542864949442e-06
162,1745682883.1411576,1.9999999949504854e-06
163,1745683004.9674819,2.0123457034060266e-06
164,1745683028.1074803,2.0246914118615678e-06
165,1745683043.6873546,2.037037120317109e-06
166,1745683051.12196,2.04938282877265e-06
167,1745683073.3705397,2.061728309854516e-06
168,1745683079.8390515,2.074074018310057e-06
169,1745683097.7144132,2.086419726765598e-06
170,1745683107.203428,2.0987654352211393e-06
171,1745683119.9883418,2.1111111436766805e-06
172,1745683148.5155575,2.1234568521322217e-06
173,1745683159.8267112,2.135802560587763e-06
174,1745683177.3855202,2.1481480416696286e-06
175,1745683200.0160468,2.1604937501251698e-06
176,1745683212.1587975,2.172839458580711e-06
177,1745683225.5935383,2.185185167036252e-06
178,1745683257.945274,2.1975308754917933e-06
179,1745683269.1508424,2.2098765839473344e-06
180,1745683282.0465343,2.2222222924028756e-06
181,1745683291.9115467,2.2345680008584168e-06
182,1745683314.3958466,2.2469134819402825e-06
183,1745683326.815816,2.2592591903958237e-06
184,1745683342.6005034,2.271604898851365e-06
185,1745683361.6001048,2.283950607306906e-06
186,1745683373.5866754,2.296296315762447e-06
187,1745683393.5841887,2.3086420242179884e-06
188,1745683413.7116632,2.3209877326735295e-06
189,1745683422.9196875,2.3333334411290707e-06
190,1745683432.182447,2.3456789222109364e-06
191,1745683448.6107867,2.3580246306664776e-06
192,1745683457.882168,2.3703703391220188e-06
193,1745683473.6287358,2.38271604757756e-06
194,1745683493.8503149,2.395061756033101e-06
195,1745683508.92254,2.4074074644886423e-06
196,1745683524.5930305,2.4197531729441835e-06
197,1745683534.654075,2.432098654026049e-06
198,1745683552.9371727,2.4444443624815904e-06
199,1745683561.2714963,2.4567900709371315e-06
200,1745683588.3674705,2.4691357793926727e-06
201,1745683609.982688,2.481481487848214e-06
202,1745683617.3214984,2.493827196303755e-06
203,1745683632.7198582,2.5061729047592962e-06
204,1745683650.2363112,2.5185186132148374e-06
205,1745683668.2683983,2.530864094296703e-06
206,1745683689.2353265,2.5432098027522443e-06
207,1745683706.2535129,2.5555555112077855e-06
208,1745683720.108136,2.5679012196633266e-06
209,1745683730.196391,2.580246928118868e-06
210,1745683740.4164832,2.592592636574409e-06
211,1745683760.8452456,2.60493834502995e-06
212,1745683779.880492,2.6172840534854913e-06
213,1745683789.663404,2.629629534567357e-06
214,1745683800.419752,2.6419752430228982e-06
215,1745683823.172425,2.6543209514784394e-06
216,1745683842.134489,2.6666666599339806e-06
217,1745683848.6134472,2.6790123683895217e-06
218,1745683871.8635752,2.691358076845063e-06
219,1745683890.4804423,2.703703785300604e-06
220,1745683895.4791079,2.7160494937561452e-06
221,1745683914.7161183,2.728394974838011e-06
222,1745683937.8687484,2.740740683293552e-06
223,1745683956.613472,2.7530863917490933e-06
224,1745683971.824273,2.7654321002046345e-06
225,1745683983.3436499,2.7777778086601757e-06
226,1745683996.1759112,2.790123517115717e-06
227,1745684008.0276268,2.802469225571258e-06
228,1745684020.0719273,2.8148147066531237e-06
229,1745684033.4783409,2.827160415108665e-06
230,1745684044.48273,2.839506123564206e-06
231,1745684062.1977918,2.8518518320197472e-06
232,1745684075.918185,2.8641975404752884e-06
233,1745684091.1148791,2.8765432489308296e-06
234,1745684104.902646,2.8888889573863707e-06
235,1745684116.6083176,2.901234665841912e-06
236,1745684123.876006,2.9135801469237776e-06
237,1745684142.7615826,2.925925855379319e-06
238,1745684151.6512458,2.93827156383486e-06
239,1745684178.5688279,2.950617272290401e-06
240,1745684184.0199296,2.9629629807459423e-06
241,1745684200.2886922,2.9753086892014835e-06
242,1745684207.9899774,2.9876543976570247e-06
243,1745684214.5344284,3.000000106112566e-06
244,1745684314.926925,3.0123455871944316e-06
245,1745684327.5753946,3.0246912956499727e-06
246,1745684345.5220244,3.037037004105514e-06
247,1745684360.144915,3.049382712561055e-06
248,1745684378.781125,3.0617284210165963e-06
249,1745684392.2356737,3.0740741294721374e-06
250,1745684402.9609196,3.0864198379276786e-06
251,1745684417.350968,3.0987653190095443e-06
252,1745684430.229336,3.1111110274650855e-06
253,1745684445.9326346,3.1234567359206267e-06
254,1745684459.8478453,3.135802444376168e-06
255,1745684471.59435,3.148148152831709e-06
256,1745684486.1708186,3.16049386128725e-06
257,1745684511.2537143,3.1728395697427914e-06
258,1745684523.5227323,3.1851852781983325e-06
259,1745684534.7285619,3.1975307592801983e-06
260,1745684552.9127595,3.2098764677357394e-06
261,1745684563.113278,3.2222221761912806e-06
262,1745684576.7794392,3.2345678846468218e-06
263,1745684592.8800724,3.246913593102363e-06
264,1745684602.7827113,3.259259301557904e-06
265,1745684615.6473098,3.2716050100134453e-06
266,1745684636.1861188,3.2839507184689865e-06
267,1745684656.9375792,3.296296199550852e-06
268,1745684675.1516554,3.3086419080063934e-06
269,1745684687.9773936,3.3209876164619345e-06
270,1745684702.922702,3.3333333249174757e-06
271,1745684711.95524,3.345679033373017e-06
272,1745684724.6725569,3.358024741828558e-06
273,1745684736.0136743,3.370370450284099e-06
274,1745684748.4667993,3.3827161587396404e-06
275,1745684759.9121237,3.395061639821506e-06
276,1745684778.1012244,3.4074073482770473e-06
277,1745684792.1951783,3.4197530567325884e-06
278,1745684810.0442917,3.4320987651881296e-06
279,1745684828.2299244,3.444444473643671e-06
280,1745684848.2638202,3.456790182099212e-06
281,1745684864.437396,3.469135890554753e-06
282,1745684882.297252,3.481481371636619e-06
283,1745684896.9468048,3.49382708009216e-06
284,1745684905.5837564,3.506172788547701e-06
285,1745684917.7043674,3.5185184970032424e-06
286,1745684931.9268022,3.5308642054587835e-06
287,1745684948.6786752,3.5432099139143247e-06
288,1745684960.6563556,3.555555622369866e-06
289,1745684981.6773663,3.567901330825407e-06
290,1745684990.2258475,3.5802468119072728e-06
291,1745685012.9216266,3.592592520362814e-06
292,1745685034.9996374,3.604938228818355e-06
293,1745685046.17382,3.6172839372738963e-06
294,1745685065.6363463,3.6296296457294375e-06
295,1745685083.802155,3.6419753541849786e-06
296,1745685096.227866,3.65432106264052e-06
297,1745685109.8669426,3.666666771096061e-06
298,1745685119.9133763,3.6790122521779267e-06
299,1745685132.0351696,3.691357960633468e-06
300,1745685144.3918607,3.703703669089009e-06
301,1745685158.5182464,3.7160493775445502e-06
302,1745685171.9885955,3.7283950860000914e-06
303,1745685182.4762824,3.7407407944556326e-06
304,1745685202.1206322,3.7530865029111737e-06
305,1745685211.997984,3.765432211366715e-06
306,1745685226.6202598,3.7777776924485806e-06
307,1745685237.882019,3.790123400904122e-06
308,1745685252.6477873,3.802469109359663e-06
309,1745685264.671753,3.814814590441529e-06
310,1745685284.5111368,3.827160526270745e-06
311,1745685298.7797801,3.839506007352611e-06
312,1745685314.0653348,3.851851943181828e-06
313,1745685333.3934805,3.864197424263693e-06
314,1745685351.1580212,3.87654336009291e-06
315,1745685371.034731,3.888888841174776e-06
316,1745685390.0468826,3.901234777003992e-06
317,1745685399.9947863,3.913580258085858e-06
318,1745685417.5777028,3.925925739167724e-06
319,1745685437.957132,3.93827167499694e-06
320,1745685456.5361161,3.950617156078806e-06
321,1745685473.4605947,3.962963091908023e-06
322,1745685485.9534972,3.9753085729898885e-06
323,1745685507.7627103,3.987654508819105e-06
324,1745685512.3184264,3.999999989900971e-06
325,1745685622.923113,4.0123454709828366e-06
326,1745685636.3483717,4.024691406812053e-06
327,1745685649.5082214,4.037036887893919e-06
328,1745685671.5420244,4.0493828237231355e-06
329,1745685691.2467206,4.061728304805001e-06
330,1745685702.7322528,4.074074240634218e-06
331,1745685718.091902,4.086419721716084e-06
332,1745685733.0201163,4.0987656575453e-06
333,1745685743.7769215,4.111111138627166e-06
334,1745685761.5709453,4.123456619709032e-06
335,1745685770.0789404,4.135802555538248e-06
336,1745685788.7707329,4.148148036620114e-06
337,1745685798.4533727,4.160493972449331e-06
338,1745685819.6610956,4.172839453531196e-06
339,1745685830.4119313,4.185185389360413e-06
340,1745685847.2031538,4.197530870442279e-06
341,1745685866.059847,4.209876351524144e-06
342,1745685885.8628778,4.222222287353361e-06
343,1745685896.7565262,4.234567768435227e-06
344,1745685920.6644297,4.246913704264443e-06
345,1745685941.5493453,4.259259185346309e-06
346,1745685955.5760236,4.271605121175526e-06
347,1745685969.8619258,4.2839506022573914e-06
348,1745685984.7026432,4.296296083339257e-06
349,1745685991.3046448,4.308642019168474e-06
350,1745686008.7639623,4.3209875002503395e-06
351,1745686023.426896,4.333333436079556e-06
352,1745686037.8843102,4.345678917161422e-06
353,1745686046.3395984,4.3580248529906385e-06
354,1745686073.775666,4.370370334072504e-06
355,1745686088.8897097,4.382716269901721e-06
356,1745686103.9964583,4.3950617509835865e-06
357,1745686115.0828354,4.407407232065452e-06
358,1745686123.7478209,4.419753167894669e-06
359,1745686144.1973026,4.432098648976535e-06
360,1745686158.4009137,4.444444584805751e-06
361,1745686171.8236957,4.456790065887617e-06
362,1745686191.0142252,4.4691360017168336e-06
363,1745686209.0711536,4.481481482798699e-06
364,1745686218.7121992,4.493826963880565e-06
365,1745686242.9459949,4.506172899709782e-06
366,1745686265.0691626,4.518518380791647e-06
367,1745686275.6761925,4.530864316620864e-06
368,1745686289.3829763,4.54320979770273e-06
369,1745686305.9842088,4.555555733531946e-06
370,1745686319.1544013,4.567901214613812e-06
371,1745686337.5275111,4.580246695695678e-06
372,1745686348.3004186,4.592592631524894e-06
373,1745686368.166803,4.60493811260676e-06
374,1745686381.996922,4.617284048435977e-06
375,1745686393.5436373,4.6296295295178425e-06
376,1745686410.1736171,4.641975465347059e-06
377,1745686417.5044465,4.654320946428925e-06
378,1745686440.7498512,4.666666882258141e-06
379,1745686457.168038,4.679012363340007e-06
380,1745686473.4944427,4.691357844421873e-06
381,1745686484.1560402,4.7037037802510895e-06
382,1745686504.4125206,4.716049261332955e-06
383,1745686512.4021952,4.728395197162172e-06
384,1745686533.35833,4.7407406782440376e-06
385,1745686556.7938485,4.753086614073254e-06
386,1745686567.1274981,4.76543209515512e-06
387,1745686577.4044077,4.777777576236986e-06
388,1745686591.8121166,4.790123512066202e-06
389,1745686603.9238887,4.802468993148068e-06
390,1745686625.7977657,4.814814928977285e-06
391,1745686641.6054094,4.82716041005915e-06
392,1745686660.5407364,4.839506345888367e-06
393,1745686671.4725373,4.851851826970233e-06
394,1745686688.3892395,4.864197308052098e-06
395,1745686698.0747297,4.876543243881315e-06
396,1745686709.9835365,4.888888724963181e-06
397,1745686720.6431158,4.901234660792397e-06
398,1745686736.4764392,4.913580141874263e-06
399,1745686755.0579376,4.92592607770348e-06
400,1745686770.1561735,4.938271558785345e-06
401,1745686786.9148278,4.950617494614562e-06
402,1745686805.248643,4.962962975696428e-06
403,1745686817.7069435,4.9753084567782935e-06
404,1745686827.1210508,4.98765439260751e-06
405,1745686834.833886,4.999999873689376e-06
406,1745686935.6347072,5.0123458095185924e-06
407,1745686952.1271248,5.024691290600458e-06
408,1745686971.2573116,5.037037226429675e-06
409,1745686989.1467304,5.0493827075115405e-06
410,1745687005.3385334,5.061728188593406e-06
411,1745687019.778135,5.074074124422623e-06
412,1745687036.3230484,5.0864196055044886e-06
413,1745687054.5054264,5.098765541333705e-06
414,1745687066.26156,5.111111022415571e-06
415,1745687086.5437515,5.1234569582447875e-06
416,1745687100.727836,5.135802439326653e-06
417,1745687110.768742,5.14814837515587e-06
418,1745687126.976317,5.160493856237736e-06
419,1745687143.082549,5.172839337319601e-06
420,1745687157.951236,5.185185273148818e-06
421,1745687177.2888508,5.197530754230684e-06
422,1745687191.9145982,5.2098766900599e-06
423,1745687212.3002083,5.222222171141766e-06
424,1745687227.2353957,5.234568106970983e-06
425,1745687240.0608048,5.246913588052848e-06
426,1745687254.5218585,5.259259069134714e-06
427,1745687268.304207,5.271605004963931e-06
428,1745687275.2452226,5.2839504860457964e-06
429,1745687285.742477,5.296296421875013e-06
430,1745687297.9509976,5.308641902956879e-06
431,1745687309.4950087,5.320987838786095e-06
432,1745687329.5042448,5.333333319867961e-06
433,1745687337.1954753,5.345678800949827e-06
434,1745687357.2734134,5.3580247367790435e-06
435,1745687373.1307483,5.370370217860909e-06
436,1745687382.3665426,5.382716153690126e-06
437,1745687395.239562,5.3950616347719915e-06
438,1745687409.8944855,5.407407570601208e-06
439,1745687419.6307218,5.419753051683074e-06
440,1745687429.4391856,5.4320989875122905e-06
441,1745687445.225954,5.444444468594156e-06
442,1745687462.102041,5.456789949676022e-06
443,1745687475.024008,5.4691358855052385e-06
444,1745687488.2616835,5.481481366587104e-06
445,1745687504.6495833,5.493827302416321e-06
446,1745687516.5046983,5.506172783498187e-06
447,1745687528.3852375,5.518518719327403e-06
448,1745687546.3465521,5.530864200409269e-06
449,1745687565.4633658,5.543209681491135e-06
450,1745687578.3416822,5.555555617320351e-06
451,1745687598.9887319,5.567901098402217e-06
452,1745687615.0283763,5.580247034231434e-06
453,1745687630.3635356,5.592592515313299e-06
454,1745687639.7781174,5.604938451142516e-06
455,1745687652.4667692,5.617283932224382e-06
456,1745687672.0722125,5.6296294133062474e-06
457,1745687683.49622,5.641975349135464e-06
458,1745687700.062722,5.65432083021733e-06
459,1745687711.9047673,5.666666766046546e-06
460,1745687725.8750792,5.679012247128412e-06
461,1745687747.7164838,5.691358182957629e-06
462,1745687760.0603888,5.7037036640394945e-06
463,1745687774.537668,5.716049599868711e-06
464,1745687789.3628852,5.728395080950577e-06
465,1745687811.7052605,5.7407405620324425e-06
466,1745687829.7750704,5.753086497861659e-06
467,1745687842.8369863,5.765431978943525e-06
468,1745687858.626087,5.7777779147727415e-06
469,1745687887.526684,5.790123395854607e-06
470,1745687899.4610693,5.802469331683824e-06
471,1745687907.4793801,5.8148148127656896e-06
472,1745687930.0904467,5.827160293847555e-06
473,1745687953.9817162,5.839506229676772e-06
474,1745687968.1081378,5.851851710758638e-06
475,1745687990.2686093,5.864197646587854e-06
476,1745687998.025308,5.87654312766972e-06
477,1745688021.5435479,5.888889063498937e-06
478,1745688040.4050229,5.901234544580802e-06
479,1745688056.9517078,5.913580025662668e-06
480,1745688068.5627759,5.925925961491885e-06
481,1745688081.4587736,5.93827144257375e-06
482,1745688095.6395247,5.950617378402967e-06
483,1745688105.8536572,5.962962859484833e-06
484,1745688118.1495156,5.975308795314049e-06
485,1745688135.3497095,5.987654276395915e-06
486,1745688146.2284904,6.000000212225132e-06
487,1745688250.8089275,6.012345693306997e-06
488,1745688269.3469608,6.024691174388863e-06
489,1745688280.0178113,6.03703711021808e-06
490,1745688291.506621,6.0493825912999455e-06
491,1745688307.704581,6.061728527129162e-06
492,1745688318.4343882,6.074074008211028e-06
493,1745688330.087151,6.0864199440402444e-06
494,1745688341.0483527,6.09876542512211e-06
495,1745688355.9704468,6.111110906203976e-06
496,1745688373.7907178,6.1234568420331925e-06
497,1745688392.2902768,6.135802323115058e-06
498,1745688410.694589,6.148148258944275e-06
499,1745688429.3056087,6.160493740026141e-06
500,1745688438.4636917,6.172839675855357e-06
501,1745688455.1737583,6.185185156937223e-06
502,1745688470.0781355,6.197530638019089e-06
503,1745688484.521485,6.209876573848305e-06
504,1745688496.9740844,6.222222054930171e-06
505,1745688514.5780365,6.234567990759388e-06
506,1745688525.3209984,6.246913471841253e-06
507,1745688535.1629217,6.25925940767047e-06
508,1745688556.031553,6.271604888752336e-06
509,1745688573.0616963,6.283950824581552e-06
510,1745688585.2835128,6.296296305663418e-06
511,1745688600.144002,6.308641786745284e-06
512,1745688621.7308164,6.3209877225745e-06
513,1745688638.8033624,6.333333203656366e-06
514,1745688648.424302,6.345679139485583e-06
515,1745688658.4519992,6.3580246205674484e-06
516,1745688675.6157095,6.370370556396665e-06
517,1745688689.6750078,6.382716037478531e-06
518,1745688706.0012343,6.3950615185603965e-06
519,1745688718.57303,6.407407454389613e-06
520,1745688731.0888596,6.419752935471479e-06
521,1745688755.6429179,6.4320988713006955e-06
522,1745688767.4419463,6.444444352382561e-06
523,1745688781.091868,6.456790288211778e-06
524,1745688788.8443232,6.4691357692936435e-06
525,1745688805.1016169,6.48148170512286e-06
526,1745688816.5431154,6.493827186204726e-06
527,1745688832.0091941,6.506172667286592e-06
528,1745688844.7936485,6.518518603115808e-06
529,1745688852.2828383,6.530864084197674e-06
530,1745688873.199064,6.5432100200268906e-06
531,1745688883.3380103,6.555555501108756e-06
532,1745688900.1634564,6.567901436937973e-06
533,1745688918.8314104,6.580246918019839e-06
534,1745688929.9250293,6.592592399101704e-06
535,1745688941.45595,6.604938334930921e-06
536,1745688966.3937874,6.617283816012787e-06
537,1745688981.6219397,6.629629751842003e-06
538,1745688997.65496,6.641975232923869e-06
539,1745689013.1474543,6.654321168753086e-06
540,1745689021.4126065,6.666666649834951e-06
541,1745689034.4210668,6.679012130916817e-06
542,1745689051.2346952,6.691358066746034e-06
543,1745689064.735857,6.7037035478278995e-06
544,1745689077.4947176,6.716049483657116e-06
545,1745689087.8083873,6.728394964738982e-06
546,1745689109.5503902,6.740740900568198e-06
547,1745689119.7456594,6.753086381650064e-06
548,1745689140.6827166,6.765432317479281e-06
549,1745689156.592864,6.7777777985611465e-06
550,1745689169.6461976,6.790123279643012e-06
551,1745689181.5235512,6.802469215472229e-06
552,1745689194.5129585,6.8148146965540946e-06
553,1745689210.3697824,6.827160632383311e-06
554,1745689234.5464747,6.839506113465177e-06
555,1745689257.6306324,6.8518520492943935e-06
556,1745689277.3546023,6.864197530376259e-06
557,1745689302.1719518,6.876543011458125e-06
558,1745689318.7229364,6.888888947287342e-06
559,1745689327.077477,6.901234428369207e-06
560,1745689352.9623063,6.913580364198424e-06
561,1745689367.622356,6.92592584528029e-06
562,1745689385.0523896,6.938271781109506e-06
563,1745689399.9675262,6.950617262191372e-06
564,1745689415.7826002,6.962962743273238e-06
565,1745689429.2702103,6.975308679102454e-06
566,1745689447.843769,6.98765416018432e-06
567,1745689454.5253668,7.000000096013537e-06
568,1745689550.9950256,7.012345577095402e-06
569,1745689566.473404,7.024691512924619e-06
570,1745689578.4682877,7.037036994006485e-06
571,1745689588.3483589,7.049382929835701e-06
572,1745689601.2886825,7.061728410917567e-06
573,1745689611.5026894,7.074073891999433e-06
574,1745689621.200743,7.0864198278286494e-06
575,1745689637.3069835,7.098765308910515e-06
576,1745689653.0753293,7.111111244739732e-06
577,1745689661.8942492,7.1234567258215975e-06
578,1745689678.3103108,7.135802661650814e-06
579,1745689698.969212,7.14814814273268e-06
580,1745689716.8963106,7.1604936238145456e-06
581,1745689730.2158794,7.172839559643762e-06
582,1745689746.953708,7.185185040725628e-06
583,1745689760.2247057,7.1975309765548445e-06
584,1745689771.7067513,7.20987645763671e-06
585,1745689791.3198366,7.222222393465927e-06
586,1745689802.7211406,7.234567874547793e-06
587,1745689823.2989733,7.246913355629658e-06
588,1745689836.29176,7.259259291458875e-06
589,1745689851.4995587,7.271604772540741e-06
590,1745689865.3027215,7.283950708369957e-06
591,1745689873.3103004,7.296296189451823e-06
592,1745689889.9148853,7.30864212528104e-06
593,1745689900.986594,7.320987606362905e-06
594,1745689916.8524761,7.333333542192122e-06
595,1745689933.6097708,7.345679023273988e-06
596,1745689947.8623757,7.358024504355853e-06
597,1745689961.4998407,7.37037044018507e-06
598,1745689976.6792886,7.382715921266936e-06
599,1745689995.8347065,7.395061857096152e-06
600,1745690017.2566037,7.407407338178018e-06
601,1745690039.2105148,7.419753274007235e-06
602,1745690051.6675653,7.4320987550891005e-06
603,1745690066.1095114,7.444444236170966e-06
604,1745690087.937361,7.456790172000183e-06
605,1745690117.0952342,7.4691356530820485e-06
606,1745690137.3404949,7.481481588911265e-06
607,1745690149.049625,7.493827069993131e-06
608,1745690169.6009023,7.5061730058223475e-06
609,1745690185.1300483,7.518518486904213e-06
610,1745690194.8251195,7.53086442273343e-06
611,1745690209.0724652,7.5432099038152955e-06
612,1745690226.5307863,7.555555384897161e-06
613,1745690245.1933637,7.567901320726378e-06
614,1745690253.1917715,7.580246801808244e-06
615,1745690275.8453965,7.59259273763746e-06
616,1745690292.2988935,7.604938218719326e-06
617,1745690303.393138,7.6172841545485426e-06
618,1745690324.4314597,7.629629180883057e-06
619,1745690338.4146824,7.641975571459625e-06
620,1745690349.0109105,7.65432105254149e-06
621,1745690363.7648373,7.666666533623356e-06
622,1745690374.370313,7.679012014705222e-06
623,1745690393.757613,7.69135840528179e-06
624,1745690406.0570781,7.703703886363655e-06
625,1745690423.750718,7.716049367445521e-06
626,1745690437.7348688,7.728394848527387e-06
627,1745690449.596097,7.740740329609253e-06
628,1745690470.2074077,7.75308672018582e-06
629,1745690479.9068642,7.765432201267686e-06
630,1745690503.585978,7.777777682349551e-06
631,1745690519.3903825,7.790123163431417e-06
632,1745690531.0445673,7.802469554007985e-06
633,1745690554.0323105,7.81481503508985e-06
634,1745690574.8395138,7.827160516171716e-06
635,1745690593.0854,7.839505997253582e-06
636,1745690605.7609422,7.851851478335448e-06
637,1745690616.961741,7.864197868912015e-06
638,1745690644.2419999,7.87654334999388e-06
639,1745690655.5966027,7.888888831075747e-06
640,1745690668.2579062,7.901234312157612e-06
641,1745690692.7480845,7.913579793239478e-06
642,1745690720.3826478,7.925926183816046e-06
643,1745690750.0925612,7.938271664897911e-06
644,1745690791.7344975,7.950617145979777e-06
645,1745690813.45547,7.962962627061643e-06
646,1745690848.8168705,7.97530901763821e-06
647,1745690863.5533783,7.987654498720076e-06
648,1745690875.8383894,7.999999979801942e-06
649,1745691089.9721067,8.012345460883807e-06
650,1745691110.6556897,8.024690941965673e-06
651,1745691135.2524636,8.03703733254224e-06
652,1745691163.218358,8.049382813624106e-06
653,1745691187.6050115,8.061728294705972e-06
654,1745691214.663573,8.074073775787838e-06
655,1745691242.185695,8.086420166364405e-06
656,1745691266.118498,8.098765647446271e-06
657,1745691293.6581373,8.111111128528137e-06
658,1745691322.844822,8.123456609610002e-06
659,1745691352.3219538,8.135802090691868e-06
660,1745691379.132391,8.148148481268436e-06
661,1745691403.4064732,8.160493962350301e-06
662,1745691434.2653716,8.172839443432167e-06
663,1745691465.10516,8.185184924514033e-06
664,1745691497.9762108,8.1975313150906e-06
665,1745691523.6098812,8.209876796172466e-06
666,1745691547.4823902,8.222222277254332e-06
667,1745691576.8842483,8.234567758336198e-06
668,1745691602.1029673,8.246913239418063e-06
669,1745691628.1585038,8.25925962999463e-06
670,1745691658.2226279,8.271605111076497e-06
671,1745691688.117109,8.283950592158362e-06
672,1745691717.7183325,8.296296073240228e-06
673,1745691738.183158,8.308641554322094e-06
674,1745691763.8764353,8.320987944898661e-06
675,1745691797.0115457,8.333333425980527e-06
676,1745691830.389708,8.345678907062393e-06
677,1745691846.5740335,8.358024388144258e-06
678,1745691870.5009596,8.370370778720826e-06
679,1745691897.0400872,8.382716259802692e-06
680,1745691923.2304153,8.395061740884557e-06
681,1745691943.8337734,8.407407221966423e-06
682,1745691972.5299945,8.419752703048289e-06
683,1745691998.6556463,8.432099093624856e-06
684,1745692020.3444731,8.444444574706722e-06
685,1745692051.350932,8.456790055788588e-06
686,1745692079.7186708,8.469135536870454e-06
687,1745692108.3368707,8.481481927447021e-06
688,1745692139.3098543,8.493827408528887e-06
689,1745692164.4214172,8.506172889610752e-06
690,1745692190.2428408,8.518518370692618e-06
691,1745692213.8350637,8.530863851774484e-06
692,1745692244.1918585,8.543210242351051e-06
693,1745692269.9882119,8.555555723432917e-06
694,1745692292.7536538,8.567901204514783e-06
695,1745692322.0705044,8.580246685596649e-06
696,1745692352.874053,8.592592166678514e-06
697,1745692390.991247,8.604938557255082e-06
698,1745692409.1405597,8.617284038336948e-06
699,1745692435.0413082,8.629629519418813e-06
700,1745692458.0534165,8.641975000500679e-06
701,1745692484.9963074,8.654321391077247e-06
702,1745692495.2661014,8.666666872159112e-06
703,1745692525.404111,8.679012353240978e-06
704,1745692547.511174,8.691357834322844e-06
705,1745692575.3519993,8.70370331540471e-06
706,1745692603.6830926,8.716049705981277e-06
707,1745692629.410938,8.728395187063143e-06
708,1745692653.3617578,8.740740668145008e-06
709,1745692681.9539158,8.753086149226874e-06
710,1745692702.913147,8.765432539803442e-06
711,1745692726.702364,8.777778020885307e-06
712,1745692760.9370322,8.790123501967173e-06
713,1745692779.6510804,8.802468983049039e-06
714,1745692803.630553,8.814814464130905e-06
715,1745692831.3793533,8.827160854707472e-06
716,1745692859.0200946,8.839506335789338e-06
717,1745692886.6537662,8.851851816871203e-06
718,1745692914.594865,8.86419729795307e-06
719,1745692939.906892,8.876542779034935e-06
720,1745692964.267059,8.888889169611502e-06
721,1745692985.9534261,8.901234650693368e-06
722,1745693023.2342758,8.913580131775234e-06
723,1745693049.335095,8.9259256128571e-06
724,1745693079.264083,8.938272003433667e-06
725,1745693104.0500107,8.950617484515533e-06
726,1745693123.866446,8.962962965597399e-06
727,1745693149.495816,8.975308446679264e-06
728,1745693170.9229817,8.98765392776113e-06
729,1745693180.681282,9.000000318337698e-06
730,1745693410.4065557,9.012345799419563e-06
731,1745693444.6479175,9.024691280501429e-06
732,1745693469.2561867,9.037036761583295e-06
733,1745693500.1126952,9.049383152159862e-06
734,1745693526.884289,9.061728633241728e-06
735,1745693555.5260584,9.074074114323594e-06
736,1745693582.551372,9.08641959540546e-06
737,1745693615.8992732,9.098765076487325e-06
738,1745693645.6255558,9.111111467063893e-06
739,1745693670.089391,9.123456948145758e-06
740,1745693695.0548196,9.135802429227624e-06
741,1745693722.5910945,9.14814791030949e-06
742,1745693742.9407868,9.160493391391356e-06
743,1745693771.4541996,9.172839781967923e-06
744,1745693779.4894109,9.185185263049789e-06
745,1745693808.8715203,9.197530744131655e-06
746,1745693837.4278357,9.20987622521352e-06
747,1745693859.4172127,9.222222615790088e-06
748,1745693887.1459527,9.234568096871953e-06
749,1745693915.1664658,9.24691357795382e-06
750,1745693944.544953,9.259259059035685e-06
751,1745693968.904571,9.27160454011755e-06
752,1745693991.7075856,9.283950930694118e-06
753,1745694022.2823722,9.296296411775984e-06
754,1745694045.0450478,9.30864189285785e-06
755,1745694068.2615302,9.320987373939715e-06
756,1745694089.3588483,9.333333764516283e-06
757,1745694120.4710808,9.345679245598149e-06
758,1745694147.271344,9.358024726680014e-06
759,1745694170.073329,9.37037020776188e-06
760,1745694193.848475,9.382715688843746e-06
761,1745694218.9633439,9.395062079420313e-06
762,1745694249.0553894,9.407407560502179e-06
763,1745694274.8048277,9.419753041584045e-06
764,1745694303.111751,9.43209852266591e-06
765,1745694341.0540848,9.444444003747776e-06
766,1745694369.8561316,9.456790394324344e-06
767,1745694396.0568204,9.46913587540621e-06
768,1745694422.1179187,9.481481356488075e-06
769,1745694457.180023,9.49382683756994e-06
770,1745694467.5082247,9.506173228146508e-06
771,1745694491.213691,9.518518709228374e-06
772,1745694521.0307677,9.53086419031024e-06
773,1745694540.1873093,9.543209671392106e-06
774,1745694568.251723,9.555555152473971e-06
775,1745694601.3489935,9.567901543050539e-06
776,1745694619.2943585,9.580247024132404e-06
777,1745694644.204139,9.59259250521427e-06
778,1745694677.7065072,9.604937986296136e-06
779,1745694710.258296,9.617284376872703e-06
780,1745694720.2973094,9.62962985795457e-06
781,1745694749.4504817,9.641975339036435e-06
782,1745694779.1945531,9.6543208201183e-06
783,1745694793.5764968,9.666666301200166e-06
784,1745694821.0593781,9.679012691776734e-06
785,1745694850.0586421,9.6913581728586e-06
786,1745694872.3114738,9.703703653940465e-06
787,1745694893.5262814,9.716049135022331e-06
788,1745694927.6840763,9.728394616104197e-06
789,1745694957.4137251,9.740741006680764e-06
790,1745694967.7753963,9.75308648776263e-06
791,1745694992.6038857,9.765431968844496e-06
792,1745695021.2009678,9.777777449926361e-06
793,1745695042.8642397,9.790123840502929e-06
794,1745695068.877736,9.802469321584795e-06
795,1745695099.6065853,9.81481480266666e-06
796,1745695132.457564,9.827160283748526e-06
797,1745695142.884807,9.839505764830392e-06
798,1745695175.8804572,9.85185215540696e-06
799,1745695204.586104,9.864197636488825e-06
800,1745695244.0815816,9.87654311757069e-06
801,1745695256.684294,9.888888598652557e-06
802,1745695282.8407218,9.901234989229124e-06
803,1745695314.9993384,9.91358047031099e-06
804,1745695336.081666,9.925925951392855e-06
805,1745695363.959959,9.938271432474721e-06
806,1745695388.3716946,9.950616913556587e-06
807,1745695418.2000606,9.962963304133154e-06
808,1745695442.461629,9.97530878521502e-06
809,1745695472.0333192,9.987654266296886e-06
810,1745695481.3301806,9.999999747378752e-06
811,1745695719.4562848,1.0012345228460617e-05
812,1745695748.3921134,1.0024691619037185e-05
813,1745695780.475151,1.003703710011905e-05
814,1745695807.8634467,1.0049382581200916e-05
815,1745695826.2564838,1.0061728062282782e-05
816,1745695854.5649343,1.007407445285935e-05
817,1745695881.2534378,1.0086419933941215e-05
818,1745695907.2860544,1.0098765415023081e-05
819,1745695934.0288837,1.0111110896104947e-05
820,1745695961.7506893,1.0123456377186812e-05
821,1745695990.0349207,1.013580276776338e-05
822,1745696024.5003338,1.0148148248845246e-05
823,1745696054.8358257,1.0160493729927111e-05
824,1745696083.519796,1.0172839211008977e-05
825,1745696106.075352,1.0185185601585545e-05
826,1745696127.9454174,1.019753108266741e-05
827,1745696152.052914,1.0209876563749276e-05
828,1745696181.1562243,1.0222222044831142e-05
829,1745696209.7129157,1.0234567525913008e-05
830,1745696237.3542507,1.0246913916489575e-05
831,1745696270.0412514,1.025925939757144e-05
832,1745696310.2298172,1.0271604878653307e-05
833,1745696334.2619288,1.0283950359735172e-05
834,1745696360.616153,1.029629675031174e-05
835,1745696392.529834,1.0308642231393605e-05
836,1745696409.6730478,1.0320987712475471e-05
837,1745696434.3222346,1.0333333193557337e-05
838,1745696464.2079973,1.0345678674639203e-05
839,1745696494.5413923,1.035802506521577e-05
840,1745696514.9935513,1.0370370546297636e-05
841,1745696539.619744,1.0382716027379502e-05
842,1745696557.2366946,1.0395061508461367e-05
843,1745696579.944646,1.0407406989543233e-05
844,1745696618.66418,1.04197533801198e-05
845,1745696634.3846812,1.0432098861201666e-05
846,1745696659.734928,1.0444444342283532e-05
847,1745696686.6676192,1.0456789823365398e-05
848,1745696714.0485382,1.0469136213941965e-05
849,1745696739.2303834,1.0481481695023831e-05
850,1745696768.8150344,1.0493827176105697e-05
851,1745696795.3114934,1.0506172657187562e-05
852,1745696829.2367814,1.0518518138269428e-05
853,1745696863.1606917,1.0530864528845996e-05
854,1745696887.772381,1.0543210009927861e-05
855,1745696909.2862875,1.0555555491009727e-05
856,1745696938.328886,1.0567900972091593e-05
857,1745696963.4863586,1.058024736266816e-05
858,1745696990.410231,1.0592592843750026e-05
859,1745697015.4098969,1.0604938324831892e-05
860,1745697046.7996676,1.0617283805913758e-05
861,1745697078.1717885,1.0629629286995623e-05
862,1745697112.0552194,1.064197567757219e-05
863,1745697125.7859175,1.0654321158654056e-05
864,1745697149.204677,1.0666666639735922e-05
865,1745697191.191152,1.0679012120817788e-05
866,1745697224.718053,1.0691357601899654e-05
867,1745697247.0884426,1.0703703992476221e-05
868,1745697274.6317916,1.0716049473558087e-05
869,1745697307.568915,1.0728394954639953e-05
870,1745697321.8216326,1.0740740435721818e-05
871,1745697354.712821,1.0753086826298386e-05
872,1745697381.1021855,1.0765432307380252e-05
873,1745697407.1405416,1.0777777788462117e-05
874,1745697429.598869,1.0790123269543983e-05
875,1745697456.6574423,1.0802468750625849e-05
876,1745697485.5779274,1.0814815141202416e-05
877,1745697512.372138,1.0827160622284282e-05
878,1745697532.9845119,1.0839506103366148e-05
879,1745697558.8591683,1.0851851584448013e-05
880,1745697588.441227,1.0864197975024581e-05
881,1745697621.0791695,1.0876543456106447e-05
882,1745697649.0430675,1.0888888937188312e-05
883,1745697668.8672743,1.0901234418270178e-05
884,1745697695.2777927,1.0913579899352044e-05
885,1745697722.9728105,1.0925926289928611e-05
886,1745697751.2933812,1.0938271771010477e-05
887,1745697777.5912406,1.0950617252092343e-05
888,1745697799.8769126,1.0962962733174209e-05
889,1745697826.2012568,1.0975308214256074e-05
890,1745697850.1540203,1.0987654604832642e-05
891,1745697860.6062176,1.1000000085914508e-05
892,1745698099.6740544,1.1012345566996373e-05
893,1745698130.8981125,1.1024691048078239e-05
894,1745698152.98758,1.1037037438654806e-05
895,1745698175.5920923,1.1049382919736672e-05
896,1745698205.3891196,1.1061728400818538e-05
897,1745698232.275182,1.1074073881900404e-05
898,1745698261.2190847,1.108641936298227e-05
899,1745698297.4589965,1.1098765753558837e-05
900,1745698327.9477727,1.1111111234640703e-05
901,1745698354.943191,1.1123456715722568e-05
902,1745698384.1563408,1.1135802196804434e-05
903,1745698408.519861,1.1148148587381002e-05
904,1745698433.7058792,1.1160494068462867e-05
905,1745698466.6952827,1.1172839549544733e-05
906,1745698492.9457917,1.1185185030626599e-05
907,1745698518.526367,1.1197530511708464e-05
908,1745698541.443324,1.1209876902285032e-05
909,1745698571.427805,1.1222222383366898e-05
910,1745698593.1878107,1.1234567864448763e-05
911,1745698617.065041,1.124691334553063e-05
912,1745698655.0059586,1.1259258826612495e-05
913,1745698690.6336613,1.1271605217189062e-05
914,1745698699.4810147,1.1283950698270928e-05
915,1745698723.7558784,1.1296296179352794e-05
916,1745698751.6374512,1.130864166043466e-05
917,1745698784.8951936,1.1320988051011227e-05
918,1745698812.8242583,1.1333333532093093e-05
919,1745698829.0839179,1.1345679013174959e-05
920,1745698855.4044378,1.1358024494256824e-05
921,1745698881.2362056,1.137036997533869e-05
922,1745698911.04789,1.1382716365915257e-05
923,1745698936.0219955,1.1395061846997123e-05
924,1745698956.12555,1.1407407328078989e-05
925,1745698982.2946358,1.1419752809160855e-05
926,1745699006.9696875,1.1432099199737422e-05
927,1745699035.6182718,1.1444444680819288e-05
928,1745699061.7084405,1.1456790161901154e-05
929,1745699086.074608,1.146913564298302e-05
930,1745699116.8467753,1.1481481124064885e-05
931,1745699144.378431,1.1493827514641453e-05
932,1745699170.9243622,1.1506172995723318e-05
933,1745699202.0761907,1.1518518476805184e-05
934,1745699219.506696,1.153086395788705e-05
935,1745699246.2358868,1.1543209438968915e-05
936,1745699278.0461502,1.1555555829545483e-05
937,1745699289.3248572,1.1567901310627349e-05
938,1745699319.7844377,1.1580246791709214e-05
939,1745699347.1939173,1.159259227279108e-05
940,1745699375.0139258,1.1604938663367648e-05
941,1745699404.7922523,1.1617284144449513e-05
942,1745699441.7531223,1.1629629625531379e-05
943,1745699469.4646418,1.1641975106613245e-05
944,1745699483.768098,1.165432058769511e-05
945,1745699514.6391044,1.1666666978271678e-05
946,1745699550.7222161,1.1679012459353544e-05
947,1745699581.6005356,1.169135794043541e-05
948,1745699603.869527,1.1703703421517275e-05
949,1745699628.9964962,1.1716049812093843e-05
950,1745699655.458894,1.1728395293175709e-05
951,1745699677.5579515,1.1740740774257574e-05
952,1745699707.1198204,1.175308625533944e-05
953,1745699735.3950279,1.1765431736421306e-05
954,1745699761.7406566,1.1777778126997873e-05
955,1745699793.1088686,1.1790123608079739e-05
956,1745699816.2686925,1.1802469089161605e-05
957,1745699841.9227526,1.181481457024347e-05
958,1745699862.3932226,1.1827160051325336e-05
959,1745699886.5014787,1.1839506441901904e-05
960,1745699918.7696543,1.185185192298377e-05
961,1745699932.611153,1.1864197404065635e-05
962,1745699962.9956353,1.18765428851475e-05
963,1745699986.7678816,1.1888889275724068e-05
964,1745700005.389914,1.1901234756805934e-05
965,1745700034.1058211,1.19135802378878e-05
966,1745700053.6216958,1.1925925718969665e-05
967,1745700084.1424754,1.1938271200051531e-05
968,1745700112.3038375,1.1950617590628099e-05
969,1745700140.6109262,1.1962963071709964e-05
970,1745700164.1085908,1.197530855279183e-05
971,1745700188.6126251,1.1987654033873696e-05
972,1745700198.8570616,1.2000000424450263e-05
973,1745700447.4737244,1.2012345905532129e-05
974,1745700478.1020753,1.2024691386613995e-05
975,1745700503.513043,1.203703686769586e-05
976,1745700531.7840216,1.2049382348777726e-05
977,1745700557.089399,1.2061728739354294e-05
978,1745700590.4135034,1.207407422043616e-05
979,1745700617.2649658,1.2086419701518025e-05
980,1745700643.4427664,1.2098765182599891e-05
981,1745700670.3342311,1.2111110663681757e-05
982,1745700697.9315207,1.2123457054258324e-05
983,1745700722.8969796,1.213580253534019e-05
984,1745700746.2803986,1.2148148016422056e-05
985,1745700777.0539389,1.2160493497503921e-05
986,1745700805.9733467,1.2172839888080489e-05
987,1745700829.602174,1.2185185369162355e-05
988,1745700855.5332859,1.219753085024422e-05
989,1745700882.151956,1.2209876331326086e-05
990,1745700910.3338225,1.2222221812407952e-05
991,1745700936.625129,1.223456820298452e-05
992,1745700967.9607246,1.2246913684066385e-05
993,1745701005.967157,1.225925916514825e-05
994,1745701028.0140638,1.2271604646230116e-05
995,1745701052.2711945,1.2283951036806684e-05
996,1745701089.8608253,1.229629651788855e-05
997,1745701109.5593235,1.2308641998970415e-05
998,1745701141.5016558,1.2320987480052281e-05
999,1745701169.524734,1.2333332961134147e-05
1000,1745701197.2891114,1.2345679351710714e-05
1001,1745701219.499949,1.235802483279258e-05
1002,1745701241.7281737,1.2370370313874446e-05
1003,1745701265.2235985,1.2382715794956312e-05
1004,1745701292.5258777,1.2395061276038177e-05
1005,1745701321.8315825,1.2407407666614745e-05
1006,1745701342.7037175,1.241975314769661e-05
1007,1745701365.9455967,1.2432098628778476e-05
1008,1745701397.586902,1.2444444109860342e-05
1009,1745701425.2719536,1.245679050043691e-05
1010,1745701447.1782312,1.2469135981518775e-05
1011,1745701474.8357537,1.2481481462600641e-05
1012,1745701502.2723863,1.2493826943682507e-05
1013,1745701532.8807821,1.2506172424764372e-05
1014,1745701561.0020905,1.251851881534094e-05
1015,1745701595.0496852,1.2530864296422806e-05
1016,1745701611.5693338,1.2543209777504671e-05
1017,1745701633.105349,1.2555555258586537e-05
1018,1745701653.6487548,1.2567901649163105e-05
1019,1745701684.1425605,1.258024713024497e-05
1020,1745701710.6468828,1.2592592611326836e-05
1021,1745701733.0837643,1.2604938092408702e-05
1022,1745701763.139853,1.2617283573490568e-05
1023,1745701796.8791926,1.2629629964067135e-05
1024,1745701822.1829462,1.2641975445149e-05
1025,1745701846.027345,1.2654320926230866e-05
1026,1745701880.7897396,1.2666666407312732e-05
1027,1745701907.5829628,1.26790127978893e-05
1028,1745701926.0867078,1.2691358278971165e-05
1029,1745701954.8027623,1.2703703760053031e-05
1030,1745701980.8491454,1.2716049241134897e-05
1031,1745702008.9138129,1.2728394722216763e-05
1032,1745702047.7364926,1.274074111279333e-05
1033,1745702060.4462337,1.2753086593875196e-05
1034,1745702084.315759,1.2765432074957062e-05
1035,1745702112.348152,1.2777777556038927e-05
1036,1745702137.6792297,1.2790123037120793e-05
1037,1745702169.9106958,1.280246942769736e-05
1038,1745702207.1150076,1.2814814908779226e-05
1039,1745702218.8702168,1.2827160389861092e-05
1040,1745702239.5173693,1.2839505870942958e-05
1041,1745702266.282489,1.2851852261519525e-05
1042,1745702287.7583246,1.2864197742601391e-05
1043,1745702317.530381,1.2876543223683257e-05
1044,1745702348.9770892,1.2888888704765122e-05
1045,1745702379.458748,1.2901234185846988e-05
1046,1745702401.0833526,1.2913580576423556e-05
1047,1745702428.1714082,1.2925926057505421e-05
1048,1745702446.703558,1.2938271538587287e-05
1049,1745702472.7901025,1.2950617019669153e-05
1050,1745702511.335085,1.296296341024572e-05
1051,1745702541.4220178,1.2975308891327586e-05
1052,1745702552.6841455,1.2987654372409452e-05
1053,1745702565.497078,1.2999999853491317e-05
1054,1745702766.483979,1.3012345334573183e-05
1055,1745702797.1065361,1.302469172514975e-05
1056,1745702827.1485167,1.3037037206231616e-05
1057,1745702850.7406964,1.3049382687313482e-05
1058,1745702879.3203173,1.3061728168395348e-05
1059,1745702904.1182382,1.3074073649477214e-05
1060,1745702931.4383144,1.3086420040053781e-05
1061,1745702958.7417562,1.3098765521135647e-05
1062,1745702989.4568229,1.3111111002217513e-05
1063,1745703013.35134,1.3123456483299378e-05
1064,1745703033.441283,1.3135802873875946e-05
1065,1745703057.9056454,1.3148148354957812e-05
1066,1745703088.108079,1.3160493836039677e-05
1067,1745703114.6627395,1.3172839317121543e-05
1068,1745703142.1741033,1.3185184798203409e-05
1069,1745703169.04338,1.3197531188779976e-05
1070,1745703206.3441908,1.3209876669861842e-05
1071,1745703240.1888263,1.3222222150943708e-05
1072,1745703267.3523293,1.3234567632025573e-05
1073,1745703309.6420074,1.3246914022602141e-05
1074,1745703324.5394669,1.3259259503684007e-05
1075,1745703344.5685766,1.3271604984765872e-05
1076,1745703370.3099048,1.3283950465847738e-05
1077,1745703397.4001784,1.3296295946929604e-05
1078,1745703423.6832473,1.3308642337506171e-05
1079,1745703451.5903478,1.3320987818588037e-05
1080,1745703463.5354705,1.3333333299669903e-05
1081,1745703490.8812041,1.3345678780751768e-05
1082,1745703526.327516,1.3358024261833634e-05
1083,1745703563.3786976,1.3370370652410202e-05
1084,1745703595.8180802,1.3382716133492067e-05
1085,1745703614.2653499,1.3395061614573933e-05
1086,1745703636.0087783,1.3407407095655799e-05
1087,1745703666.4324338,1.3419753486232366e-05
1088,1745703703.0301023,1.3432098967314232e-05
1089,1745703719.3372853,1.3444444448396098e-05
1090,1745703745.3023975,1.3456789929477964e-05
1091,1745703771.8258624,1.346913541055983e-05
1092,1745703795.052009,1.3481481801136397e-05
1093,1745703829.3978858,1.3493827282218263e-05
1094,1745703852.9819286,1.3506172763300128e-05
1095,1745703886.8101733,1.3518518244381994e-05
1096,1745703914.6249359,1.3530864634958562e-05
1097,1745703945.615316,1.3543210116040427e-05
1098,1745703959.0413039,1.3555555597122293e-05
1099,1745703990.266825,1.3567901078204159e-05
1100,1745704013.6499887,1.3580246559286024e-05
1101,1745704039.7770462,1.3592592949862592e-05
1102,1745704074.9898202,1.3604938430944458e-05
1103,1745704086.47169,1.3617283912026323e-05
1104,1745704115.8105433,1.3629629393108189e-05
1105,1745704138.5568707,1.3641974874190055e-05
1106,1745704164.2936552,1.3654321264766622e-05
1107,1745704191.2102084,1.3666666745848488e-05
1108,1745704219.2844715,1.3679012226930354e-05
1109,1745704243.036657,1.369135770801222e-05
1110,1745704268.092404,1.3703704098588787e-05
1111,1745704296.1217713,1.3716049579670653e-05
1112,1745704318.477189,1.3728395060752518e-05
1113,1745704344.7239969,1.3740740541834384e-05
1114,1745704376.5879562,1.375308602291625e-05
1115,1745704404.9339666,1.3765432413492817e-05
1116,1745704428.6811254,1.3777777894574683e-05
1117,1745704452.885782,1.3790123375656549e-05
1118,1745704480.8404489,1.3802468856738415e-05
1119,1745704506.7096264,1.3814815247314982e-05
1120,1745704538.69097,1.3827160728396848e-05
1121,1745704551.9053218,1.3839506209478714e-05
1122,1745704577.924684,1.385185169056058e-05
1123,1745704615.3831494,1.3864197171642445e-05
1124,1745704650.2578912,1.3876543562219013e-05
1125,1745704679.8267324,1.3888889043300878e-05
1126,1745704699.270339,1.3901234524382744e-05
1127,1745704723.2606835,1.391358000546461e-05
1128,1745704761.4758427,1.3925925486546475e-05
1129,1745704774.78098,1.3938271877123043e-05
1130,1745704804.141978,1.3950617358204909e-05
1131,1745704825.5023966,1.3962962839286774e-05
1132,1745704852.669035,1.397530832036864e-05
1133,1745704880.6344059,1.3987654710945208e-05
1134,1745704891.068146,1.4000000192027073e-05
1135,1745705128.6197138,1.4012345673108939e-05
1136,1745705155.5463257,1.4024691154190805e-05
1137,1745705184.1548004,1.403703663527267e-05
1138,1745705212.757327,1.4049383025849238e-05
1139,1745705239.7426777,1.4061728506931104e-05
1140,1745705267.491836,1.407407398801297e-05
1141,1745705293.7913868,1.4086419469094835e-05
1142,1745705319.9912496,1.4098765859671403e-05
1143,1745705350.4133055,1.4111111340753268e-05
1144,1745705375.3748815,1.4123456821835134e-05
1145,1745705405.221592,1.4135802302917e-05
1146,1745705432.8695674,1.4148147783998866e-05
1147,1745705456.3794274,1.4160494174575433e-05
1148,1745705484.492452,1.4172839655657299e-05
1149,1745705507.5549734,1.4185185136739165e-05
1150,1745705535.8234668,1.419753061782103e-05
1151,1745705560.9240885,1.4209876098902896e-05
1152,1745705590.947857,1.4222222489479464e-05
1153,1745705622.025983,1.423456797056133e-05
1154,1745705632.9110065,1.4246913451643195e-05
1155,1745705668.250727,1.425925893272506e-05
1156,1745705685.8791552,1.4271605323301628e-05
1157,1745705710.6183429,1.4283950804383494e-05
1158,1745705737.2619512,1.429629628546536e-05
1159,1745705770.132295,1.4308641766547225e-05
1160,1745705790.4033523,1.4320987247629091e-05
1161,1745705824.679571,1.4333333638205659e-05
1162,1745705845.8791347,1.4345679119287524e-05
1163,1745705856.544203,1.435802460036939e-05
1164,1745705883.594125,1.4370370081451256e-05
1165,1745705910.3756378,1.4382716472027823e-05
1166,1745705937.8060932,1.4395061953109689e-05
1167,1745705969.8642986,1.4407407434191555e-05
1168,1745706006.6359675,1.441975291527342e-05
1169,1745706018.1002128,1.4432098396355286e-05
1170,1745706046.0571098,1.4444444786931854e-05
1171,1745706073.592821,1.445679026801372e-05
1172,1745706098.7936337,1.4469135749095585e-05
1173,1745706129.3797107,1.4481481230177451e-05
1174,1745706163.5408711,1.4493826711259317e-05
1175,1745706175.0911934,1.4506173101835884e-05
1176,1745706205.3919146,1.451851858291775e-05
1177,1745706233.9989266,1.4530864063999616e-05
1178,1745706263.5030487,1.4543209545081481e-05
1179,1745706288.574034,1.4555555935658049e-05
1180,1745706313.5062788,1.4567901416739915e-05
1181,1745706335.9325309,1.458024689782178e-05
1182,1745706362.9445002,1.4592592378903646e-05
1183,1745706388.314043,1.4604937859985512e-05
1184,1745706422.0208962,1.461728425056208e-05
1185,1745706449.0818253,1.4629629731643945e-05
1186,1745706470.6805768,1.464197521272581e-05
1187,1745706492.8497686,1.4654320693807676e-05
1188,1745706527.9586873,1.4666667084384244e-05
1189,1745706538.0303643,1.467901256546611e-05
1190,1745706572.0561204,1.4691358046547975e-05
1191,1745706611.2733212,1.4703703527629841e-05
1192,1745706637.8473372,1.4716049008711707e-05
1193,1745706675.244757,1.4728395399288274e-05
1194,1745706685.3342934,1.474074088037014e-05
1195,1745706721.574384,1.4753086361452006e-05
1196,1745706753.1743793,1.4765431842533872e-05
1197,1745706761.6278934,1.4777777323615737e-05
1198,1745706790.2781644,1.4790123714192305e-05
1199,1745706823.9326894,1.480246919527417e-05
1200,1745706850.5132716,1.4814814676356036e-05
1201,1745706880.9156325,1.4827160157437902e-05
1202,1745706907.5939705,1.483950654801447e-05
1203,1745706934.6363666,1.4851852029096335e-05
1204,1745706957.1941016,1.4864197510178201e-05
1205,1745706989.292836,1.4876542991260067e-05
1206,1745707013.3547473,1.4888888472341932e-05
1207,1745707038.5426526,1.49012348629185e-05
1208,1745707066.821386,1.4913580344000366e-05
1209,1745707091.963049,1.4925925825082231e-05
1210,1745707118.9391496,1.4938271306164097e-05
1211,1745707148.8932295,1.4950617696740665e-05
1212,1745707165.1828103,1.496296317782253e-05
1213,1745707191.0734897,1.4975308658904396e-05
1214,1745707222.3726776,1.4987654139986262e-05
1215,1745707229.680773,1.4999999621068127e-05
1216,1745707460.3407164,1.5012346011644695e-05
1217,1745707488.6968935,1.502469149272656e-05
1218,1745707510.2026691,1.5037036973808426e-05
1219,1745707538.8590147,1.5049382454890292e-05
1220,1745707574.0027812,1.506172884546686e-05
1221,1745707595.4041357,1.5074074326548725e-05
1222,1745707623.3103004,1.5086419807630591e-05
1223,1745707647.5266645,1.5098765288712457e-05
1224,1745707669.9757376,1.5111110769794323e-05
1225,1745707698.0458913,1.512345716037089e-05
1226,1745707725.097685,1.5135802641452756e-05
1227,1745707755.6307466,1.5148148122534622e-05
1228,1745707776.4254253,1.5160493603616487e-05
1229,1745707806.541936,1.5172839084698353e-05
1230,1745707840.7727754,1.518518547527492e-05
1231,1745707867.116061,1.5197530956356786e-05
1232,1745707888.3096542,1.5209876437438652e-05
1233,1745707914.0229044,1.5222221918520518e-05
1234,1745707941.3177392,1.5234568309097085e-05
1235,1745707965.7277632,1.5246913790178951e-05
1236,1745707993.6064196,1.5259258361766115e-05
1237,1745708023.4659812,1.5271605661837384e-05
1238,1745708045.9330623,1.528395114291925e-05
1239,1745708072.091601,1.5296296624001116e-05
1240,1745708095.0345552,1.530864210508298e-05
1241,1745708133.2862656,1.5320987586164847e-05
1242,1745708168.0069015,1.5333333067246713e-05
1243,1745708186.680547,1.534567854832858e-05
1244,1745708210.2003324,1.5358024029410444e-05
1245,1745708243.379153,1.537036951049231e-05
1246,1745708255.2958527,1.538271681056358e-05
1247,1745708289.3812246,1.5395062291645445e-05
1248,1745708315.6101644,1.540740777272731e-05
1249,1745708341.210403,1.5419753253809176e-05
1250,1745708370.6720893,1.5432098734891042e-05
1251,1745708397.4969282,1.5444444215972908e-05
1252,1745708423.7820268,1.5456789697054774e-05
1253,1745708451.3843102,1.546913517813664e-05
1254,1745708477.9838939,1.5481480659218505e-05
1255,1745708499.9209113,1.5493827959289774e-05
1256,1745708527.884948,1.550617344037164e-05
1257,1745708564.7208235,1.5518518921453506e-05
1258,1745708590.0587432,1.553086440253537e-05
1259,1745708617.848126,1.5543209883617237e-05
1260,1745708648.6370397,1.5555555364699103e-05
1261,1745708673.3144965,1.556790084578097e-05
1262,1745708700.606897,1.5580246326862834e-05
1263,1745708721.8666232,1.55925918079447e-05
1264,1745708749.4663997,1.560493910801597e-05
1265,1745708775.5646763,1.5617284589097835e-05
1266,1745708805.289195,1.56296300701797e-05
1267,1745708840.6969755,1.5641975551261567e-05
1268,1745708862.8613856,1.5654321032343432e-05
1269,1745708892.2153132,1.5666666513425298e-05
1270,1745708912.0852637,1.5679011994507164e-05
1271,1745708930.5443397,1.569135747558903e-05
1272,1745708966.4852824,1.5703702956670895e-05
1273,1745708989.48181,1.5716050256742164e-05
1274,1745709016.0455823,1.572839573782403e-05
1275,1745709044.5323157,1.5740741218905896e-05
1276,1745709074.2187319,1.575308669998776e-05
1277,1745709086.2264574,1.5765432181069627e-05
1278,1745709118.301033,1.5777777662151493e-05
1279,1745709143.365855,1.579012314323336e-05
1280,1745709166.7628713,1.5802468624315225e-05
1281,1745709184.0212486,1.581481410539709e-05
1282,1745709210.704824,1.5827159586478956e-05
1283,1745709239.4468918,1.5839506886550225e-05
1284,1745709267.3903291,1.585185236763209e-05
1285,1745709292.3750224,1.5864197848713957e-05
1286,1745709310.7894392,1.5876543329795823e-05
1287,1745709345.5207775,1.5888888810877688e-05
1288,1745709373.7174156,1.5901234291959554e-05
1289,1745709407.6765134,1.591357977304142e-05
1290,1745709431.6587083,1.5925925254123285e-05
1291,1745709468.7217703,1.593827073520515e-05
1292,1745709484.7932582,1.595061803527642e-05
1293,1745709511.8918257,1.5962963516358286e-05
1294,1745709537.262766,1.5975308997440152e-05
1295,1745709568.8257923,1.5987654478522018e-05
1296,1745709571.7080421,1.5999999959603883e-05
1297,1745709790.4001555,1.601234544068575e-05
1298,1745709818.2048168,1.6024690921767615e-05
1299,1745709840.8919153,1.603703640284948e-05
1300,1745709872.6470354,1.6049381883931346e-05
1301,1745709897.9463294,1.6061729184002616e-05
1302,1745709930.8814766,1.607407466508448e-05
1303,1745709946.9077704,1.6086420146166347e-05
1304,1745709975.0737774,1.6098765627248213e-05
1305,1745710009.3047066,1.611111110833008e-05
1306,1745710036.0260012,1.6123456589411944e-05
1307,1745710064.8838582,1.613580207049381e-05
1308,1745710092.7517536,1.6148147551575676e-05
1309,1745710118.5754569,1.616049303265754e-05
1310,1745710146.362775,1.617284033272881e-05
1311,1745710174.5053577,1.6185185813810676e-05
1312,1745710199.8439872,1.6197531294892542e-05
1313,1745710227.0247965,1.6209876775974408e-05
1314,1745710257.21949,1.6222222257056274e-05
1315,1745710265.6117964,1.623456773813814e-05
1316,1745710295.2434661,1.6246913219220005e-05
1317,1745710319.8189032,1.625925870030187e-05
1318,1745710333.6887696,1.6271604181383736e-05
1319,1745710365.224399,1.6283951481455006e-05
1320,1745710399.0593362,1.629629696253687e-05
1321,1745710416.079476,1.6308642443618737e-05
1322,1745710442.1688664,1.6320987924700603e-05
1323,1745710483.2280362,1.633333340578247e-05
1324,1745710507.13722,1.6345678886864334e-05
1325,1745710535.798403,1.63580243679462e-05
1326,1745710565.3402689,1.6370369849028066e-05
1327,1745710586.3658223,1.638271533010993e-05
1328,1745710616.9088473,1.63950626301812e-05
1329,1745710638.6750166,1.6407408111263067e-05
1330,1745710667.7639656,1.6419753592344932e-05
1331,1745710689.332596,1.6432099073426798e-05
1332,1745710710.3475733,1.6444444554508664e-05
1333,1745710741.3711188,1.645679003559053e-05
1334,1745710769.8684192,1.6469135516672395e-05
1335,1745710799.5095546,1.648148099775426e-05
1336,1745710816.8931603,1.6493826478836127e-05
1337,1745710838.7123106,1.6506171959917992e-05
1338,1745710872.9217618,1.651851925998926e-05
1339,1745710900.8809218,1.6530864741071127e-05
1340,1745710932.2514353,1.6543210222152993e-05
1341,1745710954.7673934,1.655555570323486e-05
1342,1745710979.4365938,1.6567901184316725e-05
1343,1745710990.1450624,1.658024666539859e-05
1344,1745711017.94458,1.6592592146480456e-05
1345,1745711046.3157165,1.6604937627562322e-05
1346,1745711071.479406,1.6617283108644187e-05
1347,1745711098.7338548,1.6629630408715457e-05
1348,1745711109.084828,1.6641975889797322e-05
1349,1745711139.591482,1.6654321370879188e-05
1350,1745711162.154487,1.6666666851961054e-05
1351,1745711191.3815954,1.667901233304292e-05
1352,1745711212.439649,1.6691357814124785e-05
1353,1745711235.9476004,1.670370329520665e-05
1354,1745711260.6982787,1.6716048776288517e-05
1355,1745711276.2872126,1.6728394257370383e-05
1356,1745711308.41868,1.6740741557441652e-05
1357,1745711321.9369884,1.6753087038523518e-05
1358,1745711357.15033,1.6765432519605383e-05
1359,1745711388.7368994,1.677777800068725e-05
1360,1745711400.4430351,1.6790123481769115e-05
1361,1745711432.1360335,1.680246896285098e-05
1362,1745711460.3831253,1.6814814443932846e-05
1363,1745711483.1218467,1.6827159925014712e-05
1364,1745711507.9634874,1.6839505406096578e-05
1365,1745711537.7278945,1.6851852706167847e-05
1366,1745711567.348256,1.6864198187249713e-05
1367,1745711590.9891975,1.687654366833158e-05
1368,1745711626.1795988,1.6888889149413444e-05
1369,1745711650.6428268,1.690123463049531e-05
1370,1745711674.5418324,1.6913580111577176e-05
1371,1745711698.939998,1.692592559265904e-05
1372,1745711729.460869,1.6938271073740907e-05
1373,1745711752.7823293,1.6950616554822773e-05
1374,1745711776.7806284,1.6962963854894042e-05
1375,1745711803.8555534,1.6975309335975908e-05
1376,1745711837.7661026,1.6987654817057773e-05
1377,1745711841.291561,1.700000029813964e-05
1378,1745712052.415756,1.7012345779221505e-05
1379,1745712082.0431373,1.702469126030337e-05
1380,1745712100.1119816,1.7037036741385236e-05
1381,1745712125.2194476,1.7049382222467102e-05
1382,1745712155.1817968,1.7061727703548968e-05
1383,1745712179.0168061,1.7074073184630834e-05
1384,1745712196.4893064,1.7086420484702103e-05
1385,1745712223.1787095,1.709876596578397e-05
1386,1745712248.5508964,1.7111111446865834e-05
1387,1745712278.8681123,1.71234569279477e-05
1388,1745712311.868734,1.7135802409029566e-05
1389,1745712342.4822278,1.714814789011143e-05
1390,1745712366.1154544,1.7160493371193297e-05
1391,1745712391.466209,1.7172838852275163e-05
1392,1745712414.7081091,1.718518433335703e-05
1393,1745712441.3393073,1.7197531633428298e-05
1394,1745712466.3489325,1.7209877114510164e-05
1395,1745712496.4791117,1.722222259559203e-05
1396,1745712532.553604,1.7234568076673895e-05
1397,1745712559.1927326,1.724691355775576e-05
1398,1745712574.90943,1.7259259038837627e-05
1399,1745712602.522672,1.7271604519919492e-05
1400,1745712617.737121,1.7283950001001358e-05
1401,1745712642.5042937,1.7296295482083224e-05
1402,1745712665.9259572,1.7308642782154493e-05
1403,1745712693.297156,1.732098826323636e-05
1404,1745712722.897051,1.7333333744318224e-05
1405,1745712747.447423,1.734567922540009e-05
1406,1745712766.651499,1.7358024706481956e-05
1407,1745712784.7150834,1.737037018756382e-05
1408,1745712816.78284,1.7382715668645687e-05
1409,1745712828.2144437,1.7395061149727553e-05
1410,1745712854.6317277,1.740740663080942e-05
1411,1745712886.8256662,1.7419753930880688e-05
1412,1745712913.9074924,1.7432099411962554e-05
1413,1745712928.5162158,1.744444489304442e-05
1414,1745712963.0376458,1.7456790374126285e-05
1415,1745712988.984337,1.746913585520815e-05
1416,1745713004.7168872,1.7481481336290017e-05
1417,1745713044.8384752,1.7493826817371882e-05
1418,1745713072.5750244,1.7506172298453748e-05
1419,1745713107.3377597,1.7518517779535614e-05
1420,1745713133.364095,1.7530865079606883e-05
1421,1745713156.2819247,1.754321056068875e-05
1422,1745713178.2438884,1.7555556041770615e-05
1423,1745713204.1801713,1.756790152285248e-05
1424,1745713238.0542314,1.7580247003934346e-05
1425,1745713264.5573041,1.7592592485016212e-05
1426,1745713291.7648926,1.7604937966098078e-05
1427,1745713316.615454,1.7617283447179943e-05
1428,1745713343.7561972,1.762962892826181e-05
1429,1745713365.7979634,1.7641974409343675e-05
1430,1745713378.0943096,1.7654321709414944e-05
1431,1745713406.135227,1.766666719049681e-05
1432,1745713426.611441,1.7679012671578676e-05
1433,1745713463.2883768,1.769135815266054e-05
1434,1745713493.024168,1.7703703633742407e-05
1435,1745713504.0914092,1.7716049114824273e-05
1436,1745713531.3897593,1.772839459590614e-05
1437,1745713559.0128045,1.7740740076988004e-05
1438,1745713579.2835414,1.775308555806987e-05
1439,1745713605.8342197,1.776543285814114e-05
1440,1745713641.174089,1.7777778339223005e-05
1441,1745713656.8360212,1.779012382030487e-05
1442,1745713681.1525676,1.7802469301386736e-05
1443,1745713707.73631,1.7814814782468602e-05
1444,1745713743.4927568,1.7827160263550468e-05
1445,1745713765.3335805,1.7839505744632334e-05
1446,1745713791.8563662,1.78518512257142e-05
1447,1745713814.455318,1.7864196706796065e-05
1448,1745713850.3867295,1.7876544006867334e-05
1449,1745713885.4425075,1.78888894879492e-05
1450,1745713908.9430606,1.7901234969031066e-05
1451,1745713932.7544057,1.791358045011293e-05
1452,1745713958.4895635,1.7925925931194797e-05
1453,1745713989.7426836,1.7938271412276663e-05
1454,1745714016.3459306,1.795061689335853e-05
1455,1745714048.9648585,1.7962962374440394e-05
1456,1745714087.9597404,1.797530785552226e-05
1457,1745714099.801422,1.798765515559353e-05
1458,1745714113.4147522,1.8000000636675395e-05
1459,1745714321.9604995,1.801234611775726e-05
1460,1745714341.2363894,1.8024691598839127e-05
1461,1745714362.235231,1.8037037079920992e-05
1462,1745714389.7823355,1.8049382561002858e-05
1463,1745714419.1493616,1.8061728042084724e-05
1464,1745714450.531783,1.807407352316659e-05
1465,1745714475.3884227,1.8086419004248455e-05
1466,1745714492.4130182,1.8098766304319724e-05
1467,1745714529.7416968,1.811111178540159e-05
1468,1745714553.645006,1.8123457266483456e-05
1469,1745714580.066671,1.813580274756532e-05
1470,1745714608.0677462,1.8148148228647187e-05
1471,1745714635.0240583,1.8160493709729053e-05
1472,1745714662.2336555,1.817283919081092e-05
1473,1745714687.7791917,1.8185184671892785e-05
1474,1745714715.3192277,1.819753015297465e-05
1475,1745714745.6891994,1.8209875634056516e-05
1476,1745714774.8042934,1.8222222934127785e-05
1477,1745714791.4260042,1.823456841520965e-05
1478,1745714822.2356324,1.8246913896291517e-05
1479,1745714840.6436644,1.8259259377373382e-05
1480,1745714863.5239768,1.8271604858455248e-05
1481,1745714889.6247118,1.8283950339537114e-05
1482,1745714916.3768466,1.829629582061898e-05
1483,1745714938.498967,1.8308641301700845e-05
1484,1745714964.1474218,1.832098678278271e-05
1485,1745714992.311557,1.833333408285398e-05
1486,1745715007.996159,1.8345679563935846e-05
1487,1745715036.528967,1.8358025045017712e-05
1488,1745715060.354759,1.8370370526099578e-05
1489,1745715078.6313097,1.8382716007181443e-05
1490,1745715100.302116,1.839506148826331e-05
1491,1745715130.8961887,1.8407406969345175e-05
1492,1745715146.5056274,1.841975245042704e-05
1493,1745715161.5827506,1.8432097931508906e-05
1494,1745715184.2370539,1.8444445231580175e-05
1495,1745715212.05282,1.845679071266204e-05
1496,1745715236.5843067,1.8469136193743907e-05
1497,1745715264.0406482,1.8481481674825773e-05
1498,1745715288.9155462,1.849382715590764e-05
1499,1745715318.2526636,1.8506172636989504e-05
1500,1745715345.4859128,1.851851811807137e-05
1501,1745715369.204921,1.8530863599153236e-05
1502,1745715396.513851,1.85432090802351e-05
1503,1745715418.208878,1.855555638030637e-05
1504,1745715445.231565,1.8567901861388236e-05
1505,1745715471.111547,1.8580247342470102e-05
1506,1745715501.6651144,1.8592592823551968e-05
1507,1745715534.132994,1.8604938304633833e-05
1508,1745715563.8841465,1.86172837857157e-05
1509,1745715600.6201477,1.8629629266797565e-05
1510,1745715625.7680838,1.864197474787943e-05
1511,1745715652.3371575,1.8654320228961296e-05
1512,1745715680.3452396,1.8666667529032566e-05
1513,1745715707.999626,1.867901301011443e-05
1514,1745715733.0131955,1.8691358491196297e-05
1515,1745715762.9064262,1.8703703972278163e-05
1516,1745715787.809972,1.871604945336003e-05
1517,1745715810.084132,1.8728394934441894e-05
1518,1745715834.9845126,1.874074041552376e-05
1519,1745715857.7777638,1.8753085896605626e-05
1520,1745715886.1446435,1.876543137768749e-05
1521,1745715912.0352178,1.877777867775876e-05
1522,1745715953.9030778,1.8790124158840626e-05
1523,1745715969.397544,1.8802469639922492e-05
1524,1745715999.499622,1.8814815121004358e-05
1525,1745716023.469514,1.8827160602086224e-05
1526,1745716042.433482,1.883950608316809e-05
1527,1745716069.8616998,1.8851851564249955e-05
1528,1745716104.530301,1.886419704533182e-05
1529,1745716131.2135189,1.8876542526413687e-05
1530,1745716155.653088,1.8888888007495552e-05
1531,1745716179.7686257,1.890123530756682e-05
1532,1745716199.1670153,1.8913580788648687e-05
1533,1745716223.9841611,1.8925926269730553e-05
1534,1745716255.3904178,1.893827175081242e-05
1535,1745716290.2436976,1.8950617231894284e-05
1536,1745716307.2915986,1.896296271297615e-05
1537,1745716336.4570136,1.8975308194058016e-05
1538,1745716362.321395,1.898765367513988e-05
1539,1745716371.5715463,1.8999999156221747e-05
1540,1745716622.2020776,1.9012346456293017e-05
1541,1745716660.2085223,1.9024691937374882e-05
1542,1745716694.458682,1.9037037418456748e-05
1543,1745716717.5159476,1.9049382899538614e-05
1544,1745716743.2815378,1.906172838062048e-05
1545,1745716772.7446694,1.9074073861702345e-05
1546,1745716800.7654483,1.908641934278421e-05
1547,1745716824.6630366,1.9098764823866077e-05
1548,1745716844.1224287,1.9111110304947942e-05
1549,1745716877.8089323,1.9123457605019212e-05
1550,1745716894.599448,1.9135803086101077e-05
1551,1745716919.7313228,1.9148148567182943e-05
1552,1745716942.8056314,1.916049404826481e-05
1553,1745716960.3260467,1.9172839529346675e-05
1554,1745716990.6782246,1.918518501042854e-05
1555,1745717021.1590812,1.9197530491510406e-05
1556,1745717052.3219464,1.9209875972592272e-05
1557,1745717079.6237483,1.9222221453674138e-05
1558,1745717105.916124,1.9234568753745407e-05
1559,1745717133.4088595,1.9246914234827273e-05
1560,1745717159.617303,1.925925971590914e-05
1561,1745717189.5578039,1.9271605196991004e-05
1562,1745717227.9056978,1.928395067807287e-05
1563,1745717241.982615,1.9296296159154736e-05
1564,1745717267.8554425,1.93086416402366e-05
1565,1745717291.6942625,1.9320987121318467e-05
1566,1745717325.5467546,1.9333332602400333e-05
1567,1745717362.6284769,1.9345679902471602e-05
1568,1745717395.9698215,1.9358025383553468e-05
1569,1745717426.3646016,1.9370370864635333e-05
1570,1745717450.4047837,1.93827163457172e-05
1571,1745717474.9685924,1.9395061826799065e-05
1572,1745717489.199217,1.940740730788093e-05
1573,1745717520.8068693,1.9419752788962796e-05
1574,1745717553.008388,1.9432098270044662e-05
1575,1745717579.078478,1.9444443751126528e-05
1576,1745717604.9225998,1.9456789232208394e-05
1577,1745717634.0135229,1.9469136532279663e-05
1578,1745717665.4951904,1.948148201336153e-05
1579,1745717698.0598369,1.9493827494443394e-05
1580,1745717735.8802667,1.950617297552526e-05
1581,1745717774.90641,1.9518518456607126e-05
1582,1745717809.4941256,1.953086393768899e-05
1583,1745717835.8332224,1.9543209418770857e-05
1584,1745717857.6676219,1.9555554899852723e-05
1585,1745717882.1399884,1.956790038093459e-05
1586,1745717910.3214507,1.9580247681005858e-05
1587,1745717929.7987761,1.9592593162087724e-05
1588,1745717966.8506675,1.960493864316959e-05
1589,1745717990.1541705,1.9617284124251455e-05
1590,1745718011.3731244,1.962962960533332e-05
1591,1745718039.434283,1.9641975086415187e-05
1592,1745718066.6734626,1.9654320567497052e-05
1593,1745718091.4946685,1.9666666048578918e-05
1594,1745718115.1745133,1.9679011529660784e-05
1595,1745718146.0037227,1.9691358829732053e-05
1596,1745718172.6944685,1.970370431081392e-05
1597,1745718216.728207,1.9716049791895784e-05
1598,1745718233.8731534,1.972839527297765e-05
1599,1745718248.6683397,1.9740740754059516e-05
1600,1745718283.6943932,1.975308623514138e-05
1601,1745718298.669212,1.9765431716223247e-05
1602,1745718328.2075608,1.9777777197305113e-05
1603,1745718346.4611986,1.979012267838698e-05
1604,1745718367.5160563,1.9802469978458248e-05
1605,1745718392.003093,1.9814815459540114e-05
1606,1745718419.2640262,1.982716094062198e-05
1607,1745718442.1492527,1.9839506421703845e-05
1608,1745718471.3862777,1.985185190278571e-05
1609,1745718484.6716986,1.9864197383867577e-05
1610,1745718518.435092,1.9876542864949442e-05
1611,1745718543.6925204,1.9888888346031308e-05
1612,1745718581.6444888,1.9901233827113174e-05
1613,1745718603.769363,1.9913581127184443e-05
1614,1745718632.612088,1.992592660826631e-05
1615,1745718658.9328177,1.9938272089348175e-05
1616,1745718682.7975152,1.995061757043004e-05
1617,1745718710.2971048,1.9962963051511906e-05
1618,1745718745.0387495,1.9975308532593772e-05
1619,1745718772.3827314,1.9987654013675638e-05
1620,1745718783.5414495,1.9999999494757503e-05
1621,1745719028.8162725,2.001234497583937e-05
1622,1745719057.890207,2.0024690456921235e-05
1623,1745719087.8366172,2.0037037756992504e-05
1624,1745719109.2462933,2.004938323807437e-05
1625,1745719142.361617,2.0061728719156235e-05
1626,1745719170.3576775,2.00740742002381e-05
1627,1745719196.2906742,2.0086419681319967e-05
1628,1745719218.6215978,2.0098765162401833e-05
1629,1745719241.9203131,2.01111106434837e-05
1630,1745719265.7917101,2.0123456124565564e-05
1631,1745719293.9897964,2.013580160564743e-05
1632,1745719321.1407614,2.01481489057187e-05
1633,1745719347.7297845,2.0160494386800565e-05
1634,1745719374.05774,2.017283986788243e-05
1635,1745719400.6174297,2.0185185348964296e-05
1636,1745719428.7967837,2.0197530830046162e-05
1637,1745719455.1478424,2.0209876311128028e-05
1638,1745719486.0794005,2.0222221792209893e-05
1639,1745719510.1134872,2.023456727329176e-05
1640,1745719538.8824213,2.0246912754373625e-05
1641,1745719562.0187674,2.0259260054444894e-05
1642,1745719588.1391037,2.027160553552676e-05
1643,1745719620.760105,2.0283951016608626e-05
1644,1745719636.582154,2.029629649769049e-05
1645,1745719662.7793307,2.0308641978772357e-05
1646,1745719694.756553,2.0320987459854223e-05
1647,1745719719.2319195,2.033333294093609e-05
1648,1745719736.9970691,2.0345678422017954e-05
1649,1745719770.9251606,2.035802390309982e-05
1650,1745719797.8430283,2.037037120317109e-05
1651,1745719842.7888525,2.0382716684252955e-05
1652,1745719858.7252634,2.039506216533482e-05
1653,1745719887.4278493,2.0407407646416686e-05
1654,1745719910.3040342,2.0419753127498552e-05
1655,1745719936.8163593,2.0432098608580418e-05
1656,1745719963.953428,2.0444444089662284e-05
1657,1745719985.0349782,2.045678957074415e-05
1658,1745720007.5507364,2.0469135051826015e-05
1659,1745720034.1547744,2.0481482351897284e-05
1660,1745720063.28791,2.049382783297915e-05
1661,1745720095.8711638,2.0506173314061016e-05
1662,1745720129.6795292,2.051851879514288e-05
1663,1745720163.2801309,2.0530864276224747e-05
1664,1745720180.3586361,2.0543209757306613e-05
1665,1745720207.6098857,2.055555523838848e-05
1666,1745720235.3750577,2.0567900719470344e-05
1667,1745720264.9462075,2.058024620055221e-05
1668,1745720293.3236954,2.059259350062348e-05
1669,1745720319.0140727,2.0604938981705345e-05
1670,1745720344.2122643,2.061728446278721e-05
1671,1745720367.70685,2.0629629943869077e-05
1672,1745720400.5899782,2.0641975424950942e-05
1673,1745720437.6966474,2.0654320906032808e-05
1674,1745720445.8928525,2.0666666387114674e-05
1675,1745720474.3377244,2.067901186819654e-05
1676,1745720513.4668155,2.0691357349278405e-05
1677,1745720549.4733572,2.070370283036027e-05
1678,1745720561.26806,2.071605013043154e-05
1679,1745720594.9715672,2.0728395611513406e-05
1680,1745720618.6903315,2.0740741092595272e-05
1681,1745720639.7496486,2.0753086573677137e-05
1682,1745720668.5518398,2.0765432054759003e-05
1683,1745720694.5823963,2.077777753584087e-05
1684,1745720715.943496,2.0790123016922735e-05
1685,1745720747.2084444,2.08024684980046e-05
1686,1745720774.625121,2.0814813979086466e-05
1687,1745720802.2696369,2.0827161279157735e-05
1688,1745720828.1502845,2.08395067602396e-05
1689,1745720847.4053802,2.0851852241321467e-05
1690,1745720874.2246299,2.0864197722403333e-05
1691,1745720902.5480428,2.08765432034852e-05
1692,1745720932.8401687,2.0888888684567064e-05
1693,1745720954.8942163,2.090123416564893e-05
1694,1745720974.0938547,2.0913579646730796e-05
1695,1745721001.1724877,2.092592512781266e-05
1696,1745721038.2003043,2.093827242788393e-05
1697,1745721059.3700209,2.0950617908965796e-05
1698,1745721080.7357728,2.0962963390047662e-05
1699,1745721110.0679429,2.0975308871129528e-05
1700,1745721138.3868825,2.0987654352211393e-05
1701,1745721147.1979222,2.099999983329326e-05
1702,1745721389.6934857,2.1012345314375125e-05
1703,1745721420.77573,2.102469079545699e-05
1704,1745721452.7140524,2.1037036276538856e-05
1705,1745721472.6659083,2.1049383576610126e-05
1706,1745721496.1897104,2.106172905769199e-05
1707,1745721515.7255917,2.1074074538773857e-05
1708,1745721545.3035204,2.1086420019855723e-05
1709,1745721580.5045233,2.109876550093759e-05
1710,1745721608.8687649,2.1111110982019454e-05
1711,1745721634.4623618,2.112345646310132e-05
1712,1745721656.9590747,2.1135801944183186e-05
1713,1745721684.7018905,2.114814742526505e-05
1714,1745721712.3147354,2.116049472533632e-05
1715,1745721737.1203237,2.1172840206418186e-05
1716,1745721766.7937772,2.1185185687500052e-05
1717,1745721793.0847378,2.1197531168581918e-05
1718,1745721819.0443888,2.1209876649663784e-05
1719,1745721847.678249,2.122222213074565e-05
1720,1745721877.998817,2.1234567611827515e-05
1721,1745721906.6571257,2.124691309290938e-05
1722,1745721934.4339545,2.1259258573991247e-05
1723,1745721957.8885705,2.1271604055073112e-05
1724,1745721982.498948,2.128395135514438e-05
1725,1745722021.830733,2.1296296836226247e-05
1726,1745722040.6096804,2.1308642317308113e-05
1727,1745722066.142774,2.132098779838998e-05
1728,1745722094.061343,2.1333333279471844e-05
1729,1745722122.4371932,2.134567876055371e-05
1730,1745722150.4052668,2.1358024241635576e-05
1731,1745722181.033675,2.137036972271744e-05
1732,1745722205.4898076,2.1382715203799307e-05
1733,1745722233.8190417,2.1395062503870577e-05
1734,1745722260.9287498,2.1407407984952442e-05
1735,1745722288.2569559,2.1419753466034308e-05
1736,1745722311.7537715,2.1432098947116174e-05
1737,1745722337.064975,2.144444442819804e-05
1738,1745722363.653356,2.1456789909279905e-05
1739,1745722389.2829325,2.146913539036177e-05
1740,1745722417.6394858,2.1481480871443637e-05
1741,1745722439.5479505,2.1493826352525502e-05
1742,1745722467.267756,2.1506173652596772e-05
1743,1745722500.1610246,2.1518519133678637e-05
1744,1745722528.274876,2.1530864614760503e-05
1745,1745722551.0106883,2.154321009584237e-05
1746,1745722571.5449078,2.1555555576924235e-05
1747,1745722599.1565711,2.15679010580061e-05
1748,1745722629.4060717,2.1580246539087966e-05
1749,1745722640.3017416,2.1592592020169832e-05
1750,1745722670.2712271,2.1604937501251698e-05
1751,1745722701.3024275,2.1617284801322967e-05
1752,1745722729.966033,2.1629630282404833e-05
1753,1745722765.1811986,2.1641975763486698e-05
1754,1745722798.262365,2.1654321244568564e-05
1755,1745722825.6553016,2.166666672565043e-05
1756,1745722840.7554212,2.1679012206732295e-05
1757,1745722866.3291702,2.169135768781416e-05
1758,1745722894.748001,2.1703703168896027e-05
1759,1745722922.7705164,2.1716048649977893e-05
1760,1745722937.5217633,2.1728395950049162e-05
1761,1745722968.6799073,2.1740741431131028e-05
1762,1745722989.0069911,2.1753086912212893e-05
1763,1745723016.3680234,2.176543239329476e-05
1764,1745723041.8429635,2.1777777874376625e-05
1765,1745723057.8894892,2.179012335545849e-05
1766,1745723092.7054965,2.1802468836540356e-05
1767,1745723118.4331543,2.1814814317622222e-05
1768,1745723164.604534,2.1827159798704088e-05
1769,1745723191.8398736,2.1839505279785953e-05
1770,1745723228.7359564,2.1851852579857223e-05
1771,1745723238.7092342,2.186419806093909e-05
1772,1745723262.6329365,2.1876543542020954e-05
1773,1745723283.5176613,2.188888902310282e-05
1774,1745723314.3596883,2.1901234504184686e-05
1775,1745723346.8853664,2.191357998526655e-05
1776,1745723363.5812738,2.1925925466348417e-05
1777,1745723388.6221583,2.1938270947430283e-05
1778,1745723424.4515784,2.195061642851215e-05
1779,1745723442.6965928,2.1962963728583418e-05
1780,1745723464.4487486,2.1975309209665284e-05
1781,1745723504.458526,2.198765469074715e-05
1782,1745723510.0079505,2.2000000171829015e-05
1783,1745723742.5535538,2.201234565291088e-05
1784,1745723775.8429668,2.2024691133992746e-05
1785,1745723798.5934048,2.2037036615074612e-05
1786,1745723824.791059,2.2049382096156478e-05
1787,1745723852.8977554,2.2061727577238344e-05
1788,1745723880.7696478,2.2074074877309613e-05
1789,1745723908.4614272,2.208642035839148e-05
1790,1745723934.8902802,2.2098765839473344e-05
1791,1745723951.3934784,2.211111132055521e-05
1792,1745723983.9353244,2.2123456801637076e-05
1793,1745723996.4512346,2.213580228271894e-05
1794,1745724027.5995972,2.2148147763800807e-05
1795,1745724065.7623327,2.2160493244882673e-05
1796,1745724091.6007583,2.217283872596454e-05
1797,1745724109.7297351,2.2185186026035808e-05
1798,1745724140.1001499,2.2197531507117674e-05
1799,1745724176.5716488,2.220987698819954e-05
1800,1745724200.275132,2.2222222469281405e-05
1801,1745724225.7117014,2.223456795036327e-05
1802,1745724252.53141,2.2246913431445137e-05
1803,1745724278.0262985,2.2259258912527002e-05
1804,1745724315.8654473,2.2271604393608868e-05
1805,1745724339.5018504,2.2283949874690734e-05
1806,1745724371.6405485,2.2296297174762003e-05
1807,1745724396.0782278,2.230864265584387e-05
1808,1745724415.9977136,2.2320988136925735e-05
1809,1745724444.3210187,2.23333336180076e-05
1810,1745724470.8861294,2.2345679099089466e-05
1811,1745724504.56756,2.2358024580171332e-05
1812,1745724535.2210975,2.2370370061253197e-05
1813,1745724558.746353,2.2382715542335063e-05
1814,1745724585.059838,2.239506102341693e-05
1815,1745724607.872639,2.2407406504498795e-05
1816,1745724634.7213676,2.2419753804570064e-05
1817,1745724657.932324,2.243209928565193e-05
1818,1745724685.3447084,2.2444444766733795e-05
1819,1745724711.5113778,2.245679024781566e-05
1820,1745724743.8403454,2.2469135728897527e-05
1821,1745724771.589577,2.2481481209979393e-05
1822,1745724797.6283777,2.249382669106126e-05
1823,1745724823.4566936,2.2506172172143124e-05
1824,1745724854.640955,2.251851765322499e-05
1825,1745724883.6342883,2.253086495329626e-05
1826,1745724898.855993,2.2543210434378125e-05
1827,1745724929.379966,2.255555591545999e-05
1828,1745724974.0430021,2.2567901396541856e-05
1829,1745724993.345808,2.2580246877623722e-05
1830,1745725017.9615543,2.2592592358705588e-05
1831,1745725043.0349078,2.2604937839787453e-05
1832,1745725069.704171,2.261728332086932e-05
1833,1745725100.7320664,2.2629628801951185e-05
1834,1745725132.3033795,2.2641976102022454e-05
1835,1745725162.364529,2.265432158310432e-05
1836,1745725190.4660592,2.2666667064186186e-05
1837,1745725217.693433,2.267901254526805e-05
1838,1745725237.9116497,2.2691358026349917e-05
1839,1745725258.8642335,2.2703703507431783e-05
1840,1745725285.094847,2.271604898851365e-05
1841,1745725317.3408737,2.2728394469595514e-05
1842,1745725349.3547122,2.274073995067738e-05
1843,1745725372.012418,2.275308725074865e-05
1844,1745725390.2105021,2.2765432731830515e-05
1845,1745725416.4334402,2.277777821291238e-05
1846,1745725430.1940308,2.2790123693994246e-05
1847,1745725456.0137901,2.2802469175076112e-05
1848,1745725485.0053308,2.2814814656157978e-05
1849,1745725509.1776397,2.2827160137239844e-05
1850,1745725535.5648103,2.283950561832171e-05
1851,1745725560.3081863,2.2851851099403575e-05
1852,1745725588.0668283,2.2864198399474844e-05
1853,1745725610.4667213,2.287654388055671e-05
1854,1745725632.8727121,2.2888889361638576e-05
1855,1745725659.603261,2.290123484272044e-05
1856,1745725688.8450763,2.2913580323802307e-05
1857,1745725716.2421863,2.2925925804884173e-05
1858,1745725743.6043048,2.293827128596604e-05
1859,1745725770.0964985,2.2950616767047904e-05
1860,1745725792.932734,2.296296224812977e-05
1861,1745725818.829886,2.297530954820104e-05
1862,1745725845.464715,2.2987655029282905e-05
1863,1745725856.9067647,2.300000051036477e-05
1864,1745726102.916213,2.3012345991446637e-05
1865,1745726137.6985476,2.3024691472528502e-05
1866,1745726166.1592407,2.3037036953610368e-05
1867,1745726189.6656106,2.3049382434692234e-05
1868,1745726210.8348184,2.30617279157741e-05
1869,1745726242.1973948,2.3074073396855965e-05
1870,1745726275.7486706,2.308641887793783e-05
1871,1745726294.9094436,2.30987661780091e-05
1872,1745726314.7939243,2.3111111659090966e-05
1873,1745726341.7835157,2.3123457140172832e-05
1874,1745726369.809126,2.3135802621254697e-05
1875,1745726398.445794,2.3148148102336563e-05
1876,1745726422.143294,2.316049358341843e-05
1877,1745726451.0050447,2.3172839064500295e-05
1878,1745726479.3722746,2.318518454558216e-05
1879,1745726510.4041395,2.3197530026664026e-05
1880,1745726535.4916046,2.3209877326735295e-05
1881,1745726566.1407073,2.322222280781716e-05
1882,1745726600.8370414,2.3234568288899027e-05
1883,1745726646.9816244,2.3246913769980893e-05
1884,1745726677.2669878,2.3259259251062758e-05
1885,1745726698.608894,2.3271604732144624e-05
1886,1745726726.503861,2.328395021322649e-05
1887,1745726749.578995,2.3296295694308355e-05
1888,1745726775.4722226,2.330864117539022e-05
1889,1745726804.6113179,2.332098847546149e-05
1890,1745726831.3258204,2.3333333956543356e-05
1891,1745726855.9848728,2.3345679437625222e-05
1892,1745726874.5731566,2.3358024918707088e-05
1893,1745726903.0664504,2.3370370399788953e-05
1894,1745726935.8465116,2.338271588087082e-05
1895,1745726966.1987772,2.3395061361952685e-05
1896,1745726997.0206423,2.340740684303455e-05
1897,1745727031.4633467,2.3419752324116416e-05
1898,1745727062.4520102,2.3432099624187686e-05
1899,1745727105.3362987,2.344444510526955e-05
1900,1745727128.1331089,2.3456790586351417e-05
1901,1745727136.9378827,2.3469136067433283e-05
1902,1745727162.776799,2.348148154851515e-05
1903,1745727188.7241096,2.3493827029597014e-05
1904,1745727207.030466,2.350617251067888e-05
1905,1745727231.7418752,2.3518517991760746e-05
1906,1745727258.6108892,2.353086347284261e-05
1907,1745727288.2406712,2.354321077291388e-05
1908,1745727315.0992243,2.3555556253995746e-05
1909,1745727343.2716808,2.3567901735077612e-05
1910,1745727371.3072853,2.3580247216159478e-05
1911,1745727408.1796634,2.3592592697241344e-05
1912,1745727425.1322203,2.360493817832321e-05
1913,1745727452.473974,2.3617283659405075e-05
1914,1745727464.5312636,2.362962914048694e-05
1915,1745727487.3775132,2.3641974621568806e-05
1916,1745727517.3225381,2.3654320102650672e-05
1917,1745727538.632014,2.366666740272194e-05
1918,1745727568.3470557,2.3679012883803807e-05
1919,1745727581.2551978,2.3691358364885673e-05
1920,1745727603.8749785,2.370370384596754e-05
1921,1745727629.5619586,2.3716049327049404e-05
1922,1745727654.9691713,2.372839480813127e-05
1923,1745727685.3915653,2.3740740289213136e-05
1924,1745727702.6430292,2.3753085770295e-05
1925,1745727733.2664452,2.3765431251376867e-05
1926,1745727765.1864157,2.3777778551448137e-05
1927,1745727786.990953,2.3790124032530002e-05
1928,1745727831.9577198,2.3802469513611868e-05
1929,1745727839.6882265,2.3814814994693734e-05
1930,1745727867.9128232,2.38271604757756e-05
1931,1745727885.7668574,2.3839505956857465e-05
1932,1745727918.5078018,2.385185143793933e-05
1933,1745727941.6196005,2.3864196919021197e-05
1934,1745727965.0149593,2.3876542400103062e-05
1935,1745727988.5254364,2.388888970017433e-05
1936,1745728011.438777,2.3901235181256197e-05
1937,1745728036.10825,2.3913580662338063e-05
1938,1745728052.5052655,2.392592614341993e-05
1939,1745728082.0177202,2.3938271624501795e-05
1940,1745728106.8081996,2.395061710558366e-05
1941,1745728129.899027,2.3962962586665526e-05
1942,1745728154.93063,2.3975308067747392e-05
1943,1745728185.5756788,2.3987653548829257e-05
1944,1745728195.0177505,2.4000000848900527e-05
1945,1745728432.8609183,2.4012346329982392e-05
1946,1745728466.666279,2.4024691811064258e-05
1947,1745728491.7417905,2.4037037292146124e-05
1948,1745728535.2775388,2.404938277322799e-05
1949,1745728558.2651618,2.4061728254309855e-05
1950,1745728591.7333367,2.407407373539172e-05
1951,1745728626.1626794,2.4086419216473587e-05
1952,1745728648.6124551,2.4098764697555453e-05
1953,1745728672.40939,2.4111111997626722e-05
1954,1745728691.1024852,2.4123457478708588e-05
1955,1745728715.268754,2.4135802959790453e-05
1956,1745728740.978265,2.414814844087232e-05
1957,1745728771.3776333,2.4160493921954185e-05
1958,1745728799.3007262,2.417283940303605e-05
1959,1745728827.9715762,2.4185184884117916e-05
1960,1745728860.103922,2.4197530365199782e-05
1961,1745728897.7119057,2.4209875846281648e-05
1962,1745728920.14726,2.4222221327363513e-05
1963,1745728947.9086676,2.4234568627434783e-05
1964,1745728968.818832,2.424691410851665e-05
1965,1745728995.0094416,2.4259259589598514e-05
1966,1745729020.3963175,2.427160507068038e-05
1967,1745729036.6863256,2.4283950551762246e-05
1968,1745729066.4437613,2.429629603284411e-05
1969,1745729093.9763925,2.4308641513925977e-05
1970,1745729125.9867415,2.4320986995007843e-05
1971,1745729149.5855265,2.433333247608971e-05
1972,1745729169.2988994,2.4345679776160978e-05
1973,1745729196.2501886,2.4358025257242844e-05
1974,1745729221.282382,2.437037073832471e-05
1975,1745729250.7796206,2.4382716219406575e-05
1976,1745729276.14794,2.439506170048844e-05
1977,1745729307.89016,2.4407407181570306e-05
1978,1745729340.767248,2.4419752662652172e-05
1979,1745729362.7215147,2.4432098143734038e-05
1980,1745729388.753148,2.4444443624815904e-05
1981,1745729410.6381683,2.4456790924887173e-05
1982,1745729436.3657367,2.446913640596904e-05
1983,1745729461.1750677,2.4481481887050904e-05
1984,1745729492.475958,2.449382736813277e-05
1985,1745729508.1726027,2.4506172849214636e-05
1986,1745729535.8642728,2.45185183302965e-05
1987,1745729563.5299625,2.4530863811378367e-05
1988,1745729590.6186876,2.4543209292460233e-05
1989,1745729616.8411226,2.45555547735421e-05
1990,1745729654.043692,2.4567902073613368e-05
1991,1745729684.9969602,2.4580247554695234e-05
1992,1745729698.5718157,2.45925930357771e-05
1993,1745729718.6935375,2.4604938516858965e-05
1994,1745729745.8332672,2.461728399794083e-05
1995,1745729778.6120443,2.4629629479022697e-05
1996,1745729809.9873006,2.4641974960104562e-05
1997,1745729840.742784,2.4654320441186428e-05
1998,1745729855.9944382,2.4666665922268294e-05
1999,1745729883.3749404,2.4679013222339563e-05
2000,1745729912.5467005,2.469135870342143e-05
2001,1745729953.1577747,2.4703704184503295e-05
2002,1745729988.593223,2.471604966558516e-05
2003,1745730026.5170035,2.4728395146667026e-05
2004,1745730061.378423,2.4740740627748892e-05
2005,1745730092.811027,2.4753086108830757e-05
2006,1745730112.1610708,2.4765431589912623e-05
2007,1745730134.6820502,2.477777707099449e-05
2008,1745730160.7219763,2.4790122552076355e-05
2009,1745730192.394681,2.4802469852147624e-05
2010,1745730213.4637742,2.481481533322949e-05
2011,1745730239.4342482,2.4827160814311355e-05
2012,1745730264.7981427,2.483950629539322e-05
2013,1745730288.5745847,2.4851851776475087e-05
2014,1745730317.9747663,2.4864197257556953e-05
2015,1745730343.0325367,2.4876542738638818e-05
2016,1745730371.0198083,2.4888888219720684e-05
2017,1745730394.5672493,2.490123370080255e-05
2018,1745730419.4222076,2.491358100087382e-05
2019,1745730447.1694853,2.4925926481955685e-05
2020,1745730470.8177521,2.493827196303755e-05
2021,1745730495.828165,2.4950617444119416e-05
2022,1745730523.3843906,2.4962962925201282e-05
2023,1745730552.3792691,2.4975308406283148e-05
2024,1745730580.3789663,2.4987653887365013e-05
2025,1745730589.984141,2.499999936844688e-05
2026,1745730814.2102559,2.5012344849528745e-05
2027,1745730843.6579554,2.5024692149600014e-05
2028,1745730869.015131,2.503703763068188e-05
2029,1745730892.6176753,2.5049383111763746e-05
2030,1745730915.85168,2.506172859284561e-05
2031,1745730941.437782,2.5074074073927477e-05
2032,1745730968.5806935,2.5086419555009343e-05
2033,1745730996.4704006,2.509876503609121e-05
2034,1745731016.35472,2.5111110517173074e-05
2035,1745731046.4504464,2.512345599825494e-05
2036,1745731067.143099,2.513580329832621e-05
2037,1745731088.7401817,2.5148148779408075e-05
2038,1745731112.7379315,2.516049426048994e-05
2039,1745731143.5711143,2.5172839741571806e-05
2040,1745731180.1439476,2.5185185222653672e-05
2041,1745731219.4830964,2.5197530703735538e-05
2042,1745731232.806471,2.5209876184817404e-05
2043,1745731254.596288,2.522222166589927e-05
2044,1745731270.1983967,2.5234567146981135e-05
2045,1745731299.153153,2.5246914447052404e-05
2046,1745731320.066778,2.525925992813427e-05
2047,1745731351.8419788,2.5271605409216136e-05
2048,1745731377.846216,2.5283950890298e-05
2049,1745731389.2850447,2.5296296371379867e-05
2050,1745731418.561216,2.5308641852461733e-05
2051,1745731449.6515367,2.53209873335436e-05
2052,1745731480.7201717,2.5333332814625464e-05
2053,1745731501.731819,2.534567829570733e-05
2054,1745731531.7665963,2.53580255957786e-05
2055,1745731559.985574,2.5370371076860465e-05
2056,1745731583.151395,2.538271655794233e-05
2057,1745731606.3992772,2.5395062039024197e-05
2058,1745731635.3272855,2.5407407520106062e-05
2059,1745731665.8574746,2.5419753001187928e-05
2060,1745731689.3423162,2.5432098482269794e-05
2061,1745731726.217609,2.544444396335166e-05
2062,1745731758.507625,2.5456789444433525e-05
2063,1745731785.0733762,2.546913492551539e-05
2064,1745731800.5135193,2.548148222558666e-05
2065,1745731828.733053,2.5493827706668526e-05
2066,1745731850.3199515,2.550617318775039e-05
2067,1745731863.9542074,2.5518518668832257e-05
2068,1745731889.1130676,2.5530864149914123e-05
2069,1745731917.076551,2.554320963099599e-05
2070,1745731941.322195,2.5555555112077855e-05
2071,1745731969.5185308,2.556790059315972e-05
2072,1745731997.2967067,2.5580246074241586e-05
2073,1745732024.8928654,2.5592593374312855e-05
2074,1745732054.2962573,2.560493885539472e-05
2075,1745732075.636627,2.5617284336476587e-05
2076,1745732117.5244122,2.5629629817558452e-05
2077,1745732133.1526332,2.5641975298640318e-05
2078,1745732159.80152,2.5654320779722184e-05
2079,1745732181.3050368,2.566666626080405e-05
2080,1745732204.1511497,2.5679011741885915e-05
2081,1745732232.2225916,2.569135722296778e-05
2082,1745732261.3603945,2.570370452303905e-05
2083,1745732286.306108,2.5716050004120916e-05
2084,1745732302.5282938,2.5728395485202782e-05
2085,1745732323.583813,2.5740740966284648e-05
2086,1745732341.5488977,2.5753086447366513e-05
2087,1745732376.5487008,2.576543192844838e-05
2088,1745732404.111496,2.5777777409530245e-05
2089,1745732434.2825499,2.579012289061211e-05
2090,1745732443.7000194,2.5802468371693976e-05
2091,1745732479.6353104,2.5814815671765245e-05
2092,1745732510.8351173,2.582716115284711e-05
2093,1745732525.2837896,2.5839506633928977e-05
2094,1745732553.353824,2.5851852115010843e-05
2095,1745732577.5717466,2.586419759609271e-05
2096,1745732605.93149,2.5876543077174574e-05
2097,1745732641.1838398,2.588888855825644e-05
2098,1745732665.777698,2.5901234039338306e-05
2099,1745732689.2919345,2.591357952042017e-05
2100,1745732709.7392206,2.592592682049144e-05
2101,1745732735.5755236,2.5938272301573306e-05
2102,1745732764.195433,2.5950617782655172e-05
2103,1745732783.5739627,2.5962963263737038e-05
2104,1745732805.5984967,2.5975308744818904e-05
2105,1745732837.0309234,2.598765422590077e-05
2106,1745732848.7877033,2.5999999706982635e-05
2107,1745733097.1656816,2.60123451880645e-05
2108,1745733120.3769546,2.6024690669146366e-05
2109,1745733152.1532073,2.6037036150228232e-05
2110,1745733172.2271109,2.60493834502995e-05
2111,1745733197.3609943,2.6061728931381367e-05
2112,1745733221.5529284,2.6074074412463233e-05
2113,1745733251.5859644,2.60864198935451e-05
2114,1745733288.2312796,2.6098765374626964e-05
2115,1745733316.6472292,2.611111085570883e-05
2116,1745733344.1541877,2.6123456336790696e-05
2117,1745733382.698403,2.613580181787256e-05
2118,1745733410.8197713,2.6148147298954427e-05
2119,1745733434.8624313,2.6160494599025697e-05
2120,1745733468.1383746,2.6172840080107562e-05
2121,1745733481.1349275,2.6185185561189428e-05
2122,1745733516.7506852,2.6197531042271294e-05
2123,1745733528.2885985,2.620987652335316e-05
2124,1745733555.8863943,2.6222222004435025e-05
2125,1745733578.4971864,2.623456748551689e-05
2126,1745733604.3277519,2.6246912966598757e-05
2127,1745733630.7831764,2.6259258447680622e-05
2128,1745733661.691326,2.627160574775189e-05
2129,1745733691.0670533,2.6283951228833757e-05
2130,1745733715.7062557,2.6296296709915623e-05
2131,1745733738.9730666,2.630864219099749e-05
2132,1745733766.979121,2.6320987672079355e-05
2133,1745733787.948431,2.633333315316122e-05
2134,1745733815.6661062,2.6345678634243086e-05
2135,1745733845.0078447,2.6358024115324952e-05
2136,1745733882.8722575,2.6370369596406817e-05
2137,1745733892.971432,2.6382716896478087e-05
2138,1745733924.7217624,2.6395062377559952e-05
2139,1745733945.4662437,2.6407407858641818e-05
2140,1745733969.8567762,2.6419753339723684e-05
2141,1745734005.4260147,2.643209882080555e-05
2142,1745734037.3720124,2.6444444301887415e-05
2143,1745734045.9828684,2.645678978296928e-05
2144,1745734074.5717247,2.6469135264051147e-05
2145,1745734111.3783846,2.6481480745133013e-05
2146,1745734121.5863845,2.6493828045204282e-05
2147,1745734148.2355483,2.6506173526286148e-05
2148,1745734176.218802,2.6518519007368013e-05
2149,1745734197.8999474,2.653086448844988e-05
2150,1745734227.1232014,2.6543209969531745e-05
2151,1745734253.587957,2.655555545061361e-05
2152,1745734279.1945307,2.6567900931695476e-05
2153,1745734299.5367074,2.6580246412777342e-05
2154,1745734330.0617337,2.6592591893859208e-05
2155,1745734355.6108162,2.6604937374941073e-05
2156,1745734376.1606946,2.6617284675012343e-05
2157,1745734404.0091088,2.662963015609421e-05
2158,1745734425.1977148,2.6641975637176074e-05
2159,1745734445.1787052,2.665432111825794e-05
2160,1745734465.5322626,2.6666666599339806e-05
2161,1745734490.6699965,2.667901208042167e-05
2162,1745734516.8533752,2.6691357561503537e-05
2163,1745734540.8998117,2.6703703042585403e-05
2164,1745734568.4968576,2.671604852366727e-05
2165,1745734587.7688532,2.6728395823738538e-05
2166,1745734619.967607,2.6740741304820403e-05
2167,1745734655.322563,2.675308678590227e-05
2168,1745734682.386668,2.6765432266984135e-05
2169,1745734694.6278377,2.6777777748066e-05
2170,1745734720.4959245,2.6790123229147866e-05
2171,1745734749.735656,2.6802468710229732e-05
2172,1745734782.5786262,2.6814814191311598e-05
2173,1745734811.8277116,2.6827159672393464e-05
2174,1745734830.2351954,2.6839506972464733e-05
2175,1745734849.5126069,2.68518524535466e-05
2176,1745734876.9394724,2.6864197934628464e-05
2177,1745734906.5117846,2.687654341571033e-05
2178,1745734918.7018473,2.6888888896792196e-05
2179,1745734947.4107158,2.690123437787406e-05
2180,1745734979.5037153,2.6913579858955927e-05
2181,1745735002.2942188,2.6925925340037793e-05
2182,1745735020.7677464,2.693827082111966e-05
2183,1745735051.7270417,2.6950618121190928e-05
2184,1745735072.3089006,2.6962963602272794e-05
2185,1745735091.49069,2.697530908335466e-05
2186,1745735116.019949,2.6987654564436525e-05
2187,1745735123.261093,2.700000004551839e-05
2188,1745735379.6417265,2.7012345526600257e-05
2189,1745735404.556184,2.7024691007682122e-05
2190,1745735421.6614592,2.7037036488763988e-05
2191,1745735456.5685437,2.7049381969845854e-05
2192,1745735482.1752524,2.7061729269917123e-05
2193,1745735508.860103,2.707407475099899e-05
2194,1745735533.381486,2.7086420232080854e-05
2195,1745735569.868171,2.709876571316272e-05
2196,1745735595.0543594,2.7111111194244586e-05
2197,1745735619.2563782,2.712345667532645e-05
2198,1745735630.3846874,2.7135802156408317e-05
2199,1745735655.5255206,2.7148147637490183e-05
2200,1745735689.5282648,2.716049311857205e-05
2201,1745735721.0679715,2.7172838599653915e-05
2202,1745735754.5885284,2.7185185899725184e-05
2203,1745735780.4191546,2.719753138080705e-05
2204,1745735803.9028227,2.7209876861888915e-05
2205,1745735824.9374115,2.722222234297078e-05
2206,1745735853.2117932,2.7234567824052647e-05
2207,1745735888.4429665,2.7246913305134512e-05
2208,1745735908.9441547,2.7259258786216378e-05
2209,1745735932.9985003,2.7271604267298244e-05
2210,1745735955.497366,2.728394974838011e-05
2211,1745735974.8887663,2.729629704845138e-05
2212,1745735993.665629,2.7308642529533245e-05
2213,1745736021.6984942,2.732098801061511e-05
2214,1745736054.3187249,2.7333333491696976e-05
2215,1745736079.5117338,2.7345678972778842e-05
2216,1745736106.3044417,2.7358024453860708e-05
2217,1745736128.000846,2.7370369934942573e-05
2218,1745736152.387313,2.738271541602444e-05
2219,1745736178.0506656,2.7395060897106305e-05
2220,1745736201.720629,2.7407408197177574e-05
2221,1745736230.7131746,2.741975367825944e-05
2222,1745736265.1514761,2.7432099159341305e-05
2223,1745736276.9229417,2.744444464042317e-05
2224,1745736308.780656,2.7456790121505037e-05
2225,1745736337.8374174,2.7469135602586903e-05
2226,1745736359.2655852,2.748148108366877e-05
2227,1745736375.798962,2.7493826564750634e-05
2228,1745736409.1855392,2.75061720458325e-05
2229,1745736441.8198771,2.751851934590377e-05
2230,1745736452.0767813,2.7530864826985635e-05
2231,1745736478.4990218,2.75432103080675e-05
2232,1745736509.5196285,2.7555555789149366e-05
2233,1745736538.4810464,2.7567901270231232e-05
2234,1745736563.4915133,2.7580246751313098e-05
2235,1745736574.1047237,2.7592592232394964e-05
2236,1745736607.999711,2.760493771347683e-05
2237,1745736637.7600286,2.7617283194558695e-05
2238,1745736677.879925,2.7629630494629964e-05
2239,1745736690.9058757,2.764197597571183e-05
2240,1745736712.607101,2.7654321456793696e-05
2241,1745736726.7909071,2.766666693787556e-05
2242,1745736757.5361042,2.7679012418957427e-05
2243,1745736768.4392662,2.7691357900039293e-05
2244,1745736791.9546382,2.770370338112116e-05
2245,1745736825.9796338,2.7716048862203024e-05
2246,1745736849.2025108,2.772839434328489e-05
2247,1745736881.8362856,2.774074164335616e-05
2248,1745736895.1679852,2.7753087124438025e-05
2249,1745736923.339687,2.776543260551989e-05
2250,1745736955.1125805,2.7777778086601757e-05
2251,1745736974.1098745,2.7790123567683622e-05
2252,1745737009.738484,2.7802469048765488e-05
2253,1745737024.1226242,2.7814814529847354e-05
2254,1745737054.4818292,2.782716001092922e-05
2255,1745737079.265135,2.7839505492011085e-05
2256,1745737104.7464705,2.785185097309295e-05
2257,1745737118.2358167,2.786419827316422e-05
2258,1745737153.2981226,2.7876543754246086e-05
2259,1745737180.8520408,2.788888923532795e-05
2260,1745737206.8008513,2.7901234716409817e-05
2261,1745737229.1645322,2.7913580197491683e-05
2262,1745737252.838142,2.792592567857355e-05
2263,1745737289.3011985,2.7938271159655415e-05
2264,1745737316.852139,2.795061664073728e-05
2265,1745737335.4402208,2.7962962121819146e-05
2266,1745737365.9204235,2.7975309421890415e-05
2267,1745737384.2687194,2.798765490297228e-05
2268,1745737398.6156778,2.8000000384054147e-05
2269,1745737641.576679,2.8012345865136012e-05
2270,1745737675.7346153,2.8024691346217878e-05
2271,1745737710.2297027,2.8037036827299744e-05
2272,1745737724.6098402,2.804938230838161e-05
2273,1745737745.355983,2.8061727789463475e-05
2274,1745737774.791299,2.807407327054534e-05
2275,1745737810.051965,2.808642057061661e-05
2276,1745737837.0720053,2.8098766051698476e-05
2277,1745737868.7267141,2.8111111532780342e-05
2278,1745737902.5050433,2.8123457013862208e-05
2279,1745737929.9656758,2.8135802494944073e-05
2280,1745737959.5055432,2.814814797602594e-05
2281,1745737975.21474,2.8160493457107805e-05
2282,1745738004.5973952,2.817283893818967e-05
2283,1745738030.4131875,2.8185184419271536e-05
2284,1745738050.8571873,2.8197531719342805e-05
2285,1745738080.297627,2.820987720042467e-05
2286,1745738112.023426,2.8222222681506537e-05
2287,1745738125.878792,2.8234568162588403e-05
2288,1745738147.6849875,2.824691364367027e-05
2289,1745738182.1462946,2.8259259124752134e-05
2290,1745738217.3586268,2.8271604605834e-05
2291,1745738242.2729843,2.8283950086915866e-05
2292,1745738268.0908048,2.829629556799773e-05
2293,1745738294.922613,2.8308642868069e-05
2294,1745738312.7251585,2.8320988349150866e-05
2295,1745738346.860113,2.8333333830232732e-05
2296,1745738369.504317,2.8345679311314598e-05
2297,1745738395.9917896,2.8358024792396463e-05
2298,1745738425.1200273,2.837037027347833e-05
2299,1745738456.308796,2.8382715754560195e-05
2300,1745738476.091229,2.839506123564206e-05
2301,1745738499.009576,2.8407406716723926e-05
2302,1745738524.5334694,2.8419752197805792e-05
2303,1745738562.6692545,2.843209949787706e-05
2304,1745738572.528199,2.8444444978958927e-05
2305,1745738598.3747175,2.8456790460040793e-05
2306,1745738629.702426,2.846913594112266e-05
2307,1745738637.6889305,2.8481481422204524e-05
2308,1745738664.1755912,2.849382690328639e-05
2309,1745738685.5854897,2.8506172384368256e-05
2310,1745738711.2881465,2.851851786545012e-05
2311,1745738731.6852465,2.8530863346531987e-05
2312,1745738762.568787,2.8543210646603256e-05
2313,1745738786.7652302,2.8555556127685122e-05
2314,1745738809.7943063,2.8567901608766988e-05
2315,1745738841.1169286,2.8580247089848854e-05
2316,1745738879.7977831,2.859259257093072e-05
2317,1745738909.8517678,2.8604938052012585e-05
2318,1745738936.6658325,2.861728353309445e-05
2319,1745738975.66974,2.8629629014176317e-05
2320,1745738995.833479,2.8641974495258182e-05
2321,1745739030.3741531,2.865432179532945e-05
2322,1745739050.280233,2.8666667276411317e-05
2323,1745739073.553694,2.8679012757493183e-05
2324,1745739096.723422,2.869135823857505e-05
2325,1745739121.3556645,2.8703703719656914e-05
2326,1745739154.124367,2.871604920073878e-05
2327,1745739180.3234634,2.8728394681820646e-05
2328,1745739206.265423,2.874074016290251e-05
2329,1745739233.422848,2.8753085643984377e-05
2330,1745739258.8059115,2.8765432944055647e-05
2331,1745739282.8182917,2.8777778425137512e-05
2332,1745739307.4317415,2.8790123906219378e-05
2333,1745739332.8666427,2.8802469387301244e-05
2334,1745739363.7305567,2.881481486838311e-05
2335,1745739390.2221801,2.8827160349464975e-05
2336,1745739421.770865,2.883950583054684e-05
2337,1745739457.3089118,2.8851851311628707e-05
2338,1745739478.3013756,2.8864196792710572e-05
2339,1745739506.2845082,2.8876544092781842e-05
2340,1745739533.576541,2.8888889573863707e-05
2341,1745739557.707161,2.8901235054945573e-05
2342,1745739584.3944523,2.891358053602744e-05
2343,1745739608.393094,2.8925926017109305e-05
2344,1745739634.7990274,2.893827149819117e-05
2345,1745739664.7137444,2.8950616979273036e-05
2346,1745739673.6927333,2.8962962460354902e-05
2347,1745739704.1984062,2.8975307941436768e-05
2348,1745739729.8905003,2.8987653422518633e-05
2349,1745739736.9259212,2.9000000722589903e-05
2350,1745739989.026644,2.901234620367177e-05
2351,1745740004.2820108,2.9024691684753634e-05
2352,1745740034.758357,2.90370371658355e-05
2353,1745740070.299318,2.9049382646917365e-05
2354,1745740102.5465267,2.906172812799923e-05
2355,1745740126.439886,2.9074073609081097e-05
2356,1745740142.9050546,2.9086419090162963e-05
2357,1745740172.6444674,2.909876457124483e-05
2358,1745740186.7913122,2.9111111871316098e-05
2359,1745740213.4275627,2.9123457352397963e-05
2360,1745740240.9698606,2.913580283347983e-05
2361,1745740266.6427348,2.9148148314561695e-05
2362,1745740299.8399153,2.916049379564356e-05
2363,1745740326.2572117,2.9172839276725426e-05
2364,1745740355.3541543,2.9185184757807292e-05
2365,1745740401.3384647,2.9197530238889158e-05
2366,1745740429.0389454,2.9209875719971023e-05
2367,1745740455.8250546,2.9222223020042293e-05
2368,1745740482.7848744,2.923456850112416e-05
2369,1745740504.047751,2.9246913982206024e-05
2370,1745740524.7322187,2.925925946328789e-05
2371,1745740540.5001917,2.9271604944369756e-05
2372,1745740575.7841885,2.928395042545162e-05
2373,1745740597.06561,2.9296295906533487e-05
2374,1745740628.875299,2.9308641387615353e-05
2375,1745740643.751682,2.932098686869722e-05
2376,1745740667.3729472,2.9333334168768488e-05
2377,1745740696.261144,2.9345679649850354e-05
2378,1745740730.0066128,2.935802513093222e-05
2379,1745740745.6530507,2.9370370612014085e-05
2380,1745740765.7116556,2.938271609309595e-05
2381,1745740800.7829154,2.9395061574177817e-05
2382,1745740823.2908459,2.9407407055259682e-05
2383,1745740852.2010765,2.9419752536341548e-05
2384,1745740878.453495,2.9432098017423414e-05
2385,1745740905.4296737,2.9444445317494683e-05
2386,1745740934.3799553,2.945679079857655e-05
2387,1745740948.7645357,2.9469136279658414e-05
2388,1745740981.7807224,2.948148176074028e-05
2389,1745740996.5300791,2.9493827241822146e-05
2390,1745741021.8037212,2.950617272290401e-05
2391,1745741036.4994447,2.9518518203985877e-05
2392,1745741059.5611668,2.9530863685067743e-05
2393,1745741089.0481586,2.954320916614961e-05
2394,1745741115.694678,2.9555554647231475e-05
2395,1745741144.7315884,2.9567901947302744e-05
2396,1745741165.3478339,2.958024742838461e-05
2397,1745741194.7177312,2.9592592909466475e-05
2398,1745741216.3153737,2.960493839054834e-05
2399,1745741243.6399384,2.9617283871630207e-05
2400,1745741264.3797922,2.9629629352712072e-05
2401,1745741286.3257504,2.9641974833793938e-05
2402,1745741298.5524092,2.9654320314875804e-05
2403,1745741329.6471355,2.966666579595767e-05
2404,1745741365.1554193,2.967901309602894e-05
2405,1745741387.2311037,2.9691358577110805e-05
2406,1745741405.1506848,2.970370405819267e-05
2407,1745741432.0189424,2.9716049539274536e-05
2408,1745741465.912898,2.9728395020356402e-05
2409,1745741486.5436645,2.9740740501438268e-05
2410,1745741508.773278,2.9753085982520133e-05
2411,1745741543.490833,2.9765431463602e-05
2412,1745741552.1395504,2.9777776944683865e-05
2413,1745741576.939169,2.9790124244755134e-05
2414,1745741622.0100362,2.9802469725837e-05
2415,1745741631.1281123,2.9814815206918865e-05
2416,1745741658.645671,2.982716068800073e-05
2417,1745741687.8777993,2.9839506169082597e-05
2418,1745741703.5078106,2.9851851650164463e-05
2419,1745741730.079024,2.986419713124633e-05
2420,1745741754.0688727,2.9876542612328194e-05
2421,1745741786.8412213,2.988888809341006e-05
2422,1745741808.1787121,2.990123539348133e-05
2423,1745741839.1323009,2.9913580874563195e-05
2424,1745741865.3148012,2.992592635564506e-05
2425,1745741880.976551,2.9938271836726926e-05
2426,1745741903.8996775,2.9950617317808792e-05
2427,1745741933.8737688,2.9962962798890658e-05
2428,1745741944.8276587,2.9975308279972523e-05
2429,1745741983.240375,2.998765376105439e-05
2430,1745741991.5196784,2.9999999242136255e-05
2431,1745742267.3093774,2.999862772412598e-05
2432,1745742289.031196,2.9997256206115708e-05
2433,1745742318.5568748,2.9995884688105434e-05
2434,1745742342.8857448,2.999451317009516e-05
2435,1745742365.8532774,2.9993141652084887e-05
2436,1745742395.7052844,2.9991770134074613e-05
2437,1745742426.946712,2.999039861606434e-05
2438,1745742440.9794612,2.9989025279064663e-05
2439,1745742468.985735,2.998765376105439e-05
2440,1745742498.9714036,2.9986282243044116e-05
2441,1745742535.3510563,2.9984910725033842e-05
2442,1745742565.3295207,2.998353920702357e-05
2443,1745742605.5436728,2.9982167689013295e-05
2444,1745742627.6890068,2.998079617100302e-05
2445,1745742656.0436287,2.9979424652992748e-05
2446,1745742668.1851466,2.997805131599307e-05
2447,1745742692.9301474,2.9976679797982797e-05
2448,1745742723.9655783,2.9975308279972523e-05
2449,1745742754.6211984,2.997393676196225e-05
2450,1745742784.125434,2.9972565243951976e-05
2451,1745742816.3081048,2.9971193725941703e-05
2452,1745742836.7518437,2.996982220793143e-05
2453,1745742863.2905269,2.9968450689921156e-05
2454,1745742897.6640513,2.996707735292148e-05
2455,1745742915.2247856,2.9965705834911205e-05
2456,1745742940.2602277,2.996433431690093e-05
2457,1745742982.7883315,2.9962962798890658e-05
2458,1745743001.3776658,2.9961591280880384e-05
2459,1745743023.135441,2.996021976287011e-05
2460,1745743050.0920722,2.9958848244859837e-05
2461,1745743074.196914,2.9957476726849563e-05
2462,1745743097.8758526,2.9956103389849886e-05
2463,1745743123.491458,2.9954731871839613e-05
2464,1745743153.224627,2.995336035382934e-05
2465,1745743177.2612808,2.9951988835819066e-05
2466,1745743221.5267181,2.9950617317808792e-05
2467,1745743244.209347,2.994924579979852e-05
2468,1745743260.4717681,2.9947874281788245e-05
2469,1745743284.784172,2.994650276377797e-05
2470,1745743325.5043795,2.9945129426778294e-05
2471,1745743352.3426921,2.994375790876802e-05
2472,1745743373.0182903,2.9942386390757747e-05
2473,1745743406.495724,2.9941014872747473e-05
2474,1745743418.5362468,2.99396433547372e-05
2475,1745743448.758012,2.9938271836726926e-05
2476,1745743455.7332294,2.9936900318716653e-05
2477,1745743489.445823,2.993552880070638e-05
2478,1745743516.0644176,2.9934157282696106e-05
2479,1745743541.6146367,2.993278394569643e-05
2480,1745743566.4568846,2.9931412427686155e-05
2481,1745743604.1577406,2.993004090967588e-05
2482,1745743629.1699085,2.9928669391665608e-05
2483,1745743647.9489095,2.9927297873655334e-05
2484,1745743679.3231266,2.992592635564506e-05
2485,1745743706.765729,2.9924554837634787e-05
2486,1745743717.5951657,2.9923183319624513e-05
2487,1745743745.975009,2.9921809982624836e-05
2488,1745743776.8066816,2.9920438464614563e-05
2489,1745743791.190479,2.991906694660429e-05
2490,1745743818.4293296,2.9917695428594016e-05
2491,1745743848.7777863,2.9916323910583742e-05
2492,1745743881.4157548,2.991495239257347e-05
2493,1745743911.847801,2.9913580874563195e-05
2494,1745743943.4916017,2.991220935655292e-05
2495,1745743967.235654,2.9910836019553244e-05
2496,1745743993.0968416,2.990946450154297e-05
2497,1745744022.6788924,2.9908092983532697e-05
2498,1745744058.7388208,2.9906721465522423e-05
2499,1745744080.9602916,2.990534994751215e-05
2500,1745744109.216547,2.9903978429501876e-05
2501,1745744130.2940874,2.9902606911491603e-05
2502,1745744161.4249616,2.990123539348133e-05
2503,1745744191.8283157,2.9899862056481652e-05
2504,1745744206.2978125,2.989849053847138e-05
2505,1745744227.8892932,2.9897119020461105e-05
2506,1745744244.537175,2.989574750245083e-05
2507,1745744270.8339741,2.9894375984440558e-05
2508,1745744300.762246,2.9893004466430284e-05
2509,1745744313.834211,2.989163294842001e-05
2510,1745744344.2986224,2.9890261430409737e-05
2511,1745744352.3784807,2.988888809341006e-05
2512,1745744616.7584121,2.9887516575399786e-05
2513,1745744633.4640055,2.9886145057389513e-05
2514,1745744659.5342956,2.988477353937924e-05
2515,1745744682.8440027,2.9883402021368966e-05
2516,1745744709.9300742,2.9882030503358692e-05
2517,1745744740.804931,2.988065898534842e-05
2518,1745744769.470632,2.9879287467338145e-05
2519,1745744804.0015635,2.9877914130338468e-05
2520,1745744838.4678538,2.9876542612328194e-05
2521,1745744873.990786,2.987517109431792e-05
2522,1745744885.3291996,2.9873799576307647e-05
2523,1745744907.3867097,2.9872428058297373e-05
2524,1745744935.8848388,2.98710565402871e-05
2525,1745744964.9583862,2.9869685022276826e-05
2526,1745744998.4982078,2.9868313504266553e-05
2527,1745745030.0550494,2.9866940167266876e-05
2528,1745745065.4553185,2.9865568649256602e-05
2529,1745745106.8873923,2.986419713124633e-05
2530,1745745139.063362,2.9862825613236055e-05
2531,1745745149.0737236,2.986145409522578e-05
2532,1745745175.2593331,2.9860082577215508e-05
2533,1745745204.6732743,2.9858711059205234e-05
2534,1745745217.8024843,2.985733954119496e-05
2535,1745745244.097721,2.9855966204195283e-05
2536,1745745278.0539386,2.985459468618501e-05
2537,1745745293.1504867,2.9853223168174736e-05
2538,1745745314.5582483,2.9851851650164463e-05
2539,1745745344.135431,2.985048013215419e-05
2540,1745745366.6667733,2.9849108614143915e-05
2541,1745745396.9605129,2.9847737096133642e-05
2542,1745745429.9149241,2.984636557812337e-05
2543,1745745449.8207533,2.984499224112369e-05
2544,1745745467.3201652,2.9843620723113418e-05
2545,1745745498.221813,2.9842249205103144e-05
2546,1745745529.8946834,2.984087768709287e-05
2547,1745745545.7707744,2.9839506169082597e-05
2548,1745745568.2561526,2.9838134651072323e-05
2549,1745745592.139764,2.983676313306205e-05
2550,1745745624.7771575,2.9835391615051776e-05
2551,1745745657.393252,2.9834020097041503e-05
2552,1745745690.403746,2.9832646760041825e-05
2553,1745745719.0321145,2.9831275242031552e-05
2554,1745745751.556338,2.982990372402128e-05
2555,1745745766.7400384,2.9828532206011005e-05
2556,1745745794.5672936,2.982716068800073e-05
2557,1745745820.182146,2.9825789169990458e-05
2558,1745745846.9363966,2.9824417651980184e-05
2559,1745745883.8854966,2.982304613396991e-05
2560,1745745901.0271006,2.9821672796970233e-05
2561,1745745921.9992964,2.982030127895996e-05
2562,1745745945.2272394,2.9818929760949686e-05
2563,1745745973.5215392,2.9817558242939413e-05
2564,1745746012.70339,2.981618672492914e-05
2565,1745746037.2963834,2.9814815206918865e-05
2566,1745746044.066822,2.9813443688908592e-05
2567,1745746077.1098816,2.9812072170898318e-05
2568,1745746100.0591958,2.981069883389864e-05
2569,1745746134.5444245,2.9809327315888368e-05
2570,1745746150.6891928,2.9807955797878094e-05
2571,1745746181.8667479,2.980658427986782e-05
2572,1745746198.611757,2.9805212761857547e-05
2573,1745746229.9250326,2.9803841243847273e-05
2574,1745746250.3957267,2.9802469725837e-05
2575,1745746276.984302,2.9801098207826726e-05
2576,1745746305.5096552,2.979972487082705e-05
2577,1745746341.6268466,2.9798353352816775e-05
2578,1745746358.1201894,2.9796981834806502e-05
2579,1745746380.9938445,2.9795610316796228e-05
2580,1745746419.914548,2.9794238798785955e-05
2581,1745746455.242469,2.979286728077568e-05
2582,1745746487.2981114,2.9791495762765408e-05
2583,1745746497.3097255,2.9790124244755134e-05
2584,1745746524.307377,2.9788750907755457e-05
2585,1745746547.6480148,2.9787379389745183e-05
2586,1745746576.4793189,2.978600787173491e-05
2587,1745746607.3907368,2.9784636353724636e-05
2588,1745746629.23382,2.9783264835714363e-05
2589,1745746649.0531178,2.978189331770409e-05
2590,1745746671.154285,2.9780521799693815e-05
2591,1745746704.5329027,2.9779150281683542e-05
2592,1745746715.0459816,2.9777776944683865e-05
2593,1745746977.1839287,2.977640542667359e-05
2594,1745747006.6907592,2.9775033908663318e-05
2595,1745747034.4242084,2.9773662390653044e-05
2596,1745747062.1436374,2.977229087264277e-05
2597,1745747087.8235784,2.9770919354632497e-05
2598,1745747109.8164716,2.9769547836622223e-05
2599,1745747142.196172,2.976817631861195e-05
2600,1745747163.258324,2.9766802981612273e-05
2601,1745747186.6682734,2.9765431463602e-05
2602,1745747210.6749148,2.9764059945591725e-05
2603,1745747242.8352532,2.9762688427581452e-05
2604,1745747274.0592349,2.9761316909571178e-05
2605,1745747303.3452713,2.9759945391560905e-05
2606,1745747335.286743,2.975857387355063e-05
2607,1745747350.5300195,2.9757202355540358e-05
2608,1745747368.8595781,2.975582901854068e-05
2609,1745747389.5131912,2.9754457500530407e-05
2610,1745747424.964163,2.9753085982520133e-05
2611,1745747446.491217,2.975171446450986e-05
2612,1745747470.4280725,2.9750342946499586e-05
2613,1745747484.899028,2.9748971428489313e-05
2614,1745747510.7860155,2.974759991047904e-05
2615,1745747539.6071157,2.9746228392468765e-05
2616,1745747568.6351035,2.9744856874458492e-05
2617,1745747603.8871331,2.9743483537458815e-05
2618,1745747619.5011942,2.974211201944854e-05
2619,1745747651.641386,2.9740740501438268e-05
2620,1745747668.869584,2.9739368983427994e-05
2621,1745747703.183429,2.973799746541772e-05
2622,1745747715.263311,2.9736625947407447e-05
2623,1745747741.2902062,2.9735254429397173e-05
2624,1745747755.3051171,2.97338829113869e-05
2625,1745747793.8187177,2.9732509574387223e-05
2626,1745747807.3473608,2.973113805637695e-05
2627,1745747840.3007796,2.9729766538366675e-05
2628,1745747865.0010722,2.9728395020356402e-05
2629,1745747886.4440863,2.9727023502346128e-05
2630,1745747919.8495429,2.9725651984335855e-05
2631,1745747946.470768,2.972428046632558e-05
2632,1745747969.9159324,2.9722908948315307e-05
2633,1745747997.171573,2.972153561131563e-05
2634,1745748022.599987,2.9720164093305357e-05
2635,1745748046.9276175,2.9718792575295083e-05
2636,1745748076.8402855,2.971742105728481e-05
2637,1745748093.5157883,2.9716049539274536e-05
2638,1745748118.684124,2.9714678021264262e-05
2639,1745748145.2969315,2.971330650325399e-05
2640,1745748175.1487536,2.9711934985243715e-05
2641,1745748200.0480912,2.9710561648244038e-05
2642,1745748224.3669221,2.9709190130233765e-05
2643,1745748260.9801764,2.970781861222349e-05
2644,1745748280.6164434,2.9706447094213217e-05
2645,1745748299.46818,2.9705075576202944e-05
2646,1745748321.0638359,2.970370405819267e-05
2647,1745748346.673963,2.9702332540182397e-05
2648,1745748369.6142087,2.9700961022172123e-05
2649,1745748405.5422328,2.9699587685172446e-05
2650,1745748431.2842438,2.9698216167162172e-05
2651,1745748446.6622586,2.96968446491519e-05
2652,1745748473.1319447,2.9695473131141625e-05
2653,1745748514.7617023,2.9694101613131352e-05
2654,1745748522.6514018,2.9692730095121078e-05
2655,1745748558.4378912,2.9691358577110805e-05
2656,1745748596.5620902,2.968998705910053e-05
2657,1745748613.9207582,2.9688613722100854e-05
2658,1745748644.1796474,2.968724220409058e-05
2659,1745748664.6642284,2.9685870686080307e-05
2660,1745748689.3886127,2.9684499168070033e-05
2661,1745748719.9550855,2.968312765005976e-05
2662,1745748742.3512228,2.9681756132049486e-05
2663,1745748760.5760515,2.9680384614039212e-05
2664,1745748785.7901297,2.967901309602894e-05
2665,1745748812.787885,2.9677639759029262e-05
2666,1745748839.6197515,2.9676268241018988e-05
2667,1745748865.4166994,2.9674896723008715e-05
2668,1745748889.1854818,2.967352520499844e-05
2669,1745748916.1358132,2.9672153686988167e-05
2670,1745748939.3243186,2.9670782168977894e-05
2671,1745748968.5141819,2.966941065096762e-05
2672,1745748995.319062,2.9668039132957347e-05
2673,1745749005.2614486,2.966666579595767e-05
2674,1745749263.6208072,2.9665294277947396e-05
2675,1745749295.2333078,2.9663922759937122e-05
2676,1745749324.6537147,2.966255124192685e-05
2677,1745749334.9420059,2.9661179723916575e-05
2678,1745749359.278671,2.9659808205906302e-05
2679,1745749400.230946,2.9658436687896028e-05
2680,1745749425.2124312,2.9657065169885755e-05
2681,1745749456.3651946,2.9655691832886077e-05
2682,1745749485.6235943,2.9654320314875804e-05
2683,1745749506.9462883,2.965294879686553e-05
2684,1745749532.932878,2.9651577278855257e-05
2685,1745749561.7514937,2.9650205760844983e-05
2686,1745749597.3226755,2.964883424283471e-05
2687,1745749609.8066506,2.9647462724824436e-05
2688,1745749636.7267106,2.9646091206814162e-05
2689,1745749650.642971,2.964471968880389e-05
2690,1745749680.7008462,2.9643346351804212e-05
2691,1745749706.8997602,2.9641974833793938e-05
2692,1745749726.2617147,2.9640603315783665e-05
2693,1745749759.003575,2.963923179777339e-05
2694,1745749798.9992347,2.9637860279763117e-05
2695,1745749806.1416059,2.9636488761752844e-05
2696,1745749830.7220128,2.963511724374257e-05
2697,1745749855.6428525,2.9633745725732297e-05
2698,1745749876.33499,2.963237238873262e-05
2699,1745749904.5842812,2.9631000870722346e-05
2700,1745749937.2662272,2.9629629352712072e-05
2701,1745749959.2764096,2.96282578347018e-05
2702,1745749984.8290431,2.9626886316691525e-05
2703,1745750003.8805373,2.9625514798681252e-05
2704,1745750033.7856228,2.9624143280670978e-05
2705,1745750043.993368,2.9622771762660705e-05
2706,1745750073.2038114,2.9621398425661027e-05
2707,1745750100.17859,2.9620026907650754e-05
2708,1745750130.9667714,2.961865538964048e-05
2709,1745750144.0294917,2.9617283871630207e-05
2710,1745750175.019918,2.9615912353619933e-05
2711,1745750204.5473056,2.961454083560966e-05
2712,1745750233.7278585,2.9613169317599386e-05
2713,1745750267.6208498,2.9611797799589112e-05
2714,1745750287.8739674,2.9610424462589435e-05
2715,1745750312.703663,2.9609052944579162e-05
2716,1745750340.9793148,2.9607681426568888e-05
2717,1745750374.4707077,2.9606309908558615e-05
2718,1745750393.5080047,2.960493839054834e-05
2719,1745750413.0986135,2.9603566872538067e-05
2720,1745750437.7127693,2.9602195354527794e-05
2721,1745750458.815086,2.960082383651752e-05
2722,1745750490.100286,2.9599450499517843e-05
2723,1745750502.1807659,2.959807898150757e-05
2724,1745750535.7576196,2.9596707463497296e-05
2725,1745750556.0170805,2.9595335945487022e-05
2726,1745750583.6560133,2.959396442747675e-05
2727,1745750606.758026,2.9592592909466475e-05
2728,1745750629.1254828,2.95912213914562e-05
2729,1745750657.3194377,2.9589849873445928e-05
2730,1745750685.0567904,2.958847653644625e-05
2731,1745750713.4117498,2.9587105018435977e-05
2732,1745750730.669987,2.9585733500425704e-05
2733,1745750755.9522152,2.958436198241543e-05
2734,1745750789.9639177,2.9582990464405157e-05
2735,1745750810.9637144,2.9581618946394883e-05
2736,1745750829.9063258,2.958024742838461e-05
2737,1745750882.049189,2.9578875910374336e-05
2738,1745750890.253321,2.957750257337466e-05
2739,1745750928.4658933,2.9576131055364385e-05
2740,1745750946.985617,2.957475953735411e-05
2741,1745750957.991821,2.9573388019343838e-05
2742,1745750991.6153042,2.9572016501333565e-05
2743,1745751016.7326288,2.957064498332329e-05
2744,1745751042.8519619,2.9569273465313017e-05
2745,1745751082.2282763,2.9567901947302744e-05
2746,1745751118.4669278,2.9566528610303067e-05
2747,1745751128.155886,2.9565157092292793e-05
2748,1745751153.7948956,2.956378557428252e-05
2749,1745751175.045761,2.9562414056272246e-05
2750,1745751196.6614254,2.9561042538261972e-05
2751,1745751224.920051,2.95596710202517e-05
2752,1745751257.3086703,2.9558299502241425e-05
2753,1745751285.8843124,2.955692798423115e-05
2754,1745751290.9262722,2.9555554647231475e-05
2755,1745751557.2686317,2.95541831292212e-05
2756,1745751581.762651,2.9552811611210927e-05
2757,1745751615.1316342,2.9551440093200654e-05
2758,1745751626.02547,2.955006857519038e-05
2759,1745751655.3034961,2.9548697057180107e-05
2760,1745751669.6789863,2.9547325539169833e-05
2761,1745751699.3792975,2.954595402115956e-05
2762,1745751726.36154,2.9544582503149286e-05
2763,1745751759.4447365,2.954320916614961e-05
2764,1745751784.8032496,2.9541837648139335e-05
2765,1745751810.3584166,2.954046613012906e-05
2766,1745751840.4600365,2.9539094612118788e-05
2767,1745751860.0905893,2.9537723094108514e-05
2768,1745751879.1580737,2.953635157609824e-05
2769,1745751909.6935372,2.9534980058087967e-05
2770,1745751936.4667053,2.9533608540077694e-05
2771,1745751952.6592145,2.9532235203078017e-05
2772,1745751975.5678878,2.9530863685067743e-05
2773,1745752010.8135602,2.952949216705747e-05
2774,1745752040.184214,2.9528120649047196e-05
2775,1745752059.2243006,2.9526749131036922e-05
2776,1745752080.770371,2.952537761302665e-05
2777,1745752116.9618409,2.9524006095016375e-05
2778,1745752145.7325199,2.95226345770061e-05
2779,1745752164.7400873,2.9521261240006424e-05
2780,1745752186.732803,2.951988972199615e-05
2781,1745752205.7433696,2.9518518203985877e-05
2782,1745752234.2908134,2.9517146685975604e-05
2783,1745752259.504878,2.951577516796533e-05
2784,1745752272.4005141,2.9514403649955057e-05
2785,1745752309.7926247,2.9513032131944783e-05
2786,1745752331.524149,2.951166061393451e-05
2787,1745752360.3786962,2.9510287276934832e-05
2788,1745752375.7881968,2.950891575892456e-05
2789,1745752402.963913,2.9507544240914285e-05
2790,1745752429.534088,2.950617272290401e-05
2791,1745752462.2456746,2.9504801204893738e-05
2792,1745752482.5794337,2.9503429686883464e-05
2793,1745752501.7687979,2.950205816887319e-05
2794,1745752524.9337277,2.9500686650862917e-05
2795,1745752547.4411557,2.949931331386324e-05
2796,1745752587.2700388,2.9497941795852967e-05
2797,1745752596.8893914,2.9496570277842693e-05
2798,1745752627.7819114,2.949519875983242e-05
2799,1745752649.720497,2.9493827241822146e-05
2800,1745752671.9945152,2.9492455723811872e-05
2801,1745752703.6024654,2.94910842058016e-05
2802,1745752726.7943976,2.9489712687791325e-05
2803,1745752743.2575397,2.9488339350791648e-05
2804,1745752777.436322,2.9486967832781374e-05
2805,1745752812.5227695,2.94855963147711e-05
2806,1745752823.4965487,2.9484224796760827e-05
2807,1745752849.5709443,2.9482853278750554e-05
2808,1745752877.0588334,2.948148176074028e-05
2809,1745752899.5027187,2.9480110242730007e-05
2810,1745752932.348461,2.9478738724719733e-05
2811,1745752942.3783298,2.9477365387720056e-05
2812,1745752975.9286602,2.9475993869709782e-05
2813,1745752995.2558286,2.947462235169951e-05
2814,1745753022.1358325,2.9473250833689235e-05
2815,1745753048.829158,2.947187931567896e-05
2816,1745753070.813727,2.9470507797668688e-05
2817,1745753102.9827187,2.9469136279658414e-05
2818,1745753121.0247047,2.946776476164814e-05
2819,1745753146.4546869,2.9466391424648464e-05
2820,1745753175.7579582,2.946501990663819e-05
2821,1745753214.168127,2.9463648388627917e-05
2822,1745753233.3010166,2.9462276870617643e-05
2823,1745753252.074809,2.946090535260737e-05
2824,1745753275.5351503,2.9459533834597096e-05
2825,1745753309.4904652,2.9458162316586822e-05
2826,1745753347.5718684,2.945679079857655e-05
2827,1745753370.4231997,2.9455419280566275e-05
2828,1745753397.9039147,2.9454045943566598e-05
2829,1745753426.954133,2.9452674425556324e-05
2830,1745753439.8666055,2.945130290754605e-05
2831,1745753465.794702,2.9449931389535777e-05
2832,1745753495.0769591,2.9448559871525504e-05
2833,1745753521.979946,2.944718835351523e-05
2834,1745753559.3318205,2.9445816835504957e-05
2835,1745753564.5987585,2.9444445317494683e-05
2836,1745753802.894885,2.9443071980495006e-05
2837,1745753832.6645286,2.9441700462484732e-05
2838,1745753870.1664016,2.944032894447446e-05
2839,1745753877.566245,2.9438957426464185e-05
2840,1745753898.8862221,2.943758590845391e-05
2841,1745753929.1990204,2.9436214390443638e-05
2842,1745753952.3099458,2.9434842872433364e-05
2843,1745753968.803014,2.943347135442309e-05
2844,1745753998.1812205,2.9432098017423414e-05
2845,1745754026.6167905,2.943072649941314e-05
2846,1745754050.8772473,2.9429354981402867e-05
2847,1745754073.7561374,2.9427983463392593e-05
2848,1745754101.9401062,2.942661194538232e-05
2849,1745754132.0469358,2.9425240427372046e-05
2850,1745754153.4299867,2.9423868909361772e-05
2851,1745754174.4912364,2.94224973913515e-05
2852,1745754202.0119455,2.942112405435182e-05
2853,1745754225.213506,2.9419752536341548e-05
2854,1745754253.1631393,2.9418381018331274e-05
2855,1745754282.8720403,2.9417009500321e-05
2856,1745754308.4118798,2.9415637982310727e-05
2857,1745754340.8389351,2.9414266464300454e-05
2858,1745754364.2136376,2.941289494629018e-05
2859,1745754382.9910421,2.9411523428279907e-05
2860,1745754404.9817185,2.941015009128023e-05
2861,1745754432.3023458,2.9408778573269956e-05
2862,1745754461.3806682,2.9407407055259682e-05
2863,1745754481.0682447,2.940603553724941e-05
2864,1745754510.2756636,2.9404664019239135e-05
2865,1745754532.0966136,2.940329250122886e-05
2866,1745754556.2517283,2.9401920983218588e-05
2867,1745754580.6827197,2.9400549465208314e-05
2868,1745754603.8697162,2.9399176128208637e-05
2869,1745754634.3274276,2.9397804610198364e-05
2870,1745754660.1262965,2.939643309218809e-05
2871,1745754683.6927044,2.9395061574177817e-05
2872,1745754705.6722863,2.9393690056167543e-05
2873,1745754733.0359683,2.939231853815727e-05
2874,1745754756.6437778,2.9390947020146996e-05
2875,1745754798.2332044,2.9389575502136722e-05
2876,1745754825.6661956,2.9388202165137045e-05
2877,1745754851.4411383,2.938683064712677e-05
2878,1745754877.4289887,2.9385459129116498e-05
2879,1745754897.129589,2.9384087611106224e-05
2880,1745754921.818722,2.938271609309595e-05
2881,1745754938.820075,2.9381344575085677e-05
2882,1745754974.5590122,2.9379973057075404e-05
2883,1745754986.9045625,2.937860153906513e-05
2884,1745755015.8815644,2.9377228202065453e-05
2885,1745755043.8054361,2.937585668405518e-05
2886,1745755077.5662477,2.9374485166044906e-05
2887,1745755106.9620168,2.9373113648034632e-05
2888,1745755118.4749792,2.937174213002436e-05
2889,1745755153.6656067,2.9370370612014085e-05
2890,1745755174.834792,2.936899909400381e-05
2891,1745755194.4965894,2.9367627575993538e-05
2892,1745755223.7540295,2.936625423899386e-05
2893,1745755250.5186377,2.9364882720983587e-05
2894,1745755270.4244988,2.9363511202973314e-05
2895,1745755297.254444,2.936213968496304e-05
2896,1745755325.9525607,2.9360768166952766e-05
2897,1745755353.6887705,2.9359396648942493e-05
2898,1745755380.9653873,2.935802513093222e-05
2899,1745755412.91939,2.9356653612921946e-05
2900,1745755419.9731827,2.9355282094911672e-05
2901,1745755447.2019055,2.9353908757911995e-05
2902,1745755477.161077,2.935253723990172e-05
2903,1745755492.6800501,2.9351165721891448e-05
2904,1745755517.2394266,2.9349794203881174e-05
2905,1745755552.8256583,2.93484226858709e-05
2906,1745755573.840401,2.9347051167860627e-05
2907,1745755599.2483482,2.9345679649850354e-05
2908,1745755611.8852565,2.934430813184008e-05
2909,1745755640.6431036,2.9342934794840403e-05
2910,1745755672.5934675,2.934156327683013e-05
2911,1745755703.8372028,2.9340191758819856e-05
2912,1745755724.410165,2.9338820240809582e-05
2913,1745755746.4894733,2.933744872279931e-05
2914,1745755769.536583,2.9336077204789035e-05
2915,1745755804.7604995,2.933470568677876e-05
2916,1745755815.052392,2.9333334168768488e-05
2917,1745756073.4356325,2.933196083176881e-05
2918,1745756108.0251267,2.9330589313758537e-05
2919,1745756118.661162,2.9329217795748264e-05
2920,1745756144.177595,2.932784627773799e-05
2921,1745756176.188462,2.9326474759727716e-05
2922,1745756204.8957205,2.9325103241717443e-05
2923,1745756228.0922086,2.932373172370717e-05
2924,1745756259.1988153,2.9322360205696896e-05
2925,1745756274.9983065,2.932098686869722e-05
2926,1745756297.0174584,2.9319615350686945e-05
2927,1745756323.3128014,2.931824383267667e-05
2928,1745756344.3376687,2.9316872314666398e-05
2929,1745756373.8223903,2.9315500796656124e-05
2930,1745756399.7453222,2.931412927864585e-05
2931,1745756431.6099765,2.9312757760635577e-05
2932,1745756447.8475678,2.9311386242625304e-05
2933,1745756474.3548899,2.9310012905625626e-05
2934,1745756493.972978,2.9308641387615353e-05
2935,1745756525.2296278,2.930726986960508e-05
2936,1745756554.7131603,2.9305898351594806e-05
2937,1745756569.1388278,2.9304526833584532e-05
2938,1745756593.7343874,2.930315531557426e-05
2939,1745756633.9554045,2.9301783797563985e-05
2940,1745756646.685734,2.930041227955371e-05
2941,1745756685.8739626,2.9299038942554034e-05
2942,1745756703.949012,2.929766742454376e-05
2943,1745756716.107063,2.9296295906533487e-05
2944,1745756743.1767545,2.9294924388523214e-05
2945,1745756767.5186174,2.929355287051294e-05
2946,1745756790.9777625,2.9292181352502666e-05
2947,1745756822.3387308,2.9290809834492393e-05
2948,1745756843.0232768,2.928943831648212e-05
2949,1745756874.9726887,2.9288064979482442e-05
2950,1745756891.4970548,2.928669346147217e-05
2951,1745756910.0843449,2.9285321943461895e-05
2952,1745756936.9457643,2.928395042545162e-05
2953,1745756973.8019588,2.9282578907441348e-05
2954,1745756990.4577417,2.9281207389431074e-05
2955,1745757020.3685732,2.92798358714208e-05
2956,1745757035.3832953,2.9278464353410527e-05
2957,1745757058.205769,2.927709101641085e-05
2958,1745757074.7400277,2.9275719498400576e-05
2959,1745757105.2982273,2.9274347980390303e-05
2960,1745757124.3475168,2.927297646238003e-05
2961,1745757143.790929,2.9271604944369756e-05
2962,1745757170.28551,2.9270233426359482e-05
2963,1745757204.291745,2.926886190834921e-05
2964,1745757230.7890368,2.9267490390338935e-05
2965,1745757251.6124082,2.926611887232866e-05
2966,1745757267.7599201,2.9264745535328984e-05
2967,1745757296.5153246,2.926337401731871e-05
2968,1745757328.4869983,2.9262002499308437e-05
2969,1745757337.6814482,2.9260630981298164e-05
2970,1745757366.2082596,2.925925946328789e-05
2971,1745757395.4451818,2.9257887945277616e-05
2972,1745757412.040089,2.9256516427267343e-05
2973,1745757438.7173579,2.925514490925707e-05
2974,1745757460.0691252,2.9253771572257392e-05
2975,1745757496.7159433,2.925240005424712e-05
2976,1745757517.6748192,2.9251028536236845e-05
2977,1745757546.611793,2.924965701822657e-05
2978,1745757555.1778738,2.9248285500216298e-05
2979,1745757599.3684242,2.9246913982206024e-05
2980,1745757614.2060654,2.924554246419575e-05
2981,1745757640.923119,2.9244170946185477e-05
2982,1745757670.5818849,2.92427976091858e-05
2983,1745757694.175959,2.9241426091175526e-05
2984,1745757710.146976,2.9240054573165253e-05
2985,1745757732.6766236,2.923868305515498e-05
2986,1745757757.0184085,2.9237311537144706e-05
2987,1745757791.8047504,2.9235940019134432e-05
2988,1745757810.6645494,2.923456850112416e-05
2989,1745757830.8557675,2.9233196983113885e-05
2990,1745757848.2234359,2.9231823646114208e-05
2991,1745757879.155375,2.9230452128103934e-05
2992,1745757919.1682224,2.922908061009366e-05
2993,1745757931.566011,2.9227709092083387e-05
2994,1745757949.2518437,2.9226337574073114e-05
2995,1745757980.6986368,2.922496605606284e-05
2996,1745757994.079189,2.9223594538052566e-05
2997,1745758002.565364,2.9222223020042293e-05
2998,1745758240.8370829,2.9220849683042616e-05
2999,1745758264.7453997,2.9219478165032342e-05
3000,1745758292.804635,2.921810664702207e-05
3001,1745758312.4514585,2.9216735129011795e-05
3002,1745758348.084569,2.921536361100152e-05
3003,1745758374.9374065,2.9213992092991248e-05
3004,1745758400.9333165,2.9212620574980974e-05
3005,1745758429.836818,2.92112490569707e-05
3006,1745758461.0824163,2.9209875719971023e-05
3007,1745758484.5129273,2.920850420196075e-05
3008,1745758509.6191657,2.9207132683950476e-05
3009,1745758539.6086059,2.9205761165940203e-05
3010,1745758563.2989967,2.920438964792993e-05
3011,1745758590.655959,2.9203018129919656e-05
3012,1745758618.6341078,2.9201646611909382e-05
3013,1745758641.9882014,2.920027509389911e-05
3014,1745758667.1517777,2.919890175689943e-05
3015,1745758690.6547923,2.9197530238889158e-05
3016,1745758729.8650515,2.9196158720878884e-05
3017,1745758758.7275844,2.919478720286861e-05
3018,1745758788.8639934,2.9193415684858337e-05
3019,1745758815.5755017,2.9192044166848063e-05
3020,1745758847.115863,2.919067264883779e-05
3021,1745758866.3000302,2.9189301130827516e-05
3022,1745758888.4042745,2.918792779382784e-05
3023,1745758921.9031053,2.9186556275817566e-05
3024,1745758956.6775813,2.9185184757807292e-05
3025,1745758972.5112522,2.918381323979702e-05
3026,1745758998.8291743,2.9182441721786745e-05
3027,1745759007.7097511,2.918107020377647e-05
3028,1745759028.1610072,2.9179698685766198e-05
3029,1745759063.9728312,2.9178327167755924e-05
3030,1745759071.231479,2.9176953830756247e-05
3031,1745759097.9468021,2.9175582312745973e-05
3032,1745759120.3876534,2.91742107947357e-05
3033,1745759146.0167162,2.9172839276725426e-05
3034,1745759172.420342,2.9171467758715153e-05
3035,1745759182.2683594,2.917009624070488e-05
3036,1745759217.65257,2.9168724722694606e-05
3037,1745759229.697342,2.9167353204684332e-05
3038,1745759258.9279938,2.916598168667406e-05
3039,1745759280.796419,2.916460834967438e-05
3040,1745759304.1780186,2.9163236831664108e-05
3041,1745759332.6147137,2.9161865313653834e-05
3042,1745759349.7905388,2.916049379564356e-05
3043,1745759375.5999305,2.9159122277633287e-05
3044,1745759388.1343381,2.9157750759623013e-05
3045,1745759414.9135807,2.915637924161274e-05
3046,1745759448.3727782,2.9155007723602466e-05
3047,1745759488.30273,2.915363438660279e-05
3048,1745759506.589167,2.9152262868592516e-05
3049,1745759544.5258253,2.9150891350582242e-05
3050,1745759568.544255,2.914951983257197e-05
3051,1745759592.0246813,2.9148148314561695e-05
3052,1745759615.3845627,2.914677679655142e-05
3053,1745759638.4186456,2.9145405278541148e-05
3054,1745759659.280836,2.9144033760530874e-05
3055,1745759688.9454618,2.9142660423531197e-05
3056,1745759708.3415089,2.9141288905520923e-05
3057,1745759738.082627,2.913991738751065e-05
3058,1745759766.7036276,2.9138545869500376e-05
3059,1745759782.3369532,2.9137174351490103e-05
3060,1745759811.3907254,2.913580283347983e-05
3061,1745759834.3414416,2.9134431315469556e-05
3062,1745759858.2890067,2.9133059797459282e-05
3063,1745759875.9519467,2.9131686460459605e-05
3064,1745759895.1003604,2.913031494244933e-05
3065,1745759931.7540805,2.9128943424439058e-05
3066,1745759961.256085,2.9127571906428784e-05
3067,1745759974.5120094,2.912620038841851e-05
3068,1745760004.9083018,2.9124828870408237e-05
3069,1745760040.194157,2.9123457352397963e-05
3070,1745760068.9261887,2.912208583438769e-05
3071,1745760086.1880574,2.9120712497388013e-05
3072,1745760111.6364925,2.911934097937774e-05
3073,1745760137.078073,2.9117969461367466e-05
3074,1745760161.3182049,2.9116597943357192e-05
3075,1745760190.1402729,2.911522642534692e-05
3076,1745760219.8230424,2.9113854907336645e-05
3077,1745760244.7431788,2.911248338932637e-05
3078,1745760249.285353,2.9111111871316098e-05
3079,1745760502.0511606,2.910973853431642e-05
3080,1745760525.2604158,2.9108367016306147e-05
3081,1745760552.3144627,2.9106995498295873e-05
3082,1745760583.1172786,2.91056239802856e-05
3083,1745760613.5019312,2.9104252462275326e-05
3084,1745760637.1220949,2.9102880944265053e-05
3085,1745760663.4933033,2.910150942625478e-05
3086,1745760687.2962532,2.9100137908244506e-05
3087,1745760709.674954,2.909876457124483e-05
3088,1745760733.5397,2.9097393053234555e-05
3089,1745760759.7767713,2.909602153522428e-05
3090,1745760783.7797828,2.9094650017214008e-05
3091,1745760808.8242435,2.9093278499203734e-05
3092,1745760833.8571558,2.909190698119346e-05
3093,1745760859.756762,2.9090535463183187e-05
3094,1745760890.3962033,2.9089163945172913e-05
3095,1745760910.7358112,2.9087790608173236e-05
3096,1745760931.991581,2.9086419090162963e-05
3097,1745760971.7245262,2.908504757215269e-05
3098,1745760987.8379815,2.9083676054142416e-05
3099,1745761022.822433,2.9082304536132142e-05
3100,1745761060.1084578,2.908093301812187e-05
3101,1745761085.3393068,2.9079561500111595e-05
3102,1745761111.8745801,2.907818998210132e-05
3103,1745761133.0580738,2.9076818464091048e-05
3104,1745761159.1047688,2.907544512709137e-05
3105,1745761203.777867,2.9074073609081097e-05
3106,1745761235.6592267,2.9072702091070823e-05
3107,1745761259.3230178,2.907133057306055e-05
3108,1745761277.555428,2.9069959055050276e-05
3109,1745761311.2129524,2.9068587537040003e-05
3110,1745761334.7119765,2.906721601902973e-05
3111,1745761365.0074859,2.9065844501019455e-05
3112,1745761379.2099504,2.906447116401978e-05
3113,1745761418.958623,2.9063099646009505e-05
3114,1745761453.257735,2.906172812799923e-05
3115,1745761468.0955224,2.9060356609988958e-05
3116,1745761495.249741,2.9058985091978684e-05
3117,1745761524.1646888,2.905761357396841e-05
3118,1745761540.1464736,2.9056242055958137e-05
3119,1745761578.6027052,2.9054870537947863e-05
3120,1745761592.6622512,2.9053497200948186e-05
3121,1745761616.4573588,2.9052125682937913e-05
3122,1745761647.691514,2.905075416492764e-05
3123,1745761675.5631943,2.9049382646917365e-05
3124,1745761688.1034117,2.9048011128907092e-05
3125,1745761710.495941,2.904663961089682e-05
3126,1745761739.9821064,2.9045268092886545e-05
3127,1745761777.882129,2.904389657487627e-05
3128,1745761785.6581779,2.9042523237876594e-05
3129,1745761817.5252814,2.904115171986632e-05
3130,1745761846.9670482,2.9039780201856047e-05
3131,1745761875.094034,2.9038408683845773e-05
3132,1745761898.3698847,2.90370371658355e-05
3133,1745761921.4684854,2.9035665647825226e-05
3134,1745761940.9893248,2.9034294129814953e-05
3135,1745761974.6331205,2.903292261180468e-05
3136,1745762008.1657438,2.9031549274805002e-05
3137,1745762024.6975605,2.903017775679473e-05
3138,1745762052.1906471,2.9028806238784455e-05
3139,1745762089.392838,2.902743472077418e-05
3140,1745762119.1655056,2.9026063202763908e-05
3141,1745762139.221853,2.9024691684753634e-05
3142,1745762174.9278822,2.902332016674336e-05
3143,1745762209.064506,2.9021948648733087e-05
3144,1745762240.7631772,2.902057531173341e-05
3145,1745762261.2856271,2.9019203793723136e-05
3146,1745762284.0915499,2.9017832275712863e-05
3147,1745762308.0053318,2.901646075770259e-05
3148,1745762343.9148562,2.9015089239692315e-05
3149,1745762349.1053226,2.9013717721682042e-05
3150,1745762375.4527917,2.901234620367177e-05
3151,1745762402.5035226,2.9010974685661495e-05
3152,1745762428.766166,2.9009601348661818e-05
3153,1745762450.8975005,2.9008229830651544e-05
3154,1745762483.169915,2.900685831264127e-05
3155,1745762507.5997667,2.9005486794630997e-05
3156,1745762529.7491777,2.9004115276620723e-05
3157,1745762551.2290757,2.900274375861045e-05
3158,1745762576.8301597,2.9001372240600176e-05
3159,1745762587.4057124,2.9000000722589903e-05
3160,1745762840.6164353,2.8998627385590225e-05
3161,1745762867.2726011,2.8997255867579952e-05
3162,1745762894.2690508,2.899588434956968e-05
3163,1745762922.5993278,2.8994512831559405e-05
3164,1745762952.305222,2.899314131354913e-05
3165,1745762983.7856596,2.8991769795538858e-05
3166,1745763019.1087933,2.8990398277528584e-05
3167,1745763045.1345515,2.898902675951831e-05
3168,1745763069.0740688,2.8987653422518633e-05
3169,1745763091.2022154,2.898628190450836e-05
3170,1745763113.9413543,2.8984910386498086e-05
3171,1745763132.5880942,2.8983538868487813e-05
3172,1745763166.0823076,2.898216735047754e-05
3173,1745763190.3585854,2.8980795832467265e-05
3174,1745763213.067439,2.8979424314456992e-05
3175,1745763237.4349093,2.8978052796446718e-05
3176,1745763269.7652104,2.8976681278436445e-05
3177,1745763291.3544915,2.8975307941436768e-05
3178,1745763315.4298546,2.8973936423426494e-05
3179,1745763339.7939112,2.897256490541622e-05
3180,1745763368.391119,2.8971193387405947e-05
3181,1745763394.286924,2.8969821869395673e-05
3182,1745763414.7465377,2.89684503513854e-05
3183,1745763440.6233592,2.8967078833375126e-05
3184,1745763466.074399,2.8965707315364853e-05
3185,1745763489.7900908,2.8964333978365175e-05
3186,1745763517.7759721,2.8962962460354902e-05
3187,1745763546.3089876,2.8961590942344628e-05
3188,1745763579.2044213,2.8960219424334355e-05
3189,1745763597.113934,2.895884790632408e-05
3190,1745763621.5828502,2.8957476388313808e-05
3191,1745763645.058771,2.8956104870303534e-05
3192,1745763668.6395323,2.895473335229326e-05
3193,1745763696.8171165,2.8953360015293583e-05
3194,1745763724.1855578,2.895198849728331e-05
3195,1745763751.913063,2.8950616979273036e-05
3196,1745763777.335019,2.8949245461262763e-05
3197,1745763802.3763196,2.894787394325249e-05
3198,1745763829.315296,2.8946502425242215e-05
3199,1745763856.365845,2.8945130907231942e-05
3200,1745763889.3701572,2.8943759389221668e-05
3201,1745763916.565501,2.894238605222199e-05
3202,1745763941.5786912,2.8941014534211718e-05
3203,1745763967.483159,2.8939643016201444e-05
3204,1745763997.424817,2.893827149819117e-05
3205,1745764024.354993,2.8936899980180897e-05
3206,1745764052.5262876,2.8935528462170623e-05
3207,1745764076.9073908,2.893415694416035e-05
3208,1745764098.9257505,2.8932785426150076e-05
3209,1745764130.4965556,2.89314120891504e-05
3210,1745764160.508285,2.8930040571140125e-05
3211,1745764183.2995791,2.8928669053129852e-05
3212,1745764213.4138591,2.8927297535119578e-05
3213,1745764240.9531865,2.8925926017109305e-05
3214,1745764265.4086928,2.892455449909903e-05
3215,1745764288.5114284,2.8923182981088758e-05
3216,1745764308.639035,2.8921811463078484e-05
3217,1745764342.2906775,2.8920438126078807e-05
3218,1745764378.0464563,2.8919066608068533e-05
3219,1745764403.4420757,2.891769509005826e-05
3220,1745764430.349178,2.8916323572047986e-05
3221,1745764467.7524552,2.8914952054037713e-05
3222,1745764500.0272229,2.891358053602744e-05
3223,1745764519.0514476,2.8912209018017165e-05
3224,1745764542.6620238,2.8910837500006892e-05
3225,1745764566.9844306,2.8909464163007215e-05
3226,1745764593.8909988,2.890809264499694e-05
3227,1745764630.2279239,2.8906721126986668e-05
3228,1745764658.5855598,2.8905349608976394e-05
3229,1745764685.189767,2.890397809096612e-05
3230,1745764718.583272,2.8902606572955847e-05
3231,1745764735.5137868,2.8901235054945573e-05
3232,1745764772.7689207,2.88998635369353e-05
3233,1745764784.559311,2.8898490199935623e-05
3234,1745764809.8302221,2.889711868192535e-05
3235,1745764839.9841807,2.8895747163915075e-05
3236,1745764870.8096573,2.8894375645904802e-05
3237,1745764900.082763,2.8893004127894528e-05
3238,1745764925.739982,2.8891632609884255e-05
3239,1745764953.3414755,2.889026109187398e-05
3240,1745764960.6437366,2.8888889573863707e-05
3241,1745765206.7408085,2.8887518055853434e-05
3242,1745765230.9376838,2.8886144718853757e-05
3243,1745765252.011293,2.8884773200843483e-05
3244,1745765275.1908004,2.888340168283321e-05
3245,1745765301.2525496,2.8882030164822936e-05
3246,1745765331.252813,2.8880658646812662e-05
3247,1745765357.2614884,2.887928712880239e-05
3248,1745765385.029828,2.8877915610792115e-05
3249,1745765411.4250624,2.8876544092781842e-05
3250,1745765438.8359585,2.8875170755782165e-05
3251,1745765467.164894,2.887379923777189e-05
3252,1745765493.2241592,2.8872427719761617e-05
3253,1745765519.9852872,2.8871056201751344e-05
3254,1745765543.7835915,2.886968468374107e-05
3255,1745765571.5540342,2.8868313165730797e-05
3256,1745765601.2924569,2.8866941647720523e-05
3257,1745765627.0878778,2.886557012971025e-05
3258,1745765649.05357,2.8864196792710572e-05
3259,1745765681.678893,2.88628252747003e-05
3260,1745765706.0739164,2.8861453756690025e-05
3261,1745765729.8694084,2.8860082238679752e-05
3262,1745765756.598867,2.8858710720669478e-05
3263,1745765783.3629613,2.8857339202659205e-05
3264,1745765815.8315578,2.885596768464893e-05
3265,1745765844.5694447,2.8854596166638657e-05
3266,1745765872.3024323,2.885322282963898e-05
3267,1745765889.574537,2.8851851311628707e-05
3268,1745765915.699609,2.8850479793618433e-05
3269,1745765941.7616847,2.884910827560816e-05
3270,1745765978.7375946,2.8847736757597886e-05
3271,1745765991.03222,2.8846365239587612e-05
3272,1745766019.3254943,2.884499372157734e-05
3273,1745766051.8605409,2.8843622203567065e-05
3274,1745766063.8695223,2.8842248866567388e-05
3275,1745766100.5627003,2.8840877348557115e-05
3276,1745766118.130204,2.883950583054684e-05
3277,1745766134.7973566,2.8838134312536567e-05
3278,1745766145.5584462,2.8836762794526294e-05
3279,1745766159.234952,2.883539127651602e-05
3280,1745766174.7046504,2.8834019758505747e-05
3281,1745766192.1365852,2.8832648240495473e-05
3282,1745766205.757826,2.8831274903495796e-05
3283,1745766219.785435,2.8829903385485522e-05
3284,1745766230.7478034,2.882853186747525e-05
3285,1745766252.748384,2.8827160349464975e-05
3286,1745766268.857669,2.8825788831454702e-05
3287,1745766280.7115703,2.8824417313444428e-05
3288,1745766293.9224863,2.8823045795434155e-05
3289,1745766309.95924,2.882167427742388e-05
3290,1745766322.1870599,2.8820300940424204e-05
3291,1745766337.824844,2.881892942241393e-05
3292,1745766347.5184677,2.8817557904403657e-05
3293,1745766369.4732978,2.8816186386393383e-05
3294,1745766389.9986045,2.881481486838311e-05
3295,1745766402.580437,2.8813443350372836e-05
3296,1745766419.8918703,2.8812071832362562e-05
3297,1745766440.1547534,2.881070031435229e-05
3298,1745766460.872499,2.8809326977352612e-05
3299,1745766482.4321246,2.8807955459342338e-05
3300,1745766507.9839988,2.8806583941332065e-05
3301,1745766519.1440976,2.880521242332179e-05
3302,1745766529.3389635,2.8803840905311517e-05
3303,1745766540.6019485,2.8802469387301244e-05
3304,1745766559.6866815,2.880109786929097e-05
3305,1745766573.6848373,2.8799726351280697e-05
3306,1745766589.7693305,2.879835301428102e-05
3307,1745766605.2987218,2.8796981496270746e-05
3308,1745766616.1981337,2.8795609978260472e-05
3309,1745766632.468589,2.87942384602502e-05
3310,1745766651.8257902,2.8792866942239925e-05
3311,1745766665.517666,2.879149542422965e-05
3312,1745766681.0837345,2.8790123906219378e-05
3313,1745766708.0424364,2.8788752388209105e-05
3314,1745766717.8608816,2.878738087019883e-05
3315,1745766731.0614166,2.8786007533199154e-05
3316,1745766748.2481813,2.878463601518888e-05
3317,1745766761.1134691,2.8783264497178607e-05
3318,1745766770.7071335,2.8781892979168333e-05
3319,1745766784.7572916,2.878052146115806e-05
3320,1745766797.0910373,2.8779149943147786e-05
3321,1745766803.1080918,2.8777778425137512e-05
3322,1745766919.5923777,2.877640690712724e-05
3323,1745766931.480383,2.877503357012756e-05
3324,1745766948.9250302,2.8773662052117288e-05
3325,1745766967.7111516,2.8772290534107015e-05
3326,1745766980.2156057,2.877091901609674e-05
3327,1745766999.0637026,2.8769547498086467e-05
3328,1745767014.668365,2.8768175980076194e-05
3329,1745767030.424579,2.876680446206592e-05
3330,1745767045.8961072,2.8765432944055647e-05
3331,1745767062.9191284,2.876405960705597e-05
3332,1745767071.7507067,2.8762688089045696e-05
3333,1745767091.026687,2.8761316571035422e-05
3334,1745767100.6054337,2.875994505302515e-05
3335,1745767122.7654622,2.8758573535014875e-05
3336,1745767133.9052873,2.87572020170046e-05
3337,1745767163.6721823,2.8755830498994328e-05
3338,1745767181.543194,2.8754458980984055e-05
3339,1745767195.544611,2.8753085643984377e-05
3340,1745767208.5987146,2.8751714125974104e-05
3341,1745767223.9637043,2.875034260796383e-05
3342,1745767237.8547118,2.8748971089953557e-05
3343,1745767249.534739,2.8747599571943283e-05
3344,1745767265.7027187,2.874622805393301e-05
3345,1745767284.393804,2.8744856535922736e-05
3346,1745767302.368093,2.8743485017912462e-05
3347,1745767313.193826,2.8742111680912785e-05
3348,1745767328.2770083,2.874074016290251e-05
3349,1745767347.2503867,2.8739368644892238e-05
3350,1745767357.3134906,2.8737997126881965e-05
3351,1745767369.7616656,2.873662560887169e-05
3352,1745767382.5034068,2.8735254090861417e-05
3353,1745767403.9238582,2.8733882572851144e-05
3354,1745767425.275225,2.873251105484087e-05
3355,1745767442.193844,2.8731137717841193e-05
3356,1745767454.7881107,2.872976619983092e-05
3357,1745767471.659676,2.8728394681820646e-05
3358,1745767492.1115053,2.8727023163810372e-05
3359,1745767516.6907516,2.87256516458001e-05
3360,1745767523.7641246,2.8724280127789825e-05
3361,1745767543.4642348,2.872290860977955e-05
3362,1745767557.337132,2.8721537091769278e-05
3363,1745767575.5215828,2.87201637547696e-05
3364,1745767588.2808573,2.8718792236759327e-05
3365,1745767604.2017052,2.8717420718749054e-05
3366,1745767614.6474247,2.871604920073878e-05
3367,1745767627.2540033,2.8714677682728507e-05
3368,1745767638.3609748,2.8713306164718233e-05
3369,1745767656.7986727,2.871193464670796e-05
3370,1745767682.462051,2.8710563128697686e-05
3371,1745767705.8547041,2.870918979169801e-05
3372,1745767719.8558788,2.8707818273687735e-05
3373,1745767738.573514,2.870644675567746e-05
3374,1745767767.6501205,2.8705075237667188e-05
3375,1745767775.3448887,2.8703703719656914e-05
3376,1745767793.5490417,2.870233220164664e-05
3377,1745767802.9113202,2.8700960683636367e-05
3378,1745767832.7686994,2.8699589165626094e-05
3379,1745767844.2061636,2.8698215828626417e-05
3380,1745767863.9325557,2.8696844310616143e-05
3381,1745767875.5380056,2.869547279260587e-05
3382,1745767894.15959,2.8694101274595596e-05
3383,1745767914.0477457,2.8692729756585322e-05
3384,1745767921.939063,2.869135823857505e-05
3385,1745767947.3357742,2.8689986720564775e-05
3386,1745767971.8483825,2.86886152025545e-05
3387,1745767978.14274,2.8687243684544228e-05
3388,1745767994.086603,2.868587034754455e-05
3389,1745768003.2583292,2.8684498829534277e-05
3390,1745768028.6946046,2.8683127311524004e-05
3391,1745768046.2856023,2.868175579351373e-05
3392,1745768055.2917511,2.8680384275503457e-05
3393,1745768071.4750261,2.8679012757493183e-05
3394,1745768084.8008645,2.867764123948291e-05
3395,1745768096.4208505,2.8676269721472636e-05
3396,1745768117.6237874,2.867489638447296e-05
3397,1745768130.4800987,2.8673524866462685e-05
3398,1745768143.793288,2.867215334845241e-05
3399,1745768163.1907177,2.8670781830442138e-05
3400,1745768173.925937,2.8669410312431864e-05
3401,1745768195.9902194,2.866803879442159e-05
3402,1745768200.0349898,2.8666667276411317e-05
3403,1745768315.73575,2.8665295758401044e-05
3404,1745768323.6780834,2.8663922421401367e-05
3405,1745768338.6809409,2.8662550903391093e-05
3406,1745768356.0166566,2.866117938538082e-05
3407,1745768373.548955,2.8659807867370546e-05
3408,1745768380.437613,2.8658436349360272e-05
3409,1745768400.335971,2.865706483135e-05
3410,1745768411.274229,2.8655693313339725e-05
3411,1745768426.338062,2.865432179532945e-05
3412,1745768444.135106,2.8652948458329774e-05
3413,1745768456.6490226,2.86515769403195e-05
3414,1745768472.4700646,2.8650205422309227e-05
3415,1745768493.3100996,2.8648833904298954e-05
3416,1745768501.150879,2.864746238628868e-05
3417,1745768519.480927,2.8646090868278407e-05
3418,1745768533.721195,2.8644719350268133e-05
3419,1745768546.4544282,2.864334783225786e-05
3420,1745768566.634809,2.8641974495258182e-05
3421,1745768577.5851278,2.864060297724791e-05
3422,1745768598.4240706,2.8639231459237635e-05
3423,1745768620.3406925,2.863785994122736e-05
3424,1745768641.0079646,2.8636488423217088e-05
3425,1745768651.8457375,2.8635116905206814e-05
3426,1745768662.0919719,2.863374538719654e-05
3427,1745768678.0145102,2.8632373869186267e-05
3428,1745768688.4250424,2.863100053218659e-05
3429,1745768710.8336885,2.8629629014176317e-05
3430,1745768730.56301,2.8628257496166043e-05
3431,1745768741.7522225,2.862688597815577e-05
3432,1745768754.7303863,2.8625514460145496e-05
3433,1745768769.655744,2.8624142942135222e-05
3434,1745768782.0776048,2.862277142412495e-05
3435,1745768793.7030165,2.8621399906114675e-05
3436,1745768809.0240664,2.8620026569114998e-05
3437,1745768819.673661,2.8618655051104724e-05
3438,1745768830.1285703,2.861728353309445e-05
3439,1745768847.6444404,2.8615912015084177e-05
3440,1745768870.728024,2.8614540497073904e-05
3441,1745768891.8117754,2.861316897906363e-05
3442,1745768901.6319766,2.8611797461053357e-05
3443,1745768925.4091566,2.8610425943043083e-05
3444,1745768939.032943,2.8609052606043406e-05
3445,1745768953.250651,2.8607681088033132e-05
3446,1745768968.6326253,2.860630957002286e-05
3447,1745768988.2574081,2.8604938052012585e-05
3448,1745769006.9840713,2.860356653400231e-05
3449,1745769025.537928,2.8602195015992038e-05
3450,1745769034.4597778,2.8600823497981764e-05
3451,1745769050.497446,2.859945197997149e-05
3452,1745769075.7627249,2.8598080461961217e-05
3453,1745769094.0817664,2.859670712496154e-05
3454,1745769113.5033422,2.8595335606951267e-05
3455,1745769132.788013,2.8593964088940993e-05
3456,1745769145.0952733,2.859259257093072e-05
3457,1745769154.7538733,2.8591221052920446e-05
3458,1745769169.5780368,2.8589849534910172e-05
3459,1745769182.8964837,2.85884780168999e-05
3460,1745769196.2796824,2.8587106498889625e-05
3461,1745769209.9039233,2.8585733161889948e-05
3462,1745769226.0031142,2.8584361643879674e-05
3463,1745769249.9751852,2.85829901258694e-05
3464,1745769269.0774157,2.8581618607859127e-05
3465,1745769287.64581,2.8580247089848854e-05
3466,1745769299.6987615,2.857887557183858e-05
3467,1745769313.7391918,2.8577504053828306e-05
3468,1745769325.286041,2.8576132535818033e-05
3469,1745769338.129687,2.8574759198818356e-05
3470,1745769353.4627435,2.8573387680808082e-05
3471,1745769362.9671624,2.857201616279781e-05
3472,1745769380.194617,2.8570644644787535e-05
3473,1745769391.4911342,2.856927312677726e-05
3474,1745769401.5284545,2.8567901608766988e-05
3475,1745769409.760818,2.8566530090756714e-05
3476,1745769423.6190064,2.856515857274644e-05
3477,1745769437.8953261,2.8563785235746764e-05
3478,1745769451.8591573,2.856241371773649e-05
3479,1745769462.0421865,2.8561042199726216e-05
3480,1745769477.0138664,2.8559670681715943e-05
3481,1745769500.4301715,2.855829916370567e-05
3482,1745769515.3225012,2.8556927645695396e-05
3483,1745769520.1191554,2.8555556127685122e-05
3484,1745769621.535637,2.855418460967485e-05
3485,1745769639.706435,2.855281127267517e-05
3486,1745769649.9392734,2.8551439754664898e-05
3487,1745769670.0413442,2.8550068236654624e-05
3488,1745769679.3981447,2.854869671864435e-05
3489,1745769706.4290104,2.8547325200634077e-05
3490,1745769714.596489,2.8545953682623804e-05
3491,1745769736.605019,2.854458216461353e-05
3492,1745769752.9782612,2.8543210646603256e-05
3493,1745769766.8225613,2.854183730960358e-05
3494,1745769783.531531,2.8540465791593306e-05
3495,1745769807.2238514,2.8539094273583032e-05
3496,1745769817.6998575,2.853772275557276e-05
3497,1745769839.0101657,2.8536351237562485e-05
3498,1745769848.6795175,2.853497971955221e-05
3499,1745769863.0163658,2.8533608201541938e-05
3500,1745769881.4670594,2.8532236683531664e-05
3501,1745769892.7785351,2.8530863346531987e-05
3502,1745769908.691982,2.8529491828521714e-05
3503,1745769927.8092058,2.852812031051144e-05
3504,1745769952.3211954,2.8526748792501166e-05
3505,1745769966.270169,2.8525377274490893e-05
3506,1745769976.550393,2.852400575648062e-05
3507,1745770003.4732714,2.8522634238470346e-05
3508,1745770029.606897,2.8521262720460072e-05
3509,1745770043.280832,2.8519889383460395e-05
3510,1745770062.7320106,2.851851786545012e-05
3511,1745770074.613227,2.8517146347439848e-05
3512,1745770084.5930524,2.8515774829429574e-05
3513,1745770091.1816576,2.85144033114193e-05
3514,1745770107.285656,2.8513031793409027e-05
3515,1745770116.0717995,2.8511660275398754e-05
3516,1745770143.5324268,2.851028875738848e-05
3517,1745770162.3904328,2.8508915420388803e-05
3518,1745770175.7534006,2.850754390237853e-05
3519,1745770196.3425941,2.8506172384368256e-05
3520,1745770215.1023953,2.8504800866357982e-05
3521,1745770223.6108582,2.850342934834771e-05
3522,1745770239.8389318,2.8502057830337435e-05
3523,1745770247.7174876,2.850068631232716e-05
3524,1745770263.7777638,2.8499314794316888e-05
3525,1745770277.5012443,2.8497943276306614e-05
3526,1745770295.2930858,2.8496569939306937e-05
3527,1745770309.9839034,2.8495198421296664e-05
3528,1745770322.8358564,2.849382690328639e-05
3529,1745770348.3938267,2.8492455385276116e-05
3530,1745770371.235594,2.8491083867265843e-05
3531,1745770382.1567495,2.848971234925557e-05
3532,1745770408.7809265,2.8488340831245296e-05
3533,1745770424.1947773,2.8486969313235022e-05
3534,1745770438.9171107,2.8485595976235345e-05
3535,1745770449.132892,2.848422445822507e-05
3536,1745770464.2750707,2.8482852940214798e-05
3537,1745770482.7566266,2.8481481422204524e-05
3538,1745770493.3283622,2.848010990419425e-05
3539,1745770504.5002089,2.8478738386183977e-05
3540,1745770519.9063542,2.8477366868173704e-05
3541,1745770535.1934917,2.847599535016343e-05
3542,1745770558.031996,2.8474622013163753e-05
3543,1745770568.7422113,2.847325049515348e-05
3544,1745770584.7743452,2.8471878977143206e-05
3545,1745770603.1328318,2.8470507459132932e-05
3546,1745770618.7494926,2.846913594112266e-05
3547,1745770629.3555198,2.8467764423112385e-05
3548,1745770641.2471318,2.846639290510211e-05
3549,1745770653.618973,2.8465021387091838e-05
3550,1745770663.1823702,2.846364805009216e-05
3551,1745770674.348901,2.8462276532081887e-05
3552,1745770686.818078,2.8460905014071614e-05
3553,1745770704.9490848,2.845953349606134e-05
3554,1745770723.544064,2.8458161978051066e-05
3555,1745770731.624344,2.8456790460040793e-05
3556,1745770759.4947593,2.845541894203052e-05
3557,1745770779.2667475,2.8454047424020246e-05
3558,1745770802.239832,2.845267408702057e-05
3559,1745770812.2391894,2.8451302569010295e-05
3560,1745770824.925946,2.844993105100002e-05
3561,1745770834.1307209,2.8448559532989748e-05
3562,1745770850.5329602,2.8447188014979474e-05
3563,1745770862.3091767,2.84458164969692e-05
3564,1745770868.1903908,2.8444444978958927e-05
3565,1745770975.3707051,2.8443073460948654e-05
3566,1745770987.5707834,2.8441700123948976e-05
3567,1745771008.445679,2.8440328605938703e-05
3568,1745771030.9283226,2.843895708792843e-05
3569,1745771042.634821,2.8437585569918156e-05
3570,1745771060.291865,2.8436214051907882e-05
3571,1745771073.3661492,2.843484253389761e-05
3572,1745771095.234741,2.8433471015887335e-05
3573,1745771118.593336,2.843209949787706e-05
3574,1745771124.7163339,2.8430726160877384e-05
3575,1745771147.6159189,2.842935464286711e-05
3576,1745771164.067744,2.8427983124856837e-05
3577,1745771176.2700891,2.8426611606846564e-05
3578,1745771199.3368838,2.842524008883629e-05
3579,1745771218.2862496,2.8423868570826016e-05
3580,1745771232.2299428,2.8422497052815743e-05
3581,1745771243.6881537,2.842112553480547e-05
3582,1745771253.0994852,2.8419752197805792e-05
3583,1745771273.4359908,2.841838067979552e-05
3584,1745771286.5150912,2.8417009161785245e-05
3585,1745771296.8947525,2.841563764377497e-05
3586,1745771319.907036,2.8414266125764698e-05
3587,1745771336.5217419,2.8412894607754424e-05
3588,1745771357.9029999,2.841152308974415e-05
3589,1745771373.802999,2.8410151571733877e-05
3590,1745771393.3326192,2.8408780053723603e-05
3591,1745771416.8747647,2.8407406716723926e-05
3592,1745771426.8717537,2.8406035198713653e-05
3593,1745771439.4393167,2.840466368070338e-05
3594,1745771450.9545505,2.8403292162693106e-05
3595,1745771470.747489,2.8401920644682832e-05
3596,1745771481.4977896,2.840054912667256e-05
3597,1745771499.3511343,2.8399177608662285e-05
3598,1745771519.7040982,2.839780609065201e-05
3599,1745771532.3150902,2.8396432753652334e-05
3600,1745771544.8757405,2.839506123564206e-05
3601,1745771558.8313968,2.8393689717631787e-05
3602,1745771568.018883,2.8392318199621513e-05
3603,1745771589.9276214,2.839094668161124e-05
3604,1745771600.558353,2.8389575163600966e-05
3605,1745771620.6180515,2.8388203645590693e-05
3606,1745771628.4636626,2.838683212758042e-05
3607,1745771645.4247596,2.8385458790580742e-05
3608,1745771656.7324,2.838408727257047e-05
3609,1745771671.3346083,2.8382715754560195e-05
3610,1745771691.049597,2.838134423654992e-05
3611,1745771709.68667,2.8379972718539648e-05
3612,1745771721.621062,2.8378601200529374e-05
3613,1745771737.305428,2.83772296825191e-05
3614,1745771757.5706677,2.8375858164508827e-05
3615,1745771773.4067266,2.837448482750915e-05
3616,1745771781.4082837,2.8373113309498876e-05
3617,1745771804.1398697,2.8371741791488603e-05
3618,1745771816.2248263,2.837037027347833e-05
3619,1745771826.2429864,2.8368998755468056e-05
3620,1745771851.027888,2.8367627237457782e-05
3621,1745771860.3801992,2.836625571944751e-05
3622,1745771873.4734657,2.8364884201437235e-05
3623,1745771889.6451576,2.8363510864437558e-05
3624,1745771916.6826904,2.8362139346427284e-05
3625,1745771939.9798236,2.836076782841701e-05
3626,1745771957.9861908,2.8359396310406737e-05
3627,1745771978.198723,2.8358024792396463e-05
3628,1745771996.7914233,2.835665327438619e-05
3629,1745772012.8674808,2.8355281756375916e-05
3630,1745772026.3801546,2.8353910238365643e-05
3631,1745772036.1850495,2.8352536901365966e-05
3632,1745772047.7042015,2.8351165383355692e-05
3633,1745772059.8181653,2.834979386534542e-05
3634,1745772078.8772328,2.8348422347335145e-05
3635,1745772104.3330631,2.834705082932487e-05
3636,1745772118.4162974,2.8345679311314598e-05
3637,1745772130.457823,2.8344307793304324e-05
3638,1745772135.6602345,2.834293627529405e-05
3639,1745772157.0403473,2.8341562938294373e-05
3640,1745772169.1863532,2.83401914202841e-05
3641,1745772180.7383358,2.8338819902273826e-05
3642,1745772194.5796108,2.8337448384263553e-05
3643,1745772208.6127212,2.833607686625328e-05
3644,1745772225.6395626,2.8334705348243006e-05
3645,1745772229.0725048,2.8333333830232732e-05
3646,1745772336.5404913,2.833196231222246e-05
3647,1745772351.4494374,2.833058897522278e-05
3648,1745772365.381456,2.8329217457212508e-05
3649,1745772381.1426947,2.8327845939202234e-05
3650,1745772399.0803916,2.832647442119196e-05
3651,1745772411.780672,2.8325102903181687e-05
3652,1745772423.8507752,2.8323731385171413e-05
3653,1745772437.2048984,2.832235986716114e-05
3654,1745772457.3408813,2.8320988349150866e-05
3655,1745772476.4725888,2.831961501215119e-05
3656,1745772492.435708,2.8318243494140916e-05
3657,1745772500.68125,2.8316871976130642e-05
3658,1745772522.8131647,2.831550045812037e-05
3659,1745772537.247289,2.8314128940110095e-05
3660,1745772551.551826,2.831275742209982e-05
3661,1745772562.4590933,2.8311385904089548e-05
3662,1745772574.291359,2.8310014386079274e-05
3663,1745772592.2337117,2.8308642868069e-05
3664,1745772601.2684517,2.8307269531069323e-05
3665,1745772616.4249086,2.830589801305905e-05
3666,1745772629.965633,2.8304526495048776e-05
3667,1745772646.1949642,2.8303154977038503e-05
3668,1745772659.700079,2.830178345902823e-05
3669,1745772674.288511,2.8300411941017956e-05
3670,1745772691.895823,2.8299040423007682e-05
3671,1745772710.8076937,2.829766890499741e-05
3672,1745772726.6081083,2.829629556799773e-05
3673,1745772746.1559696,2.8294924049987458e-05
3674,1745772761.5828834,2.8293552531977184e-05
3675,1745772769.5197067,2.829218101396691e-05
3676,1745772780.9851513,2.8290809495956637e-05
3677,1745772793.029264,2.8289437977946363e-05
3678,1745772810.8067124,2.828806645993609e-05
3679,1745772826.9604106,2.8286694941925816e-05
3680,1745772839.5777924,2.828532160492614e-05
3681,1745772856.2339044,2.8283950086915866e-05
3682,1745772866.817834,2.8282578568905592e-05
3683,1745772891.8289642,2.828120705089532e-05
3684,1745772913.064419,2.8279835532885045e-05
3685,1745772931.9638996,2.827846401487477e-05
3686,1745772952.9371738,2.8277092496864498e-05
3687,1745772964.2758749,2.8275720978854224e-05
3688,1745772975.1361787,2.8274347641854547e-05
3689,1745772991.7736213,2.8272976123844273e-05
3690,1745773008.2898066,2.8271604605834e-05
3691,1745773021.5622907,2.8270233087823726e-05
3692,1745773033.2181644,2.8268861569813453e-05
3693,1745773049.3510444,2.826749005180318e-05
3694,1745773063.9676,2.8266118533792906e-05
3695,1745773074.511308,2.8264747015782632e-05
3696,1745773096.6783562,2.8263373678782955e-05
3697,1745773107.2169785,2.826200216077268e-05
3698,1745773118.398592,2.8260630642762408e-05
3699,1745773142.6549904,2.8259259124752134e-05
3700,1745773164.571937,2.825788760674186e-05
3701,1745773177.537705,2.8256516088731587e-05
3702,1745773195.7185457,2.8255144570721313e-05
3703,1745773205.954609,2.825377305271104e-05
3704,1745773220.92026,2.8252399715711363e-05
3705,1745773233.503976,2.825102819770109e-05
3706,1745773248.1627188,2.8249656679690816e-05
3707,1745773264.8358963,2.8248285161680542e-05
3708,1745773289.002857,2.824691364367027e-05
3709,1745773310.8046486,2.8245542125659995e-05
3710,1745773328.5477355,2.824417060764972e-05
3711,1745773340.2413774,2.8242799089639448e-05
3712,1745773354.8441515,2.824142575263977e-05
3713,1745773380.6803133,2.8240054234629497e-05
3714,1745773392.316377,2.8238682716619223e-05
3715,1745773408.4536712,2.823731119860895e-05
3716,1745773418.4794512,2.8235939680598676e-05
3717,1745773437.3817275,2.8234568162588403e-05
3718,1745773448.0691483,2.823319664457813e-05
3719,1745773469.4782152,2.8231825126567855e-05
3720,1745773486.3839386,2.823045178956818e-05
3721,1745773493.2332516,2.8229080271557905e-05
3722,1745773514.7007368,2.822770875354763e-05
3723,1745773521.2938237,2.8226337235537358e-05
3724,1745773537.0187142,2.8224965717527084e-05
3725,1745773551.673251,2.822359419951681e-05
3726,1745773556.4376204,2.8222222681506537e-05
3727,1745773684.4562254,2.8220851163496263e-05
3728,1745773703.7038622,2.821947964548599e-05
3729,1745773712.5374112,2.8218106308486313e-05
3730,1745773729.8026197,2.821673479047604e-05
3731,1745773746.820383,2.8215363272465765e-05
3732,1745773762.798646,2.8213991754455492e-05
3733,1745773776.8463287,2.821262023644522e-05
3734,1745773791.0223255,2.8211248718434945e-05
3735,1745773801.6303048,2.820987720042467e-05
3736,1745773811.174871,2.8208505682414398e-05
3737,1745773837.9990127,2.820713234541472e-05
3738,1745773854.9831944,2.8205760827404447e-05
3739,1745773880.318348,2.8204389309394173e-05
3740,1745773896.2855103,2.82030177913839e-05
3741,1745773907.391026,2.8201646273373626e-05
3742,1745773918.1871965,2.8200274755363353e-05
3743,1745773936.7891154,2.819890323735308e-05
3744,1745773962.2580082,2.8197531719342805e-05
3745,1745773976.090846,2.819615838234313e-05
3746,1745773987.1179698,2.8194786864332855e-05
3747,1745774005.4414823,2.819341534632258e-05
3748,1745774018.6518087,2.8192043828312308e-05
3749,1745774034.257977,2.8190672310302034e-05
3750,1745774047.9786859,2.818930079229176e-05
3751,1745774058.4054797,2.8187929274281487e-05
3752,1745774069.007683,2.8186557756271213e-05
3753,1745774085.2235174,2.8185184419271536e-05
3754,1745774096.649342,2.8183812901261263e-05
3755,1745774119.9079375,2.818244138325099e-05
3756,1745774143.1132371,2.8181069865240715e-05
3757,1745774167.2813678,2.8179698347230442e-05
3758,1745774188.6870651,2.8178326829220168e-05
3759,1745774198.7638292,2.8176955311209895e-05
3760,1745774215.8904023,2.817558379319962e-05
3761,1745774239.647522,2.8174210456199944e-05
3762,1745774254.2560008,2.817283893818967e-05
3763,1745774267.0787382,2.8171467420179397e-05
3764,1745774280.8367176,2.8170095902169123e-05
3765,1745774296.1052842,2.816872438415885e-05
3766,1745774304.9363906,2.8167352866148576e-05
3767,1745774321.9180057,2.8165981348138303e-05
3768,1745774334.01167,2.816460983012803e-05
3769,1745774350.0530527,2.8163236493128352e-05
3770,1745774367.3673527,2.8161864975118078e-05
3771,1745774379.3160412,2.8160493457107805e-05
3772,1745774387.4214108,2.815912193909753e-05
3773,1745774408.6279635,2.8157750421087258e-05
3774,1745774422.3962233,2.8156378903076984e-05
3775,1745774434.5748262,2.815500738506671e-05
3776,1745774449.81992,2.8153635867056437e-05
3777,1745774464.5434222,2.815226253005676e-05
3778,1745774474.8681078,2.8150891012046486e-05
3779,1745774486.3697305,2.8149519494036213e-05
3780,1745774504.2319162,2.814814797602594e-05
3781,1745774516.8427808,2.8146776458015665e-05
3782,1745774531.2726846,2.8145404940005392e-05
3783,1745774540.7200918,2.8144033421995118e-05
3784,1745774562.0381298,2.8142661903984845e-05
3785,1745774582.4237635,2.8141288566985168e-05
3786,1745774593.7568457,2.8139917048974894e-05
3787,1745774605.2582378,2.813854553096462e-05
3788,1745774626.0745986,2.8137174012954347e-05
3789,1745774635.9870408,2.8135802494944073e-05
3790,1745774652.698331,2.81344309769338e-05
3791,1745774672.2451527,2.8133059458923526e-05
3792,1745774693.8692474,2.8131687940913253e-05
3793,1745774709.4654377,2.8130314603913575e-05
3794,1745774718.7754357,2.8128943085903302e-05
3795,1745774740.1176565,2.8127571567893028e-05
3796,1745774760.5855196,2.8126200049882755e-05
3797,1745774776.8435528,2.812482853187248e-05
3798,1745774803.0235698,2.8123457013862208e-05
3799,1745774813.3097203,2.8122085495851934e-05
3800,1745774830.9241748,2.812071397784166e-05
3801,1745774844.2114935,2.8119342459831387e-05
3802,1745774870.2343392,2.811796912283171e-05
3803,1745774890.9390948,2.8116597604821436e-05
3804,1745774908.5544102,2.8115226086811163e-05
3805,1745774917.418691,2.811385456880089e-05
3806,1745774943.9957066,2.8112483050790615e-05
3807,1745774948.289809,2.8111111532780342e-05
3808,1745775062.2158475,2.8109740014770068e-05
3809,1745775074.0866768,2.8108368496759795e-05
3810,1745775086.5850475,2.8106995159760118e-05
3811,1745775103.4418137,2.8105623641749844e-05
3812,1745775112.7326796,2.810425212373957e-05
3813,1745775136.350795,2.8102880605729297e-05
3814,1745775147.126034,2.8101509087719023e-05
3815,1745775162.0064497,2.810013756970875e-05
3816,1745775181.2078207,2.8098766051698476e-05
3817,1745775201.1203008,2.8097394533688203e-05
3818,1745775210.3598175,2.8096021196688525e-05
3819,1745775222.4910629,2.8094649678678252e-05
3820,1745775233.0161266,2.8093278160667978e-05
3821,1745775257.4971695,2.8091906642657705e-05
3822,1745775279.1251748,2.809053512464743e-05
3823,1745775294.241016,2.8089163606637157e-05
3824,1745775318.1347792,2.8087792088626884e-05
3825,1745775338.9792163,2.808642057061661e-05
3826,1745775351.4198298,2.8085047233616933e-05
3827,1745775371.6138163,2.808367571560666e-05
3828,1745775381.7020235,2.8082304197596386e-05
3829,1745775396.9272945,2.8080932679586112e-05
3830,1745775405.8155158,2.807956116157584e-05
3831,1745775423.0035708,2.8078189643565565e-05
3832,1745775432.6439524,2.8076818125555292e-05
3833,1745775457.474188,2.8075446607545018e-05
3834,1745775470.849279,2.807407327054534e-05
3835,1745775485.477411,2.8072701752535067e-05
3836,1745775495.5973904,2.8071330234524794e-05
3837,1745775511.65811,2.806995871651452e-05
3838,1745775531.2723582,2.8068587198504247e-05
3839,1745775541.1366053,2.8067215680493973e-05
3840,1745775560.2858937,2.80658441624837e-05
3841,1745775574.0185015,2.8064472644473426e-05
3842,1745775590.163698,2.806309930747375e-05
3843,1745775598.9300601,2.8061727789463475e-05
3844,1745775612.2055922,2.8060356271453202e-05
3845,1745775631.7446854,2.8058984753442928e-05
3846,1745775645.6174197,2.8057613235432655e-05
3847,1745775663.3856215,2.805624171742238e-05
3848,1745775672.7202911,2.8054870199412107e-05
3849,1745775687.665762,2.8053498681401834e-05
3850,1745775705.4973128,2.8052125344402157e-05
3851,1745775730.3692074,2.8050753826391883e-05
3852,1745775741.8952909,2.804938230838161e-05
3853,1745775755.6429765,2.8048010790371336e-05
3854,1745775766.2469122,2.8046639272361062e-05
3855,1745775785.095806,2.804526775435079e-05
3856,1745775799.1696913,2.8043896236340515e-05
3857,1745775817.5077424,2.8042524718330242e-05
3858,1745775838.5784714,2.8041151381330565e-05
3859,1745775849.3710754,2.803977986332029e-05
3860,1745775863.4400587,2.8038408345310017e-05
3861,1745775882.3609798,2.8037036827299744e-05
3862,1745775893.6811407,2.803566530928947e-05
3863,1745775907.4614284,2.8034293791279197e-05
3864,1745775916.5997975,2.8032922273268923e-05
3865,1745775925.4877512,2.803155075525865e-05
3866,1745775952.7197988,2.8030177418258972e-05
3867,1745775980.129128,2.80288059002487e-05
3868,1745776010.8555813,2.8027434382238425e-05
3869,1745776038.3496072,2.8026062864228152e-05
3870,1745776065.1808555,2.8024691346217878e-05
3871,1745776092.2193577,2.8023319828207605e-05
3872,1745776125.114368,2.802194831019733e-05
3873,1745776157.091793,2.8020576792187057e-05
3874,1745776197.0800455,2.8019205274176784e-05
3875,1745776229.7216933,2.8017831937177107e-05
3876,1745776258.5601602,2.8016460419166833e-05
3877,1745776286.4256256,2.801508890115656e-05
3878,1745776322.5626872,2.8013717383146286e-05
3879,1745776351.4827328,2.8012345865136012e-05
3880,1745776372.4181588,2.801097434712574e-05
3881,1745776393.6722608,2.8009602829115465e-05
3882,1745776420.794212,2.8008231311105192e-05
3883,1745776453.2222855,2.8006857974105515e-05
3884,1745776484.4677572,2.800548645609524e-05
3885,1745776516.9297867,2.8004114938084967e-05
3886,1745776540.238907,2.8002743420074694e-05
3887,1745776567.775496,2.800137190206442e-05
3888,1745776573.5113378,2.8000000384054147e-05
3889,1745776789.1962504,2.7998628866043873e-05
3890,1745776816.7899914,2.79972573480336e-05
3891,1745776839.460928,2.7995884011033922e-05
3892,1745776868.0679314,2.799451249302365e-05
3893,1745776888.8296251,2.7993140975013375e-05
3894,1745776917.9429753,2.7991769457003102e-05
3895,1745776953.5311222,2.7990397938992828e-05
3896,1745776984.891893,2.7989026420982555e-05
3897,1745777017.971618,2.798765490297228e-05
3898,1745777049.2118762,2.7986283384962007e-05
3899,1745777070.436658,2.798491004796233e-05
3900,1745777086.577631,2.7983538529952057e-05
3901,1745777114.8891215,2.7982167011941783e-05
3902,1745777139.6896813,2.798079549393151e-05
3903,1745777150.1412938,2.7979423975921236e-05
3904,1745777180.359335,2.7978052457910962e-05
3905,1745777203.3023956,2.797668093990069e-05
3906,1745777224.055621,2.7975309421890415e-05
3907,1745777245.4405134,2.7973936084890738e-05
3908,1745777268.0473287,2.7972564566880465e-05
3909,1745777274.5165384,2.797119304887019e-05
3910,1745777298.5201533,2.7969821530859917e-05
3911,1745777320.313358,2.7968450012849644e-05
3912,1745777342.686592,2.796707849483937e-05
3913,1745777364.9701965,2.7965706976829097e-05
3914,1745777385.2020905,2.7964335458818823e-05
3915,1745777402.800328,2.7962962121819146e-05
3916,1745777423.846726,2.7961590603808872e-05
3917,1745777449.2496057,2.79602190857986e-05
3918,1745777472.1363032,2.7958847567788325e-05
3919,1745777495.7039633,2.795747604977805e-05
3920,1745777512.270034,2.7956104531767778e-05
3921,1745777533.8528998,2.7954733013757505e-05
3922,1745777552.5945752,2.795336149574723e-05
3923,1745777572.5129535,2.7951988158747554e-05
3924,1745777594.3595858,2.795061664073728e-05
3925,1745777616.4557493,2.7949245122727007e-05
3926,1745777640.3145943,2.7947873604716733e-05
3927,1745777672.4908361,2.794650208670646e-05
3928,1745777697.044245,2.7945130568696186e-05
3929,1745777719.5093212,2.7943759050685912e-05
3930,1745777741.554276,2.794238753267564e-05
3931,1745777763.275166,2.794101419567596e-05
3932,1745777783.801398,2.7939642677665688e-05
3933,1745777807.5436924,2.7938271159655415e-05
3934,1745777827.8124635,2.793689964164514e-05
3935,1745777841.7980404,2.7935528123634867e-05
3936,1745777863.1367369,2.7934156605624594e-05
3937,1745777887.6874256,2.793278508761432e-05
3938,1745777899.8699307,2.7931413569604047e-05
3939,1745777922.7057743,2.7930042051593773e-05
3940,1745777943.2446268,2.7928668714594096e-05
3941,1745777966.7373543,2.7927297196583822e-05
3942,1745777991.7437844,2.792592567857355e-05
3943,1745778012.0591197,2.7924554160563275e-05
3944,1745778039.9453807,2.7923182642553e-05
3945,1745778064.0909739,2.7921811124542728e-05
3946,1745778086.685862,2.7920439606532454e-05
3947,1745778106.9375837,2.791906808852218e-05
3948,1745778135.6536298,2.7917694751522504e-05
3949,1745778153.4474723,2.791632323351223e-05
3950,1745778176.451151,2.7914951715501957e-05
3951,1745778204.111192,2.7913580197491683e-05
3952,1745778228.734523,2.791220867948141e-05
3953,1745778240.4616168,2.7910837161471136e-05
3954,1745778265.9810772,2.7909465643460862e-05
3955,1745778294.1692452,2.790809412545059e-05
3956,1745778319.3774867,2.790672078845091e-05
3957,1745778344.2320132,2.7905349270440638e-05
3958,1745778372.0087829,2.7903977752430364e-05
3959,1745778385.6272688,2.790260623442009e-05
3960,1745778405.684237,2.7901234716409817e-05
3961,1745778428.0745509,2.7899863198399544e-05
3962,1745778449.509207,2.789849168038927e-05
3963,1745778468.8376334,2.7897120162378997e-05
3964,1745778489.2117736,2.789574682537932e-05
3965,1745778518.6715853,2.7894375307369046e-05
3966,1745778539.3168683,2.7893003789358772e-05
3967,1745778554.0000176,2.78916322713485e-05
3968,1745778575.6208308,2.7890260753338225e-05
3969,1745778582.7337325,2.788888923532795e-05
3970,1745778769.7187102,2.7887517717317678e-05
3971,1745778789.2683535,2.7886146199307404e-05
3972,1745778804.3386807,2.7884772862307727e-05
3973,1745778824.3091245,2.7883401344297454e-05
3974,1745778853.1790864,2.788202982628718e-05
3975,1745778879.1232243,2.7880658308276907e-05
3976,1745778903.888995,2.7879286790266633e-05
3977,1745778930.536174,2.787791527225636e-05
3978,1745778940.6995916,2.7876543754246086e-05
3979,1745778962.2454216,2.7875172236235812e-05
3980,1745778983.831855,2.7873798899236135e-05
3981,1745779005.382663,2.787242738122586e-05
3982,1745779019.3841784,2.7871055863215588e-05
3983,1745779041.588302,2.7869684345205314e-05
3984,1745779070.1247044,2.786831282719504e-05
3985,1745779086.3243024,2.7866941309184767e-05
3986,1745779105.243433,2.7865569791174494e-05
3987,1745779125.5552826,2.786419827316422e-05
3988,1745779143.1859736,2.7862824936164543e-05
3989,1745779166.3086066,2.786145341815427e-05
3990,1745779185.8612468,2.7860081900143996e-05
3991,1745779211.3975017,2.7858710382133722e-05
3992,1745779227.9467,2.785733886412345e-05
3993,1745779250.0766017,2.7855967346113175e-05
3994,1745779268.736891,2.78545958281029e-05
3995,1745779292.5890095,2.7853224310092628e-05
3996,1745779313.6261292,2.785185097309295e-05
3997,1745779339.0757754,2.7850479455082677e-05
3998,1745779354.8314505,2.7849107937072404e-05
3999,1745779372.2020288,2.784773641906213e-05
4000,1745779391.3266895,2.7846364901051857e-05
4001,1745779416.276693,2.7844993383041583e-05
4002,1745779439.5902817,2.784362186503131e-05
4003,1745779460.2179878,2.7842250347021036e-05
4004,1745779481.1431766,2.784087701002136e-05
4005,1745779500.942885,2.7839505492011085e-05
4006,1745779524.6377652,2.783813397400081e-05
4007,1745779544.4930668,2.7836762455990538e-05
4008,1745779565.3694575,2.7835390937980264e-05
4009,1745779580.213031,2.783401941996999e-05
4010,1745779609.5317001,2.7832647901959717e-05
4011,1745779627.2211773,2.7831276383949444e-05
4012,1745779649.6780083,2.782990486593917e-05
4013,1745779669.8124924,2.7828531528939493e-05
4014,1745779684.9815948,2.782716001092922e-05
4015,1745779711.0803208,2.7825788492918946e-05
4016,1745779727.761242,2.7824416974908672e-05
4017,1745779756.6839335,2.78230454568984e-05
4018,1745779767.347038,2.7821673938888125e-05
4019,1745779789.0603802,2.782030242087785e-05
4020,1745779818.3515675,2.7818930902867578e-05
4021,1745779844.1713884,2.78175575658679e-05
4022,1745779857.4097245,2.7816186047857627e-05
4023,1745779877.4262316,2.7814814529847354e-05
4024,1745779898.0638878,2.781344301183708e-05
4025,1745779924.4278646,2.7812071493826807e-05
4026,1745779945.6202264,2.7810699975816533e-05
4027,1745779962.5971253,2.780932845780626e-05
4028,1745779973.9401648,2.7807956939795986e-05
4029,1745779988.169817,2.780658360279631e-05
4030,1745780006.8003807,2.7805212084786035e-05
4031,1745780017.9950168,2.780384056677576e-05
4032,1745780032.437515,2.7802469048765488e-05
4033,1745780047.5879195,2.7801097530755214e-05
4034,1745780062.859875,2.779972601274494e-05
4035,1745780079.0497916,2.7798354494734667e-05
4036,1745780101.0953732,2.7796982976724394e-05
4037,1745780115.0594122,2.7795609639724717e-05
4038,1745780130.0149755,2.7794238121714443e-05
4039,1745780144.294554,2.779286660370417e-05
4040,1745780158.540063,2.7791495085693896e-05
4041,1745780170.3519564,2.7790123567683622e-05
4042,1745780183.6607428,2.778875204967335e-05
4043,1745780188.4882684,2.7787380531663075e-05
4044,1745780195.415734,2.77860090136528e-05
4045,1745780204.7085698,2.7784635676653124e-05
4046,1745780210.0958188,2.778326415864285e-05
4047,1745780216.4104729,2.7781892640632577e-05
4048,1745780224.1695757,2.7780521122622304e-05
4049,1745780230.8557708,2.777914960461203e-05
4050,1745780233.0933623,2.7777778086601757e-05
