step,wall_time,value
1,1746472183.5063336,0.0010644879657775164
2,1746472206.4791293,0.0006907645147293806
3,1746472217.4330485,0.0012439681449905038
4,1746472240.9395375,0.003164366353303194
5,1746472254.083157,0.00031683521228842437
6,1746472272.8784022,0.0013780014123767614
7,1746472288.1395464,0.0005885283462703228
8,1746472309.9395347,0.002145191188901663
9,1746472325.055787,0.00024462008150294423
10,1746472343.9489675,0.00014559162082150578
11,1746472361.1409657,0.013761798851191998
12,1746472371.8755333,0.0009164362563751638
13,1746472390.790637,0.0004290405195206404
14,1746472398.8483536,0.0009361120173707604
15,1746472412.6992536,0.00025314567028544843
16,1746472435.2508461,0.0004921536310575902
17,1746472451.531773,0.0026339103933423758
18,1746472466.2682831,0.008346489630639553
19,1746472480.2312198,0.0004434006696101278
20,1746472492.3681967,0.0014034874038770795
21,1746472511.7673903,0.001836816081777215
22,1746472524.3993213,0.0001798901503207162
23,1746472535.4697251,0.00015146216901484877
24,1746472549.534465,0.00029199945856817067
25,1746472572.7936559,0.0022680340334773064
26,1746472589.8526015,0.0005838270881213248
27,1746472601.1519582,0.004856657702475786
28,1746472618.6799653,5.51033990632277e-05
29,1746472633.3509667,0.0002368215355090797
30,1746472643.9781117,0.0005722276400774717
31,1746472664.4759772,0.0073819393292069435
32,1746472682.9983962,0.00020914323977194726
33,1746472692.9915545,0.0001497917401138693
34,1746472713.2685099,0.00046518229646608233
35,1746472734.5131426,0.0017216488486155868
36,1746472750.4594216,0.00022919713228475302
37,1746472766.1232688,0.0021612669806927443
38,1746472783.7859635,0.00467637088149786
39,1746472804.40343,0.0023078967351466417
40,1746472819.4511278,8.551160135539249e-05
41,1746472828.5395367,0.01165161095559597
42,1746472849.8720632,0.0005759831401519477
43,1746472870.2571704,0.00207899184897542
44,1746472891.622052,0.002728321822360158
45,1746472907.0696652,0.00026918406365439296
46,1746472913.5041287,0.001981706591323018
47,1746472927.2108364,0.003269884968176484
48,1746472942.8726296,0.0007864561048336327
49,1746472958.1467664,0.0004022748034913093
50,1746472970.2418363,0.0002020058745983988
51,1746472981.2460454,0.0003525500651448965
52,1746472993.4854782,0.01697329431772232
53,1746473001.939561,7.198737876024097e-05
54,1746473026.9395204,0.001680430374108255
55,1746473040.544014,0.0060183703899383545
56,1746473050.7740784,0.002416048664599657
57,1746473060.1504347,0.0032696619164198637
58,1746473086.241605,7.927260594442487e-05
59,1746473099.4579458,0.0008497757371515036
60,1746473119.3909214,0.00018600290059112012
61,1746473138.0073318,0.02013554237782955
62,1746473146.4465444,0.0001671724603511393
63,1746473162.5409746,0.00300837610848248
64,1746473185.467066,0.004702956881374121
65,1746473202.2187045,5.87689719395712e-05
66,1746473213.939512,0.004356315825134516
67,1746473228.4694202,0.004046340007334948
68,1746473254.7418754,0.0020846829283982515
69,1746473266.8846676,0.005001950543373823
70,1746473280.4701285,0.00023361705825664103
71,1746473297.3395162,0.0007302847225219011
72,1746473315.7388809,0.004470509942620993
73,1746473332.8777692,0.009796912781894207
74,1746473348.338269,0.0024273013696074486
75,1746473361.596477,0.0006947903311811388
76,1746473377.0831754,0.020880280062556267
77,1746473463.0922036,0.0002325521782040596
78,1746473491.5395174,7.50958060962148e-05
79,1746473511.8593533,0.002157239941880107
80,1746473528.2408752,0.00178803491871804
81,1746473549.4395566,0.0005167127237655222
82,1746473561.954988,0.00863276794552803
83,1746473584.512328,0.0027990699745714664
84,1746473592.1516283,0.00044532385072670877
85,1746473607.1425421,0.0052105882205069065
86,1746473625.7045133,0.00366658135317266
87,1746473652.4085429,0.000529248733073473
88,1746473662.687835,0.00022799389262218028
89,1746473674.6529305,0.0018352647311985493
90,1746473685.3584878,0.0064289323054254055
91,1746473709.97479,0.010281774215400219
92,1746473720.4858563,0.010186363011598587
93,1746473736.3972056,0.004109844099730253
94,1746473753.8544543,0.0031977109611034393
95,1746473769.3415701,0.0004019473271910101
96,1746473783.2128956,6.790141924284399e-05
97,1746473795.3721535,0.00796689372509718
98,1746473819.7557814,0.003568618092685938
99,1746473833.5856228,0.011910950765013695
100,1746473846.4260259,1.1903430277016014e-05
101,1746473868.7215796,0.0009653655579313636
102,1746473883.6861997,0.0005606336053460836
103,1746473901.639556,0.000999680021777749
104,1746473915.4395456,0.006000244989991188
105,1746473926.796262,0.002206999808549881
106,1746473952.1110628,0.0010484765516594052
107,1746473971.9128568,0.00030181845068000257
108,1746473980.839557,0.0011651874519884586
109,1746473990.971,0.0001628370227990672
110,1746474001.3671458,1.2896904991066549e-05
111,1746474011.1117105,0.0008020356763154268
112,1746474027.3395488,0.0015595753211528063
113,1746474052.32608,0.005345914047211409
114,1746474065.4395545,0.02661297097802162
115,1746474080.4247098,0.001088265678845346
116,1746474089.3724873,4.7071229346329346e-05
117,1746474106.9395113,3.218206620658748e-05
118,1746474123.6456854,2.7390255127102137e-05
119,1746474145.4631464,0.001055544475093484
120,1746474159.9354556,0.0014365700772032142
121,1746474178.7395086,0.00013507550465874374
122,1746474193.4477842,7.656116940779611e-05
123,1746474211.0680175,0.00011528835602803156
124,1746474228.5273519,2.4398548703175038e-05
125,1746474242.5624,0.0017755103763192892
126,1746474258.3988137,0.0006304103881120682
127,1746474278.954113,0.0040259892120957375
128,1746474294.1395164,2.1664191081072204e-05
129,1746474307.430108,0.0009964569471776485
130,1746474330.779375,0.00011501590051921085
131,1746474342.3210344,1.2415307537594344e-05
132,1746474350.83954,2.2443644411396235e-05
133,1746474369.3149257,0.000814185943454504
134,1746474384.8106837,0.0007175889913924038
135,1746474404.4530048,0.0007709773490205407
136,1746474426.2805648,0.0008721387130208313
137,1746474442.060606,2.642358776938636e-05
138,1746474451.5603495,1.7133517758338712e-05
139,1746474464.4259205,0.000512208673171699
140,1746474477.8216624,0.012122461572289467
141,1746474492.6393692,3.934608321287669e-05
142,1746474511.8694534,0.00974011979997158
143,1746474525.9461608,0.0018412027275189757
144,1746474533.3479822,0.00038297250284813344
145,1746474545.642191,0.0032705646008253098
146,1746474562.0844905,0.0027133452240377665
147,1746474576.7265751,0.04221687838435173
148,1746474598.829011,0.017015185207128525
149,1746474620.0471091,4.0467701182933524e-05
150,1746474637.1898963,2.5209496016032062e-05
151,1746474657.6395218,0.0014235344715416431
152,1746474673.0696566,5.2846040489384905e-05
153,1746474768.5085194,2.2293850179266883e-06
154,1746474777.8395154,3.698723503475776e-06
155,1746474796.4395769,1.9663211787701584e-06
156,1746474823.5506148,1.7813023305279785e-06
157,1746474831.1395361,1.525929656054359e-05
158,1746474854.3975687,2.062902012767154e-06
159,1746474863.143026,2.0695656530733686e-06
160,1746474887.8678894,1.707163391984068e-05
161,1746474902.3709817,4.386612090456765e-06
162,1746474912.4587867,2.3200129362521693e-05
163,1746474927.1126986,3.0103963126748567e-06
164,1746474946.3679166,1.7991143295148504e-06
165,1746474973.1395144,1.4187527312969905e-06
166,1746474989.4395185,7.943752279970795e-06
167,1746475016.0131915,2.5288549295510165e-05
168,1746475035.4557955,9.437138032808434e-06
169,1746475056.7395108,3.7076979424455203e-06
170,1746475070.2395105,1.1328021400913713e-06
171,1746475088.1228187,2.6884170438279398e-05
172,1746475111.1395388,3.4534448332124157e-06
173,1746475124.5423625,3.6569344956660643e-06
174,1746475136.3207395,9.49129243963398e-05
175,1746475154.116691,0.003251253627240658
176,1746475163.7395265,0.0005334808374755085
177,1746475179.654797,6.078858518776542e-07
178,1746475188.8657627,1.3567409951065201e-06
179,1746475197.2395377,3.535450048275379e-07
180,1746475207.1727967,1.4829622159595601e-05
181,1746475223.9794803,4.493213509704219e-06
182,1746475235.4295425,0.007305519189685583
183,1746475255.5395684,0.0003631811705417931
184,1746475276.1830206,2.8589126941369614e-06
185,1746475296.3555853,9.053139365278184e-06
186,1746475309.4618547,8.388179412577301e-05
187,1746475325.665742,1.0544332553763525e-06
188,1746475340.8897314,6.913573542988161e-06
189,1746475356.3674634,0.005973950028419495
190,1746475368.7394984,0.00021673270384781063
191,1746475395.61441,0.0008604391478002071
192,1746475403.2472997,1.4629551969846943e-06
193,1746475428.811318,1.5662100167901372e-06
194,1746475442.5599961,8.56328426834807e-07
195,1746475461.1646478,7.487316793231003e-07
196,1746475479.106806,5.936096840741811e-06
197,1746475495.68637,0.017157867550849915
198,1746475503.8692663,3.954250587412389e-06
199,1746475521.4395146,7.489921699743718e-05
200,1746475531.0621831,0.020693954080343246
201,1746475543.6497123,0.004291953518986702
202,1746475558.4313276,3.5320917959325016e-05
203,1746475568.9116395,0.000424721249146387
204,1746475584.19449,0.0002944050938822329
205,1746475600.723135,0.0004033762961626053
206,1746475616.0779889,0.00016038218745961785
207,1746475639.1373239,1.6202755432459526e-05
208,1746475654.27272,2.7723030143533833e-05
209,1746475672.534876,0.00023821351351216435
210,1746475690.3482234,4.246889511705376e-05
211,1746475706.075563,5.249095192993991e-05
212,1746475720.2591598,2.449246858304832e-05
213,1746475739.5953193,2.2761985746910796e-05
214,1746475759.639548,0.0007609172025695443
215,1746475776.1842809,0.0007174317725002766
216,1746475794.9425008,5.2444302127696574e-05
217,1746475801.6519024,5.149140633875504e-05
218,1746475811.8972037,2.6416271339257946e-06
219,1746475821.9395118,5.271837380860234e-06
220,1746475841.694327,9.585104271536693e-05
221,1746475861.739512,2.2470941985375248e-05
222,1746475879.3431892,0.00017636327538639307
223,1746475891.3463438,0.00010411416587885469
224,1746475906.8671947,4.6823490265524015e-05
225,1746475921.5395796,0.0012374415528029203
226,1746475929.4395156,0.00027594270068220794
227,1746475947.1587079,1.876470196293667e-05
228,1746475958.8395195,9.435992978978902e-06
229,1746476066.0203817,0.00043756747618317604
230,1746476077.314962,4.632473792298697e-05
231,1746476100.1588085,3.0396900911000557e-05
232,1746476118.6909516,7.538361387560144e-06
233,1746476136.9974246,3.230163429179811e-06
234,1746476151.9395354,1.0217199815087952e-05
235,1746476169.3395329,0.00841731671243906
236,1746476184.155615,4.433899084688164e-05
237,1746476198.2988167,4.5304177547222935e-06
238,1746476209.9395366,0.0016847987426444888
239,1746476225.4395251,4.918476406601258e-06
240,1746476242.4395466,0.01857423409819603
241,1746476261.1563978,5.232363946561236e-06
242,1746476276.1933484,1.5319124031520914e-06
243,1746476297.4787295,4.483462817006512e-06
244,1746476317.970178,1.6088823713289457e-06
245,1746476329.2300093,1.5449752027052455e-05
246,1746476345.3557067,6.874640803289367e-06
247,1746476364.2927794,2.401304845989216e-05
248,1746476381.9152296,2.6474481273908168e-05
249,1746476395.4751248,0.00010447581735206768
250,1746476406.230438,0.00020092003978788853
251,1746476420.739526,8.284871000796556e-05
252,1746476437.8712614,0.0002591481897979975
253,1746476450.23272,0.003801087848842144
254,1746476468.7509232,0.0004387921653687954
255,1746476478.8469489,0.00021736657072324306
256,1746476492.5955906,4.178464223514311e-05
257,1746476507.1839843,1.4712496522406582e-05
258,1746476521.7538722,2.7776011847890913e-05
259,1746476537.239948,1.9441704353084788e-05
260,1746476554.3841217,3.0350105589604937e-05
261,1746476565.6716738,1.556363349664025e-05
262,1746476587.9061494,7.850566362321842e-06
263,1746476603.2395527,0.0060360911302268505
264,1746476625.7395284,9.424451491213404e-06
265,1746476643.3225496,7.788320544932503e-06
266,1746476656.262543,1.1048980013583787e-05
267,1746476666.6395297,0.0017217359272763133
268,1746476682.3447871,3.064401607844047e-05
269,1746476705.0344396,0.004295400809496641
270,1746476725.6530228,0.004247876349836588
271,1746476738.7142456,3.4743384276225697e-06
272,1746476754.2369561,1.3927296095062047e-05
273,1746476772.4840715,0.008847269229590893
274,1746476794.639546,5.422755293693626e-06
275,1746476809.9969318,5.275428975437535e-06
276,1746476826.8395643,4.9100776777777355e-06
277,1746476845.4234285,3.7156354665057734e-05
278,1746476858.3689785,0.0003609441628213972
279,1746476878.7793913,7.2513144004915375e-06
280,1746537037.9834197,0.0026761358603835106
281,1746537045.9851916,4.997243740945123e-05
282,1746537058.874442,0.0023681330494582653
283,1746537070.3964329,0.00047621052362956107
284,1746537090.1436398,5.249114110483788e-05
285,1746537109.059222,2.1085788830532692e-06
286,1746537116.890956,2.2990784600551706e-06
287,1746537129.757474,1.7031665265676565e-05
288,1746537136.4025428,1.3276284107632819e-06
289,1746537149.6390865,2.128562755387975e-06
290,1746537161.598453,3.715160346473567e-06
291,1746537168.7266083,2.234728754046955e-06
292,1746537190.763154,1.4210461813490838e-05
293,1746537201.6213543,0.0003861321019940078
294,1746537214.6448746,1.1251456271565985e-05
295,1746537225.2128067,0.0007459305925294757
296,1746537236.7717984,6.238847731765418e-07
297,1746537244.1091137,0.00028601966914720833
298,1746537256.5061827,8.936218364397064e-05
299,1746537270.4285758,7.3842547863023356e-06
300,1746537280.2553527,0.0001222575519932434
301,1746537302.3663986,0.003371763275936246
302,1746537309.1718178,0.002709080697968602
303,1746537320.7398772,1.10091787064448e-06
304,1746537334.3425722,4.063011147081852e-05
305,1746537415.3037243,3.929206286557019e-05
306,1746537431.2812629,0.00013820317690260708
307,1746537439.8497818,0.0002809841535054147
308,1746537457.1395123,0.015951626002788544
309,1746537479.5895963,2.410247725492809e-05
310,1746537486.313772,0.03162756189703941
311,1746537496.7282484,0.028555218130350113
312,1746537517.2620473,0.010426383465528488
313,1746537533.6020355,0.05853481963276863
314,1746537551.4545462,0.006635461002588272
315,1746537571.5602758,0.008329072035849094
316,1746537582.179136,0.013860073871910572
317,1746537598.5103445,0.008698500692844391
318,1746537609.2073722,0.005594623275101185
319,1746537616.0576801,0.009211280383169651
320,1746537629.4953303,0.012041272595524788
321,1746537637.9525743,0.003276392351835966
322,1746537651.4602506,0.0007753949612379074
323,1746537663.7862442,0.017002714797854424
324,1746537678.950502,0.009438890963792801
325,1746537688.658257,0.006457566283643246
326,1746537699.589777,0.010893511585891247
327,1746537715.0342715,0.002740290481597185
328,1746537726.2819915,0.0016477282624691725
329,1746537743.1681118,0.0021209733095020056
330,1746537751.7493284,0.010040133260190487
331,1746537763.1394422,0.0018940670415759087
332,1746537771.2144845,0.003705399576574564
333,1746537788.1443615,0.007940965704619884
334,1746537810.1335437,0.0026008361019194126
335,1746537821.2842596,0.010027769021689892
336,1746537832.2403243,0.0019564684480428696
337,1746537844.8201194,0.003076813882216811
338,1746537857.2483106,0.00023453070025425404
339,1746537866.5394776,0.0018860952695831656
340,1746537877.0282214,0.001439169398508966
341,1746537893.0690293,0.0026277487631887197
342,1746537902.1084197,0.012826580554246902
343,1746537909.6853254,0.006612603552639484
344,1746537917.2808907,3.769455724977888e-05
345,1746537928.530736,0.011838476173579693
346,1746537939.0499315,0.006417396944016218
347,1746537952.7354434,0.0035274967085570097
348,1746537960.2940586,0.015526032075285912
349,1746537973.6174603,0.002428267616778612
350,1746537981.5305028,0.0041473931632936
351,1746537991.7637944,0.012699685990810394
352,1746538000.5987637,0.02341969683766365
353,1746538011.6197915,0.017226126044988632
354,1746538022.9491048,0.02105472795665264
355,1746538034.697522,0.003369651734828949
356,1746538043.627914,0.004449715372174978
357,1746538052.4407256,0.0044943769462406635
358,1746538063.106629,0.02651028148829937
359,1746538071.738225,0.05328034982085228
360,1746538078.7591538,0.0001363030169159174
361,1746538087.0709176,0.07697052508592606
362,1746538098.157039,0.07309066504240036
363,1746538108.3369544,0.027790239080786705
364,1746538114.2394807,0.014752227813005447
365,1746538126.449086,0.04799143224954605
366,1746538135.6875143,0.012355983257293701
367,1746538145.1674135,0.0339876189827919
368,1746538152.7393923,0.05527466535568237
369,1746538157.379377,0.10058010369539261
370,1746538169.097528,0.03645068407058716
371,1746538178.1431732,0.005243564955890179
372,1746538187.0339715,0.000145510581205599
373,1746538195.3521347,0.030208123847842216
374,1746538205.6014943,0.0020240701269358397
375,1746538214.8091724,0.018147950991988182
376,1746538225.192111,0.026044875383377075
377,1746538231.9490447,0.02532433345913887
378,1746538242.8789735,0.04485045745968819
379,1746538254.110261,0.03532957658171654
380,1746538263.9074917,0.004018731415271759
381,1746538326.948169,0.11032930761575699
382,1746538334.6567554,0.002297499915584922
383,1746538340.8622432,0.07728616893291473
384,1746538350.9078856,0.03430137783288956
385,1746538355.9474096,0.014569484628736973
386,1746538365.295,0.017116662114858627
387,1746538375.1102393,0.04813297465443611
388,1746538382.0700746,0.039405979216098785
389,1746538392.1339397,0.012567452155053616
390,1746538405.0654006,0.06786833703517914
391,1746538411.893378,0.007811436429619789
392,1746538426.1662204,0.001996139530092478
393,1746538434.1027079,0.04751698672771454
394,1746538440.6080542,0.014223700389266014
395,1746538452.89939,0.015494151040911674
396,1746538462.1145523,0.0028905405197292566
397,1746538471.4673035,0.006380882579833269
398,1746538479.5838175,0.007173388730734587
399,1746538492.519232,0.07643015682697296
400,1746538504.7520902,0.017309319227933884
401,1746538513.918499,0.038924042135477066
402,1746538526.5807247,0.05694399029016495
403,1746538535.0925741,0.03412924334406853
404,1746538544.9428468,0.006243282929062843
405,1746538551.8236852,0.010203343816101551
406,1746538557.7773566,0.010095448233187199
407,1746538568.2807772,0.020675716921687126
408,1746538584.67314,0.0164576955139637
409,1746538593.2697191,0.010394367389380932
410,1746538601.809263,0.022707730531692505
411,1746538609.5872521,0.04166581854224205
412,1746538616.9615827,0.018083274364471436
413,1746538633.2890353,0.01832958497107029
414,1746538645.2130759,0.01281062699854374
415,1746538660.7236762,0.016054324805736542
416,1746538674.6243877,0.029826315119862556
417,1746538683.6369283,0.04089827835559845
418,1746538695.5052528,0.03979041799902916
419,1746538704.6358523,0.10176678001880646
420,1746538711.3351793,0.012225570157170296
421,1746538722.571948,0.0011017577489838004
422,1746538734.372295,0.037915054708719254
423,1746538744.926042,0.025316696614027023
424,1746538757.9223247,0.01635347120463848
425,1746538770.1662683,0.020521661266684532
426,1746538778.184516,0.07642935961484909
427,1746538795.7871196,0.012392109259963036
428,1746538801.8241122,0.07836437225341797
429,1746538809.586375,0.009400224313139915
430,1746538819.444473,0.0062761977314949036
431,1746538826.3588521,0.009350334294140339
432,1746538833.4414358,0.018536394461989403
433,1746538846.7259939,0.009269296191632748
434,1746538857.660965,0.07607933133840561
435,1746538866.0261214,0.014359521679580212
436,1746538880.931737,0.008055969141423702
437,1746538890.2622612,0.03939158469438553
438,1746538903.620085,0.027557360008358955
439,1746538917.046615,0.01960744708776474
440,1746538922.0676885,0.03501971438527107
441,1746538930.5520666,0.018104299902915955
442,1746538937.7487342,0.013497946783900261
443,1746538949.8042674,0.0326814167201519
444,1746538961.148707,0.007422218099236488
445,1746538972.539118,0.01537091564387083
446,1746538984.312159,0.00740839634090662
447,1746538994.7256405,0.031643614172935486
448,1746539003.9518847,0.003444693051278591
449,1746539010.3507402,0.020544972270727158
450,1746539021.147639,0.03047959879040718
451,1746539033.2172484,0.02396310307085514
452,1746539046.8590982,0.024138255044817924
453,1746539061.349698,0.031206205487251282
454,1746539072.9200888,0.02556697092950344
455,1746539081.410118,0.0073107327334582806
456,1746539090.4854467,0.03484635055065155
457,1746539151.950715,0.014070487581193447
458,1746539157.5856814,0.04470706731081009
459,1746539165.4599688,0.0016001340700313449
460,1746539174.8123121,0.022284680977463722
461,1746539182.250227,0.000296504411380738
462,1746539193.2493916,0.006255399435758591
463,1746539205.0663686,4.131559035158716e-05
464,1746539217.74706,0.011050257831811905
465,1746539225.747688,0.012036385014653206
466,1746539230.6475754,0.012616299092769623
467,1746539244.5110466,0.00583208492025733
468,1746539257.187302,0.006749628111720085
469,1746539270.362853,0.001083485083654523
470,1746539277.0066288,0.0009846282191574574
471,1746539288.4614282,0.002416162984445691
472,1746539302.9599378,0.003887395840138197
473,1746539312.4230425,0.0009998956229537725
474,1746539324.5318668,0.0009478898136876523
475,1746539332.2260885,0.030254483222961426
476,1746539339.6214635,0.004081504885107279
477,1746539351.105715,0.000851849967148155
478,1746539357.8760679,7.38240996724926e-05
479,1746539363.0626216,0.0006703436956740916
480,1746539373.5864792,0.005216194782406092
481,1746539390.1155007,0.0075019486248493195
482,1746539398.9900808,0.017408737912774086
483,1746539405.859298,0.021900499239563942
484,1746539416.7308307,0.013652989640831947
485,1746539430.8742006,0.004705360159277916
486,1746539444.0708563,0.005883815232664347
487,1746539455.8169968,0.0012928429059684277
488,1746539473.9175868,0.015183849260210991
489,1746539482.1958613,0.013316689990460873
490,1746539489.0434456,0.0007544822292402387
491,1746539500.1717522,0.009725794196128845
492,1746539507.759672,0.0008095502271316946
493,1746539517.660222,0.003479007398709655
494,1746539531.142149,0.002608546055853367
495,1746539541.3485944,0.01071594562381506
496,1746539551.4386091,0.000230139892664738
497,1746539567.0254095,0.0006863443995825946
498,1746539574.1650748,5.959785630693659e-05
499,1746539580.3955183,0.006496387533843517
500,1746539591.4963233,0.008379798382520676
501,1746539607.2952406,0.001722176792100072
502,1746539615.1890972,0.0010551313171163201
503,1746539627.8214169,0.0022060994524508715
504,1746539638.0391052,0.00607857434079051
505,1746539645.1573806,0.0019934801384806633
506,1746539657.4623473,0.00043465636554174125
507,1746539666.698787,0.007543053478002548
508,1746539677.8509285,0.0030278675258159637
509,1746539686.0605316,0.00017953065980691463
510,1746539694.8491406,0.001491278875619173
511,1746539703.9405413,0.003909596242010593
512,1746539710.3703146,0.001958254724740982
513,1746539720.0574021,0.0018571714172139764
514,1746539725.8487751,0.012626348063349724
515,1746539736.7626631,0.0033548756036907434
516,1746539747.9450283,0.006999438162893057
517,1746539759.3613217,0.002364811487495899
518,1746539770.374139,0.01029073353856802
519,1746539781.4109535,0.0017367459367960691
520,1746539788.2605739,0.007236221339553595
521,1746539793.4472578,0.004750431049615145
522,1746539800.187029,0.001339582959190011
523,1746539807.1678915,0.0075734760612249374
524,1746539816.7185583,9.485147893428802e-05
525,1746539823.7529595,0.014127029106020927
526,1746539835.7480283,0.005433409009128809
527,1746539845.1271164,0.003468770068138838
528,1746539850.9304085,0.0010590553283691406
529,1746539860.0530581,0.017825093120336533
530,1746539866.3014464,0.011287105269730091
531,1746539872.944484,0.0017965364968404174
532,1746539881.3956206,0.005077854730188847
533,1746539928.7013853,0.0009198312181979418
534,1746539936.5027838,0.00034111106651835144
535,1746539941.8810835,0.00013432186096906662
536,1746539953.5112197,0.00016958529886323959
537,1746539961.148087,0.00028909588581882417
538,1746539969.0868473,0.00035934484913013875
539,1746539982.6915927,0.000674845592584461
540,1746539989.1998954,0.012445292435586452
541,1746539997.0641088,0.0012744914274662733
542,1746540005.349473,0.00031641437090002
543,1746540013.1806836,0.0017276976723223925
544,1746540024.3775427,0.008116032928228378
545,1746540029.5574577,0.0007564747356809676
546,1746540035.7779007,0.001935584587045014
547,1746540043.101734,0.0005493455682881176
548,1746540052.5661073,0.0002006706054089591
549,1746540059.7692664,0.006090917158871889
550,1746540065.7003884,0.0007569307344965637
551,1746540073.5918627,0.0015140427276492119
552,1746540080.7465053,0.0038166961167007685
553,1746540090.6945646,0.0002052593044936657
554,1746540098.249944,0.009168766438961029
555,1746540104.5874372,0.00022766581969335675
556,1746540109.5480132,9.820601553656161e-05
557,1746540114.9487038,0.0005071811028756201
558,1746540125.136412,0.0017244362970814109
559,1746540134.8156307,0.00016611916362307966
560,1746540144.5666611,0.0001611818588571623
561,1746540154.7728794,9.237238555215299e-05
562,1746540166.1442502,0.0018568375380709767
563,1746540174.4232697,0.006001486908644438
564,1746540183.067584,0.0022443083580583334
565,1746540190.673066,0.0027151263784617186
566,1746540197.179698,0.00010639026004355401
567,1746540204.7699091,0.0011478082742542028
568,1746540215.1105545,0.004006604664027691
569,1746540224.084853,0.0002494972140993923
570,1746540234.7528749,0.0004032449796795845
571,1746540241.068461,0.0021026520989835262
572,1746540247.1961718,0.00278478697873652
573,1746540258.801295,0.002786441706120968
574,1746540270.3159592,0.000479064357932657
575,1746540278.9007409,0.000168129539815709
576,1746540286.1499054,0.0028494829311966896
577,1746540293.88442,0.004189847037196159
578,1746540299.5689707,0.0017553323414176702
579,1746540306.1458273,0.00209596729837358
580,1746540311.2608187,0.0029639776330441236
581,1746540321.0980623,0.0008663443732075393
582,1746540330.7058012,0.006521083880215883
583,1746540337.307782,0.0006791984778828919
584,1746540344.7477722,0.0165360476821661
585,1746540350.63951,0.011005248874425888
586,1746540359.1922371,0.0052436660043895245
587,1746540368.4164565,0.007314035203307867
588,1746540378.594709,0.009524857625365257
589,1746540387.0847337,0.004224064759910107
590,1746540393.9571793,0.010534330271184444
591,1746540399.949498,0.00044586852891370654
592,1746540407.7985911,0.005077752284705639
593,1746540413.6106787,0.004319529514759779
594,1746540419.2884958,1.6169729860848747e-05
595,1746540428.2982516,0.006126028019934893
596,1746540434.2512038,0.0002501802227925509
597,1746540442.8846953,0.006220069248229265
598,1746540448.2263994,0.010288408026099205
599,1746540453.7926571,0.02335326001048088
600,1746540459.4394698,0.008913781493902206
601,1746540465.396695,0.0002860824461095035
602,1746540473.4436982,0.0003497293218970299
603,1746540482.582581,0.0031782472506165504
604,1746540490.8141286,0.00029878198984079063
605,1746540500.6912582,0.005765124224126339
606,1746540509.4589722,0.008963166736066341
607,1746540518.6306372,0.0034581550862640142
608,1746540528.642779,0.015996431931853294
609,1746540574.081336,0.0015634874580428004
610,1746540579.9017017,0.0027691912837326527
611,1746540587.0492375,0.001204414526000619
612,1746540593.387869,0.0009922862518578768
613,1746540598.091626,0.002885193796828389
614,1746540605.6129484,0.0018314121989533305
615,1746540611.8966186,0.003948369063436985
616,1746540616.826122,0.004059596918523312
617,1746540624.8283575,0.005656637717038393
618,1746540636.1489568,0.0013889428228139877
619,1746540642.869183,0.020181717351078987
620,1746540650.8497713,0.0037164860405027866
621,1746540655.7133858,0.0035445191897451878
622,1746540662.049363,0.013608703389763832
623,1746540669.021316,0.00161559518892318
624,1746540678.2149508,0.0015999000752344728
625,1746540690.0156658,0.0010400607716292143
626,1746540698.9639978,0.0083953021094203
627,1746540704.612525,0.011432605795562267
628,1746540709.748721,0.0050162216648459435
629,1746540716.9617622,0.0006363916327245533
630,1746540723.882018,0.0012864855816587806
631,1746540734.8194797,0.023356735706329346
632,1746540742.89411,0.016878077760338783
633,1746540748.8548474,0.006953268777579069
634,1746540758.6207557,0.007843698374927044
635,1746540766.0683177,0.04109184443950653
636,1746540774.3410614,0.007158210966736078
637,1746540780.2794569,0.019770193845033646
638,1746540787.4884918,0.001447181566618383
639,1746540793.6354291,0.0029465395491570234
640,1746540803.3858395,0.0035563698038458824
641,1746540809.856989,0.011098615825176239
642,1746540814.7289882,0.005699535831809044
643,1746540820.3645859,0.0019667826127260923
644,1746540827.815172,0.030662279576063156
645,1746540832.8772771,0.029132025316357613
646,1746540841.7180736,0.01879221573472023
647,1746540848.6715274,0.0006692660390399396
648,1746540854.8743145,0.004237247630953789
649,1746540861.9789035,0.0131912212818861
650,1746540869.0290744,0.008836469613015652
651,1746540877.3741848,0.017544757574796677
652,1746540884.4520826,0.010064531117677689
653,1746540890.5258942,0.0013365218183025718
654,1746540899.313829,0.003062846837565303
655,1746540906.0740366,0.00955515168607235
656,1746540910.844969,0.010611748322844505
657,1746540921.2336435,0.006022595334798098
658,1746540930.957661,0.0036008746828883886
659,1746540940.2337534,0.0031936941668391228
660,1746540947.0343325,0.005311892833560705
661,1746540952.5183263,0.010516997426748276
662,1746540958.8813136,0.014720980077981949
663,1746540971.7283735,0.008581604808568954
664,1746540978.4380698,0.010939916595816612
665,1746540989.524484,0.01763603463768959
666,1746540999.6805851,0.004317581187933683
667,1746541008.1517262,0.020983373746275902
668,1746541012.8215544,0.03961542248725891
669,1746541018.2179193,0.03457371145486832
670,1746541026.1619897,0.0014951822813600302
671,1746541034.0182142,0.009123997762799263
672,1746541042.1565855,0.020839598029851913
673,1746541051.5024662,0.012655407190322876
674,1746541058.705108,0.006088234484195709
675,1746541068.8198037,0.006748546380549669
676,1746541074.5512874,0.028628837317228317
677,1746541082.031752,0.007544186431914568
678,1746541091.4980686,0.016736792400479317
679,1746541099.6805248,0.005674649029970169
680,1746541106.7952116,0.001223567989654839
681,1746541112.2796469,0.005872177425771952
682,1746541120.3498137,0.005024397280067205
683,1746541128.0434,0.011174200102686882
684,1746541134.991238,0.006573331076651812
685,1746541193.8755305,0.0006217953050509095
686,1746541203.2835767,0.006430499721318483
687,1746541210.3782184,0.027009550482034683
688,1746541216.056394,0.005645808298140764
689,1746541222.7288911,0.0021499611902981997
690,1746541233.3014205,0.0007532964227721095
691,1746541244.0504763,0.0010774052934721112
692,1746541253.9673347,0.0018375823274254799
693,1746541265.991595,0.005049743223935366
694,1746541276.577961,0.00028543014195747674
695,1746541287.1213074,0.011826964095234871
696,1746541295.14889,9.964933997252956e-05
697,1746541303.9863467,8.533916843589395e-05
698,1746541314.6861672,0.0033502851147204638
699,1746541327.8796718,0.024592358618974686
700,1746541340.3473547,0.007937547750771046
701,1746541353.9573588,0.013563387095928192
702,1746541359.4020205,0.0020658152643591166
703,1746541367.160231,0.00011140405695186928
704,1746541374.4576752,0.025756217539310455
705,1746541381.2523532,0.028619153425097466
706,1746541387.9504716,0.0053675295785069466
707,1746541398.3860638,0.011702059768140316
708,1746541413.0960076,0.0014415316982194781
709,1746541418.1561472,0.023459594696760178
710,1746541429.106011,0.021893873810768127
711,1746541437.5071774,0.010445650666952133
712,1746541445.0660946,0.016662951558828354
713,1746541458.2068439,0.002919869963079691
714,1746541465.633543,0.0030571375973522663
715,1746541477.5922918,0.007033118512481451
716,1746541484.7738445,0.013900396414101124
717,1746541492.307701,0.008455917239189148
718,1746541501.2493296,0.0073996358551084995
719,1746541514.3048418,0.0027870722115039825
720,1746541528.4512622,0.002381366677582264
721,1746541538.7487197,0.0008220774470828474
722,1746541552.0117197,0.0056839147582650185
723,1746541559.3494809,0.005869461689144373
724,1746541570.3092554,0.01999479904770851
725,1746541578.4489222,0.03312860429286957
726,1746541588.2493465,0.010857184417545795
727,1746541600.8467348,0.0024314741604030132
728,1746541610.7612298,0.006100872065871954
729,1746541619.8884816,0.004875194747000933
730,1746541629.3530364,0.0017767258686944842
731,1746541642.5795677,0.006895140279084444
732,1746541657.3962135,0.0023116397205740213
733,1746541667.5395043,0.007773806806653738
734,1746541674.3488936,0.0021714926697313786
735,1746541685.3491366,0.008238491602241993
736,1746541694.656469,0.02209342084825039
737,1746541709.6911654,0.003338488284498453
738,1746541717.7213583,0.005392473191022873
739,1746541725.3653717,0.006536287721246481
740,1746541737.121095,0.019495882093906403
741,1746541753.3630743,0.012638413347303867
742,1746541760.1487782,0.027060406282544136
743,1746541770.6510158,0.009074109606444836
744,1746541782.560174,0.0018131389515474439
745,1746541789.8005326,0.0028947473037987947
746,1746541797.5640638,0.006110684014856815
747,1746541804.2696028,0.000276056001894176
748,1746541815.8742425,0.001867875806055963
749,1746541826.5681145,0.0007524865213781595
750,1746541837.44738,0.0010867381934076548
751,1746541850.445202,0.00023347644309978932
752,1746541863.0990686,0.0021286234259605408
753,1746541873.3570137,0.006276637315750122
754,1746541881.1296244,0.018906552344560623
755,1746541886.8504062,0.0033709302078932524
756,1746541900.9378,0.021228088065981865
757,1746541912.2838771,0.00041591800982132554
758,1746541920.0840106,0.01710701920092106
759,1746541928.4991121,0.0117149343714118
760,1746541935.7617865,0.002700034761801362
761,1746541997.8490622,0.003750232979655266
762,1746542012.1977987,0.0021953079849481583
763,1746542023.9877684,0.004295095335692167
764,1746542037.4948537,0.0031665146816521883
765,1746542050.202107,0.003003017045557499
766,1746542057.843488,0.0010076829930767417
767,1746542067.9890773,0.0019632219336926937
768,1746542074.6976614,0.0030816190410405397
769,1746542086.3812175,0.003388911485671997
770,1746542102.6369596,0.0007774063851684332
771,1746542111.1814966,0.0025509155821055174
772,1746542121.8394425,0.002762239659205079
773,1746542130.4254835,0.0002944730513263494
774,1746542141.080373,0.0009923744946718216
775,1746542149.535401,0.002246360993012786
776,1746542158.3754964,0.0027493371162563562
777,1746542173.1486862,0.0001335962733719498
778,1746542184.8222473,0.0020200698636472225
779,1746542199.0481384,0.0022437849547713995
780,1746542208.6011963,0.00020079693058505654
781,1746542221.0047271,0.0005741526838392019
782,1746542232.4404705,0.0018772147595882416
783,1746542244.7647738,0.010066621005535126
784,1746542261.0746315,0.0034366294275969267
785,1746542268.961223,9.690626757219434e-05
786,1746542278.5597222,0.029023131355643272
787,1746542290.8972332,0.004910459741950035
788,1746542304.1823323,0.010587837547063828
789,1746542311.6890223,0.010092760436236858
790,1746542323.159548,0.005316795781254768
791,1746542328.859582,0.0011550933122634888
792,1746542340.480314,0.0024547288194298744
793,1746542348.3749127,0.003324411576613784
794,1746542354.8486679,0.017210446298122406
795,1746542363.926902,0.004192451946437359
796,1746542377.2357535,0.0025426489301025867
797,1746542388.287311,0.00015340464597102255
798,1746542399.1060967,0.00022514416195917875
799,1746542407.149632,0.002574102021753788
800,1746542414.2305226,0.0012530096573755145
801,1746542424.9424925,0.01112640555948019
802,1746542437.4337566,0.005844231694936752
803,1746542449.4176757,0.004660649225115776
804,1746542463.9129863,0.000768038968089968
805,1746542478.3508444,0.00043908858788199723
806,1746542486.1702385,0.017923826351761818
807,1746542496.3489778,0.0015916364500299096
808,1746542508.7166376,0.0014801000943407416
809,1746542516.6274211,0.0006215240573510528
810,1746542524.389242,0.0008323722286149859
811,1746542530.832663,0.004097870551049709
812,1746542544.204353,0.005359630100429058
813,1746542555.282075,0.0007579498924314976
814,1746542563.837898,0.019356882199645042
815,1746542569.707457,0.0005709117976948619
816,1746542583.6872263,0.00023297530424315482
817,1746542594.216342,0.008167417719960213
818,1746542601.8269897,0.0020013207104057074
819,1746542614.209161,0.019853010773658752
820,1746542622.362626,0.023932766169309616
821,1746542627.9485917,0.0037644861731678247
822,1746542638.0272093,0.013433052226901054
823,1746542648.3970006,0.02420799806714058
824,1746542654.2699652,0.005773488432168961
825,1746542669.2724981,0.0031034431885927916
826,1746542678.5079236,0.007913254201412201
827,1746542688.6122842,0.022198179736733437
828,1746542694.1959937,0.011458867229521275
829,1746542701.4433703,0.031583283096551895
830,1746542707.2045496,0.004632023628801107
831,1746542720.425926,0.04258546978235245
832,1746542733.4487884,0.02054709754884243
833,1746542742.6509395,0.017812712118029594
834,1746542752.8080325,0.001026419340632856
835,1746542762.3485181,0.016988737508654594
836,1746542772.3228056,0.004624971654266119
837,1746542829.5071464,0.008052782155573368
838,1746542838.554574,0.01779673807322979
839,1746542846.831334,0.005609576590359211
840,1746542858.2948644,0.010606336407363415
841,1746542870.2207904,0.012217853218317032
842,1746542881.6620812,0.002445627236738801
843,1746542893.4180014,0.013438978232443333
844,1746542901.7094774,0.023438895121216774
845,1746542910.9685235,0.0010190267348662019
846,1746542919.4573925,0.00043338254909031093
847,1746542930.7080548,0.0016318837879225612
848,1746542945.4617317,0.017056120559573174
849,1746542951.4619515,0.017554068937897682
850,1746542969.7445388,0.0023619094863533974
851,1746542980.7077222,0.00862839911133051
852,1746542990.0059094,0.00042624754132702947
853,1746542997.9454925,0.0008031001780182123
854,1746543006.955801,0.019003015011548996
855,1746543013.9359481,0.0061678518541157246
856,1746543026.1559513,0.0008447143482044339
857,1746543045.331855,0.0007617904338985682
858,1746543057.8218033,0.009690643288195133
859,1746543067.9328294,0.000888894428499043
860,1746543082.465618,0.00733419181779027
861,1746543094.991727,0.004827683791518211
862,1746543100.826138,0.0157468318939209
863,1746543110.1984036,0.0013744351454079151
864,1746543122.4705865,0.007048800587654114
865,1746543133.8296916,0.013689504936337471
866,1746543140.0705855,0.028607510030269623
867,1746543150.2394698,0.008849871344864368
868,1746543161.2620227,0.0013776205014437437
869,1746543171.9489908,0.007335824891924858
870,1746543182.010941,0.018548760563135147
871,1746543189.554011,0.007077951915562153
872,1746543195.1771984,0.006465250160545111
873,1746543203.8315783,0.0008041603141464293
874,1746543214.860236,0.0003712134202942252
875,1746543225.4436011,0.0027144949417561293
876,1746543236.3195446,0.0011792815057560802
877,1746543243.049905,0.010595475323498249
878,1746543250.5104988,0.0050274464301764965
879,1746543258.1892908,0.0002855890488717705
880,1746543270.7610254,0.013935241848230362
881,1746543278.8918235,0.0114054623991251
882,1746543295.1998086,0.0009963831398636103
883,1746543303.5797813,0.012004164047539234
884,1746543315.5226147,0.0011929278261959553
885,1746543326.1931033,0.020198237150907516
886,1746543335.6340759,0.0003349009493831545
887,1746543346.3410041,0.009237977676093578
888,1746543354.5391998,0.003868809435516596
889,1746543366.3840466,0.002383163431659341
890,1746543372.201289,0.00862304586917162
891,1746543380.8309984,0.006825179792940617
892,1746543392.0401666,0.0045345681719481945
893,1746543397.4463727,0.0026738818269222975
894,1746543405.2486432,0.015766192227602005
895,1746543417.947694,0.0019692140631377697
896,1746543431.1301734,0.002215025248005986
897,1746543444.7387471,0.003954940941184759
898,1746543457.3263042,0.004023584071546793
899,1746543466.6776204,0.017653850838541985
900,1746543476.6354158,0.001809705514460802
901,1746543488.2494483,0.0071206046268343925
902,1746543495.3032925,0.013951674103736877
903,1746543504.2354267,0.00789943803101778
904,1746543509.9489944,0.0237834844738245
905,1746543519.849168,5.2321262046461925e-05
906,1746543530.435558,7.861867197789252e-05
907,1746543541.958843,0.008147415705025196
908,1746543555.1610148,0.004929038230329752
909,1746543561.7763197,0.0002548684424255043
910,1746543573.4682503,0.010712833143770695
911,1746543584.7676046,0.011229020543396473
912,1746543597.634406,0.0014169892529025674
913,1746543661.0573297,0.0018474378157407045
914,1746543670.5052245,0.0005493118660524487
915,1746543686.7606833,0.021553216502070427
916,1746543694.7726438,0.00014580566494259983
917,1746543704.118906,0.0013132129097357392
918,1746543711.3262367,0.005576860625296831
919,1746543718.6972091,0.0007188350427895784
920,1746543731.3313723,0.014716681092977524
921,1746543741.6590037,0.0006306774448603392
922,1746543748.9778426,0.00025150153669528663
923,1746543754.652035,0.003931425511837006
924,1746543762.5503616,0.0017532538622617722
925,1746543770.3054051,0.0018907984485849738
926,1746543779.1472135,0.0024009179323911667
927,1746543785.2890775,0.01305831503123045
928,1746543794.2922864,0.00036188686499372125
929,1746543798.6395013,0.0013290849747136235
930,1746543803.783706,0.00017931073671206832
931,1746543809.9978805,0.00027719815261662006
932,1746543818.5796647,0.0003887366328854114
933,1746543830.4808815,0.0001848188549047336
934,1746543837.9407403,0.0006045328918844461
935,1746543843.0487983,0.00043399177957326174
936,1746543850.7904074,0.014282715506851673
937,1746543858.5947998,0.003492052899673581
938,1746543865.5360813,0.0004983427934348583
939,1746543872.9412827,0.0007195541402325034
940,1746543880.4558253,0.0008714523864910007
941,1746543889.2718728,0.00013352069072425365
942,1746543902.7662282,0.004378191661089659
943,1746543914.692839,0.00024195380683522671
944,1746543922.3300838,0.00030100782169029117
945,1746543928.1359794,0.008478996343910694
946,1746543936.9278245,0.0006749940803274512
947,1746543946.2532918,0.0016958017367869616
948,1746543955.486558,0.0006432238151319325
949,1746543966.0368948,0.00038884137757122517
950,1746543976.4408066,0.002951619680970907
951,1746543982.1794872,0.00028545144596137106
952,1746543990.2835767,0.00020496525394264609
953,1746543996.5073495,0.00010286884207744151
954,1746544001.358948,0.001259074080735445
955,1746544008.5307648,0.007025596220046282
956,1746544017.569139,0.003908622544258833
957,1746544026.6305282,0.0017031424213200808
958,1746544037.414957,9.329251770395786e-05
959,1746544048.3485353,0.0021505074109882116
960,1746544054.0729718,0.0005736508755944669
961,1746544063.0663128,0.00017573489458300173
962,1746544068.9370785,0.0036191113758832216
963,1746544078.0692918,7.042093784548342e-05
964,1746544084.9439797,0.0011283246567472816
965,1746544092.5774753,0.001351014943793416
966,1746544098.8181477,0.00402069604024291
967,1746544105.122893,0.01639450155198574
968,1746544111.4245908,0.00041262610466219485
969,1746544118.7524972,0.0022469721734523773
970,1746544124.5190344,0.0012478451244533062
971,1746544133.2387822,0.0026760271284729242
972,1746544140.8345492,0.00010775616101454943
973,1746544149.0909088,0.00341609469614923
974,1746544156.7310193,9.557713201502338e-05
975,1746544164.5812728,0.007557621691375971
976,1746544174.6006124,0.006918144878000021
977,1746544182.1484013,0.0063110399059951305
978,1746544187.3485205,0.002074190881103277
979,1746544194.6359842,0.0018134753918275237
980,1746544206.7677598,0.005850734189152718
981,1746544217.9035757,0.0007161116227507591
982,1746544228.5666091,0.0015379544347524643
983,1746544236.9111898,0.007042305078357458
984,1746544242.981416,8.886586329026613e-06
985,1746544251.3738258,0.00622326135635376
986,1746544257.1133254,0.00016516140021849424
987,1746544263.545798,0.0012072987155988812
988,1746544269.9220319,0.0020128863397985697
989,1746544321.2581775,0.0010428724344819784
990,1746544328.0675867,8.716922457097098e-05
991,1746544333.083747,0.004736314993351698
992,1746544339.0690508,0.0015469500795006752
993,1746544347.5520205,0.00041987825534306467
994,1746544355.5608642,0.0002290782140335068
995,1746544366.7111545,0.00018279533833265305
996,1746544374.1652796,0.000432564876973629
997,1746544381.335728,0.00013670913176611066
998,1746544387.8715868,0.0005992499645799398
999,1746544393.436262,0.0002622038882691413
1000,1746544398.3810723,0.0003233367169741541
1001,1746544406.0957677,0.01021378580480814
1002,1746544411.5245178,4.29097271990031e-05
1003,1746544419.0367777,5.408613651525229e-05
1004,1746544428.8171465,0.02737411856651306
1005,1746544434.3756008,2.278279498568736e-05
1006,1746544440.096735,0.007771901786327362
1007,1746544447.105817,0.0001090863297577016
1008,1746544453.046676,0.0001018960538203828
1009,1746544464.2938879,8.097068348433822e-05
1010,1746544472.0491483,0.0003416236722841859
1011,1746544478.5488622,0.0004553079779725522
1012,1746544486.939481,0.0006572048296220601
1013,1746544495.7531629,0.002245257841423154
1014,1746544500.4803958,0.00010288919293088838
1015,1746544507.324606,8.66890259203501e-05
1016,1746544518.9693727,0.0025739131961017847
1017,1746544527.621017,0.0005050364998169243
1018,1746544536.5967696,0.018754467368125916
1019,1746544545.106967,0.00022832761169411242
1020,1746544550.7248757,0.00015950137458276004
1021,1746544559.079678,0.0009262469247914851
1022,1746544565.800906,0.0008342524524778128
1023,1746544574.4272945,0.0013397664297372103
1024,1746544582.2802575,0.0018227731343358755
1025,1746544591.5687244,0.013562928885221481
1026,1746544602.3693507,0.0008778686169534922
1027,1746544606.5137584,5.392239836510271e-05
1028,1746544614.6921759,0.0036368740256875753
1029,1746544621.1918638,0.003748726099729538
1030,1746544628.6951077,0.0001422679197276011
1031,1746544637.4470801,0.0009304831619374454
1032,1746544643.2402618,0.01065964624285698
1033,1746544647.7600856,0.00017722144548315555
1034,1746544654.2683794,2.9043094400549307e-05
1035,1746544666.0394454,7.454699516529217e-05
1036,1746544676.6512291,0.0005812693852931261
1037,1746544684.858984,0.018999392166733742
1038,1746544691.6889231,0.03330220654606819
1039,1746544698.5508854,0.0004231581697240472
1040,1746544705.79234,0.0007602248224429786
1041,1746544714.7773812,0.0022453702986240387
1042,1746544721.7862191,0.0009540548780933022
1043,1746544726.7355292,0.00015775568317621946
1044,1746544731.155271,0.0003922851465176791
1045,1746544738.9637427,0.0005293561844155192
1046,1746544746.4021974,0.002320304047316313
1047,1746544761.9844244,0.005046172998845577
1048,1746544771.8946652,0.00021855942031834275
1049,1746544779.4752922,0.00024188327370211482
1050,1746544792.1364913,0.00043199563515372574
1051,1746544802.321604,0.0012987098889425397
1052,1746544811.050061,0.00475494796410203
1053,1746544818.4467378,0.0007371834944933653
1054,1746544827.6925614,0.0029625478200614452
1055,1746544832.9472013,0.00024062057491391897
1056,1746544837.8277442,0.00024594611022621393
1057,1746544845.1622658,0.0006126977968961
1058,1746544856.8530612,0.002972534392029047
1059,1746544863.4956212,0.002607072237879038
1060,1746544872.2722316,0.009274941869080067
1061,1746544879.7250342,0.00317110912874341
1062,1746544887.9832788,0.003412140067666769
1063,1746544893.4644682,0.0022334735840559006
1064,1746544899.200293,0.00024263742670882493
1065,1746544944.4723449,0.00019005878129974008
1066,1746544950.1730359,8.338131010532379e-05
1067,1746544959.584032,3.87093641620595e-05
1068,1746544969.3510604,0.0002280367916682735
1069,1746544976.9325042,1.6173185940715484e-05
1070,1746544985.3925757,5.556844553211704e-05
1071,1746544995.7271528,3.735884456546046e-05
1072,1746545005.6555352,4.155912029091269e-05
1073,1746545012.7960935,0.00010050721175502986
1074,1746545023.3860354,0.0004499299975577742
1075,1746545030.5927207,0.000782053975854069
1076,1746545036.215893,7.320395525312051e-05
1077,1746545043.908948,2.521612805139739e-05
1078,1746545053.846194,8.46628172439523e-05
1079,1746545062.5793192,2.1023370209150016e-05
1080,1746545068.292538,2.7324156690156087e-05
1081,1746545075.6753328,8.96385608939454e-05
1082,1746545083.986396,3.0165998396114446e-05
1083,1746545089.2187154,1.2025728210574016e-05
1084,1746545096.5663514,3.663884490379132e-05
1085,1746545106.6498027,0.0002859421947505325
1086,1746545115.1077795,0.00011393143358873203
1087,1746545126.2779622,0.001430494710803032
1088,1746545134.1616602,0.0018353487830609083
1089,1746545141.2953625,0.0029697101563215256
1090,1746545151.1722279,6.42100494587794e-05
1091,1746545160.0943804,0.00037566357059404254
1092,1746545169.0810668,0.0009729121229611337
1093,1746545175.9620757,8.408181020058692e-05
1094,1746545183.520062,7.067498518154025e-05
1095,1746545190.664244,0.00039563345490023494
1096,1746545198.4484947,1.738943683449179e-05
1097,1746545207.9091375,7.149957673391327e-05
1098,1746545215.6968722,0.00014259210729505867
1099,1746545223.69414,2.3463426259695552e-05
1100,1746545232.1248827,0.0002797769266180694
1101,1746545237.952123,0.0007347431965172291
1102,1746545242.6593661,1.4274100976763293e-05
1103,1746545250.4795694,0.006101714447140694
1104,1746545255.5986412,1.5391964552691206e-05
1105,1746545261.9746318,0.007315284572541714
1106,1746545269.3209574,0.00012998993042856455
1107,1746545278.0169277,9.717990906210616e-06
1108,1746545289.078662,2.7357824365026318e-05
1109,1746545297.2335095,0.0001305413752561435
1110,1746545307.4709504,3.441557964833919e-06
1111,1746545314.6998672,7.76432625571033e-06
1112,1746561796.6526828,0.00685092993080616
1113,1746561813.2904096,1.4439534425036982e-05
1114,1746561821.3194463,0.00025623527471907437
1115,1746561833.2783217,5.028405212215148e-05
1116,1746561846.5502734,2.3531587430625223e-05
1117,1746561856.0070848,2.966666033898946e-05
1118,1746561870.8578844,4.967390123056248e-05
1119,1746561882.2523975,5.4753661970607936e-05
1120,1746561895.3583848,0.0001322753232670948
1121,1746561907.293278,8.526544843334705e-05
1122,1746561921.688975,3.246781852794811e-05
1123,1746561932.8896089,0.00011151772923767567
1124,1746561945.7693949,0.0016148679424077272
1125,1746561956.4281094,8.704911306267604e-05
1126,1746561966.4580662,0.0002167972706956789
1127,1746561984.7493794,5.51502344023902e-05
1128,1746561997.3148706,0.0002611155214253813
1129,1746562005.984105,1.8200220438302495e-05
1130,1746562018.6032495,0.00013788412616122514
1131,1746562028.914901,7.426818774547428e-05
1132,1746562042.8287234,0.01804048754274845
1133,1746562057.1366177,2.3525653887190856e-05
1134,1746562069.5668623,1.3229575415607542e-05
1135,1746562082.3701434,0.01074979081749916
1136,1746562099.6914814,0.0002222088078269735
1137,1746562107.7689278,1.1813899618573487e-05
1138,1746562122.7962406,0.018969714641571045
1139,1746562135.6654527,2.4986962671391666e-05
1140,1746562146.07819,0.00025035656290128827
1141,1746562217.7704668,0.00029613138758577406
1142,1746562228.439544,0.0002419474330963567
1143,1746562242.2652075,0.00030340460943989456
1144,1746562260.418034,8.997871191240847e-05
1145,1746562281.7935119,0.0009231933508999646
1146,1746562293.2620633,0.00035113049671053886
1147,1746562305.272459,0.0002504309231881052
1148,1746562311.0308647,0.005700662266463041
1149,1746562319.3471453,0.00014249734522309154
1150,1746562335.249027,0.00010737132106442004
1151,1746562345.3018308,0.0020222817547619343
1152,1746562357.278502,0.010511393658816814
1153,1746562372.1788096,0.0007912166183814406
1154,1746562383.785369,9.910168591886759e-05
1155,1746562393.0243185,0.0022685728035867214
1156,1746562402.347757,5.908829189138487e-05
1157,1746562412.3905232,0.00027915413375012577
1158,1746562425.912458,3.3901746064657345e-05
1159,1746562439.103568,0.002877546939998865
1160,1746562456.856007,0.0001377513981424272
1161,1746562473.1398385,0.0003048439684789628
1162,1746562490.2405572,4.6882956667104736e-05
1163,1746562504.259765,0.00013233414210844785
1164,1746562515.9856133,0.000589804258197546
1165,1746562522.534058,1.5110410458873957e-05
1166,1746562538.539469,8.004064147826284e-05
1167,1746562550.734215,1.5233684280246962e-05
1168,1746562561.6732824,0.00037295796209946275
1169,1746562572.5918946,1.2826367310481146e-05
1170,1746562582.0597155,0.00014415600162465125
1171,1746562596.3380833,3.568148167687468e-05
1172,1746562608.6373692,0.00025779203861020505
1173,1746562620.5349936,0.0001483963569626212
1174,1746562639.786879,0.003449984360486269
1175,1746562652.735756,4.767888822243549e-05
1176,1746562672.2021434,0.00012142872583353892
1177,1746562686.662296,0.0022348875645548105
1178,1746562695.363708,0.00021974205446895212
1179,1746562708.4806745,5.400490408646874e-05
1180,1746562716.2437668,0.00012862552830483764
1181,1746562725.2303112,1.7185322576551698e-05
1182,1746562740.2399592,4.403710408951156e-05
1183,1746562746.6613739,0.00012483360478654504
1184,1746562761.283279,2.2083951989770867e-05
1185,1746562772.6839557,3.822969574684976e-06
1186,1746562781.6610954,3.629388402259792e-06
1187,1746562788.143054,3.748174776774249e-06
1188,1746562798.992144,2.579632018750999e-05
1189,1746562816.2868714,2.273306563438382e-05
1190,1746562831.0172877,1.4436770470638294e-05
1191,1746562840.304536,3.028989340236876e-05
1192,1746562854.2195282,1.7321355699095875e-05
1193,1746562870.4308314,6.143490463728085e-05
1194,1746562881.9067981,0.005462431814521551
1195,1746562896.095495,1.5851797797949985e-05
1196,1746562908.3249876,8.978162804851308e-05
1197,1746562917.7001789,7.549618021585047e-05
1198,1746562932.9743652,2.1127862055436708e-05
1199,1746562948.0282943,1.2736607459373772e-05
1200,1746562958.450443,0.0009972000261768699
1201,1746562967.939499,1.01159093901515e-05
1202,1746562982.7850988,1.9192666513845325e-05
1203,1746563002.9581099,0.0004114008625037968
1204,1746563016.0974224,1.003324541670736e-05
1205,1746563029.0761635,0.0002443455741740763
1206,1746563035.438719,5.2734598284587264e-05
1207,1746563045.872749,5.148631771589862e-06
1208,1746563058.8132112,0.0011342923389747739
1209,1746563073.2697222,0.0072625018656253815
1210,1746563081.0754058,0.0002694411377888173
1211,1746563090.90913,2.4799475795589387e-05
1212,1746563108.5377824,2.1079733414808288e-05
1213,1746563126.5685742,0.008584896102547646
1214,1746563140.366583,5.111227437737398e-05
1215,1746563154.9234278,0.0026784443762153387
1216,1746563171.1588511,7.592809652123833e-06
1217,1746563249.4951575,0.00012864159361924976
1218,1746563260.9539986,0.0007190690957941115
1219,1746563277.7859151,2.1953739633318037e-05
1220,1746563289.8597322,3.185161403962411e-05
1221,1746563298.7437105,9.995844266086351e-06
1222,1746563314.341793,1.7263042536797002e-05
1223,1746563323.6419454,0.00018159860337618738
1224,1746563331.541543,9.052290261024609e-05
1225,1746563346.4235709,1.259087093785638e-05
1226,1746563364.8111222,0.00029525902937166393
1227,1746563381.0374503,2.1352518160711043e-05
1228,1746563394.2490113,2.2051885025575757e-05
1229,1746563411.5301096,7.620501128258184e-05
1230,1746563424.9679542,0.0020478619262576103
1231,1746563439.4610286,3.402439324418083e-05
1232,1746563451.3579373,0.003956038970500231
1233,1746563468.6699293,3.4282784326933324e-05
1234,1746563484.4608936,5.849152512382716e-05
1235,1746563495.4268937,1.1304121471766848e-05
1236,1746563513.0271018,0.00017304685025010258
1237,1746563524.5344534,0.00012181177589809522
1238,1746563541.7509236,0.002379015553742647
1239,1746563553.9692423,3.6660156183643267e-05
1240,1746563561.5386918,0.00010197472147410735
1241,1746563584.1529853,7.135090527299326e-06
1242,1746563590.9583607,0.0003909509687218815
1243,1746563603.9440064,4.248991172062233e-05
1244,1746563615.380225,3.159655898343772e-05
1245,1746563622.4575095,2.7597825464908965e-05
1246,1746563641.030006,0.000200544367544353
1247,1746563649.7965965,2.218199551862199e-05
1248,1746563664.9592295,0.0011345683597028255
1249,1746563677.023368,9.241007501259446e-05
1250,1746563683.2486145,2.8419441150617786e-05
1251,1746563696.2579784,1.0362853572587483e-05
1252,1746563714.9281473,1.5763589544803835e-05
1253,1746563731.1614113,0.0005367270205169916
1254,1746563745.9063962,1.9994333342765458e-05
1255,1746563758.8171728,4.454921872820705e-05
1256,1746563769.0775752,7.244878361234441e-05
1257,1746563780.858658,0.0064509217627346516
1258,1746563792.1829112,0.00017659076547715813
1259,1746563804.4594533,0.006454879883676767
1260,1746563822.974935,3.1168379791779444e-05
1261,1746563830.4098024,1.8392976926406845e-05
1262,1746563838.0201635,0.003564752172678709
1263,1746563846.3645475,2.328439586563036e-05
1264,1746563862.0186272,1.6435862562502734e-05
1265,1746563876.1519134,0.007942899130284786
1266,1746563887.539539,6.469244453910505e-06
1267,1746563897.4190304,6.4668847699067555e-06
1268,1746563913.184989,3.759761602850631e-05
1269,1746563929.6863358,0.0002764913660939783
1270,1746563942.960525,4.406228254083544e-05
1271,1746563957.2394981,0.0007637025555595756
1272,1746563966.5607722,1.37010429170914e-05
1273,1746563979.219975,6.284395112743368e-06
1274,1746563993.987503,7.56026929593645e-06
1275,1746564002.7100723,1.0924197340500541e-05
1276,1746564017.697373,8.088748472800944e-06
1277,1746564025.931935,5.474335921462625e-06
1278,1746564037.8642988,0.000606149435043335
1279,1746564049.2224534,1.5608437024638988e-05
1280,1746564062.3285968,6.76379058859311e-05
1281,1746564079.2258391,9.835356468101963e-05
1282,1746564085.7505522,7.63435491535347e-06
1283,1746564104.249762,1.0606885552988388e-05
1284,1746564111.1469545,5.973221777821891e-05
1285,1746564120.7506824,2.1796922737848945e-05
1286,1746564134.7239776,1.4771806490898598e-05
1287,1746564145.2925148,1.849398177000694e-05
1288,1746564157.2394495,0.00013191200559958816
1289,1746564170.5077462,8.624423571745865e-06
1290,1746564182.5321214,2.002860128413886e-05
1291,1746564192.5158823,6.2786548369331285e-06
1292,1746564203.9141347,8.207502105506137e-05
1293,1746564275.4147868,4.161353444942506e-06
1294,1746564289.3298926,1.967964089999441e-05
1295,1746564302.3331752,2.9379045372479595e-05
1296,1746564316.1340003,6.969545938773081e-05
1297,1746564326.2859104,1.4524339349009097e-05
1298,1746564339.3847268,3.0851911105855834e-06
1299,1746564348.175034,5.364036042010412e-06
1300,1746564355.8510346,1.0839159585884772e-05
1301,1746564377.867632,2.60586944023089e-06
1302,1746564398.3756633,2.7480382414069027e-05
1303,1746564413.7980688,7.4401655183464754e-06
1304,1746564423.7126973,2.148328348994255e-05
1305,1746564440.6863725,0.0036426398437470198
1306,1746564456.5546849,9.63613001658814e-06
1307,1746564474.4707382,1.4689941281176289e-06
1308,1746564482.1801572,6.780250714655267e-06
1309,1746564497.373056,4.23878600486205e-06
1310,1746564509.112125,4.023674591735471e-06
1311,1746564523.0888486,7.800994353601709e-05
1312,1746564541.9644792,1.335186607320793e-05
1313,1746564557.1091535,1.976010389626026e-05
1314,1746564569.1861007,3.4250133467139676e-05
1315,1746564582.615947,1.574508814883302e-06
1316,1746564588.3484423,2.33312789532647e-06
1317,1746564602.5009675,8.351517863047775e-06
1318,1746564616.5767295,3.557729314707103e-06
1319,1746564626.4079268,4.756869202537928e-06
1320,1746564638.6540678,7.207581802504137e-06
1321,1746564647.667556,2.5819610982580343e-06
1322,1746564661.2303588,0.001795728225260973
1323,1746564669.4598868,1.0450076842971612e-05
1324,1746564678.1508436,1.165449975815136e-05
1325,1746564696.0105665,6.337276136036962e-05
1326,1746564712.2497628,2.4245700842584483e-05
1327,1746564726.0643814,7.85623342380859e-06
1328,1746564740.8291802,0.00858475361019373
1329,1746564753.6705527,1.8296613006896223e-06
1330,1746564762.6623423,8.495318070345093e-06
1331,1746564776.89916,3.240359092160361e-06
1332,1746564796.279387,5.988085104036145e-05
1333,1746564809.449227,1.4306582670542412e-05
1334,1746564828.3737547,0.0003989790566265583
1335,1746564840.7666256,1.814945244404953e-05
1336,1746564851.5325747,1.405204147886252e-05
1337,1746564858.3113525,4.144684680795763e-06
1338,1746564873.2920241,6.9450957198569085e-06
1339,1746564882.0427005,7.760316293570213e-06
1340,1746564892.3684576,2.8000738893751986e-05
1341,1746564903.2964053,0.0017408017301931977
1342,1746564918.0979743,0.0003662528470158577
1343,1746564930.309097,1.999895175686106e-05
1344,1746564942.6046872,0.005063098389655352
1345,1746564958.4468813,0.0017422845121473074
1346,1746564966.5355065,2.9983235435793176e-05
1347,1746564981.0021734,4.7348919906653464e-05
1348,1746565000.1586256,0.00037227009306661785
1349,1746565013.7683234,0.0007522678351961076
1350,1746565024.9381564,4.787933357874863e-05
1351,1746565037.3681548,4.974833791493438e-05
1352,1746565050.0438764,4.360881575848907e-05
1353,1746565060.0568547,6.820535054430366e-05
1354,1746565072.6413968,0.010893052443861961
1355,1746565085.836923,0.00021470307547133416
1356,1746565099.6592176,2.2491920390166342e-05
1357,1746565111.5125604,8.701166734681465e-06
1358,1746565122.0602112,2.1639778424287215e-05
1359,1746565135.8051345,0.011858758516609669
1360,1746565153.2561526,0.008718726225197315
1361,1746565163.4294462,0.0024759918451309204
1362,1746565176.6224458,8.402878847846296e-06
1363,1746565185.5394409,1.3036415111855604e-06
1364,1746565197.5496325,2.0656909782701405e-06
1365,1746565213.661598,0.004058159422129393
1366,1746565223.7644553,1.561303906782996e-05
1367,1746565230.8907,4.5003016566624865e-06
1368,1746565240.2146635,7.659117545699701e-05
1369,1746565317.3543737,1.6756917830207385e-05
1370,1746565334.05357,0.0017339593032374978
1371,1746565347.3296952,0.0017901378450915217
1372,1746565359.4721093,4.242197974235751e-05
1373,1746565375.5595021,0.00011543855362106115
1374,1746565387.1543365,0.0025114919990301132
1375,1746565408.6999264,2.3096845325198956e-05
1376,1746565420.9778128,0.00022043920762371272
1377,1746565435.2071002,6.291722093010321e-05
1378,1746565453.309253,1.9029597751796246e-05
1379,1746565461.0669384,4.1019566197064705e-06
1380,1746565477.803276,9.494415280641988e-06
1381,1746565494.5197651,2.8886431664432166e-06
1382,1746565511.512832,4.14967462347704e-06
1383,1746565520.0166926,0.00027529228827916086
1384,1746565534.367321,3.968750661442755e-06
1385,1746565544.6487727,5.648743808706058e-06
1386,1746565559.155433,2.905404699049541e-06
1387,1746565580.6641574,5.096762834000401e-06
1388,1746565595.611911,0.0035570065956562757
1389,1746565610.7696717,1.432364388165297e-05
1390,1746565622.1491935,5.278456569612899e-07
1391,1746565628.6500635,5.5794902436900884e-05
1392,1746565640.118679,2.361603947065305e-05
1393,1746565648.746474,0.005208183545619249
1394,1746565659.4151285,4.478118569295475e-07
1395,1746565667.5488906,8.453986083623022e-06
1396,1746565683.4801092,1.3164434449208784e-06
1397,1746565696.0831187,4.251415703038219e-06
1398,1746565709.4485903,5.817777264383039e-07
1399,1746565724.977644,5.282257689032122e-07
1400,1746565742.9707322,0.0007246520253829658
1401,1746565755.3395329,4.59830016552587e-06
1402,1746565765.3722,0.00996845867484808
1403,1746565786.7870615,5.4513966460945085e-06
1404,1746565797.741697,0.00018069714133162051
1405,1746565811.9981742,6.127623919383041e-07
1406,1746565821.9683456,6.742420737282373e-07
1407,1746565830.586512,2.6938731025438756e-05
1408,1746565843.6602597,1.6580363080720417e-05
1409,1746565863.5407453,3.434565996940364e-06
1410,1746565869.849182,3.663325742309098e-06
1411,1746565887.471018,3.572409013941069e-06
1412,1746565897.8738222,0.008193220011889935
1413,1746565908.6485808,1.4141794963506982e-05
1414,1746565919.169705,1.2550371138786431e-05
1415,1746565934.5382152,0.00010258760448778048
1416,1746565943.8479338,0.011724385432898998
1417,1746565953.914774,1.0460156772751361e-05
1418,1746565964.6972797,2.0686366042355075e-05
1419,1746565973.7613955,1.3484211194736417e-05
1420,1746565985.6590366,4.1387800592929125e-05
1421,1746565998.7938783,1.6163936379598454e-05
1422,1746566006.6335208,4.2847514123423025e-06
1423,1746566019.35525,1.4975899830460548e-05
1424,1746566031.8438442,6.625145488214912e-06
1425,1746566044.120075,2.2739091946277767e-05
1426,1746566052.15789,7.025577360764146e-05
1427,1746566063.073575,0.001875904155895114
1428,1746566083.6494699,0.009128553792834282
1429,1746566092.4706075,0.0004549497098196298
1430,1746566106.2492428,0.0003196471370756626
1431,1746566117.9162054,1.6219770259340294e-05
1432,1746566135.468576,6.33852177998051e-05
1433,1746566144.3037188,0.00020532177586574107
1434,1746566152.6643918,0.00013287458568811417
1435,1746566165.3569744,0.00175542663782835
1436,1746566177.4975564,8.60950822243467e-05
1437,1746566187.7652915,1.3438383575703483e-05
1438,1746566203.8654559,4.236053428030573e-05
1439,1746566220.575667,5.579514254350215e-05
1440,1746566228.5491035,6.961496183066629e-06
1441,1746566244.9609494,3.382129580131732e-05
1442,1746566255.639452,2.2170358988660155e-06
1443,1746566269.9144893,2.4192926503019407e-05
1444,1746566277.9491205,1.739592698868364e-05
1445,1746566359.939713,1.5629786503268406e-05
1446,1746566372.6249835,4.6556833694921806e-05
1447,1746566383.352586,9.963659249478951e-05
1448,1746566396.6036203,0.00010690029012039304
1449,1746566408.3166823,2.194455419157748e-06
1450,1746566414.4881098,0.0002431538887321949
1451,1746566430.4357998,0.00027166810468770564
1452,1746566442.0099432,1.0054661288450006e-05
1453,1746566451.939158,6.4247287809848785e-06
1454,1746566468.0955334,8.094874829112086e-06
1455,1746566483.230876,1.7034148186212406e-05
1456,1746566491.4394655,2.8322203888819786e-06
1457,1746566504.2351258,1.1827384696516674e-05
1458,1746566513.3384933,7.891872883192264e-06
1459,1746566526.3084302,6.25680740995449e-06
1460,1746566540.4245255,0.0006459580617956817
1461,1746566559.409601,0.005194200202822685
1462,1746566572.4934323,7.718032065895386e-06
1463,1746566586.3568187,3.314605237392243e-06
1464,1746566599.4491453,0.008080040104687214
1465,1746566617.183095,7.223552074719919e-06
1466,1746566631.4134927,8.429587978753261e-06
1467,1746566642.5395863,2.1175346773816273e-06
1468,1746566654.8991961,6.408229819498956e-05
1469,1746566670.6574755,6.184712674439652e-06
1470,1746566687.997409,3.6675432056654245e-05
1471,1746566697.3312821,7.952789928822313e-06
1472,1746566706.306794,3.89930335131794e-07
1473,1746566723.7555692,8.490924301440828e-06
1474,1746566742.1692786,0.00524138705804944
1475,1746566752.9488559,0.011010847985744476
1476,1746566769.0660133,1.7633146853768267e-05
1477,1746566785.049463,3.5360658330318984e-06
1478,1746566797.2647989,6.752251465513837e-06
1479,1746566816.4110672,6.648802082054317e-05
1480,1746566835.7608955,0.0014257712755352259
1481,1746566848.6618197,2.0956135813321453e-06
1482,1746566862.3715072,3.953318082494661e-05
1483,1746566878.8937223,7.689180165471043e-06
1484,1746566894.4367728,0.010846910066902637
1485,1746566909.5157144,1.323328092439624e-06
1486,1746566922.8474586,0.00017349595145788044
1487,1746566930.3114636,7.380996976280585e-06
1488,1746566941.0174778,1.9534789316821843e-05
1489,1746566951.7868261,6.69936889607925e-06
1490,1746566969.7507045,7.992613973328844e-06
1491,1746566983.6685913,0.00015995970170479268
1492,1746566992.2713053,1.9381179754418554e-06
1493,1746567003.2656217,0.0001986466522794217
1494,1746567016.4998505,0.0014565043384209275
1495,1746567029.5580292,6.7632222453539725e-06
1496,1746567041.8506896,3.446525806793943e-05
1497,1746567053.9999459,4.7890130190353375e-06
1498,1746567066.1517057,7.617711526108906e-05
1499,1746567083.1638415,3.214183379895985e-05
1500,1746567093.988429,1.541448727948591e-05
1501,1746567107.1585824,7.022543286439031e-06
1502,1746567116.1866238,0.0003202489169780165
1503,1746567129.249637,2.4276891053887084e-05
1504,1746567147.7403946,1.3355929695535451e-05
1505,1746567163.2653592,0.002506562741473317
1506,1746567171.6384103,0.0026275503914803267
1507,1746567183.3490906,9.430827776668593e-05
1508,1746567196.349506,5.296607196214609e-05
1509,1746567208.9257965,2.8099582777940668e-05
1510,1746567216.8990564,1.0215159818471875e-05
1511,1746567227.1551306,1.658249857428018e-05
1512,1746567239.0169718,5.3660915000364184e-06
1513,1746567255.8587594,0.00046928145457059145
1514,1746567273.2995987,0.0011807283153757453
1515,1746567280.465636,5.307382252794923e-06
1516,1746567293.0037518,9.18557543627685e-06
1517,1746567302.339495,2.009897343668854e-06
1518,1746567315.8056386,4.2755124013638124e-05
1519,1746567323.73101,2.4524886612198316e-05
1520,1746567335.2957277,1.4084713484407985e-06
1521,1746567413.1395078,1.0002720046031754e-05
1522,1746567425.9721448,7.482818546122871e-06
1523,1746567433.448909,8.167004125425592e-06
1524,1746567457.194931,0.00048423840780742466
1525,1746567472.8063736,1.3620435311167967e-05
1526,1746567485.5331912,1.251664616574999e-05
1527,1746567496.9123476,1.438821891497355e-05
1528,1746567506.8765543,1.15377633846947e-06
1529,1746567514.797181,6.421911621146137e-06
1530,1746567530.8420272,3.515752723615151e-06
1531,1746567537.9896398,0.00022617804643232375
1532,1746567548.8763385,3.832649326795945e-06
1533,1746567567.3319287,1.276584384868329e-06
1534,1746567585.1150022,1.608656566531863e-05
1535,1746567599.317075,2.988493861266761e-06
1536,1746567607.384674,0.012084020301699638
1537,1746567620.3154018,0.003646336030215025
1538,1746567632.7157574,3.945598564314423e-06
1539,1746567642.6578574,3.7080747006257297e-06
1540,1746567655.360095,2.003159352170769e-05
1541,1746567671.9017687,4.698438715422526e-06
1542,1746567682.2507014,0.0024666129611432552
1543,1746567697.5497985,3.914507487934316e-06
1544,1746567708.280508,1.44167161124642e-05
1545,1746567719.462869,1.972248583115288e-06
1546,1746567728.9705858,0.00015849361079744995
1547,1746567741.729829,2.4572855181759223e-06
1548,1746567755.0742855,1.3501393368642312e-05
1549,1746567763.6052036,0.003210178343579173
1550,1746567775.2782774,2.3085949578671716e-05
1551,1746567792.6472945,0.002504081465303898
1552,1746567804.4340527,7.591461780975806e-06
1553,1746567810.3395643,0.0023277350701391697
1554,1746567821.206684,7.788930815877393e-05
1555,1746567830.0195653,1.4989175724622328e-05
1556,1746567836.34879,0.000813054561149329
1557,1746567852.2130017,9.416552529728506e-06
1558,1746567858.460026,3.995742372353561e-05
1559,1746567867.5861678,5.866312221769476e-06
1560,1746567878.1920333,8.955820703704376e-06
1561,1746567888.3735244,5.0383692723698914e-05
1562,1746567899.7911196,2.3999267796170898e-05
1563,1746567909.8275182,2.9099373932695016e-07
1564,1746567919.1574519,0.0002160579606425017
1565,1746567935.7200663,1.2555278772197198e-05
1566,1746567948.572314,0.0015040097059682012
1567,1746567958.698102,4.187355443718843e-06
1568,1746567967.9149354,7.521383849962149e-06
1569,1746567983.6670406,5.458977739181137e-06
1570,1746567993.0455291,2.8502174700406613e-06
1571,1746568006.2970579,4.322381755628157e-06
1572,1746568022.5356977,0.0001702282897895202
1573,1746568038.839486,8.09044922789326e-06
1574,1746568046.120494,7.753924364806153e-06
1575,1746568059.4968483,1.47292294059298e-05
1576,1746568067.9328668,3.3407504815841094e-06
1577,1746568082.038101,0.0013940735952928662
1578,1746568099.3779123,4.780420567840338e-06
1579,1746568109.0735497,0.0016087476396933198
1580,1746568125.701119,5.3862781896896195e-06
1581,1746568137.1536968,3.2090556487673894e-06
1582,1746568154.4583194,1.1483752132335212e-05
1583,1746568173.8196032,0.0044809249229729176
1584,1746568190.721515,2.8676797683147015e-06
1585,1746568201.9193203,0.004694510716944933
1586,1746568217.5832486,0.0014377790503203869
1587,1746568227.6784742,3.910803570761345e-06
1588,1746568247.2414026,4.755144800583366e-06
1589,1746568255.151914,1.2356406386970775e-06
1590,1746568267.7708344,8.686160981596913e-06
1591,1746568281.7910917,5.5824046285124496e-05
1592,1746568293.5488281,2.6466593681107042e-06
1593,1746568313.2504544,0.003507558722048998
1594,1746568325.462355,5.8301075114286505e-06
1595,1746568343.0547817,3.5522302823665086e-06
1596,1746568349.6394913,1.1873870789713692e-05
1597,1746568425.1074193,0.001836174982599914
1598,1746568442.0168161,7.467572868335992e-05
1599,1746568453.9482224,4.240133876010077e-06
1600,1746568463.612115,4.848408934776671e-06
1601,1746568472.6451187,0.0001257196272490546
1602,1746568489.1713693,5.137392690812703e-06
1603,1746568503.1999867,1.757060203999572e-06
1604,1746568519.1697273,0.00010272944928146899
1605,1746568529.3833494,4.085026830580318e-06
1606,1746568542.3095913,0.003570198081433773
1607,1746568551.182895,3.47214299836196e-05
1608,1746568561.250261,8.671595992382208e-07
1609,1746568581.8720624,1.5572027223242912e-06
1610,1746568590.121582,3.396370811969973e-05
1611,1746568604.464368,5.668179255735595e-06
1612,1746568616.3636754,5.517350018635625e-06
1613,1746568628.9756029,0.0012141375336796045
1614,1746568647.0665112,4.698838438343955e-06
1615,1746568660.8492863,2.095837089655106e-06
1616,1746568679.154842,0.0013169590383768082
1617,1746568691.8914888,1.8259898979522404e-06
1618,1746568701.9976864,1.3235882761364337e-05
1619,1746568716.4342535,4.520506536209723e-06
1620,1746568725.140259,5.283637165121036e-06
1621,1746568735.283683,7.244102562253829e-06
1622,1746568740.4167194,1.6591795883869054e-06
1623,1746568756.8027306,4.668301698984578e-06
1624,1746568767.3999193,2.1461494270624826e-06
1625,1746568783.0010614,4.108087523491122e-06
1626,1746568793.1313977,0.027313023805618286
1627,1746568804.0130436,0.0025747136678546667
1628,1746568812.7826097,1.0949797797366045e-05
1629,1746568828.4649642,3.445401716817287e-06
1630,1746568838.6170533,8.328839612659067e-06
1631,1746568849.6881545,3.995861789007904e-06
1632,1746568863.169548,1.2229606909386348e-05
1633,1746568880.1348746,4.993237780581694e-06
1634,1746568892.669459,3.72332851839019e-06
1635,1746568899.2685232,0.0007521277293562889
1636,1746568910.4597619,5.685195719706826e-05
1637,1746568931.9304047,0.00010821291652973741
1638,1746568945.886202,0.00032851987634785473
1639,1746568954.8779743,4.3577252654358745e-05
1640,1746568966.7476153,0.0001496595359640196
1641,1746568974.702388,0.0014045388670638204
1642,1746568986.5395083,0.0007175356149673462
1643,1746569000.9782343,0.00016218739619944245
1644,1746569014.3572638,0.0001461361098336056
1645,1746569022.9879944,1.1461489521025214e-05
1646,1746569034.5395033,0.00133872264996171
1647,1746569050.5676947,1.3864268112229183e-05
1648,1746569058.428199,9.632324690755922e-06
1649,1746569070.5690532,7.035078397166217e-06
1650,1746569083.41175,1.1070874279539566e-05
1651,1746569092.6296277,0.0001418599276803434
1652,1746569105.3581648,1.4038073459232692e-05
1653,1746569119.696278,7.890454071457498e-06
1654,1746569129.229089,1.0417232260806486e-05
1655,1746569140.3395393,7.927754268166609e-06
1656,1746569146.2887616,1.2317228538449854e-05
1657,1746569165.960316,2.4086700705083786e-06
1658,1746569185.8720453,8.851222446537577e-06
1659,1746569197.0510378,0.003131401026621461
1660,1746569219.4888916,7.839426689315587e-05
1661,1746569232.4334207,1.1300061487418134e-05
1662,1746569246.2511926,1.7805330571718514e-05
1663,1746569258.6053338,0.012102968990802765
1664,1746569279.019027,4.389433797769016e-06
1665,1746569286.9127424,2.1284055037540384e-05
1666,1746569301.20549,5.222781510383356e-06
1667,1746569315.4910846,1.0804155863297638e-05
1668,1746569329.6854224,0.0018354544881731272
1669,1746569347.3808184,5.999609129503369e-06
1670,1746569363.206385,3.061802772208466e-06
1671,1746569371.9953732,0.00026324691134504974
1672,1746569385.3677745,4.990708475816064e-06
1673,1746569451.3579812,2.4166040020645596e-05
1674,1746569462.871046,0.00020090634643565863
1675,1746569474.9419348,0.0027198621537536383
1676,1746569491.0390623,0.00037910480750724673
1677,1746569503.7075777,4.491897561820224e-05
1678,1746569521.6830912,2.1470377760124393e-05
1679,1746569539.8959987,8.384445777664951e-07
1680,1746569561.61495,0.0019724564626812935
1681,1746569572.6964567,6.807942099840147e-06
1682,1746569594.203763,5.997418611514149e-06
1683,1746569609.9084501,9.679222330305493e-07
1684,1746569619.5768306,6.776935606467305e-06
1685,1746569631.7344089,3.74008268408943e-05
1686,1746569643.2793715,7.943333002913278e-06
1687,1746569660.7490087,1.1505590919114184e-05
1688,1746569672.8646562,4.1327421058667824e-05
1689,1746569685.5249784,2.425322963972576e-05
1690,1746569699.3269026,0.00010261425632052124
1691,1746569708.2286253,2.3417462216457352e-05
1692,1746569716.331059,4.330222509452142e-06
1693,1746569728.5394552,5.346499528968707e-05
1694,1746569737.2394526,0.0004121737147215754
1695,1746569750.5966268,4.040904241264798e-05
1696,1746569767.7947516,7.906508471933194e-06
1697,1746569781.0710685,6.569759534613695e-06
1698,1746569795.5120873,0.00249245367012918
1699,1746569808.2506657,1.3159954505681526e-05
1700,1746569823.5702477,1.0714295967773069e-05
1701,1746569833.5963113,8.2936658145627e-06
1702,1746569849.195601,0.003871715860441327
1703,1746569863.8507695,0.0024514293763786554
1704,1746569878.0720584,1.7916127035277896e-05
1705,1746569893.528461,3.9276292227441445e-06
1706,1746569899.8715277,9.532475814921781e-06
1707,1746569913.9357967,6.585528808500385e-06
1708,1746569921.199189,6.538833531521959e-06
1709,1746569931.1731873,2.4093411411740817e-05
1710,1746569944.7423975,6.3672123360447586e-06
1711,1746569962.9592063,0.00010283170558977872
1712,1746569982.1499102,2.1034153178334236e-05
1713,1746569995.3981943,3.801085995291942e-06
1714,1746570007.4422734,1.879564365481201e-06
1715,1746570020.7678936,0.00011221259774174541
1716,1746570030.1282334,1.666906314312655e-06
1717,1746570038.050967,5.679204605257837e-06
1718,1746570055.2007012,0.002938259160146117
1719,1746570068.1488354,1.607977310413844e-06
1720,1746570080.694739,0.003064769087359309
1721,1746570099.0261347,0.004410764202475548
1722,1746570109.4583664,0.0001839503675000742
1723,1746570121.2491753,1.6093811154860305e-06
1724,1746570133.766465,7.961020855873358e-06
1725,1746570145.449762,1.1995202839898411e-06
1726,1746570164.9113338,2.4278024284285493e-06
1727,1746570180.8991375,4.37977132605738e-06
1728,1746570192.8335898,0.0013189321616664529
1729,1746570203.401801,0.00010448365355841815
1730,1746570214.164108,0.00813620537519455
1731,1746570228.8536556,3.3393207559129223e-06
1732,1746570244.5098917,3.757797003345331e-06
1733,1746570255.3101032,0.0011511935153976083
1734,1746570259.9485402,3.0599119327234803e-06
1735,1746570275.6395698,1.5176602801147965e-06
1736,1746570286.5347693,2.594781653897371e-05
1737,1746570293.9544086,0.0005883198464289308
1738,1746570306.0472717,0.00010863578063435853
1739,1746570314.5582492,1.3965213838673662e-05
1740,1746570327.0660582,1.2349803455435904e-06
1741,1746570344.185786,2.6215926482109353e-05
1742,1746570355.1684442,0.0004951601731590927
1743,1746570367.3759515,0.01637766882777214
1744,1746570378.237717,2.1510921214940026e-05
1745,1746570395.0728357,3.129661081402446e-06
1746,1746570401.8602219,2.1304696929291822e-05
1747,1746570414.039482,1.4291589650383685e-05
1748,1746570424.9493208,9.619157935958356e-06
1749,1746570501.5594184,1.1825988622149453e-05
1750,1746570508.87093,2.4240016500698403e-05
1751,1746570517.975203,7.154444028856233e-05
1752,1746570529.0754282,4.9216352635994554e-05
1753,1746570547.439503,1.729858195176348e-05
1754,1746570569.5230644,0.00010874709550989792
1755,1746570579.4500325,2.99572384392377e-05
1756,1746570594.0604095,0.0043988605029881
1757,1746570603.1506648,2.9076365535729565e-05
1758,1746570618.4394815,3.148542236885987e-05
1759,1746570632.1044068,1.363118917652173e-05
1760,1746570644.6208086,3.217179619241506e-05
1761,1746570654.866814,8.145291940309107e-05
1762,1746570663.047675,5.765002788393758e-05
1763,1746570678.4510067,1.1414143955335021e-05
1764,1746570691.2618876,0.0006845652824267745
1765,1746570705.563088,3.558575554052368e-05
1766,1746570720.879699,1.6896985471248627e-05
1767,1746570734.4658775,2.6545050786808133e-05
1768,1746570750.0723398,1.6597336070844904e-05
1769,1746570765.377889,7.631786502315663e-06
1770,1746570779.5843246,3.991886478615925e-05
1771,1746570790.7033625,4.089416506758425e-06
1772,1746570803.7388585,0.005019935313612223
1773,1746570815.011762,0.0001401616755174473
1774,1746570833.252772,0.0001365642383461818
1775,1746570838.4494388,1.0059550731966738e-05
1776,1746570850.377224,5.136381332704332e-06
1777,1746570860.8374858,1.618840360606555e-05
1778,1746570870.7646978,0.0004255495732650161
1779,1746570885.7228277,5.178932497074129e-06
1780,1746570900.0609703,3.62478822353296e-05
1781,1746570910.1869087,4.5717366447206587e-05
1782,1746570917.4402268,0.005159611348062754
1783,1746570935.3671892,0.0014267840888351202
1784,1746570946.2896957,2.1828245735378005e-06
1785,1746570966.5799532,0.0001941158261615783
1786,1746570985.493347,1.7685788407106884e-05
1787,1746570998.5698357,0.00020674864936154336
1788,1746571013.5757217,9.055011469172314e-05
1789,1746571028.8394713,7.103927146090427e-06
1790,1746571042.0311322,0.0010652430355548859
1791,1746571052.8298657,0.0008222464239224792
1792,1746571062.4623053,0.00013279105769470334
1793,1746571072.0394702,6.224219305295264e-06
1794,1746571084.3603244,0.006046832073479891
1795,1746571099.1128888,0.005221236497163773
1796,1746571107.4793513,0.002068814355880022
1797,1746571119.0626264,1.1304080089757917e-06
1798,1746571138.0434735,0.016320200636982918
1799,1746571148.72687,0.011418133974075317
1800,1746571159.693913,4.9712748477759305e-06
1801,1746571170.8772242,8.566059477743693e-06
1802,1746571185.69505,3.8752114051021636e-06
1803,1746571190.4691799,2.05589003599016e-05
1804,1746571204.7090619,4.39094947068952e-06
1805,1746571217.230287,5.212430187384598e-05
1806,1746571228.6578217,1.5040927792142611e-05
1807,1746571243.7936022,1.4313265637611039e-05
1808,1746571252.7733853,3.360157643328421e-05
1809,1746571263.9864054,3.383270086487755e-05
1810,1746571275.2394905,0.0005362620577216148
1811,1746571285.796425,2.261058398289606e-05
1812,1746571301.4630632,0.0015092140529304743
1813,1746571321.1554217,3.911658131983131e-05
1814,1746571334.1203632,1.1670622370729689e-05
1815,1746571351.5087175,0.00010465970262885094
1816,1746571362.7791085,0.00011185502808075398
1817,1746571373.248877,1.932474333443679e-05
1818,1746571387.6485698,3.315882167953532e-06
1819,1746571400.1343267,4.921854269923642e-06
1820,1746571416.0215979,3.327957892906852e-05
1821,1746571428.6631956,0.00020669298828579485
1822,1746571436.2337885,0.0005562780424952507
1823,1746571451.0613353,0.00021174836729187518
1824,1746571462.8610234,0.0008196034468710423
1825,1746571528.1495686,0.005491689313203096
1826,1746571538.739489,4.162481855018996e-05
1827,1746571553.1461768,2.7294228857499547e-05
1828,1746571570.1427035,3.583705984055996e-05
1829,1746571583.6751266,8.881446774466895e-06
1830,1746571606.003781,8.550599159207195e-05
1831,1746571615.1544752,0.005292078480124474
1832,1746571632.7118247,2.747670077951625e-05
1833,1746571641.4861243,2.5287610696977936e-05
1834,1746571648.7510262,1.923111813084688e-05
1835,1746571663.1998484,0.005502708256244659
1836,1746571683.3489127,0.00029955862555652857
1837,1746571691.3620036,1.3294566088006832e-06
1838,1746571709.0256639,3.1333671358879656e-05
1839,1746571721.066924,0.0020057710353285074
1840,1746571738.629647,1.2130481081840117e-05
1841,1746571752.261748,2.1834191556990845e-06
1842,1746571762.5852826,0.0002568783820606768
1843,1746571771.8657467,0.00013100318028591573
1844,1746571785.039483,3.5795453641185304e-06
1845,1746571801.1749275,6.65254856357933e-06
1846,1746571819.2339385,3.157157834721147e-06
1847,1746571830.7104638,6.793026841478422e-06
1848,1746571840.1184456,5.9769150539068505e-05
1849,1746571851.8177388,0.006258300505578518
1850,1746571869.3989732,0.00011615125549724326
1851,1746571883.2381253,0.0011183192254975438
1852,1746571898.7148874,4.395204996399116e-06
1853,1746571911.2118056,8.685101056471467e-05
1854,1746571919.323314,9.461663466936443e-06
1855,1746571928.050766,2.2928850285097724e-06
1856,1746571939.2427864,0.0010038709733635187
1857,1746571947.766698,8.958707553574641e-07
1858,1746571959.9870403,0.0031985503155738115
1859,1746571969.7588956,8.987984983832575e-06
1860,1746571977.3100786,8.25097959022969e-06
1861,1746571989.0398438,1.3554756606026785e-06
1862,1746572000.3899636,1.5240164429997094e-05
1863,1746572009.608511,1.0358305644331267e-06
1864,1746572022.4443307,0.0005998649867251515
1865,1746572037.5281081,2.7137322831549682e-05
1866,1746572051.6394625,3.878252300637541e-06
1867,1746572068.0649385,6.5397216530982405e-06
1868,1746572078.5598345,0.0005121825379319489
1869,1746572090.4408958,9.917070201481692e-06
1870,1746572100.9287937,0.00012208332191221416
1871,1746572116.9570553,2.519237568776589e-05
1872,1746572129.4193215,1.4173319868859835e-05
1873,1746572140.8419158,2.084293328152853e-06
1874,1746572158.50012,6.491888780146837e-05
1875,1746572177.4841669,0.002282273955643177
1876,1746572194.969275,2.4718949134694412e-05
1877,1746572209.7703972,0.003906778991222382
1878,1746572221.9427502,1.685764618741814e-05
1879,1746572229.7458699,4.8708698159316555e-06
1880,1746572242.6282754,2.2137537598609924e-05
1881,1746572253.2148,6.517401516248356e-07
1882,1746572265.7873704,8.36829531181138e-06
1883,1746572274.7534783,6.780348030588357e-06
1884,1746572280.4038608,6.629927611356834e-06
1885,1746572290.3913958,3.386905518709682e-06
1886,1746572302.2370765,1.941025402629748e-05
1887,1746572313.303481,9.52586287894519e-06
1888,1746572326.548969,8.746818639338017e-05
1889,1746572345.2665343,4.4457569856604096e-06
1890,1746572358.5049527,5.606618174169853e-07
1891,1746572373.8798118,4.854340204474283e-06
1892,1746572379.0085914,1.8456308907843777e-06
1893,1746572399.536755,8.284546879622212e-07
1894,1746572417.040293,0.0005409608129411936
1895,1746572423.3485951,1.8753827362161246e-06
1896,1746572443.6830695,1.2703683296422241e-06
1897,1746572451.5487382,1.7411919088772265e-06
1898,1746572467.7683969,7.784895387885626e-06
1899,1746572483.9493158,1.4344349210659857e-06
1900,1746572496.6867921,1.5632132317477954e-06
1901,1746572570.6176372,2.4807020508887945e-06
1902,1746572576.9708948,3.31198243657127e-05
1903,1746572591.9605594,1.5690678765167831e-06
1904,1746572606.8448696,1.228954829457507e-06
1905,1746572614.45913,1.696549929874891e-06
1906,1746572632.07091,5.800234703201568e-06
1907,1746572642.6374612,7.16646172804758e-05
1908,1746572658.9769874,0.0004896607715636492
1909,1746572671.5047042,7.125672709662467e-07
1910,1746572682.1176798,3.22863670589868e-05
1911,1746572692.1801853,1.1476683539513033e-05
1912,1746572700.8568053,0.0033784378319978714
1913,1746572711.964042,1.4398435723705916e-06
1914,1746572725.4273562,6.764767590539122e-07
1915,1746572737.6628742,0.005985577590763569
1916,1746572749.6983314,0.002701554447412491
1917,1746572760.150129,3.737434781214688e-06
1918,1746572779.7010868,1.036211870086845e-06
1919,1746572797.33866,4.1645034798420966e-06
1920,1746572807.5742972,0.0011961403070017695
1921,1746572818.6152964,6.361179657687899e-06
1922,1746572834.5964825,0.00030649619293399155
1923,1746572841.8529835,1.307995830757136e-06
1924,1746572854.7825124,0.002582716755568981
1925,1746572865.1713254,0.0006288668955676258
1926,1746572880.2206082,7.919498602859676e-05
1927,1746572898.647096,0.0002898910315707326
1928,1746572912.7168045,1.877545400930103e-05
1929,1746572924.4843352,3.900137926393654e-06
1930,1746572938.6375465,2.70002351498988e-06
1931,1746572954.5166538,1.391895352753636e-06
1932,1746572972.8257556,0.011024794541299343
1933,1746572987.3192592,0.0016254860674962401
1934,1746573004.9395561,2.2226553483051248e-05
1935,1746573022.5423114,6.690002578579879e-07
1936,1746573041.5845778,1.2842991054640152e-05
1937,1746573057.0497615,3.9831204048823565e-05
1938,1746573073.12688,1.0070540383821935e-06
1939,1746573083.975633,6.916731763340067e-06
1940,1746573100.547233,6.407892215065658e-06
1941,1746573117.8965266,1.6478114730489324e-06
1942,1746573134.074414,9.561611659592018e-05
1943,1746573144.060694,1.1631605957518332e-05
1944,1746573155.8394897,4.292954326956533e-05
1945,1746573169.19984,6.1940868363308255e-06
1946,1746573178.2916465,0.00040104921208694577
1947,1746573189.9179814,3.1902811770123662e-06
1948,1746573201.9731686,2.7462540401756996e-06
1949,1746573213.0951223,4.671778697229456e-06
1950,1746573224.5767558,2.8377683065627934e-06
1951,1746573233.1324449,2.0213876268826425e-05
1952,1746573332.0491734,2.4247430701507255e-05
1953,1746573387.5610847,2.752256295934785e-05
1954,1746573422.4361928,0.0005607944331131876
1955,1746573447.703119,1.5966672890499467e-06
1956,1746573483.0002396,3.155690592393512e-06
1957,1746573507.035043,0.00026305660139769316
1958,1746573535.1571367,1.9814422557828948e-05
1959,1746573569.5574965,3.0143883122946136e-06
1960,1746573578.6796358,7.120825671336206e-07
1961,1746573597.512983,2.1159887182875536e-05
1962,1746573608.2374582,1.9455349047348136e-06
1963,1746573624.032977,1.210901928061503e-06
1964,1746573639.1599941,1.1088149221905041e-05
1965,1746573651.5232513,9.91494471236365e-06
1966,1746573662.1690552,1.0483685400686227e-05
1967,1746573673.7566738,1.3869756912754383e-05
1968,1746573690.4245656,1.5730964150861837e-05
1969,1746573702.1636236,7.66112279961817e-05
1970,1746573721.7804632,1.237687229149742e-06
1971,1746573739.4607759,0.000649627938400954
1972,1746573749.8188632,1.4119503930487554e-06
1973,1746573768.780377,3.528160959831439e-06
1974,1746573781.938021,1.2411645911925007e-05
1975,1746573796.6160505,1.5727438949397765e-05
1976,1746573809.9959126,0.0008190909284166992
1977,1746573889.9338045,2.561037035775371e-06
1978,1746573903.7648401,1.592492299096193e-05
1979,1746573915.4153483,2.9225486287032254e-05
1980,1746573921.0860493,5.156845190867898e-07
1981,1746573936.7816236,0.0001643508003326133
1982,1746573951.7395043,0.0026524090208113194
1983,1746573963.0660126,3.887619641318452e-06
1984,1746573975.005954,1.4530991165884188e-06
1985,1746573986.222855,3.666524571599439e-05
1986,1746574000.343451,2.507541466911789e-06
1987,1746574012.91268,3.930683760700049e-06
1988,1746574023.559533,0.008069432340562344
1989,1746574038.3243659,2.3834077182982583e-06
1990,1746574051.2708325,5.5315955250989646e-05
1991,1746574061.3869338,2.381764943493181e-06
1992,1746574077.3847468,2.1535083760682028e-06
1993,1746574094.5022976,3.5334726362634683e-06
1994,1746574102.3506012,0.0011338647454977036
1995,1746574115.9360967,0.0002920753904618323
1996,1746574128.9755058,7.2375364652543794e-06
1997,1746574142.1706414,1.478397052778746e-06
1998,1746574148.1780841,4.132712547288975e-06
1999,1746574163.5395627,6.328347080852836e-05
2000,1746574172.4166937,1.0621116643960704e-06
2001,1746574183.5848255,3.762399956031004e-07
2002,1746574194.0049562,1.613141648704186e-05
2003,1746574209.7603204,0.0017731342231854796
2004,1746574224.7394657,0.0009272699826397002
2005,1746574254.8864717,7.056058529997244e-05
2006,1746574272.9538662,1.9683525351865683e-06
2007,1746574285.3877447,2.5197989543812582e-06
2008,1746574297.0397475,0.004070899449288845
2009,1746574315.7787693,1.0130124792340212e-06
2010,1746574333.9567027,2.07598895940464e-06
2011,1746574349.45772,1.563825094308413e-06
2012,1746574366.1436543,1.934972033268423e-06
2013,1746574374.148495,0.00019099285418633372
2014,1746574383.794478,0.00021743691468145698
2015,1746574392.9229872,1.2259333743713796e-06
2016,1746574399.768493,8.493223617733747e-07
2017,1746574410.6437366,2.208279875048902e-05
2018,1746574418.8035398,9.031967238115612e-06
2019,1746574433.0678914,2.848606527550146e-06
2020,1746574447.053056,2.325834657312953e-06
2021,1746574454.9060125,4.373067667984287e-07
2022,1746574464.174225,0.007270336151123047
2023,1746574477.0753446,4.671406713896431e-06
2024,1746574491.9046462,7.58480666718242e-07
2025,1746574507.4760866,3.569864759356278e-07
2026,1746574523.795995,3.0542369131580926e-06
2027,1746574532.3684168,1.776763383531943e-06
2028,1746574543.5999055,7.774797268211842e-05
2029,1746574554.2206047,4.3073691813333426e-06
2030,1746574570.688694,0.00605658907443285
2031,1746574580.151453,0.00032909243600443006
2032,1746574588.0309885,2.800951278913999e-06
2033,1746574599.0080078,4.9402897275285795e-06
2034,1746574610.803342,8.399381385970628e-07
2035,1746574626.4605868,1.8903896261690534e-06
2036,1746574641.1952655,2.129381527993246e-06
2037,1746574649.444028,3.6264887057768647e-06
2038,1746574666.3395026,5.494408105732873e-05
2039,1746574674.7912781,1.4559765077137854e-05
2040,1746574686.1884918,0.00027710144058801234
2041,1746574701.7603714,1.2048487860738533e-06
2042,1746574715.0761983,8.024912290238717e-07
2043,1746574727.200916,1.0405044122308027e-05
2044,1746574733.8294363,1.940262109201285e-06
2045,1746574753.0667958,0.0008638555882498622
2046,1746574772.4568927,1.0223712934021023e-06
2047,1746574781.5600247,3.20525737151911e-06
2048,1746574789.6543915,2.9024370178376557e-06
2049,1746574803.0395088,1.086416204998386e-06
2050,1746574814.4647133,5.075841909274459e-05
2051,1746574827.1548939,2.794379952320014e-06
2052,1746574838.0530286,3.582148622172099e-07
2053,1746574910.2487533,1.467524270992726e-06
2054,1746574927.7394629,0.0005586316110566258
2055,1746574942.438956,4.260637524566846e-06
2056,1746574954.283599,4.4899916247231886e-05
2057,1746574962.919363,7.107795227057068e-06
2058,1746574970.6950371,1.6172338064279757e-06
2059,1746574981.8144512,1.7019117422023555e-06
2060,1746574993.0227582,1.3798230611428153e-06
2061,1746575005.9519744,1.4570581470252364e-06
2062,1746575012.8605068,3.0958885872678366e-06
2063,1746575034.3270857,0.0004433713620528579
2064,1746575042.0714583,6.910647130098369e-07
2065,1746575051.7487168,0.0008498714305460453
2066,1746575058.7486436,2.091607939291862e-06
2067,1746575073.6671553,2.1293310510372976e-06
2068,1746575085.3488894,1.0279464959239704e-06
2069,1746575107.5029833,1.698598134680651e-05
2070,1746575119.9557936,4.034645826322958e-06
2071,1746575128.1582515,5.999471568429726e-07
2072,1746575148.7171736,1.0310027391824406e-06
2073,1746575165.039469,2.1388409550127108e-06
2074,1746575181.7590303,3.110188481514342e-05
2075,1746575190.7017672,3.0339163004100556e-07
2076,1746575202.1370308,2.0030811356264167e-06
2077,1746575215.5759816,1.4347665455716196e-06
2078,1746575235.7602234,1.225557525685872e-06
2079,1746575246.0602639,7.882595696173667e-07
2080,1746575264.3705356,7.409944942082802e-07
2081,1746575273.512897,8.169670877578028e-07
2082,1746575281.6518772,2.5456727144046454e-06
2083,1746575298.1173985,3.3240019092772854e-07
2084,1746575306.7520442,1.6921173084938346e-07
2085,1746575317.93946,5.435813818621682e-06
2086,1746575339.8395247,3.730932007783849e-07
2087,1746575358.878919,8.478436939185485e-07
2088,1746575368.1301866,5.15734257078293e-07
2089,1746575380.2600334,6.259245765249943e-06
2090,1746575389.5142512,9.404582669958472e-06
2091,1746575412.4869378,2.0946657969034277e-05
2092,1746575424.1944137,6.944609367565135e-07
2093,1746575435.1981134,2.072378492812277e-06
2094,1746575447.3570938,2.447064616717398e-06
2095,1746575464.6394536,1.0248390935885254e-06
2096,1746575483.479706,1.5697321487095905e-06
2097,1746575495.5485766,4.036628524772823e-07
2098,1746575507.3352304,3.170590332501888e-07
2099,1746575516.0535746,0.005580185912549496
2100,1746575528.7394524,1.922014007504913e-06
2101,1746575540.7209134,0.0005540802958421409
2102,1746575550.2136106,7.496525995520642e-07
2103,1746575567.9167662,0.0008822886156849563
2104,1746575586.033075,4.098465069546364e-06
2105,1746575595.9267392,3.5317584661243018e-06
2106,1746575605.8589258,8.16340707388008e-06
2107,1746575625.4700096,0.00027624607901088893
2108,1746575638.4776814,0.009374902583658695
2109,1746575650.1867335,1.8866511197757063e-07
2110,1746575660.486036,8.780757525528315e-07
2111,1746575678.1699138,4.0759798025646887e-07
2112,1746575690.668257,5.214138582232408e-06
2113,1746575705.8965,1.1008667115675053e-06
2114,1746575721.1475804,3.5157540878572036e-07
2115,1746575732.5052514,8.007625001482666e-05
2116,1746575747.5469804,7.173338235588744e-05
2117,1746575760.7612774,0.004202821291983128
2118,1746575776.9850209,6.522111561935162e-07
2119,1746575787.9375684,7.088781899255991e-07
2120,1746575795.5820012,4.987144848200842e-07
2121,1746575807.361359,3.8114353628770914e-06
2122,1746575818.3570187,1.7461518382333452e-06
2123,1746575833.7044327,0.00023679171863477677
2124,1746575845.7707508,6.75031424179906e-06
2125,1746575860.4666972,0.0019457004964351654
2126,1746575874.0099733,0.0025881666224449873
2127,1746575881.0903952,2.0000538825115655e-07
2128,1746575892.6144333,3.893779876307235e-07
2129,1746575965.6395793,7.814185664756224e-05
2130,1746575976.5083313,4.063979872626078e-07
2131,1746575989.21518,8.743384387344122e-05
2132,1746575997.597085,1.4356613746713265e-06
2133,1746576009.1282978,1.3026441081365192e-07
2134,1746576017.4591188,1.506952685303986e-06
2135,1746576032.7891674,3.215090828234679e-06
2136,1746576050.7942455,5.348466856958112e-06
2137,1746576066.4254384,5.184165843274968e-07
2138,1746576081.3394606,1.7889565242512617e-06
2139,1746576088.8198383,4.548257129499689e-05
2140,1746576111.4462035,3.0339491786435246e-05
2141,1746576128.6947942,0.002059323713183403
2142,1746576141.9027264,6.160541374811146e-07
2143,1746576159.6654177,2.117917802024749e-06
2144,1746576175.7486944,0.007685595657676458
2145,1746576189.6775098,4.77964204037562e-06
2146,1746576195.7709115,1.2162674920546124e-06
2147,1746576206.5800617,9.78758748715336e-07
2148,1746576215.3120658,7.321098382817581e-05
2149,1746576222.8595192,6.753814432158833e-07
2150,1746576236.7722151,1.3867849702364765e-05
2151,1746576253.2461023,5.3917492550681345e-06
2152,1746576265.8613145,3.26051413139794e-05
2153,1746576288.848405,0.003375197295099497
2154,1746576304.0513253,0.0004988682339899242
2155,1746576319.8198538,3.94779272028245e-06
2156,1746576332.0664697,2.4793462216621265e-05
2157,1746576343.9277477,2.6658869956008857e-07
2158,1746576361.7008493,9.526388566882815e-06
2159,1746576369.2395191,1.258526140190952e-06
2160,1746576382.7131605,6.717089036101243e-07
2161,1746576391.8657162,3.164416057188646e-06
2162,1746576405.54482,1.140587642112223e-06
2163,1746576415.470811,1.670821461630112e-06
2164,1746576433.1692429,2.744675157373422e-06
2165,1746576452.7043526,1.0528756320127286e-06
2166,1746576465.3169115,1.348072373730247e-06
2167,1746576485.975018,4.183345481578726e-06
2168,1746576497.764458,0.0027344266418367624
2169,1746576508.033837,2.1302312234183773e-06
2170,1746576519.6108422,8.567918712287792e-07
2171,1746576533.6597505,6.108060119913716e-07
2172,1746576542.9999244,2.2187092326930724e-05
2173,1746576552.7113118,1.0742783160822e-05
2174,1746576564.6962376,6.218655471457168e-05
2175,1746576576.1533453,1.1002629207723658e-06
2176,1746576592.2394993,6.531723784064525e-07
2177,1746576601.2481751,8.367893315153196e-06
2178,1746576608.9086666,1.0841311450349167e-05
2179,1746576623.5976758,6.2456192608806305e-06
2180,1746576634.1992102,5.067201982456027e-07
2181,1746576644.0395517,2.1582882254733704e-06
2182,1746576656.0677361,3.477684231256717e-06
2183,1746576674.1563444,8.458753654849716e-06
2184,1746576686.055943,1.501096107858757e-06
2185,1746576697.5080745,3.0369445084943436e-05
2186,1746576712.264211,6.404796977221849e-07
2187,1746576726.7494156,3.5280169186080457e-07
2188,1746576737.346266,6.810832019255031e-06
2189,1746576750.4830856,2.7932479497394525e-05
2190,1746576769.2725623,8.708176437721704e-07
2191,1746576774.1487012,9.422877838005661e-07
2192,1746576784.512754,5.923805588281539e-07
2193,1746576801.80488,4.904263550997712e-05
2194,1746576818.1300185,0.0022229694295674562
2195,1746576830.7753851,0.0011058456730097532
2196,1746576841.633948,1.3424246390059125e-06
2197,1746576849.2611265,1.7400897149855155e-06
2198,1746576861.3872633,8.387129355469369e-07
2199,1746576872.1732733,3.407180315662117e-07
2200,1746576880.2730103,4.03013254981488e-05
2201,1746576891.8297017,2.677674046935863e-06
2202,1746576897.5604625,7.019090730864264e-07
2203,1746576918.5083458,0.0016626660944893956
2204,1746576928.2189362,2.227452284842002e-07
2205,1746577002.7064927,6.432405643863603e-05
2206,1746577021.559839,0.00393539946526289
2207,1746577033.639445,9.65930212259991e-07
2208,1746577041.2691355,0.004790232516825199
2209,1746577056.3394806,0.003366161370649934
2210,1746577066.7098958,0.002298051491379738
2211,1746577079.939457,2.0619688712031348e-06
2212,1746577093.565072,1.5362580825240002e-06
2213,1746577103.3777006,6.961447525100084e-07
2214,1746577124.7881029,4.686028478317894e-05
2215,1746577148.8769372,0.0009676699992269278
2216,1746577161.9394615,3.86946931030252e-06
2217,1746577176.7723126,0.0001331584935542196
2218,1746577188.905271,1.6362337191822007e-06
2219,1746577203.4813602,1.2227236766193528e-05
2220,1746577219.7715948,4.135862582188565e-06
2221,1746577227.961087,5.7224483498430345e-06
2222,1746577238.8650446,1.9031134570468566e-06
2223,1746577257.5017428,4.2625856622180436e-07
2224,1746577269.3258288,9.78984985522402e-07
2225,1746577284.0633218,0.008180235512554646
2226,1746577295.1583176,0.0011308279354125261
2227,1746577305.167967,6.1243940763233695e-06
2228,1746577318.973695,4.215794433548581e-06
2229,1746577329.4486907,0.0037576239556074142
2230,1746577348.3016658,1.271120595447428e-06
2231,1746577363.8249981,5.623410743282875e-06
2232,1746577378.5465465,4.065798293595435e-06
2233,1746577391.6526058,8.810225722299947e-07
2234,1746577410.534406,2.2825313408247894e-06
2235,1746577422.6819196,0.0002727130486164242
2236,1746577434.4711368,4.7476564191129e-07
2237,1746577444.2574146,9.719384479467408e-07
2238,1746577460.8572223,0.001057612244039774
2239,1746577473.3088095,1.2387362176013994e-06
2240,1746577480.525033,3.7471603718586266e-05
2241,1746577492.271226,1.9445189991529332e-06
2242,1746577505.039758,1.089300212697708e-06
2243,1746577510.773232,8.196107955882326e-06
2244,1746577524.622073,7.709934948252339e-07
2245,1746577535.8110874,1.5532626775893732e-06
2246,1746577553.5107384,1.0661559599611792e-06
2247,1746577567.8784595,1.5074720067786984e-06
2248,1746577576.1395223,1.1275286624368164e-06
2249,1746577588.1375415,4.357649686426157e-06
2250,1746577599.1533115,1.5571937183267437e-05
2251,1746577616.9543943,1.8349586525800987e-06
2252,1746577621.7561965,2.364558213230339e-06
2253,1746577633.761799,2.1920686776866205e-05
2254,1746577648.1754563,3.936816881378036e-07
2255,1746577666.7304246,1.6377551901314291e-06
2256,1746577677.1122148,0.00048628143849782646
2257,1746577685.890184,4.3189962184442265e-07
2258,1746577704.7131178,0.0004245965392328799
2259,1746577720.244393,1.3039784789725672e-06
2260,1746577737.2788596,9.868611232377589e-05
2261,1746577742.3499808,1.4315452290247777e-06
2262,1746577759.0487301,9.068692747860041e-07
2263,1746577774.2565837,9.614379814593121e-05
2264,1746577786.5487037,6.0650309023913e-06
2265,1746577802.6596248,1.417813223270059e-06
2266,1746577817.8579197,1.2482225429266691e-05
2267,1746577835.479264,3.1590695925842738e-06
2268,1746577845.7525575,1.932335862875334e-06
2269,1746577859.848324,4.297666293950897e-07
2270,1746577871.133579,1.2178429642517585e-06
2271,1746577880.6363013,2.5668344960649847e-07
2272,1746577891.6395075,4.720977244687674e-07
2273,1746577903.9594162,2.1110336092533544e-05
2274,1746577918.055136,2.4280168418044923e-06
2275,1746577928.1001692,5.954602215751947e-07
2276,1746577941.3505468,7.535377335443627e-07
2277,1746577953.364771,1.548164505038585e-06
2278,1746577968.9156175,9.884836345008807e-07
2279,1746577985.996731,7.107428245944902e-07
2280,1746577995.815082,3.246372443754808e-06
2281,1746578064.0394838,6.506398904093658e-07
2282,1746578076.7597423,2.836604551248456e-07
2283,1746578089.7487175,1.632696580600168e-06
2284,1746578100.4194298,8.028810611904191e-07
2285,1746578109.9800148,2.0414388473000145e-06
2286,1746578127.311781,1.5834167470529792e-06
2287,1746578138.3075087,2.269572405566578e-06
2288,1746578152.0847278,7.736849170214555e-07
2289,1746578167.0322464,0.006885368376970291
2290,1746578177.3653193,4.6676785132149234e-05
2291,1746578200.283309,8.62672459334135e-05
2292,1746578214.5767612,5.173019417270552e-07
2293,1746578230.95853,8.577571293244546e-07
2294,1746578244.075139,3.9476501001445286e-07
2295,1746578253.7395704,0.0002059615944745019
2296,1746578263.820453,6.069693654353614e-07
2297,1746578276.1153405,0.00531790079548955
2298,1746578291.715257,4.550807659597922e-07
2299,1746578307.8096194,8.235480208895751e-07
2300,1746578323.390485,6.858623464722768e-07
2301,1746578346.6456842,2.5780352643778315e-06
2302,1746578360.4191735,2.5118533812928945e-05
2303,1746578373.2416716,2.482126319591771e-06
2304,1746578379.958425,2.312997139597428e-06
2305,1746578393.5598013,2.3826517008274095e-06
2306,1746578408.839542,2.7227606551605277e-05
2307,1746578422.345716,6.915869562362786e-06
2308,1746578433.3690727,3.121356712654233e-06
2309,1746578447.0033412,1.3649394077219767e-06
2310,1746578466.0804899,1.3857963949703844e-06
2311,1746578481.3683987,1.2337310408838675e-06
2312,1746578496.104818,5.703942065338197e-07
2313,1746578510.4909682,1.0462782711329055e-06
2314,1746578523.7401574,0.0019925229717046022
2315,1746578534.8144538,4.901188276562607e-06
2316,1746578542.957251,1.2970740215223486e-07
2317,1746578553.682156,6.471624942605558e-07
2318,1746578564.4394858,4.571341492010106e-07
2319,1746578582.2975183,1.6119170140882488e-06
2320,1746578594.036764,5.014155703975121e-07
2321,1746578609.690024,1.0767513458631583e-06
2322,1746578621.2954245,0.003116224193945527
2323,1746578635.0434148,0.0007841525948606431
2324,1746578645.5378785,1.1234797966608312e-05
2325,1746578659.9394987,3.740692818610114e-06
2326,1746578670.595062,0.0005135285318829119
2327,1746578682.8667324,1.7292536540480796e-06
2328,1746578698.5541232,6.775160272809444e-07
2329,1746578716.054583,1.140500216934015e-06
2330,1746578729.3564212,7.581801924061438e-07
2331,1746578747.6147006,1.3176293123251526e-06
2332,1746578761.7530947,0.0006568327080458403
2333,1746578773.6688673,1.2880944950666162e-06
2334,1746578778.339446,8.40795223666646e-07
2335,1746578792.8209674,0.0005410010926425457
2336,1746578804.0782118,1.126659412875597e-06
2337,1746578813.7252972,5.368719371290354e-07
2338,1746578830.2468894,5.646140834869584e-06
2339,1746578843.4001515,0.0009172309073619545
2340,1746578860.2136078,1.1351559123795596e-06
2341,1746578878.2479286,2.660219024619437e-06
2342,1746578897.142695,2.6908701329375617e-05
2343,1746578909.1864712,2.2711409997100418e-07
2344,1746578919.4777362,1.8258556337968912e-06
2345,1746578927.210409,3.2267275855701882e-06
2346,1746578943.0220525,7.580560463793518e-07
2347,1746578958.2820601,2.8287904569879174e-05
2348,1746578972.8330178,1.0781079708976904e-06
2349,1746578985.18423,2.0433619738469133e-06
2350,1746578997.2105653,3.7430972952279262e-06
2351,1746579006.8930957,8.147178959916346e-06
2352,1746579023.307467,1.2904193908980233e-06
2353,1746579040.1863544,4.750497453187563e-07
2354,1746579053.6596606,1.965646879398264e-05
2355,1746579062.6323166,8.9971609895656e-07
2356,1746579070.6851346,2.0742588731081923e-06
2357,1746579135.2997413,1.8512752149035805e-06
2358,1746579144.4151158,9.72644443208992e-07
2359,1746579152.539451,5.043041255703429e-07
2360,1746579159.959094,8.31927354738582e-06
2361,1746579171.5666106,6.727311301801819e-06
2362,1746579181.123934,3.2377374736825004e-06
2363,1746579198.3691516,1.0084320365422172e-06
2364,1746579207.5948706,3.2914481380430516e-06
2365,1746579222.1014352,0.00026107727899216115
2366,1746579233.8150022,1.3607332220999524e-06
2367,1746579241.4660232,4.955889494340227e-07
2368,1746579250.2509413,0.00010978005593642592
2369,1746579259.0167217,1.0404949080111692e-06
2370,1746579273.9594965,5.121144204167649e-05
2371,1746579288.6587365,9.956747817341238e-07
2372,1746579304.800882,8.136306064443488e-07
2373,1746579322.1394486,7.040405876068689e-07
2374,1746579341.7780032,3.713871876698249e-07
2375,1746579356.9394453,9.399681744071131e-07
2376,1746579372.6922362,6.697882781736553e-07
2377,1746579389.4368382,0.0037854118272662163
2378,1746579401.4394615,5.065656409897201e-07
2379,1746579413.0473785,3.578228870537714e-06
2380,1746579428.4962265,0.0023399880155920982
2381,1746579441.6291776,9.8769578471547e-07
2382,1746579464.199662,1.214818325934175e-06
2383,1746579473.4860604,3.5421555821812944e-06
2384,1746579497.2890062,9.91063302535622e-07
2385,1746579513.5957558,0.0002613334800116718
2386,1746579523.7160451,2.003944246098399e-06
2387,1746579533.89579,1.3949460253570578e-06
2388,1746579543.2586024,2.4588800897618057e-06
2389,1746579557.2427282,0.0003900252340827137
2390,1746579569.9508293,1.7408298162990832e-06
2391,1746579582.5567136,1.0413541531306691e-06
2392,1746579599.5001833,2.880829015339259e-05
2393,1746579606.382313,2.138952822861029e-06
2394,1746579622.31036,6.392141926880868e-07
2395,1746579637.375839,5.295334631227888e-06
2396,1746579643.579978,1.1859262940561166e-06
2397,1746579654.3041897,4.592107870848849e-06
2398,1746579668.449882,3.818214463535696e-05
2399,1746579683.1175077,5.041234203417844e-07
2400,1746579695.0394604,1.1453478236944648e-06
2401,1746579704.7783113,6.093813226470957e-06
2402,1746579720.6394973,1.6057019820436835e-06
2403,1746579728.2726953,0.0026876358315348625
2404,1746579738.8034492,3.202960670023458e-07
2405,1746579754.752499,0.0004944810061715543
2406,1746579774.2711442,0.0020576321985572577
2407,1746579785.498957,1.212632241731626e-06
2408,1746579800.3088562,3.0725761916983174e-06
2409,1746579812.973566,8.096268970803067e-07
2410,1746579832.1813056,1.977092779270606e-06
2411,1746579838.3102686,2.743538971117232e-06
2412,1746579849.0101576,1.5301061466743704e-06
2413,1746579858.760449,7.387320692942012e-07
2414,1746579866.2974534,2.106047759298235e-06
2415,1746579878.141283,4.763075196478894e-07
2416,1746579891.7736993,1.5115507494556368e-06
2417,1746579904.7250106,3.3953105571526976e-07
2418,1746579917.5387363,2.9205737064330606e-06
2419,1746579928.9969811,0.0025888506788760424
2420,1746579943.7395275,5.771286305389367e-05
2421,1746579958.618691,1.4111809605310555e-06
2422,1746579981.6394515,1.0059329724754207e-05
2423,1746579990.678271,3.870799264404923e-05
2424,1746580000.9198868,1.538019546387659e-06
2425,1746580018.9494853,1.3939292102804757e-06
2426,1746580027.8056867,3.5171613035345217e-06
2427,1746580036.5486224,1.020168610921246e-06
2428,1746580050.9935384,7.263441511895508e-05
2429,1746580068.7008386,1.1951344731642166e-06
2430,1746580085.812816,2.3551913272967795e-06
2431,1746580093.9628305,2.474903567417641e-06
2432,1746580106.834407,5.4686875046172645e-06
2433,1746580183.3527977,1.2589742937052506e-06
2434,1746580199.4396815,6.585969913430745e-06
2435,1746580206.9433553,7.061024120957882e-07
2436,1746580218.4395833,5.126719315740047e-06
2437,1746580234.5645225,3.38517764930657e-07
2438,1746580242.2714934,6.283311086008325e-05
2439,1746580256.3871174,9.895140919979895e-07
2440,1746580270.2283425,1.4237039067666046e-06
2441,1746580281.9442718,2.6312468435207848e-06
2442,1746580293.6653461,1.3267929261928657e-06
2443,1746580306.3394477,7.119642191355524e-07
2444,1746580314.6407151,1.512358539912384e-05
2445,1746580325.439504,7.39181359676877e-07
2446,1746580341.721029,1.3430822036752943e-06
2447,1746580362.1506703,1.6356401602024562e-06
2448,1746580378.3582072,9.90685521173873e-07
2449,1746580389.6818936,1.5620987596776104e-06
2450,1746580405.9056418,5.434912509372225e-06
2451,1746580423.2533185,0.00027294052415527403
2452,1746580439.353617,1.1290339898550883e-06
2453,1746580453.7002368,7.35648882255191e-07
2454,1746580465.8650916,0.0003137195308227092
2455,1746580471.8485088,1.5215570101645426e-06
2456,1746580485.3623898,6.743903213646263e-07
2457,1746580496.034127,3.3396117942174897e-06
2458,1746580511.1202784,1.1924239515792578e-06
2459,1746580521.2073555,6.948917530280596e-07
2460,1746580529.1593604,1.2002647054032423e-06
2461,1746580545.939486,1.0506039416213753e-06
2462,1746580561.8637109,5.964468527963618e-07
2463,1746580576.739507,1.2302492677918053e-06
2464,1746580587.2000964,3.041547870452632e-06
2465,1746580597.483371,2.232271185675927e-07
2466,1746580608.3394816,2.124634335132214e-07
2467,1746580624.6381173,2.3120445291624492e-07
2468,1746580643.539496,0.003381988499313593
2469,1746580655.7703307,1.0502596978767542e-06
2470,1746580667.6758666,0.00014308220124803483
2471,1746580688.4038157,1.3623504173665424e-06
2472,1746580707.725862,7.865380098337482e-07
2473,1746580722.3775616,2.4363268948945915e-06
2474,1746580733.4579341,6.932183396202163e-07
2475,1746580744.239527,0.0005077116657048464
2476,1746580761.48512,1.2148456107752281e-06
2477,1746580775.9740407,2.3872245947131887e-05
2478,1746580786.7019114,8.039995691433433e-07
2479,1746580796.2773762,8.033682092900563e-07
2480,1746580811.1395044,3.5056058322879835e-07
2481,1746580824.2136612,3.63048826557133e-07
2482,1746580834.9475293,8.482993507641368e-06
2483,1746580856.4732869,0.0003178974147886038
2484,1746580862.6488514,8.059414540184662e-07
2485,1746580875.0814872,0.0003577194584067911
2486,1746580892.8479483,2.538816659125587e-07
2487,1746580908.5794644,7.930069841677323e-06
2488,1746580914.7394872,6.765986313439498e-07
2489,1746580926.6566858,6.430261123568926e-07
2490,1746580947.1376412,7.400842605420621e-06
2491,1746580960.748609,4.793718630935473e-07
2492,1746580982.4268308,8.867172027748893e-07
2493,1746580996.3360648,1.0067615363595905e-07
2494,1746581007.2641964,6.652470574408653e-07
2495,1746581018.6413558,4.755550833124289e-07
2496,1746581030.368251,8.337426038451667e-07
2497,1746581044.1375377,6.480319143520319e-07
2498,1746581057.189013,2.3285729184863158e-06
2499,1746581066.1495633,0.003697781590744853
2500,1746581073.27379,1.6529767776773951e-07
2501,1746581091.7213418,3.814119793332793e-07
2502,1746581111.083887,1.3496259043677128e-06
2503,1746581120.2338014,0.0001321283052675426
2504,1746581130.3115785,0.009233562275767326
2505,1746581142.7394724,4.2512257891758054e-07
2506,1746581152.591864,1.6097379784696386e-06
2507,1746581165.8684683,0.00036539469147101045
2508,1746581179.6345918,1.2778464224538766e-06
2509,1746581247.7395031,2.7371811484044883e-07
2510,1746581270.4163496,0.00042369746370241046
2511,1746581278.3395088,2.575450821495906e-07
2512,1746581296.4975045,9.386543752043508e-06
2513,1746581311.6587207,9.641765063861385e-05
2514,1746581325.0395548,6.59184763662779e-07
2515,1746581335.6158178,0.002662084763869643
2516,1746581348.6826408,4.133782738335867e-07
2517,1746581358.389692,8.075795108197781e-07
2518,1746581372.7728832,1.5386666518679704e-06
2519,1746581382.6993206,0.00043590302811935544
2520,1746581395.4947307,1.4984634617576376e-06
2521,1746581405.0820792,8.936200970310892e-07
2522,1746581412.9489172,1.0844590860870085e-06
2523,1746581425.6614654,1.844575081122457e-06
2524,1746581449.2011344,7.009857654338703e-07
2525,1746581463.7579799,2.1620901407004567e-06
2526,1746581476.8646808,6.892712463013595e-06
2527,1746581489.293289,2.4918321628319973e-07
2528,1746581495.2484286,0.0005646152421832085
2529,1746581511.3744936,4.2844774839068123e-07
2530,1746581519.450602,6.486617394330096e-07
2531,1746581533.6581247,0.00010000724432757124
2532,1746581547.9714327,1.8494452547201945e-07
2533,1746581560.9367208,8.991772233457596e-07
2534,1746581573.4539351,2.6649144047041773e-07
2535,1746581585.364998,1.837339027588314e-07
2536,1746581599.6273193,2.0014289248138084e-07
2537,1746581608.1621907,1.1571837603696622e-06
2538,1746581624.5869067,4.618432740244316e-06
2539,1746581633.7671146,0.012768808752298355
2540,1746581641.3507469,2.502765528333839e-05
2541,1746581651.8545575,0.00043302233098074794
2542,1746581662.1318572,0.0003605152596719563
2543,1746581673.4072983,3.4984591934517084e-07
2544,1746581691.3229182,1.1837404656489525e-07
2545,1746581711.1515338,9.922876779455692e-05
2546,1746581727.4998238,1.8976345472765388e-06
2547,1746581744.8564281,8.189225013666146e-07
2548,1746581752.6395888,3.330874278617557e-07
2549,1746581760.290487,0.0004796207358594984
2550,1746581766.2956748,5.5271489145525265e-06
2551,1746581785.130497,2.0133177258685464e-06
2552,1746581793.998427,1.199217308567313e-06
2553,1746581803.8409686,2.629771643114509e-06
2554,1746581814.9235415,8.498259558109567e-05
2555,1746581827.8666718,7.190343239926733e-06
2556,1746581838.243722,1.0019672345151776e-06
2557,1746581848.5533257,7.848149721212394e-07
2558,1746581867.9852395,1.3575340744864661e-06
2559,1746581879.0923572,1.2956252248841338e-06
2560,1746581889.6539078,1.9409442302276148e-06
2561,1746581902.1444871,0.0002719747426453978
2562,1746581918.8421254,2.697690433706157e-06
2563,1746581934.8746793,0.0005996851832605898
2564,1746581952.4771707,6.137846639830968e-07
2565,1746581962.2681267,9.593612048774958e-06
2566,1746581979.7690625,7.065342515488737e-07
2567,1746581996.0699263,6.560973702107731e-07
2568,1746582008.6395106,0.00011854684998979792
2569,1746582019.9862883,5.687223278982856e-07
2570,1746582032.7998927,7.618455583724426e-06
2571,1746582042.8082533,2.8420574835763546e-06
2572,1746582054.739483,0.0007461317582055926
2573,1746582067.9995427,1.1146379392812378e-06
2574,1746582082.599226,2.137728870366118e-06
2575,1746582090.9876952,7.336437192861922e-06
2576,1746582104.0394924,3.199932052666554e-07
2577,1746582112.0287735,6.474758151853166e-07
2578,1746582120.9719427,1.1258624681431684e-06
2579,1746582139.3633401,0.0003135757870040834
2580,1746582154.267739,8.473366506223101e-07
2581,1746582171.0638268,1.2611474176082993e-06
2582,1746582180.2232218,2.638634271079354e-07
2583,1746582193.048658,2.2258440367295407e-05
2584,1746582201.1267338,1.9378117031010333e-06
2585,1746582274.3441432,4.6389788622036576e-05
2586,1746582286.0111926,6.97458688136976e-07
2587,1746582296.965965,1.52168937006536e-07
2588,1746582304.2280173,5.522115316125564e-07
2589,1746582315.3624358,1.374032308376627e-06
2590,1746582331.1633482,5.043179953645449e-07
2591,1746582338.2800426,3.659680487544392e-07
2592,1746582352.5433047,6.357952884172846e-07
2593,1746582362.4395056,4.650790685900574e-08
2594,1746582372.128202,1.4557038241491682e-07
2595,1746582382.2948124,4.0996414440996887e-07
2596,1746582396.8581524,9.044255477874685e-08
2597,1746582406.9588816,5.927713004894031e-07
2598,1746582433.0660248,2.083041181322187e-06
2599,1746582450.988252,4.5360599187915795e-07
2600,1746582464.9509256,1.0204539648839273e-06
2601,1746582482.6603947,0.000277164886938408
2602,1746582495.938106,3.9802634432817285e-07
2603,1746582508.3417559,5.158105409464042e-07
2604,1746582525.2049594,1.1179561170138186e-06
2605,1746582538.6726642,4.784886868947069e-07
2606,1746582551.01707,9.330577199762047e-07
2607,1746582563.0138621,3.47466624361914e-07
2608,1746582575.863914,2.398663809799473e-07
2609,1746582585.5942154,1.2177415555925108e-06
2610,1746582601.4608495,8.228461183534819e-07
2611,1746582611.963321,1.5050728734422592e-06
2612,1746582632.3622465,9.2332584245014e-07
2613,1746582643.064555,3.325621662497724e-07
2614,1746582652.6027071,7.170120284172299e-07
2615,1746582661.7321775,8.966481459538045e-07
2616,1746582673.131436,3.342183276799915e-07
2617,1746582688.039449,9.743556438479573e-05
2618,1746582697.5585697,7.599203672725707e-05
2619,1746582724.6223521,1.0382285836385563e-05
2620,1746582744.6903484,7.34031436877558e-06
2621,1746582756.1223233,2.4508889850949345e-07
2622,1746582770.5395293,6.525221465381037e-07
2623,1746582776.0296602,3.9581919963893597e-07
2624,1746582788.3715587,1.0272928108179258e-07
2625,1746582801.96116,1.2067643183399923e-05
2626,1746582811.5543134,6.885223342578684e-07
2627,1746582822.7516274,5.458715577333351e-07
2628,1746582841.4733276,3.729999775714532e-07
2629,1746582857.984641,2.6452025849721394e-05
2630,1746582874.078579,1.3199796455864998e-07
2631,1746582888.2466803,2.9481248020601925e-07
2632,1746582899.0671165,6.341994662761863e-07
2633,1746582920.2395527,1.2579555004776921e-05
2634,1746582929.582261,1.6444195125586702e-06
2635,1746582951.8662746,0.0018220100319013
2636,1746582964.0553923,3.0364940357685555e-06
2637,1746582973.7892537,5.163588525647356e-07
2638,1746582984.1655426,1.6113095568925928e-07
2639,1746583000.671845,1.5026513722204982e-07
2640,1746583008.6394475,2.0511906768660992e-06
2641,1746583020.9273064,6.94204686624289e-07
2642,1746583030.5514033,3.0406945938921126e-07
2643,1746583042.2870815,3.554172849362658e-07
2644,1746583053.1674538,2.7499666543917556e-07
2645,1746583070.2349532,4.358472324383911e-06
2646,1746583083.4253237,3.8448249028988357e-07
2647,1746583089.6173213,2.72844840765174e-06
2648,1746583099.947726,1.30101639683744e-07
2649,1746583113.1228611,0.0004430351546034217
2650,1746583130.6023493,1.2425141449057264e-07
2651,1746583136.5654604,9.563203775542206e-07
2652,1746583149.53621,9.918237537931418e-07
2653,1746583158.1334467,1.625296306428936e-07
2654,1746583172.1642263,3.8324509432641207e-07
2655,1746583186.0731044,7.051013426462305e-07
2656,1746583206.902068,0.0021012630313634872
2657,1746583216.1623821,1.3500250133802183e-05
2658,1746583227.728966,1.1635918326646788e-06
2659,1746583242.4394553,0.005279284901916981
2660,1746583255.4115355,3.60584863301483e-07
