step,wall_time,value
1,1747925545.3878818,0.6943101286888123
2,1747925550.035449,0.6932057738304138
3,1747925556.1449208,0.6952306628227234
4,1747925562.123033,0.6960248947143555
5,1747925568.8789449,0.6935886144638062
6,1747925575.2417846,0.6800568103790283
7,1747925579.7068095,0.6936134099960327
8,1747925584.107119,0.6857735514640808
9,1747925588.3900833,0.6744112968444824
10,1747925594.82362,0.6651403307914734
11,1747925599.960604,0.6662501096725464
12,1747925604.8999517,0.6520878076553345
13,1747925608.9549785,0.6490817666053772
14,1747925613.854708,0.6662206649780273
15,1747925617.440988,0.6248522996902466
16,1747925623.244919,0.6435496807098389
17,1747925629.9506319,0.6406166553497314
18,1747925635.431905,0.6046428680419922
19,1747925639.067176,0.6209570169448853
20,1747925644.4633782,0.5983009338378906
21,1747925651.1537015,0.585945725440979
22,1747925656.6672335,0.6156476736068726
23,1747925662.1354532,0.6309342384338379
24,1747925666.443703,0.6046279668807983
25,1747925672.0164626,0.594780445098877
26,1747925677.3342617,0.5993794202804565
27,1747925682.1618829,0.5624738931655884
28,1747925688.0461733,0.5443387031555176
29,1747925694.4544203,0.5448346138000488
30,1747925699.8043642,0.5339787602424622
31,1747925704.4192934,0.4932340979576111
32,1747925711.2205863,0.5255440473556519
33,1747925715.1449387,0.5257639288902283
34,1747925719.5286393,0.5123252868652344
35,1747925722.5750427,0.4885467290878296
36,1747925727.9860647,0.4071112871170044
37,1747925733.5219169,0.4413709044456482
38,1747925738.842182,0.5508655905723572
39,1747925742.1020517,0.5645431876182556
40,1747925747.9342732,0.46043652296066284
41,1747925752.492884,0.38786599040031433
42,1747925757.8599527,0.3178436756134033
43,1747925762.7607355,0.4953654706478119
44,1747925769.2733536,0.6283583045005798
45,1747925775.0538101,0.5278632640838623
46,1747925780.5913723,0.5363821983337402
47,1747925786.785715,0.40112942457199097
48,1747925793.138593,0.5476186275482178
49,1747925800.0649848,0.5430098176002502
50,1747925806.4014308,0.22884957492351532
51,1747925813.9934773,0.41888174414634705
52,1747925819.7812853,0.44315004348754883
53,1747925824.016594,0.4821596145629883
54,1747925828.551845,0.3386840224266052
55,1747925834.1859035,0.4221192002296448
56,1747925838.6086407,0.375396192073822
57,1747925842.8005552,0.30293673276901245
58,1747925848.7575607,0.40555304288864136
59,1747925854.3213232,0.5114223957061768
60,1747925862.2131853,0.7471446990966797
61,1747925868.0124598,0.5154751539230347
62,1747925872.991171,0.46595001220703125
63,1747925877.8989115,0.35596489906311035
64,1747925883.0690625,0.5175454616546631
65,1747925888.2888865,0.5921008586883545
66,1747925894.8635476,0.347731351852417
67,1747925900.2269702,0.34287750720977783
68,1747925905.0069795,0.3619219958782196
69,1747925910.5551972,0.48108839988708496
70,1747925915.3450153,0.4769720733165741
71,1747925919.4886346,0.5209259986877441
72,1747925924.6642992,0.26154306530952454
73,1747925931.6732454,0.340118408203125
74,1747925935.4604046,0.47549518942832947
75,1747925939.73859,0.36227163672447205
76,1747925946.8703992,0.2506866455078125
77,1747925951.538069,0.31427323818206787
78,1747925956.4707055,0.37204986810684204
79,1747925959.977519,0.6209432482719421
80,1747925967.3062592,0.32311850786209106
81,1747925972.0097969,0.44121700525283813
82,1747925976.3103657,0.27215731143951416
83,1747925982.4325984,0.2554519772529602
84,1747925987.5074744,0.2501292824745178
85,1747925992.8859122,0.23900960385799408
86,1747925997.2731333,0.5049412250518799
87,1747926003.660145,0.315097451210022
88,1747926006.8345604,0.23355337977409363
89,1747926012.571476,0.22642533481121063
90,1747926020.3906963,0.4199157953262329
91,1747926030.5908113,0.3254117965698242
92,1747926035.2387393,0.23490630090236664
93,1747926041.5429647,0.33442768454551697
94,1747926046.7334554,0.8450393676757812
95,1747926052.1938343,0.28977900743484497
96,1747926059.058147,0.13901248574256897
97,1747926066.0044694,0.552568793296814
98,1747926072.0884237,0.4267217516899109
99,1747926080.3331654,0.41971656680107117
100,1747926085.2476597,0.19367139041423798
101,1747926090.7189941,0.2972783148288727
102,1747926096.4880147,0.3844034671783447
103,1747926101.8424692,0.2817373275756836
104,1747926107.8387644,0.39901459217071533
105,1747926112.5568957,0.17418603599071503
106,1747926118.415253,0.33297911286354065
107,1747926124.5447123,0.18477892875671387
108,1747926131.915114,0.40391385555267334
109,1747926140.322548,0.29389816522598267
110,1747926143.7874734,0.2485087811946869
111,1747926150.9910178,0.2805516719818115
112,1747926156.6655622,0.2607421278953552
113,1747926162.0337195,0.5243825316429138
114,1747926168.8895075,0.31917425990104675
115,1747926177.9717457,0.3687989115715027
116,1747926179.1964538,0.13687901198863983
117,1747926263.233393,0.41447851061820984
118,1747926269.1189485,0.31025248765945435
119,1747926276.331452,0.2522478997707367
120,1747926284.5617862,0.21789614856243134
121,1747926293.596421,0.44908127188682556
122,1747926300.1866934,0.36346906423568726
123,1747926305.2342458,0.32415884733200073
124,1747926309.9861853,0.22614583373069763
125,1747926317.2026172,0.19530126452445984
126,1747926323.234225,0.28749626874923706
127,1747926327.2512991,0.20517683029174805
128,1747926331.1012912,0.40990233421325684
129,1747926336.9452322,0.2640453577041626
130,1747926342.0454235,0.36645838618278503
131,1747926346.7995398,0.198358416557312
132,1747926352.3543844,0.2601683735847473
133,1747926355.7741961,0.25902196764945984
134,1747926359.831535,0.23693065345287323
135,1747926366.4513266,0.30209577083587646
136,1747926372.564906,0.13741761445999146
137,1747926378.5774791,0.2657749354839325
138,1747926382.9014535,0.27010029554367065
139,1747926387.1591465,0.16372118890285492
140,1747926392.1985128,0.31977561116218567
141,1747926397.6413538,0.22332152724266052
142,1747926403.2504995,0.2459927648305893
143,1747926408.0009036,0.14165252447128296
144,1747926413.4983885,0.28240543603897095
145,1747926419.2623053,0.4709501266479492
146,1747926424.6450994,0.38406869769096375
147,1747926431.050435,0.4598531723022461
148,1747926435.809012,0.12878631055355072
149,1747926440.9418135,0.16746151447296143
150,1747926446.3583858,0.505410373210907
151,1747926451.8488088,0.19100967049598694
152,1747926458.6504023,0.18621507287025452
153,1747926464.5728009,0.23904931545257568
154,1747926470.254914,0.42457228899002075
155,1747926474.8473818,0.2549516558647156
156,1747926482.2595809,0.42734527587890625
157,1747926489.8865316,0.48471397161483765
158,1747926496.0807729,0.1503487527370453
159,1747926499.1046548,0.31940796971321106
160,1747926505.9567382,0.24609939754009247
161,1747926513.3416305,0.3803041875362396
162,1747926521.3259957,0.3758760392665863
163,1747926527.1768217,0.25548624992370605
164,1747926530.8458905,0.10901212692260742
165,1747926535.3870733,0.12430129945278168
166,1747926541.0604374,0.264801561832428
167,1747926546.3004634,0.18269726634025574
168,1747926552.3815117,0.34761178493499756
169,1747926557.5884628,0.5201072096824646
170,1747926563.0330274,0.3038738965988159
171,1747926567.4833982,0.2469138354063034
172,1747926573.0633187,0.10956095159053802
173,1747926579.0006063,0.25815296173095703
174,1747926586.1342552,0.05594312772154808
175,1747926592.1030607,0.16834096610546112
176,1747926598.2619085,0.13381803035736084
177,1747926603.4669218,0.20020882785320282
178,1747926610.246502,0.41981229186058044
179,1747926616.8767219,0.16401085257530212
180,1747926622.565259,0.1520145833492279
181,1747926627.388263,0.23486368358135223
182,1747926631.4635322,0.13404971361160278
183,1747926636.856383,0.26822513341903687
184,1747926641.8676026,0.0854293555021286
185,1747926647.7895114,0.2840590476989746
186,1747926653.2165318,0.19612857699394226
187,1747926660.630251,0.27495190501213074
188,1747926667.3640752,0.15595263242721558
189,1747926674.2125363,0.267120361328125
190,1747926680.1218655,0.15713070333003998
191,1747926686.0119586,0.3913517892360687
192,1747926693.4814088,0.46160778403282166
193,1747926699.3392086,0.2704789340496063
194,1747926703.3104877,0.703030526638031
195,1747926709.9754744,0.24463671445846558
196,1747926717.4862177,0.41283416748046875
197,1747926724.2836905,0.2268255203962326
198,1747926729.8724704,0.4065660834312439
199,1747926735.6300924,0.42483267188072205
200,1747926739.251006,0.25156641006469727
201,1747926745.1505542,0.2072250097990036
202,1747926750.1491563,0.17644624412059784
203,1747926755.1694791,0.3238872289657593
204,1747926758.7963939,0.08903514593839645
205,1747926765.3582864,0.21492856740951538
206,1747926769.777229,0.24699907004833221
207,1747926775.7542415,0.19052597880363464
208,1747926782.4699643,0.10559791326522827
209,1747926789.336173,0.07618165761232376
210,1747926794.3759735,0.21230195462703705
211,1747926798.3051577,0.16988061368465424
212,1747926802.6674256,0.20986227691173553
213,1747926808.745699,0.2905554175376892
214,1747926813.8602855,0.26110967993736267
215,1747926817.6146133,0.17501968145370483
216,1747926823.713918,0.16514484584331512
217,1747926829.32901,0.03737343102693558
218,1747926832.7731507,0.00646570697426796
219,1747926838.6057718,0.14410185813903809
220,1747926845.4648912,0.32092660665512085
221,1747926852.0798733,0.10145597159862518
222,1747926857.182675,0.1208718866109848
223,1747926863.9075515,0.1265055537223816
224,1747926871.0344062,0.6145333051681519
225,1747926876.2644434,0.10016166418790817
226,1747926883.0101695,0.14993056654930115
227,1747926889.8959093,0.19093284010887146
228,1747926894.7701993,0.22174422442913055
229,1747926902.2343361,0.15354320406913757
230,1747926909.0602953,0.14425067603588104
231,1747926918.3316464,0.4969500005245209
232,1747926919.659755,0.012296299450099468
233,1747927004.5430434,0.2031303346157074
234,1747927010.2489848,0.6854354739189148
235,1747927014.233924,0.20011785626411438
236,1747927020.120972,0.1950293630361557
237,1747927026.1598194,0.17778252065181732
238,1747927031.9721327,0.2621220052242279
239,1747927037.6344278,0.49792036414146423
240,1747927042.9543712,0.16886888444423676
241,1747927050.1986973,0.15579955279827118
242,1747927054.8273077,0.16655418276786804
243,1747927058.6535344,0.1005258783698082
244,1747927062.4975061,0.13175050914287567
245,1747927067.4154234,0.30077123641967773
246,1747927071.6671214,0.1924724280834198
247,1747927075.5776784,0.08758793771266937
248,1747927080.9436378,0.17510879039764404
249,1747927085.8621202,0.3250955045223236
250,1747927093.038938,0.11114822328090668
251,1747927097.0649858,0.2029516100883484
252,1747927104.186751,0.10954831540584564
253,1747927112.3980064,0.12056317925453186
254,1747927119.1281605,0.006420849822461605
255,1747927125.454967,0.36617931723594666
256,1747927131.0342667,0.01848454400897026
257,1747927137.56392,0.23164002597332
258,1747927141.1331172,0.2174752801656723
259,1747927148.5732682,0.346938818693161
260,1747927156.3923824,0.14054273068904877
261,1747927162.8530428,0.09880955517292023
262,1747927169.9462752,0.31352871656417847
263,1747927175.9880474,0.27440571784973145
264,1747927179.9241772,0.09217506647109985
265,1747927186.2732182,0.09642446041107178
266,1747927192.113928,0.022595830261707306
267,1747927198.1990676,0.06629419326782227
268,1747927203.5987012,0.1985263079404831
269,1747927208.0624804,0.5523731708526611
270,1747927212.8115041,0.0636790320277214
271,1747927218.0939858,0.06618697941303253
272,1747927224.0524082,0.1210046038031578
273,1747927230.239753,0.062255196273326874
274,1747927234.0470195,0.2968471646308899
275,1747927238.3547385,0.06749102473258972
276,1747927242.9262493,0.34107470512390137
277,1747927248.7953086,0.16876982152462006
278,1747927256.4689424,0.33752283453941345
279,1747927261.973471,0.27094823122024536
280,1747927266.6875987,0.12739546597003937
281,1747927272.094464,0.04736194759607315
282,1747927277.9497354,0.17670659720897675
283,1747927284.0622501,0.20178364217281342
284,1747927289.1237113,0.02002088539302349
285,1747927295.218405,0.41840362548828125
286,1747927302.1966069,0.18495634198188782
287,1747927308.0604646,0.2345796823501587
288,1747927312.833009,0.34453731775283813
289,1747927318.8668697,0.3049992322921753
290,1747927325.0865388,0.08258701860904694
291,1747927330.1018698,0.11204218864440918
292,1747927337.3382242,0.2646012008190155
293,1747927343.0222902,0.07630344480276108
294,1747927354.9232535,0.121507428586483
295,1747927358.240503,0.23244039714336395
296,1747927363.925986,0.21447861194610596
297,1747927367.988217,0.4617792069911957
298,1747927373.6234033,0.1246776431798935
299,1747927377.8720353,0.3406921327114105
300,1747927385.9257154,0.561820387840271
301,1747927390.6361988,0.1788076013326645
302,1747927396.5231519,0.10366128385066986
303,1747927402.7139635,0.22575324773788452
304,1747927408.0342574,0.15656813979148865
305,1747927414.346481,0.6911476850509644
306,1747927418.6457253,0.2537170350551605
307,1747927423.448006,0.19604182243347168
308,1747927430.240488,0.06951731443405151
309,1747927436.2740362,0.21322588622570038
310,1747927440.834256,0.2922206521034241
311,1747927446.6217017,0.3129125237464905
312,1747927453.2344167,0.18664078414440155
313,1747927456.6982522,0.17431408166885376
314,1747927462.235327,0.20967607200145721
315,1747927469.003998,0.17325899004936218
316,1747927476.7895043,0.43346166610717773
317,1747927481.6470394,0.14775507152080536
318,1747927486.265739,0.3085337281227112
319,1747927491.0885184,0.31571096181869507
320,1747927497.9532773,0.07248590886592865
321,1747927504.7637882,0.4451894164085388
322,1747927513.6841588,0.5057666301727295
323,1747927519.7046223,0.41536664962768555
324,1747927524.2341578,0.18904942274093628
325,1747927530.2497687,0.1613384187221527
326,1747927535.3328176,0.12994837760925293
327,1747927539.7342699,0.0696806013584137
328,1747927545.1055603,0.3194313645362854
329,1747927551.189284,0.24456676840782166
330,1747927556.8220615,0.19356587529182434
331,1747927564.4495082,0.09334897994995117
332,1747927570.8315978,0.48398226499557495
333,1747927575.2674668,0.0741887092590332
334,1747927580.0578222,0.3745112419128418
335,1747927586.1004188,0.11863409727811813
336,1747927591.265796,0.5777098536491394
337,1747927597.631218,0.12018442153930664
338,1747927606.042172,0.2119203507900238
339,1747927612.5487905,0.14723540842533112
340,1747927619.6121185,0.19905877113342285
341,1747927628.8481507,0.19800589978694916
342,1747927634.5213053,0.1483624279499054
343,1747927640.8711848,0.2818857729434967
344,1747927650.843417,0.1394246220588684
345,1747927658.7968442,0.343482106924057
346,1747927664.0362532,0.14975111186504364
347,1747927667.4292576,0.10772119462490082
348,1747927668.2132585,0.3471728563308716
349,1747927759.244702,0.31772381067276
350,1747927765.3688557,0.20995008945465088
351,1747927769.1947267,0.12790429592132568
352,1747927774.787569,0.06195314973592758
353,1747927780.0435987,0.06034645438194275
354,1747927784.5723953,0.12251456081867218
355,1747927792.9691427,0.23616614937782288
356,1747927796.5986896,0.17939531803131104
357,1747927801.718803,0.05541330203413963
358,1747927808.6683726,0.0804261565208435
359,1747927814.4829438,0.186007559299469
360,1747927820.9617145,0.04042021185159683
361,1747927827.1999247,0.04679105803370476
362,1747927831.0901406,0.01121722161769867
363,1747927834.7521157,0.10052066296339035
364,1747927840.3821714,0.2744952440261841
365,1747927845.1441264,0.18626010417938232
366,1747927850.7516007,0.10561441630125046
367,1747927855.3662615,0.13014304637908936
368,1747927860.0343115,0.250533789396286
369,1747927866.1739037,0.3358549475669861
370,1747927872.1508741,0.017483212053775787
371,1747927876.8606405,0.1690971553325653
372,1747927885.5795782,0.03482561931014061
373,1747927890.8615468,0.3615218997001648
374,1747927895.7515316,0.2199825644493103
375,1747927901.716199,0.09111285209655762
376,1747927906.5996344,0.3295310139656067
377,1747927911.120695,0.3115796744823456
378,1747927916.8516076,0.35483407974243164
379,1747927924.6592667,0.03243623673915863
380,1747927928.0209696,0.08814766258001328
381,1747927934.5424478,0.05660758912563324
382,1747927940.4772,0.1640286147594452
383,1747927945.5489066,0.09227737784385681
384,1747927951.0859652,0.016406020149588585
385,1747927956.1454022,0.16998299956321716
386,1747927962.4682155,0.0964851975440979
387,1747927968.826896,0.2612687945365906
388,1747927973.9208744,0.29799312353134155
389,1747927980.9291835,0.22289852797985077
390,1747927988.2343724,0.19101814925670624
391,1747927996.4895804,0.33245062828063965
392,1747928003.7580743,0.23660866916179657
393,1747928013.1503332,0.32910412549972534
394,1747928018.4342747,0.11721193790435791
395,1747928024.402368,0.16503697633743286
396,1747928029.0336003,0.20499908924102783
397,1747928034.6378798,0.17671772837638855
398,1747928042.0876997,0.3233414590358734
399,1747928048.0192637,0.1477188766002655
400,1747928055.9293013,0.15098203718662262
401,1747928062.8641272,0.3314020335674286
402,1747928068.5119252,0.22905096411705017
403,1747928074.4771128,0.1800607442855835
404,1747928077.7656798,0.15439271926879883
405,1747928083.4225955,0.18074539303779602
406,1747928088.206991,0.10070832073688507
407,1747928094.5614605,0.2304539680480957
408,1747928101.7176633,0.1707116663455963
409,1747928107.8019216,0.07327891886234283
410,1747928112.6661048,0.12195263803005219
411,1747928117.2582264,0.40277737379074097
412,1747928122.2365363,0.1403302550315857
413,1747928128.3180196,0.1744990050792694
414,1747928133.9487715,0.34693270921707153
415,1747928139.201813,0.1004585474729538
416,1747928143.792393,0.10815056413412094
417,1747928150.7323048,0.11940668523311615
418,1747928157.3736598,0.26686885952949524
419,1747928164.767484,0.08059467375278473
420,1747928172.2822773,0.14370982348918915
421,1747928180.573462,0.0949171632528305
422,1747928188.6607249,0.10852198302745819
423,1747928192.363571,0.060998495668172836
424,1747928197.4652386,0.1247972697019577
425,1747928203.0727758,0.1271672248840332
426,1747928209.236636,0.16057661175727844
427,1747928214.371,0.1628924012184143
428,1747928219.9769952,0.1357012242078781
429,1747928226.885768,0.1444622278213501
430,1747928232.5893307,0.028446994721889496
431,1747928235.7899528,0.011614593677222729
432,1747928241.3780997,0.0643719956278801
433,1747928246.1511939,0.1702403873205185
434,1747928251.4441557,0.42501533031463623
435,1747928256.3662703,0.02864808216691017
436,1747928263.6608214,0.4203093647956848
437,1747928269.5667417,0.15394935011863708
438,1747928274.3057199,0.15438392758369446
439,1747928283.377782,0.13994622230529785
440,1747928287.0465407,0.042789291590452194
441,1747928292.845163,0.11724629253149033
442,1747928297.4392176,0.13642561435699463
443,1747928302.0879743,0.11858206242322922
444,1747928307.862283,0.17818552255630493
445,1747928315.8644657,0.12248342484235764
446,1747928321.8201,0.20247523486614227
447,1747928326.0230386,0.10462936758995056
448,1747928331.5070794,0.3335331678390503
449,1747928337.1461468,0.2869000732898712
450,1747928344.852154,0.14669302105903625
451,1747928353.2482188,0.4069525897502899
452,1747928357.9447856,0.04715535044670105
453,1747928363.2778604,0.12291451543569565
454,1747928370.6478446,0.2130652368068695
455,1747928376.0072243,0.2170742005109787
456,1747928381.4965043,0.05754643306136131
457,1747928386.3401384,0.04962267726659775
458,1747928389.5271103,0.1103149875998497
459,1747928393.717084,0.1239742636680603
460,1747928399.3129044,0.15819692611694336
461,1747928405.3572793,0.10256388038396835
462,1747928413.5528224,0.35317564010620117
463,1747928418.088889,0.22956416010856628
464,1747928419.8323793,0.00986540224403143
465,1747928499.2576983,0.1400889754295349
466,1747928504.7346416,0.0397321879863739
467,1747928510.4627883,0.2344355285167694
468,1747928516.3202512,0.10154133290052414
469,1747928522.0496593,0.16671034693717957
470,1747928525.7486246,0.14515940845012665
471,1747928530.2919178,0.05470993369817734
472,1747928535.6571121,0.3232535719871521
473,1747928543.1701918,0.17717388272285461
474,1747928547.4892237,0.06711061298847198
475,1747928552.5090644,0.17454776167869568
476,1747928557.0394442,0.02899906039237976
477,1747928564.6697867,0.07054963707923889
478,1747928571.246045,0.1567956507205963
479,1747928577.6464007,0.37810251116752625
480,1747928582.1370203,0.06653077900409698
481,1747928587.4652853,0.3354121148586273
482,1747928593.8458402,0.15509754419326782
483,1747928598.1595376,0.23555505275726318
484,1747928605.1759043,0.08043765276670456
485,1747928609.5704832,0.17095479369163513
486,1747928614.0599957,0.08051248639822006
487,1747928618.4363286,0.0721188634634018
488,1747928624.7293007,0.07853978872299194
489,1747928630.506062,0.18658052384853363
490,1747928635.7338195,0.1097145825624466
491,1747928640.3623414,0.0693967193365097
492,1747928645.536591,0.12894615530967712
493,1747928651.3708546,0.902398943901062
494,1747928656.0705366,0.12133588641881943
495,1747928660.558578,0.43772268295288086
496,1747928666.216669,0.1731954663991928
497,1747928670.964426,0.23854920268058777
498,1747928679.7502303,0.10639774799346924
499,1747928687.7165155,0.12719349563121796
500,1747928694.0810194,0.10890835523605347
501,1747928701.6445656,0.27043843269348145
502,1747928707.249649,0.22837203741073608
503,1747928711.6428077,0.15189728140830994
504,1747928719.6879518,0.11994196474552155
505,1747928724.2610028,0.010454980656504631
506,1747928731.0652993,0.06590801477432251
507,1747928736.376468,0.012184130027890205
508,1747928743.633355,0.07526373118162155
509,1747928749.9305441,0.08318442851305008
510,1747928755.8511877,0.29082703590393066
511,1747928760.4625266,0.09669466316699982
512,1747928768.041656,0.16295723617076874
513,1747928773.7404828,0.046049606055021286
514,1747928778.0456002,0.23917846381664276
515,1747928783.601488,0.1344345510005951
516,1747928790.208745,0.34656912088394165
517,1747928797.933257,0.18472926318645477
518,1747928805.9575872,0.6089321970939636
519,1747928810.4495249,0.01034940592944622
520,1747928816.655394,0.01462789997458458
521,1747928823.338865,0.16886338591575623
522,1747928832.9399283,0.276502788066864
523,1747928839.0260277,0.1824977844953537
524,1747928845.2473764,0.11573918163776398
525,1747928848.964134,0.24628600478172302
526,1747928852.8488467,0.21991869807243347
527,1747928858.827169,0.020048055797815323
528,1747928865.660379,0.11809121817350388
529,1747928871.8342626,0.07598745822906494
530,1747928879.6579568,0.4555082321166992
531,1747928884.3023958,0.011089198291301727
532,1747928889.654716,0.15778011083602905
533,1747928894.215948,0.38662537932395935
534,1747928898.8753293,0.2734043002128601
535,1747928904.2796721,0.15321344137191772
536,1747928909.4014904,0.05785194784402847
537,1747928917.4853463,0.10950913280248642
538,1747928923.579187,0.13639095425605774
539,1747928927.9316185,0.4169626235961914
540,1747928933.518145,0.11981207132339478
541,1747928939.5665367,0.099434994161129
542,1747928944.3770692,0.043726008385419846
543,1747928948.8608358,0.1942044496536255
544,1747928955.734286,0.1575482040643692
545,1747928960.1335135,0.0418136864900589
546,1747928966.134059,0.21392564475536346
547,1747928972.8723602,0.14991770684719086
548,1747928980.8860083,0.17867553234100342
549,1747928986.7505097,0.12966006994247437
550,1747928991.0655556,0.03170427307486534
551,1747928996.0153942,0.03653358295559883
552,1747929002.2171686,0.03060576319694519
553,1747929009.3745246,0.20006601512432098
554,1747929016.219421,0.04655564948916435
555,1747929022.090571,0.23617058992385864
556,1747929028.3238492,0.22254455089569092
557,1747929035.3110404,0.2617745101451874
558,1747929040.797711,0.20102636516094208
559,1747929045.758253,0.4080888628959656
560,1747929050.4460611,0.3781079947948456
561,1747929056.0202518,0.16222350299358368
562,1747929061.0894237,0.5881137847900391
563,1747929067.4342315,0.3758930563926697
564,1747929073.9542756,0.11658095568418503
565,1747929078.2455485,0.22672969102859497
566,1747929083.411497,0.1288885921239853
567,1747929089.7930155,0.22370728850364685
568,1747929095.2443826,0.5862445831298828
569,1747929099.8487053,0.26306819915771484
570,1747929106.47467,0.23987433314323425
571,1747929114.0716336,0.06213633343577385
572,1747929119.3348482,0.4555278420448303
573,1747929124.3675458,0.042956240475177765
574,1747929128.7937427,0.3806180953979492
575,1747929133.3342435,0.03563985973596573
576,1747929138.906921,0.05989770591259003
577,1747929145.6214983,0.47352737188339233
578,1747929152.2311492,0.19696496427059174
579,1747929158.5181475,0.153676375746727
580,1747929159.9431877,0.035433173179626465
581,1747929238.959345,0.19893679022789001
582,1747929245.1355517,0.26055634021759033
583,1747929252.8701394,0.20867133140563965
584,1747929259.152856,0.06871706247329712
585,1747929263.0600784,0.08931802958250046
586,1747929266.706508,0.08417999744415283
587,1747929276.511445,0.1277066320180893
588,1747929284.1404762,0.21347051858901978
589,1747929289.3524017,0.07597517222166061
590,1747929293.710821,0.040573328733444214
591,1747929299.6671007,0.04638425633311272
592,1747929306.0253625,0.305751234292984
593,1747929310.0342393,0.07936468720436096
594,1747929314.5311353,0.0015337427612394094
595,1747929321.2559679,0.19817809760570526
596,1747929327.8360782,0.06359580904245377
597,1747929334.9897232,0.05290565639734268
598,1747929339.0891216,0.19514375925064087
599,1747929343.7484393,0.17876189947128296
600,1747929349.268415,0.10267918556928635
601,1747929353.6363049,0.07576273381710052
602,1747929361.0199797,0.16844859719276428
603,1747929367.832838,0.3909378945827484
604,1747929372.240577,0.10908638685941696
605,1747929375.4516447,0.4017920196056366
606,1747929381.9492044,0.13349202275276184
607,1747929389.3774793,0.13272641599178314
608,1747929396.9883347,0.15141287446022034
609,1747929403.5158277,0.08647690713405609
610,1747929409.5952208,0.24313966929912567
611,1747929415.9657674,0.09589137881994247
612,1747929422.3814378,0.05397680401802063
613,1747929427.3502634,0.19270059466362
614,1747929433.1594791,0.2804020047187805
615,1747929442.1855662,0.2272939532995224
616,1747929448.2950854,0.09280853718519211
617,1747929454.8872178,0.1531423181295395
618,1747929458.9165983,0.33796367049217224
619,1747929464.538457,0.19989268481731415
620,1747929470.7555676,0.0909685418009758
621,1747929477.660289,0.2260977029800415
622,1747929486.2331176,0.16441957652568817
623,1747929492.536001,0.12502291798591614
624,1747929498.2784448,0.25278812646865845
625,1747929504.4693902,0.0229824036359787
626,1747929508.842505,0.15066216886043549
627,1747929513.5991826,0.17434129118919373
628,1747929521.7596085,0.16882404685020447
629,1747929526.6495101,0.09863686561584473
630,1747929531.309339,0.1846531629562378
631,1747929536.1378577,0.1641893982887268
632,1747929539.7923338,0.03280632570385933
633,1747929544.7758315,0.11507025361061096
634,1747929548.3447864,0.2681869864463806
635,1747929555.377321,0.7882649302482605
636,1747929563.0176296,0.18838399648666382
637,1747929569.4476445,0.015530499629676342
638,1747929575.5051155,0.2979186475276947
639,1747929580.9291425,0.09508419036865234
640,1747929589.2037337,0.1478714942932129
641,1747929596.382625,0.2218296229839325
642,1747929601.7065227,0.12336608022451401
643,1747929608.8665597,0.23208123445510864
644,1747929615.4597516,0.1845647394657135
645,1747929619.9814756,0.1022496148943901
646,1747929624.7938263,0.14007629454135895
647,1747929630.8456788,0.08531665056943893
648,1747929635.2342517,0.02124955877661705
649,1747929641.440028,0.1281815767288208
650,1747929646.4102514,0.15674935281276703
651,1747929653.5222435,0.283216655254364
652,1747929660.0010948,0.3124176263809204
653,1747929664.8174698,0.20161014795303345
654,1747929670.4186666,0.29483962059020996
655,1747929675.3659136,0.10845359414815903
656,1747929680.7349346,0.022638574242591858
657,1747929685.8783689,0.14787320792675018
658,1747929693.3721225,0.17328456044197083
659,1747929701.5301955,0.34061476588249207
660,1747929707.551199,0.09720727801322937
661,1747929713.6935093,0.08787360042333603
662,1747929721.7042048,0.08131081610918045
663,1747929728.028209,0.2921677827835083
664,1747929734.2179074,0.04303149878978729
665,1747929740.4272182,0.29084500670433044
666,1747929745.829799,0.06816940009593964
667,1747929750.9410603,0.021943919360637665
668,1747929759.7016323,0.15504740178585052
669,1747929765.6450844,0.16323834657669067
670,1747929769.0776236,0.008301550522446632
671,1747929774.6382957,0.07624848186969757
672,1747929780.1681042,0.0011597962584346533
673,1747929787.6096554,0.4302050769329071
674,1747929794.375936,0.050753869116306305
675,1747929800.2138264,0.002202110830694437
676,1747929805.14741,0.16916823387145996
677,1747929812.7097716,0.12951576709747314
678,1747929817.6904402,0.28991490602493286
679,1747929823.357387,0.3177028000354767
680,1747929830.7907507,0.14387020468711853
681,1747929837.18334,0.17594508826732635
682,1747929841.186815,0.14951488375663757
683,1747929846.399307,0.22063806653022766
684,1747929851.9803634,0.11381550878286362
685,1747929856.726405,0.23536185920238495
686,1747929863.3792508,0.07867775857448578
687,1747929868.048344,0.06736794114112854
688,1747929872.991234,0.41050779819488525
689,1747929878.4032545,0.12474054098129272
690,1747929886.4033632,0.29662013053894043
691,1747929895.2332613,0.2983035445213318
692,1747929900.5368414,0.2348937690258026
693,1747929905.8638942,0.1616394817829132
694,1747929909.0459156,0.08577382564544678
695,1747929916.2790759,0.05013883858919144
696,1747929917.452937,0.06436082720756531
697,1747929998.6017003,0.10887020081281662
698,1747930003.877295,0.05360949784517288
699,1747930010.326434,0.16680294275283813
700,1747930016.8186178,0.25772547721862793
701,1747930023.291157,0.07061558216810226
702,1747930031.1618333,0.1532113403081894
703,1747930038.3623898,0.08900680392980576
704,1747930043.0343504,0.007600966840982437
705,1747930047.2678747,0.3457340598106384
706,1747930051.6549716,0.2893156409263611
707,1747930057.7293572,0.09716007113456726
708,1747930065.0407884,0.03638627007603645
709,1747930072.7476132,0.11720192432403564
710,1747930077.1564147,0.12637342512607574
711,1747930081.690174,0.04457631707191467
712,1747930084.8154788,0.17604713141918182
713,1747930091.330956,0.13579881191253662
714,1747930095.5062113,0.3007861077785492
715,1747930100.529173,0.1071997806429863
716,1747930107.8405516,0.3301966190338135
717,1747930113.1761801,0.22440385818481445
718,1747930117.471484,0.09643907845020294
719,1747930121.9842012,0.06786133348941803
720,1747930127.6908805,0.08385120332241058
721,1747930131.661381,0.1636579930782318
722,1747930137.2740142,0.051547255367040634
723,1747930142.9589427,0.1804177165031433
724,1747930148.5634801,0.3373792767524719
725,1747930154.1703563,0.117335245013237
726,1747930160.246574,0.1112460196018219
727,1747930165.2792242,0.2733343243598938
728,1747930170.247545,0.19212839007377625
729,1747930175.7799935,0.33577388525009155
730,1747930182.1194596,0.05228058621287346
731,1747930187.9260864,0.20810431241989136
732,1747930197.163704,0.26775509119033813
733,1747930203.516413,0.07894282788038254
734,1747930209.0400562,0.1749078929424286
735,1747930213.9778886,0.05605307221412659
736,1747930219.443404,0.3473922610282898
737,1747930225.4110236,0.04779268056154251
738,1747930231.540438,0.20991627871990204
739,1747930236.9616108,0.14687220752239227
740,1747930244.2552228,0.05494815111160278
741,1747930252.134308,0.048237379640340805
742,1747930256.6463037,0.14925086498260498
743,1747930261.6534235,0.03705766797065735
744,1747930268.5883396,0.21282395720481873
745,1747930275.456499,0.3012932538986206
746,1747930281.3903267,0.09360664337873459
747,1747930288.8828151,0.14755627512931824
748,1747930295.543586,0.22182977199554443
749,1747930300.9657888,0.07135486602783203
750,1747930305.285448,0.08201925456523895
751,1747930313.6801014,0.015526514500379562
752,1747930318.4910545,0.08898919820785522
753,1747930324.0236678,0.17397794127464294
754,1747930327.787438,0.22410714626312256
755,1747930333.1776276,0.012131787836551666
756,1747930340.0802557,0.22497212886810303
757,1747930345.130468,0.10683849453926086
758,1747930350.795423,0.021789103746414185
759,1747930356.6321824,0.23454350233078003
760,1747930361.334241,0.2848508358001709
761,1747930365.4669902,0.08581815659999847
762,1747930372.3458602,0.0405392050743103
763,1747930377.976815,0.1409246027469635
764,1747930383.5460832,0.031201204285025597
765,1747930388.5934346,0.026004549115896225
766,1747930394.375339,0.05507369339466095
767,1747930398.856002,0.02050057426095009
768,1747930402.2583027,0.10014860332012177
769,1747930407.752779,0.18842101097106934
770,1747930414.734264,0.03282420337200165
771,1747930421.0843647,0.10429184883832932
772,1747930428.3253846,0.16287197172641754
773,1747930434.161535,0.015935810282826424
774,1747930438.8663924,0.30256202816963196
775,1747930444.5072768,0.10598360002040863
776,1747930451.0119832,0.5474953651428223
777,1747930455.0170918,0.09392040967941284
778,1747930462.1340578,0.0829850435256958
779,1747930465.6632447,0.13520878553390503
780,1747930472.3820107,0.14925214648246765
781,1747930478.4364157,0.17222601175308228
782,1747930483.7725387,0.1261785924434662
783,1747930489.7777746,0.037728093564510345
784,1747930495.2281058,0.04864782094955444
785,1747930504.1342766,0.29876184463500977
786,1747930512.037419,0.07635136693716049
787,1747930517.9639277,0.04069850966334343
788,1747930524.0660124,0.28937971591949463
789,1747930531.099164,0.17876873910427094
790,1747930535.3672602,0.016569005325436592
791,1747930540.4342306,0.06148028373718262
792,1747930546.0121787,0.1275596022605896
793,1747930550.4982204,0.09082597494125366
794,1747930557.789933,0.13902826607227325
795,1747930563.9534352,0.02936919778585434
796,1747930570.5439117,0.12116887420415878
797,1747930575.807704,0.06845661997795105
798,1747930582.8797863,0.008115613833069801
799,1747930589.3927915,0.004150529857724905
800,1747930594.7433343,0.6420248746871948
801,1747930601.6716254,0.24516081809997559
802,1747930606.4175315,0.20384004712104797
803,1747930611.2463915,0.5167925953865051
804,1747930615.6130338,0.6493679285049438
805,1747930620.6876168,0.2704598903656006
806,1747930626.3815253,0.1360558569431305
807,1747930631.9246645,0.10562094300985336
808,1747930637.3976579,0.19651584327220917
809,1747930645.2785566,0.13116052746772766
810,1747930649.2250519,0.12019117176532745
811,1747930656.2654362,0.6439360976219177
812,1747930658.1740117,0.2738962173461914
813,1747930741.252618,0.1039811372756958
814,1747930745.3342884,0.2501358985900879
815,1747930750.239685,0.20039474964141846
816,1747930755.5390782,0.21827924251556396
817,1747930760.1399739,0.1567188799381256
818,1747930764.3742316,0.2383180558681488
819,1747930771.2904992,0.19309967756271362
820,1747930776.972739,0.04139549657702446
821,1747930783.4821382,0.0883919894695282
822,1747930791.1506445,0.22370994091033936
823,1747930797.0132818,0.17652982473373413
824,1747930804.1424565,0.12466911971569061
825,1747930811.844029,0.28519177436828613
826,1747930816.8919632,0.11522900313138962
827,1747930823.3247545,0.38455259799957275
828,1747930827.851412,0.031353726983070374
829,1747930833.1420789,0.19085054099559784
830,1747930839.7088962,0.1391526460647583
831,1747930844.879271,0.048513710498809814
832,1747930851.2824035,0.12326990813016891
833,1747930858.240748,0.10331468284130096
834,1747930864.8148096,0.028041046112775803
835,1747930868.1060364,0.021940112113952637
836,1747930873.3639052,0.06770527362823486
837,1747930880.4486969,0.09949585050344467
838,1747930888.8282201,0.1493643820285797
839,1747930896.1600914,0.16388463973999023
840,1747930901.2499402,0.04703613743185997
841,1747930908.0045717,0.5210699439048767
842,1747930912.3804488,0.4785977005958557
843,1747930917.2881172,0.05177886411547661
844,1747930924.3762908,0.0734165608882904
845,1747930930.008381,0.2823842763900757
846,1747930935.4337134,0.03968643769621849
847,1747930940.9347966,0.09425684809684753
848,1747930947.9318001,0.13010631501674652
849,1747930953.0849586,0.26463186740875244
850,1747930961.5674415,0.028168465942144394
851,1747930965.4802136,0.530798077583313
852,1747930970.0138857,0.358639657497406
853,1747930976.7571259,0.38905927538871765
854,1747930982.1585956,0.18642470240592957
855,1747930988.6707585,0.27331534028053284
856,1747930992.1355462,0.20634518563747406
857,1747930998.8140683,0.33378350734710693
858,1747931005.3550947,0.23597288131713867
859,1747931012.1224802,0.0570499524474144
860,1747931015.9107623,0.26669782400131226
861,1747931021.4636307,0.3724042773246765
862,1747931028.8300922,0.19623708724975586
863,1747931034.2998903,0.16919556260108948
864,1747931040.2977805,0.22902855277061462
865,1747931047.4316418,0.17586438357830048
866,1747931051.4588761,0.05737462639808655
867,1747931057.7824385,0.10185556858778
868,1747931062.1759777,0.03793573006987572
869,1747931068.2923083,0.03782166540622711
870,1747931075.8621545,0.4437178075313568
871,1747931080.6991603,0.04685978591442108
872,1747931088.5275004,0.15334995090961456
873,1747931093.0518749,0.09370356798171997
874,1747931098.2934966,0.006867703050374985
875,1747931104.0748692,0.1527664214372635
876,1747931110.0058773,0.06525065749883652
877,1747931115.2317746,0.1252705156803131
878,1747931121.801941,0.07331793010234833
879,1747931125.5427046,0.026449834927916527
880,1747931130.555803,0.1852179765701294
881,1747931136.5586271,0.598809003829956
882,1747931142.9582307,0.12416531145572662
883,1747931148.8133097,0.12329797446727753
884,1747931153.6991818,0.0058602988719940186
885,1747931158.483897,0.29707902669906616
886,1747931163.8933396,0.3197702169418335
887,1747931169.2232873,0.0480552613735199
888,1747931174.700388,0.04350908845663071
889,1747931180.988421,0.13874134421348572
890,1747931186.0116694,0.1667284369468689
891,1747931192.3367882,0.2020917385816574
892,1747931197.3470645,0.08373674005270004
893,1747931203.8389916,0.053768567740917206
894,1747931210.985116,0.09603982418775558
895,1747931217.6900947,0.07983735203742981
896,1747931222.5397537,0.2948097586631775
897,1747931226.744665,0.014062881469726562
898,1747931232.7076259,0.23586001992225647
899,1747931238.5049255,0.06931685656309128
900,1747931245.6799579,0.22847652435302734
901,1747931252.5337648,0.23134206235408783
902,1747931261.7643018,0.09572136402130127
903,1747931266.2072444,0.5165109634399414
904,1747931273.8017802,0.312402606010437
905,1747931278.634302,0.015568582341074944
906,1747931282.8944917,0.1497453898191452
907,1747931286.9519246,0.05560172721743584
908,1747931293.8621342,0.13923534750938416
909,1747931300.5400817,0.20414918661117554
910,1747931305.556213,0.09492173790931702
911,1747931310.1092708,0.2159520834684372
912,1747931315.9328706,0.07048200815916061
913,1747931321.2601373,0.060017526149749756
914,1747931329.2818313,0.05802898108959198
915,1747931333.688464,0.134545236825943
916,1747931337.349847,0.02806546539068222
917,1747931342.793244,0.015457252971827984
918,1747931348.571893,0.027221491560339928
919,1747931354.2345154,0.006950528360903263
920,1747931361.264457,0.0732668936252594
921,1747931368.1508489,0.22323843836784363
922,1747931373.850381,0.23938044905662537
923,1747931381.229933,0.013543493114411831
924,1747931388.8638215,0.17270080745220184
925,1747931394.1745958,0.12066157907247543
926,1747931403.2730098,0.0628686174750328
927,1747931409.4470482,0.011250371113419533
928,1747931410.9262428,0.011044677346944809
929,1747931494.5521798,0.02393379621207714
930,1747931499.9019935,0.0153865497559309
931,1747931505.5955122,0.2648623585700989
932,1747931507.983356,0.015530858188867569
933,1747931513.5251884,0.00769857969135046
934,1747931520.418707,0.15042272210121155
935,1747931525.9356732,0.05417022109031677
936,1747931531.0379574,0.10769146680831909
937,1747931534.811435,0.008976549841463566
938,1747931540.749096,0.04872865229845047
939,1747931546.8851385,0.00882110744714737
940,1747931552.2572246,0.9852895140647888
941,1747931556.2136338,0.08733083307743073
942,1747931560.944632,0.5626164674758911
943,1747931567.8585193,0.0955737978219986
944,1747931574.0996737,1.4876532554626465
945,1747931578.5419235,0.46915945410728455
946,1747931583.8708303,0.3364001512527466
947,1747931589.7346272,0.4318696856498718
948,1747931597.3103426,0.37710005044937134
949,1747931602.3831697,0.3357684016227722
950,1747931608.6136374,0.33533644676208496
951,1747931614.536639,0.37922823429107666
952,1747931620.9643052,0.16519564390182495
953,1747931628.7204895,0.32353514432907104
954,1747931633.3021233,0.253726065158844
955,1747931638.2223203,0.3164340853691101
956,1747931643.1526139,0.37278813123703003
957,1747931647.6152456,0.3429834842681885
958,1747931652.4043686,0.33395081758499146
959,1747931656.577324,0.3517051637172699
960,1747931660.992522,0.14255790412425995
961,1747931666.8095682,0.2818093001842499
962,1747931673.3310812,0.2258501499891281
963,1747931681.469947,0.1735774725675583
964,1747931686.5867116,0.1488286554813385
965,1747931690.49597,0.12486535310745239
966,1747931697.8088276,0.10612215101718903
967,1747931705.7860956,0.26283952593803406
968,1747931711.3363748,0.08720052242279053
969,1747931716.1342986,0.33474859595298767
970,1747931720.3307328,0.16654309630393982
971,1747931724.4825637,0.07287684082984924
972,1747931729.2635489,0.09454457461833954
973,1747931737.9103348,0.2657291889190674
974,1747931744.894844,0.05094324052333832
975,1747931750.5385818,0.049602191895246506
976,1747931755.2336063,0.07038618624210358
977,1747931761.510034,0.15300101041793823
978,1747931766.9936144,0.07221750915050507
979,1747931772.8947525,0.1510889232158661
980,1747931777.093102,0.0531114861369133
981,1747931782.79706,0.021726643666625023
982,1747931789.3075266,0.27884823083877563
983,1747931792.749254,0.04372888058423996
984,1747931799.7157028,0.07058275490999222
985,1747931807.363792,0.18406014144420624
986,1747931813.6114202,0.09895724058151245
987,1747931816.737467,0.1044750064611435
988,1747931821.4683328,0.09151147305965424
989,1747931826.4638264,0.0059352717362344265
990,1747931832.4031394,0.3268473744392395
991,1747931837.64669,0.027269423007965088
992,1747931843.0052114,0.005132138729095459
993,1747931851.500173,0.11385999619960785
994,1747931857.7828422,0.25191614031791687
995,1747931863.737363,0.3717852234840393
996,1747931871.5359368,0.030179645866155624
997,1747931879.1711323,0.04309424012899399
998,1747931884.2293766,0.1021423190832138
999,1747931892.0307224,0.052154071629047394
1000,1747931899.4411414,0.39044755697250366
1001,1747931907.349136,0.4197086691856384
1002,1747931914.6127412,0.1591109037399292
1003,1747931922.0463705,0.12275191396474838
1004,1747931925.9394963,0.4982451796531677
1005,1747931930.0310009,0.1472308337688446
1006,1747931937.0736399,0.6288548707962036
1007,1747931944.867694,0.18732112646102905
1008,1747931954.2550046,0.17463064193725586
1009,1747931962.2669454,0.04193311184644699
1010,1747931967.7041273,0.10931861400604248
1011,1747931973.1492214,0.1555728316307068
1012,1747931979.1249497,0.34602034091949463
1013,1747931984.9331517,0.5893476605415344
1014,1747931991.957523,0.19718259572982788
1015,1747931996.309014,0.07620903849601746
1016,1747932000.486608,0.09550005197525024
1017,1747932004.766856,0.2563357949256897
1018,1747932010.8382146,0.1904873251914978
1019,1747932019.6289315,0.40163183212280273
1020,1747932023.6150684,0.16777139902114868
1021,1747932027.7921019,0.10203268378973007
1022,1747932033.7178493,0.1436801552772522
1023,1747932039.1498234,0.2748500108718872
1024,1747932043.492582,0.1537112444639206
1025,1747932049.7934124,0.15017275512218475
1026,1747932057.1548333,0.09188368171453476
1027,1747932064.3562493,0.376661479473114
1028,1747932070.3468592,0.08994840830564499
1029,1747932078.130974,0.13484033942222595
1030,1747932083.5540018,0.18497180938720703
1031,1747932088.1473496,0.18094807863235474
1032,1747932094.0013692,0.13568133115768433
1033,1747932097.5626197,0.14032146334648132
1034,1747932104.5034428,0.10708032548427582
1035,1747932112.7396402,0.047462232410907745
1036,1747932117.825629,0.17407600581645966
1037,1747932126.1213837,0.7710937261581421
1038,1747932130.9939144,0.21339577436447144
1039,1747932138.1506307,0.18623793125152588
1040,1747932144.9885893,0.1079118475317955
1041,1747932150.4342551,0.196125328540802
1042,1747932156.1834645,0.13525637984275818
1043,1747932161.8926055,0.11428703367710114
1044,1747932163.08184,0.03065812960267067
1045,1747932243.9388907,0.10669386386871338
1046,1747932249.597937,0.09925101697444916
1047,1747932254.0445478,0.16080233454704285
1048,1747932260.6313913,0.10328110307455063
1049,1747932270.330285,0.3130590617656708
1050,1747932274.97242,0.036433883011341095
1051,1747932280.5210545,0.009555930271744728
1052,1747932285.8583345,0.16845059394836426
1053,1747932291.0282557,0.26069140434265137
1054,1747932296.7426186,0.10720573365688324
1055,1747932302.8564873,0.11026933044195175
1056,1747932308.2612398,0.09706291556358337
1057,1747932313.6652706,0.11093434691429138
1058,1747932318.4598005,0.0909765362739563
1059,1747932323.4790595,0.08132201433181763
1060,1747932329.6095862,0.11746903508901596
1061,1747932335.4796138,0.03463771939277649
1062,1747932340.8640363,0.048741620033979416
1063,1747932348.0022693,0.174026221036911
1064,1747932352.245593,0.19500252604484558
1065,1747932357.699667,0.10994571447372437
1066,1747932362.4120626,0.11001323163509369
1067,1747932370.3769264,0.11352302879095078
1068,1747932374.6604831,0.21044671535491943
1069,1747932379.564155,0.00879807397723198
1070,1747932385.6454334,0.14151272177696228
1071,1747932391.062735,0.10281500220298767
1072,1747932396.5814722,0.07236872613430023
1073,1747932402.139247,0.1390758603811264
1074,1747932407.2963495,0.07450934499502182
1075,1747932413.998174,0.12280561774969101
1076,1747932421.1130238,0.20151451230049133
1077,1747932428.9688277,0.05012225732207298
1078,1747932435.6174579,0.08028334379196167
1079,1747932440.645497,0.545795202255249
1080,1747932445.7038636,0.13387726247310638
1081,1747932452.2156994,0.1495601236820221
1082,1747932457.761995,0.10310053080320358
1083,1747932465.8277082,0.07814730703830719
1084,1747932471.822982,0.13307008147239685
1085,1747932477.082505,0.016998087987303734
1086,1747932485.0913377,0.41065508127212524
1087,1747932490.287119,0.1085725724697113
1088,1747932497.3729603,0.16211533546447754
1089,1747932505.7544634,0.40440070629119873
1090,1747932511.024596,0.16795116662979126
1091,1747932517.254424,0.019853373989462852
1092,1747932522.710072,0.26570233702659607
1093,1747932528.4734871,0.01659822277724743
1094,1747932534.7350094,0.10107284039258957
1095,1747932539.3440218,0.16519609093666077
1096,1747932546.066698,0.16982603073120117
1097,1747932550.7775137,0.3227841556072235
1098,1747932557.636843,0.07088622450828552
1099,1747932563.6471002,0.27500542998313904
1100,1747932569.0693939,0.08780457079410553
1101,1747932575.737607,0.10895585268735886
1102,1747932582.881093,0.20356528460979462
1103,1747932590.5666256,0.1151086688041687
1104,1747932594.47124,0.04036695137619972
1105,1747932600.2955718,0.1874462068080902
1106,1747932607.555796,0.017895366996526718
1107,1747932611.605388,0.03812624514102936
1108,1747932618.2022004,0.07667890191078186
1109,1747932625.262653,0.04005260765552521
1110,1747932629.1552372,0.048620086163282394
1111,1747932632.399238,0.01470445841550827
1112,1747932638.6269,0.18600773811340332
1113,1747932643.4561355,0.09846647083759308
1114,1747932651.9950938,0.008092142641544342
1115,1747932659.5303776,0.6924583911895752
1116,1747932664.8381279,0.0250326506793499
1117,1747932670.2587671,0.19421349465847015
1118,1747932674.9144108,0.11429183185100555
1119,1747932682.0563667,0.18244843184947968
1120,1747932686.183902,0.01144818402826786
1121,1747932692.492325,0.033822596073150635
1122,1747932696.072091,0.18298672139644623
1123,1747932702.4840167,0.10206242650747299
1124,1747932709.9887311,0.2949373126029968
1125,1747932716.1342204,0.20749607682228088
1126,1747932723.6272786,0.29368993639945984
1127,1747932728.860827,0.1963805854320526
1128,1747932733.1038008,0.1752747744321823
1129,1747932737.54086,0.22407829761505127
1130,1747932743.6565716,0.24564209580421448
1131,1747932749.1549833,0.27593499422073364
1132,1747932755.5840178,0.0708208754658699
1133,1747932761.262792,0.1018393263220787
1134,1747932768.8152506,0.10227589309215546
1135,1747932772.9813983,0.2737034559249878
1136,1747932779.9615583,0.1147036999464035
1137,1747932787.3584175,0.13753293454647064
1138,1747932794.6572,0.16935178637504578
1139,1747932800.8124611,0.11378280818462372
1140,1747932805.870266,0.09846260398626328
1141,1747932811.7728734,0.10480134189128876
1142,1747932817.0645247,0.14359775185585022
1143,1747932823.2313483,0.16869579255580902
1144,1747932828.9648778,0.09299877285957336
1145,1747932834.0989308,0.054814662784338
1146,1747932839.2729058,0.08354991674423218
1147,1747932845.1343594,0.18099139630794525
1148,1747932851.5840228,0.012312325648963451
1149,1747932855.7852378,0.008060143329203129
1150,1747932861.537166,0.2098293900489807
1151,1747932866.83494,0.26529231667518616
1152,1747932872.8180149,0.5181530714035034
1153,1747932879.5120993,0.05290338397026062
1154,1747932884.863429,0.02556580677628517
1155,1747932889.2699544,0.06752637028694153
1156,1747932895.1267455,0.21064738929271698
1157,1747932900.4342237,0.18574927747249603
1158,1747932905.2948394,0.1431703269481659
1159,1747932909.4700994,0.20563183724880219
1160,1747932911.4407773,0.10714703798294067
1161,1747932994.1483786,0.040755465626716614
1162,1747933000.0781357,0.055521219968795776
1163,1747933004.9955888,0.010907523334026337
1164,1747933010.2944427,0.05454274266958237
1165,1747933019.1014853,0.36721205711364746
1166,1747933028.2169142,0.18011318147182465
1167,1747933033.6551855,0.06895805895328522
1168,1747933037.600001,0.02432391047477722
1169,1747933043.9955773,0.2719314396381378
1170,1747933048.1065238,0.06797042489051819
1171,1747933054.6858633,0.05928429588675499
1172,1747933059.1707022,0.036333926022052765
1173,1747933063.1504247,0.04892469570040703
1174,1747933068.9572134,0.02600374072790146
1175,1747933074.2039979,0.016450829803943634
1176,1747933081.256929,0.012115328572690487
1177,1747933087.587702,0.004092738498002291
1178,1747933093.847844,0.10381369292736053
1179,1747933101.4652808,0.13445517420768738
1180,1747933107.197695,0.18058423697948456
1181,1747933113.7164118,0.09140502661466599
1182,1747933120.3542864,0.1459348201751709
1183,1747933125.0568638,0.009004594758152962
1184,1747933131.3299763,0.06745097041130066
1185,1747933138.4506128,0.1072968989610672
1186,1747933145.4975317,0.24088355898857117
1187,1747933151.8939373,0.07586489617824554
1188,1747933160.9371948,0.2267223596572876
1189,1747933169.2443533,0.035213954746723175
1190,1747933173.791244,0.33802303671836853
1191,1747933181.299135,0.02327532134950161
1192,1747933187.6924412,0.34556493163108826
1193,1747933195.412247,0.13734623789787292
1194,1747933200.1666012,0.2675112783908844
1195,1747933205.657209,0.006193452514708042
1196,1747933210.2985232,0.004837241023778915
1197,1747933217.4300818,0.021598760038614273
1198,1747933223.1735463,0.19046835601329803
1199,1747933228.985952,0.37991756200790405
1200,1747933234.163121,0.025540491566061974
1201,1747933239.1977308,0.19259026646614075
1202,1747933245.2830334,0.07903499901294708
1203,1747933251.0074084,0.020138680934906006
1204,1747933254.6770349,0.20118096470832825
1205,1747933260.2978303,0.34551116824150085
1206,1747933265.3672185,0.42421501874923706
1207,1747933270.2154276,0.15664786100387573
1208,1747933274.9204104,0.22090058028697968
1209,1747933280.9593701,0.13982637226581573
1210,1747933287.6132324,0.23414067924022675
1211,1747933293.3283608,0.31775403022766113
1212,1747933300.2853951,0.04697505757212639
1213,1747933306.46546,0.11354762315750122
1214,1747933313.504951,0.10470458120107651
1215,1747933320.276331,0.2722611129283905
1216,1747933325.750855,0.24094003438949585
1217,1747933331.2169552,0.22099465131759644
1218,1747933336.7018776,0.07525871694087982
1219,1747933342.008473,0.026688572019338608
1220,1747933347.0107448,0.2948254346847534
1221,1747933352.8624318,0.4158080220222473
1222,1747933356.6535308,0.03166622668504715
1223,1747933360.86598,0.11704352498054504
1224,1747933367.1110923,0.08418073505163193
1225,1747933373.7568226,0.05365956947207451
1226,1747933380.7302783,0.1309800148010254
1227,1747933388.2014794,0.0797087550163269
1228,1747933394.6021984,0.08903863281011581
1229,1747933403.1411474,0.1182122454047203
1230,1747933407.1747093,0.0826977789402008
1231,1747933411.4350667,0.10000520944595337
1232,1747933416.657665,0.003422243520617485
1233,1747933421.3835232,0.1639992743730545
1234,1747933427.473305,0.07683275640010834
1235,1747933432.3535266,0.004254687577486038
1236,1747933437.5526547,0.0032474505715072155
1237,1747933443.2376108,0.33741384744644165
1238,1747933447.0432136,0.1408708393573761
1239,1747933453.0931747,0.3764169216156006
1240,1747933458.352567,0.3609968423843384
1241,1747933464.6477735,0.14248840510845184
1242,1747933474.827997,0.1791924089193344
1243,1747933480.5347023,0.07906830310821533
1244,1747933489.2662034,0.30895155668258667
1245,1747933493.1179626,0.15770649909973145
1246,1747933497.488725,0.04353715106844902
1247,1747933502.9437237,0.14467568695545197
1248,1747933510.196034,0.10363335907459259
1249,1747933515.078803,0.14043939113616943
1250,1747933523.0449834,0.04283975809812546
1251,1747933527.4435444,0.08899949491024017
1252,1747933533.164498,0.3178134560585022
1253,1747933538.5576303,0.1859283298254013
1254,1747933543.806369,0.26666364073753357
1255,1747933549.1360862,0.013881491497159004
1256,1747933554.8342366,0.03798346966505051
1257,1747933560.4386072,0.04102344438433647
1258,1747933565.7082014,0.39845889806747437
1259,1747933570.8055296,0.19579444825649261
1260,1747933576.2276726,0.07182192802429199
1261,1747933583.363263,0.2117753028869629
1262,1747933591.025734,0.02422451227903366
1263,1747933596.4370236,0.22217512130737305
1264,1747933599.5471127,0.28313368558883667
1265,1747933604.8747518,0.10163461416959763
1266,1747933610.5865707,0.18272793292999268
1267,1747933617.2993178,0.05124456807971001
1268,1747933622.9805026,0.10774670541286469
1269,1747933626.6914358,0.11789456009864807
1270,1747933632.6515853,0.10085935890674591
1271,1747933636.5487318,0.032668981701135635
1272,1747933642.8863952,0.0924154743552208
1273,1747933650.3469813,0.14681130647659302
1274,1747933653.8119836,0.29177534580230713
1275,1747933661.24861,0.17843572795391083
1276,1747933663.14501,0.11297344416379929
1277,1747933742.3535068,0.09812043607234955
1278,1747933752.5280206,0.16783492267131805
1279,1747933756.8631701,0.09784482419490814
1280,1747933760.2720134,0.017014510929584503
1281,1747933765.534256,0.00942361168563366
1282,1747933770.7731385,0.019436459988355637
1283,1747933778.1808445,0.30444151163101196
1284,1747933783.2374344,0.5050052404403687
1285,1747933788.1813564,0.11566358804702759
1286,1747933793.654123,0.15417860448360443
1287,1747933800.4549294,0.03936665505170822
1288,1747933805.7530935,0.043009381741285324
1289,1747933812.999239,0.3998076319694519
1290,1747933818.7572136,0.1231868788599968
1291,1747933827.6276147,0.23190979659557343
1292,1747933834.4894996,0.27664056420326233
1293,1747933840.8032467,0.14950621128082275
1294,1747933845.8862088,0.16489499807357788
1295,1747933851.8366807,0.09782677888870239
1296,1747933856.5712166,0.16927698254585266
1297,1747933862.8132997,0.03115186095237732
1298,1747933869.3578749,0.3723064661026001
1299,1747933874.0992398,0.34915417432785034
1300,1747933879.8195686,0.45548829436302185
1301,1747933884.584438,0.07107053697109222
1302,1747933890.9003475,0.16474826633930206
1303,1747933897.551977,0.20449702441692352
1304,1747933905.5850904,0.38145801424980164
1305,1747933910.6744826,0.32797926664352417
1306,1747933913.5565407,0.34805402159690857
1307,1747933918.8704476,0.2576543986797333
1308,1747933926.5909283,0.17460525035858154
1309,1747933931.9904356,0.15047255158424377
1310,1747933937.2029257,0.23774532973766327
1311,1747933940.8378074,0.1311049908399582
1312,1747933947.1265182,0.1089337021112442
1313,1747933951.1853685,0.027851417660713196
1314,1747933957.2342505,0.07705891132354736
1315,1747933965.9335256,0.04640679806470871
1316,1747933970.45452,0.045072417706251144
1317,1747933976.9160805,0.08717795461416245
1318,1747933981.960374,0.03200864419341087
1319,1747933986.746345,0.14554141461849213
1320,1747933992.745113,0.1660318374633789
1321,1747933999.348507,0.03319265693426132
1322,1747934005.5184634,0.14476747810840607
1323,1747934009.4051316,0.18190722167491913
1324,1747934014.89258,0.20847396552562714
1325,1747934020.3415208,0.035720691084861755
1326,1747934027.2699656,0.006226812954992056
1327,1747934033.079792,0.06901679933071136
1328,1747934038.010613,0.13830038905143738
1329,1747934042.294843,0.18089871108531952
1330,1747934049.308344,0.1050223857164383
1331,1747934057.4089785,0.18296228349208832
1332,1747934064.6986237,0.06384831666946411
1333,1747934071.788642,0.24839305877685547
1334,1747934079.485829,0.029843036085367203
1335,1747934085.0543694,0.11599638313055038
1336,1747934088.9997735,0.0234096497297287
1337,1747934092.0531511,0.1759333312511444
1338,1747934098.3850484,0.11601859331130981
1339,1747934105.568577,0.07994988560676575
1340,1747934110.6917515,0.11793369054794312
1341,1747934118.5682716,0.28734052181243896
1342,1747934123.3239744,0.24567130208015442
1343,1747934128.560928,0.0576668307185173
1344,1747934135.22105,0.16226500272750854
1345,1747934140.3685849,0.20465485751628876
1346,1747934144.7883024,0.24793224036693573
1347,1747934149.4882946,0.11998370289802551
1348,1747934155.4641585,0.4857054352760315
1349,1747934160.436635,0.29080456495285034
1350,1747934168.0528898,0.2853821814060211
1351,1747934171.73739,0.03972495347261429
1352,1747934176.1871583,0.07115733623504639
1353,1747934182.2245085,0.10645511001348495
1354,1747934186.2452881,0.25896698236465454
1355,1747934193.610249,0.21294641494750977
1356,1747934199.0464258,0.21536067128181458
1357,1747934203.5132551,0.04077333211898804
1358,1747934210.1568527,0.1607096940279007
1359,1747934216.1674263,0.1556682139635086
1360,1747934223.3905022,0.176803320646286
1361,1747934227.773453,0.09252983331680298
1362,1747934232.4870594,0.12644419074058533
1363,1747934239.350895,0.10736022889614105
1364,1747934245.9935803,0.22986070811748505
1365,1747934252.1495068,0.04320606589317322
1366,1747934255.6573987,0.06151531636714935
1367,1747934260.1027484,0.11809487640857697
1368,1747934266.845147,0.21454676985740662
1369,1747934272.125152,0.03746408224105835
1370,1747934275.541059,0.15614277124404907
1371,1747934282.9222126,0.07832019031047821
1372,1747934288.7931027,0.09640078991651535
1373,1747934294.398686,0.08938976377248764
1374,1747934301.2688127,0.04602055996656418
1375,1747934306.2670925,0.08121185004711151
1376,1747934314.065992,0.029343008995056152
1377,1747934319.4266262,0.03502598777413368
1378,1747934327.3110518,0.21616433560848236
1379,1747934333.2669353,0.0026929685845971107
1380,1747934340.7047265,0.16701820492744446
1381,1747934347.7738473,0.04722663015127182
1382,1747934351.3645015,0.0166254173964262
1383,1747934357.4893465,0.2545107901096344
1384,1747934362.3265576,0.11226620525121689
1385,1747934368.0773594,0.18977826833724976
1386,1747934371.5694063,0.28261807560920715
1387,1747934377.6865373,0.007861134596168995
1388,1747934382.5762413,0.30593186616897583
1389,1747934386.3927693,0.03052039071917534
1390,1747934391.4913306,0.10341574251651764
1391,1747934397.5957944,0.16931667923927307
1392,1747934399.6536207,0.1053164005279541
1393,1747934481.193308,0.13327772915363312
1394,1747934486.9536033,0.3422050178050995
1395,1747934495.1876965,0.17692264914512634
1396,1747934500.0429087,0.08880890905857086
1397,1747934505.1898003,0.03710246831178665
1398,1747934511.9561124,0.36113762855529785
1399,1747934517.41653,0.14041660726070404
1400,1747934523.6042128,0.20001432299613953
1401,1747934529.4336655,0.2160460352897644
1402,1747934534.1478,0.016330428421497345
1403,1747934537.8014524,0.09737546741962433
1404,1747934542.699699,0.4092157781124115
1405,1747934549.3891964,0.019363626837730408
1406,1747934554.2342513,0.0766277015209198
1407,1747934559.096236,0.015241301618516445
1408,1747934564.4795663,0.1688656210899353
1409,1747934569.0683224,0.037919528782367706
1410,1747934574.6276257,0.11074431240558624
1411,1747934581.644619,0.09072773158550262
1412,1747934588.724799,0.038431316614151
1413,1747934593.0774157,0.04741757735610008
1414,1747934597.817626,0.04884042963385582
1415,1747934604.1053822,0.11663199961185455
1416,1747934609.625497,0.05250058323144913
1417,1747934616.334234,0.02532903105020523
1418,1747934620.856253,0.0655895471572876
1419,1747934626.933749,0.10707935690879822
1420,1747934632.9436567,0.15272122621536255
1421,1747934638.251977,0.43525391817092896
1422,1747934645.3690398,0.15468519926071167
1423,1747934650.591133,0.04947119578719139
1424,1747934657.549512,0.016698315739631653
1425,1747934661.763289,0.14572885632514954
1426,1747934667.8559828,0.07972337305545807
1427,1747934672.2837567,0.2827925682067871
1428,1747934677.6179671,0.03703273832798004
1429,1747934685.9514613,0.03668041527271271
1430,1747934692.118647,0.057188160717487335
1431,1747934698.9250464,0.4986155033111572
1432,1747934706.0369766,0.07161183655261993
1433,1747934710.9621143,0.002086119493469596
1434,1747934716.634293,0.13864633440971375
1435,1747934720.921112,0.07677678763866425
1436,1747934725.8033276,0.005228320136666298
1437,1747934733.5822027,0.012338022701442242
1438,1747934739.5399232,0.02928500436246395
1439,1747934746.8957694,0.26664555072784424
1440,1747934753.1406605,0.005315874703228474
1441,1747934761.0991485,0.043432023376226425
1442,1747934769.2590516,0.052834026515483856
1443,1747934774.8847094,0.013575173914432526
1444,1747934779.8535676,0.20937976241111755
1445,1747934783.4547138,0.022975027561187744
1446,1747934787.3703804,0.14747250080108643
1447,1747934791.8521907,0.4346730411052704
1448,1747934797.560545,0.136945903301239
1449,1747934802.8231964,0.13499318063259125
1450,1747934808.7311194,0.01189977116882801
1451,1747934814.5343094,0.16002041101455688
1452,1747934818.3157108,0.048793815076351166
1453,1747934824.2796361,0.08946289867162704
1454,1747934829.8648736,0.016635889187455177
1455,1747934835.5410442,0.12895013391971588
1456,1747934840.8443472,0.0486174039542675
1457,1747934845.548398,0.07967769354581833
1458,1747934849.9076345,0.15615972876548767
1459,1747934855.984982,0.1351778209209442
1460,1747934863.5473182,0.10546627640724182
1461,1747934870.2086651,0.035995107144117355
1462,1747934876.215495,0.03993751481175423
1463,1747934884.797632,0.11972853541374207
1464,1747934890.2336988,0.13892605900764465
1465,1747934895.0778544,0.06989814341068268
1466,1747934898.4112773,0.027574609965085983
1467,1747934905.0743601,0.009966320358216763
1468,1747934910.545571,0.07071404904127121
1469,1747934917.7017395,0.028764095157384872
1470,1747934921.5983987,0.07411780953407288
1471,1747934925.3318524,0.04259896278381348
1472,1747934931.699111,0.23454198241233826
1473,1747934940.604793,0.24123625457286835
1474,1747934946.2993543,0.013776019215583801
1475,1747934953.8307307,0.007580290548503399
1476,1747934962.550426,0.07511727511882782
1477,1747934967.817885,0.035634301602840424
1478,1747934972.0604951,0.0044188834726810455
1479,1747934976.8895073,0.021273653954267502
1480,1747934983.0492375,0.05000624805688858
1481,1747934987.9770892,0.056853026151657104
1482,1747934993.9088898,0.275261789560318
1483,1747934999.2978802,0.0058123283088207245
1484,1747935006.371906,0.17418867349624634
1485,1747935015.5382497,0.1584409922361374
1486,1747935020.927985,0.022690124809741974
1487,1747935027.012074,0.034086041152477264
1488,1747935033.1398544,0.0319456085562706
1489,1747935037.7564683,0.0060471054166555405
1490,1747935042.1394556,0.22031158208847046
1491,1747935047.654422,0.1887725293636322
1492,1747935053.4744947,0.24718324840068817
1493,1747935058.402339,0.029838155955076218
1494,1747935065.1376872,0.11024089902639389
1495,1747935072.148681,0.06165805459022522
1496,1747935077.761012,0.03707218915224075
1497,1747935082.8936694,0.0014598359121009707
1498,1747935088.2769632,0.026976093649864197
1499,1747935092.1028185,0.11460702121257782
1500,1747935099.2747214,0.2080065906047821
1501,1747935104.2795036,0.08914380520582199
1502,1747935111.0983088,0.08043216913938522
1503,1747935120.258499,0.05862455070018768
1504,1747935126.564482,0.06166978180408478
1505,1747935136.460175,0.46089351177215576
1506,1747935143.452324,0.07148458063602448
1507,1747935148.6753352,0.006345247849822044
1508,1747935149.7317958,0.009243246167898178
1509,1747935225.4754896,0.17488853633403778
1510,1747935229.834268,0.17182773351669312
1511,1747935238.2387805,0.005182422697544098
1512,1747935242.0641751,0.01772088184952736
1513,1747935245.2445018,0.10933879017829895
1514,1747935251.7355237,0.05828303098678589
1515,1747935257.2040925,0.12146633118391037
1516,1747935262.2974072,0.04685074836015701
1517,1747935267.3885493,0.0032893489114940166
1518,1747935272.8668141,0.016900554299354553
1519,1747935278.638894,0.0023420369252562523
1520,1747935282.575885,0.0016036482993513346
1521,1747935286.886076,0.07670216262340546
1522,1747935293.644153,0.00330502912402153
1523,1747935300.94581,0.16676484048366547
1524,1747935307.4363315,0.09762901067733765
1525,1747935311.4423869,0.010986030101776123
1526,1747935316.4802177,0.10887859761714935
1527,1747935326.8490436,0.04102057218551636
1528,1747935332.6881452,0.003344820812344551
1529,1747935338.2342315,0.45418938994407654
1530,1747935343.1573887,0.12246241420507431
1531,1747935350.698742,0.02696559950709343
1532,1747935356.3750057,0.013598814606666565
1533,1747935361.9157014,0.015383738093078136
1534,1747935366.2687216,0.2022838294506073
1535,1747935371.410192,0.008072353899478912
1536,1747935375.8473282,0.0963258296251297
1537,1747935381.8021467,0.036172136664390564
1538,1747935387.846799,0.49684256315231323
1539,1747935393.361844,0.01852920465171337
1540,1747935397.7342682,0.07111410796642303
1541,1747935406.4061902,0.2997036874294281
1542,1747935411.8051252,0.16547146439552307
1543,1747935416.0869308,0.2049785852432251
1544,1747935423.1207922,0.12082870304584503
1545,1747935428.6376972,0.2520201504230499
1546,1747935434.3076262,0.053332358598709106
1547,1747935437.7708137,0.04759982228279114
1548,1747935443.8345578,0.007351038511842489
1549,1747935449.01406,0.12551289796829224
1550,1747935454.8341374,0.07482783496379852
1551,1747935461.7413824,0.05850505083799362
1552,1747935467.170498,0.08428963273763657
1553,1747935474.5944862,0.2325284332036972
1554,1747935482.8772295,0.37814563512802124
1555,1747935487.7946937,0.07126258313655853
1556,1747935491.5748582,0.25403231382369995
1557,1747935498.3877234,0.08849571645259857
1558,1747935504.3937762,0.2283601462841034
1559,1747935509.8370745,0.09965664148330688
1560,1747935515.7970963,0.22258543968200684
1561,1747935520.4561763,0.05253491923213005
1562,1747935526.456537,0.002290914533659816
1563,1747935530.2678072,0.03599868714809418
1564,1747935535.8301752,0.011279607191681862
1565,1747935540.14723,0.04821619391441345
1566,1747935546.0675607,0.008152175694704056
1567,1747935551.978244,0.17811346054077148
1568,1747935556.4856212,0.021801238879561424
1569,1747935561.8343902,0.08523904532194138
1570,1747935567.7023892,0.07611029595136642
1571,1747935573.0622463,0.005677299574017525
1572,1747935581.0757284,0.036839284002780914
1573,1747935587.468203,0.11608853191137314
1574,1747935593.7274075,0.0037147493567317724
1575,1747935598.959328,0.021626051515340805
1576,1747935605.3638217,0.01799929514527321
1577,1747935610.0446475,0.08570337295532227
1578,1747935614.4069273,0.22022220492362976
1579,1747935619.5931187,0.023505618795752525
1580,1747935623.3791816,0.17455892264842987
1581,1747935628.5822182,0.017123132944107056
1582,1747935635.256406,0.02061978355050087
1583,1747935642.8566804,0.01854020729660988
1584,1747935647.8561254,0.18208283185958862
1585,1747935654.3693953,0.07421742379665375
1586,1747935660.6456208,0.1560782641172409
1587,1747935665.3723376,0.13405175507068634
1588,1747935670.206301,0.02864355407655239
1589,1747935677.5736318,0.21949855983257294
1590,1747935684.1042893,0.04486842080950737
1591,1747935691.657725,0.009439751505851746
1592,1747935699.137451,0.06336972862482071
1593,1747935705.1956208,0.059598006308078766
1594,1747935710.5308976,0.0673680379986763
1595,1747935716.3026807,0.15760277211666107
1596,1747935722.3676527,0.08009976148605347
1597,1747935727.7422273,0.03221941366791725
1598,1747935730.8545485,0.10449983924627304
1599,1747935736.1825688,0.10799270868301392
1600,1747935741.7124667,0.0432874821126461
1601,1747935746.6396627,0.02195434272289276
1602,1747935753.9964519,0.026910822838544846
1603,1747935761.9477816,0.08886183798313141
1604,1747935767.6913674,0.057143911719322205
1605,1747935773.3202858,0.005900289863348007
1606,1747935778.807911,0.4588702917098999
1607,1747935783.8459113,0.17668919265270233
1608,1747935787.7627063,0.0340716615319252
1609,1747935794.773326,0.003618687391281128
1610,1747935801.6567733,0.028701921924948692
1611,1747935808.6265721,0.20347115397453308
1612,1747935814.9670827,0.013814065605401993
1613,1747935820.6486251,0.12291628122329712
1614,1747935826.7194126,0.17870180308818817
1615,1747935832.0739627,0.05973232537508011
1616,1747935837.7593088,0.20146481692790985
1617,1747935842.1384087,0.5244671106338501
1618,1747935848.171465,0.43918654322624207
1619,1747935853.6050935,0.07660640776157379
1620,1747935859.663867,0.15529319643974304
1621,1747935865.6421692,0.03493105620145798
1622,1747935872.335388,0.07585805654525757
1623,1747935877.819297,0.058106791228055954
1624,1747935879.0349283,0.02190704643726349
1625,1747935958.9592266,0.1416146457195282
1626,1747935964.1657472,0.13066856563091278
1627,1747935968.1021483,0.1337018758058548
1628,1747935973.7679007,0.09424415230751038
1629,1747935979.4342616,0.13125310838222504
1630,1747935984.9411976,0.06879828125238419
1631,1747935988.9529035,0.06823232769966125
1632,1747935996.7066238,0.026378028094768524
1633,1747936002.814074,0.052077703177928925
1634,1747936009.9146261,0.0822085440158844
1635,1747936016.4321055,0.06801363080739975
1636,1747936022.2440894,0.016480864956974983
1637,1747936025.736302,0.05636058747768402
1638,1747936030.6435935,0.020643223077058792
1639,1747936035.7209184,0.02749532461166382
1640,1747936040.3422215,0.028501000255346298
1641,1747936044.7715225,0.2919076085090637
1642,1747936050.1685271,0.044983621686697006
1643,1747936054.852297,0.00356007250957191
1644,1747936060.512123,0.026101473718881607
1645,1747936067.4710066,0.013345209881663322
1646,1747936073.5136917,0.10643219947814941
1647,1747936080.2644706,0.018709346652030945
1648,1747936087.0265703,0.09712065756320953
1649,1747936093.646228,0.04857951030135155
1650,1747936099.6258094,0.008275752887129784
1651,1747936106.2309835,0.5179610252380371
1652,1747936110.4543912,0.03463824838399887
1653,1747936116.929589,0.006809794809669256
1654,1747936121.689652,0.13377664983272552
1655,1747936128.2346232,0.3867872953414917
1656,1747936133.8006284,0.06868355721235275
1657,1747936137.0754128,0.06004814803600311
1658,1747936143.8732219,0.011300275102257729
1659,1747936151.4164639,0.009706789627671242
1660,1747936154.9321601,0.22214321792125702
1661,1747936160.04385,0.14380395412445068
1662,1747936167.5472264,0.002170982537791133
1663,1747936172.7574565,0.01408032700419426
1664,1747936178.2681115,0.13074420392513275
1665,1747936184.797456,0.003688081866130233
1666,1747936188.9833648,0.3194618821144104
1667,1747936195.0629818,1.0095880031585693
1668,1747936200.4962735,0.3318377733230591
1669,1747936208.0364096,0.21243596076965332
1670,1747936212.5577102,0.19026362895965576
1671,1747936217.3343055,0.037724073976278305
1672,1747936223.8779302,0.059851132333278656
1673,1747936230.2518117,0.07636705040931702
1674,1747936235.2643325,0.08281579613685608
1675,1747936241.5568569,0.22317847609519958
1676,1747936246.9427567,0.1772792786359787
1677,1747936251.9784322,0.36603689193725586
1678,1747936256.8607056,0.07012899219989777
1679,1747936263.338635,0.14522014558315277
1680,1747936268.8637245,0.11068183183670044
1681,1747936274.4303048,0.05330122634768486
1682,1747936281.6415792,0.06846834719181061
1683,1747936288.0465484,0.05850280448794365
1684,1747936293.4341574,0.07339002192020416
1685,1747936296.9964356,0.10520023107528687
1686,1747936303.6714468,0.11411129683256149
1687,1747936308.958692,0.2542647123336792
1688,1747936314.5343769,0.022043444216251373
1689,1747936320.3530025,0.055235423147678375
1690,1747936327.403206,0.18534576892852783
1691,1747936332.6343846,0.031096231192350388
1692,1747936338.3172638,0.11100509762763977
1693,1747936345.2176516,0.056959368288517
1694,1747936350.7421832,0.142580047249794
1695,1747936354.362273,0.17181776463985443
1696,1747936361.342969,0.279914915561676
1697,1747936367.9630008,0.2815013527870178
1698,1747936373.3379045,0.0663798451423645
1699,1747936379.334295,0.017051219940185547
1700,1747936383.9824507,0.05494255945086479
1701,1747936392.1205883,0.03285825997591019
1702,1747936398.683157,0.10175808519124985
1703,1747936402.7181904,0.0425238311290741
1704,1747936407.449615,0.2712622284889221
1705,1747936412.9891012,0.4324079751968384
1706,1747936417.9999177,0.029388023540377617
1707,1747936426.0983195,0.0493558794260025
1708,1747936435.5482447,0.10770051926374435
1709,1747936442.5859036,0.036307476460933685
1710,1747936454.112092,0.04815992712974548
1711,1747936460.0358381,0.04547206312417984
1712,1747936463.733918,0.05005199462175369
1713,1747936469.4342444,0.10428185760974884
1714,1747936474.189575,0.04678645730018616
1715,1747936479.473277,0.03568065166473389
1716,1747936483.223291,0.10104870051145554
1717,1747936490.3603632,0.02050848677754402
1718,1747936495.5511646,0.012890588492155075
1719,1747936500.1243863,0.11720162630081177
1720,1747936504.6343632,0.07642681151628494
1721,1747936508.4653854,0.00672024255618453
1722,1747936512.2111142,0.16168852150440216
1723,1747936517.5168316,0.024186015129089355
1724,1747936523.0130322,0.03883139416575432
1725,1747936527.985029,0.08871328830718994
1726,1747936530.6678305,0.06633726507425308
1727,1747936537.3324068,0.011397533118724823
1728,1747936543.1549993,0.07094798982143402
1729,1747936549.3431072,0.022046323865652084
1730,1747936559.0581782,0.05566413328051567
1731,1747936566.7176707,0.04252193868160248
1732,1747936575.099047,0.028994392603635788
1733,1747936580.0537531,0.010290496051311493
1734,1747936585.5756416,0.0028848450165241957
1735,1747936590.8951344,0.03341887146234512
1736,1747936597.3846142,0.07153236120939255
1737,1747936603.1437237,0.006933411117643118
1738,1747936608.9629614,0.12878532707691193
1739,1747936614.8443356,0.2725547254085541
1740,1747936617.015027,0.0029261650051921606
1741,1747936697.179634,0.028092429041862488
1742,1747936703.235975,0.024847563356161118
1743,1747936707.1473458,0.10712085664272308
1744,1747936711.207115,0.014963505789637566
1745,1747936718.311166,0.2256300300359726
1746,1747936726.0342507,0.004715667571872473
1747,1747936732.0995886,0.01408568024635315
1748,1747936736.95286,0.20307958126068115
1749,1747936742.8622704,0.03763360530138016
1750,1747936749.9870453,0.09736325591802597
1751,1747936753.713336,0.011534163728356361
1752,1747936759.8143978,0.14754563570022583
1753,1747936765.814421,0.2546587288379669
1754,1747936772.372329,0.15751875936985016
1755,1747936777.334259,0.05449361354112625
1756,1747936781.5062137,0.030036864802241325
1757,1747936786.9075627,0.10810323804616928
1758,1747936792.5460508,0.034758806228637695
1759,1747936797.5721388,0.2976284623146057
1760,1747936805.553687,0.059669967740774155
1761,1747936812.2772336,0.028749486431479454
1762,1747936819.0074127,0.21592840552330017
1763,1747936823.8505116,0.037942737340927124
1764,1747936832.5190563,0.008029544726014137
1765,1747936838.6817725,0.011776378378272057
1766,1747936842.057235,0.2143685519695282
1767,1747936846.3640242,0.4132194221019745
1768,1747936851.2905798,0.16297516226768494
1769,1747936855.8258815,0.23502258956432343
1770,1747936862.0278344,0.07327216863632202
1771,1747936866.9109716,0.0344814658164978
1772,1747936872.4782724,0.05039720982313156
1773,1747936876.1438937,0.007629427593201399
1774,1747936880.7570245,0.06046191602945328
1775,1747936885.6978433,0.0023945968132466078
1776,1747936892.1778882,0.021326368674635887
1777,1747936897.9915771,0.001361305359750986
1778,1747936905.1526666,0.09072941541671753
1779,1747936909.2420454,0.008872851729393005
1780,1747936914.4893746,0.004957172553986311
1781,1747936918.4342718,0.0351613387465477
1782,1747936923.0652487,0.05941430479288101
1783,1747936928.155891,0.04811835289001465
1784,1747936932.5768943,0.03828220069408417
1785,1747936937.788559,0.03672679141163826
1786,1747936942.7577143,0.0800756961107254
1787,1747936949.4721532,0.09457868337631226
1788,1747936955.314905,0.24562810361385345
1789,1747936960.9109476,0.32836660742759705
1790,1747936966.8950431,0.00429315073415637
1791,1747936972.7436106,0.034972526133060455
1792,1747936980.018245,0.11379363387823105
1793,1747936984.7668073,0.015714330598711967
1794,1747936989.8342452,0.0013292076764628291
1795,1747936994.790207,0.053005483001470566
1796,1747937001.3990796,0.005767410155385733
1797,1747937006.1968873,0.04438961669802666
1798,1747937012.1240973,0.016570081934332848
1799,1747937018.7668288,0.07619840651750565
1800,1747937024.0399475,0.015010988339781761
1801,1747937029.058737,0.020590657368302345
1802,1747937033.871385,0.004591090604662895
1803,1747937040.2037852,0.21544939279556274
1804,1747937045.9357297,0.01891644299030304
1805,1747937051.4508777,0.016362644731998444
1806,1747937056.3510096,0.14594683051109314
1807,1747937060.7345328,0.185391366481781
1808,1747937066.6536996,0.1395956426858902
1809,1747937072.5144334,0.007675641681998968
1810,1747937078.9085317,0.055647265166044235
1811,1747937087.737622,0.009943950921297073
1812,1747937093.8881767,0.09646044671535492
1813,1747937097.9486518,0.034392207860946655
1814,1747937102.28013,0.03022920899093151
1815,1747937106.793209,0.018215619027614594
1816,1747937111.253736,0.0012854248052462935
1817,1747937116.9652195,0.1427297294139862
1818,1747937120.961769,0.08705037087202072
1819,1747937126.7415998,0.05583791062235832
1820,1747937132.0890338,0.05341481417417526
1821,1747937137.653051,0.010459179989993572
1822,1747937143.2511303,0.056184008717536926
1823,1747937148.380877,0.0015019001439213753
1824,1747937151.880334,0.002334565157070756
1825,1747937155.6515467,0.0003749449970200658
1826,1747937161.8388913,0.10381947457790375
1827,1747937167.5674677,0.11403735727071762
1828,1747937170.8357186,0.0005892791668884456
1829,1747937178.5323248,0.050123270601034164
1830,1747937183.999456,0.1581568717956543
1831,1747937189.1604025,0.0035715873818844557
1832,1747937194.6735694,0.08056794106960297
1833,1747937198.9850473,0.012137264013290405
1834,1747937204.8283727,0.0032819609623402357
1835,1747937211.291599,0.06937727332115173
1836,1747937215.394566,0.33019542694091797
1837,1747937219.8601832,0.17937836050987244
1838,1747937225.818738,0.00660317949950695
1839,1747937230.8290277,0.0059433262795209885
1840,1747937237.9744353,0.07719769328832626
1841,1747937244.4359882,0.08018843829631805
1842,1747937250.9472632,0.1904803365468979
1843,1747937255.0366528,0.05846939608454704
1844,1747937261.4818242,0.042773060500621796
1845,1747937267.673325,0.06353634595870972
1846,1747937274.2449243,0.23604360222816467
1847,1747937282.1881833,0.1629393994808197
1848,1747937288.2497606,0.15529152750968933
1849,1747937291.9036644,0.042244940996170044
1850,1747937297.0148737,0.16886457800865173
1851,1747937302.4890456,0.12287592887878418
1852,1747937308.0219314,0.007729628589004278
1853,1747937315.975683,0.09064541757106781
1854,1747937322.2299767,0.07738258689641953
1855,1747937328.1562438,0.039536554366350174
1856,1747937329.3429403,0.04722071439027786
1857,1747937412.5312917,0.008923621848225594
1858,1747937417.9317422,0.09110917150974274
1859,1747937423.2620823,0.2269751876592636
1860,1747937428.7994616,0.03835118189454079
1861,1747937434.4326956,0.0945955142378807
1862,1747937439.3715227,0.002776420209556818
1863,1747937442.9327636,0.0963348001241684
1864,1747937448.0673833,0.026852449402213097
1865,1747937451.6513937,0.012452973984181881
1866,1747937457.4461741,0.007738718297332525
1867,1747937462.0735962,0.04878062754869461
1868,1747937467.621011,0.05090545862913132
1869,1747937473.643986,0.07277043163776398
1870,1747937478.9676082,0.01249687559902668
1871,1747937483.5490541,0.023421820253133774
1872,1747937488.902455,0.12920378148555756
1873,1747937493.4326587,0.012112627737224102
1874,1747937499.8545911,0.060188814997673035
1875,1747937505.4390068,0.13060510158538818
1876,1747937510.3289313,0.08335550874471664
1877,1747937514.736772,0.03143105283379555
1878,1747937520.0318513,0.022629480808973312
1879,1747937525.922336,0.02813599817454815
1880,1747937531.3758788,0.2551015615463257
1881,1747937537.5534642,0.016311874613165855
1882,1747937545.4674485,0.06862302124500275
1883,1747937549.6980343,0.001159001374617219
1884,1747937553.9791741,0.019620299339294434
1885,1747937559.2859879,0.07564598321914673
1886,1747937566.5850198,0.1947687566280365
1887,1747937572.131433,0.0725015252828598
1888,1747937576.3923962,0.04865940660238266
1889,1747937581.2296712,0.06658253073692322
1890,1747937585.049724,0.02257530950009823
1891,1747937592.0371017,0.08639349043369293
1892,1747937598.534254,0.17141662538051605
1893,1747937603.8440776,0.03834421932697296
1894,1747937609.285684,0.007970893755555153
1895,1747937613.1612766,0.005678566172719002
1896,1747937621.8903453,0.0466558001935482
1897,1747937629.1310916,0.1265128254890442
1898,1747937636.9192042,0.003548538079485297
1899,1747937644.615826,0.15139299631118774
1900,1747937651.1805036,0.06379757076501846
1901,1747937655.9532344,0.08873699605464935
1902,1747937659.4697397,0.027973970398306847
1903,1747937664.5358036,0.09653322398662567
1904,1747937672.1713684,0.07568769156932831
1905,1747937677.9380023,0.045617081224918365
1906,1747937685.3602314,0.2633811831474304
1907,1747937693.8269467,0.25392553210258484
1908,1747937699.561423,0.09531015157699585
1909,1747937703.854496,0.004952890332788229
1910,1747937709.5975523,0.008670464158058167
1911,1747937714.8475087,0.18495075404644012
1912,1747937718.746373,0.08727168291807175
1913,1747937722.3881812,0.28711503744125366
1914,1747937728.2035384,0.05292899161577225
1915,1747937734.0386624,0.04860512539744377
1916,1747937738.2816548,0.056029707193374634
1917,1747937745.0324547,0.07949966192245483
1918,1747937750.5491276,0.08694787323474884
1919,1747937757.4545155,0.25298166275024414
1920,1747937763.6078372,0.3184536397457123
1921,1747937768.6566257,0.030023625120520592
1922,1747937772.4992805,0.0945945605635643
1923,1747937778.464837,0.09510451555252075
1924,1747937782.3554075,0.004237202927470207
1925,1747937787.6934242,0.17858783900737762
1926,1747937794.0237703,0.03612088784575462
1927,1747937799.9860923,0.022538121789693832
1928,1747937805.122189,0.05377712473273277
1929,1747937812.6687303,0.07234244793653488
1930,1747937815.457634,0.14016637206077576
1931,1747937822.6023898,0.10612905025482178
1932,1747937828.6620631,0.013131601735949516
1933,1747937835.2915723,0.09417924284934998
1934,1747937841.8424428,0.19445812702178955
1935,1747937847.8405552,0.1756305694580078
1936,1747937854.7198544,0.22062674164772034
1937,1747937861.4920325,0.012268359772861004
1938,1747937866.5888488,0.0017649517394602299
1939,1747937873.7304251,0.13712957501411438
1940,1747937880.8395374,0.028825778514146805
1941,1747937886.4773932,0.002295262413099408
1942,1747937890.0289838,0.03805285319685936
1943,1747937895.5864408,0.03541640192270279
1944,1747937904.524238,0.029376231133937836
1945,1747937909.7042801,0.0721185952425003
1946,1747937917.087431,0.12958768010139465
1947,1747937923.3343756,0.0053869374096393585
1948,1747937928.0131736,0.027511177584528923
1949,1747937931.91144,0.0020466663409024477
1950,1747937938.0591815,0.22498570382595062
1951,1747937943.6591527,0.02182396501302719
1952,1747937951.039685,0.4620816111564636
1953,1747937955.259216,0.11170555651187897
1954,1747937960.569287,0.22522634267807007
1955,1747937965.3092616,0.04452075809240341
1956,1747937972.573906,0.09915772080421448
1957,1747937980.9626417,0.04867105931043625
1958,1747937987.9699438,0.04654888063669205
1959,1747937991.2496161,0.07780587673187256
1960,1747937998.7270563,0.010337959975004196
1961,1747938005.157345,0.04621131345629692
1962,1747938011.3502543,0.07541178166866302
1963,1747938016.0285494,0.03352491557598114
1964,1747938019.9632363,0.01212436892092228
1965,1747938025.483156,0.16976046562194824
1966,1747938032.6594214,0.23111030459403992
1967,1747938039.8632374,0.03422318398952484
1968,1747938043.7736669,0.003825670573860407
1969,1747938049.3163304,0.0961395651102066
1970,1747938053.7725422,0.026946082711219788
1971,1747938057.8632417,0.0744936615228653
1972,1747938058.9938948,0.010971272364258766
1973,1747938144.5027225,0.2119094729423523
1974,1747938149.6192787,0.03144814074039459
1975,1747938153.5073073,0.08356036245822906
1976,1747938157.9908667,0.026432886719703674
1977,1747938164.4019313,0.046216946095228195
1978,1747938170.195161,0.1632491648197174
1979,1747938173.8123503,0.042428549379110336
1980,1747938178.996916,0.03288046270608902
1981,1747938185.9748054,0.11875048279762268
1982,1747938192.162836,0.13241098821163177
1983,1747938198.0209405,0.03309321403503418
1984,1747938204.0028744,0.06212497875094414
1985,1747938210.353805,0.04543448984622955
1986,1747938215.9297023,0.001796150580048561
1987,1747938224.0830355,0.017458638176321983
1988,1747938231.517945,0.030747300013899803
1989,1747938236.908833,0.04799298197031021
1990,1747938243.6339428,0.12514513731002808
1991,1747938248.2726352,0.12498410791158676
1992,1747938253.5541425,0.002958546159788966
1993,1747938256.7796242,0.007744201924651861
1994,1747938263.3762515,0.22239887714385986
1995,1747938269.4712677,0.046953171491622925
1996,1747938276.6842294,0.016976533457636833
1997,1747938283.1728897,0.010553654283285141
1998,1747938286.878638,0.08322492986917496
1999,1747938293.0484776,0.042885832488536835
2000,1747938296.5895507,0.1742013692855835
2001,1747938300.9726775,0.42568549513816833
2002,1747938307.0497558,0.12190625071525574
2003,1747938312.967055,0.029142901301383972
2004,1747938317.0432122,0.40639638900756836
2005,1747938322.0308857,0.04374539479613304
2006,1747938327.3616114,0.23575133085250854
2007,1747938332.8700037,0.29705142974853516
2008,1747938339.008546,0.028681114315986633
2009,1747938343.616995,0.2993759214878082
2010,1747938348.1802254,0.010004451498389244
2011,1747938352.3714566,0.1810481995344162
2012,1747938356.6473744,0.23214223980903625
2013,1747938362.4342344,0.03286408260464668
2014,1747938369.461871,0.14335565268993378
2015,1747938375.4217756,0.1406790316104889
2016,1747938381.5918396,0.099678173661232
2017,1747938387.0922768,0.05385826155543327
2018,1747938391.3424199,0.10440298914909363
2019,1747938399.0838637,0.14490079879760742
2020,1747938406.285632,0.039967745542526245
2021,1747938411.7755437,0.06594327092170715
2022,1747938415.0827734,0.07113286852836609
2023,1747938422.5671637,0.1777557134628296
2024,1747938428.617693,0.11059367656707764
2025,1747938434.682137,0.08706465363502502
2026,1747938440.2962,0.09029102325439453
2027,1747938445.5657291,0.03961710259318352
2028,1747938451.8058662,0.07197397947311401
2029,1747938457.8691957,0.006921991240233183
2030,1747938465.9809458,0.18980102241039276
2031,1747938472.372154,0.04870624467730522
2032,1747938479.7443976,0.1301446557044983
2033,1747938485.6105518,0.33201849460601807
2034,1747938491.6278796,0.1857191026210785
2035,1747938496.316203,0.0659104585647583
2036,1747938502.6267078,0.009749827906489372
2037,1747938508.7752788,0.0519484207034111
2038,1747938515.8997648,0.13249899446964264
2039,1747938519.9601676,0.03465142101049423
2040,1747938523.9094198,0.00938523281365633
2041,1747938528.6975372,0.1678558588027954
2042,1747938534.084624,0.011108197271823883
2043,1747938539.8524032,0.15825745463371277
2044,1747938544.6159112,0.04656555503606796
2045,1747938552.3502445,0.006827987730503082
2046,1747938557.4374743,0.04568232223391533
2047,1747938561.903108,0.0596301406621933
2048,1747938566.837038,0.22896455228328705
2049,1747938571.2790582,0.4959384799003601
2050,1747938577.488757,0.2884383499622345
2051,1747938583.692326,0.07002881914377213
2052,1747938588.9799492,0.18949481844902039
2053,1747938595.5711894,0.1927061378955841
2054,1747938600.8264945,0.21804337203502655
2055,1747938605.5491054,0.06210337579250336
2056,1747938610.2468808,0.1107655018568039
2057,1747938613.5667567,0.07009778171777725
2058,1747938619.1608894,0.018162472173571587
2059,1747938625.7415938,0.017362317070364952
2060,1747938632.0598507,0.2862628102302551
2061,1747938637.561184,0.1289970576763153
2062,1747938645.0698183,0.03251919150352478
2063,1747938652.1787794,0.010278241708874702
2064,1747938658.542035,0.03322787582874298
2065,1747938663.8342543,0.006141314283013344
2066,1747938668.750769,0.07240131497383118
2067,1747938674.5706937,0.03697167709469795
2068,1747938684.924153,0.2508693337440491
2069,1747938691.1308584,0.37977084517478943
2070,1747938696.593327,0.09100261330604553
2071,1747938700.9542856,0.051542170345783234
2072,1747938706.1055224,0.03436017036437988
2073,1747938712.034304,0.0906580314040184
2074,1747938716.8787117,0.008870921097695827
2075,1747938722.246835,0.030136791989207268
2076,1747938728.3575368,0.00697851087898016
2077,1747938734.0235932,0.07303574681282043
2078,1747938739.8375082,0.18185138702392578
2079,1747938743.6911926,0.23095828294754028
2080,1747938749.134747,0.10709735006093979
2081,1747938753.8546255,0.0969432145357132
2082,1747938761.9687169,0.14820496737957
2083,1747938769.1793225,0.027927841991186142
2084,1747938775.3303838,0.008554523810744286
2085,1747938781.5681858,0.09515589475631714
2086,1747938785.6327178,0.006528813391923904
2087,1747938791.259575,0.00600482989102602
2088,1747938793.0259044,0.13310497999191284
2089,1747938873.4428983,0.06292236596345901
2090,1747938878.9485588,0.11315605044364929
2091,1747938884.0068417,0.10439446568489075
2092,1747938889.6888838,0.0393480509519577
2093,1747938893.9698505,0.013160817325115204
2094,1747938900.3822997,0.040543317794799805
2095,1747938906.1048806,0.09085541218519211
2096,1747938912.3019826,0.021812520921230316
2097,1747938916.2363808,0.026394223794341087
2098,1747938922.7731647,0.09873254597187042
2099,1747938930.552271,0.07149718701839447
2100,1747938934.7145388,0.03826981037855148
2101,1747938941.0238352,0.03318461775779724
2102,1747938949.4521236,0.08799053728580475
2103,1747938955.583733,0.20019680261611938
2104,1747938960.8754134,0.003653264604508877
2105,1747938967.5485349,0.15337854623794556
2106,1747938971.6187441,0.10203098505735397
2107,1747938976.3051977,0.011254189535975456
2108,1747938981.8454645,0.03414607420563698
2109,1747938989.7406647,0.10033170878887177
2110,1747938997.760051,0.027652103453874588
2111,1747939002.4719565,0.10236844420433044
2112,1747939007.8633547,0.03476458042860031
2113,1747939011.9683566,0.0038519510999321938
2114,1747939016.9010732,0.0006426928448490798
2115,1747939024.261461,0.05902811512351036
2116,1747939029.1097028,0.21387571096420288
2117,1747939034.05574,0.008505124598741531
2118,1747939038.58709,0.04418092593550682
2119,1747939043.690043,0.008245036005973816
2120,1747939049.1202676,0.0015137245645746589
2121,1747939051.7046475,0.0030298400670289993
2122,1747939057.8663669,0.0028396041598170996
2123,1747939062.946912,0.020131008699536324
2124,1747939067.8513634,0.04765188694000244
2125,1747939071.657329,0.19436505436897278
2126,1747939081.2827134,0.03596089035272598
2127,1747939084.5303361,0.040042705833911896
2128,1747939089.9350324,0.010622999630868435
2129,1747939094.4944947,0.0021091531962156296
2130,1747939099.3879755,0.020702850073575974
2131,1747939105.5887334,0.030141782015562057
2132,1747939112.5559049,0.00705726770684123
2133,1747939118.180554,0.012615821324288845
2134,1747939123.465108,0.08384944498538971
2135,1747939130.9220386,0.00970463640987873
2136,1747939135.789345,0.019539348781108856
2137,1747939138.8955274,0.003838983830064535
2138,1747939144.7705524,0.14046502113342285
2139,1747939149.0254273,0.14675670862197876
2140,1747939153.3278415,0.25810739398002625
2141,1747939158.8244557,0.13499820232391357
2142,1747939164.4020298,0.016679827123880386
2143,1747939171.8675005,0.011872938834130764
2144,1747939178.2629685,0.0024879109114408493
2145,1747939182.3865328,0.029944291338324547
2146,1747939188.1990297,0.23666125535964966
2147,1747939194.1852896,0.00851631723344326
2148,1747939200.8293557,0.0006751571781933308
2149,1747939205.822242,0.4270124137401581
2150,1747939211.3719335,0.18987153470516205
2151,1747939217.9910722,0.021626979112625122
2152,1747939222.852781,0.09114783257246017
2153,1747939228.6484337,0.0977083072066307
2154,1747939234.2857797,0.34870636463165283
2155,1747939238.1536613,0.492435097694397
2156,1747939243.076652,0.07125648111104965
2157,1747939248.4766085,0.13252569735050201
2158,1747939255.098033,0.02547963708639145
2159,1747939260.5248098,0.0990976095199585
2160,1747939267.0425174,0.16045746207237244
2161,1747939273.148267,0.1067245602607727
2162,1747939276.3449845,0.03342662379145622
2163,1747939281.3195071,0.07847964763641357
2164,1747939287.5205655,0.09339150786399841
2165,1747939292.9984884,0.03709801658987999
2166,1747939299.1143267,0.16331151127815247
2167,1747939306.3598495,0.013048487715423107
2168,1747939312.7369037,0.2708604037761688
2169,1747939316.5084414,0.08873113989830017
2170,1747939322.8477092,0.01570288836956024
2171,1747939329.5437691,0.027806788682937622
2172,1747939332.8122442,0.11493949592113495
2173,1747939337.6062877,0.1663767695426941
2174,1747939344.734247,0.10153117030858994
2175,1747939349.2278929,0.02456393837928772
2176,1747939356.441441,0.0286523699760437
2177,1747939364.769888,0.014260493218898773
2178,1747939370.1531646,0.01948738656938076
2179,1747939377.2158582,0.015488652512431145
2180,1747939383.753728,0.030285103246569633
2181,1747939390.6837718,0.20468562841415405
2182,1747939395.38211,0.14157292246818542
2183,1747939400.247512,0.008108164183795452
2184,1747939409.084158,0.008165284059941769
2185,1747939414.4901464,0.003167524468153715
2186,1747939419.8770251,0.058246295899152756
2187,1747939426.1315172,0.008841278962790966
2188,1747939430.8409631,0.19110938906669617
2189,1747939435.9615595,0.03143908083438873
2190,1747939442.8436472,0.007824824191629887
2191,1747939450.3737514,0.02890474908053875
2192,1747939455.3455553,0.23071616888046265
2193,1747939459.297859,0.005514767952263355
2194,1747939464.7902784,0.011669058352708817
2195,1747939470.670241,0.04197292774915695
2196,1747939475.7460766,0.0039610848762094975
2197,1747939479.8441782,0.02050877921283245
2198,1747939485.8038397,0.0033816173672676086
2199,1747939491.8117409,0.126474991440773
2200,1747939497.7486846,0.15140670537948608
2201,1747939503.491172,0.0026283524930477142
2202,1747939508.848474,0.029476448893547058
2203,1747939515.1100533,0.10622209310531616
2204,1747939516.3080623,0.01052417978644371
2205,1747939601.2553315,0.01606927439570427
2206,1747939606.9012675,0.03760387375950813
2207,1747939613.6776206,0.07965656369924545
2208,1747939619.4970558,0.01023594569414854
2209,1747939626.6929457,0.0033694859594106674
2210,1747939632.3170035,0.0386199951171875
2211,1747939638.6020582,0.007908628322184086
2212,1747939643.2205477,0.014331238344311714
2213,1747939648.5342786,0.007891885936260223
2214,1747939653.654012,0.018386155366897583
2215,1747939656.9853578,0.005752178840339184
2216,1747939662.5632186,0.047431446611881256
2217,1747939668.7731318,0.06635883450508118
2218,1747939674.9842448,0.006514148321002722
2219,1747939680.3420236,0.017264006659388542
2220,1747939685.6760535,0.09206677973270416
2221,1747939689.5294516,0.07255928963422775
2222,1747939696.1652715,0.0072256093844771385
2223,1747939703.840651,0.010299261659383774
2224,1747939709.468824,0.0010317653650417924
2225,1747939714.5956042,0.005292071029543877
2226,1747939721.3497026,0.0011326884850859642
2227,1747939726.016956,0.05084686726331711
2228,1747939731.846603,0.0031728704925626516
2229,1747939739.4581456,0.04548685997724533
2230,1747939744.2531013,0.05807175487279892
2231,1747939750.4792037,0.009653985500335693
2232,1747939754.983413,0.01229699607938528
2233,1747939760.1766484,0.04518014192581177
2234,1747939764.3510106,0.0004199921095278114
2235,1747939769.9187493,0.055826716125011444
2236,1747939775.9434896,0.001170592149719596
2237,1747939781.1692078,0.10475921630859375
2238,1747939787.9886932,0.016195150092244148
2239,1747939793.2138464,0.0006563819479197264
2240,1747939801.416798,0.04224420711398125
2241,1747939806.4484127,0.3810570240020752
2242,1747939811.3875606,0.2005283534526825
2243,1747939816.8285499,0.09808435291051865
2244,1747939824.3140423,0.0008150841458700597
2245,1747939828.9293833,0.03654556721448898
2246,1747939836.1148682,0.1360766738653183
2247,1747939840.1945684,0.055705394595861435
2248,1747939844.3593488,0.005552665330469608
2249,1747939849.818665,0.009444216266274452
2250,1747939855.8363426,0.06583918631076813
2251,1747939862.030417,0.07723787426948547
2252,1747939868.0822654,0.023031508550047874
2253,1747939872.6787438,0.09987501800060272
2254,1747939879.997982,0.25455808639526367
2255,1747939888.3311357,0.11787956953048706
2256,1747939894.9467013,0.011771190911531448
2257,1747939900.1401432,0.022058717906475067
2258,1747939904.54294,0.025838490575551987
2259,1747939910.5352206,0.044820189476013184
2260,1747939917.04187,0.045329224318265915
2261,1747939922.770528,0.037184055894613266
2262,1747939927.2419174,0.14921483397483826
2263,1747939933.9894958,0.11191590875387192
2264,1747939939.436803,0.018492592498660088
2265,1747939945.1627657,0.002286122413352132
2266,1747939953.3331795,0.11449944972991943
2267,1747939961.1147714,0.020441867411136627
2268,1747939968.170117,0.01283551286906004
2269,1747939973.5062459,0.225796639919281
2270,1747939977.8620026,0.003917388617992401
2271,1747939985.7746289,0.09623987972736359
2272,1747939991.377907,0.03124893084168434
2273,1747939996.470674,0.08873571455478668
2274,1747940001.0005229,0.005809929221868515
2275,1747940005.784385,0.013261992484331131
2276,1747940011.4653668,0.031091926619410515
2277,1747940017.2612782,0.00467650918290019
2278,1747940023.4582367,0.09393823146820068
2279,1747940030.2135866,0.017874417826533318
2280,1747940035.151483,0.0027670175768435
2281,1747940039.3756933,0.008665291592478752
2282,1747940044.0709088,0.0036463141441345215
2283,1747940048.0475287,0.06405363976955414
2284,1747940054.3742554,0.015652131289243698
2285,1747940061.3902419,0.0030840570107102394
2286,1747940067.3357923,0.01700413040816784
2287,1747940074.7149537,0.019024819135665894
2288,1747940077.9331124,0.0023328184615820646
2289,1747940085.1006138,0.07316937297582626
2290,1747940091.86383,0.01774236373603344
2291,1747940097.521319,0.08012975752353668
2292,1747940102.0323682,0.0022665075957775116
2293,1747940106.1818686,0.010228308849036694
2294,1747940111.8571413,0.013067422434687614
2295,1747940118.9971313,0.12883701920509338
2296,1747940124.065145,0.008288114331662655
2297,1747940130.139997,0.0251786932349205
2298,1747940133.9678864,0.11308443546295166
2299,1747940139.1603324,0.0008287299424409866
2300,1747940144.369856,0.28345412015914917
2301,1747940151.5643353,0.004432559944689274
2302,1747940157.1905868,0.003723548259586096
2303,1747940160.6370096,0.03199104964733124
2304,1747940166.2802086,0.004149372689425945
2305,1747940171.5978477,0.002942753490060568
2306,1747940176.4976556,0.02952202409505844
2307,1747940180.303488,0.5504565238952637
2308,1747940185.465442,0.3658158481121063
2309,1747940191.9982755,0.05692503601312637
2310,1747940198.2537847,0.13165228068828583
2311,1747940204.2661521,0.001619440969079733
2312,1747940209.0796638,0.08647716045379639
2313,1747940216.0927062,0.03582480177283287
2314,1747940220.3369534,0.5649170279502869
2315,1747940225.5577662,0.11563079804182053
2316,1747940231.6792274,0.18036918342113495
2317,1747940237.3063564,0.04644877836108208
2318,1747940244.5518243,0.05602887272834778
2319,1747940251.5704353,0.06356794387102127
2320,1747940252.867876,0.0369998961687088
