step,wall_time,value
1,1745682852.9871323,1.2345679145653321e-08
2,1745682871.3231697,2.4691358291306642e-08
3,1745682882.144934,3.7037036548781543e-08
4,1745682904.7640324,4.9382716582613284e-08
5,1745682912.0036843,6.172839306373135e-08
6,1745682923.494183,7.407407309756309e-08
7,1745682945.9262729,8.641975313139483e-08
8,1745682955.3349683,9.876543316522657e-08
9,1745682970.703999,1.1111111319905831e-07
10,1745682988.9555874,1.234567861274627e-07
11,1745683000.295447,1.3580246616129443e-07
12,1745683013.2596533,1.4814814619512617e-07
13,1745683031.8720567,1.6049382622895791e-07
14,1745683054.08944,1.7283950626278966e-07
15,1745683070.0380538,1.851851862966214e-07
16,1745683081.91794,1.9753086633045314e-07
17,1745683105.9827542,2.0987654636428488e-07
18,1745683116.2431364,2.2222222639811662e-07
19,1745683137.800443,2.3456790643194836e-07
20,1745683156.9945161,2.469135722549254e-07
21,1745683173.959045,2.592592522887571e-07
22,1745683191.6664119,2.7160493232258887e-07
23,1745683198.4302258,2.839506123564206e-07
24,1745683213.4045181,2.9629629239025235e-07
25,1745683231.3605204,3.086419724240841e-07
26,1745683249.4933174,3.2098765245791583e-07
27,1745683256.5820146,3.3333333249174757e-07
28,1745683266.8110979,3.456790125255793e-07
29,1745683284.8817942,3.5802469255941105e-07
30,1745683307.350643,3.703703725932428e-07
31,1745683328.95002,3.8271605262707453e-07
32,1745683349.7480848,3.9506173266090627e-07
33,1745683365.8747637,4.07407412694738e-07
34,1745683377.3784602,4.1975309272856975e-07
35,1745683389.2829309,4.320987727624015e-07
36,1745683402.4026005,4.4444445279623324e-07
37,1745683420.002029,4.56790132830065e-07
38,1745683428.8407326,4.691358128638967e-07
39,1745683444.3166308,4.814814928977285e-07
40,1745683467.6236503,4.938271445098508e-07
41,1745683486.844788,5.061728529653919e-07
42,1745683504.3600495,5.185185045775142e-07
43,1745683512.6571467,5.308642130330554e-07
44,1745683532.1106505,5.432098646451777e-07
45,1745683557.844445,5.555555731007189e-07
46,1745683576.290755,5.679012247128412e-07
47,1745683587.267859,5.802469331683824e-07
48,1745683603.4603662,5.925925847805047e-07
49,1745683617.502148,6.049382932360459e-07
50,1745683636.5952392,6.172839448481682e-07
51,1745683645.0073252,6.296296533037093e-07
52,1745683661.676158,6.419753049158317e-07
53,1745683675.2046847,6.543210133713728e-07
54,1745683693.0552135,6.666666649834951e-07
55,1745683709.7578065,6.790123734390363e-07
56,1745683719.7316256,6.913580250511586e-07
57,1745683731.841062,7.037036766632809e-07
58,1745683753.9253411,7.160493851188221e-07
59,1745683769.818339,7.283950367309444e-07
60,1745683790.5083604,7.407407451864856e-07
61,1745683802.8661196,7.530863967986079e-07
62,1745683813.4799333,7.654321052541491e-07
63,1745683821.6312363,7.777777568662714e-07
64,1745683839.4428487,7.901234653218125e-07
65,1745683855.725601,8.024691169339349e-07
66,1745683870.1803763,8.14814825389476e-07
67,1745683878.2320888,8.271604770015983e-07
68,1745683899.3205485,8.395061854571395e-07
69,1745683913.3444388,8.518518370692618e-07
70,1745683923.1163914,8.64197545524803e-07
71,1745683938.9099169,8.765431971369253e-07
72,1745683963.5098147,8.888889055924665e-07
73,1745683979.3811383,9.012345572045888e-07
74,1745683990.402011,9.1358026566013e-07
75,1745684001.317464,9.259259172722523e-07
76,1745684007.7079606,9.382716257277934e-07
77,1745684031.2080667,9.506172773399157e-07
78,1745684051.416989,9.62962985795457e-07
79,1745684060.618843,9.75308694250998e-07
80,1745684073.551585,9.876542890197015e-07
81,1745684079.2115343,9.999999974752427e-07
82,1745684213.3622966,1.0123457059307839e-06
83,1745684226.20459,1.024691414386325e-06
84,1745684244.221581,1.0370370091550285e-06
85,1745684252.5378585,1.0493827176105697e-06
86,1745684261.716377,1.0617284260661108e-06
87,1745684288.9839149,1.0740740208348143e-06
88,1745684306.6815543,1.0864197292903555e-06
89,1745684318.323289,1.0987654377458966e-06
90,1745684337.431657,1.1111111462014378e-06
91,1745684345.8936498,1.1234567409701413e-06
92,1745684362.130931,1.1358024494256824e-06
93,1745684372.2299907,1.1481481578812236e-06
94,1745684383.4856062,1.1604938663367648e-06
95,1745684395.841345,1.1728394611054682e-06
96,1745684413.1696894,1.1851851695610094e-06
97,1745684427.320868,1.1975308780165506e-06
98,1745684439.1521654,1.2098765864720917e-06
99,1745684456.0768263,1.2222221812407952e-06
100,1745684463.5322077,1.2345678896963364e-06
101,1745684479.1350822,1.2469135981518775e-06
102,1745684486.4484744,1.2592593066074187e-06
103,1745684514.1594737,1.2716049013761221e-06
104,1745684530.738143,1.2839506098316633e-06
105,1745684544.7281883,1.2962963182872045e-06
106,1745684554.7787037,1.3086420267427457e-06
107,1745684581.619953,1.3209876215114491e-06
108,1745684595.576429,1.3333333299669903e-06
109,1745684606.921748,1.3456790384225314e-06
110,1745684623.0190077,1.3580247468780726e-06
111,1745684633.3987892,1.370370341646776e-06
112,1745684644.5377133,1.3827160501023172e-06
113,1745684665.258324,1.3950617585578584e-06
114,1745684682.365771,1.4074073533265619e-06
115,1745684693.252045,1.419753061782103e-06
116,1745684711.794642,1.4320987702376442e-06
117,1745684735.4456055,1.4444444786931854e-06
118,1745684754.364443,1.4567900734618888e-06
119,1745684767.6281157,1.46913578191743e-06
120,1745684784.3659868,1.4814814903729712e-06
121,1745684796.435477,1.4938271988285123e-06
122,1745684816.0775714,1.5061727935972158e-06
123,1745684839.6314085,1.518518502052757e-06
124,1745684851.4063315,1.5308642105082981e-06
125,1745684877.5105221,1.5432099189638393e-06
126,1745684885.5336614,1.5555555137325427e-06
127,1745684906.6202686,1.567901222188084e-06
128,1745684916.2776906,1.580246930643625e-06
129,1745684940.707041,1.5925926390991663e-06
130,1745684949.89607,1.6049382338678697e-06
131,1745684965.1893046,1.6172839423234109e-06
132,1745684977.8377867,1.629629650778952e-06
133,1745684999.0120218,1.6419753592344932e-06
134,1745685005.8003945,1.6543209540031967e-06
135,1745685022.041893,1.6666666624587378e-06
136,1745685039.5024722,1.679012370914279e-06
137,1745685050.1995926,1.6913580793698202e-06
138,1745685064.5995033,1.7037036741385236e-06
139,1745685076.265458,1.7160493825940648e-06
140,1745685089.9667501,1.728395091049606e-06
141,1745685103.8654566,1.7407406858183094e-06
142,1745685120.3052998,1.7530863942738506e-06
143,1745685128.78399,1.7654321027293918e-06
144,1745685145.60264,1.777777811184933e-06
145,1745685160.9142642,1.7901234059536364e-06
146,1745685175.9978046,1.8024691144091776e-06
147,1745685186.2996352,1.8148148228647187e-06
148,1745685207.8960085,1.82716053132026e-06
149,1745685219.5082855,1.8395061260889634e-06
150,1745685236.8247976,1.8518518345445045e-06
151,1745685256.6365979,1.8641975430000457e-06
152,1745685287.9051406,1.8765432514555869e-06
153,1745685305.111176,1.8888888462242903e-06
154,1745685313.8210568,1.9012345546798315e-06
155,1745685333.501931,1.9135802631353727e-06
156,1745685347.1461718,1.925925971590914e-06
157,1745685367.14191,1.938271680046455e-06
158,1745685383.2084985,1.950617388501996e-06
159,1745685392.035036,1.962962869583862e-06
160,1745685410.6306531,1.975308578039403e-06
161,1745685428.446085,1.9876542864949442e-06
162,1745685434.26455,1.9999999949504854e-06
163,1745685566.1947978,2.0123457034060266e-06
164,1745685590.1796014,2.0246914118615678e-06
165,1745685600.0192442,2.037037120317109e-06
166,1745685617.0186877,2.04938282877265e-06
167,1745685643.2894025,2.061728309854516e-06
168,1745685667.1047559,2.074074018310057e-06
169,1745685685.1383908,2.086419726765598e-06
170,1745685696.0067136,2.0987654352211393e-06
171,1745685705.9652007,2.1111111436766805e-06
172,1745685724.656483,2.1234568521322217e-06
173,1745685731.8668559,2.135802560587763e-06
174,1745685751.8971539,2.1481480416696286e-06
175,1745685782.3798766,2.1604937501251698e-06
176,1745685805.7233193,2.172839458580711e-06
177,1745685823.0959878,2.185185167036252e-06
178,1745685839.5260537,2.1975308754917933e-06
179,1745685847.248513,2.2098765839473344e-06
180,1745685872.4004567,2.2222222924028756e-06
181,1745685881.015287,2.2345680008584168e-06
182,1745685907.5978684,2.2469134819402825e-06
183,1745685919.6496224,2.2592591903958237e-06
184,1745685936.5060494,2.271604898851365e-06
185,1745685944.440991,2.283950607306906e-06
186,1745685969.2254553,2.296296315762447e-06
187,1745685987.0007038,2.3086420242179884e-06
188,1745686006.1507618,2.3209877326735295e-06
189,1745686021.3181202,2.3333334411290707e-06
190,1745686029.1779945,2.3456789222109364e-06
191,1745686046.6801329,2.3580246306664776e-06
192,1745686055.9534924,2.3703703391220188e-06
193,1745686068.4699793,2.38271604757756e-06
194,1745686078.3370075,2.395061756033101e-06
195,1745686093.78882,2.4074074644886423e-06
196,1745686110.2354887,2.4197531729441835e-06
197,1745686119.082913,2.432098654026049e-06
198,1745686128.9212902,2.4444443624815904e-06
199,1745686143.348368,2.4567900709371315e-06
200,1745686162.8414106,2.4691357793926727e-06
201,1745686179.8366804,2.481481487848214e-06
202,1745686198.9729702,2.493827196303755e-06
203,1745686206.35916,2.5061729047592962e-06
204,1745686227.1432843,2.5185186132148374e-06
205,1745686238.3794851,2.530864094296703e-06
206,1745686257.3310645,2.5432098027522443e-06
207,1745686273.2092206,2.5555555112077855e-06
208,1745686286.2417228,2.5679012196633266e-06
209,1745686304.3498118,2.580246928118868e-06
210,1745686316.221461,2.592592636574409e-06
211,1745686337.0599284,2.60493834502995e-06
212,1745686355.479671,2.6172840534854913e-06
213,1745686380.272835,2.629629534567357e-06
214,1745686395.7147214,2.6419752430228982e-06
215,1745686410.4294815,2.6543209514784394e-06
216,1745686430.841161,2.6666666599339806e-06
217,1745686442.7916512,2.6790123683895217e-06
218,1745686458.7308495,2.691358076845063e-06
219,1745686473.469546,2.703703785300604e-06
220,1745686483.3469648,2.7160494937561452e-06
221,1745686504.0780327,2.728394974838011e-06
222,1745686521.6885905,2.740740683293552e-06
223,1745686529.5140502,2.7530863917490933e-06
224,1745686549.3532577,2.7654321002046345e-06
225,1745686561.3388903,2.7777778086601757e-06
226,1745686570.6323771,2.790123517115717e-06
227,1745686581.5061927,2.802469225571258e-06
228,1745686601.741084,2.8148147066531237e-06
229,1745686610.716485,2.827160415108665e-06
230,1745686637.7074718,2.839506123564206e-06
231,1745686644.4638722,2.8518518320197472e-06
232,1745686671.190305,2.8641975404752884e-06
233,1745686686.094664,2.8765432489308296e-06
234,1745686696.7187588,2.8888889573863707e-06
235,1745686712.0105245,2.901234665841912e-06
236,1745686723.439923,2.9135801469237776e-06
237,1745686737.340008,2.925925855379319e-06
238,1745686744.2705827,2.93827156383486e-06
239,1745686761.61016,2.950617272290401e-06
240,1745686774.1854818,2.9629629807459423e-06
241,1745686786.1410728,2.9753086892014835e-06
242,1745686800.0742,2.9876543976570247e-06
243,1745686806.2903914,3.000000106112566e-06
244,1745686918.736118,3.0123455871944316e-06
245,1745686930.6118596,3.0246912956499727e-06
246,1745686958.360604,3.037037004105514e-06
247,1745686985.8268251,3.049382712561055e-06
248,1745686992.7515395,3.0617284210165963e-06
249,1745687008.6961172,3.0740741294721374e-06
250,1745687015.275253,3.0864198379276786e-06
251,1745687027.9861383,3.0987653190095443e-06
252,1745687037.6185033,3.1111110274650855e-06
253,1745687052.9045453,3.1234567359206267e-06
254,1745687076.9370496,3.135802444376168e-06
255,1745687094.0229182,3.148148152831709e-06
256,1745687109.16673,3.16049386128725e-06
257,1745687125.652188,3.1728395697427914e-06
258,1745687136.7688146,3.1851852781983325e-06
259,1745687152.2951696,3.1975307592801983e-06
260,1745687172.1475437,3.2098764677357394e-06
261,1745687188.8642955,3.2222221761912806e-06
262,1745687199.6937304,3.2345678846468218e-06
263,1745687214.766592,3.246913593102363e-06
264,1745687238.7950025,3.259259301557904e-06
265,1745687260.0516295,3.2716050100134453e-06
266,1745687274.6277368,3.2839507184689865e-06
267,1745687281.8642125,3.296296199550852e-06
268,1745687302.2509532,3.3086419080063934e-06
269,1745687313.5715482,3.3209876164619345e-06
270,1745687329.7640662,3.3333333249174757e-06
271,1745687338.0184052,3.345679033373017e-06
272,1745687361.5208094,3.358024741828558e-06
273,1745687377.1547477,3.370370450284099e-06
274,1745687389.9759314,3.3827161587396404e-06
275,1745687413.8459053,3.395061639821506e-06
276,1745687434.8104043,3.4074073482770473e-06
277,1745687453.1513002,3.4197530567325884e-06
278,1745687468.0070934,3.4320987651881296e-06
279,1745687487.2577732,3.444444473643671e-06
280,1745687496.116258,3.456790182099212e-06
281,1745687512.2894483,3.469135890554753e-06
282,1745687524.3746912,3.481481371636619e-06
283,1745687537.268959,3.49382708009216e-06
284,1745687556.6149676,3.506172788547701e-06
285,1745687573.1732643,3.5185184970032424e-06
286,1745687579.733862,3.5308642054587835e-06
287,1745687602.787999,3.5432099139143247e-06
288,1745687616.1933923,3.555555622369866e-06
289,1745687623.9437163,3.567901330825407e-06
290,1745687644.847221,3.5802468119072728e-06
291,1745687674.3407764,3.592592520362814e-06
292,1745687688.292379,3.604938228818355e-06
293,1745687701.116663,3.6172839372738963e-06
294,1745687717.2209902,3.6296296457294375e-06
295,1745687732.5287485,3.6419753541849786e-06
296,1745687740.5123858,3.65432106264052e-06
297,1745687761.0997841,3.666666771096061e-06
298,1745687776.7324536,3.6790122521779267e-06
299,1745687797.5679386,3.691357960633468e-06
300,1745687805.2985687,3.703703669089009e-06
301,1745687820.9665048,3.7160493775445502e-06
302,1745687850.0597703,3.7283950860000914e-06
303,1745687877.8719819,3.7407407944556326e-06
304,1745687894.4231083,3.7530865029111737e-06
305,1745687900.9923723,3.765432211366715e-06
306,1745687922.040504,3.7777776924485806e-06
307,1745687939.8868148,3.790123400904122e-06
308,1745687950.3462732,3.802469109359663e-06
309,1745687977.1346965,3.814814590441529e-06
310,1745688000.4332876,3.827160526270745e-06
311,1745688027.1391082,3.839506007352611e-06
312,1745688035.2970178,3.851851943181828e-06
313,1745688054.7532985,3.864197424263693e-06
314,1745688076.465403,3.87654336009291e-06
315,1745688087.122051,3.888888841174776e-06
316,1745688097.950994,3.901234777003992e-06
317,1745688114.3498182,3.913580258085858e-06
318,1745688133.589393,3.925925739167724e-06
319,1745688142.142323,3.93827167499694e-06
320,1745688157.3994658,3.950617156078806e-06
321,1745688169.0390527,3.962963091908023e-06
322,1745688191.304484,3.9753085729898885e-06
323,1745688203.871299,3.987654508819105e-06
324,1745688208.128489,3.999999989900971e-06
325,1745688332.2367628,4.0123454709828366e-06
326,1745688351.5834947,4.024691406812053e-06
327,1745688364.5498874,4.037036887893919e-06
328,1745688374.119713,4.0493828237231355e-06
329,1745688393.9205694,4.061728304805001e-06
330,1745688408.1754732,4.074074240634218e-06
331,1745688421.8128479,4.086419721716084e-06
332,1745688434.4587708,4.0987656575453e-06
333,1745688450.495838,4.111111138627166e-06
334,1745688474.3873577,4.123456619709032e-06
335,1745688489.8006887,4.135802555538248e-06
336,1745688499.5273962,4.148148036620114e-06
337,1745688514.2569242,4.160493972449331e-06
338,1745688523.0048282,4.172839453531196e-06
339,1745688544.9849763,4.185185389360413e-06
340,1745688556.938733,4.197530870442279e-06
341,1745688576.8229754,4.209876351524144e-06
342,1745688596.895105,4.222222287353361e-06
343,1745688613.3904898,4.234567768435227e-06
344,1745688625.2277377,4.246913704264443e-06
345,1745688651.221812,4.259259185346309e-06
346,1745688663.7823455,4.271605121175526e-06
347,1745688685.4587548,4.2839506022573914e-06
348,1745688702.9404871,4.296296083339257e-06
349,1745688711.3367252,4.308642019168474e-06
350,1745688724.7989116,4.3209875002503395e-06
351,1745688741.9063897,4.333333436079556e-06
352,1745688751.0398433,4.345678917161422e-06
353,1745688767.769448,4.3580248529906385e-06
354,1745688777.5158165,4.370370334072504e-06
355,1745688791.7775726,4.382716269901721e-06
356,1745688804.4663594,4.3950617509835865e-06
357,1745688819.7442946,4.407407232065452e-06
358,1745688836.5963438,4.419753167894669e-06
359,1745688854.2485092,4.432098648976535e-06
360,1745688867.2368586,4.444444584805751e-06
361,1745688874.579855,4.456790065887617e-06
362,1745688895.9968042,4.4691360017168336e-06
363,1745688915.7583797,4.481481482798699e-06
364,1745688925.5249243,4.493826963880565e-06
365,1745688939.1308987,4.506172899709782e-06
366,1745688951.6480892,4.518518380791647e-06
367,1745688965.9691057,4.530864316620864e-06
368,1745688988.96699,4.54320979770273e-06
369,1745689002.0576408,4.555555733531946e-06
370,1745689016.4021904,4.567901214613812e-06
371,1745689035.6759307,4.580246695695678e-06
372,1745689050.8669355,4.592592631524894e-06
373,1745689057.2044213,4.60493811260676e-06
374,1745689079.561785,4.617284048435977e-06
375,1745689099.409731,4.6296295295178425e-06
376,1745689113.4891562,4.641975465347059e-06
377,1745689124.4338078,4.654320946428925e-06
378,1745689135.7966921,4.666666882258141e-06
379,1745689153.6569934,4.679012363340007e-06
380,1745689163.8403926,4.691357844421873e-06
381,1745689181.069747,4.7037037802510895e-06
382,1745689199.257907,4.716049261332955e-06
383,1745689213.6727586,4.728395197162172e-06
384,1745689222.2313335,4.7407406782440376e-06
385,1745689239.3886297,4.753086614073254e-06
386,1745689256.3731768,4.76543209515512e-06
387,1745689278.4878693,4.777777576236986e-06
388,1745689291.9868681,4.790123512066202e-06
389,1745689317.9719143,4.802468993148068e-06
390,1745689327.7135072,4.814814928977285e-06
391,1745689343.5952976,4.82716041005915e-06
392,1745689361.964242,4.839506345888367e-06
393,1745689380.067302,4.851851826970233e-06
394,1745689390.9424176,4.864197308052098e-06
395,1745689414.5693545,4.876543243881315e-06
396,1745689422.4618676,4.888888724963181e-06
397,1745689440.8992083,4.901234660792397e-06
398,1745689451.7179573,4.913580141874263e-06
399,1745689461.5832806,4.92592607770348e-06
400,1745689480.5152838,4.938271558785345e-06
401,1745689501.1784837,4.950617494614562e-06
402,1745689507.4469697,4.962962975696428e-06
403,1745689529.289879,4.9753084567782935e-06
404,1745689547.7724807,4.98765439260751e-06
405,1745689552.089121,4.999999873689376e-06
406,1745689662.612244,5.0123458095185924e-06
407,1745689674.2627285,5.024691290600458e-06
408,1745689689.3286145,5.037037226429675e-06
409,1745689718.4320867,5.0493827075115405e-06
410,1745689737.0155964,5.061728188593406e-06
411,1745689755.8127725,5.074074124422623e-06
412,1745689768.430438,5.0864196055044886e-06
413,1745689782.5615296,5.098765541333705e-06
414,1745689800.3848722,5.111111022415571e-06
415,1745689810.5697267,5.1234569582447875e-06
416,1745689837.5826018,5.135802439326653e-06
417,1745689854.0684311,5.14814837515587e-06
418,1745689860.5039325,5.160493856237736e-06
419,1745689884.5623248,5.172839337319601e-06
420,1745689900.510008,5.185185273148818e-06
421,1745689916.279613,5.197530754230684e-06
422,1745689933.4269574,5.2098766900599e-06
423,1745689945.457021,5.222222171141766e-06
424,1745689960.4488904,5.234568106970983e-06
425,1745689979.838945,5.246913588052848e-06
426,1745689990.2589881,5.259259069134714e-06
427,1745690003.7588272,5.271605004963931e-06
428,1745690022.1856148,5.2839504860457964e-06
429,1745690040.6741853,5.296296421875013e-06
430,1745690062.9554007,5.308641902956879e-06
431,1745690075.319469,5.320987838786095e-06
432,1745690088.3744416,5.333333319867961e-06
433,1745690101.6208484,5.345678800949827e-06
434,1745690124.2044556,5.3580247367790435e-06
435,1745690141.2480953,5.370370217860909e-06
436,1745690157.0611904,5.382716153690126e-06
437,1745690167.345291,5.3950616347719915e-06
438,1745690185.5155222,5.407407570601208e-06
439,1745690196.3285718,5.419753051683074e-06
440,1745690210.7335372,5.4320989875122905e-06
441,1745690222.694529,5.444444468594156e-06
442,1745690242.9556508,5.456789949676022e-06
443,1745690257.7673695,5.4691358855052385e-06
444,1745690270.1435814,5.481481366587104e-06
445,1745690287.0546598,5.493827302416321e-06
446,1745690308.015211,5.506172783498187e-06
447,1745690327.0404756,5.518518719327403e-06
448,1745690342.6415033,5.530864200409269e-06
449,1745690358.2784617,5.543209681491135e-06
450,1745690384.9714563,5.555555617320351e-06
451,1745690407.788002,5.567901098402217e-06
452,1745690433.1671495,5.580247034231434e-06
453,1745690446.0607166,5.592592515313299e-06
454,1745690459.995271,5.604938451142516e-06
455,1745690484.4770446,5.617283932224382e-06
456,1745690494.1747622,5.6296294133062474e-06
457,1745690511.3468103,5.641975349135464e-06
458,1745690523.836393,5.65432083021733e-06
459,1745690531.2658718,5.666666766046546e-06
460,1745690549.1792624,5.679012247128412e-06
461,1745690567.6787848,5.691358182957629e-06
462,1745690582.978017,5.7037036640394945e-06
463,1745690612.0421207,5.716049599868711e-06
464,1745690630.8453903,5.728395080950577e-06
465,1745690640.0856094,5.7407405620324425e-06
466,1745690664.8284268,5.753086497861659e-06
467,1745690674.095141,5.765431978943525e-06
468,1745690685.991132,5.7777779147727415e-06
469,1745690696.2361505,5.790123395854607e-06
470,1745690706.0917704,5.802469331683824e-06
471,1745690722.597553,5.8148148127656896e-06
472,1745690732.661203,5.827160293847555e-06
473,1745690747.3088496,5.839506229676772e-06
474,1745690767.0782049,5.851851710758638e-06
475,1745690789.5071485,5.864197646587854e-06
476,1745690799.3816469,5.87654312766972e-06
477,1745690809.8109124,5.888889063498937e-06
478,1745690826.9400795,5.901234544580802e-06
479,1745690840.6967442,5.913580025662668e-06
480,1745690849.9507823,5.925925961491885e-06
481,1745690862.7749786,5.93827144257375e-06
482,1745690881.0369935,5.950617378402967e-06
483,1745690892.5789614,5.962962859484833e-06
484,1745690904.8337243,5.975308795314049e-06
485,1745690922.937291,5.987654276395915e-06
486,1745690928.3681364,6.000000212225132e-06
487,1745691042.022369,6.012345693306997e-06
488,1745691055.2002053,6.024691174388863e-06
489,1745691068.9439569,6.03703711021808e-06
490,1745691089.4715762,6.0493825912999455e-06
491,1745691100.8090134,6.061728527129162e-06
492,1745691113.4708638,6.074074008211028e-06
493,1745691137.6717389,6.0864199440402444e-06
494,1745691158.71396,6.09876542512211e-06
495,1745691170.5907335,6.111110906203976e-06
496,1745691192.5265174,6.1234568420331925e-06
497,1745691209.32167,6.135802323115058e-06
498,1745691222.4239922,6.148148258944275e-06
499,1745691239.2359345,6.160493740026141e-06
500,1745691254.2272289,6.172839675855357e-06
501,1745691267.8578763,6.185185156937223e-06
502,1745691277.0334134,6.197530638019089e-06
503,1745691293.4419038,6.209876573848305e-06
504,1745691302.708924,6.222222054930171e-06
505,1745691315.8064718,6.234567990759388e-06
506,1745691336.466834,6.246913471841253e-06
507,1745691348.9832892,6.25925940767047e-06
508,1745691367.2599132,6.271604888752336e-06
509,1745691384.7808793,6.283950824581552e-06
510,1745691410.4649153,6.296296305663418e-06
511,1745691424.3685184,6.308641786745284e-06
512,1745691435.3375168,6.3209877225745e-06
513,1745691462.0630076,6.333333203656366e-06
514,1745691468.7279398,6.345679139485583e-06
515,1745691497.3291366,6.3580246205674484e-06
516,1745691508.892075,6.370370556396665e-06
517,1745691523.8425975,6.382716037478531e-06
518,1745691536.6863482,6.3950615185603965e-06
519,1745691549.020236,6.407407454389613e-06
520,1745691560.991035,6.419752935471479e-06
521,1745691576.4829319,6.4320988713006955e-06
522,1745691585.0314767,6.444444352382561e-06
523,1745691601.066424,6.456790288211778e-06
524,1745691610.8856688,6.4691357692936435e-06
525,1745691631.5283585,6.48148170512286e-06
526,1745691664.082026,6.493827186204726e-06
527,1745691682.9827147,6.506172667286592e-06
528,1745691696.731072,6.518518603115808e-06
529,1745691706.0253732,6.530864084197674e-06
530,1745691723.8374162,6.5432100200268906e-06
531,1745691750.3458667,6.555555501108756e-06
532,1745691757.4420638,6.567901436937973e-06
533,1745691775.8474984,6.580246918019839e-06
534,1745691785.4164882,6.592592399101704e-06
535,1745691799.4553788,6.604938334930921e-06
536,1745691812.9540358,6.617283816012787e-06
537,1745691832.4989674,6.629629751842003e-06
538,1745691845.2169273,6.641975232923869e-06
539,1745691854.6754014,6.654321168753086e-06
540,1745691869.0446923,6.666666649834951e-06
541,1745691878.3108928,6.679012130916817e-06
542,1745691896.1314352,6.691358066746034e-06
543,1745691905.6053486,6.7037035478278995e-06
544,1745691921.326146,6.716049483657116e-06
545,1745691944.9057064,6.728394964738982e-06
546,1745691952.1149814,6.740740900568198e-06
547,1745691974.628051,6.753086381650064e-06
548,1745691991.3721063,6.765432317479281e-06
549,1745692002.3897095,6.7777777985611465e-06
550,1745692023.8065634,6.790123279643012e-06
551,1745692033.5958889,6.802469215472229e-06
552,1745692049.6440709,6.8148146965540946e-06
553,1745692075.1711128,6.827160632383311e-06
554,1745692090.8244069,6.839506113465177e-06
555,1745692108.3080528,6.8518520492943935e-06
556,1745692120.230095,6.864197530376259e-06
557,1745692143.9667008,6.876543011458125e-06
558,1745692156.6482015,6.888888947287342e-06
559,1745692176.2298362,6.901234428369207e-06
560,1745692190.8998263,6.913580364198424e-06
561,1745692217.6730287,6.92592584528029e-06
562,1745692229.9254262,6.938271781109506e-06
563,1745692242.3824217,6.950617262191372e-06
564,1745692255.1400306,6.962962743273238e-06
565,1745692272.5752919,6.975308679102454e-06
566,1745692285.4618702,6.98765416018432e-06
567,1745692294.4294825,7.000000096013537e-06
568,1745692420.7588341,7.012345577095402e-06
569,1745692440.173925,7.024691512924619e-06
570,1745692453.1380208,7.037036994006485e-06
571,1745692467.6020558,7.049382929835701e-06
572,1745692497.7030785,7.061728410917567e-06
573,1745692511.8776157,7.074073891999433e-06
574,1745692521.9382489,7.0864198278286494e-06
575,1745692543.4799268,7.098765308910515e-06
576,1745692556.4517307,7.111111244739732e-06
577,1745692564.9300041,7.1234567258215975e-06
578,1745692572.17949,7.135802661650814e-06
579,1745692593.4033208,7.14814814273268e-06
580,1745692604.1900997,7.1604936238145456e-06
581,1745692628.936093,7.172839559643762e-06
582,1745692646.3900862,7.185185040725628e-06
583,1745692659.1625986,7.1975309765548445e-06
584,1745692673.7876225,7.20987645763671e-06
585,1745692695.9435184,7.222222393465927e-06
586,1745692703.889881,7.234567874547793e-06
587,1745692723.6786976,7.246913355629658e-06
588,1745692742.6267478,7.259259291458875e-06
589,1745692763.7804408,7.271604772540741e-06
590,1745692777.362103,7.283950708369957e-06
591,1745692784.908737,7.296296189451823e-06
592,1745692804.2891912,7.30864212528104e-06
593,1745692826.4872432,7.320987606362905e-06
594,1745692847.3088067,7.333333542192122e-06
595,1745692860.729938,7.345679023273988e-06
596,1745692878.7953732,7.358024504355853e-06
597,1745692898.472629,7.37037044018507e-06
598,1745692915.447616,7.382715921266936e-06
599,1745692930.9507222,7.395061857096152e-06
600,1745692956.1046154,7.407407338178018e-06
601,1745692973.3662724,7.419753274007235e-06
602,1745692989.658598,7.4320987550891005e-06
603,1745693003.7039285,7.444444236170966e-06
604,1745693014.5118203,7.456790172000183e-06
605,1745693027.0721219,7.4691356530820485e-06
606,1745693038.7549255,7.481481588911265e-06
607,1745693054.9729712,7.493827069993131e-06
608,1745693070.2983413,7.5061730058223475e-06
609,1745693082.4175847,7.518518486904213e-06
610,1745693104.5425463,7.53086442273343e-06
611,1745693119.210491,7.5432099038152955e-06
612,1745693134.3051,7.555555384897161e-06
613,1745693145.759561,7.567901320726378e-06
614,1745693163.256336,7.580246801808244e-06
615,1745693173.287639,7.59259273763746e-06
616,1745693194.8704643,7.604938218719326e-06
617,1745693215.278333,7.6172841545485426e-06
618,1745693225.0293162,7.629629180883057e-06
619,1745693246.9868865,7.641975571459625e-06
620,1745693254.8419561,7.65432105254149e-06
621,1745693270.875844,7.666666533623356e-06
622,1745693281.2866085,7.679012014705222e-06
623,1745693308.00291,7.69135840528179e-06
624,1745693320.2115438,7.703703886363655e-06
625,1745693346.1548982,7.716049367445521e-06
626,1745693355.9602885,7.728394848527387e-06
627,1745693372.6117764,7.740740329609253e-06
628,1745693399.0330944,7.75308672018582e-06
629,1745693412.6202052,7.765432201267686e-06
630,1745693423.9462056,7.777777682349551e-06
631,1745693433.969455,7.790123163431417e-06
632,1745693454.2923396,7.802469554007985e-06
633,1745693473.9809213,7.81481503508985e-06
634,1745693492.2170465,7.827160516171716e-06
635,1745693501.995191,7.839505997253582e-06
636,1745693517.5817075,7.851851478335448e-06
637,1745693532.3990514,7.864197868912015e-06
638,1745693543.0616615,7.87654334999388e-06
639,1745693563.9580195,7.888888831075747e-06
640,1745693574.407841,7.901234312157612e-06
641,1745693592.78496,7.913579793239478e-06
642,1745693604.0307539,7.925926183816046e-06
643,1745693626.2804658,7.938271664897911e-06
644,1745693636.7414892,7.950617145979777e-06
645,1745693661.76412,7.962962627061643e-06
646,1745693681.9273467,7.97530901763821e-06
647,1745693700.3126934,7.987654498720076e-06
648,1745693705.31762,7.999999979801942e-06
649,1745693815.4871075,8.012345460883807e-06
650,1745693841.2708414,8.024690941965673e-06
651,1745693850.7151055,8.03703733254224e-06
652,1745693865.8744528,8.049382813624106e-06
653,1745693883.1538281,8.061728294705972e-06
654,1745693896.889624,8.074073775787838e-06
655,1745693908.1009698,8.086420166364405e-06
656,1745693921.4154878,8.098765647446271e-06
657,1745693945.0472646,8.111111128528137e-06
658,1745693958.524299,8.123456609610002e-06
659,1745693989.9131,8.135802090691868e-06
660,1745694018.0623128,8.148148481268436e-06
661,1745694043.522425,8.160493962350301e-06
662,1745694071.0428383,8.172839443432167e-06
663,1745694088.2524936,8.185184924514033e-06
664,1745694114.253963,8.1975313150906e-06
665,1745694138.9202838,8.209876796172466e-06
666,1745694159.6856074,8.222222277254332e-06
667,1745694181.281754,8.234567758336198e-06
668,1745694204.0752368,8.246913239418063e-06
669,1745694225.740154,8.25925962999463e-06
670,1745694240.1779203,8.271605111076497e-06
671,1745694273.0896423,8.283950592158362e-06
672,1745694301.3267207,8.296296073240228e-06
673,1745694327.2007918,8.308641554322094e-06
674,1745694351.3286424,8.320987944898661e-06
675,1745694392.0614445,8.333333425980527e-06
676,1745694406.4584968,8.345678907062393e-06
677,1745694428.8877547,8.358024388144258e-06
678,1745694453.7072816,8.370370778720826e-06
679,1745694478.3309422,8.382716259802692e-06
680,1745694506.2306218,8.395061740884557e-06
681,1745694520.4887557,8.407407221966423e-06
682,1745694547.170324,8.419752703048289e-06
683,1745694572.7212362,8.432099093624856e-06
684,1745694592.0052116,8.444444574706722e-06
685,1745694619.5759916,8.456790055788588e-06
686,1745694631.9636576,8.469135536870454e-06
687,1745694661.575198,8.481481927447021e-06
688,1745694689.0044136,8.493827408528887e-06
689,1745694720.8511114,8.506172889610752e-06
690,1745694740.447201,8.518518370692618e-06
691,1745694758.480447,8.530863851774484e-06
692,1745694788.157042,8.543210242351051e-06
693,1745694809.3143315,8.555555723432917e-06
694,1745694833.6683145,8.567901204514783e-06
695,1745694866.2237298,8.580246685596649e-06
696,1745694900.0339487,8.592592166678514e-06
697,1745694931.7396302,8.604938557255082e-06
698,1745694959.0863972,8.617284038336948e-06
699,1745694982.4980865,8.629629519418813e-06
700,1745695011.707399,8.641975000500679e-06
701,1745695041.9336598,8.654321391077247e-06
702,1745695069.3746412,8.666666872159112e-06
703,1745695099.0477896,8.679012353240978e-06
704,1745695126.0789754,8.691357834322844e-06
705,1745695145.9442792,8.70370331540471e-06
706,1745695166.7858071,8.716049705981277e-06
707,1745695198.874517,8.728395187063143e-06
708,1745695224.8245232,8.740740668145008e-06
709,1745695255.3390393,8.753086149226874e-06
710,1745695279.3204813,8.765432539803442e-06
711,1745695302.037744,8.777778020885307e-06
712,1745695329.6460133,8.790123501967173e-06
713,1745695348.5158055,8.802468983049039e-06
714,1745695380.4671905,8.814814464130905e-06
715,1745695417.4827025,8.827160854707472e-06
716,1745695440.2173932,8.839506335789338e-06
717,1745695462.4346697,8.851851816871203e-06
718,1745695492.0122957,8.86419729795307e-06
719,1745695522.292704,8.876542779034935e-06
720,1745695546.3359182,8.888889169611502e-06
721,1745695573.4108024,8.901234650693368e-06
722,1745695603.0906281,8.913580131775234e-06
723,1745695628.070726,8.9259256128571e-06
724,1745695657.7736924,8.938272003433667e-06
725,1745695685.849117,8.950617484515533e-06
726,1745695714.4289434,8.962962965597399e-06
727,1745695737.7783823,8.975308446679264e-06
728,1745695763.4377823,8.98765392776113e-06
729,1745695775.861249,9.000000318337698e-06
730,1745696036.8680344,9.012345799419563e-06
731,1745696066.4398177,9.024691280501429e-06
732,1745696095.8011346,9.037036761583295e-06
733,1745696114.5320995,9.049383152159862e-06
734,1745696144.8909352,9.061728633241728e-06
735,1745696176.722734,9.074074114323594e-06
736,1745696202.9184039,9.08641959540546e-06
737,1745696230.9760087,9.098765076487325e-06
738,1745696257.3283095,9.111111467063893e-06
739,1745696279.6867673,9.123456948145758e-06
740,1745696295.7379172,9.135802429227624e-06
741,1745696321.0690758,9.14814791030949e-06
742,1745696342.28428,9.160493391391356e-06
743,1745696360.7306092,9.172839781967923e-06
744,1745696389.2425168,9.185185263049789e-06
745,1745696416.3395817,9.197530744131655e-06
746,1745696437.2405486,9.20987622521352e-06
747,1745696466.7158775,9.222222615790088e-06
748,1745696484.2219076,9.234568096871953e-06
749,1745696510.6363811,9.24691357795382e-06
750,1745696540.1214476,9.259259059035685e-06
751,1745696571.0136209,9.27160454011755e-06
752,1745696579.9281871,9.283950930694118e-06
753,1745696619.463077,9.296296411775984e-06
754,1745696637.5720007,9.30864189285785e-06
755,1745696665.1898987,9.320987373939715e-06
756,1745696692.424656,9.333333764516283e-06
757,1745696712.036982,9.345679245598149e-06
758,1745696731.4203184,9.358024726680014e-06
759,1745696761.5137691,9.37037020776188e-06
760,1745696793.4756398,9.382715688843746e-06
761,1745696808.0996172,9.395062079420313e-06
762,1745696835.0733702,9.407407560502179e-06
763,1745696859.4702032,9.419753041584045e-06
764,1745696885.5932255,9.43209852266591e-06
765,1745696921.2821853,9.444444003747776e-06
766,1745696949.5764449,9.456790394324344e-06
767,1745696963.0087996,9.46913587540621e-06
768,1745696993.3924599,9.481481356488075e-06
769,1745697015.4483356,9.49382683756994e-06
770,1745697031.5641794,9.506173228146508e-06
771,1745697052.9422169,9.518518709228374e-06
772,1745697079.5216024,9.53086419031024e-06
773,1745697104.2056177,9.543209671392106e-06
774,1745697129.6860964,9.555555152473971e-06
775,1745697159.364161,9.567901543050539e-06
776,1745697187.6559014,9.580247024132404e-06
777,1745697205.7288256,9.59259250521427e-06
778,1745697226.9363997,9.604937986296136e-06
779,1745697237.1461997,9.617284376872703e-06
780,1745697267.092842,9.62962985795457e-06
781,1745697289.4172237,9.641975339036435e-06
782,1745697306.0213013,9.6543208201183e-06
783,1745697337.9151223,9.666666301200166e-06
784,1745697364.9794614,9.679012691776734e-06
785,1745697378.6524427,9.6913581728586e-06
786,1745697405.5995197,9.703703653940465e-06
787,1745697433.2811167,9.716049135022331e-06
788,1745697450.4539568,9.728394616104197e-06
789,1745697475.0634775,9.740741006680764e-06
790,1745697505.0442424,9.75308648776263e-06
791,1745697518.7140818,9.765431968844496e-06
792,1745697545.788692,9.777777449926361e-06
793,1745697576.426764,9.790123840502929e-06
794,1745697603.6217327,9.802469321584795e-06
795,1745697628.1490529,9.81481480266666e-06
796,1745697656.3438284,9.827160283748526e-06
797,1745697681.6963084,9.839505764830392e-06
798,1745697704.7737427,9.85185215540696e-06
799,1745697728.4586513,9.864197636488825e-06
800,1745697760.8900487,9.87654311757069e-06
801,1745697797.2120678,9.888888598652557e-06
802,1745697825.339322,9.901234989229124e-06
803,1745697844.2627265,9.91358047031099e-06
804,1745697876.2809737,9.925925951392855e-06
805,1745697908.9302564,9.938271432474721e-06
806,1745697940.7273107,9.950616913556587e-06
807,1745697964.5242305,9.962963304133154e-06
808,1745697984.935105,9.97530878521502e-06
809,1745698015.2471497,9.987654266296886e-06
810,1745698024.6794083,9.999999747378752e-06
811,1745698272.8986425,1.0012345228460617e-05
812,1745698303.7923615,1.0024691619037185e-05
813,1745698326.4245622,1.003703710011905e-05
814,1745698358.1851509,1.0049382581200916e-05
815,1745698381.3367004,1.0061728062282782e-05
816,1745698408.6916108,1.007407445285935e-05
817,1745698445.39944,1.0086419933941215e-05
818,1745698453.8367057,1.0098765415023081e-05
819,1745698487.7031145,1.0111110896104947e-05
820,1745698525.7219093,1.0123456377186812e-05
821,1745698537.748096,1.013580276776338e-05
822,1745698563.5722888,1.0148148248845246e-05
823,1745698591.469024,1.0160493729927111e-05
824,1745698618.4596217,1.0172839211008977e-05
825,1745698641.032713,1.0185185601585545e-05
826,1745698665.6450293,1.019753108266741e-05
827,1745698685.608826,1.0209876563749276e-05
828,1745698716.004481,1.0222222044831142e-05
829,1745698746.3324094,1.0234567525913008e-05
830,1745698761.7969825,1.0246913916489575e-05
831,1745698787.4477727,1.025925939757144e-05
832,1745698817.3580568,1.0271604878653307e-05
833,1745698831.55569,1.0283950359735172e-05
834,1745698861.656465,1.029629675031174e-05
835,1745698884.0499423,1.0308642231393605e-05
836,1745698922.2170572,1.0320987712475471e-05
837,1745698931.72404,1.0333333193557337e-05
838,1745698962.6814766,1.0345678674639203e-05
839,1745698985.173378,1.035802506521577e-05
840,1745699018.4648097,1.0370370546297636e-05
841,1745699028.5440671,1.0382716027379502e-05
842,1745699066.1100268,1.0395061508461367e-05
843,1745699086.1679416,1.0407406989543233e-05
844,1745699111.6648757,1.04197533801198e-05
845,1745699130.7932136,1.0432098861201666e-05
846,1745699153.1838822,1.0444444342283532e-05
847,1745699181.1398535,1.0456789823365398e-05
848,1745699212.9164495,1.0469136213941965e-05
849,1745699221.1167037,1.0481481695023831e-05
850,1745699244.601939,1.0493827176105697e-05
851,1745699278.6741827,1.0506172657187562e-05
852,1745699294.0118928,1.0518518138269428e-05
853,1745699321.0201294,1.0530864528845996e-05
854,1745699351.4990914,1.0543210009927861e-05
855,1745699378.4311516,1.0555555491009727e-05
856,1745699414.9719439,1.0567900972091593e-05
857,1745699440.8797035,1.058024736266816e-05
858,1745699466.912087,1.0592592843750026e-05
859,1745699489.3805256,1.0604938324831892e-05
860,1745699506.4931638,1.0617283805913758e-05
861,1745699534.0107512,1.0629629286995623e-05
862,1745699562.188115,1.064197567757219e-05
863,1745699592.489142,1.0654321158654056e-05
864,1745699611.2301443,1.0666666639735922e-05
865,1745699634.1792016,1.0679012120817788e-05
866,1745699662.9791088,1.0691357601899654e-05
867,1745699690.3287776,1.0703703992476221e-05
868,1745699710.718732,1.0716049473558087e-05
869,1745699744.2856567,1.0728394954639953e-05
870,1745699778.0555372,1.0740740435721818e-05
871,1745699809.8483176,1.0753086826298386e-05
872,1745699840.5958052,1.0765432307380252e-05
873,1745699852.8795662,1.0777777788462117e-05
874,1745699878.5522845,1.0790123269543983e-05
875,1745699905.0409179,1.0802468750625849e-05
876,1745699933.0429313,1.0814815141202416e-05
877,1745699961.1639464,1.0827160622284282e-05
878,1745699985.317,1.0839506103366148e-05
879,1745700008.5150506,1.0851851584448013e-05
880,1745700038.2354345,1.0864197975024581e-05
881,1745700050.5329337,1.0876543456106447e-05
882,1745700076.8250334,1.0888888937188312e-05
883,1745700111.2914314,1.0901234418270178e-05
884,1745700140.2273502,1.0913579899352044e-05
885,1745700168.5050023,1.0925926289928611e-05
886,1745700193.9441264,1.0938271771010477e-05
887,1745700223.8087988,1.0950617252092343e-05
888,1745700255.5747373,1.0962962733174209e-05
889,1745700280.2324648,1.0975308214256074e-05
890,1745700302.3326797,1.0987654604832642e-05
891,1745700317.9728334,1.1000000085914508e-05
892,1745700555.6153219,1.1012345566996373e-05
893,1745700590.6889994,1.1024691048078239e-05
894,1745700623.8727393,1.1037037438654806e-05
895,1745700651.6503704,1.1049382919736672e-05
896,1745700691.603697,1.1061728400818538e-05
897,1745700708.8430488,1.1074073881900404e-05
898,1745700735.5505774,1.108641936298227e-05
899,1745700754.2115872,1.1098765753558837e-05
900,1745700781.123081,1.1111111234640703e-05
901,1745700812.331176,1.1123456715722568e-05
902,1745700846.836175,1.1135802196804434e-05
903,1745700859.1071534,1.1148148587381002e-05
904,1745700888.6611128,1.1160494068462867e-05
905,1745700903.2788968,1.1172839549544733e-05
906,1745700928.1357062,1.1185185030626599e-05
907,1745700955.2075837,1.1197530511708464e-05
908,1745700996.4036572,1.1209876902285032e-05
909,1745701008.206065,1.1222222383366898e-05
910,1745701035.879046,1.1234567864448763e-05
911,1745701068.1353452,1.124691334553063e-05
912,1745701091.5574994,1.1259258826612495e-05
913,1745701113.6364748,1.1271605217189062e-05
914,1745701134.8425682,1.1283950698270928e-05
915,1745701160.5705066,1.1296296179352794e-05
916,1745701187.4831185,1.130864166043466e-05
917,1745701200.6425738,1.1320988051011227e-05
918,1745701235.8958435,1.1333333532093093e-05
919,1745701270.3858848,1.1345679013174959e-05
920,1745701299.7938447,1.1358024494256824e-05
921,1745701315.094503,1.137036997533869e-05
922,1745701339.3621376,1.1382716365915257e-05
923,1745701376.9316,1.1395061846997123e-05
924,1745701399.1996982,1.1407407328078989e-05
925,1745701418.9346836,1.1419752809160855e-05
926,1745701436.1721864,1.1432099199737422e-05
927,1745701465.1414044,1.1444444680819288e-05
928,1745701485.148959,1.1456790161901154e-05
929,1745701509.6073973,1.146913564298302e-05
930,1745701531.4009974,1.1481481124064885e-05
931,1745701555.0260875,1.1493827514641453e-05
932,1745701587.9251852,1.1506172995723318e-05
933,1745701598.6955037,1.1518518476805184e-05
934,1745701626.1408596,1.153086395788705e-05
935,1745701665.8947918,1.1543209438968915e-05
936,1745701687.1906552,1.1555555829545483e-05
937,1745701716.7290878,1.1567901310627349e-05
938,1745701745.738296,1.1580246791709214e-05
939,1745701774.5967038,1.159259227279108e-05
940,1745701798.764599,1.1604938663367648e-05
941,1745701816.8592944,1.1617284144449513e-05
942,1745701838.5136244,1.1629629625531379e-05
943,1745701866.1276922,1.1641975106613245e-05
944,1745701893.4391062,1.165432058769511e-05
945,1745701920.295912,1.1666666978271678e-05
946,1745701943.1985974,1.1679012459353544e-05
947,1745701958.7964783,1.169135794043541e-05
948,1745701991.2312546,1.1703703421517275e-05
949,1745702023.0806053,1.1716049812093843e-05
950,1745702053.203052,1.1728395293175709e-05
951,1745702073.8791654,1.1740740774257574e-05
952,1745702095.8722737,1.175308625533944e-05
953,1745702127.14926,1.1765431736421306e-05
954,1745702151.5180428,1.1777778126997873e-05
955,1745702176.1825871,1.1790123608079739e-05
956,1745702192.9137132,1.1802469089161605e-05
957,1745702227.3275726,1.181481457024347e-05
958,1745702259.8416367,1.1827160051325336e-05
959,1745702297.857606,1.1839506441901904e-05
960,1745702319.0583594,1.185185192298377e-05
961,1745702337.740748,1.1864197404065635e-05
962,1745702357.5869732,1.18765428851475e-05
963,1745702382.7692866,1.1888889275724068e-05
964,1745702411.431805,1.1901234756805934e-05
965,1745702435.9617639,1.19135802378878e-05
966,1745702465.7256632,1.1925925718969665e-05
967,1745702495.3016696,1.1938271200051531e-05
968,1745702515.489792,1.1950617590628099e-05
969,1745702544.9499388,1.1962963071709964e-05
970,1745702572.7864623,1.197530855279183e-05
971,1745702601.475302,1.1987654033873696e-05
972,1745702613.6132226,1.2000000424450263e-05
973,1745702861.8831084,1.2012345905532129e-05
974,1745702879.637119,1.2024691386613995e-05
975,1745702904.917977,1.203703686769586e-05
976,1745702933.3818336,1.2049382348777726e-05
977,1745702965.804163,1.2061728739354294e-05
978,1745703002.3872492,1.207407422043616e-05
979,1745703015.4620762,1.2086419701518025e-05
980,1745703040.8489227,1.2098765182599891e-05
981,1745703061.8393173,1.2111110663681757e-05
982,1745703090.2599022,1.2123457054258324e-05
983,1745703113.721202,1.213580253534019e-05
984,1745703135.4875553,1.2148148016422056e-05
985,1745703166.5838614,1.2160493497503921e-05
986,1745703181.5871992,1.2172839888080489e-05
987,1745703206.3152165,1.2185185369162355e-05
988,1745703236.0741396,1.219753085024422e-05
989,1745703265.8091462,1.2209876331326086e-05
990,1745703289.582669,1.2222221812407952e-05
991,1745703317.474991,1.223456820298452e-05
992,1745703338.3102417,1.2246913684066385e-05
993,1745703361.016868,1.225925916514825e-05
994,1745703391.1964834,1.2271604646230116e-05
995,1745703419.1364686,1.2283951036806684e-05
996,1745703430.0988104,1.229629651788855e-05
997,1745703470.170115,1.2308641998970415e-05
998,1745703480.9353318,1.2320987480052281e-05
999,1745703506.0726259,1.2333332961134147e-05
1000,1745703530.568381,1.2345679351710714e-05
1001,1745703558.1236844,1.235802483279258e-05
1002,1745703584.3092391,1.2370370313874446e-05
1003,1745703610.8601077,1.2382715794956312e-05
1004,1745703627.7169554,1.2395061276038177e-05
1005,1745703659.8369198,1.2407407666614745e-05
1006,1745703689.3194692,1.241975314769661e-05
1007,1745703709.8085566,1.2432098628778476e-05
1008,1745703746.6728985,1.2444444109860342e-05
1009,1745703761.4337075,1.245679050043691e-05
1010,1745703787.3741171,1.2469135981518775e-05
1011,1745703814.6742911,1.2481481462600641e-05
1012,1745703837.9377646,1.2493826943682507e-05
1013,1745703853.0223632,1.2506172424764372e-05
1014,1745703883.262287,1.251851881534094e-05
1015,1745703904.20977,1.2530864296422806e-05
1016,1745703927.7101033,1.2543209777504671e-05
1017,1745703960.9712143,1.2555555258586537e-05
1018,1745703980.7381086,1.2567901649163105e-05
1019,1745704007.1634367,1.258024713024497e-05
1020,1745704035.718559,1.2592592611326836e-05
1021,1745704067.1935642,1.2604938092408702e-05
1022,1745704078.0028355,1.2617283573490568e-05
1023,1745704103.35025,1.2629629964067135e-05
1024,1745704129.0926743,1.2641975445149e-05
1025,1745704153.9414306,1.2654320926230866e-05
1026,1745704184.9948866,1.2666666407312732e-05
1027,1745704194.1043658,1.26790127978893e-05
1028,1745704234.3363967,1.2691358278971165e-05
1029,1745704257.258181,1.2703703760053031e-05
1030,1745704272.744069,1.2716049241134897e-05
1031,1745704301.9955862,1.2728394722216763e-05
1032,1745704326.7194278,1.274074111279333e-05
1033,1745704351.120725,1.2753086593875196e-05
1034,1745704375.3827875,1.2765432074957062e-05
1035,1745704401.866784,1.2777777556038927e-05
1036,1745704423.9429166,1.2790123037120793e-05
1037,1745704450.3938162,1.280246942769736e-05
1038,1745704478.3462212,1.2814814908779226e-05
1039,1745704509.3955529,1.2827160389861092e-05
1040,1745704520.264205,1.2839505870942958e-05
1041,1745704552.50317,1.2851852261519525e-05
1042,1745704579.7774494,1.2864197742601391e-05
1043,1745704605.0434306,1.2876543223683257e-05
1044,1745704630.6411572,1.2888888704765122e-05
1045,1745704658.139995,1.2901234185846988e-05
1046,1745704679.9424062,1.2913580576423556e-05
1047,1745704705.0607045,1.2925926057505421e-05
1048,1745704744.1801128,1.2938271538587287e-05
1049,1745704766.2784996,1.2950617019669153e-05
1050,1745704790.2908068,1.296296341024572e-05
1051,1745704815.958679,1.2975308891327586e-05
1052,1745704850.7199936,1.2987654372409452e-05
1053,1745704856.6204953,1.2999999853491317e-05
1054,1745705111.631898,1.3012345334573183e-05
1055,1745705140.223796,1.302469172514975e-05
1056,1745705166.6259341,1.3037037206231616e-05
1057,1745705194.2850633,1.3049382687313482e-05
1058,1745705221.6069007,1.3061728168395348e-05
1059,1745705248.6897988,1.3074073649477214e-05
1060,1745705261.8269997,1.3086420040053781e-05
1061,1745705288.5181956,1.3098765521135647e-05
1062,1745705317.174323,1.3111111002217513e-05
1063,1745705345.2631423,1.3123456483299378e-05
1064,1745705368.20974,1.3135802873875946e-05
1065,1745705401.999525,1.3148148354957812e-05
1066,1745705412.9885354,1.3160493836039677e-05
1067,1745705441.3573105,1.3172839317121543e-05
1068,1745705466.8134918,1.3185184798203409e-05
1069,1745705485.4073408,1.3197531188779976e-05
1070,1745705516.732155,1.3209876669861842e-05
1071,1745705542.0522447,1.3222222150943708e-05
1072,1745705568.256496,1.3234567632025573e-05
1073,1745705584.487799,1.3246914022602141e-05
1074,1745705613.9821184,1.3259259503684007e-05
1075,1745705632.3000019,1.3271604984765872e-05
1076,1745705656.489484,1.3283950465847738e-05
1077,1745705681.148707,1.3296295946929604e-05
1078,1745705712.7401197,1.3308642337506171e-05
1079,1745705751.6710455,1.3320987818588037e-05
1080,1745705780.1698387,1.3333333299669903e-05
1081,1745705796.2771318,1.3345678780751768e-05
1082,1745705822.5647995,1.3358024261833634e-05
1083,1745705849.0008967,1.3370370652410202e-05
1084,1745705879.1845572,1.3382716133492067e-05
1085,1745705909.722746,1.3395061614573933e-05
1086,1745705928.9519193,1.3407407095655799e-05
1087,1745705965.726852,1.3419753486232366e-05
1088,1745705993.7843857,1.3432098967314232e-05
1089,1745706005.461461,1.3444444448396098e-05
1090,1745706035.2876792,1.3456789929477964e-05
1091,1745706060.1793063,1.346913541055983e-05
1092,1745706078.922112,1.3481481801136397e-05
1093,1745706102.9858644,1.3493827282218263e-05
1094,1745706127.7264168,1.3506172763300128e-05
1095,1745706169.151902,1.3518518244381994e-05
1096,1745706197.0505335,1.3530864634958562e-05
1097,1745706212.882839,1.3543210116040427e-05
1098,1745706249.1887774,1.3555555597122293e-05
1099,1745706266.9411976,1.3567901078204159e-05
1100,1745706293.9562159,1.3580246559286024e-05
1101,1745706317.561229,1.3592592949862592e-05
1102,1745706338.2618952,1.3604938430944458e-05
1103,1745706363.4296253,1.3617283912026323e-05
1104,1745706395.8964932,1.3629629393108189e-05
1105,1745706430.3923895,1.3641974874190055e-05
1106,1745706446.7266393,1.3654321264766622e-05
1107,1745706469.9277265,1.3666666745848488e-05
1108,1745706498.3630042,1.3679012226930354e-05
1109,1745706517.553909,1.369135770801222e-05
1110,1745706543.8626103,1.3703704098588787e-05
1111,1745706583.840857,1.3716049579670653e-05
1112,1745706606.7246675,1.3728395060752518e-05
1113,1745706625.6535335,1.3740740541834384e-05
1114,1745706652.7478619,1.375308602291625e-05
1115,1745706681.7397492,1.3765432413492817e-05
1116,1745706718.263584,1.3777777894574683e-05
1117,1745706742.7781682,1.3790123375656549e-05
1118,1745706778.6242023,1.3802468856738415e-05
1119,1745706790.4766622,1.3814815247314982e-05
1120,1745706815.4653628,1.3827160728396848e-05
1121,1745706838.7004142,1.3839506209478714e-05
1122,1745706872.8581874,1.385185169056058e-05
1123,1745706911.475307,1.3864197171642445e-05
1124,1745706926.3605285,1.3876543562219013e-05
1125,1745706945.9055862,1.3888889043300878e-05
1126,1745706971.6866684,1.3901234524382744e-05
1127,1745707002.3504689,1.391358000546461e-05
1128,1745707030.9456592,1.3925925486546475e-05
1129,1745707043.0002685,1.3938271877123043e-05
1130,1745707068.6906135,1.3950617358204909e-05
1131,1745707096.107443,1.3962962839286774e-05
1132,1745707128.3056104,1.397530832036864e-05
1133,1745707167.9312263,1.3987654710945208e-05
1134,1745707174.8745468,1.4000000192027073e-05
1135,1745707421.4240675,1.4012345673108939e-05
1136,1745707453.8928962,1.4024691154190805e-05
1137,1745707480.2078838,1.403703663527267e-05
1138,1745707511.7284818,1.4049383025849238e-05
1139,1745707560.0979958,1.4061728506931104e-05
1140,1745707577.304015,1.407407398801297e-05
1141,1745707610.566683,1.4086419469094835e-05
1142,1745707622.5640814,1.4098765859671403e-05
1143,1745707655.2976806,1.4111111340753268e-05
1144,1745707681.242528,1.4123456821835134e-05
1145,1745707708.0766366,1.4135802302917e-05
1146,1745707735.7325487,1.4148147783998866e-05
1147,1745707774.1204188,1.4160494174575433e-05
1148,1745707801.2855496,1.4172839655657299e-05
1149,1745707813.8840592,1.4185185136739165e-05
1150,1745707843.3405273,1.419753061782103e-05
1151,1745707869.2478411,1.4209876098902896e-05
1152,1745707885.1039577,1.4222222489479464e-05
1153,1745707916.4920495,1.423456797056133e-05
1154,1745707942.1958454,1.4246913451643195e-05
1155,1745707976.1074483,1.425925893272506e-05
1156,1745707997.1477997,1.4271605323301628e-05
1157,1745708019.5399952,1.4283950804383494e-05
1158,1745708049.2493906,1.429629628546536e-05
1159,1745708071.020204,1.4308641766547225e-05
1160,1745708111.1479735,1.4320987247629091e-05
1161,1745708127.5144043,1.4333333638205659e-05
1162,1745708167.5988119,1.4345679119287524e-05
1163,1745708185.3729851,1.435802460036939e-05
1164,1745708211.6977727,1.4370370081451256e-05
1165,1745708234.770719,1.4382716472027823e-05
1166,1745708250.3578522,1.4395061953109689e-05
1167,1745708284.9956245,1.4407407434191555e-05
1168,1745708303.8637323,1.441975291527342e-05
1169,1745708330.8118799,1.4432098396355286e-05
1170,1745708362.5968854,1.4444444786931854e-05
1171,1745708375.7180762,1.445679026801372e-05
1172,1745708397.8408186,1.4469135749095585e-05
1173,1745708424.7168255,1.4481481230177451e-05
1174,1745708452.9955003,1.4493826711259317e-05
1175,1745708473.1932037,1.4506173101835884e-05
1176,1745708499.566266,1.451851858291775e-05
1177,1745708530.384875,1.4530864063999616e-05
1178,1745708558.589179,1.4543209545081481e-05
1179,1745708575.1499267,1.4555555935658049e-05
1180,1745708601.8994796,1.4567901416739915e-05
1181,1745708630.4705515,1.458024689782178e-05
1182,1745708658.5703719,1.4592592378903646e-05
1183,1745708678.4104567,1.4604937859985512e-05
1184,1745708694.4347062,1.461728425056208e-05
1185,1745708719.6237714,1.4629629731643945e-05
1186,1745708742.10067,1.464197521272581e-05
1187,1745708757.54316,1.4654320693807676e-05
1188,1745708785.396435,1.4666667084384244e-05
1189,1745708810.7998872,1.467901256546611e-05
1190,1745708837.1654844,1.4691358046547975e-05
1191,1745708864.496033,1.4703703527629841e-05
1192,1745708885.1826017,1.4716049008711707e-05
1193,1745708916.593555,1.4728395399288274e-05
1194,1745708948.0720963,1.474074088037014e-05
1195,1745708963.8107953,1.4753086361452006e-05
1196,1745708989.7613442,1.4765431842533872e-05
1197,1745709013.347328,1.4777777323615737e-05
1198,1745709045.2877843,1.4790123714192305e-05
1199,1745709056.2809465,1.480246919527417e-05
1200,1745709081.1355789,1.4814814676356036e-05
1201,1745709109.086806,1.4827160157437902e-05
1202,1745709138.4071205,1.483950654801447e-05
1203,1745709160.7718048,1.4851852029096335e-05
1204,1745709187.2564204,1.4864197510178201e-05
1205,1745709215.087798,1.4876542991260067e-05
1206,1745709240.3822098,1.4888888472341932e-05
1207,1745709266.9051476,1.49012348629185e-05
1208,1745709295.1695962,1.4913580344000366e-05
1209,1745709329.1554267,1.4925925825082231e-05
1210,1745709357.2781963,1.4938271306164097e-05
1211,1745709391.685319,1.4950617696740665e-05
1212,1745709410.608284,1.496296317782253e-05
1213,1745709443.0105808,1.4975308658904396e-05
1214,1745709468.8651974,1.4987654139986262e-05
1215,1745709475.1194153,1.4999999621068127e-05
1216,1745709714.4523873,1.5012346011644695e-05
1217,1745709741.226507,1.502469149272656e-05
1218,1745709769.5534098,1.5037036973808426e-05
1219,1745709805.5970507,1.5049382454890292e-05
1220,1745709852.9876075,1.506172884546686e-05
1221,1745709869.9505317,1.5074074326548725e-05
1222,1745709888.1972523,1.5086419807630591e-05
1223,1745709914.6579325,1.5098765288712457e-05
1224,1745709951.248275,1.5111110769794323e-05
1225,1745709961.8459609,1.512345716037089e-05
1226,1745709983.4518967,1.5135802641452756e-05
1227,1745710012.4097302,1.5148148122534622e-05
1228,1745710035.000209,1.5160493603616487e-05
1229,1745710061.932108,1.5172839084698353e-05
1230,1745710086.2461529,1.518518547527492e-05
1231,1745710120.0305417,1.5197530956356786e-05
1232,1745710134.748953,1.5209876437438652e-05
1233,1745710160.95101,1.5222221918520518e-05
1234,1745710190.290762,1.5234568309097085e-05
1235,1745710217.0850093,1.5246913790178951e-05
1236,1745710247.5741167,1.5259258361766115e-05
1237,1745710267.7698083,1.5271605661837384e-05
1238,1745710292.6007116,1.528395114291925e-05
1239,1745710316.334051,1.5296296624001116e-05
1240,1745710346.366618,1.530864210508298e-05
1241,1745710364.5265388,1.5320987586164847e-05
1242,1745710388.3533287,1.5333333067246713e-05
1243,1745710413.766169,1.534567854832858e-05
1244,1745710447.0726557,1.5358024029410444e-05
1245,1745710472.6566002,1.537036951049231e-05
1246,1745710483.91935,1.538271681056358e-05
1247,1745710498.7916574,1.5395062291645445e-05
1248,1745710523.1195288,1.540740777272731e-05
1249,1745710556.8641708,1.5419753253809176e-05
1250,1745710565.4447641,1.5432098734891042e-05
1251,1745710600.981071,1.5444444215972908e-05
1252,1745710624.0731833,1.5456789697054774e-05
1253,1745710660.076401,1.546913517813664e-05
1254,1745710673.1105907,1.5481480659218505e-05
1255,1745710696.9498503,1.5493827959289774e-05
1256,1745710726.7453172,1.550617344037164e-05
1257,1745710749.322423,1.5518518921453506e-05
1258,1745710785.6379025,1.553086440253537e-05
1259,1745710807.7279968,1.5543209883617237e-05
1260,1745710843.837526,1.5555555364699103e-05
1261,1745710856.447496,1.556790084578097e-05
1262,1745710882.3978145,1.5580246326862834e-05
1263,1745710918.632575,1.55925918079447e-05
1264,1745710933.70499,1.560493910801597e-05
1265,1745710948.2450612,1.5617284589097835e-05
1266,1745710977.6675045,1.56296300701797e-05
1267,1745711011.8257158,1.5641975551261567e-05
1268,1745711030.1888182,1.5654321032343432e-05
1269,1745711060.3281713,1.5666666513425298e-05
1270,1745711097.709924,1.5679011994507164e-05
1271,1745711123.8757293,1.569135747558903e-05
1272,1745711158.6083603,1.5703702956670895e-05
1273,1745711190.3313808,1.5716050256742164e-05
1274,1745711203.6463497,1.572839573782403e-05
1275,1745711233.1180277,1.5740741218905896e-05
1276,1745711259.9427059,1.575308669998776e-05
1277,1745711286.4662783,1.5765432181069627e-05
1278,1745711313.2447948,1.5777777662151493e-05
1279,1745711332.2311268,1.579012314323336e-05
1280,1745711360.0725963,1.5802468624315225e-05
1281,1745711378.619237,1.581481410539709e-05
1282,1745711399.0364625,1.5827159586478956e-05
1283,1745711421.8939397,1.5839506886550225e-05
1284,1745711450.4377954,1.585185236763209e-05
1285,1745711483.6900704,1.5864197848713957e-05
1286,1745711513.3165896,1.5876543329795823e-05
1287,1745711538.955946,1.5888888810877688e-05
1288,1745711570.900919,1.5901234291959554e-05
1289,1745711607.4244184,1.591357977304142e-05
1290,1745711633.7531297,1.5925925254123285e-05
1291,1745711660.052312,1.593827073520515e-05
1292,1745711686.3758953,1.595061803527642e-05
1293,1745711712.3084884,1.5962963516358286e-05
1294,1745711740.1751606,1.5975308997440152e-05
1295,1745711774.052442,1.5987654478522018e-05
1296,1745711781.707787,1.5999999959603883e-05
1297,1745712035.3678246,1.601234544068575e-05
1298,1745712072.0038686,1.6024690921767615e-05
1299,1745712101.0791879,1.603703640284948e-05
1300,1745712140.4505613,1.6049381883931346e-05
1301,1745712148.3732238,1.6061729184002616e-05
1302,1745712176.627934,1.607407466508448e-05
1303,1745712202.900611,1.6086420146166347e-05
1304,1745712226.788493,1.6098765627248213e-05
1305,1745712255.4449692,1.611111110833008e-05
1306,1745712283.3282044,1.6123456589411944e-05
1307,1745712313.2387476,1.613580207049381e-05
1308,1745712326.4336812,1.6148147551575676e-05
1309,1745712356.4466832,1.616049303265754e-05
1310,1745712390.855422,1.617284033272881e-05
1311,1745712420.2210257,1.6185185813810676e-05
1312,1745712434.2841873,1.6197531294892542e-05
1313,1745712469.4005487,1.6209876775974408e-05
1314,1745712488.2083666,1.6222222257056274e-05
1315,1745712511.4637747,1.623456773813814e-05
1316,1745712534.4687424,1.6246913219220005e-05
1317,1745712570.0505145,1.625925870030187e-05
1318,1745712595.5746534,1.6271604181383736e-05
1319,1745712611.752983,1.6283951481455006e-05
1320,1745712638.730989,1.629629696253687e-05
1321,1745712659.5604935,1.6308642443618737e-05
1322,1745712682.021893,1.6320987924700603e-05
1323,1745712709.6704972,1.633333340578247e-05
1324,1745712742.7788963,1.6345678886864334e-05
1325,1745712765.6722488,1.63580243679462e-05
1326,1745712792.5731819,1.6370369849028066e-05
1327,1745712822.4415667,1.638271533010993e-05
1328,1745712845.700674,1.63950626301812e-05
1329,1745712876.326929,1.6407408111263067e-05
1330,1745712902.0810938,1.6419753592344932e-05
1331,1745712919.093688,1.6432099073426798e-05
1332,1745712946.825033,1.6444444554508664e-05
1333,1745712983.6442888,1.645679003559053e-05
1334,1745713009.845445,1.6469135516672395e-05
1335,1745713035.2477074,1.648148099775426e-05
1336,1745713060.6116388,1.6493826478836127e-05
1337,1745713085.4342296,1.6506171959917992e-05
1338,1745713112.1105528,1.651851925998926e-05
1339,1745713136.5414553,1.6530864741071127e-05
1340,1745713162.8232443,1.6543210222152993e-05
1341,1745713193.9236717,1.655555570323486e-05
1342,1745713215.1669087,1.6567901184316725e-05
1343,1745713248.5244446,1.658024666539859e-05
1344,1745713266.3900263,1.6592592146480456e-05
1345,1745713285.846435,1.6604937627562322e-05
1346,1745713314.767564,1.6617283108644187e-05
1347,1745713355.236576,1.6629630408715457e-05
1348,1745713377.1642475,1.6641975889797322e-05
1349,1745713403.7621806,1.6654321370879188e-05
1350,1745713433.0986006,1.6666666851961054e-05
1351,1745713461.034438,1.667901233304292e-05
1352,1745713489.6119032,1.6691357814124785e-05
1353,1745713509.0731747,1.670370329520665e-05
1354,1745713535.9380848,1.6716048776288517e-05
1355,1745713567.3261228,1.6728394257370383e-05
1356,1745713576.8123453,1.6740741557441652e-05
1357,1745713605.8393664,1.6753087038523518e-05
1358,1745713619.490626,1.6765432519605383e-05
1359,1745713646.394873,1.677777800068725e-05
1360,1745713671.4373987,1.6790123481769115e-05
1361,1745713697.4860973,1.680246896285098e-05
1362,1745713727.5486236,1.6814814443932846e-05
1363,1745713754.914673,1.6827159925014712e-05
1364,1745713782.0358016,1.6839505406096578e-05
1365,1745713810.163195,1.6851852706167847e-05
1366,1745713840.5312665,1.6864198187249713e-05
1367,1745713860.8974226,1.687654366833158e-05
1368,1745713886.2153475,1.6888889149413444e-05
1369,1745713917.0383193,1.690123463049531e-05
1370,1745713931.4032223,1.6913580111577176e-05
1371,1745713970.2602186,1.692592559265904e-05
1372,1745713994.4852269,1.6938271073740907e-05
1373,1745714021.423433,1.6950616554822773e-05
1374,1745714042.2357292,1.6962963854894042e-05
1375,1745714064.1636276,1.6975309335975908e-05
1376,1745714090.5106301,1.6987654817057773e-05
1377,1745714099.8411605,1.700000029813964e-05
1378,1745714359.228376,1.7012345779221505e-05
1379,1745714396.859692,1.702469126030337e-05
1380,1745714427.646844,1.7037036741385236e-05
1381,1745714456.846133,1.7049382222467102e-05
1382,1745714489.5343359,1.7061727703548968e-05
1383,1745714513.8789947,1.7074073184630834e-05
1384,1745714539.3924842,1.7086420484702103e-05
1385,1745714568.254723,1.709876596578397e-05
1386,1745714591.4679122,1.7111111446865834e-05
1387,1745714614.4299269,1.71234569279477e-05
1388,1745714637.6220036,1.7135802409029566e-05
1389,1745714667.8993258,1.714814789011143e-05
1390,1745714698.3969502,1.7160493371193297e-05
1391,1745714735.8934872,1.7172838852275163e-05
1392,1745714750.9109523,1.718518433335703e-05
1393,1745714774.4481983,1.7197531633428298e-05
1394,1745714796.8106568,1.7209877114510164e-05
1395,1745714822.2056456,1.722222259559203e-05
1396,1745714848.6359448,1.7234568076673895e-05
1397,1745714872.9373834,1.724691355775576e-05
1398,1745714902.7268386,1.7259259038837627e-05
1399,1745714933.7084455,1.7271604519919492e-05
1400,1745714948.8446248,1.7283950001001358e-05
1401,1745714970.4937222,1.7296295482083224e-05
1402,1745714992.8648283,1.7308642782154493e-05
1403,1745715018.821339,1.732098826323636e-05
1404,1745715051.6110804,1.7333333744318224e-05
1405,1745715079.8107917,1.734567922540009e-05
1406,1745715102.4026442,1.7358024706481956e-05
1407,1745715127.7775772,1.737037018756382e-05
1408,1745715147.523415,1.7382715668645687e-05
1409,1745715180.60129,1.7395061149727553e-05
1410,1745715191.7243931,1.740740663080942e-05
1411,1745715221.8084137,1.7419753930880688e-05
1412,1745715247.061904,1.7432099411962554e-05
1413,1745715273.1142256,1.744444489304442e-05
1414,1745715303.8280876,1.7456790374126285e-05
1415,1745715326.8553288,1.746913585520815e-05
1416,1745715349.516716,1.7481481336290017e-05
1417,1745715372.943041,1.7493826817371882e-05
1418,1745715401.7326589,1.7506172298453748e-05
1419,1745715431.6297054,1.7518517779535614e-05
1420,1745715454.8170006,1.7530865079606883e-05
1421,1745715474.1605039,1.754321056068875e-05
1422,1745715506.8882039,1.7555556041770615e-05
1423,1745715526.5852451,1.756790152285248e-05
1424,1745715548.1463294,1.7580247003934346e-05
1425,1745715577.153755,1.7592592485016212e-05
1426,1745715601.4320405,1.7604937966098078e-05
1427,1745715639.5178115,1.7617283447179943e-05
1428,1745715678.7120023,1.762962892826181e-05
1429,1745715705.9233203,1.7641974409343675e-05
1430,1745715727.4758363,1.7654321709414944e-05
1431,1745715741.259546,1.766666719049681e-05
1432,1745715780.1267729,1.7679012671578676e-05
1433,1745715800.918252,1.769135815266054e-05
1434,1745715829.456664,1.7703703633742407e-05
1435,1745715853.7649322,1.7716049114824273e-05
1436,1745715874.5530741,1.772839459590614e-05
1437,1745715901.377897,1.7740740076988004e-05
1438,1745715917.4777353,1.775308555806987e-05
1439,1745715941.1889815,1.776543285814114e-05
1440,1745715977.2253175,1.7777778339223005e-05
1441,1745715995.3047218,1.779012382030487e-05
1442,1745716016.0534701,1.7802469301386736e-05
1443,1745716049.022614,1.7814814782468602e-05
1444,1745716077.9981477,1.7827160263550468e-05
1445,1745716102.3299258,1.7839505744632334e-05
1446,1745716134.9838073,1.78518512257142e-05
1447,1745716157.264422,1.7864196706796065e-05
1448,1745716167.6902618,1.7876544006867334e-05
1449,1745716192.803054,1.78888894879492e-05
1450,1745716218.0785294,1.7901234969031066e-05
1451,1745716235.317237,1.791358045011293e-05
1452,1745716260.7693932,1.7925925931194797e-05
1453,1745716285.498767,1.7938271412276663e-05
1454,1745716309.7057562,1.795061689335853e-05
1455,1745716342.4064684,1.7962962374440394e-05
1456,1745716370.4844155,1.797530785552226e-05
1457,1745716388.1842828,1.798765515559353e-05
1458,1745716401.5053465,1.8000000636675395e-05
1459,1745716646.7082696,1.801234611775726e-05
1460,1745716672.520025,1.8024691598839127e-05
1461,1745716701.4027128,1.8037037079920992e-05
1462,1745716734.270593,1.8049382561002858e-05
1463,1745716756.659993,1.8061728042084724e-05
1464,1745716781.1574488,1.807407352316659e-05
1465,1745716804.1957107,1.8086419004248455e-05
1466,1745716823.2322955,1.8098766304319724e-05
1467,1745716864.7714033,1.811111178540159e-05
1468,1745716881.8834887,1.8123457266483456e-05
1469,1745716904.2721725,1.813580274756532e-05
1470,1745716920.0084867,1.8148148228647187e-05
1471,1745716937.925469,1.8160493709729053e-05
1472,1745716978.439245,1.817283919081092e-05
1473,1745716998.902869,1.8185184671892785e-05
1474,1745717029.060457,1.819753015297465e-05
1475,1745717046.1856694,1.8209875634056516e-05
1476,1745717074.3228264,1.8222222934127785e-05
1477,1745717095.8232267,1.823456841520965e-05
1478,1745717120.9251766,1.8246913896291517e-05
1479,1745717138.7444966,1.8259259377373382e-05
1480,1745717164.047616,1.8271604858455248e-05
1481,1745717193.7525775,1.8283950339537114e-05
1482,1745717225.9894252,1.829629582061898e-05
1483,1745717248.551008,1.8308641301700845e-05
1484,1745717272.1025689,1.832098678278271e-05
1485,1745717297.2605548,1.833333408285398e-05
1486,1745717316.9910703,1.8345679563935846e-05
1487,1745717344.083707,1.8358025045017712e-05
1488,1745717376.1879127,1.8370370526099578e-05
1489,1745717397.895991,1.8382716007181443e-05
1490,1745717418.7751846,1.839506148826331e-05
1491,1745717452.1625717,1.8407406969345175e-05
1492,1745717489.768905,1.841975245042704e-05
1493,1745717520.5462234,1.8432097931508906e-05
1494,1745717537.188605,1.8444445231580175e-05
1495,1745717557.3785458,1.845679071266204e-05
1496,1745717579.7807612,1.8469136193743907e-05
1497,1745717610.7388268,1.8481481674825773e-05
1498,1745717642.1202085,1.849382715590764e-05
1499,1745717666.7276423,1.8506172636989504e-05
1500,1745717683.7051985,1.851851811807137e-05
1501,1745717703.332267,1.8530863599153236e-05
1502,1745717733.7223473,1.85432090802351e-05
1503,1745717769.3961143,1.855555638030637e-05
1504,1745717804.12454,1.8567901861388236e-05
1505,1745717818.5913177,1.8580247342470102e-05
1506,1745717846.5861952,1.8592592823551968e-05
1507,1745717872.6460862,1.8604938304633833e-05
1508,1745717902.0709813,1.86172837857157e-05
1509,1745717925.6542335,1.8629629266797565e-05
1510,1745717951.9603376,1.864197474787943e-05
1511,1745717979.748694,1.8654320228961296e-05
1512,1745717997.1170394,1.8666667529032566e-05
1513,1745718029.8606255,1.867901301011443e-05
1514,1745718050.9186451,1.8691358491196297e-05
1515,1745718079.6201174,1.8703703972278163e-05
1516,1745718091.406003,1.871604945336003e-05
1517,1745718122.8038988,1.8728394934441894e-05
1518,1745718152.4242303,1.874074041552376e-05
1519,1745718174.123514,1.8753085896605626e-05
1520,1745718195.655711,1.876543137768749e-05
1521,1745718222.4075792,1.877777867775876e-05
1522,1745718247.7949452,1.8790124158840626e-05
1523,1745718271.9306028,1.8802469639922492e-05
1524,1745718301.0805469,1.8814815121004358e-05
1525,1745718333.773041,1.8827160602086224e-05
1526,1745718357.4314048,1.883950608316809e-05
1527,1745718378.5848737,1.8851851564249955e-05
1528,1745718402.8550756,1.886419704533182e-05
1529,1745718428.1653218,1.8876542526413687e-05
1530,1745718473.1706698,1.8888888007495552e-05
1531,1745718493.0629117,1.890123530756682e-05
1532,1745718513.6292539,1.8913580788648687e-05
1533,1745718531.243065,1.8925926269730553e-05
1534,1745718554.33914,1.893827175081242e-05
1535,1745718589.7523634,1.8950617231894284e-05
1536,1745718605.8968399,1.896296271297615e-05
1537,1745718645.9789371,1.8975308194058016e-05
1538,1745718659.3866906,1.898765367513988e-05
1539,1745718670.6406415,1.8999999156221747e-05
1540,1745718931.394871,1.9012346456293017e-05
1541,1745718963.6599448,1.9024691937374882e-05
1542,1745718977.237029,1.9037037418456748e-05
1543,1745719006.5829217,1.9049382899538614e-05
1544,1745719027.3845093,1.906172838062048e-05
1545,1745719052.9653926,1.9074073861702345e-05
1546,1745719079.080336,1.908641934278421e-05
1547,1745719114.1875684,1.9098764823866077e-05
1548,1745719139.2838285,1.9111110304947942e-05
1549,1745719165.3585172,1.9123457605019212e-05
1550,1745719195.6465795,1.9135803086101077e-05
1551,1745719210.3684747,1.9148148567182943e-05
1552,1745719236.7630937,1.916049404826481e-05
1553,1745719259.861201,1.9172839529346675e-05
1554,1745719296.4917517,1.918518501042854e-05
1555,1745719312.6907964,1.9197530491510406e-05
1556,1745719335.0259922,1.9209875972592272e-05
1557,1745719360.2626357,1.9222221453674138e-05
1558,1745719385.6773007,1.9234568753745407e-05
1559,1745719412.368442,1.9246914234827273e-05
1560,1745719448.5959349,1.925925971590914e-05
1561,1745719466.0770507,1.9271605196991004e-05
1562,1745719494.2964258,1.928395067807287e-05
1563,1745719521.8836498,1.9296296159154736e-05
1564,1745719545.713657,1.93086416402366e-05
1565,1745719577.3481915,1.9320987121318467e-05
1566,1745719602.6801965,1.9333332602400333e-05
1567,1745719626.8490555,1.9345679902471602e-05
1568,1745719663.682509,1.9358025383553468e-05
1569,1745719691.2585464,1.9370370864635333e-05
1570,1745719717.631511,1.93827163457172e-05
1571,1745719746.1439803,1.9395061826799065e-05
1572,1745719771.552458,1.940740730788093e-05
1573,1745719794.4489493,1.9419752788962796e-05
1574,1745719822.5636399,1.9432098270044662e-05
1575,1745719842.5332406,1.9444443751126528e-05
1576,1745719873.7979352,1.9456789232208394e-05
1577,1745719907.2014225,1.9469136532279663e-05
1578,1745719927.1062627,1.948148201336153e-05
1579,1745719956.601381,1.9493827494443394e-05
1580,1745719975.9608564,1.950617297552526e-05
1581,1745720003.1145766,1.9518518456607126e-05
1582,1745720034.7770255,1.953086393768899e-05
1583,1745720059.1007633,1.9543209418770857e-05
1584,1745720086.7248812,1.9555554899852723e-05
1585,1745720112.744808,1.956790038093459e-05
1586,1745720134.0071094,1.9580247681005858e-05
1587,1745720162.5509412,1.9592593162087724e-05
1588,1745720189.9937408,1.960493864316959e-05
1589,1745720215.2113037,1.9617284124251455e-05
1590,1745720241.684969,1.962962960533332e-05
1591,1745720263.5000951,1.9641975086415187e-05
1592,1745720302.7253602,1.9654320567497052e-05
1593,1745720324.2031252,1.9666666048578918e-05
1594,1745720347.6335464,1.9679011529660784e-05
1595,1745720368.7420142,1.9691358829732053e-05
1596,1745720393.3842604,1.970370431081392e-05
1597,1745720416.518438,1.9716049791895784e-05
1598,1745720452.452001,1.972839527297765e-05
1599,1745720464.759823,1.9740740754059516e-05
1600,1745720493.7605424,1.975308623514138e-05
1601,1745720526.3364208,1.9765431716223247e-05
1602,1745720554.4232163,1.9777777197305113e-05
1603,1745720575.683558,1.979012267838698e-05
1604,1745720598.9777129,1.9802469978458248e-05
1605,1745720626.624674,1.9814815459540114e-05
1606,1745720651.9553745,1.982716094062198e-05
1607,1745720679.5776482,1.9839506421703845e-05
1608,1745720704.136047,1.985185190278571e-05
1609,1745720726.6783037,1.9864197383867577e-05
1610,1745720755.589172,1.9876542864949442e-05
1611,1745720781.2196882,1.9888888346031308e-05
1612,1745720805.5753512,1.9901233827113174e-05
1613,1745720834.5789335,1.9913581127184443e-05
1614,1745720843.735272,1.992592660826631e-05
1615,1745720869.9613676,1.9938272089348175e-05
1616,1745720906.8772776,1.995061757043004e-05
1617,1745720916.347606,1.9962963051511906e-05
1618,1745720944.734268,1.9975308532593772e-05
1619,1745720974.170929,1.9987654013675638e-05
1620,1745720982.2780685,1.9999999494757503e-05
1621,1745721241.3255577,2.001234497583937e-05
1622,1745721270.2575247,2.0024690456921235e-05
1623,1745721298.0474823,2.0037037756992504e-05
1624,1745721332.3991585,2.004938323807437e-05
1625,1745721358.208025,2.0061728719156235e-05
1626,1745721371.1052434,2.00740742002381e-05
1627,1745721404.5344815,2.0086419681319967e-05
1628,1745721433.3834925,2.0098765162401833e-05
1629,1745721444.8015049,2.01111106434837e-05
1630,1745721468.3111982,2.0123456124565564e-05
1631,1745721494.4625664,2.013580160564743e-05
1632,1745721530.0114806,2.01481489057187e-05
1633,1745721552.5642865,2.0160494386800565e-05
1634,1745721569.0484276,2.017283986788243e-05
1635,1745721594.1637676,2.0185185348964296e-05
1636,1745721625.1018212,2.0197530830046162e-05
1637,1745721635.597423,2.0209876311128028e-05
1638,1745721664.4949892,2.0222221792209893e-05
1639,1745721698.2279906,2.023456727329176e-05
1640,1745721731.7087867,2.0246912754373625e-05
1641,1745721753.8273146,2.0259260054444894e-05
1642,1745721775.9044545,2.027160553552676e-05
1643,1745721808.857875,2.0283951016608626e-05
1644,1745721832.1546133,2.029629649769049e-05
1645,1745721858.2501652,2.0308641978772357e-05
1646,1745721884.7582185,2.0320987459854223e-05
1647,1745721911.6463025,2.033333294093609e-05
1648,1745721937.2435343,2.0345678422017954e-05
1649,1745721965.2841847,2.035802390309982e-05
1650,1745721995.5294826,2.037037120317109e-05
1651,1745722009.127132,2.0382716684252955e-05
1652,1745722041.6492956,2.039506216533482e-05
1653,1745722070.706915,2.0407407646416686e-05
1654,1745722093.3604972,2.0419753127498552e-05
1655,1745722115.7984421,2.0432098608580418e-05
1656,1745722140.793365,2.0444444089662284e-05
1657,1745722167.8551214,2.045678957074415e-05
1658,1745722195.3165548,2.0469135051826015e-05
1659,1745722221.5809073,2.0481482351897284e-05
1660,1745722255.494666,2.049382783297915e-05
1661,1745722282.3211727,2.0506173314061016e-05
1662,1745722308.8130453,2.051851879514288e-05
1663,1745722335.7350047,2.0530864276224747e-05
1664,1745722366.0510936,2.0543209757306613e-05
1665,1745722407.1686327,2.055555523838848e-05
1666,1745722432.8154292,2.0567900719470344e-05
1667,1745722453.7382393,2.058024620055221e-05
1668,1745722476.0960464,2.059259350062348e-05
1669,1745722506.4985743,2.0604938981705345e-05
1670,1745722530.0860622,2.061728446278721e-05
1671,1745722553.9148011,2.0629629943869077e-05
1672,1745722585.7388144,2.0641975424950942e-05
1673,1745722625.8461316,2.0654320906032808e-05
1674,1745722634.4134405,2.0666666387114674e-05
1675,1745722664.2988281,2.067901186819654e-05
1676,1745722693.9004207,2.0691357349278405e-05
1677,1745722731.686286,2.070370283036027e-05
1678,1745722767.203091,2.071605013043154e-05
1679,1745722785.7956572,2.0728395611513406e-05
1680,1745722810.8970785,2.0740741092595272e-05
1681,1745722835.0447464,2.0753086573677137e-05
1682,1745722864.3155186,2.0765432054759003e-05
1683,1745722891.0987105,2.077777753584087e-05
1684,1745722915.8944385,2.0790123016922735e-05
1685,1745722941.9985754,2.08024684980046e-05
1686,1745722966.9414973,2.0814813979086466e-05
1687,1745722994.546599,2.0827161279157735e-05
1688,1745723018.397693,2.08395067602396e-05
1689,1745723045.516079,2.0851852241321467e-05
1690,1745723078.4642415,2.0864197722403333e-05
1691,1745723115.8425956,2.08765432034852e-05
1692,1745723146.4064817,2.0888888684567064e-05
1693,1745723159.853794,2.090123416564893e-05
1694,1745723188.2205625,2.0913579646730796e-05
1695,1745723209.6807747,2.092592512781266e-05
1696,1745723218.487365,2.093827242788393e-05
1697,1745723254.0727477,2.0950617908965796e-05
1698,1745723279.6265984,2.0962963390047662e-05
1699,1745723292.093883,2.0975308871129528e-05
1700,1745723324.0121832,2.0987654352211393e-05
1701,1745723336.2161958,2.099999983329326e-05
1702,1745723584.7191246,2.1012345314375125e-05
1703,1745723616.2718825,2.102469079545699e-05
1704,1745723647.3903167,2.1037036276538856e-05
1705,1745723681.979077,2.1049383576610126e-05
1706,1745723706.3558931,2.106172905769199e-05
1707,1745723732.709067,2.1074074538773857e-05
1708,1745723751.2875917,2.1086420019855723e-05
1709,1745723772.7123003,2.109876550093759e-05
1710,1745723792.244391,2.1111110982019454e-05
1711,1745723820.7632947,2.112345646310132e-05
1712,1745723845.0825286,2.1135801944183186e-05
1713,1745723876.3140848,2.114814742526505e-05
1714,1745723900.639856,2.116049472533632e-05
1715,1745723927.2961712,2.1172840206418186e-05
1716,1745723958.2535324,2.1185185687500052e-05
1717,1745723988.2454083,2.1197531168581918e-05
1718,1745724009.7422903,2.1209876649663784e-05
1719,1745724037.7365677,2.122222213074565e-05
1720,1745724062.7875881,2.1234567611827515e-05
1721,1745724087.876218,2.124691309290938e-05
1722,1745724114.168236,2.1259258573991247e-05
1723,1745724140.0585356,2.1271604055073112e-05
1724,1745724165.4124587,2.128395135514438e-05
1725,1745724193.9679818,2.1296296836226247e-05
1726,1745724220.4953926,2.1308642317308113e-05
1727,1745724241.7776048,2.132098779838998e-05
1728,1745724269.0760884,2.1333333279471844e-05
1729,1745724295.936954,2.134567876055371e-05
1730,1745724323.2344902,2.1358024241635576e-05
1731,1745724348.746662,2.137036972271744e-05
1732,1745724376.3917627,2.1382715203799307e-05
1733,1745724405.3029702,2.1395062503870577e-05
1734,1745724433.944954,2.1407407984952442e-05
1735,1745724474.8887744,2.1419753466034308e-05
1736,1745724508.224185,2.1432098947116174e-05
1737,1745724519.883846,2.144444442819804e-05
1738,1745724529.4206507,2.1456789909279905e-05
1739,1745724560.988289,2.146913539036177e-05
1740,1745724583.267194,2.1481480871443637e-05
1741,1745724610.187113,2.1493826352525502e-05
1742,1745724636.848583,2.1506173652596772e-05
1743,1745724665.147512,2.1518519133678637e-05
1744,1745724694.261594,2.1530864614760503e-05
1745,1745724723.3151026,2.154321009584237e-05
1746,1745724752.1786783,2.1555555576924235e-05
1747,1745724779.620473,2.15679010580061e-05
1748,1745724794.9835825,2.1580246539087966e-05
1749,1745724822.2952085,2.1592592020169832e-05
1750,1745724854.0964735,2.1604937501251698e-05
1751,1745724876.231665,2.1617284801322967e-05
1752,1745724903.1915505,2.1629630282404833e-05
1753,1745724929.383471,2.1641975763486698e-05
1754,1745724955.5503392,2.1654321244568564e-05
1755,1745724980.9069188,2.166666672565043e-05
1756,1745725006.7499335,2.1679012206732295e-05
1757,1745725040.096701,2.169135768781416e-05
1758,1745725066.6754518,2.1703703168896027e-05
1759,1745725092.132118,2.1716048649977893e-05
1760,1745725119.4818907,2.1728395950049162e-05
1761,1745725145.4974232,2.1740741431131028e-05
1762,1745725172.6983798,2.1753086912212893e-05
1763,1745725197.3025315,2.176543239329476e-05
1764,1745725221.9464471,2.1777777874376625e-05
1765,1745725251.5146565,2.179012335545849e-05
1766,1745725280.093489,2.1802468836540356e-05
1767,1745725309.6298149,2.1814814317622222e-05
1768,1745725347.0812676,2.1827159798704088e-05
1769,1745725365.0423985,2.1839505279785953e-05
1770,1745725398.1081123,2.1851852579857223e-05
1771,1745725419.8581831,2.186419806093909e-05
1772,1745725445.7543204,2.1876543542020954e-05
1773,1745725469.6516256,2.188888902310282e-05
1774,1745725499.5027432,2.1901234504184686e-05
1775,1745725526.9720955,2.191357998526655e-05
1776,1745725555.5985312,2.1925925466348417e-05
1777,1745725584.604043,2.1938270947430283e-05
1778,1745725613.8686526,2.195061642851215e-05
1779,1745725633.8790336,2.1962963728583418e-05
1780,1745725662.7110054,2.1975309209665284e-05
1781,1745725681.5319676,2.198765469074715e-05
1782,1745725692.7705157,2.2000000171829015e-05
1783,1745725949.087746,2.201234565291088e-05
1784,1745725982.415946,2.2024691133992746e-05
1785,1745726013.5202281,2.2037036615074612e-05
1786,1745726036.1508224,2.2049382096156478e-05
1787,1745726064.7360682,2.2061727577238344e-05
1788,1745726085.8786118,2.2074074877309613e-05
1789,1745726113.9751017,2.208642035839148e-05
1790,1745726143.7827146,2.2098765839473344e-05
1791,1745726167.8503742,2.211111132055521e-05
1792,1745726188.5834398,2.2123456801637076e-05
1793,1745726221.3429108,2.213580228271894e-05
1794,1745726258.492005,2.2148147763800807e-05
1795,1745726279.2776806,2.2160493244882673e-05
1796,1745726303.5576007,2.217283872596454e-05
1797,1745726326.6293263,2.2185186026035808e-05
1798,1745726352.7084641,2.2197531507117674e-05
1799,1745726380.5407329,2.220987698819954e-05
1800,1745726405.4582741,2.2222222469281405e-05
1801,1745726430.8599663,2.223456795036327e-05
1802,1745726458.3424094,2.2246913431445137e-05
1803,1745726481.1790068,2.2259258912527002e-05
1804,1745726503.448103,2.2271604393608868e-05
1805,1745726530.6318796,2.2283949874690734e-05
1806,1745726558.6841657,2.2296297174762003e-05
1807,1745726590.8656466,2.230864265584387e-05
1808,1745726616.254222,2.2320988136925735e-05
1809,1745726640.7519057,2.23333336180076e-05
1810,1745726667.8216968,2.2345679099089466e-05
1811,1745726700.423269,2.2358024580171332e-05
1812,1745726722.353271,2.2370370061253197e-05
1813,1745726743.1888323,2.2382715542335063e-05
1814,1745726766.774375,2.239506102341693e-05
1815,1745726792.4337895,2.2407406504498795e-05
1816,1745726810.4140294,2.2419753804570064e-05
1817,1745726836.602707,2.243209928565193e-05
1818,1745726862.7760034,2.2444444766733795e-05
1819,1745726894.2587512,2.245679024781566e-05
1820,1745726911.369781,2.2469135728897527e-05
1821,1745726936.035154,2.2481481209979393e-05
1822,1745726971.6967416,2.249382669106126e-05
1823,1745727007.7140305,2.2506172172143124e-05
1824,1745727026.8757255,2.251851765322499e-05
1825,1745727056.6155052,2.253086495329626e-05
1826,1745727086.9285114,2.2543210434378125e-05
1827,1745727119.2173643,2.255555591545999e-05
1828,1745727144.8141472,2.2567901396541856e-05
1829,1745727182.0255046,2.2580246877623722e-05
1830,1745727207.268112,2.2592592358705588e-05
1831,1745727237.9087124,2.2604937839787453e-05
1832,1745727247.4047647,2.261728332086932e-05
1833,1745727277.9421525,2.2629628801951185e-05
1834,1745727303.6275973,2.2641976102022454e-05
1835,1745727330.640928,2.265432158310432e-05
1836,1745727357.2884364,2.2666667064186186e-05
1837,1745727397.3255284,2.267901254526805e-05
1838,1745727412.3147109,2.2691358026349917e-05
1839,1745727440.1960132,2.2703703507431783e-05
1840,1745727477.1584263,2.271604898851365e-05
1841,1745727486.5106604,2.2728394469595514e-05
1842,1745727513.6742358,2.274073995067738e-05
1843,1745727535.644043,2.275308725074865e-05
1844,1745727560.1458104,2.2765432731830515e-05
1845,1745727587.4947119,2.277777821291238e-05
1846,1745727624.3403862,2.2790123693994246e-05
1847,1745727648.7642686,2.2802469175076112e-05
1848,1745727661.665619,2.2814814656157978e-05
1849,1745727693.3946924,2.2827160137239844e-05
1850,1745727718.5158632,2.283950561832171e-05
1851,1745727751.8542755,2.2851851099403575e-05
1852,1745727768.8543513,2.2864198399474844e-05
1853,1745727796.2330225,2.287654388055671e-05
1854,1745727823.6836512,2.2888889361638576e-05
1855,1745727848.0225651,2.290123484272044e-05
1856,1745727881.4287102,2.2913580323802307e-05
1857,1745727893.1802435,2.2925925804884173e-05
1858,1745727920.4909546,2.293827128596604e-05
1859,1745727944.2870224,2.2950616767047904e-05
1860,1745727969.1139224,2.296296224812977e-05
1861,1745727998.4350946,2.297530954820104e-05
1862,1745728025.852198,2.2987655029282905e-05
1863,1745728035.8691697,2.300000051036477e-05
1864,1745728292.5534341,2.3012345991446637e-05
1865,1745728315.0295277,2.3024691472528502e-05
1866,1745728345.9745584,2.3037036953610368e-05
1867,1745728379.094729,2.3049382434692234e-05
1868,1745728405.740855,2.30617279157741e-05
1869,1745728426.856132,2.3074073396855965e-05
1870,1745728453.7730384,2.308641887793783e-05
1871,1745728485.6799748,2.30987661780091e-05
1872,1745728508.977488,2.3111111659090966e-05
1873,1745728534.9578223,2.3123457140172832e-05
1874,1745728555.3520916,2.3135802621254697e-05
1875,1745728579.4353054,2.3148148102336563e-05
1876,1745728609.5443447,2.316049358341843e-05
1877,1745728638.0488205,2.3172839064500295e-05
1878,1745728671.037877,2.318518454558216e-05
1879,1745728688.946487,2.3197530026664026e-05
1880,1745728712.430154,2.3209877326735295e-05
1881,1745728744.385672,2.322222280781716e-05
1882,1745728765.1820805,2.3234568288899027e-05
1883,1745728788.1346874,2.3246913769980893e-05
1884,1745728818.361611,2.3259259251062758e-05
1885,1745728842.2562678,2.3271604732144624e-05
1886,1745728865.3866782,2.328395021322649e-05
1887,1745728888.8097067,2.3296295694308355e-05
1888,1745728916.461675,2.330864117539022e-05
1889,1745728948.4943385,2.332098847546149e-05
1890,1745728974.9866507,2.3333333956543356e-05
1891,1745728991.8380527,2.3345679437625222e-05
1892,1745729025.5438514,2.3358024918707088e-05
1893,1745729052.6629035,2.3370370399788953e-05
1894,1745729088.931272,2.338271588087082e-05
1895,1745729104.9033806,2.3395061361952685e-05
1896,1745729132.8801594,2.340740684303455e-05
1897,1745729156.461179,2.3419752324116416e-05
1898,1745729179.5249002,2.3432099624187686e-05
1899,1745729207.6752071,2.344444510526955e-05
1900,1745729231.6053452,2.3456790586351417e-05
1901,1745729261.8192494,2.3469136067433283e-05
1902,1745729289.2702882,2.348148154851515e-05
1903,1745729309.8693376,2.3493827029597014e-05
1904,1745729338.019657,2.350617251067888e-05
1905,1745729368.264412,2.3518517991760746e-05
1906,1745729396.107713,2.353086347284261e-05
1907,1745729423.6660895,2.354321077291388e-05
1908,1745729453.9623675,2.3555556253995746e-05
1909,1745729471.8513396,2.3567901735077612e-05
1910,1745729508.1003482,2.3580247216159478e-05
1911,1745729537.1419907,2.3592592697241344e-05
1912,1745729551.8166444,2.360493817832321e-05
1913,1745729580.3535788,2.3617283659405075e-05
1914,1745729610.7082553,2.362962914048694e-05
1915,1745729622.8679924,2.3641974621568806e-05
1916,1745729654.0217888,2.3654320102650672e-05
1917,1745729679.7563782,2.366666740272194e-05
1918,1745729705.2777596,2.3679012883803807e-05
1919,1745729733.8908267,2.3691358364885673e-05
1920,1745729766.8987372,2.370370384596754e-05
1921,1745729793.4735236,2.3716049327049404e-05
1922,1745729821.680069,2.372839480813127e-05
1923,1745729846.3439672,2.3740740289213136e-05
1924,1745729871.7525887,2.3753085770295e-05
1925,1745729889.5659208,2.3765431251376867e-05
1926,1745729918.000518,2.3777778551448137e-05
1927,1745729950.12355,2.3790124032530002e-05
1928,1745729990.7462296,2.3802469513611868e-05
1929,1745730021.8679042,2.3814814994693734e-05
1930,1745730050.7523496,2.38271604757756e-05
1931,1745730085.4964254,2.3839505956857465e-05
1932,1745730107.2240548,2.385185143793933e-05
1933,1745730125.5718176,2.3864196919021197e-05
1934,1745730152.6911764,2.3876542400103062e-05
1935,1745730179.438258,2.388888970017433e-05
1936,1745730210.878719,2.3901235181256197e-05
1937,1745730239.3711283,2.3913580662338063e-05
1938,1745730260.9581306,2.392592614341993e-05
1939,1745730285.751901,2.3938271624501795e-05
1940,1745730313.4339397,2.395061710558366e-05
1941,1745730338.750975,2.3962962586665526e-05
1942,1745730364.8517332,2.3975308067747392e-05
1943,1745730390.3568673,2.3987653548829257e-05
1944,1745730400.0491586,2.4000000848900527e-05
1945,1745730638.2610042,2.4012346329982392e-05
1946,1745730665.1812015,2.4024691811064258e-05
1947,1745730688.0415547,2.4037037292146124e-05
1948,1745730722.361462,2.404938277322799e-05
1949,1745730757.8977911,2.4061728254309855e-05
1950,1745730794.0564814,2.407407373539172e-05
1951,1745730821.3301861,2.4086419216473587e-05
1952,1745730833.7389536,2.4098764697555453e-05
1953,1745730866.6590245,2.4111111997626722e-05
1954,1745730907.8044848,2.4123457478708588e-05
1955,1745730935.7939055,2.4135802959790453e-05
1956,1745730959.0455184,2.414814844087232e-05
1957,1745730975.5241137,2.4160493921954185e-05
1958,1745730986.000321,2.417283940303605e-05
1959,1745731019.3684494,2.4185184884117916e-05
1960,1745731045.7515717,2.4197530365199782e-05
1961,1745731073.9455197,2.4209875846281648e-05
1962,1745731102.6243446,2.4222221327363513e-05
1963,1745731129.3477762,2.4234568627434783e-05
1964,1745731158.3143294,2.424691410851665e-05
1965,1745731182.8681655,2.4259259589598514e-05
1966,1745731207.300549,2.427160507068038e-05
1967,1745731234.3370593,2.4283950551762246e-05
1968,1745731261.7747755,2.429629603284411e-05
1969,1745731284.878582,2.4308641513925977e-05
1970,1745731316.5115843,2.4320986995007843e-05
1971,1745731341.479262,2.433333247608971e-05
1972,1745731371.1716008,2.4345679776160978e-05
1973,1745731395.274237,2.4358025257242844e-05
1974,1745731417.0547407,2.437037073832471e-05
1975,1745731442.8741205,2.4382716219406575e-05
1976,1745731467.9535384,2.439506170048844e-05
1977,1745731500.3535995,2.4407407181570306e-05
1978,1745731522.6535444,2.4419752662652172e-05
1979,1745731544.2030032,2.4432098143734038e-05
1980,1745731575.2419915,2.4444443624815904e-05
1981,1745731598.4167297,2.4456790924887173e-05
1982,1745731621.1761773,2.446913640596904e-05
1983,1745731645.0309818,2.4481481887050904e-05
1984,1745731672.3394117,2.449382736813277e-05
1985,1745731697.5520804,2.4506172849214636e-05
1986,1745731719.596195,2.45185183302965e-05
1987,1745731741.6879373,2.4530863811378367e-05
1988,1745731769.7168276,2.4543209292460233e-05
1989,1745731796.136787,2.45555547735421e-05
1990,1745731820.3620598,2.4567902073613368e-05
1991,1745731843.3716445,2.4580247554695234e-05
1992,1745731867.2087724,2.45925930357771e-05
1993,1745731896.0805871,2.4604938516858965e-05
1994,1745731927.8767614,2.461728399794083e-05
1995,1745731953.6500561,2.4629629479022697e-05
1996,1745731972.2956328,2.4641974960104562e-05
1997,1745732006.9369142,2.4654320441186428e-05
1998,1745732032.1053727,2.4666665922268294e-05
1999,1745732051.1137817,2.4679013222339563e-05
2000,1745732082.9538584,2.469135870342143e-05
2001,1745732110.4576228,2.4703704184503295e-05
2002,1745732140.0913677,2.471604966558516e-05
2003,1745732162.4335403,2.4728395146667026e-05
2004,1745732193.1050684,2.4740740627748892e-05
2005,1745732223.0724175,2.4753086108830757e-05
2006,1745732234.9696412,2.4765431589912623e-05
2007,1745732259.1095421,2.477777707099449e-05
2008,1745732290.1855235,2.4790122552076355e-05
2009,1745732328.659066,2.4802469852147624e-05
2010,1745732355.0867946,2.481481533322949e-05
2011,1745732368.7818985,2.4827160814311355e-05
2012,1745732396.5901363,2.483950629539322e-05
2013,1745732430.9713597,2.4851851776475087e-05
2014,1745732460.3066673,2.4864197257556953e-05
2015,1745732477.7571888,2.4876542738638818e-05
2016,1745732507.704081,2.4888888219720684e-05
2017,1745732532.0975578,2.490123370080255e-05
2018,1745732556.7319324,2.491358100087382e-05
2019,1745732582.6153905,2.4925926481955685e-05
2020,1745732605.8642435,2.493827196303755e-05
2021,1745732633.6172552,2.4950617444119416e-05
2022,1745732660.3318317,2.4962962925201282e-05
2023,1745732690.2411397,2.4975308406283148e-05
2024,1745732712.193229,2.4987653887365013e-05
2025,1745732720.2239573,2.499999936844688e-05
2026,1745732953.50907,2.5012344849528745e-05
2027,1745732980.4920669,2.5024692149600014e-05
2028,1745733010.7493234,2.503703763068188e-05
2029,1745733038.9481204,2.5049383111763746e-05
2030,1745733062.6846745,2.506172859284561e-05
2031,1745733093.2806587,2.5074074073927477e-05
2032,1745733115.0400162,2.5086419555009343e-05
2033,1745733143.3179488,2.509876503609121e-05
2034,1745733173.3496065,2.5111110517173074e-05
2035,1745733201.8379188,2.512345599825494e-05
2036,1745733224.4530194,2.513580329832621e-05
2037,1745733249.2979298,2.5148148779408075e-05
2038,1745733275.0833669,2.516049426048994e-05
2039,1745733302.6209126,2.5172839741571806e-05
2040,1745733325.571757,2.5185185222653672e-05
2041,1745733362.2773921,2.5197530703735538e-05
2042,1745733380.0183523,2.5209876184817404e-05
2043,1745733401.7672033,2.522222166589927e-05
2044,1745733425.4167454,2.5234567146981135e-05
2045,1745733452.1358416,2.5246914447052404e-05
2046,1745733476.8784373,2.525925992813427e-05
2047,1745733502.7585058,2.5271605409216136e-05
2048,1745733531.8988285,2.5283950890298e-05
2049,1745733558.6890802,2.5296296371379867e-05
2050,1745733585.0096984,2.5308641852461733e-05
2051,1745733615.0824113,2.53209873335436e-05
2052,1745733638.5968084,2.5333332814625464e-05
2053,1745733657.4524868,2.534567829570733e-05
2054,1745733684.3794868,2.53580255957786e-05
2055,1745733698.4190483,2.5370371076860465e-05
2056,1745733727.962856,2.538271655794233e-05
2057,1745733764.3950481,2.5395062039024197e-05
2058,1745733795.1836944,2.5407407520106062e-05
2059,1745733827.073571,2.5419753001187928e-05
2060,1745733834.7572873,2.5432098482269794e-05
2061,1745733861.8622668,2.544444396335166e-05
2062,1745733888.4583385,2.5456789444433525e-05
2063,1745733920.9824612,2.546913492551539e-05
2064,1745733946.7972002,2.548148222558666e-05
2065,1745733969.3135006,2.5493827706668526e-05
2066,1745733990.7718909,2.550617318775039e-05
2067,1745734024.3444064,2.5518518668832257e-05
2068,1745734061.163828,2.5530864149914123e-05
2069,1745734084.461342,2.554320963099599e-05
2070,1745734106.0041466,2.5555555112077855e-05
2071,1745734131.1187057,2.556790059315972e-05
2072,1745734168.5455294,2.5580246074241586e-05
2073,1745734204.9109669,2.5592593374312855e-05
2074,1745734227.568028,2.560493885539472e-05
2075,1745734267.0275054,2.5617284336476587e-05
2076,1745734288.4464872,2.5629629817558452e-05
2077,1745734310.2583425,2.5641975298640318e-05
2078,1745734343.010371,2.5654320779722184e-05
2079,1745734367.7153685,2.566666626080405e-05
2080,1745734400.5190542,2.5679011741885915e-05
2081,1745734429.0884376,2.569135722296778e-05
2082,1745734455.4115422,2.570370452303905e-05
2083,1745734478.409523,2.5716050004120916e-05
2084,1745734499.011358,2.5728395485202782e-05
2085,1745734523.1242135,2.5740740966284648e-05
2086,1745734536.5025465,2.5753086447366513e-05
2087,1745734555.775329,2.576543192844838e-05
2088,1745734581.4577775,2.5777777409530245e-05
2089,1745734602.4802363,2.579012289061211e-05
2090,1745734630.956156,2.5802468371693976e-05
2091,1745734665.4734054,2.5814815671765245e-05
2092,1745734696.9620788,2.582716115284711e-05
2093,1745734726.5877695,2.5839506633928977e-05
2094,1745734754.5116458,2.5851852115010843e-05
2095,1745734778.1078763,2.586419759609271e-05
2096,1745734808.0469162,2.5876543077174574e-05
2097,1745734833.2668345,2.588888855825644e-05
2098,1745734858.6753287,2.5901234039338306e-05
2099,1745734883.019146,2.591357952042017e-05
2100,1745734905.4605398,2.592592682049144e-05
2101,1745734931.8762352,2.5938272301573306e-05
2102,1745734968.3263948,2.5950617782655172e-05
2103,1745734978.43603,2.5962963263737038e-05
2104,1745735010.3034463,2.5975308744818904e-05
2105,1745735036.3085647,2.598765422590077e-05
2106,1745735045.5324833,2.5999999706982635e-05
2107,1745735284.0908082,2.60123451880645e-05
2108,1745735307.5575745,2.6024690669146366e-05
2109,1745735337.8507824,2.6037036150228232e-05
2110,1745735364.022815,2.60493834502995e-05
2111,1745735390.7213025,2.6061728931381367e-05
2112,1745735418.860469,2.6074074412463233e-05
2113,1745735434.0018766,2.60864198935451e-05
2114,1745735461.702284,2.6098765374626964e-05
2115,1745735488.881301,2.611111085570883e-05
2116,1745735516.5095222,2.6123456336790696e-05
2117,1745735547.717353,2.613580181787256e-05
2118,1745735578.9102917,2.6148147298954427e-05
2119,1745735590.303252,2.6160494599025697e-05
2120,1745735620.9012153,2.6172840080107562e-05
2121,1745735657.0284457,2.6185185561189428e-05
2122,1745735684.2944195,2.6197531042271294e-05
2123,1745735724.5546734,2.620987652335316e-05
2124,1745735740.3359725,2.6222222004435025e-05
2125,1745735763.471918,2.623456748551689e-05
2126,1745735792.42585,2.6246912966598757e-05
2127,1745735816.7486684,2.6259258447680622e-05
2128,1745735845.9798837,2.627160574775189e-05
2129,1745735869.3482122,2.6283951228833757e-05
2130,1745735892.6297588,2.6296296709915623e-05
2131,1745735914.9609528,2.630864219099749e-05
2132,1745735936.970293,2.6320987672079355e-05
2133,1745735958.339056,2.633333315316122e-05
2134,1745735982.9141154,2.6345678634243086e-05
2135,1745736012.8738303,2.6358024115324952e-05
2136,1745736042.4126754,2.6370369596406817e-05
2137,1745736075.0560756,2.6382716896478087e-05
2138,1745736098.103087,2.6395062377559952e-05
2139,1745736120.7945154,2.6407407858641818e-05
2140,1745736144.5858693,2.6419753339723684e-05
2141,1745736171.131452,2.643209882080555e-05
2142,1745736197.957275,2.6444444301887415e-05
2143,1745736227.9373872,2.645678978296928e-05
2144,1745736252.940113,2.6469135264051147e-05
2145,1745736283.415596,2.6481480745133013e-05
2146,1745736321.5929883,2.6493828045204282e-05
2147,1745736346.9147568,2.6506173526286148e-05
2148,1745736384.531716,2.6518519007368013e-05
2149,1745736391.8372993,2.653086448844988e-05
2150,1745736424.4025583,2.6543209969531745e-05
2151,1745736449.866878,2.655555545061361e-05
2152,1745736472.3613145,2.6567900931695476e-05
2153,1745736505.4674404,2.6580246412777342e-05
2154,1745736528.2473047,2.6592591893859208e-05
2155,1745736543.288886,2.6604937374941073e-05
2156,1745736577.1501164,2.6617284675012343e-05
2157,1745736585.6869838,2.662963015609421e-05
2158,1745736612.529851,2.6641975637176074e-05
2159,1745736640.142383,2.665432111825794e-05
2160,1745736666.2033827,2.6666666599339806e-05
2161,1745736700.034113,2.667901208042167e-05
2162,1745736737.4241362,2.6691357561503537e-05
2163,1745736759.5469499,2.6703703042585403e-05
2164,1745736784.755829,2.671604852366727e-05
2165,1745736813.425145,2.6728395823738538e-05
2166,1745736843.2023113,2.6740741304820403e-05
2167,1745736884.836911,2.675308678590227e-05
2168,1745736899.5065024,2.6765432266984135e-05
2169,1745736923.274262,2.6777777748066e-05
2170,1745736959.5127578,2.6790123229147866e-05
2171,1745736993.085977,2.6802468710229732e-05
2172,1745737018.645843,2.6814814191311598e-05
2173,1745737039.3176014,2.6827159672393464e-05
2174,1745737066.4141235,2.6839506972464733e-05
2175,1745737093.6336496,2.68518524535466e-05
2176,1745737123.4684756,2.6864197934628464e-05
2177,1745737134.851437,2.687654341571033e-05
2178,1745737162.910354,2.6888888896792196e-05
2179,1745737197.9474657,2.690123437787406e-05
2180,1745737208.922185,2.6913579858955927e-05
2181,1745737246.2869537,2.6925925340037793e-05
2182,1745737270.2162943,2.693827082111966e-05
2183,1745737291.2774076,2.6950618121190928e-05
2184,1745737314.554106,2.6962963602272794e-05
2185,1745737349.9701824,2.697530908335466e-05
2186,1745737384.3192608,2.6987654564436525e-05
2187,1745737395.4839416,2.700000004551839e-05
2188,1745737647.7777972,2.7012345526600257e-05
2189,1745737671.1437504,2.7024691007682122e-05
2190,1745737698.6146395,2.7037036488763988e-05
2191,1745737720.635582,2.7049381969845854e-05
2192,1745737742.078063,2.7061729269917123e-05
2193,1745737767.6628985,2.707407475099899e-05
2194,1745737789.7005672,2.7086420232080854e-05
2195,1745737818.0588663,2.709876571316272e-05
2196,1745737840.370924,2.7111111194244586e-05
2197,1745737865.9211638,2.712345667532645e-05
2198,1745737897.6572115,2.7135802156408317e-05
2199,1745737922.480464,2.7148147637490183e-05
2200,1745737950.5718913,2.716049311857205e-05
2201,1745737982.298839,2.7172838599653915e-05
2202,1745738013.4050703,2.7185185899725184e-05
2203,1745738049.3766572,2.719753138080705e-05
2204,1745738081.344925,2.7209876861888915e-05
2205,1745738093.90696,2.722222234297078e-05
2206,1745738125.9293747,2.7234567824052647e-05
2207,1745738158.3096974,2.7246913305134512e-05
2208,1745738193.903186,2.7259258786216378e-05
2209,1745738204.1915572,2.7271604267298244e-05
2210,1745738229.6257243,2.728394974838011e-05
2211,1745738258.0671968,2.729629704845138e-05
2212,1745738272.5947485,2.7308642529533245e-05
2213,1745738300.9832335,2.732098801061511e-05
2214,1745738331.312692,2.7333333491696976e-05
2215,1745738339.1146615,2.7345678972778842e-05
2216,1745738373.5781772,2.7358024453860708e-05
2217,1745738404.7206314,2.7370369934942573e-05
2218,1745738422.345588,2.738271541602444e-05
2219,1745738446.416203,2.7395060897106305e-05
2220,1745738474.6903784,2.7407408197177574e-05
2221,1745738487.4399178,2.741975367825944e-05
2222,1745738512.07248,2.7432099159341305e-05
2223,1745738540.559319,2.744444464042317e-05
2224,1745738575.3787422,2.7456790121505037e-05
2225,1745738612.9627774,2.7469135602586903e-05
2226,1745738640.7325764,2.748148108366877e-05
2227,1745738669.2750487,2.7493826564750634e-05
2228,1745738697.1035504,2.75061720458325e-05
2229,1745738725.0978959,2.751851934590377e-05
2230,1745738749.4934447,2.7530864826985635e-05
2231,1745738771.1920435,2.75432103080675e-05
2232,1745738797.0676398,2.7555555789149366e-05
2233,1745738819.6847148,2.7567901270231232e-05
2234,1745738851.7378104,2.7580246751313098e-05
2235,1745738880.2517803,2.7592592232394964e-05
2236,1745738913.2024188,2.760493771347683e-05
2237,1745738929.1223946,2.7617283194558695e-05
2238,1745738955.8662093,2.7629630494629964e-05
2239,1745738993.1896403,2.764197597571183e-05
2240,1745739018.5409424,2.7654321456793696e-05
2241,1745739048.563909,2.766666693787556e-05
2242,1745739082.4743395,2.7679012418957427e-05
2243,1745739102.7703927,2.7691357900039293e-05
2244,1745739126.5234115,2.770370338112116e-05
2245,1745739152.779703,2.7716048862203024e-05
2246,1745739177.1942694,2.772839434328489e-05
2247,1745739204.8282123,2.774074164335616e-05
2248,1745739235.335195,2.7753087124438025e-05
2249,1745739264.807662,2.776543260551989e-05
2250,1745739277.1197493,2.7777778086601757e-05
2251,1745739303.0854437,2.7790123567683622e-05
2252,1745739331.5559225,2.7802469048765488e-05
2253,1745739359.735809,2.7814814529847354e-05
2254,1745739387.7284632,2.782716001092922e-05
2255,1745739423.2587478,2.7839505492011085e-05
2256,1745739455.1498795,2.785185097309295e-05
2257,1745739478.9405272,2.786419827316422e-05
2258,1745739497.319281,2.7876543754246086e-05
2259,1745739532.217622,2.788888923532795e-05
2260,1745739556.1076105,2.7901234716409817e-05
2261,1745739589.4804902,2.7913580197491683e-05
2262,1745739613.635548,2.792592567857355e-05
2263,1745739632.8345578,2.7938271159655415e-05
2264,1745739662.0996122,2.795061664073728e-05
2265,1745739684.411794,2.7962962121819146e-05
2266,1745739709.0527227,2.7975309421890415e-05
2267,1745739734.3025274,2.798765490297228e-05
2268,1745739746.0549884,2.8000000384054147e-05
2269,1745739977.2678747,2.8012345865136012e-05
2270,1745740011.7031603,2.8024691346217878e-05
2271,1745740043.343106,2.8037036827299744e-05
2272,1745740076.2043064,2.804938230838161e-05
2273,1745740111.752599,2.8061727789463475e-05
2274,1745740119.5203192,2.807407327054534e-05
2275,1745740151.2617536,2.808642057061661e-05
2276,1745740187.1377354,2.8098766051698476e-05
2277,1745740207.9226022,2.8111111532780342e-05
2278,1745740235.1516213,2.8123457013862208e-05
2279,1745740262.2108357,2.8135802494944073e-05
2280,1745740284.3138673,2.814814797602594e-05
2281,1745740310.8771107,2.8160493457107805e-05
2282,1745740333.1424568,2.817283893818967e-05
2283,1745740364.0199046,2.8185184419271536e-05
2284,1745740397.0600648,2.8197531719342805e-05
2285,1745740413.1461067,2.820987720042467e-05
2286,1745740454.218314,2.8222222681506537e-05
2287,1745740471.3473732,2.8234568162588403e-05
2288,1745740495.8011725,2.824691364367027e-05
2289,1745740520.267441,2.8259259124752134e-05
2290,1745740542.8482547,2.8271604605834e-05
2291,1745740573.45405,2.8283950086915866e-05
2292,1745740602.2751458,2.829629556799773e-05
2293,1745740629.921153,2.8308642868069e-05
2294,1745740660.524384,2.8320988349150866e-05
2295,1745740682.7707746,2.8333333830232732e-05
2296,1745740707.0815556,2.8345679311314598e-05
2297,1745740729.8845606,2.8358024792396463e-05
2298,1745740754.3864608,2.837037027347833e-05
2299,1745740783.8462887,2.8382715754560195e-05
2300,1745740806.685191,2.839506123564206e-05
2301,1745740834.424497,2.8407406716723926e-05
2302,1745740858.3437436,2.8419752197805792e-05
2303,1745740879.6361437,2.843209949787706e-05
2304,1745740909.943473,2.8444444978958927e-05
2305,1745740918.8102174,2.8456790460040793e-05
2306,1745740947.2460213,2.846913594112266e-05
2307,1745740972.3668146,2.8481481422204524e-05
2308,1745740995.5113735,2.849382690328639e-05
2309,1745741018.8561444,2.8506172384368256e-05
2310,1745741045.8726177,2.851851786545012e-05
2311,1745741073.398027,2.8530863346531987e-05
2312,1745741102.4768145,2.8543210646603256e-05
2313,1745741128.8154376,2.8555556127685122e-05
2314,1745741153.3673193,2.8567901608766988e-05
2315,1745741179.9269416,2.8580247089848854e-05
2316,1745741209.1201773,2.859259257093072e-05
2317,1745741237.1517277,2.8604938052012585e-05
2318,1745741269.3566859,2.861728353309445e-05
2319,1745741285.3145075,2.8629629014176317e-05
2320,1745741319.501206,2.8641974495258182e-05
2321,1745741357.7296178,2.865432179532945e-05
2322,1745741388.2711527,2.8666667276411317e-05
2323,1745741427.141113,2.8679012757493183e-05
2324,1745741453.8707695,2.869135823857505e-05
2325,1745741462.2645624,2.8703703719656914e-05
2326,1745741504.392121,2.871604920073878e-05
2327,1745741535.6197746,2.8728394681820646e-05
2328,1745741564.3106647,2.874074016290251e-05
2329,1745741589.2815435,2.8753085643984377e-05
2330,1745741609.4665842,2.8765432944055647e-05
2331,1745741633.4974732,2.8777778425137512e-05
2332,1745741658.055374,2.8790123906219378e-05
2333,1745741686.4180825,2.8802469387301244e-05
2334,1745741711.833555,2.881481486838311e-05
2335,1745741738.4679642,2.8827160349464975e-05
2336,1745741772.9114645,2.883950583054684e-05
2337,1745741805.051798,2.8851851311628707e-05
2338,1745741835.3812003,2.8864196792710572e-05
2339,1745741871.4161804,2.8876544092781842e-05
2340,1745741896.8754163,2.8888889573863707e-05
2341,1745741923.3390992,2.8901235054945573e-05
2342,1745741943.0161362,2.891358053602744e-05
2343,1745741971.2108886,2.8925926017109305e-05
2344,1745742003.6825476,2.893827149819117e-05
2345,1745742037.4056287,2.8950616979273036e-05
2346,1745742060.064591,2.8962962460354902e-05
2347,1745742084.71038,2.8975307941436768e-05
2348,1745742110.3553998,2.8987653422518633e-05
2349,1745742120.9697285,2.9000000722589903e-05
2350,1745742355.2928407,2.901234620367177e-05
2351,1745742390.644795,2.9024691684753634e-05
2352,1745742423.4730308,2.90370371658355e-05
2353,1745742456.4234865,2.9049382646917365e-05
2354,1745742482.8814497,2.906172812799923e-05
2355,1745742505.1351318,2.9074073609081097e-05
2356,1745742535.6579485,2.9086419090162963e-05
2357,1745742558.5934439,2.909876457124483e-05
2358,1745742582.8892608,2.9111111871316098e-05
2359,1745742604.4175837,2.9123457352397963e-05
2360,1745742633.4028804,2.913580283347983e-05
2361,1745742660.932859,2.9148148314561695e-05
2362,1745742682.973304,2.916049379564356e-05
2363,1745742711.338681,2.9172839276725426e-05
2364,1745742731.2899182,2.9185184757807292e-05
2365,1745742755.4854858,2.9197530238889158e-05
2366,1745742787.1244516,2.9209875719971023e-05
2367,1745742819.2531688,2.9222223020042293e-05
2368,1745742844.9291387,2.923456850112416e-05
2369,1745742880.8181863,2.9246913982206024e-05
2370,1745742909.5123591,2.925925946328789e-05
2371,1745742925.4961336,2.9271604944369756e-05
2372,1745742955.9583817,2.928395042545162e-05
2373,1745742980.3437016,2.9296295906533487e-05
2374,1745743009.0991688,2.9308641387615353e-05
2375,1745743034.102855,2.932098686869722e-05
2376,1745743066.68511,2.9333334168768488e-05
2377,1745743087.954057,2.9345679649850354e-05
2378,1745743103.4544837,2.935802513093222e-05
2379,1745743132.6261451,2.9370370612014085e-05
2380,1745743156.6004605,2.938271609309595e-05
2381,1745743183.2112408,2.9395061574177817e-05
2382,1745743214.5951147,2.9407407055259682e-05
2383,1745743247.4578,2.9419752536341548e-05
2384,1745743256.703278,2.9432098017423414e-05
2385,1745743286.904493,2.9444445317494683e-05
2386,1745743310.180489,2.945679079857655e-05
2387,1745743324.38233,2.9469136279658414e-05
2388,1745743360.221715,2.948148176074028e-05
2389,1745743368.911488,2.9493827241822146e-05
2390,1745743403.2228045,2.950617272290401e-05
2391,1745743432.285868,2.9518518203985877e-05
2392,1745743456.8670065,2.9530863685067743e-05
2393,1745743489.0463629,2.954320916614961e-05
2394,1745743516.1111405,2.9555554647231475e-05
2395,1745743541.2344527,2.9567901947302744e-05
2396,1745743565.9177074,2.958024742838461e-05
2397,1745743588.2696643,2.9592592909466475e-05
2398,1745743616.1247807,2.960493839054834e-05
2399,1745743642.6892056,2.9617283871630207e-05
2400,1745743669.92407,2.9629629352712072e-05
2401,1745743691.0744307,2.9641974833793938e-05
2402,1745743721.6946392,2.9654320314875804e-05
2403,1745743749.816817,2.966666579595767e-05
2404,1745743774.1862833,2.967901309602894e-05
2405,1745743801.3988593,2.9691358577110805e-05
2406,1745743825.1274388,2.970370405819267e-05
2407,1745743851.367378,2.9716049539274536e-05
2408,1745743877.8305857,2.9728395020356402e-05
2409,1745743905.6155562,2.9740740501438268e-05
2410,1745743929.2460637,2.9753085982520133e-05
2411,1745743957.2248225,2.9765431463602e-05
2412,1745743993.5693362,2.9777776944683865e-05
2413,1745744027.3597887,2.9790124244755134e-05
2414,1745744052.8875096,2.9802469725837e-05
2415,1745744083.9479313,2.9814815206918865e-05
2416,1745744120.69809,2.982716068800073e-05
2417,1745744143.717249,2.9839506169082597e-05
2418,1745744159.7540588,2.9851851650164463e-05
2419,1745744183.2866614,2.986419713124633e-05
2420,1745744217.1017172,2.9876542612328194e-05
2421,1745744238.767707,2.988888809341006e-05
2422,1745744259.7410073,2.990123539348133e-05
2423,1745744285.2528791,2.9913580874563195e-05
2424,1745744313.7373748,2.992592635564506e-05
2425,1745744341.9730477,2.9938271836726926e-05
2426,1745744367.9716058,2.9950617317808792e-05
2427,1745744396.641949,2.9962962798890658e-05
2428,1745744420.9631991,2.9975308279972523e-05
2429,1745744442.5781164,2.998765376105439e-05
2430,1745744450.314813,2.9999999242136255e-05
2431,1745744687.401073,2.999862772412598e-05
2432,1745744713.8534937,2.9997256206115708e-05
2433,1745744742.5078292,2.9995884688105434e-05
2434,1745744763.0996478,2.999451317009516e-05
2435,1745744787.4563146,2.9993141652084887e-05
2436,1745744811.8333464,2.9991770134074613e-05
2437,1745744840.4763062,2.999039861606434e-05
2438,1745744868.8104403,2.9989025279064663e-05
2439,1745744892.7838147,2.998765376105439e-05
2440,1745744926.5462646,2.9986282243044116e-05
2441,1745744952.4406295,2.9984910725033842e-05
2442,1745744978.655093,2.998353920702357e-05
2443,1745745009.2741475,2.9982167689013295e-05
2444,1745745038.3565774,2.998079617100302e-05
2445,1745745058.8051605,2.9979424652992748e-05
2446,1745745082.7124674,2.997805131599307e-05
2447,1745745123.0779493,2.9976679797982797e-05
2448,1745745135.7435899,2.9975308279972523e-05
2449,1745745173.487964,2.997393676196225e-05
2450,1745745199.286884,2.9972565243951976e-05
2451,1745745223.7319734,2.9971193725941703e-05
2452,1745745252.3254335,2.996982220793143e-05
2453,1745745284.7757862,2.9968450689921156e-05
2454,1745745309.0747316,2.996707735292148e-05
2455,1745745334.4451137,2.9965705834911205e-05
2456,1745745355.438123,2.996433431690093e-05
2457,1745745382.8729928,2.9962962798890658e-05
2458,1745745404.8966231,2.9961591280880384e-05
2459,1745745432.5287786,2.996021976287011e-05
2460,1745745461.2295847,2.9958848244859837e-05
2461,1745745490.7589834,2.9957476726849563e-05
2462,1745745519.8186662,2.9956103389849886e-05
2463,1745745545.315108,2.9954731871839613e-05
2464,1745745569.8590913,2.995336035382934e-05
2465,1745745590.4768927,2.9951988835819066e-05
2466,1745745619.1574793,2.9950617317808792e-05
2467,1745745645.681836,2.994924579979852e-05
2468,1745745671.6551507,2.9947874281788245e-05
2469,1745745704.6174219,2.994650276377797e-05
2470,1745745736.3939977,2.9945129426778294e-05
2471,1745745747.7431004,2.994375790876802e-05
2472,1745745777.3140888,2.9942386390757747e-05
2473,1745745808.5497441,2.9941014872747473e-05
2474,1745745846.9550135,2.99396433547372e-05
2475,1745745879.747842,2.9938271836726926e-05
2476,1745745905.7479374,2.9936900318716653e-05
2477,1745745931.362199,2.993552880070638e-05
2478,1745745955.5129094,2.9934157282696106e-05
2479,1745745985.1535497,2.993278394569643e-05
2480,1745746006.0665057,2.9931412427686155e-05
2481,1745746042.7577498,2.993004090967588e-05
2482,1745746069.7147672,2.9928669391665608e-05
2483,1745746094.6394765,2.9927297873655334e-05
2484,1745746122.1113718,2.992592635564506e-05
2485,1745746143.0964503,2.9924554837634787e-05
2486,1745746163.720458,2.9923183319624513e-05
2487,1745746199.0044062,2.9921809982624836e-05
2488,1745746226.7067404,2.9920438464614563e-05
2489,1745746252.992999,2.991906694660429e-05
2490,1745746276.5457957,2.9917695428594016e-05
2491,1745746306.6535513,2.9916323910583742e-05
2492,1745746329.2428865,2.991495239257347e-05
2493,1745746346.447823,2.9913580874563195e-05
2494,1745746376.1525042,2.991220935655292e-05
2495,1745746414.7639978,2.9910836019553244e-05
2496,1745746442.0972087,2.990946450154297e-05
2497,1745746466.525612,2.9908092983532697e-05
2498,1745746495.8966568,2.9906721465522423e-05
2499,1745746524.6610682,2.990534994751215e-05
2500,1745746552.6428316,2.9903978429501876e-05
2501,1745746576.5460014,2.9902606911491603e-05
2502,1745746603.5543156,2.990123539348133e-05
2503,1745746632.020308,2.9899862056481652e-05
2504,1745746659.9837298,2.989849053847138e-05
2505,1745746689.458732,2.9897119020461105e-05
2506,1745746717.743991,2.989574750245083e-05
2507,1745746743.6784277,2.9894375984440558e-05
2508,1745746767.881652,2.9893004466430284e-05
2509,1745746791.2035298,2.989163294842001e-05
2510,1745746819.2654881,2.9890261430409737e-05
2511,1745746830.0410573,2.988888809341006e-05
2512,1745747065.5444555,2.9887516575399786e-05
2513,1745747094.9228628,2.9886145057389513e-05
2514,1745747122.8498275,2.988477353937924e-05
2515,1745747150.250931,2.9883402021368966e-05
2516,1745747177.943309,2.9882030503358692e-05
2517,1745747212.511356,2.988065898534842e-05
2518,1745747242.2912552,2.9879287467338145e-05
2519,1745747271.0151615,2.9877914130338468e-05
2520,1745747298.3051138,2.9876542612328194e-05
2521,1745747327.5864763,2.987517109431792e-05
2522,1745747358.4814851,2.9873799576307647e-05
2523,1745747380.0696075,2.9872428058297373e-05
2524,1745747399.7672663,2.98710565402871e-05
2525,1745747424.6348274,2.9869685022276826e-05
2526,1745747457.5924525,2.9868313504266553e-05
2527,1745747481.8182604,2.9866940167266876e-05
2528,1745747502.3868082,2.9865568649256602e-05
2529,1745747536.886921,2.986419713124633e-05
2530,1745747557.6075404,2.9862825613236055e-05
2531,1745747584.2884073,2.986145409522578e-05
2532,1745747607.6715796,2.9860082577215508e-05
2533,1745747639.5081298,2.9858711059205234e-05
2534,1745747677.4887424,2.985733954119496e-05
2535,1745747691.9466636,2.9855966204195283e-05
2536,1745747726.1845388,2.985459468618501e-05
2537,1745747746.9608998,2.9853223168174736e-05
2538,1745747771.6139064,2.9851851650164463e-05
2539,1745747809.930066,2.985048013215419e-05
2540,1745747830.3593585,2.9849108614143915e-05
2541,1745747854.1202676,2.9847737096133642e-05
2542,1745747878.2346282,2.984636557812337e-05
2543,1745747909.7982206,2.984499224112369e-05
2544,1745747936.60819,2.9843620723113418e-05
2545,1745747960.7458017,2.9842249205103144e-05
2546,1745747986.6367898,2.984087768709287e-05
2547,1745748015.1680708,2.9839506169082597e-05
2548,1745748039.775755,2.9838134651072323e-05
2549,1745748067.5926778,2.983676313306205e-05
2550,1745748098.1664796,2.9835391615051776e-05
2551,1745748120.0760684,2.9834020097041503e-05
2552,1745748145.0626345,2.9832646760041825e-05
2553,1745748172.7679513,2.9831275242031552e-05
2554,1745748198.5049057,2.982990372402128e-05
2555,1745748226.460209,2.9828532206011005e-05
2556,1745748245.2070215,2.982716068800073e-05
2557,1745748273.1553836,2.9825789169990458e-05
2558,1745748296.7291412,2.9824417651980184e-05
2559,1745748316.9049008,2.982304613396991e-05
2560,1745748346.5878112,2.9821672796970233e-05
2561,1745748373.870857,2.982030127895996e-05
2562,1745748398.1335073,2.9818929760949686e-05
2563,1745748421.7971911,2.9817558242939413e-05
2564,1745748448.4782784,2.981618672492914e-05
2565,1745748476.6158254,2.9814815206918865e-05
2566,1745748503.267657,2.9813443688908592e-05
2567,1745748531.277623,2.9812072170898318e-05
2568,1745748560.0100725,2.981069883389864e-05
2569,1745748581.9756794,2.9809327315888368e-05
2570,1745748602.3868275,2.9807955797878094e-05
2571,1745748629.6787329,2.980658427986782e-05
2572,1745748662.4746065,2.9805212761857547e-05
2573,1745748696.6213708,2.9803841243847273e-05
2574,1745748722.4091077,2.9802469725837e-05
2575,1745748749.809894,2.9801098207826726e-05
2576,1745748773.9739897,2.979972487082705e-05
2577,1745748807.000714,2.9798353352816775e-05
2578,1745748818.5606706,2.9796981834806502e-05
2579,1745748851.9072323,2.9795610316796228e-05
2580,1745748881.6659007,2.9794238798785955e-05
2581,1745748909.3824017,2.979286728077568e-05
2582,1745748937.4653428,2.9791495762765408e-05
2583,1745748947.4973092,2.9790124244755134e-05
2584,1745748979.6529448,2.9788750907755457e-05
2585,1745749005.7765117,2.9787379389745183e-05
2586,1745749030.9386857,2.978600787173491e-05
2587,1745749051.3106651,2.9784636353724636e-05
2588,1745749080.040956,2.9783264835714363e-05
2589,1745749100.238307,2.978189331770409e-05
2590,1745749126.6314068,2.9780521799693815e-05
2591,1745749152.7309117,2.9779150281683542e-05
2592,1745749160.8964384,2.9777776944683865e-05
2593,1745749412.3155556,2.977640542667359e-05
2594,1745749443.3612473,2.9775033908663318e-05
2595,1745749468.635745,2.9773662390653044e-05
2596,1745749495.4095933,2.977229087264277e-05
2597,1745749524.1222227,2.9770919354632497e-05
2598,1745749551.5524306,2.9769547836622223e-05
2599,1745749568.9068,2.976817631861195e-05
2600,1745749593.687567,2.9766802981612273e-05
2601,1745749617.7632873,2.9765431463602e-05
2602,1745749650.122441,2.9764059945591725e-05
2603,1745749672.3607767,2.9762688427581452e-05
2604,1745749698.4699233,2.9761316909571178e-05
2605,1745749720.8058343,2.9759945391560905e-05
2606,1745749745.5219522,2.975857387355063e-05
2607,1745749772.0233772,2.9757202355540358e-05
2608,1745749799.5890386,2.975582901854068e-05
2609,1745749833.405168,2.9754457500530407e-05
2610,1745749847.7443814,2.9753085982520133e-05
2611,1745749871.5529387,2.975171446450986e-05
2612,1745749900.9000554,2.9750342946499586e-05
2613,1745749925.9663062,2.9748971428489313e-05
2614,1745749955.0489624,2.974759991047904e-05
2615,1745749980.0307257,2.9746228392468765e-05
2616,1745750010.5994577,2.9744856874458492e-05
2617,1745750036.415418,2.9743483537458815e-05
2618,1745750061.6992826,2.974211201944854e-05
2619,1745750085.2154713,2.9740740501438268e-05
2620,1745750109.7033367,2.9739368983427994e-05
2621,1745750139.0018148,2.973799746541772e-05
2622,1745750165.1548228,2.9736625947407447e-05
2623,1745750195.3717499,2.9735254429397173e-05
2624,1745750230.459076,2.97338829113869e-05
2625,1745750248.1714919,2.9732509574387223e-05
2626,1745750274.9551032,2.973113805637695e-05
2627,1745750314.4044654,2.9729766538366675e-05
2628,1745750337.4863055,2.9728395020356402e-05
2629,1745750358.924138,2.9727023502346128e-05
2630,1745750384.4181023,2.9725651984335855e-05
2631,1745750412.963784,2.972428046632558e-05
2632,1745750439.424856,2.9722908948315307e-05
2633,1745750467.6996264,2.972153561131563e-05
2634,1745750498.5714858,2.9720164093305357e-05
2635,1745750535.7181926,2.9718792575295083e-05
2636,1745750563.6245928,2.971742105728481e-05
2637,1745750586.1755085,2.9716049539274536e-05
2638,1745750609.6271973,2.9714678021264262e-05
2639,1745750640.7134056,2.971330650325399e-05
2640,1745750667.2871716,2.9711934985243715e-05
2641,1745750704.2193108,2.9710561648244038e-05
2642,1745750730.1081183,2.9709190130233765e-05
2643,1745750755.7953253,2.970781861222349e-05
2644,1745750780.2012844,2.9706447094213217e-05
2645,1745750803.6806982,2.9705075576202944e-05
2646,1745750829.7154593,2.970370405819267e-05
2647,1745750859.116548,2.9702332540182397e-05
2648,1745750886.2511559,2.9700961022172123e-05
2649,1745750914.939825,2.9699587685172446e-05
2650,1745750940.3222516,2.9698216167162172e-05
2651,1745750969.8084135,2.96968446491519e-05
2652,1745750998.3645961,2.9695473131141625e-05
2653,1745751019.7775598,2.9694101613131352e-05
2654,1745751052.312545,2.9692730095121078e-05
2655,1745751081.7723012,2.9691358577110805e-05
2656,1745751101.6541436,2.968998705910053e-05
2657,1745751125.4457939,2.9688613722100854e-05
2658,1745751149.496401,2.968724220409058e-05
2659,1745751174.4999561,2.9685870686080307e-05
2660,1745751195.2088287,2.9684499168070033e-05
2661,1745751224.4616315,2.968312765005976e-05
2662,1745751252.2447715,2.9681756132049486e-05
2663,1745751279.883876,2.9680384614039212e-05
2664,1745751314.028952,2.967901309602894e-05
2665,1745751339.9680054,2.9677639759029262e-05
2666,1745751351.9402692,2.9676268241018988e-05
2667,1745751383.736887,2.9674896723008715e-05
2668,1745751422.8114088,2.967352520499844e-05
2669,1745751452.9405873,2.9672153686988167e-05
2670,1745751464.5953383,2.9670782168977894e-05
2671,1745751489.103476,2.966941065096762e-05
2672,1745751511.8140619,2.9668039132957347e-05
2673,1745751522.7603898,2.966666579595767e-05
2674,1745751777.7891414,2.9665294277947396e-05
2675,1745751803.301689,2.9663922759937122e-05
2676,1745751827.0050805,2.966255124192685e-05
2677,1745751850.2908044,2.9661179723916575e-05
2678,1745751880.4811618,2.9659808205906302e-05
2679,1745751909.3972216,2.9658436687896028e-05
2680,1745751935.624503,2.9657065169885755e-05
2681,1745751961.1221502,2.9655691832886077e-05
2682,1745751992.741614,2.9654320314875804e-05
2683,1745752015.7332687,2.965294879686553e-05
2684,1745752036.8413322,2.9651577278855257e-05
2685,1745752066.0713966,2.9650205760844983e-05
2686,1745752089.9986541,2.964883424283471e-05
2687,1745752119.4013956,2.9647462724824436e-05
2688,1745752133.4469326,2.9646091206814162e-05
2689,1745752167.8268998,2.964471968880389e-05
2690,1745752177.6354222,2.9643346351804212e-05
2691,1745752218.1739745,2.9641974833793938e-05
2692,1745752231.7408364,2.9640603315783665e-05
2693,1745752265.446565,2.963923179777339e-05
2694,1745752279.9429917,2.9637860279763117e-05
2695,1745752309.45054,2.9636488761752844e-05
2696,1745752330.2342105,2.963511724374257e-05
2697,1745752356.7935708,2.9633745725732297e-05
2698,1745752386.885464,2.963237238873262e-05
2699,1745752417.1520102,2.9631000870722346e-05
2700,1745752429.5747676,2.9629629352712072e-05
2701,1745752463.3827357,2.96282578347018e-05
2702,1745752488.9707425,2.9626886316691525e-05
2703,1745752512.6053333,2.9625514798681252e-05
2704,1745752541.260317,2.9624143280670978e-05
2705,1745752574.3746057,2.9622771762660705e-05
2706,1745752598.3177078,2.9621398425661027e-05
2707,1745752621.3538122,2.9620026907650754e-05
2708,1745752650.5268965,2.961865538964048e-05
2709,1745752685.0004268,2.9617283871630207e-05
2710,1745752716.356637,2.9615912353619933e-05
2711,1745752743.800905,2.961454083560966e-05
2712,1745752772.1484847,2.9613169317599386e-05
2713,1745752806.2498,2.9611797799589112e-05
2714,1745752851.3328295,2.9610424462589435e-05
2715,1745752869.2464066,2.9609052944579162e-05
2716,1745752893.4687486,2.9607681426568888e-05
2717,1745752930.77626,2.9606309908558615e-05
2718,1745752953.7452734,2.960493839054834e-05
2719,1745752976.4505281,2.9603566872538067e-05
2720,1745753000.60408,2.9602195354527794e-05
2721,1745753028.935974,2.960082383651752e-05
2722,1745753045.3815365,2.9599450499517843e-05
2723,1745753066.977562,2.959807898150757e-05
2724,1745753100.7957327,2.9596707463497296e-05
2725,1745753109.6793082,2.9595335945487022e-05
2726,1745753135.7286108,2.959396442747675e-05
2727,1745753157.811986,2.9592592909466475e-05
2728,1745753181.2551994,2.95912213914562e-05
2729,1745753208.66722,2.9589849873445928e-05
2730,1745753233.0021603,2.958847653644625e-05
2731,1745753257.0716567,2.9587105018435977e-05
2732,1745753285.9511096,2.9585733500425704e-05
2733,1745753310.2851577,2.958436198241543e-05
2734,1745753335.8793664,2.9582990464405157e-05
2735,1745753360.8453689,2.9581618946394883e-05
2736,1745753391.5142689,2.958024742838461e-05
2737,1745753426.9762108,2.9578875910374336e-05
2738,1745753450.4484363,2.957750257337466e-05
2739,1745753482.8536572,2.9576131055364385e-05
2740,1745753515.207696,2.957475953735411e-05
2741,1745753550.182743,2.9573388019343838e-05
2742,1745753583.0671492,2.9572016501333565e-05
2743,1745753592.82067,2.957064498332329e-05
2744,1745753627.9655368,2.9569273465313017e-05
2745,1745753651.2143576,2.9567901947302744e-05
2746,1745753670.4844484,2.9566528610303067e-05
2747,1745753698.8412678,2.9565157092292793e-05
2748,1745753725.64505,2.956378557428252e-05
2749,1745753753.076596,2.9562414056272246e-05
2750,1745753781.6642087,2.9561042538261972e-05
2751,1745753808.7165124,2.95596710202517e-05
2752,1745753834.8075595,2.9558299502241425e-05
2753,1745753864.838664,2.955692798423115e-05
2754,1745753876.7289157,2.9555554647231475e-05
2755,1745754132.0573473,2.95541831292212e-05
2756,1745754160.7924812,2.9552811611210927e-05
2757,1745754182.8963387,2.9551440093200654e-05
2758,1745754209.772729,2.955006857519038e-05
2759,1745754238.1888022,2.9548697057180107e-05
2760,1745754260.5896502,2.9547325539169833e-05
2761,1745754289.8310099,2.954595402115956e-05
2762,1745754317.7372923,2.9544582503149286e-05
2763,1745754350.6790247,2.954320916614961e-05
2764,1745754380.0947747,2.9541837648139335e-05
2765,1745754395.6091528,2.954046613012906e-05
2766,1745754421.439113,2.9539094612118788e-05
2767,1745754449.3360329,2.9537723094108514e-05
2768,1745754481.8158286,2.953635157609824e-05
2769,1745754504.8558831,2.9534980058087967e-05
2770,1745754525.3097014,2.9533608540077694e-05
2771,1745754549.6491108,2.9532235203078017e-05
2772,1745754582.1562164,2.9530863685067743e-05
2773,1745754617.556395,2.952949216705747e-05
2774,1745754653.0493906,2.9528120649047196e-05
2775,1745754680.5241163,2.9526749131036922e-05
2776,1745754694.3972871,2.952537761302665e-05
2777,1745754722.438294,2.9524006095016375e-05
2778,1745754742.5652678,2.95226345770061e-05
2779,1745754771.4691563,2.9521261240006424e-05
2780,1745754798.6065063,2.951988972199615e-05
2781,1745754828.3274086,2.9518518203985877e-05
2782,1745754855.2666004,2.9517146685975604e-05
2783,1745754882.7291503,2.951577516796533e-05
2784,1745754911.1781578,2.9514403649955057e-05
2785,1745754924.3199317,2.9513032131944783e-05
2786,1745754946.7396657,2.951166061393451e-05
2787,1745754971.3631785,2.9510287276934832e-05
2788,1745754995.6611576,2.950891575892456e-05
2789,1745755022.1713455,2.9507544240914285e-05
2790,1745755047.5696924,2.950617272290401e-05
2791,1745755071.2626579,2.9504801204893738e-05
2792,1745755100.869592,2.9503429686883464e-05
2793,1745755133.1899734,2.950205816887319e-05
2794,1745755158.2516434,2.9500686650862917e-05
2795,1745755181.016024,2.949931331386324e-05
2796,1745755206.0483847,2.9497941795852967e-05
2797,1745755233.2942324,2.9496570277842693e-05
2798,1745755261.232975,2.949519875983242e-05
2799,1745755297.0840702,2.9493827241822146e-05
2800,1745755315.2954438,2.9492455723811872e-05
2801,1745755339.6721923,2.94910842058016e-05
2802,1745755370.0579302,2.9489712687791325e-05
2803,1745755399.5282261,2.9488339350791648e-05
2804,1745755420.8202708,2.9486967832781374e-05
2805,1745755446.696823,2.94855963147711e-05
2806,1745755472.524633,2.9484224796760827e-05
2807,1745755498.7763617,2.9482853278750554e-05
2808,1745755525.7530742,2.948148176074028e-05
2809,1745755555.874646,2.9480110242730007e-05
2810,1745755579.292243,2.9478738724719733e-05
2811,1745755599.0826592,2.9477365387720056e-05
2812,1745755644.4240804,2.9475993869709782e-05
2813,1745755668.733214,2.947462235169951e-05
2814,1745755690.9328883,2.9473250833689235e-05
2815,1745755721.1883504,2.947187931567896e-05
2816,1745755747.8283644,2.9470507797668688e-05
2817,1745755787.6453476,2.9469136279658414e-05
2818,1745755816.818625,2.946776476164814e-05
2819,1745755844.3764732,2.9466391424648464e-05
2820,1745755873.4288347,2.946501990663819e-05
2821,1745755899.7824888,2.9463648388627917e-05
2822,1745755924.809956,2.9462276870617643e-05
2823,1745755945.7861764,2.946090535260737e-05
2824,1745755973.5353227,2.9459533834597096e-05
2825,1745756000.3924947,2.9458162316586822e-05
2826,1745756038.5174007,2.945679079857655e-05
2827,1745756054.0415802,2.9455419280566275e-05
2828,1745756078.485503,2.9454045943566598e-05
2829,1745756100.3903408,2.9452674425556324e-05
2830,1745756127.2089891,2.945130290754605e-05
2831,1745756138.5186691,2.9449931389535777e-05
2832,1745756173.9542158,2.9448559871525504e-05
2833,1745756181.1654398,2.944718835351523e-05
2834,1745756216.0500214,2.9445816835504957e-05
2835,1745756222.6619859,2.9444445317494683e-05
2836,1745756465.7784574,2.9443071980495006e-05
2837,1745756501.8057199,2.9441700462484732e-05
2838,1745756536.7507226,2.944032894447446e-05
2839,1745756570.8655088,2.9438957426464185e-05
2840,1745756588.2200263,2.943758590845391e-05
2841,1745756617.3078,2.9436214390443638e-05
2842,1745756640.0311515,2.9434842872433364e-05
2843,1745756665.1085017,2.943347135442309e-05
2844,1745756690.9250226,2.9432098017423414e-05
2845,1745756704.0789855,2.943072649941314e-05
2846,1745756736.6793132,2.9429354981402867e-05
2847,1745756769.9276667,2.9427983463392593e-05
2848,1745756802.1004372,2.942661194538232e-05
2849,1745756814.9153662,2.9425240427372046e-05
2850,1745756837.7490659,2.9423868909361772e-05
2851,1745756865.8798218,2.94224973913515e-05
2852,1745756892.978576,2.942112405435182e-05
2853,1745756925.406656,2.9419752536341548e-05
2854,1745756953.405846,2.9418381018331274e-05
2855,1745756981.7557356,2.9417009500321e-05
2856,1745756998.7164917,2.9415637982310727e-05
2857,1745757023.151823,2.9414266464300454e-05
2858,1745757053.570878,2.941289494629018e-05
2859,1745757081.184362,2.9411523428279907e-05
2860,1745757107.757387,2.941015009128023e-05
2861,1745757134.8585796,2.9408778573269956e-05
2862,1745757159.0296936,2.9407407055259682e-05
2863,1745757179.3035846,2.940603553724941e-05
2864,1745757205.7165475,2.9404664019239135e-05
2865,1745757238.0783954,2.940329250122886e-05
2866,1745757262.9868066,2.9401920983218588e-05
2867,1745757281.7826135,2.9400549465208314e-05
2868,1745757308.2733312,2.9399176128208637e-05
2869,1745757332.8789725,2.9397804610198364e-05
2870,1745757356.03073,2.939643309218809e-05
2871,1745757387.7455745,2.9395061574177817e-05
2872,1745757415.3195524,2.9393690056167543e-05
2873,1745757442.526963,2.939231853815727e-05
2874,1745757469.770791,2.9390947020146996e-05
2875,1745757499.5049586,2.9389575502136722e-05
2876,1745757530.2026772,2.9388202165137045e-05
2877,1745757551.867875,2.938683064712677e-05
2878,1745757575.676496,2.9385459129116498e-05
2879,1745757601.9258995,2.9384087611106224e-05
2880,1745757631.7354684,2.938271609309595e-05
2881,1745757660.262769,2.9381344575085677e-05
2882,1745757689.8699327,2.9379973057075404e-05
2883,1745757718.7218306,2.937860153906513e-05
2884,1745757749.430871,2.9377228202065453e-05
2885,1745757778.9527595,2.937585668405518e-05
2886,1745757801.92058,2.9374485166044906e-05
2887,1745757828.37262,2.9373113648034632e-05
2888,1745757848.125747,2.937174213002436e-05
2889,1745757880.2876241,2.9370370612014085e-05
2890,1745757912.8584254,2.936899909400381e-05
2891,1745757939.2875414,2.9367627575993538e-05
2892,1745757957.6081884,2.936625423899386e-05
2893,1745757982.2756104,2.9364882720983587e-05
2894,1745758013.169536,2.9363511202973314e-05
2895,1745758040.1679642,2.936213968496304e-05
2896,1745758070.833609,2.9360768166952766e-05
2897,1745758098.179846,2.9359396648942493e-05
2898,1745758126.0965118,2.935802513093222e-05
2899,1745758150.5706904,2.9356653612921946e-05
2900,1745758174.1376574,2.9355282094911672e-05
2901,1745758201.2879977,2.9353908757911995e-05
2902,1745758231.0353467,2.935253723990172e-05
2903,1745758260.9213269,2.9351165721891448e-05
2904,1745758272.2832747,2.9349794203881174e-05
2905,1745758308.7596362,2.93484226858709e-05
2906,1745758336.7254674,2.9347051167860627e-05
2907,1745758368.363347,2.9345679649850354e-05
2908,1745758394.1205263,2.934430813184008e-05
2909,1745758417.700498,2.9342934794840403e-05
2910,1745758445.8270705,2.934156327683013e-05
2911,1745758474.138604,2.9340191758819856e-05
2912,1745758505.7899685,2.9338820240809582e-05
2913,1745758525.2169273,2.933744872279931e-05
2914,1745758547.421717,2.9336077204789035e-05
2915,1745758572.017962,2.933470568677876e-05
2916,1745758582.165149,2.9333334168768488e-05
2917,1745758829.655546,2.933196083176881e-05
2918,1745758852.396579,2.9330589313758537e-05
2919,1745758875.3941886,2.9329217795748264e-05
2920,1745758905.2049787,2.932784627773799e-05
2921,1745758934.9504387,2.9326474759727716e-05
2922,1745758968.1884725,2.9325103241717443e-05
2923,1745758996.492166,2.932373172370717e-05
2924,1745759017.7439024,2.9322360205696896e-05
2925,1745759042.6195545,2.932098686869722e-05
2926,1745759071.8868775,2.9319615350686945e-05
2927,1745759096.5660298,2.931824383267667e-05
2928,1745759120.2364073,2.9316872314666398e-05
2929,1745759153.3484082,2.9315500796656124e-05
2930,1745759186.4458644,2.931412927864585e-05
2931,1745759203.696795,2.9312757760635577e-05
2932,1745759240.6681073,2.9311386242625304e-05
2933,1745759270.660759,2.9310012905625626e-05
2934,1745759300.9447467,2.9308641387615353e-05
2935,1745759331.1056483,2.930726986960508e-05
2936,1745759352.3934083,2.9305898351594806e-05
2937,1745759375.3904405,2.9304526833584532e-05
2938,1745759406.7130973,2.930315531557426e-05
2939,1745759437.7097945,2.9301783797563985e-05
2940,1745759450.6840632,2.930041227955371e-05
2941,1745759482.8956804,2.9299038942554034e-05
2942,1745759518.132486,2.929766742454376e-05
2943,1745759547.8955524,2.9296295906533487e-05
2944,1745759570.4349592,2.9294924388523214e-05
2945,1745759595.0952916,2.929355287051294e-05
2946,1745759620.3020365,2.9292181352502666e-05
2947,1745759652.4788144,2.9290809834492393e-05
2948,1745759680.5916994,2.928943831648212e-05
2949,1745759707.3098502,2.9288064979482442e-05
2950,1745759735.425945,2.928669346147217e-05
2951,1745759762.7104821,2.9285321943461895e-05
2952,1745759790.640441,2.928395042545162e-05
2953,1745759816.9501402,2.9282578907441348e-05
2954,1745759844.8537426,2.9281207389431074e-05
2955,1745759872.7369368,2.92798358714208e-05
2956,1745759893.4782827,2.9278464353410527e-05
2957,1745759915.032435,2.927709101641085e-05
2958,1745759947.0990474,2.9275719498400576e-05
2959,1745759972.4257116,2.9274347980390303e-05
2960,1745760000.1335008,2.927297646238003e-05
2961,1745760018.2685978,2.9271604944369756e-05
2962,1745760034.4743314,2.9270233426359482e-05
2963,1745760055.8660433,2.926886190834921e-05
2964,1745760079.0669386,2.9267490390338935e-05
2965,1745760106.4956849,2.926611887232866e-05
2966,1745760130.2787628,2.9264745535328984e-05
2967,1745760157.8490033,2.926337401731871e-05
2968,1745760191.8629954,2.9262002499308437e-05
2969,1745760212.542089,2.9260630981298164e-05
2970,1745760239.1456184,2.925925946328789e-05
2971,1745760264.5088198,2.9257887945277616e-05
2972,1745760289.1967177,2.9256516427267343e-05
2973,1745760302.5082865,2.925514490925707e-05
2974,1745760332.7034743,2.9253771572257392e-05
2975,1745760364.274209,2.925240005424712e-05
2976,1745760394.676236,2.9251028536236845e-05
2977,1745760417.3109589,2.924965701822657e-05
2978,1745760439.9117413,2.9248285500216298e-05
2979,1745760470.389902,2.9246913982206024e-05
2980,1745760493.01225,2.924554246419575e-05
2981,1745760519.7359407,2.9244170946185477e-05
2982,1745760545.72976,2.92427976091858e-05
2983,1745760574.087964,2.9241426091175526e-05
2984,1745760594.4591606,2.9240054573165253e-05
2985,1745760627.3284442,2.923868305515498e-05
2986,1745760650.0231106,2.9237311537144706e-05
2987,1745760676.9552047,2.9235940019134432e-05
2988,1745760702.7612786,2.923456850112416e-05
2989,1745760730.69076,2.9233196983113885e-05
2990,1745760758.9431727,2.9231823646114208e-05
2991,1745760779.2959826,2.9230452128103934e-05
2992,1745760798.3916292,2.922908061009366e-05
2993,1745760824.54258,2.9227709092083387e-05
2994,1745760845.4757943,2.9226337574073114e-05
2995,1745760870.519419,2.922496605606284e-05
2996,1745760895.8183856,2.9223594538052566e-05
2997,1745760907.6933906,2.9222223020042293e-05
2998,1745761141.900795,2.9220849683042616e-05
2999,1745761173.2323685,2.9219478165032342e-05
3000,1745761205.3443704,2.921810664702207e-05
3001,1745761229.6217272,2.9216735129011795e-05
3002,1745761258.3361692,2.921536361100152e-05
3003,1745761286.327896,2.9213992092991248e-05
3004,1745761317.3560514,2.9212620574980974e-05
3005,1745761345.3246431,2.92112490569707e-05
3006,1745761365.0850685,2.9209875719971023e-05
3007,1745761390.057952,2.920850420196075e-05
3008,1745761416.5546577,2.9207132683950476e-05
3009,1745761443.9011269,2.9205761165940203e-05
3010,1745761479.740977,2.920438964792993e-05
3011,1745761507.9590764,2.9203018129919656e-05
3012,1745761539.5941148,2.9201646611909382e-05
3013,1745761563.7525418,2.920027509389911e-05
3014,1745761589.7225287,2.919890175689943e-05
3015,1745761620.8439176,2.9197530238889158e-05
3016,1745761645.8608227,2.9196158720878884e-05
3017,1745761676.3030288,2.919478720286861e-05
3018,1745761691.008849,2.9193415684858337e-05
3019,1745761721.9795084,2.9192044166848063e-05
3020,1745761747.2111852,2.919067264883779e-05
3021,1745761772.2748845,2.9189301130827516e-05
3022,1745761797.9190595,2.918792779382784e-05
3023,1745761823.385774,2.9186556275817566e-05
3024,1745761855.579415,2.9185184757807292e-05
3025,1745761885.4126682,2.918381323979702e-05
3026,1745761896.6901538,2.9182441721786745e-05
3027,1745761926.8348057,2.918107020377647e-05
3028,1745761959.6451013,2.9179698685766198e-05
3029,1745761977.799501,2.9178327167755924e-05
3030,1745762009.6574073,2.9176953830756247e-05
3031,1745762033.977567,2.9175582312745973e-05
3032,1745762047.4080315,2.91742107947357e-05
3033,1745762072.7269065,2.9172839276725426e-05
3034,1745762103.0730636,2.9171467758715153e-05
3035,1745762129.690204,2.917009624070488e-05
3036,1745762158.084263,2.9168724722694606e-05
3037,1745762182.180477,2.9167353204684332e-05
3038,1745762206.5464768,2.916598168667406e-05
3039,1745762245.528474,2.916460834967438e-05
3040,1745762266.4365466,2.9163236831664108e-05
3041,1745762290.0859065,2.9161865313653834e-05
3042,1745762318.0627463,2.916049379564356e-05
3043,1745762346.4475088,2.9159122277633287e-05
3044,1745762373.7372322,2.9157750759623013e-05
3045,1745762399.2700784,2.915637924161274e-05
3046,1745762425.8502405,2.9155007723602466e-05
3047,1745762452.280621,2.915363438660279e-05
3048,1745762474.8805156,2.9152262868592516e-05
3049,1745762506.0162506,2.9150891350582242e-05
3050,1745762531.1209695,2.914951983257197e-05
3051,1745762553.0042334,2.9148148314561695e-05
3052,1745762580.498034,2.914677679655142e-05
3053,1745762598.5590632,2.9145405278541148e-05
3054,1745762624.348571,2.9144033760530874e-05
3055,1745762650.972248,2.9142660423531197e-05
3056,1745762683.3109615,2.9141288905520923e-05
3057,1745762706.2938883,2.913991738751065e-05
3058,1745762726.9840167,2.9138545869500376e-05
3059,1745762757.6492987,2.9137174351490103e-05
3060,1745762782.7565985,2.913580283347983e-05
3061,1745762797.0887737,2.9134431315469556e-05
3062,1745762830.8911765,2.9133059797459282e-05
3063,1745762862.4232645,2.9131686460459605e-05
3064,1745762889.461357,2.913031494244933e-05
3065,1745762917.0783799,2.9128943424439058e-05
3066,1745762940.309373,2.9127571906428784e-05
3067,1745762971.0820034,2.912620038841851e-05
3068,1745762984.9497018,2.9124828870408237e-05
3069,1745763009.8906226,2.9123457352397963e-05
3070,1745763034.485407,2.912208583438769e-05
3071,1745763063.0932848,2.9120712497388013e-05
3072,1745763086.035466,2.911934097937774e-05
3073,1745763114.08436,2.9117969461367466e-05
3074,1745763142.2397547,2.9116597943357192e-05
3075,1745763167.5408535,2.911522642534692e-05
3076,1745763193.2877808,2.9113854907336645e-05
3077,1745763221.4947162,2.911248338932637e-05
3078,1745763231.5040722,2.9111111871316098e-05
3079,1745763478.5482922,2.910973853431642e-05
3080,1745763508.0981064,2.9108367016306147e-05
3081,1745763536.8810399,2.9106995498295873e-05
3082,1745763568.854182,2.91056239802856e-05
3083,1745763589.918639,2.9104252462275326e-05
3084,1745763614.7757246,2.9102880944265053e-05
3085,1745763642.3486562,2.910150942625478e-05
3086,1745763666.5709944,2.9100137908244506e-05
3087,1745763694.116278,2.909876457124483e-05
3088,1745763724.8149312,2.9097393053234555e-05
3089,1745763739.3093328,2.909602153522428e-05
3090,1745763767.725076,2.9094650017214008e-05
3091,1745763801.1465876,2.9093278499203734e-05
3092,1745763816.8266737,2.909190698119346e-05
3093,1745763840.4173756,2.9090535463183187e-05
3094,1745763866.0281842,2.9089163945172913e-05
3095,1745763904.661696,2.9087790608173236e-05
3096,1745763929.4293911,2.9086419090162963e-05
3097,1745763957.3615317,2.908504757215269e-05
3098,1745763980.8496084,2.9083676054142416e-05
3099,1745764025.3146887,2.9082304536132142e-05
3100,1745764044.638002,2.908093301812187e-05
3101,1745764066.6487114,2.9079561500111595e-05
3102,1745764096.7195666,2.907818998210132e-05
3103,1745764134.7687337,2.9076818464091048e-05
3104,1745764141.8326082,2.907544512709137e-05
3105,1745764180.1664703,2.9074073609081097e-05
3106,1745764212.2094064,2.9072702091070823e-05
3107,1745764234.3115916,2.907133057306055e-05
3108,1745764262.3758616,2.9069959055050276e-05
3109,1745764290.236544,2.9068587537040003e-05
3110,1745764316.6083133,2.906721601902973e-05
3111,1745764338.7326326,2.9065844501019455e-05
3112,1745764367.3066118,2.906447116401978e-05
3113,1745764388.3051236,2.9063099646009505e-05
3114,1745764425.11334,2.906172812799923e-05
3115,1745764444.5690727,2.9060356609988958e-05
3116,1745764474.722624,2.9058985091978684e-05
3117,1745764504.1428645,2.905761357396841e-05
3118,1745764534.5962758,2.9056242055958137e-05
3119,1745764562.7544343,2.9054870537947863e-05
3120,1745764590.443564,2.9053497200948186e-05
3121,1745764619.0105548,2.9052125682937913e-05
3122,1745764642.205694,2.905075416492764e-05
3123,1745764664.182015,2.9049382646917365e-05
3124,1745764688.9487026,2.9048011128907092e-05
3125,1745764725.9287398,2.904663961089682e-05
3126,1745764752.8519163,2.9045268092886545e-05
3127,1745764770.1463797,2.904389657487627e-05
3128,1745764800.9680774,2.9042523237876594e-05
3129,1745764833.7677872,2.904115171986632e-05
3130,1745764868.286027,2.9039780201856047e-05
3131,1745764877.7833188,2.9038408683845773e-05
3132,1745764904.9799101,2.90370371658355e-05
3133,1745764936.285675,2.9035665647825226e-05
3134,1745764954.1484141,2.9034294129814953e-05
3135,1745764983.330434,2.903292261180468e-05
3136,1745765010.2785764,2.9031549274805002e-05
3137,1745765034.9098973,2.903017775679473e-05
3138,1745765060.2364485,2.9028806238784455e-05
3139,1745765087.7802622,2.902743472077418e-05
3140,1745765113.7389386,2.9026063202763908e-05
3141,1745765139.8530076,2.9024691684753634e-05
3142,1745765169.1486492,2.902332016674336e-05
3143,1745765195.9084518,2.9021948648733087e-05
3144,1745765216.9347558,2.902057531173341e-05
3145,1745765243.523434,2.9019203793723136e-05
3146,1745765272.846823,2.9017832275712863e-05
3147,1745765298.7485032,2.901646075770259e-05
3148,1745765326.2092245,2.9015089239692315e-05
3149,1745765354.1920605,2.9013717721682042e-05
3150,1745765381.996364,2.901234620367177e-05
3151,1745765409.870021,2.9010974685661495e-05
3152,1745765438.1840856,2.9009601348661818e-05
3153,1745765463.2741992,2.9008229830651544e-05
3154,1745765490.1439703,2.900685831264127e-05
3155,1745765515.3004353,2.9005486794630997e-05
3156,1745765539.3384058,2.9004115276620723e-05
3157,1745765567.8476377,2.900274375861045e-05
3158,1745765593.436542,2.9001372240600176e-05
3159,1745765611.1404498,2.9000000722589903e-05
3160,1745765822.4383106,2.8998627385590225e-05
3161,1745765846.3089523,2.8997255867579952e-05
3162,1745765872.9966233,2.899588434956968e-05
3163,1745765899.9375012,2.8994512831559405e-05
3164,1745765923.466607,2.899314131354913e-05
3165,1745765948.7407298,2.8991769795538858e-05
3166,1745765981.4001765,2.8990398277528584e-05
3167,1745766010.5773098,2.898902675951831e-05
3168,1745766045.3782227,2.8987653422518633e-05
3169,1745766077.0134928,2.898628190450836e-05
3170,1745766104.357458,2.8984910386498086e-05
3171,1745766133.2450857,2.8983538868487813e-05
3172,1745766164.4684365,2.898216735047754e-05
3173,1745766196.8915951,2.8980795832467265e-05
3174,1745766213.8331804,2.8979424314456992e-05
3175,1745766240.018511,2.8978052796446718e-05
3176,1745766264.9501822,2.8976681278436445e-05
3177,1745766288.4413695,2.8975307941436768e-05
3178,1745766310.2726786,2.8973936423426494e-05
3179,1745766334.4378812,2.897256490541622e-05
3180,1745766367.26907,2.8971193387405947e-05
3181,1745766393.8145616,2.8969821869395673e-05
3182,1745766421.087632,2.89684503513854e-05
3183,1745766445.2772982,2.8967078833375126e-05
3184,1745766468.6552117,2.8965707315364853e-05
3185,1745766503.5571163,2.8964333978365175e-05
3186,1745766535.9784257,2.8962962460354902e-05
3187,1745766560.6010032,2.8961590942344628e-05
3188,1745766586.4833627,2.8960219424334355e-05
3189,1745766613.2621233,2.895884790632408e-05
3190,1745766631.180004,2.8957476388313808e-05
3191,1745766668.206679,2.8956104870303534e-05
3192,1745766694.2040048,2.895473335229326e-05
3193,1745766719.1265032,2.8953360015293583e-05
3194,1745766744.9050446,2.895198849728331e-05
3195,1745766771.0253768,2.8950616979273036e-05
3196,1745766801.3405464,2.8949245461262763e-05
3197,1745766816.4275267,2.894787394325249e-05
3198,1745766846.0244098,2.8946502425242215e-05
3199,1745766876.5726502,2.8945130907231942e-05
3200,1745766905.626367,2.8943759389221668e-05
3201,1745766943.3246047,2.894238605222199e-05
3202,1745766971.3655627,2.8941014534211718e-05
3203,1745766996.359449,2.8939643016201444e-05
3204,1745767023.516263,2.893827149819117e-05
3205,1745767047.7933476,2.8936899980180897e-05
3206,1745767072.6312706,2.8935528462170623e-05
3207,1745767098.3399825,2.893415694416035e-05
3208,1745767126.8654523,2.8932785426150076e-05
3209,1745767152.3779356,2.89314120891504e-05
3210,1745767179.9874864,2.8930040571140125e-05
3211,1745767202.077329,2.8928669053129852e-05
3212,1745767235.026435,2.8927297535119578e-05
3213,1745767259.685543,2.8925926017109305e-05
3214,1745767288.94175,2.892455449909903e-05
3215,1745767309.6685393,2.8923182981088758e-05
3216,1745767338.209669,2.8921811463078484e-05
3217,1745767361.9452918,2.8920438126078807e-05
3218,1745767388.3851001,2.8919066608068533e-05
3219,1745767407.614379,2.891769509005826e-05
3220,1745767434.4078956,2.8916323572047986e-05
3221,1745767461.3009722,2.8914952054037713e-05
3222,1745767485.1090555,2.891358053602744e-05
3223,1745767515.13189,2.8912209018017165e-05
3224,1745767542.8974316,2.8910837500006892e-05
3225,1745767566.8434772,2.8909464163007215e-05
3226,1745767590.7568724,2.890809264499694e-05
3227,1745767623.0746858,2.8906721126986668e-05
3228,1745767645.0053155,2.8905349608976394e-05
3229,1745767675.0220618,2.890397809096612e-05
3230,1745767706.0223649,2.8902606572955847e-05
3231,1745767723.4973161,2.8901235054945573e-05
3232,1745767749.9077783,2.88998635369353e-05
3233,1745767780.1369534,2.8898490199935623e-05
3234,1745767806.9722304,2.889711868192535e-05
3235,1745767834.082111,2.8895747163915075e-05
3236,1745767859.5817866,2.8894375645904802e-05
3237,1745767885.786727,2.8893004127894528e-05
3238,1745767912.8796835,2.8891632609884255e-05
3239,1745767940.0159786,2.889026109187398e-05
3240,1745767952.1336427,2.8888889573863707e-05
3241,1745768199.1201937,2.8887518055853434e-05
3242,1745768227.6613238,2.8886144718853757e-05
3243,1745768256.2648714,2.8884773200843483e-05
3244,1745768280.9810169,2.888340168283321e-05
3245,1745768307.363032,2.8882030164822936e-05
3246,1745768338.7170472,2.8880658646812662e-05
3247,1745768363.0075064,2.887928712880239e-05
3248,1745768391.6513016,2.8877915610792115e-05
3249,1745768417.5493948,2.8876544092781842e-05
3250,1745768441.465736,2.8875170755782165e-05
3251,1745768470.3670003,2.887379923777189e-05
3252,1745768504.0408802,2.8872427719761617e-05
3253,1745768516.3928363,2.8871056201751344e-05
3254,1745768544.7832708,2.886968468374107e-05
3255,1745768570.8835924,2.8868313165730797e-05
3256,1745768596.6552076,2.8866941647720523e-05
3257,1745768625.4796405,2.886557012971025e-05
3258,1745768655.51037,2.8864196792710572e-05
3259,1745768682.8355858,2.88628252747003e-05
3260,1745768704.5912375,2.8861453756690025e-05
3261,1745768729.6739538,2.8860082238679752e-05
3262,1745768755.7143385,2.8858710720669478e-05
3263,1745768782.8146005,2.8857339202659205e-05
3264,1745768812.0205264,2.885596768464893e-05
3265,1745768844.4248645,2.8854596166638657e-05
3266,1745768873.9676025,2.885322282963898e-05
3267,1745768897.2685242,2.8851851311628707e-05
3268,1745768917.100975,2.8850479793618433e-05
3269,1745768944.5389473,2.884910827560816e-05
3270,1745768972.1239088,2.8847736757597886e-05
3271,1745768995.3462622,2.8846365239587612e-05
3272,1745769018.4388533,2.884499372157734e-05
3273,1745769048.1771855,2.8843622203567065e-05
3274,1745769076.23771,2.8842248866567388e-05
3275,1745769103.3111408,2.8840877348557115e-05
3276,1745769128.859846,2.883950583054684e-05
3277,1745769157.0045571,2.8838134312536567e-05
3278,1745769184.092786,2.8836762794526294e-05
3279,1745769209.101788,2.883539127651602e-05
3280,1745769240.9585524,2.8834019758505747e-05
3281,1745769251.5332747,2.8832648240495473e-05
3282,1745769267.4019315,2.8831274903495796e-05
3283,1745769284.4095824,2.8829903385485522e-05
3284,1745769295.5010557,2.882853186747525e-05
3285,1745769311.38168,2.8827160349464975e-05
3286,1745769329.874821,2.8825788831454702e-05
3287,1745769356.024152,2.8824417313444428e-05
3288,1745769375.1214342,2.8823045795434155e-05
3289,1745769383.5682194,2.882167427742388e-05
3290,1745769399.387379,2.8820300940424204e-05
3291,1745769413.9762938,2.881892942241393e-05
3292,1745769436.819163,2.8817557904403657e-05
3293,1745769449.5245812,2.8816186386393383e-05
3294,1745769462.1912282,2.881481486838311e-05
3295,1745769472.884115,2.8813443350372836e-05
3296,1745769492.7619996,2.8812071832362562e-05
3297,1745769510.621831,2.881070031435229e-05
3298,1745769517.290177,2.8809326977352612e-05
3299,1745769532.3683903,2.8807955459342338e-05
3300,1745769541.0862782,2.8806583941332065e-05
3301,1745769563.333496,2.880521242332179e-05
3302,1745769573.4166334,2.8803840905311517e-05
3303,1745769587.820495,2.8802469387301244e-05
3304,1745769598.4406064,2.880109786929097e-05
3305,1745769615.021991,2.8799726351280697e-05
3306,1745769625.9015174,2.879835301428102e-05
3307,1745769640.464125,2.8796981496270746e-05
3308,1745769657.982365,2.8795609978260472e-05
3309,1745769665.51888,2.87942384602502e-05
3310,1745769691.5752523,2.8792866942239925e-05
3311,1745769700.7861867,2.879149542422965e-05
3312,1745769713.8325434,2.8790123906219378e-05
3313,1745769720.5704527,2.8788752388209105e-05
3314,1745769746.9280841,2.878738087019883e-05
3315,1745769770.1785772,2.8786007533199154e-05
3316,1745769783.2439547,2.878463601518888e-05
3317,1745769790.44586,2.8783264497178607e-05
3318,1745769806.7194493,2.8781892979168333e-05
3319,1745769821.0324962,2.878052146115806e-05
3320,1745769832.1778078,2.8779149943147786e-05
3321,1745769837.755074,2.8777778425137512e-05
3322,1745769960.4481213,2.877640690712724e-05
3323,1745769970.966079,2.877503357012756e-05
3324,1745769986.5334752,2.8773662052117288e-05
3325,1745769998.8874993,2.8772290534107015e-05
3326,1745770015.3702388,2.877091901609674e-05
3327,1745770042.3840675,2.8769547498086467e-05
3328,1745770061.6919298,2.8768175980076194e-05
3329,1745770076.6283982,2.876680446206592e-05
3330,1745770091.321229,2.8765432944055647e-05
3331,1745770116.5177135,2.876405960705597e-05
3332,1745770124.9753034,2.8762688089045696e-05
3333,1745770140.0366797,2.8761316571035422e-05
3334,1745770160.370518,2.875994505302515e-05
3335,1745770182.1138287,2.8758573535014875e-05
3336,1745770212.7258055,2.87572020170046e-05
3337,1745770228.2147744,2.8755830498994328e-05
3338,1745770248.8073394,2.8754458980984055e-05
3339,1745770263.5534399,2.8753085643984377e-05
3340,1745770272.3050723,2.8751714125974104e-05
3341,1745770294.5435097,2.875034260796383e-05
3342,1745770313.2803078,2.8748971089953557e-05
3343,1745770323.9934182,2.8747599571943283e-05
3344,1745770339.527889,2.874622805393301e-05
3345,1745770347.817012,2.8744856535922736e-05
3346,1745770373.423444,2.8743485017912462e-05
3347,1745770387.3084576,2.8742111680912785e-05
3348,1745770399.655547,2.874074016290251e-05
3349,1745770422.4340656,2.8739368644892238e-05
3350,1745770433.4247785,2.8737997126881965e-05
3351,1745770453.5833113,2.873662560887169e-05
3352,1745770464.585907,2.8735254090861417e-05
3353,1745770477.7619119,2.8733882572851144e-05
3354,1745770497.987258,2.873251105484087e-05
3355,1745770511.8300376,2.8731137717841193e-05
3356,1745770528.1044743,2.872976619983092e-05
3357,1745770541.3849664,2.8728394681820646e-05
3358,1745770561.0162606,2.8727023163810372e-05
3359,1745770578.957627,2.87256516458001e-05
3360,1745770589.5313683,2.8724280127789825e-05
3361,1745770616.284815,2.872290860977955e-05
3362,1745770628.2839448,2.8721537091769278e-05
3363,1745770664.8731217,2.87201637547696e-05
3364,1745770676.0530617,2.8718792236759327e-05
3365,1745770692.1431365,2.8717420718749054e-05
3366,1745770701.769129,2.871604920073878e-05
3367,1745770716.1233625,2.8714677682728507e-05
3368,1745770732.253873,2.8713306164718233e-05
3369,1745770745.0453603,2.871193464670796e-05
3370,1745770763.2215838,2.8710563128697686e-05
3371,1745770779.4804788,2.870918979169801e-05
3372,1745770788.4866114,2.8707818273687735e-05
3373,1745770810.2096746,2.870644675567746e-05
3374,1745770827.666851,2.8705075237667188e-05
3375,1745770835.934361,2.8703703719656914e-05
3376,1745770848.951789,2.870233220164664e-05
3377,1745770864.5329626,2.8700960683636367e-05
3378,1745770883.8349059,2.8699589165626094e-05
3379,1745770900.7390895,2.8698215828626417e-05
3380,1745770909.3654683,2.8696844310616143e-05
3381,1745770925.3928862,2.869547279260587e-05
3382,1745770935.3206987,2.8694101274595596e-05
3383,1745770950.163757,2.8692729756585322e-05
3384,1745770968.2408888,2.869135823857505e-05
3385,1745770984.5087008,2.8689986720564775e-05
3386,1745770998.1585093,2.86886152025545e-05
3387,1745771012.3884852,2.8687243684544228e-05
3388,1745771023.7287717,2.868587034754455e-05
3389,1745771036.1102722,2.8684498829534277e-05
3390,1745771049.0135365,2.8683127311524004e-05
3391,1745771069.010053,2.868175579351373e-05
3392,1745771080.5693882,2.8680384275503457e-05
3393,1745771091.2356358,2.8679012757493183e-05
3394,1745771111.1624568,2.867764123948291e-05
3395,1745771121.0933003,2.8676269721472636e-05
3396,1745771139.2183213,2.867489638447296e-05
3397,1745771150.732865,2.8673524866462685e-05
3398,1745771167.2759843,2.867215334845241e-05
3399,1745771197.420994,2.8670781830442138e-05
3400,1745771209.0261497,2.8669410312431864e-05
3401,1745771224.7297952,2.866803879442159e-05
3402,1745771228.3677685,2.8666667276411317e-05
3403,1745771340.3463612,2.8665295758401044e-05
3404,1745771360.0006452,2.8663922421401367e-05
3405,1745771369.3130136,2.8662550903391093e-05
3406,1745771380.9333215,2.866117938538082e-05
3407,1745771397.0506759,2.8659807867370546e-05
3408,1745771408.220168,2.8658436349360272e-05
3409,1745771417.9436607,2.865706483135e-05
3410,1745771434.9960659,2.8655693313339725e-05
3411,1745771450.059649,2.865432179532945e-05
3412,1745771469.221562,2.8652948458329774e-05
3413,1745771477.9753246,2.86515769403195e-05
3414,1745771492.4311578,2.8650205422309227e-05
3415,1745771506.3234842,2.8648833904298954e-05
3416,1745771518.8288434,2.864746238628868e-05
3417,1745771534.4901526,2.8646090868278407e-05
3418,1745771543.915169,2.8644719350268133e-05
3419,1745771565.4964411,2.864334783225786e-05
3420,1745771575.2159402,2.8641974495258182e-05
3421,1745771596.6548479,2.864060297724791e-05
3422,1745771612.521894,2.8639231459237635e-05
3423,1745771626.2890394,2.863785994122736e-05
3424,1745771642.4377162,2.8636488423217088e-05
3425,1745771657.2165234,2.8635116905206814e-05
3426,1745771672.8540308,2.863374538719654e-05
3427,1745771699.291731,2.8632373869186267e-05
3428,1745771718.8115873,2.863100053218659e-05
3429,1745771727.5946999,2.8629629014176317e-05
3430,1745771748.4343247,2.8628257496166043e-05
3431,1745771759.7699127,2.862688597815577e-05
3432,1745771770.9844956,2.8625514460145496e-05
3433,1745771780.0092058,2.8624142942135222e-05
3434,1745771795.0090098,2.862277142412495e-05
3435,1745771806.5683453,2.8621399906114675e-05
3436,1745771823.4705381,2.8620026569114998e-05
3437,1745771848.0731752,2.8618655051104724e-05
3438,1745771858.6526904,2.861728353309445e-05
3439,1745771869.4918652,2.8615912015084177e-05
3440,1745771892.049571,2.8614540497073904e-05
3441,1745771904.8195558,2.861316897906363e-05
3442,1745771925.8483608,2.8611797461053357e-05
3443,1745771941.29212,2.8610425943043083e-05
3444,1745771956.084378,2.8609052606043406e-05
3445,1745771979.2292144,2.8607681088033132e-05
3446,1745771989.721709,2.860630957002286e-05
3447,1745772007.6783412,2.8604938052012585e-05
3448,1745772021.020769,2.860356653400231e-05
3449,1745772038.5115876,2.8602195015992038e-05
3450,1745772052.2685342,2.8600823497981764e-05
3451,1745772067.431326,2.859945197997149e-05
3452,1745772076.8455153,2.8598080461961217e-05
3453,1745772091.068508,2.859670712496154e-05
3454,1745772108.5829096,2.8595335606951267e-05
3455,1745772118.4963572,2.8593964088940993e-05
3456,1745772137.923357,2.859259257093072e-05
3457,1745772146.5855823,2.8591221052920446e-05
3458,1745772162.5085537,2.8589849534910172e-05
3459,1745772178.538211,2.85884780168999e-05
3460,1745772191.3574557,2.8587106498889625e-05
3461,1745772200.1057365,2.8585733161889948e-05
3462,1745772219.987639,2.8584361643879674e-05
3463,1745772235.7384915,2.85829901258694e-05
3464,1745772244.5099308,2.8581618607859127e-05
3465,1745772257.8970823,2.8580247089848854e-05
3466,1745772277.7489445,2.857887557183858e-05
3467,1745772289.2278209,2.8577504053828306e-05
3468,1745772314.1562579,2.8576132535818033e-05
3469,1745772326.8256228,2.8574759198818356e-05
3470,1745772353.604317,2.8573387680808082e-05
3471,1745772376.8792338,2.857201616279781e-05
3472,1745772393.1319687,2.8570644644787535e-05
3473,1745772404.9443648,2.856927312677726e-05
3474,1745772419.5250368,2.8567901608766988e-05
3475,1745772434.5047143,2.8566530090756714e-05
3476,1745772452.828114,2.856515857274644e-05
3477,1745772474.2993457,2.8563785235746764e-05
3478,1745772486.2032063,2.856241371773649e-05
3479,1745772503.4795446,2.8561042199726216e-05
3480,1745772520.7309961,2.8559670681715943e-05
3481,1745772539.4090686,2.855829916370567e-05
3482,1745772548.701246,2.8556927645695396e-05
3483,1745772555.0364406,2.8555556127685122e-05
3484,1745772659.1803336,2.855418460967485e-05
3485,1745772666.378796,2.855281127267517e-05
3486,1745772689.8314795,2.8551439754664898e-05
3487,1745772713.4586155,2.8550068236654624e-05
3488,1745772731.464485,2.854869671864435e-05
3489,1745772745.3492541,2.8547325200634077e-05
3490,1745772764.9261572,2.8545953682623804e-05
3491,1745772781.3804862,2.854458216461353e-05
3492,1745772792.0721107,2.8543210646603256e-05
3493,1745772808.0055263,2.854183730960358e-05
3494,1745772822.4896796,2.8540465791593306e-05
3495,1745772829.9087071,2.8539094273583032e-05
3496,1745772852.93351,2.853772275557276e-05
3497,1745772865.9674892,2.8536351237562485e-05
3498,1745772880.519857,2.853497971955221e-05
3499,1745772895.1783357,2.8533608201541938e-05
3500,1745772906.7535393,2.8532236683531664e-05
3501,1745772922.5362065,2.8530863346531987e-05
3502,1745772939.634419,2.8529491828521714e-05
3503,1745772946.4709334,2.852812031051144e-05
3504,1745772961.3193922,2.8526748792501166e-05
3505,1745772985.316666,2.8525377274490893e-05
3506,1745773000.5733368,2.852400575648062e-05
3507,1745773010.3617396,2.8522634238470346e-05
3508,1745773024.7320993,2.8521262720460072e-05
3509,1745773046.801828,2.8519889383460395e-05
3510,1745773068.253071,2.851851786545012e-05
3511,1745773085.483456,2.8517146347439848e-05
3512,1745773097.8518195,2.8515774829429574e-05
3513,1745773116.692581,2.85144033114193e-05
3514,1745773131.174577,2.8513031793409027e-05
3515,1745773146.8882947,2.8511660275398754e-05
3516,1745773163.792479,2.851028875738848e-05
3517,1745773171.600077,2.8508915420388803e-05
3518,1745773192.9942622,2.850754390237853e-05
3519,1745773212.1122487,2.8506172384368256e-05
3520,1745773241.5364625,2.8504800866357982e-05
3521,1745773259.9287345,2.850342934834771e-05
3522,1745773274.3683603,2.8502057830337435e-05
3523,1745773295.7693808,2.850068631232716e-05
3524,1745773305.5092459,2.8499314794316888e-05
3525,1745773315.402008,2.8497943276306614e-05
3526,1745773333.0938575,2.8496569939306937e-05
3527,1745773351.2418857,2.8495198421296664e-05
3528,1745773368.2025988,2.849382690328639e-05
3529,1745773385.8812282,2.8492455385276116e-05
3530,1745773398.9346282,2.8491083867265843e-05
3531,1745773413.410951,2.848971234925557e-05
3532,1745773427.499799,2.8488340831245296e-05
3533,1745773436.7200034,2.8486969313235022e-05
3534,1745773455.3840246,2.8485595976235345e-05
3535,1745773475.23773,2.848422445822507e-05
3536,1745773482.5310066,2.8482852940214798e-05
3537,1745773499.6008255,2.8481481422204524e-05
3538,1745773509.5058944,2.848010990419425e-05
3539,1745773523.2929122,2.8478738386183977e-05
3540,1745773542.8974774,2.8477366868173704e-05
3541,1745773561.6498468,2.847599535016343e-05
3542,1745773570.6444678,2.8474622013163753e-05
3543,1745773588.10688,2.847325049515348e-05
3544,1745773602.9904525,2.8471878977143206e-05
3545,1745773616.7929125,2.8470507459132932e-05
3546,1745773626.8493211,2.846913594112266e-05
3547,1745773652.413874,2.8467764423112385e-05
3548,1745773665.8181198,2.846639290510211e-05
3549,1745773684.8286388,2.8465021387091838e-05
3550,1745773700.4829452,2.846364805009216e-05
3551,1745773713.2551773,2.8462276532081887e-05
3552,1745773723.8605583,2.8460905014071614e-05
3553,1745773742.1290023,2.845953349606134e-05
3554,1745773754.160431,2.8458161978051066e-05
3555,1745773766.73059,2.8456790460040793e-05
3556,1745773775.6480916,2.845541894203052e-05
3557,1745773790.2038882,2.8454047424020246e-05
3558,1745773802.8373914,2.845267408702057e-05
3559,1745773823.6925008,2.8451302569010295e-05
3560,1745773833.3575752,2.844993105100002e-05
3561,1745773848.874062,2.8448559532989748e-05
3562,1745773856.5125659,2.8447188014979474e-05
3563,1745773875.99521,2.84458164969692e-05
3564,1745773882.9325373,2.8444444978958927e-05
3565,1745773991.1665878,2.8443073460948654e-05
3566,1745774004.2689128,2.8441700123948976e-05
3567,1745774017.6891375,2.8440328605938703e-05
3568,1745774029.8130128,2.843895708792843e-05
3569,1745774053.8976307,2.8437585569918156e-05
3570,1745774063.1679354,2.8436214051907882e-05
3571,1745774075.5928907,2.843484253389761e-05
3572,1745774088.7296793,2.8433471015887335e-05
3573,1745774098.6210275,2.843209949787706e-05
3574,1745774113.0409825,2.8430726160877384e-05
3575,1745774127.573693,2.842935464286711e-05
3576,1745774139.7498155,2.8427983124856837e-05
3577,1745774149.483488,2.8426611606846564e-05
3578,1745774172.2969458,2.842524008883629e-05
3579,1745774188.7583299,2.8423868570826016e-05
3580,1745774206.6512542,2.8422497052815743e-05
3581,1745774221.8319316,2.842112553480547e-05
3582,1745774233.5441866,2.8419752197805792e-05
3583,1745774245.4872909,2.841838067979552e-05
3584,1745774252.3908021,2.8417009161785245e-05
3585,1745774267.7804263,2.841563764377497e-05
3586,1745774286.816657,2.8414266125764698e-05
3587,1745774298.7621202,2.8412894607754424e-05
3588,1745774314.0572002,2.841152308974415e-05
3589,1745774332.907085,2.8410151571733877e-05
3590,1745774343.7570188,2.8408780053723603e-05
3591,1745774361.9195507,2.8407406716723926e-05
3592,1745774370.5788558,2.8406035198713653e-05
3593,1745774385.2245142,2.840466368070338e-05
3594,1745774407.1353974,2.8403292162693106e-05
3595,1745774423.5911307,2.8401920644682832e-05
3596,1745774434.1676939,2.840054912667256e-05
3597,1745774444.809557,2.8399177608662285e-05
3598,1745774472.5106165,2.839780609065201e-05
3599,1745774480.1141303,2.8396432753652334e-05
3600,1745774503.8307707,2.839506123564206e-05
3601,1745774531.8518822,2.8393689717631787e-05
3602,1745774544.3119853,2.8392318199621513e-05
3603,1745774564.100485,2.839094668161124e-05
3604,1745774581.4384263,2.8389575163600966e-05
3605,1745774610.345842,2.8388203645590693e-05
3606,1745774622.712587,2.838683212758042e-05
3607,1745774645.5192094,2.8385458790580742e-05
3608,1745774668.1014776,2.838408727257047e-05
3609,1745774683.0397573,2.8382715754560195e-05
3610,1745774695.000483,2.838134423654992e-05
3611,1745774713.0375056,2.8379972718539648e-05
3612,1745774724.7661316,2.8378601200529374e-05
3613,1745774738.504834,2.83772296825191e-05
3614,1745774748.14472,2.8375858164508827e-05
3615,1745774764.0275662,2.837448482750915e-05
3616,1745774776.3134146,2.8373113309498876e-05
3617,1745774787.767123,2.8371741791488603e-05
3618,1745774799.5724347,2.837037027347833e-05
3619,1745774811.931724,2.8368998755468056e-05
3620,1745774827.022373,2.8367627237457782e-05
3621,1745774843.2911549,2.836625571944751e-05
3622,1745774865.7529361,2.8364884201437235e-05
3623,1745774877.604137,2.8363510864437558e-05
3624,1745774900.8400896,2.8362139346427284e-05
3625,1745774924.8144934,2.836076782841701e-05
3626,1745774942.0095134,2.8359396310406737e-05
3627,1745774952.5822115,2.8358024792396463e-05
3628,1745774969.5044746,2.835665327438619e-05
3629,1745774988.580821,2.8355281756375916e-05
3630,1745774997.0607338,2.8353910238365643e-05
3631,1745775018.6944013,2.8352536901365966e-05
3632,1745775028.1648335,2.8351165383355692e-05
3633,1745775042.1271567,2.834979386534542e-05
3634,1745775059.2813253,2.8348422347335145e-05
3635,1745775081.1879349,2.834705082932487e-05
3636,1745775093.392372,2.8345679311314598e-05
3637,1745775115.6214037,2.8344307793304324e-05
3638,1745775129.6655102,2.834293627529405e-05
3639,1745775138.8507538,2.8341562938294373e-05
3640,1745775156.912772,2.83401914202841e-05
3641,1745775174.6474888,2.8338819902273826e-05
3642,1745775190.914664,2.8337448384263553e-05
3643,1745775205.488875,2.833607686625328e-05
3644,1745775223.909181,2.8334705348243006e-05
3645,1745775230.545887,2.8333333830232732e-05
3646,1745775320.3039906,2.833196231222246e-05
3647,1745775334.8732333,2.833058897522278e-05
3648,1745775348.5439548,2.8329217457212508e-05
3649,1745775368.5841508,2.8327845939202234e-05
3650,1745775386.8285522,2.832647442119196e-05
3651,1745775396.378255,2.8325102903181687e-05
3652,1745775424.4525752,2.8323731385171413e-05
3653,1745775439.7079966,2.832235986716114e-05
3654,1745775453.5485024,2.8320988349150866e-05
3655,1745775463.7460074,2.831961501215119e-05
3656,1745775477.9025505,2.8318243494140916e-05
3657,1745775491.3289528,2.8316871976130642e-05
3658,1745775505.0486479,2.831550045812037e-05
3659,1745775520.8825722,2.8314128940110095e-05
3660,1745775530.8748443,2.831275742209982e-05
3661,1745775556.6881196,2.8311385904089548e-05
3662,1745775575.0875561,2.8310014386079274e-05
3663,1745775587.5176835,2.8308642868069e-05
3664,1745775603.0564702,2.8307269531069323e-05
3665,1745775614.0287802,2.830589801305905e-05
3666,1745775630.3663485,2.8304526495048776e-05
3667,1745775646.58965,2.8303154977038503e-05
3668,1745775670.3302398,2.830178345902823e-05
3669,1745775681.5133235,2.8300411941017956e-05
3670,1745775693.756475,2.8299040423007682e-05
3671,1745775710.1196625,2.829766890499741e-05
3672,1745775729.23911,2.829629556799773e-05
3673,1745775745.1419313,2.8294924049987458e-05
3674,1745775755.6205876,2.8293552531977184e-05
3675,1745775765.271818,2.829218101396691e-05
3676,1745775786.2442703,2.8290809495956637e-05
3677,1745775796.5895357,2.8289437977946363e-05
3678,1745775810.889606,2.828806645993609e-05
3679,1745775827.3304167,2.8286694941925816e-05
3680,1745775838.2582667,2.828532160492614e-05
3681,1745775856.9499848,2.8283950086915866e-05
3682,1745775870.417896,2.8282578568905592e-05
3683,1745775885.2984688,2.828120705089532e-05
3684,1745775898.9909406,2.8279835532885045e-05
3685,1745775908.5432205,2.827846401487477e-05
3686,1745775935.9773474,2.8277092496864498e-05
3687,1745775945.8641212,2.8275720978854224e-05
3688,1745775957.3435802,2.8274347641854547e-05
3689,1745775967.866697,2.8272976123844273e-05
3690,1745775988.9691467,2.8271604605834e-05
3691,1745776006.8694506,2.8270233087823726e-05
3692,1745776024.9202604,2.8268861569813453e-05
3693,1745776051.8184636,2.826749005180318e-05
3694,1745776060.4860134,2.8266118533792906e-05
3695,1745776077.6091008,2.8264747015782632e-05
3696,1745776096.9766357,2.8263373678782955e-05
3697,1745776108.6360881,2.826200216077268e-05
3698,1745776122.15585,2.8260630642762408e-05
3699,1745776131.1202824,2.8259259124752134e-05
3700,1745776155.349686,2.825788760674186e-05
3701,1745776169.1270885,2.8256516088731587e-05
3702,1745776184.8614955,2.8255144570721313e-05
3703,1745776206.4344454,2.825377305271104e-05
3704,1745776220.3998544,2.8252399715711363e-05
3705,1745776231.177973,2.825102819770109e-05
3706,1745776243.8614936,2.8249656679690816e-05
3707,1745776264.974887,2.8248285161680542e-05
3708,1745776285.5329988,2.824691364367027e-05
3709,1745776295.7259486,2.8245542125659995e-05
3710,1745776314.1725156,2.824417060764972e-05
3711,1745776324.2483802,2.8242799089639448e-05
3712,1745776332.836961,2.824142575263977e-05
3713,1745776354.988665,2.8240054234629497e-05
3714,1745776364.8412054,2.8238682716619223e-05
3715,1745776380.2470198,2.823731119860895e-05
3716,1745776399.5522132,2.8235939680598676e-05
3717,1745776416.14638,2.8234568162588403e-05
3718,1745776435.7633474,2.823319664457813e-05
3719,1745776443.1352723,2.8231825126567855e-05
3720,1745776462.3530123,2.823045178956818e-05
3721,1745776481.9975083,2.8229080271557905e-05
3722,1745776490.2338648,2.822770875354763e-05
3723,1745776517.0742252,2.8226337235537358e-05
3724,1745776528.307518,2.8224965717527084e-05
3725,1745776551.8986678,2.822359419951681e-05
3726,1745776560.3312798,2.8222222681506537e-05
3727,1745776661.3513162,2.8220851163496263e-05
3728,1745776672.8287425,2.821947964548599e-05
3729,1745776685.807616,2.8218106308486313e-05
3730,1745776696.2222872,2.821673479047604e-05
3731,1745776712.5363116,2.8215363272465765e-05
3732,1745776724.15291,2.8213991754455492e-05
3733,1745776737.118475,2.821262023644522e-05
3734,1745776752.2185984,2.8211248718434945e-05
3735,1745776766.9956014,2.820987720042467e-05
3736,1745776780.1444733,2.8208505682414398e-05
3737,1745776808.682499,2.820713234541472e-05
3738,1745776816.7728276,2.8205760827404447e-05
3739,1745776840.3118067,2.8204389309394173e-05
3740,1745776860.0094538,2.82030177913839e-05
3741,1745776877.5370984,2.8201646273373626e-05
3742,1745776890.778731,2.8200274755363353e-05
3743,1745776909.200074,2.819890323735308e-05
3744,1745776919.1732016,2.8197531719342805e-05
3745,1745776937.8964376,2.819615838234313e-05
3746,1745776950.3347554,2.8194786864332855e-05
3747,1745776970.7387404,2.819341534632258e-05
3748,1745776999.0381427,2.8192043828312308e-05
3749,1745777017.5897727,2.8190672310302034e-05
3750,1745777029.8679144,2.818930079229176e-05
3751,1745777039.7022808,2.8187929274281487e-05
3752,1745777059.696438,2.8186557756271213e-05
3753,1745777072.3190153,2.8185184419271536e-05
3754,1745777096.3464143,2.8183812901261263e-05
3755,1745777109.3883748,2.818244138325099e-05
3756,1745777121.6432896,2.8181069865240715e-05
3757,1745777147.760226,2.8179698347230442e-05
3758,1745777162.715988,2.8178326829220168e-05
3759,1745777175.366994,2.8176955311209895e-05
3760,1745777202.2154593,2.817558379319962e-05
3761,1745777228.598925,2.8174210456199944e-05
3762,1745777243.8804522,2.817283893818967e-05
3763,1745777272.532476,2.8171467420179397e-05
3764,1745777282.3138742,2.8170095902169123e-05
3765,1745777294.1566021,2.816872438415885e-05
3766,1745777319.459668,2.8167352866148576e-05
3767,1745777340.932544,2.8165981348138303e-05
3768,1745777365.134107,2.816460983012803e-05
3769,1745777377.1254356,2.8163236493128352e-05
3770,1745777384.7685795,2.8161864975118078e-05
3771,1745777404.4352322,2.8160493457107805e-05
3772,1745777414.539327,2.815912193909753e-05
3773,1745777431.2075398,2.8157750421087258e-05
3774,1745777440.686666,2.8156378903076984e-05
3775,1745777456.2253444,2.815500738506671e-05
3776,1745777467.4995923,2.8153635867056437e-05
3777,1745777480.6673877,2.815226253005676e-05
3778,1745777492.394503,2.8150891012046486e-05
3779,1745777511.2702646,2.8149519494036213e-05
3780,1745777519.7689073,2.814814797602594e-05
3781,1745777537.3723714,2.8146776458015665e-05
3782,1745777551.6130133,2.8145404940005392e-05
3783,1745777566.219595,2.8144033421995118e-05
3784,1745777582.5455406,2.8142661903984845e-05
3785,1745777593.9605048,2.8141288566985168e-05
3786,1745777605.5864394,2.8139917048974894e-05
3787,1745777620.420678,2.813854553096462e-05
3788,1745777631.0529468,2.8137174012954347e-05
3789,1745777651.2619164,2.8135802494944073e-05
3790,1745777662.9699295,2.81344309769338e-05
3791,1745777672.2011929,2.8133059458923526e-05
3792,1745777685.6799386,2.8131687940913253e-05
3793,1745777704.5345426,2.8130314603913575e-05
3794,1745777728.065735,2.8128943085903302e-05
3795,1745777737.8517118,2.8127571567893028e-05
3796,1745777768.900105,2.8126200049882755e-05
3797,1745777785.4416885,2.812482853187248e-05
3798,1745777802.2516649,2.8123457013862208e-05
3799,1745777817.8269932,2.8122085495851934e-05
3800,1745777832.4160433,2.812071397784166e-05
3801,1745777843.1094828,2.8119342459831387e-05
3802,1745777862.2720363,2.811796912283171e-05
3803,1745777873.244663,2.8116597604821436e-05
3804,1745777891.1591756,2.8115226086811163e-05
3805,1745777909.615576,2.811385456880089e-05
3806,1745777923.8723853,2.8112483050790615e-05
3807,1745777935.2650113,2.8111111532780342e-05
3808,1745778027.6820467,2.8109740014770068e-05
3809,1745778048.4039803,2.8108368496759795e-05
3810,1745778067.9911253,2.8106995159760118e-05
3811,1745778079.1566193,2.8105623641749844e-05
3812,1745778097.3233657,2.810425212373957e-05
3813,1745778118.7950556,2.8102880605729297e-05
3814,1745778135.943853,2.8101509087719023e-05
3815,1745778149.6317897,2.810013756970875e-05
3816,1745778169.4603782,2.8098766051698476e-05
3817,1745778185.6748307,2.8097394533688203e-05
3818,1745778198.1198363,2.8096021196688525e-05
3819,1745778213.0516672,2.8094649678678252e-05
3820,1745778225.1048067,2.8093278160667978e-05
3821,1745778236.1753144,2.8091906642657705e-05
3822,1745778256.4597843,2.809053512464743e-05
3823,1745778268.918816,2.8089163606637157e-05
3824,1745778287.3300571,2.8087792088626884e-05
3825,1745778301.4231594,2.808642057061661e-05
3826,1745778318.897483,2.8085047233616933e-05
3827,1745778333.2410564,2.808367571560666e-05
3828,1745778344.2031076,2.8082304197596386e-05
3829,1745778358.3413801,2.8080932679586112e-05
3830,1745778366.7016482,2.807956116157584e-05
3831,1745778385.7197082,2.8078189643565565e-05
3832,1745778403.7067614,2.8076818125555292e-05
3833,1745778416.2307065,2.8075446607545018e-05
3834,1745778426.8830936,2.807407327054534e-05
3835,1745778434.7297316,2.8072701752535067e-05
3836,1745778452.0805929,2.8071330234524794e-05
3837,1745778469.155586,2.806995871651452e-05
3838,1745778479.6252255,2.8068587198504247e-05
3839,1745778499.2066338,2.8067215680493973e-05
3840,1745778512.5963905,2.80658441624837e-05
3841,1745778539.8475425,2.8064472644473426e-05
3842,1745778557.7291458,2.806309930747375e-05
3843,1745778570.2534604,2.8061727789463475e-05
3844,1745778582.7498705,2.8060356271453202e-05
3845,1745778600.7002711,2.8058984753442928e-05
3846,1745778611.2783983,2.8057613235432655e-05
3847,1745778623.3599298,2.805624171742238e-05
3848,1745778634.3313177,2.8054870199412107e-05
3849,1745778652.3503032,2.8053498681401834e-05
3850,1745778676.3812537,2.8052125344402157e-05
3851,1745778686.3120425,2.8050753826391883e-05
3852,1745778705.5321984,2.804938230838161e-05
3853,1745778726.8959846,2.8048010790371336e-05
3854,1745778742.5663755,2.8046639272361062e-05
3855,1745778752.869272,2.804526775435079e-05
3856,1745778767.651005,2.8043896236340515e-05
3857,1745778782.6383882,2.8042524718330242e-05
3858,1745778794.8761346,2.8041151381330565e-05
3859,1745778806.4405313,2.803977986332029e-05
3860,1745778827.7259312,2.8038408345310017e-05
3861,1745778836.1146104,2.8037036827299744e-05
3862,1745778849.657107,2.803566530928947e-05
3863,1745778870.80864,2.8034293791279197e-05
3864,1745778882.4108684,2.8032922273268923e-05
3865,1745778891.1897776,2.803155075525865e-05
3866,1745778911.0856605,2.8030177418258972e-05
3867,1745778924.860282,2.80288059002487e-05
3868,1745778940.5752106,2.8027434382238425e-05
3869,1745778961.1673756,2.8026062864228152e-05
3870,1745778979.0145535,2.8024691346217878e-05
3871,1745779002.4618115,2.8023319828207605e-05
3872,1745779027.6087575,2.802194831019733e-05
3873,1745779053.360768,2.8020576792187057e-05
3874,1745779081.3031085,2.8019205274176784e-05
3875,1745779109.0663888,2.8017831937177107e-05
3876,1745779142.5182548,2.8016460419166833e-05
3877,1745779163.7671535,2.801508890115656e-05
3878,1745779186.4118528,2.8013717383146286e-05
3879,1745779213.4594698,2.8012345865136012e-05
3880,1745779238.5681713,2.801097434712574e-05
3881,1745779258.6611087,2.8009602829115465e-05
3882,1745779285.1800385,2.8008231311105192e-05
3883,1745779316.3645976,2.8006857974105515e-05
3884,1745779343.6413445,2.800548645609524e-05
3885,1745779369.5485845,2.8004114938084967e-05
3886,1745779390.5543728,2.8002743420074694e-05
3887,1745779417.3539217,2.800137190206442e-05
3888,1745779426.7885294,2.8000000384054147e-05
3889,1745779678.8392975,2.7998628866043873e-05
3890,1745779702.3538153,2.79972573480336e-05
3891,1745779730.7210093,2.7995884011033922e-05
3892,1745779760.133309,2.799451249302365e-05
3893,1745779780.5097072,2.7993140975013375e-05
3894,1745779803.6984417,2.7991769457003102e-05
3895,1745779829.350669,2.7990397938992828e-05
3896,1745779856.7759173,2.7989026420982555e-05
3897,1745779885.0130463,2.798765490297228e-05
3898,1745779914.0162358,2.7986283384962007e-05
3899,1745779941.2308302,2.798491004796233e-05
3900,1745779965.9534192,2.7983538529952057e-05
3901,1745779992.785305,2.7982167011941783e-05
3902,1745780018.2905402,2.798079549393151e-05
3903,1745780043.991877,2.7979423975921236e-05
3904,1745780071.8512928,2.7978052457910962e-05
3905,1745780099.4889543,2.797668093990069e-05
3906,1745780123.6147,2.7975309421890415e-05
3907,1745780147.7947593,2.7973936084890738e-05
3908,1745780175.7486558,2.7972564566880465e-05
3909,1745780203.1056204,2.797119304887019e-05
3910,1745780228.8718219,2.7969821530859917e-05
3911,1745780254.1931489,2.7968450012849644e-05
3912,1745780279.6051471,2.796707849483937e-05
3913,1745780310.3416748,2.7965706976829097e-05
3914,1745780339.2279677,2.7964335458818823e-05
3915,1745780366.7779193,2.7962962121819146e-05
3916,1745780399.9800334,2.7961590603808872e-05
3917,1745780426.736936,2.79602190857986e-05
3918,1745780452.3157954,2.7958847567788325e-05
3919,1745780480.1946836,2.795747604977805e-05
3920,1745780501.9551451,2.7956104531767778e-05
3921,1745780530.7700355,2.7954733013757505e-05
3922,1745780558.7346513,2.795336149574723e-05
3923,1745780586.9401252,2.7951988158747554e-05
3924,1745780621.579288,2.795061664073728e-05
3925,1745780646.858927,2.7949245122727007e-05
3926,1745780677.589815,2.7947873604716733e-05
3927,1745780690.6191475,2.794650208670646e-05
3928,1745780718.8846197,2.7945130568696186e-05
3929,1745780753.6358154,2.7943759050685912e-05
3930,1745780772.7748544,2.794238753267564e-05
3931,1745780791.1232479,2.794101419567596e-05
3932,1745780821.0110672,2.7939642677665688e-05
3933,1745780848.2660606,2.7938271159655415e-05
3934,1745780874.6969812,2.793689964164514e-05
3935,1745780895.6279807,2.7935528123634867e-05
3936,1745780923.9480073,2.7934156605624594e-05
3937,1745780949.751349,2.793278508761432e-05
3938,1745780984.087096,2.7931413569604047e-05
3939,1745781008.7297392,2.7930042051593773e-05
3940,1745781038.1615613,2.7928668714594096e-05
3941,1745781071.0251439,2.7927297196583822e-05
3942,1745781113.5255902,2.792592567857355e-05
3943,1745781132.6720638,2.7924554160563275e-05
3944,1745781164.3807485,2.7923182642553e-05
3945,1745781195.8367834,2.7921811124542728e-05
3946,1745781219.3704247,2.7920439606532454e-05
3947,1745781240.9834602,2.791906808852218e-05
3948,1745781265.8791745,2.7917694751522504e-05
3949,1745781293.4538887,2.791632323351223e-05
3950,1745781320.6193748,2.7914951715501957e-05
3951,1745781344.731371,2.7913580197491683e-05
3952,1745781378.5378869,2.791220867948141e-05
3953,1745781394.8543363,2.7910837161471136e-05
3954,1745781420.4234424,2.7909465643460862e-05
3955,1745781456.2569616,2.790809412545059e-05
3956,1745781478.233778,2.790672078845091e-05
3957,1745781503.0121078,2.7905349270440638e-05
3958,1745781528.7365665,2.7903977752430364e-05
3959,1745781559.09895,2.790260623442009e-05
3960,1745781588.1273198,2.7901234716409817e-05
3961,1745781614.0473638,2.7899863198399544e-05
3962,1745781638.4797978,2.789849168038927e-05
3963,1745781665.000152,2.7897120162378997e-05
3964,1745781689.47971,2.789574682537932e-05
3965,1745781718.9601839,2.7894375307369046e-05
3966,1745781746.071746,2.7893003789358772e-05
3967,1745781770.2998106,2.78916322713485e-05
3968,1745781796.5948358,2.7890260753338225e-05
3969,1745781806.3966155,2.788888923532795e-05
3970,1745782018.7419443,2.7887517717317678e-05
3971,1745782044.6641831,2.7886146199307404e-05
3972,1745782071.9627488,2.7884772862307727e-05
3973,1745782098.9173703,2.7883401344297454e-05
3974,1745782131.4496925,2.788202982628718e-05
3975,1745782155.405223,2.7880658308276907e-05
3976,1745782184.448598,2.7879286790266633e-05
3977,1745782210.4067538,2.787791527225636e-05
3978,1745782232.5380068,2.7876543754246086e-05
3979,1745782254.5846903,2.7875172236235812e-05
3980,1745782286.5706599,2.7873798899236135e-05
3981,1745782313.6257198,2.787242738122586e-05
3982,1745782335.518666,2.7871055863215588e-05
3983,1745782362.0349174,2.7869684345205314e-05
3984,1745782396.7569869,2.786831282719504e-05
3985,1745782421.673189,2.7866941309184767e-05
3986,1745782445.0238228,2.7865569791174494e-05
3987,1745782470.6501658,2.786419827316422e-05
3988,1745782503.1843915,2.7862824936164543e-05
3989,1745782535.4285629,2.786145341815427e-05
3990,1745782563.1929743,2.7860081900143996e-05
3991,1745782587.1856077,2.7858710382133722e-05
3992,1745782614.4984002,2.785733886412345e-05
3993,1745782640.7710037,2.7855967346113175e-05
3994,1745782661.5931249,2.78545958281029e-05
3995,1745782687.3222387,2.7853224310092628e-05
3996,1745782719.7610343,2.785185097309295e-05
3997,1745782750.5817788,2.7850479455082677e-05
3998,1745782776.3951921,2.7849107937072404e-05
3999,1745782801.0205615,2.784773641906213e-05
4000,1745782828.9367342,2.7846364901051857e-05
4001,1745782855.145382,2.7844993383041583e-05
4002,1745782881.0199802,2.784362186503131e-05
4003,1745782909.2008593,2.7842250347021036e-05
4004,1745782931.7739425,2.784087701002136e-05
4005,1745782950.9150097,2.7839505492011085e-05
4006,1745782973.4974172,2.783813397400081e-05
4007,1745782992.3139002,2.7836762455990538e-05
4008,1745783013.4670715,2.7835390937980264e-05
4009,1745783031.0351126,2.783401941996999e-05
4010,1745783049.4690027,2.7832647901959717e-05
4011,1745783073.7751749,2.7831276383949444e-05
4012,1745783093.2189693,2.782990486593917e-05
4013,1745783116.5812929,2.7828531528939493e-05
4014,1745783128.0398662,2.782716001092922e-05
4015,1745783149.3333077,2.7825788492918946e-05
4016,1745783159.7461927,2.7824416974908672e-05
4017,1745783184.5908203,2.78230454568984e-05
4018,1745783211.8540897,2.7821673938888125e-05
4019,1745783235.8499641,2.782030242087785e-05
4020,1745783254.5261073,2.7818930902867578e-05
4021,1745783278.7336087,2.78175575658679e-05
4022,1745783301.6618016,2.7816186047857627e-05
4023,1745783323.6244392,2.7814814529847354e-05
4024,1745783339.3960168,2.781344301183708e-05
4025,1745783355.3354692,2.7812071493826807e-05
4026,1745783370.7113166,2.7810699975816533e-05
4027,1745783384.479878,2.780932845780626e-05
4028,1745783407.499614,2.7807956939795986e-05
4029,1745783416.7075508,2.780658360279631e-05
4030,1745783429.8684297,2.7805212084786035e-05
4031,1745783449.4774172,2.780384056677576e-05
4032,1745783466.2019937,2.7802469048765488e-05
4033,1745783481.9556713,2.7801097530755214e-05
4034,1745783494.794152,2.779972601274494e-05
4035,1745783509.3656907,2.7798354494734667e-05
4036,1745783524.8834627,2.7796982976724394e-05
4037,1745783539.7027843,2.7795609639724717e-05
4038,1745783557.704693,2.7794238121714443e-05
4039,1745783565.2849805,2.779286660370417e-05
4040,1745783590.6002057,2.7791495085693896e-05
4041,1745783602.0350907,2.7790123567683622e-05
4042,1745783623.181237,2.778875204967335e-05
4043,1745783640.8245237,2.7787380531663075e-05
4044,1745783657.7378542,2.77860090136528e-05
4045,1745783678.8349738,2.7784635676653124e-05
4046,1745783696.007217,2.778326415864285e-05
4047,1745783705.5783367,2.7781892640632577e-05
4048,1745783721.5846834,2.7780521122622304e-05
4049,1745783735.7969341,2.777914960461203e-05
4050,1745783743.182211,2.7777778086601757e-05
