step,wall_time,value
1,1745680319.7286615,0.6999220848083496
2,1745680333.2119226,0.6669158935546875
3,1745680347.9235237,0.5128676891326904
4,1745680361.1577601,0.6403998136520386
5,1745680371.635555,0.6825103163719177
6,1745680384.3563333,0.5973218679428101
7,1745680409.4027302,0.663250744342804
8,1745680427.8857512,0.5943170785903931
9,1745680439.9555404,0.5606514811515808
10,1745680452.4144268,0.4457176923751831
11,1745680465.364966,0.4986766576766968
12,1745680477.9796953,0.5346434116363525
13,1745680486.7794344,0.48756927251815796
14,1745680512.9219532,0.6105678081512451
15,1745680535.116881,0.5325023531913757
16,1745680546.1849356,0.5045494437217712
17,1745680566.7674692,0.3960949182510376
18,1745680579.4440334,0.4404483437538147
19,1745680607.1655843,0.4566403925418854
20,1745680621.017548,0.4179307520389557
21,1745680631.8296738,0.4353705942630768
22,1745680661.1944158,0.42694076895713806
23,1745680670.228479,0.3944378197193146
24,1745680683.5945482,0.41455718874931335
25,1745680700.0841868,0.35092398524284363
26,1745680710.593973,0.323599249124527
27,1745680722.0907645,0.3040348291397095
28,1745680734.2863557,0.3479286730289459
29,1745680754.3197293,0.25853395462036133
30,1745680766.5651999,0.2887926995754242
31,1745680789.9726326,0.2560352385044098
32,1745680803.5027008,0.23194214701652527
33,1745680821.8673658,0.24870094656944275
34,1745680831.5658362,0.1997288167476654
35,1745680845.2361326,0.2408774197101593
36,1745680859.710546,0.2210073620080948
37,1745680875.918707,0.19733409583568573
38,1745680885.8074374,0.2241346687078476
39,1745680899.0564091,0.155043363571167
40,1745680911.5059462,0.1325346678495407
41,1745680922.5512679,0.15372100472450256
42,1745680940.6137335,0.13457855582237244
43,1745680957.3315966,0.14549928903579712
44,1745680977.1368845,0.14281688630580902
45,1745680991.7709525,0.1051320806145668
46,1745681003.0315568,0.16752362251281738
47,1745681014.8848217,0.1219368502497673
48,1745681030.0073361,0.1363641321659088
49,1745681054.44595,0.09985180199146271
50,1745681078.3193073,0.09018450975418091
51,1745681089.1777735,0.1227329820394516
52,1745681104.3005905,0.1338212490081787
53,1745681115.682595,0.11871805787086487
54,1745681137.9634237,0.07938647270202637
55,1745681162.2384906,0.11232302337884903
56,1745681179.587386,0.12752169370651245
57,1745681193.507017,0.11639823764562607
58,1745681216.7933545,0.09346241503953934
59,1745681230.8064873,0.12392691522836685
60,1745681245.9742646,0.10879801213741302
61,1745681256.899728,0.14685092866420746
62,1745681264.0029116,0.12178554385900497
63,1745681279.400221,0.137716606259346
64,1745681298.399147,0.08613045513629913
65,1745681312.434833,0.13759587705135345
66,1745681322.389794,0.15237481892108917
67,1745681347.2885163,0.09853576868772507
68,1745681360.8141744,0.08273345232009888
69,1745681376.4608068,0.10592404007911682
70,1745681385.1161003,0.16561852395534515
71,1745681402.1374984,0.09947057068347931
72,1745681423.3873498,0.10369674861431122
73,1745681436.6267674,0.10018056631088257
74,1745681451.16625,0.08650961518287659
75,1745681469.503303,0.19638225436210632
76,1745681475.1237295,0.12792132794857025
77,1745681495.6439245,0.08064454048871994
78,1745681511.2027864,0.11602523922920227
79,1745681518.5431478,0.17709240317344666
80,1745681532.1269717,0.1395852267742157
81,1745681536.1645257,0.08000537008047104
82,1745681660.155211,0.08362555503845215
83,1745681678.8727915,0.0909845232963562
84,1745681699.9128113,0.09413253515958786
85,1745681709.359657,0.17688904702663422
86,1745681725.4641588,0.09956272691488266
87,1745681738.1871002,0.05725685879588127
88,1745681762.893457,0.05573910474777222
89,1745681773.6461198,0.13579918444156647
90,1745681798.2784607,0.07113462686538696
91,1745681810.7335613,0.16126014292240143
92,1745681821.5302641,0.1495928168296814
93,1745681836.139817,0.0904063805937767
94,1745681842.1163874,0.09626344591379166
95,1745681860.4903967,0.15864865481853485
96,1745681887.0239494,0.08709340542554855
97,1745681909.5150423,0.09168194979429245
98,1745681916.1261492,0.09136040508747101
99,1745681936.5217392,0.10444272309541702
100,1745681945.2587667,0.21415823698043823
101,1745681957.039121,0.10047198086977005
102,1745681966.436554,0.14295779168605804
103,1745681986.2508602,0.06735086441040039
104,1745682006.6621544,0.0709872767329216
105,1745682025.0259283,0.10153421759605408
106,1745682046.272976,0.10231373459100723
107,1745682058.2404895,0.08368521183729172
108,1745682076.505694,0.08011022210121155
109,1745682095.9012444,0.13717515766620636
110,1745682104.407226,0.09176308661699295
111,1745682120.1859,0.08425845205783844
112,1745682130.7261956,0.13701209425926208
113,1745682149.8249862,0.06658212095499039
114,1745682165.7809224,0.09170203655958176
115,1745682185.2869873,0.1263730674982071
116,1745682199.6987913,0.0902046263217926
117,1745682217.3886662,0.10978435724973679
118,1745682233.5214314,0.09169404953718185
119,1745682248.6820838,0.12816286087036133
120,1745682258.3925967,0.08396008610725403
121,1745682273.4076066,0.08581192046403885
122,1745682297.584004,0.0569874569773674
123,1745682324.7763228,0.09117439389228821
124,1745682336.349403,0.10145200043916702
125,1745682351.9868755,0.06583248823881149
126,1745682373.6801612,0.06388344615697861
127,1745682393.8145475,0.07523141801357269
128,1745682401.067986,0.10842234641313553
129,1745682414.2852266,0.06463544070720673
130,1745682431.482976,0.13875828683376312
131,1745682454.348045,0.05903971940279007
132,1745682463.6290298,0.12162523716688156
133,1745682482.2433143,0.08240500837564468
134,1745682491.5540144,0.09657139331102371
135,1745682500.9622388,0.1767302304506302
136,1745682512.354237,0.08862248808145523
137,1745682531.2218792,0.0531991682946682
138,1745682543.334772,0.09159275889396667
139,1745682552.0824468,0.11739261448383331
140,1745682567.8955758,0.07528752833604813
141,1745682577.707202,0.06536679714918137
142,1745682592.7033849,0.09776389598846436
143,1745682600.8430963,0.192262664437294
144,1745682611.115927,0.1687183678150177
145,1745682620.761833,0.08579932898283005
146,1745682637.460292,0.09477140009403229
147,1745682654.235424,0.15776100754737854
148,1745682671.9274337,0.06164013594388962
149,1745682685.2261477,0.07437049597501755
150,1745682698.5680072,0.08972521126270294
151,1745682717.1155229,0.07798216491937637
152,1745682737.6423264,0.06111343577504158
153,1745682758.6669703,0.07397700101137161
154,1745682778.429915,0.06766130775213242
155,1745682792.7002425,0.06321470439434052
156,1745682808.040246,0.08081027120351791
157,1745682833.4303105,0.07216783612966537
158,1745682842.9603288,0.07399354130029678
159,1745682860.0003207,0.07200412452220917
160,1745682876.7482235,0.07073912769556046
161,1745682897.0456626,0.05377025529742241
162,1745682900.7966287,0.08777981251478195
163,1745683026.882439,0.07218873500823975
164,1745683047.9688451,0.057954296469688416
165,1745683056.0258956,0.08652117848396301
166,1745683076.3239996,0.06415309756994247
167,1745683103.3196766,0.04756025969982147
168,1745683118.39869,0.05324026197195053
169,1745683142.8744977,0.0664270669221878
170,1745683157.1583164,0.12884677946567535
171,1745683175.53117,0.12410306185483932
172,1745683194.6109977,0.08330332487821579
173,1745683203.827113,0.10089746117591858
174,1745683224.0265834,0.08467231690883636
175,1745683248.1158247,0.0635414645075798
176,1745683262.2445989,0.0897003784775734
177,1745683273.5547585,0.1060260459780693
178,1745683287.9427342,0.06324750930070877
179,1745683296.4479868,0.13627496361732483
180,1745683315.2386985,0.062102679163217545
181,1745683328.0318415,0.07916896790266037
182,1745683356.4271832,0.053427163511514664
183,1745683365.8098822,0.12408097088336945
184,1745683380.6796107,0.06008952483534813
185,1745683390.3921375,0.1160803884267807
186,1745683401.6772218,0.07069901376962662
187,1745683416.6159067,0.0796361044049263
188,1745683430.689947,0.04962797462940216
189,1745683444.6818311,0.10221752524375916
190,1745683451.7601895,0.07379413396120071
191,1745683471.0951622,0.08913940191268921
192,1745683486.7767527,0.09812109172344208
193,1745683493.2284188,0.14385317265987396
194,1745683506.9534743,0.1331784725189209
195,1745683518.345082,0.0821911171078682
196,1745683536.3763676,0.06563713401556015
197,1745683548.3261569,0.0796385407447815
198,1745683557.157001,0.17332510650157928
199,1745683571.5498967,0.08032287657260895
200,1745683589.0649064,0.08427301794290543
201,1745683611.2470138,0.05737202614545822
202,1745683620.256576,0.11615519970655441
203,1745683633.891426,0.07527767866849899
204,1745683652.303422,0.07037675380706787
205,1745683665.3146446,0.09670330584049225
206,1745683685.6307242,0.04786555469036102
207,1745683696.2796016,0.06892489641904831
208,1745683713.544194,0.05103170871734619
209,1745683729.2778156,0.0482376404106617
210,1745683738.9003093,0.08996596187353134
211,1745683759.4734192,0.058932799845933914
212,1745683776.918985,0.05447099357843399
213,1745683801.082119,0.04098418727517128
214,1745683825.6538851,0.0672827810049057
215,1745683842.1637588,0.09132230281829834
216,1745683863.5940285,0.050319328904151917
217,1745683873.8144717,0.18129408359527588
218,1745683894.0502403,0.06575164943933487
219,1745683923.79482,0.05024096369743347
220,1745683937.2367804,0.09388574957847595
221,1745683965.5591826,0.06950971484184265
222,1745683978.5534472,0.05881078913807869
223,1745683991.0753694,0.08264777809381485
224,1745684008.674793,0.06689479202032089
225,1745684022.7606442,0.09003794938325882
226,1745684035.2228658,0.09104932844638824
227,1745684047.7787907,0.09742990881204605
228,1745684066.539465,0.04333309829235077
229,1745684082.8073685,0.05487765371799469
230,1745684110.9067724,0.042347416281700134
231,1745684120.338697,0.11887731403112411
232,1745684133.495922,0.052721183747053146
233,1745684144.9995022,0.08233217149972916
234,1745684167.911904,0.04812747612595558
235,1745684181.9769607,0.08322158455848694
236,1745684192.6969368,0.08548934012651443
237,1745684206.0752854,0.06978519260883331
238,1745684220.3548028,0.058772291988134384
239,1745684232.7672956,0.08391928672790527
240,1745684255.356732,0.06286710500717163
241,1745684262.0804834,0.07142208516597748
242,1745684280.8770056,0.08941695839166641
243,1745684286.7462459,0.03758121654391289
244,1745684397.418743,0.10012232512235641
245,1745684408.0227466,0.10459393262863159
246,1745684426.789761,0.0503222681581974
247,1745684445.4374702,0.047699857503175735
248,1745684454.6135976,0.08165574818849564
249,1745684464.5434988,0.06863302737474442
250,1745684479.9287183,0.09344026446342468
251,1745684498.467695,0.08257286250591278
252,1745684509.9431953,0.09145233035087585
253,1745684520.80057,0.06187433376908302
254,1745684543.4325259,0.05310867354273796
255,1745684559.8731241,0.04256516695022583
256,1745684579.4906428,0.04686316102743149
257,1745684596.5405643,0.08266305923461914
258,1745684610.6041963,0.06006284058094025
259,1745684623.3907506,0.05629262328147888
260,1745684641.4798915,0.06687577813863754
261,1745684654.4332004,0.14048542082309723
262,1745684660.8429334,0.07844936847686768
263,1745684676.7447178,0.07048144191503525
264,1745684691.761564,0.04616992920637131
265,1745684708.4120133,0.06290284544229507
266,1745684721.0076337,0.05155918374657631
267,1745684730.251143,0.05619748681783676
268,1745684742.2890265,0.06411166489124298
269,1745684754.3609383,0.11098577827215195
270,1745684767.3226926,0.05028805136680603
271,1745684777.8090787,0.08064230531454086
272,1745684798.6946814,0.037154119461774826
273,1745684810.1782327,0.07970961928367615
274,1745684824.2301865,0.10259150713682175
275,1745684835.0148818,0.04379137232899666
276,1745684857.421023,0.05390331521630287
277,1745684875.684864,0.042991168797016144
278,1745684884.9992845,0.05443832278251648
279,1745684908.7421064,0.075794517993927
280,1745684924.5517778,0.05897241830825806
281,1745684936.6734824,0.08437661081552505
282,1745684950.6464453,0.059246230870485306
283,1745684964.626325,0.06843702495098114
284,1745684985.3855627,0.0530533529818058
285,1745685000.9401417,0.05012282356619835
286,1745685013.8554864,0.05072779580950737
287,1745685036.3968124,0.04499833285808563
288,1745685053.3238184,0.05518393591046333
289,1745685063.8560472,0.06068272143602371
290,1745685085.7743123,0.07084335386753082
291,1745685113.8635716,0.03596613556146622
292,1745685123.9462602,0.07126197963953018
293,1745685139.9119291,0.038770731538534164
294,1745685151.8986766,0.06917350739240646
295,1745685161.911899,0.08675920218229294
296,1745685176.4995813,0.0705183893442154
297,1745685190.1601174,0.05410817265510559
298,1745685207.472494,0.05475093424320221
299,1745685229.4972148,0.05923496186733246
300,1745685239.492398,0.14218133687973022
301,1745685254.4690957,0.05871240422129631
302,1745685272.8962207,0.04891851171851158
303,1745685293.7597992,0.07012224942445755
304,1745685308.527115,0.03422390669584274
305,1745685318.093929,0.08566645532846451
306,1745685338.0193677,0.07866840064525604
307,1745685351.6878686,0.035948220640420914
308,1745685366.646754,0.062264006584882736
309,1745685382.7873275,0.04216300696134567
310,1745685397.5147305,0.06720369309186935
311,1745685412.4426713,0.053671594709157944
312,1745685422.1272092,0.06775806844234467
313,1745685435.5142148,0.07180102169513702
314,1745685443.7622068,0.050543345510959625
315,1745685457.7882476,0.049309030175209045
316,1745685470.3224938,0.10457775741815567
317,1745685477.3360946,0.08285734057426453
318,1745685491.4299464,0.0451103113591671
319,1745685508.2212083,0.04353371635079384
320,1745685519.5986884,0.04781098663806915
321,1745685526.4101071,0.08479973673820496
322,1745685541.6768057,0.0408487506210804
323,1745685554.6252484,0.09017017483711243
324,1745685559.5006275,0.08626317232847214
325,1745685681.7019088,0.054366759955883026
326,1745685695.9518564,0.050141528248786926
327,1745685708.9016316,0.09886125475168228
328,1745685721.4020495,0.08841879665851593
329,1745685739.179704,0.03396148979663849
330,1745685750.1197348,0.062175996601581573
331,1745685762.6536324,0.06058993563055992
332,1745685775.5787206,0.06572774052619934
333,1745685789.1354206,0.05052978917956352
334,1745685800.735937,0.04155722260475159
335,1745685816.9730504,0.05549176037311554
336,1745685824.4647777,0.07117082178592682
337,1745685837.305387,0.06878283619880676
338,1745685853.9947271,0.061135098338127136
339,1745685869.483507,0.04421384260058403
340,1745685886.7434478,0.07845968753099442
341,1745685903.6617663,0.0941208153963089
342,1745685921.269326,0.04420062527060509
343,1745685939.5098538,0.044043656438589096
344,1745685952.7741952,0.06518072634935379
345,1745685973.7427168,0.060604244470596313
346,1745685989.0287225,0.03716154769062996
347,1745686007.142643,0.041862040758132935
348,1745686025.1944427,0.0775533989071846
349,1745686039.8153746,0.05280512198805809
350,1745686050.3494534,0.08562960475683212
351,1745686073.3066823,0.04021032154560089
352,1745686086.3583214,0.04401829093694687
353,1745686098.8041663,0.0511697381734848
354,1745686108.0133786,0.09892134368419647
355,1745686121.0284793,0.07340673357248306
356,1745686142.288738,0.04723256081342697
357,1745686159.9792843,0.05306447669863701
358,1745686177.2572339,0.02928674779832363
359,1745686192.4197166,0.04533139616250992
360,1745686209.7780726,0.048142533749341965
361,1745686218.5262005,0.07795142382383347
362,1745686238.8652968,0.09634029120206833
363,1745686248.2248628,0.04801970720291138
364,1745686259.111301,0.1383482664823532
365,1745686269.048566,0.10930745303630829
366,1745686282.374709,0.03866682946681976
367,1745686293.8946064,0.048625171184539795
368,1745686313.023367,0.03912128135561943
369,1745686327.5467565,0.052176669239997864
370,1745686340.1250384,0.03523995727300644
371,1745686351.2857792,0.038281939923763275
372,1745686369.7944655,0.0692933052778244
373,1745686382.20272,0.09852936118841171
374,1745686399.3944802,0.04055130481719971
375,1745686414.8401203,0.04857219383120537
376,1745686434.1956816,0.03913642838597298
377,1745686445.4523156,0.049452632665634155
378,1745686458.624155,0.06961136311292648
379,1745686479.4451215,0.04615723341703415
380,1745686487.8327878,0.06447629630565643
381,1745686509.6857738,0.06113007664680481
382,1745686530.3937585,0.030378231778740883
383,1745686537.1673322,0.049839578568935394
384,1745686563.5938208,0.034153759479522705
385,1745686575.5099072,0.04878592491149902
386,1745686596.874,0.06408659368753433
387,1745686622.4131343,0.04726601392030716
388,1745686642.404431,0.06409696489572525
389,1745686671.9340477,0.028484273701906204
390,1745686692.1912553,0.04766244441270828
391,1745686710.366555,0.03949160501360893
392,1745686733.6173222,0.04558345302939415
393,1745686743.9539216,0.03013773448765278
394,1745686756.5571783,0.06554673612117767
395,1745686782.5268493,0.06471278518438339
396,1745686789.6428447,0.06266389787197113
397,1745686809.7885706,0.04875893145799637
398,1745686825.9577785,0.054029643535614014
399,1745686837.7547429,0.11478961259126663
400,1745686862.0776732,0.06043845787644386
401,1745686887.9163718,0.033210378140211105
402,1745686901.7876728,0.049120888113975525
403,1745686912.7966707,0.05242197588086128
404,1745686930.8376176,0.050933316349983215
405,1745686935.5955663,0.06474326550960541
406,1745687049.7821138,0.03812115266919136
407,1745687062.9359126,0.08589868247509003
408,1745687080.458727,0.06021450087428093
409,1745687103.946951,0.03016885742545128
410,1745687114.5867188,0.04163575544953346
411,1745687136.5786562,0.037332355976104736
412,1745687147.605973,0.053681936115026474
413,1745687163.1401439,0.051157817244529724
414,1745687183.0930176,0.06668314337730408
415,1745687192.7059677,0.052031517028808594
416,1745687216.6598907,0.034713421016931534
417,1745687230.3062363,0.05893126130104065
418,1745687240.0588212,0.1253298670053482
419,1745687260.6851473,0.06386668235063553
420,1745687276.2620733,0.040501050651073456
421,1745687291.8739061,0.06953044980764389
422,1745687310.6123276,0.05039902403950691
423,1745687332.6303582,0.0396585687994957
424,1745687341.8410907,0.026255635544657707
425,1745687362.019949,0.06388144940137863
426,1745687375.3368604,0.10539044439792633
427,1745687381.6267066,0.05147072672843933
428,1745687396.781645,0.041434504091739655
429,1745687425.692277,0.045631591230630875
430,1745687447.744956,0.05731732025742531
431,1745687467.8863132,0.04783838242292404
432,1745687479.6229,0.04526328667998314
433,1745687496.6176338,0.04198169335722923
434,1745687514.0626261,0.043464429676532745
435,1745687521.75953,0.031181935220956802
436,1745687533.5336623,0.04825957491993904
437,1745687549.6387832,0.0647929236292839
438,1745687567.6549082,0.04590423405170441
439,1745687577.8247147,0.08035562932491302
440,1745687593.1795118,0.04474540799856186
441,1745687605.7156172,0.06976820528507233
442,1745687617.0047932,0.057123977690935135
443,1745687626.678085,0.0846482366323471
444,1745687637.2296839,0.04328865930438042
445,1745687649.532666,0.03700855001807213
446,1745687673.7909465,0.03480042144656181
447,1745687694.0631676,0.054972972720861435
448,1745687706.4869041,0.02907717414200306
449,1745687724.3035219,0.05508396029472351
450,1745687748.7067533,0.04373648762702942
451,1745687767.1355171,0.05200988054275513
452,1745687787.4532628,0.0378601998090744
453,1745687809.5952086,0.02329813502728939
454,1745687821.473026,0.029834803193807602
455,1745687836.293131,0.04457337409257889
456,1745687847.4054427,0.042756542563438416
457,1745687859.3789258,0.02749171108007431
458,1745687890.3914757,0.027238426730036736
459,1745687902.196426,0.08823592215776443
460,1745687912.7718608,0.07693324238061905
461,1745687930.5735064,0.03959130123257637
462,1745687949.5799127,0.03737565129995346
463,1745687970.354876,0.0393449068069458
464,1745687992.9584773,0.05782436579465866
465,1745688003.7337627,0.05803694948554039
466,1745688025.5132985,0.03142736479640007
467,1745688040.2358112,0.04473979398608208
468,1745688051.9420156,0.0630396381020546
469,1745688060.9818172,0.13156527280807495
470,1745688069.570892,0.03890250623226166
471,1745688095.9487479,0.031663376837968826
472,1745688107.541167,0.07204612344503403
473,1745688122.0639966,0.04572087898850441
474,1745688138.4862893,0.047008682042360306
475,1745688155.9564862,0.059035226702690125
476,1745688174.0046387,0.07894953340291977
477,1745688183.0596654,0.048914361745119095
478,1745688203.9975562,0.05434545502066612
479,1745688213.6429377,0.04419044777750969
480,1745688228.115058,0.04517165198922157
481,1745688240.9350724,0.035136207938194275
482,1745688255.2050135,0.040427520871162415
483,1745688268.1941133,0.03564533218741417
484,1745688274.1926694,0.09376954287290573
485,1745688292.5242267,0.03035030886530876
486,1745688297.5726013,0.02534160204231739
487,1745688411.5884597,0.08982660621404648
488,1745688433.653771,0.04945135861635208
489,1745688444.1589136,0.09101270139217377
490,1745688462.1573007,0.06616164743900299
491,1745688470.2032197,0.06402067095041275
492,1745688488.120283,0.03740474581718445
493,1745688508.091158,0.03447391837835312
494,1745688520.2878835,0.032374389469623566
495,1745688533.7284927,0.03589881584048271
496,1745688561.67536,0.036393601447343826
497,1745688581.3337145,0.06871937215328217
498,1745688591.178609,0.04001832380890846
499,1745688606.9421074,0.026864491403102875
500,1745688619.0706856,0.040026240050792694
501,1745688633.0432146,0.016174109652638435
502,1745688641.87532,0.02623360976576805
503,1745688651.0403743,0.05555817484855652
504,1745688669.9263692,0.03858194127678871
505,1745688682.19472,0.043349266052246094
506,1745688699.6615593,0.03708856552839279
507,1745688707.9430425,0.03498547524213791
508,1745688725.849414,0.03278176486492157
509,1745688732.9931653,0.03566869720816612
510,1745688758.954673,0.03917678818106651
511,1745688768.845521,0.04152935743331909
512,1745688784.676905,0.0432279109954834
513,1745688796.0611691,0.06950903683900833
514,1745688806.712388,0.045070111751556396
515,1745688829.3783035,0.04911813884973526
516,1745688836.1096978,0.050701070576906204
517,1745688850.3158722,0.030182190239429474
518,1745688874.0883036,0.03365357220172882
519,1745688884.9643326,0.032498154789209366
520,1745688898.9145217,0.06412432342767715
521,1745688912.3159754,0.06561495363712311
522,1745688923.7285328,0.03125957399606705
523,1745688937.378802,0.048033326864242554
524,1745688946.0333292,0.03426722064614296
525,1745688971.6470823,0.05053725466132164
526,1745688998.9464004,0.03652454540133476
527,1745689017.4960537,0.0387650690972805
528,1745689028.3178847,0.048578787595033646
529,1745689042.0191772,0.05925801768898964
530,1745689057.81033,0.045818474143743515
531,1745689075.6641715,0.02348601631820202
532,1745689085.4318886,0.031031837686896324
533,1745689099.622347,0.03504231944680214
534,1745689118.1961353,0.04710109159350395
535,1745689136.6322703,0.0487271249294281
536,1745689152.6220737,0.037542808800935745
537,1745689164.5267866,0.03954831883311272
538,1745689176.796986,0.0254108477383852
539,1745689184.8351736,0.04747695103287697
540,1745689195.8631983,0.04538702964782715
541,1745689207.073281,0.07431100308895111
542,1745689214.6496143,0.03360997885465622
543,1745689231.9949322,0.06259596347808838
544,1745689238.4086661,0.05585234984755516
545,1745689274.4121263,0.03468411788344383
546,1745689285.0954974,0.06332961469888687
547,1745689304.230443,0.03373290225863457
548,1745689322.226775,0.03366784751415253
549,1745689339.5281394,0.05284969136118889
550,1745689355.0467358,0.03626853600144386
551,1745689377.0538132,0.04354092478752136
552,1745689389.4359436,0.04481077566742897
553,1745689403.4287245,0.038859330117702484
554,1745689421.4493217,0.04703278839588165
555,1745689437.954048,0.03899756073951721
556,1745689450.0077834,0.07998786121606827
557,1745689468.209751,0.029250727966427803
558,1745689478.767448,0.04310806468129158
559,1745689493.8547142,0.03747917339205742
560,1745689504.1776092,0.03757357597351074
561,1745689532.1653109,0.043694254010915756
562,1745689550.7776756,0.04066885635256767
563,1745689563.4342153,0.041529834270477295
564,1745689577.6347387,0.04123743250966072
565,1745689585.2428203,0.022335894405841827
566,1745689606.9157097,0.03201746195554733
567,1745689613.4285195,0.10320290178060532
568,1745689726.4669695,0.023493265733122826
569,1745689739.2307782,0.0374729223549366
570,1745689751.5906396,0.03524671494960785
571,1745689769.8407695,0.034709397703409195
572,1745689797.732303,0.024637196213006973
573,1745689810.9450881,0.04307868331670761
574,1745689825.7793894,0.0496208630502224
575,1745689839.7636795,0.03514361009001732
576,1745689858.093525,0.022575026378035545
577,1745689870.5085316,0.049474820494651794
578,1745689877.03185,0.033601462841033936
579,1745689900.6780918,0.061763547360897064
580,1745689921.014955,0.029973257333040237
581,1745689944.5568187,0.03249592334032059
582,1745689955.9962013,0.03860543668270111
583,1745689972.4706302,0.04994211718440056
584,1745689984.5542736,0.022831955924630165
585,1745689996.9528384,0.048423103988170624
586,1745690015.3754075,0.030900487676262856
587,1745690034.9103162,0.03653427213430405
588,1745690048.815044,0.024815917015075684
589,1745690065.0472276,0.03156464546918869
590,1745690076.8747365,0.03460805490612984
591,1745690086.3761554,0.023465869948267937
592,1745690095.5520008,0.06071392819285393
593,1745690116.1946893,0.06272776424884796
594,1745690131.5248787,0.02320277877151966
595,1745690140.6927161,0.020299948751926422
596,1745690156.7511158,0.04099837690591812
597,1745690171.7578719,0.0508977510035038
598,1745690188.3843064,0.025464821606874466
599,1745690197.1944695,0.05077367275953293
600,1745690216.8036728,0.029772168025374413
601,1745690227.229967,0.03148741275072098
602,1745690248.304484,0.029563773423433304
603,1745690266.6408818,0.02934076264500618
604,1745690276.5503867,0.05868777260184288
605,1745690291.6645362,0.059161264449357986
606,1745690301.2020965,0.06955579668283463
607,1745690312.6734235,0.03277168795466423
608,1745690332.9706643,0.04918075352907181
609,1745690342.6663356,0.04802589491009712
610,1745690358.6147957,0.02424713224172592
611,1745690369.4823787,0.03800606727600098
612,1745690388.2522104,0.03275540843605995
613,1745690399.4205217,0.07175055146217346
614,1745690419.3819056,0.05022728443145752
615,1745690432.8682263,0.059702321887016296
616,1745690441.1772814,0.029385309666395187
617,1745690462.9377084,0.030347535386681557
618,1745690474.5565,0.026234444230794907
619,1745690492.230963,0.03925960138440132
620,1745690501.7315552,0.05210544541478157
621,1745690517.7521334,0.02613811008632183
622,1745690525.4759219,0.03062237612903118
623,1745690552.283144,0.04228775575757027
624,1745690568.3291361,0.0469689778983593
625,1745690583.1780922,0.02975423075258732
626,1745690600.6116807,0.03485932946205139
627,1745690610.1328766,0.024782761931419373
628,1745690621.8576748,0.03599751740694046
629,1745690640.9457033,0.06411527842283249
630,1745690652.3369029,0.04858673736453056
631,1745690662.3382287,0.023842373862862587
632,1745690690.775283,0.051555659621953964
633,1745690719.4303608,0.021755557507276535
634,1745690750.753543,0.075032077729702
635,1745690790.4161754,0.021259088069200516
636,1745690801.6802366,0.024059632793068886
637,1745690814.8363974,0.015918109565973282
638,1745690844.6511996,0.0304804015904665
639,1745690856.2226152,0.039193857461214066
640,1745690885.2010505,0.06293628364801407
641,1745690911.2964652,0.05351613461971283
642,1745690924.67029,0.026508435606956482
643,1745690950.3592336,0.04309285804629326
644,1745690978.721744,0.03802973031997681
645,1745691005.3365898,0.054072290658950806
646,1745691026.551527,0.05799059942364693
647,1745691057.7381475,0.03348102793097496
648,1745691068.198244,0.04089522361755371
649,1745691327.70635,0.036189060658216476
650,1745691359.2676702,0.02508605644106865
651,1745691382.7118974,0.03250439465045929
652,1745691405.7570431,0.04241830110549927
653,1745691435.5934224,0.029581237584352493
654,1745691460.8996513,0.07729487121105194
655,1745691486.6335058,0.029248088598251343
656,1745691503.7217567,0.060926467180252075
657,1745691532.1512954,0.023811377584934235
658,1745691559.0294626,0.026531878858804703
659,1745691588.906064,0.0473787859082222
660,1745691613.9404352,0.02438037469983101
661,1745691642.0990086,0.022705957293510437
662,1745691666.4686112,0.054233357310295105
663,1745691691.741263,0.037436529994010925
664,1745691726.044454,0.02304847724735737
665,1745691760.7520492,0.029942333698272705
666,1745691786.523751,0.019091028720140457
667,1745691801.105583,0.026121769100427628
668,1745691831.2932565,0.010683844797313213
669,1745691852.1849244,0.05808334797620773
670,1745691877.3596094,0.042197126895189285
671,1745691904.6142175,0.03478913754224777
672,1745691932.1777606,0.0713060200214386
673,1745691953.145559,0.02994813583791256
674,1745691976.1039157,0.03806443139910698
675,1745692004.7189355,0.030762944370508194
676,1745692028.2548535,0.03472428768873215
677,1745692052.4632509,0.028120853006839752
678,1745692082.3202121,0.04797063395380974
679,1745692110.3150618,0.028644222766160965
680,1745692136.2100263,0.032831836491823196
681,1745692161.8903346,0.028835147619247437
682,1745692183.0934534,0.03739877790212631
683,1745692209.2453413,0.024436431005597115
684,1745692237.2911386,0.051565155386924744
685,1745692262.319312,0.05249801278114319
686,1745692287.4032948,0.028924420475959778
687,1745692314.732365,0.01817275397479534
688,1745692344.1520448,0.02474154904484749
689,1745692360.9301705,0.0226912759244442
690,1745692396.068804,0.04395320639014244
691,1745692421.3260832,0.0999332144856453
692,1745692452.7201605,0.031081119552254677
693,1745692486.3306763,0.03620176017284393
694,1745692507.073089,0.04234759509563446
695,1745692533.144947,0.03698672726750374
696,1745692560.6851382,0.036498185247182846
697,1745692587.360094,0.045172225683927536
698,1745692614.2986987,0.036597318947315216
699,1745692637.0121791,0.05817075073719025
700,1745692661.9089937,0.04104208946228027
701,1745692688.9733145,0.02220855839550495
702,1745692719.1372583,0.04955309256911278
703,1745692743.9816124,0.02490098401904106
704,1745692764.9590905,0.016123367473483086
705,1745692793.3354769,0.019380684942007065
706,1745692819.8185625,0.025105329230427742
707,1745692844.8023596,0.039959996938705444
708,1745692864.0400243,0.07120560854673386
709,1745692894.3515043,0.056186921894550323
710,1745692919.7842166,0.029387475922703743
711,1745692949.065548,0.05755539983510971
712,1745692976.2190886,0.022011589258909225
713,1745692991.8681452,0.027196470648050308
714,1745693019.9253528,0.02031652256846428
715,1745693046.4895947,0.025385497137904167
716,1745693071.071213,0.035041723400354385
717,1745693095.5361993,0.04394803196191788
718,1745693124.2297835,0.02738887444138527
719,1745693152.117385,0.018296629190444946
720,1745693179.4226913,0.03292727470397949
721,1745693204.350351,0.041891910135746
722,1745693232.9368436,0.033744074404239655
723,1745693265.2937136,0.032422225922346115
724,1745693278.7719944,0.02439076080918312
725,1745693302.522926,0.029384125024080276
726,1745693336.4172409,0.032934799790382385
727,1745693367.2818875,0.02865944243967533
728,1745693393.7057464,0.05391693115234375
729,1745693402.680132,0.0635431557893753
730,1745693625.9172077,0.034242089837789536
731,1745693653.1954308,0.033692460507154465
732,1745693681.9535708,0.026482656598091125
733,1745693711.0646067,0.022876910865306854
734,1745693738.6623476,0.025581559166312218
735,1745693777.0779982,0.03607114031910896
736,1745693807.9779844,0.04206192493438721
737,1745693839.3777986,0.03489804267883301
738,1745693868.9518876,0.02898225001990795
739,1745693898.0766318,0.036205727607011795
740,1745693923.4987388,0.03080020099878311
741,1745693962.9368842,0.020174937322735786
742,1745693985.3947103,0.03294864669442177
743,1745694009.6867442,0.02032509073615074
744,1745694033.4572961,0.017211157828569412
745,1745694056.829954,0.029542332515120506
746,1745694084.5533135,0.04511021450161934
747,1745694117.8494794,0.03676997497677803
748,1745694131.7597764,0.06476646661758423
749,1745694163.8952947,0.03167710825800896
750,1745694189.491039,0.03287975862622261
751,1745694216.7083364,0.017493531107902527
752,1745694241.2881787,0.015657495707273483
753,1745694264.155743,0.023639822378754616
754,1745694287.1049895,0.03705669566988945
755,1745694312.1119595,0.04253799840807915
756,1745694339.117585,0.02751988358795643
757,1745694366.2660644,0.018159499391913414
758,1745694389.7180889,0.032842881977558136
759,1745694422.3017094,0.02281033620238304
760,1745694461.5480464,0.028286103159189224
761,1745694487.9018478,0.03839867562055588
762,1745694512.0946305,0.02749638445675373
763,1745694537.5245028,0.028268558904528618
764,1745694566.7336693,0.020054848864674568
765,1745694604.0245137,0.03299255296587944
766,1745694633.6110895,0.01621830277144909
767,1745694676.3687427,0.02587255835533142
768,1745694711.89237,0.023122165352106094
769,1745694732.2269897,0.056551218032836914
770,1745694750.0703306,0.05278821289539337
771,1745694786.2188504,0.02249707467854023
772,1745694806.5833306,0.030571918934583664
773,1745694829.9571726,0.03441738337278366
774,1745694858.0850592,0.061988599598407745
775,1745694890.775802,0.02766241692006588
776,1745694922.5269895,0.03938400000333786
777,1745694934.4429543,0.04046166315674782
778,1745694960.6777277,0.041705116629600525
779,1745694979.330524,0.030830996111035347
780,1745695002.9430444,0.02504172921180725
781,1745695025.6324391,0.042321741580963135
782,1745695055.4284675,0.0523565448820591
783,1745695081.8985107,0.02802342362701893
784,1745695104.4912026,0.012632116675376892
785,1745695137.268035,0.04274352639913559
786,1745695166.8743854,0.04566546529531479
787,1745695177.6377552,0.023471033200621605
788,1745695200.4012063,0.03604269027709961
789,1745695227.755054,0.030376315116882324
790,1745695250.5897472,0.040602151304483414
791,1745695274.423183,0.024559667333960533
792,1745695300.1515064,0.02150876633822918
793,1745695324.8787248,0.04230687767267227
794,1745695351.0191712,0.02156664803624153
795,1745695382.1773386,0.02981678396463394
796,1745695408.2246835,0.018143506720662117
797,1745695432.7911558,0.022609861567616463
798,1745695461.359322,0.032521121203899384
799,1745695486.376153,0.021769842132925987
800,1745695512.8522408,0.013243298046290874
801,1745695536.4747188,0.018896080553531647
802,1745695564.2338312,0.025774259120225906
803,1745695594.255362,0.04123625531792641
804,1745695621.9671438,0.017010847106575966
805,1745695648.9749458,0.034215860068798065
806,1745695678.533361,0.028579428791999817
807,1745695712.0906978,0.01104544848203659
808,1745695744.6012177,0.020185131579637527
809,1745695773.484834,0.058112069964408875
810,1745695781.1577754,0.09483770281076431
811,1745696028.8686292,0.02212020568549633
812,1745696060.6305058,0.023622063919901848
813,1745696088.2436917,0.018706362694501877
814,1745696122.0867927,0.02072739601135254
815,1745696148.7084165,0.045384686440229416
816,1745696177.6165648,0.04779499024152756
817,1745696205.8073409,0.022460592910647392
818,1745696231.3868885,0.030096903443336487
819,1745696261.4311454,0.02866329252719879
820,1745696281.4761076,0.027858063578605652
821,1745696309.583934,0.05768272280693054
822,1745696329.9852428,0.01895858533680439
823,1745696353.3092055,0.03051585517823696
824,1745696378.6371388,0.021592259407043457
825,1745696403.8954341,0.02276836521923542
826,1745696429.1148176,0.033601753413677216
827,1745696463.229352,0.019560949876904488
828,1745696500.109689,0.023998456075787544
829,1745696539.8381732,0.02128446474671364
830,1745696556.887694,0.025201646611094475
831,1745696582.6403327,0.0843086689710617
832,1745696610.4792838,0.024231789633631706
833,1745696623.4916449,0.03625982627272606
834,1745696649.6588197,0.027687322348356247
835,1745696683.59762,0.03257077559828758
836,1745696706.3040195,0.01925443671643734
837,1745696731.2374516,0.02630912885069847
838,1745696756.9707706,0.015614612959325314
839,1745696779.369549,0.01906278170645237
840,1745696804.7533956,0.027380360290408134
841,1745696831.4079814,0.017202775925397873
842,1745696866.8125756,0.016064466908574104
843,1745696897.7084632,0.026747899129986763
844,1745696924.9947703,0.03910328447818756
845,1745696953.1434002,0.04385042563080788
846,1745696981.8711107,0.04119520261883736
847,1745697011.2476885,0.037931933999061584
848,1745697043.5734797,0.01708758994936943
849,1745697063.2052414,0.029069242998957634
850,1745697081.834065,0.07852979004383087
851,1745697118.462858,0.021779602393507957
852,1745697139.0624616,0.026170149445533752
853,1745697160.468972,0.04202582687139511
854,1745697189.0675323,0.021926864981651306
855,1745697214.3864968,0.02951277419924736
856,1745697234.3683503,0.02609056606888771
857,1745697262.428626,0.025437457486987114
858,1745697290.963615,0.030238475650548935
859,1745697320.429238,0.019014691933989525
860,1745697350.553518,0.025261476635932922
861,1745697373.1193337,0.04009454697370529
862,1745697401.9526987,0.022100981324911118
863,1745697428.8924515,0.012641018256545067
864,1745697455.153403,0.018625952303409576
865,1745697480.937431,0.04072830080986023
866,1745697504.326912,0.017938679084181786
867,1745697530.0138419,0.03364180773496628
868,1745697557.8694353,0.04008166119456291
869,1745697586.9575949,0.0259771216660738
870,1745697615.9858768,0.02464023232460022
871,1745697635.6660595,0.0239957757294178
872,1745697660.765544,0.04360323026776314
873,1745697687.4472432,0.02619459480047226
874,1745697713.6674552,0.02257080189883709
875,1745697743.2289782,0.013302805833518505
876,1745697766.3309073,0.022492090240120888
877,1745697791.789858,0.028759751468896866
878,1745697818.121859,0.01961478963494301
879,1745697846.7785244,0.020957864820957184
880,1745697871.6761248,0.04409186542034149
881,1745697901.3662677,0.029597928747534752
882,1745697929.7443569,0.04527397081255913
883,1745697963.944412,0.023823129013180733
884,1745697994.7190342,0.020602889358997345
885,1745698021.1751993,0.021394692361354828
886,1745698051.4421113,0.031173789873719215
887,1745698079.5942621,0.026410244405269623
888,1745698105.1311734,0.01396819669753313
889,1745698138.0125113,0.025942379608750343
890,1745698168.399995,0.016962654888629913
891,1745698180.4502945,0.01634753867983818
892,1745698407.4527612,0.015757853165268898
893,1745698432.729801,0.01903541386127472
894,1745698466.3763473,0.0037611019797623158
895,1745698488.9205296,0.04706759750843048
896,1745698513.872238,0.016279121860861778
897,1745698539.4967144,0.048191871494054794
898,1745698566.7820396,0.022319424897432327
899,1745698586.7640657,0.027026047930121422
900,1745698613.5496943,0.033550094813108444
901,1745698650.2798526,0.01833278313279152
902,1745698670.183885,0.025227071717381477
903,1745698694.6398685,0.013550358824431896
904,1745698712.9204605,0.01762661710381508
905,1745698737.2837217,0.01509106531739235
906,1745698755.8447263,0.025010928511619568
907,1745698784.7111552,0.029704423621296883
908,1745698818.7867904,0.01400496531277895
909,1745698837.3871,0.016415340825915337
910,1745698861.822092,0.029910486191511154
911,1745698888.1860273,0.025927169248461723
912,1745698914.1960385,0.01760225184261799
913,1745698942.1175816,0.018100202083587646
914,1745698967.9977412,0.018326807767152786
915,1745698999.6181772,0.02997261844575405
916,1745699026.597009,0.019544558599591255
917,1745699049.4057262,0.015707368031144142
918,1745699079.8360674,0.023747771978378296
919,1745699107.2247486,0.025096112862229347
920,1745699131.0177398,0.015774555504322052
921,1745699157.8459778,0.028410902246832848
922,1745699186.4924676,0.016089927405118942
923,1745699212.7301636,0.029200127348303795
924,1745699249.2463522,0.016616947948932648
925,1745699281.6382403,0.04112883284687996
926,1745699306.6479335,0.009377394802868366
927,1745699330.937365,0.019950324669480324
928,1745699359.3677607,0.022222980856895447
929,1745699382.6681561,0.02542414329946041
930,1745699404.5299625,0.050551578402519226
931,1745699440.7984612,0.017383359372615814
932,1745699457.7958171,0.02972513623535633
933,1745699483.3049188,0.03476404771208763
934,1745699512.4049478,0.03154535964131355
935,1745699542.2498937,0.029750557616353035
936,1745699552.2019923,0.01466653123497963
937,1745699588.6297247,0.025893736630678177
938,1745699615.5754368,0.034817952662706375
939,1745699641.0756245,0.02868029847741127
940,1745699673.4701881,0.023345695808529854
941,1745699700.4293423,0.015569640323519707
942,1745699727.3788273,0.017396407201886177
943,1745699753.625387,0.018845319747924805
944,1745699780.563183,0.030090689659118652
945,1745699798.1967225,0.03560032695531845
946,1745699823.1916912,0.015525628812611103
947,1745699850.8760242,0.013387511484324932
948,1745699882.0288734,0.013983136042952538
949,1745699918.212004,0.03777993097901344
950,1745699927.899559,0.02590690739452839
951,1745699969.0060663,0.016746550798416138
952,1745700001.0331373,0.020865973085165024
953,1745700035.7907782,0.02657429501414299
954,1745700057.2781732,0.010424766689538956
955,1745700085.4142895,0.020987866446375847
956,1745700113.392991,0.018386894837021828
957,1745700143.543089,0.007338714320212603
958,1745700166.69679,0.027079038321971893
959,1745700190.46379,0.031534429639577866
960,1745700216.2325835,0.01582423970103264
961,1745700241.6464999,0.02998712658882141
962,1745700268.7303202,0.021455436944961548
963,1745700293.8157432,0.0233493410050869
964,1745700321.0323803,0.015177763998508453
965,1745700345.2182658,0.027105331420898438
966,1745700375.2728271,0.019500328227877617
967,1745700402.6140575,0.014409065246582031
968,1745700422.1054654,0.025643572211265564
969,1745700453.0376372,0.0241883285343647
970,1745700479.4351456,0.01139694545418024
971,1745700502.276247,0.016289500519633293
972,1745700513.0109696,0.014058519154787064
973,1745700755.7785938,0.01912822388112545
974,1745700785.0735824,0.019795581698417664
975,1745700811.9452999,0.006393228657543659
976,1745700837.1977477,0.017148692160844803
977,1745700863.4782386,0.013068865053355694
978,1745700888.4796913,0.01288865227252245
979,1745700915.782833,0.011273395270109177
980,1745700942.9155364,0.017518378794193268
981,1745700972.8738096,0.01934698037803173
982,1745701008.7648575,0.03280458226799965
983,1745701033.7307656,0.02888762578368187
984,1745701053.0359786,0.02407463826239109
985,1745701088.4388163,0.014684715308248997
986,1745701103.5614974,0.023026948794722557
987,1745701125.8352325,0.030657976865768433
988,1745701153.8642132,0.02406228333711624
989,1745701182.2906606,0.04713548719882965
990,1745701203.806131,0.014329200610518456
991,1745701228.473931,0.010550900362432003
992,1745701256.04043,0.01494717039167881
993,1745701287.2265368,0.01151279453188181
994,1745701312.6312702,0.023117024451494217
995,1745701335.754851,0.016611246392130852
996,1745701361.1322768,0.03410792723298073
997,1745701390.3519294,0.03283615782856941
998,1745701414.8188865,0.011687110178172588
999,1745701440.9313638,0.011425320990383625
1000,1745701467.3348222,0.029645515605807304
1001,1745701496.6963003,0.01625479757785797
1002,1745701523.1282268,0.030590662732720375
1003,1745701546.4362988,0.016722552478313446
1004,1745701572.242926,0.013969054445624352
1005,1745701610.5889196,0.0132423872128129
1006,1745701636.7047231,0.01303392555564642
1007,1745701655.4754014,0.03418561816215515
1008,1745701690.0566134,0.010503208264708519
1009,1745701725.8972945,0.015456484630703926
1010,1745701760.5842328,0.00858608353883028
1011,1745701792.158914,0.01585320010781288
1012,1745701802.0698388,0.020672477781772614
1013,1745701832.7137473,0.013488306663930416
1014,1745701859.8074067,0.024200720712542534
1015,1745701882.3779123,0.018320724368095398
1016,1745701903.587381,0.01621958240866661
1017,1745701919.3076265,0.012708887457847595
1018,1745701953.563678,0.019975749775767326
1019,1745701979.4463649,0.00879948865622282
1020,1745702009.780116,0.017347091808915138
1021,1745702046.8961687,0.01995887979865074
1022,1745702057.4957788,0.01825518161058426
1023,1745702080.9151673,0.015124592930078506
1024,1745702106.8296416,0.013116749003529549
1025,1745702136.1238341,0.014313419349491596
1026,1745702161.6003134,0.02463657595217228
1027,1745702179.344559,0.03342228755354881
1028,1745702213.0664537,0.012678658589720726
1029,1745702227.8067229,0.030183564871549606
1030,1745702258.0175323,0.013875209726393223
1031,1745702285.2258925,0.008186545222997665
1032,1745702308.296451,0.04980459436774254
1033,1745702328.2737348,0.01808868907392025
1034,1745702353.761012,0.008377491496503353
1035,1745702383.3016746,0.023892061784863472
1036,1745702405.3326821,0.022669145837426186
1037,1745702435.3035476,0.04629320651292801
1038,1745702467.1238968,0.018345477059483528
1039,1745702485.039628,0.018383247777819633
1040,1745702504.5809233,0.02329486981034279
1041,1745702514.2948139,0.014818609692156315
1042,1745702545.0130968,0.016172820702195168
1043,1745702565.8678932,0.0073605310171842575
1044,1745702601.5587513,0.01243838481605053
1045,1745702638.224938,0.018655411899089813
1046,1745702648.7929964,0.035364873707294464
1047,1745702676.509262,0.016789063811302185
1048,1745702703.7608893,0.012641463428735733
1049,1745702729.7918005,0.007429194636642933
1050,1745702755.950224,0.01748422160744667
1051,1745702788.6667075,0.02505045011639595
1052,1745702818.2188647,0.013931087218225002
1053,1745702830.3557158,0.01753867231309414
1054,1745703071.0081162,0.012131704948842525
1055,1745703105.6358058,0.01822388358414173
1056,1745703139.3114147,0.01182578131556511
1057,1745703168.316492,0.014801133424043655
1058,1745703204.8187704,0.02359602227807045
1059,1745703235.7822235,0.010102876462042332
1060,1745703255.5793595,0.029905961826443672
1061,1745703272.4811985,0.009593185037374496
1062,1745703310.9197547,0.010866349563002586
1063,1745703333.303775,0.0151128638535738
1064,1745703360.0546777,0.006623799446970224
1065,1745703383.301693,0.007315050344914198
1066,1745703403.8321126,0.026271460577845573
1067,1745703427.4812155,0.02834456041455269
1068,1745703458.5992455,0.01410605851560831
1069,1745703482.773503,0.003896051784977317
1070,1745703504.7916245,0.02263275347650051
1071,1745703527.1760159,0.016412636265158653
1072,1745703555.4541142,0.015969350934028625
1073,1745703565.046176,0.009500047191977501
1074,1745703594.8831277,0.018879277631640434
1075,1745703607.6623647,0.01477443240582943
1076,1745703625.0688255,0.015744579955935478
1077,1745703650.3533354,0.02634146250784397
1078,1745703676.0437853,0.00800098106265068
1079,1745703708.9571319,0.007781890220940113
1080,1745703738.024413,0.020982470363378525
1081,1745703761.9872427,0.014356067404150963
1082,1745703792.0433464,0.01463303156197071
1083,1745703824.8639936,0.01158865075558424
1084,1745703848.1999006,0.020037010312080383
1085,1745703881.4426804,0.006840410176664591
1086,1745703902.1959074,0.008837142027914524
1087,1745703927.0022047,0.012049578130245209
1088,1745703955.0719497,0.014849291183054447
1089,1745703980.4402137,0.02364998869597912
1090,1745704006.6008883,0.008025660179555416
1091,1745704036.5618298,0.014962777495384216
1092,1745704074.4501214,0.01701086387038231
1093,1745704088.5480525,0.00536767253652215
1094,1745704120.4055874,0.012987468391656876
1095,1745704149.6943393,0.008813559077680111
1096,1745704175.3008862,0.01883690617978573
1097,1745704200.8681319,0.009259185753762722
1098,1745704231.2806742,0.012023393996059895
1099,1745704257.2482672,0.012195444665849209
1100,1745704284.3078332,0.007112455554306507
1101,1745704313.0564165,0.024011746048927307
1102,1745704338.5106542,0.006651636678725481
1103,1745704369.4590218,0.005425508599728346
1104,1745704379.8981328,0.015317294746637344
1105,1745704410.6578233,0.013434997759759426
1106,1745704440.0866077,0.004655809607356787
1107,1745704468.4281065,0.004504920914769173
1108,1745704486.735224,0.025468891486525536
1109,1745704513.8632038,0.011086354032158852
1110,1745704547.5437074,0.007654205895960331
1111,1745704579.101988,0.01623506285250187
1112,1745704605.8046122,0.025556376203894615
1113,1745704616.7600367,0.00917192455381155
1114,1745704649.618972,0.009704944677650928
1115,1745704673.4533527,0.031480733305215836
1116,1745704696.0244646,0.011118697002530098
1117,1745704721.6743226,0.01356325764209032
1118,1745704758.4946828,0.014526654034852982
1119,1745704768.2869165,0.008766600862145424
1120,1745704795.3306563,0.0059564909897744656
1121,1745704820.9430642,0.012819367460906506
1122,1745704849.2132726,0.010278966277837753
1123,1745704876.1885903,0.010574516840279102
1124,1745704903.3993835,0.016543438658118248
1125,1745704925.0300689,0.02296428009867668
1126,1745704953.3240907,0.011764301918447018
1127,1745704981.6836324,0.010684525594115257
1128,1745705011.1420085,0.0296682957559824
1129,1745705040.0880063,0.010559720918536186
1130,1745705062.8469918,0.012329025194048882
1131,1745705088.3708122,0.009827219881117344
1132,1745705115.0849426,0.015211637131869793
1133,1745705146.8760731,0.013506834395229816
1134,1745705156.1184363,0.00045318930642679334
1135,1745705411.3609684,0.004147898405790329
1136,1745705441.3595014,0.009530887007713318
1137,1745705465.7391815,0.014209438115358353
1138,1745705495.0784853,0.009290900081396103
1139,1745705522.8856118,0.006955354940146208
1140,1745705548.3071084,0.01612999103963375
1141,1745705570.9047601,0.007513648364692926
1142,1745705597.5958104,0.015910102054476738
1143,1745705634.0647137,0.009610618464648724
1144,1745705671.3227565,0.007029853295534849
1145,1745705697.5531867,0.0064075421541929245
1146,1745705720.9609077,0.012615074403584003
1147,1745705749.239166,0.006521393544971943
1148,1745705771.68413,0.006948396563529968
1149,1745705795.7566612,0.015163307078182697
1150,1745705824.9525118,0.00811171717941761
1151,1745705852.795109,0.008457113057374954
1152,1745705879.257587,0.0059449574910104275
1153,1745705906.2924383,0.003657870227470994
1154,1745705932.1860309,0.006109079346060753
1155,1745705960.147314,0.013851960189640522
1156,1745705981.0221498,0.012762309052050114
1157,1745706013.4646516,0.008812015876173973
1158,1745706037.6584044,0.014147130772471428
1159,1745706064.826379,0.0057691410183906555
1160,1745706098.5298872,0.013451469130814075
1161,1745706130.842649,0.010836775414645672
1162,1745706168.019888,0.007504652254283428
1163,1745706195.3165302,0.012423126958310604
1164,1745706221.107906,0.009556814096868038
1165,1745706244.0804908,0.010421430692076683
1166,1745706271.283529,0.00971591379493475
1167,1745706299.3588395,0.0054384870454669
1168,1745706328.1393516,0.011845841072499752
1169,1745706356.223324,0.016733378171920776
1170,1745706383.1892366,0.005492277909070253
1171,1745706419.6376858,0.006510088685899973
1172,1745706434.8098476,0.013609998859465122
1173,1745706457.891318,0.011381085962057114
1174,1745706491.4924002,0.008581223897635937
1175,1745706533.5495102,0.010551312938332558
1176,1745706571.0479527,0.006152790505439043
1177,1745706609.599467,0.008801139891147614
1178,1745706623.45642,0.018245013430714607
1179,1745706643.7980912,0.006444025319069624
1180,1745706682.5751643,0.006031087599694729
1181,1745706709.0856223,0.0038574563805013895
1182,1745706723.050934,0.009869742207229137
1183,1745706755.0782351,0.005465878173708916
1184,1745706776.8958085,0.00932574737817049
1185,1745706794.9447322,0.014465904794633389
1186,1745706822.0896354,0.00795192364603281
1187,1745706841.297719,0.012626495212316513
1188,1745706877.299282,0.012815852649509907
1189,1745706899.0430155,0.011335010640323162
1190,1745706923.1818974,0.004255915060639381
1191,1745706952.860893,0.006051541306078434
1192,1745706982.2920728,0.004849140532314777
1193,1745706995.438266,0.006717810407280922
1194,1745707025.149251,0.006662897299975157
1195,1745707048.536395,0.0050562284886837006
1196,1745707077.904216,0.014287841506302357
1197,1745707103.5965986,0.004578065127134323
1198,1745707128.8636017,0.01162196695804596
1199,1745707155.7624063,0.01968909613788128
1200,1745707187.474895,0.011012545786798
1201,1745707202.7,0.012392773292958736
1202,1745707233.374699,0.009026291780173779
1203,1745707259.2568867,0.023935608565807343
1204,1745707287.286818,0.011995386332273483
1205,1745707309.8505387,0.01216526236385107
1206,1745707336.8217866,0.011317671276628971
1207,1745707367.172543,0.011627140454947948
1208,1745707391.8064737,0.013181590475142002
1209,1745707425.1726122,0.01617363840341568
1210,1745707450.8999007,0.0012770514003932476
1211,1745707477.1954918,0.007600279990583658
1212,1745707500.8719933,0.04834337532520294
1213,1745707536.0032737,0.019630948081612587
1214,1745707562.2386537,0.01230913307517767
1215,1745707573.0230677,0.007546708453446627
1216,1745707812.7792532,0.006329122930765152
1217,1745707843.1932552,0.0032792524434626102
1218,1745707872.5303829,0.011031684465706348
1219,1745707906.5581033,0.004558218643069267
1220,1745707936.0062668,0.0031297544483095407
1221,1745707963.1978672,0.008112491108477116
1222,1745707988.3180752,0.0053521208465099335
1223,1745708013.6759286,0.007463054731488228
1224,1745708037.1642277,0.006985521875321865
1225,1745708063.2661092,0.0076837120577692986
1226,1745708089.5034842,0.008195120841264725
1227,1745708127.9259167,0.0048969401977956295
1228,1745708139.1478214,0.012927978299558163
1229,1745708173.237629,0.008750257082283497
1230,1745708207.5556524,0.006538261193782091
1231,1745708227.3861096,0.0029904996044933796
1232,1745708250.8501747,0.013682442717254162
1233,1745708274.4119537,0.006255788262933493
1234,1745708296.561496,0.006438904907554388
1235,1745708323.382706,0.011847355403006077
1236,1745708351.1759555,0.004417572170495987
1237,1745708377.9636066,0.00855226069688797
1238,1745708406.1112256,0.01159738190472126
1239,1745708431.0129642,0.0029652875382453203
1240,1745708457.7696834,0.0043531679548323154
1241,1745708485.641705,0.006179140880703926
1242,1745708511.2041593,0.005998141132295132
1243,1745708538.8082898,0.0074951318092644215
1244,1745708569.742444,0.01462274044752121
1245,1745708594.3262239,0.002714611357077956
1246,1745708621.3947468,0.008397641591727734
1247,1745708655.217976,0.004101648926734924
1248,1745708680.8452685,0.004806966055184603
1249,1745708707.4580803,0.010867671109735966
1250,1745708731.94701,0.005840107332915068
1251,1745708758.3709528,0.0044454787857830524
1252,1745708781.0535834,0.003919694107025862
1253,1745708808.0747035,0.006662645377218723
1254,1745708841.6643252,0.006437361240386963
1255,1745708864.1615996,0.014662650413811207
1256,1745708898.3535616,0.003655958455055952
1257,1745708926.420432,0.007460151799023151
1258,1745708956.8729448,0.00796104222536087
1259,1745708967.6738098,0.0037307399325072765
1260,1745708992.7982504,0.002787444507703185
1261,1745709018.429348,0.007189685478806496
1262,1745709044.9347198,0.01271624956279993
1263,1745709077.319166,0.010165388695895672
1264,1745709101.5248551,0.008653110824525356
1265,1745709117.9462833,0.004232487641274929
1266,1745709146.3249516,0.005327331833541393
1267,1745709176.430405,0.005737920757383108
1268,1745709203.7470274,0.007362283766269684
1269,1745709223.0621967,0.006505812052637339
1270,1745709243.9112964,0.00948103703558445
1271,1745709272.438413,0.007794943638145924
1272,1745709306.0612776,0.005303934216499329
1273,1745709331.9380057,0.006022145971655846
1274,1745709344.9107926,0.005478949751704931
1275,1745709372.8135407,0.0027074546087533236
1276,1745709406.0201986,0.002996644238010049
1277,1745709427.8304784,0.016955068334937096
1278,1745709464.4739327,0.01048092357814312
1279,1745709476.635135,0.011313567869365215
1280,1745709500.6232612,0.0058753397315740585
1281,1745709529.7091887,0.00597361009567976
1282,1745709544.5276394,0.01745244674384594
1283,1745709572.1118531,0.0024701866786926985
1284,1745709599.1741862,0.009939166717231274
1285,1745709630.018316,0.015986794605851173
1286,1745709661.2165647,0.008551008999347687
1287,1745709684.84036,0.004306413233280182
1288,1745709697.376128,0.003719882806763053
1289,1745709731.2065861,0.007182731758803129
1290,1745709756.0509074,0.010020545683801174
1291,1745709791.1403463,0.007261664606630802
1292,1745709814.8399456,0.002608912531286478
1293,1745709836.0929077,0.014671827666461468
1294,1745709867.8224416,0.0037964927032589912
1295,1745709896.8911376,0.004152197390794754
1296,1745709903.0904374,0.012577022425830364
1297,1745710153.7645245,0.008503273129463196
1298,1745710191.535778,0.005948140285909176
1299,1745710225.2383487,0.006354209501296282
1300,1745710262.7522886,0.003922875504940748
1301,1745710288.8763397,0.0028939559124410152
1302,1745710300.2193525,0.004346816334873438
1303,1745710333.0399687,0.003800565144047141
1304,1745710361.4918892,0.006218534894287586
1305,1745710380.9731143,0.015486917458474636
1306,1745710404.0376441,0.0060668569058179855
1307,1745710436.5608447,0.008004358969628811
1308,1745710443.5873163,0.004937930963933468
1309,1745710478.6158328,0.0077766296453773975
1310,1745710492.2964594,0.005972374230623245
1311,1745710521.7168088,0.001842955593019724
1312,1745710547.923742,0.010943504050374031
1313,1745710577.810335,0.004524403717368841
1314,1745710605.0940804,0.0043054488487541676
1315,1745710625.625833,0.0026314377319067717
1316,1745710652.6389046,0.0059624332934618
1317,1745710680.9506338,0.004410747438669205
1318,1745710705.5644765,0.007797727826982737
1319,1745710732.6587102,0.0031238002702593803
1320,1745710754.785704,0.0036674768198281527
1321,1745710781.15229,0.0020074218045920134
1322,1745710805.5348988,0.0019377063727006316
1323,1745710834.4108438,0.0026987954042851925
1324,1745710869.362779,0.0024809804745018482
1325,1745710891.8542094,0.0028498265892267227
1326,1745710916.5013375,0.0009862604783847928
1327,1745710952.5022435,0.0013626442523673177
1328,1745710959.3464122,0.002883459674194455
1329,1745710988.4980643,0.005293101072311401
1330,1745711012.5879943,0.001467447029426694
1331,1745711039.0038972,0.007888203486800194
1332,1745711068.3040566,0.0027571727987378836
1333,1745711104.6385596,0.003826765576377511
1334,1745711127.3473313,0.004520939663052559
1335,1745711147.7861855,0.002817986300215125
1336,1745711176.0857494,0.00430257199332118
1337,1745711203.6458814,0.0044172476045787334
1338,1745711238.9209988,0.002903785090893507
1339,1745711271.760021,0.0022684733849018812
1340,1745711289.292133,0.003661218099296093
1341,1745711315.1449597,0.009469421580433846
1342,1745711353.3098388,0.007303731516003609
1343,1745711361.6452403,0.0030463780276477337
1344,1745711394.6825805,0.010232667438685894
1345,1745711424.16217,0.0016542255179956555
1346,1745711450.3266296,0.004422884900122881
1347,1745711479.6931162,0.004423906095325947
1348,1745711506.1586735,0.0025382975582033396
1349,1745711535.07578,0.008047817274928093
1350,1745711558.3932662,0.004570986144244671
1351,1745711578.493518,0.004491127096116543
1352,1745711606.7564096,0.0016351169906556606
1353,1745711629.2298186,0.003982881549745798
1354,1745711661.9958863,0.0031613202299922705
1355,1745711674.7566524,0.001327109057456255
1356,1745711695.1480336,0.002651976188644767
1357,1745711722.422656,0.005206759087741375
1358,1745711737.0537214,0.002126303967088461
1359,1745711765.6929905,0.001737525686621666
1360,1745711795.7950435,0.0010265653254464269
1361,1745711809.1822505,0.0026576516684144735
1362,1745711843.9753594,0.003166165668517351
1363,1745711874.0657175,0.007212415803223848
1364,1745711899.214286,0.003969897516071796
1365,1745711916.9676847,0.010550427250564098
1366,1745711943.623983,0.0022954444866627455
1367,1745711983.0283413,0.0038082131650298834
1368,1745712004.2546961,0.002894735662266612
1369,1745712030.652055,0.002455632435157895
1370,1745712073.1028676,0.003151476848870516
1371,1745712095.1859198,0.004845796152949333
1372,1745712118.8009202,0.00486394576728344
1373,1745712144.7182848,0.006666964385658503
1374,1745712160.1247466,0.0010790490778163075
1375,1745712190.3741903,0.0012523815967142582
1376,1745712222.94012,0.007224757689982653
1377,1745712227.2302325,0.003958895802497864
1378,1745712494.5784628,0.004553352482616901
1379,1745712531.6808944,0.0025732896756380796
1380,1745712558.0136077,0.0011222498724237084
1381,1745712571.9386907,0.0023463561665266752
1382,1745712602.434747,0.005933359265327454
1383,1745712616.8668213,0.001989231212064624
1384,1745712640.5804377,0.0034811601508408785
1385,1745712666.6264527,0.0015009455382823944
1386,1745712689.735362,0.002373036229982972
1387,1745712717.2680008,0.00166858802549541
1388,1745712733.2559452,0.0022058335598558187
1389,1745712758.4350061,0.0017827422125265002
1390,1745712783.7709644,0.005769855808466673
1391,1745712819.063721,0.0008181979064829648
1392,1745712852.7406795,0.003746771952137351
1393,1745712873.2740061,0.0015082720201462507
1394,1745712891.6491766,0.003589336760342121
1395,1745712927.813079,0.0031065091025084257
1396,1745712952.0188637,0.0026561645790934563
1397,1745712977.137266,0.002920757047832012
1398,1745713003.9140263,0.0017727905651554465
1399,1745713043.445056,0.003841858357191086
1400,1745713066.1150792,0.0024164121132344007
1401,1745713085.3421993,0.0021158556919544935
1402,1745713112.1390784,0.0028953279834240675
1403,1745713140.613339,0.001306653954088688
1404,1745713171.7484264,0.004659865517169237
1405,1745713198.079847,0.002245863899588585
1406,1745713231.705978,0.0034519052132964134
1407,1745713255.6332722,0.006424279883503914
1408,1745713279.455807,0.0032098751980811357
1409,1745713303.7236595,0.001558123854920268
1410,1745713325.7457175,0.005751459859311581
1411,1745713366.5661821,0.0018061945447698236
1412,1745713382.976625,0.008987246081233025
1413,1745713407.9013896,0.0009988951496779919
1414,1745713431.4210489,0.012333594262599945
1415,1745713460.710686,0.00595206581056118
1416,1745713469.7821116,0.0027931465301662683
1417,1745713500.7967927,0.0013024843065068126
1418,1745713526.4460285,0.0012234756723046303
1419,1745713552.4996953,0.0028541022911667824
1420,1745713572.8294358,0.005365856923162937
1421,1745713598.4600277,0.0025369569193571806
1422,1745713630.2634811,0.001909227343276143
1423,1745713642.5830803,0.00130231655202806
1424,1745713674.844221,0.0014265022473409772
1425,1745713701.6726775,0.0010106195695698261
1426,1745713723.4560316,0.0037565939128398895
1427,1745713752.7889879,0.001135963131673634
1428,1745713786.9016964,0.0035850347485393286
1429,1745713813.7617533,0.0024106334894895554
1430,1745713842.369662,0.0034951406996697187
1431,1745713853.1896985,0.0013845550129190087
1432,1745713886.8186731,0.00394386937841773
1433,1745713907.6942463,0.0018885227618739009
1434,1745713928.692915,0.003064704593271017
1435,1745713956.44799,0.0014995603123679757
1436,1745713976.9933844,0.002148861763998866
1437,1745713997.4492931,0.005596821662038565
1438,1745714018.8722768,0.001873063505627215
1439,1745714045.2470376,0.002597660990431905
1440,1745714063.598217,0.005628522019833326
1441,1745714091.087426,0.0012604444054886699
1442,1745714117.2571874,0.004620136693120003
1443,1745714156.9901488,0.0022328083869069815
1444,1745714183.2827692,0.004185893572866917
1445,1745714213.2936316,0.0019138677744194865
1446,1745714232.1830618,0.0016857479931786656
1447,1745714251.7981052,0.0007937208865769207
1448,1745714280.8626573,0.0019249310716986656
1449,1745714314.4761891,0.002421277342364192
1450,1745714327.7043562,0.008482065051794052
1451,1745714358.84712,0.0037095055449754
1452,1745714388.5737638,0.0015225168317556381
1453,1745714412.507898,0.006386240012943745
1454,1745714434.8394887,0.0051969122141599655
1455,1745714459.0082443,0.0039451709017157555
1456,1745714484.532665,0.004948444198817015
1457,1745714522.3510334,0.0020314084831625223
1458,1745714530.5082438,0.0017048263689503074
1459,1745714788.0257514,0.005280735436826944
1460,1745714824.8990166,0.0016178792575374246
1461,1745714849.363693,0.0027070334181189537
1462,1745714883.2983618,0.0009936965070664883
1463,1745714909.0349336,0.0027699549682438374
1464,1745714933.463541,0.0007786791538819671
1465,1745714961.5163932,0.001854089554399252
1466,1745714997.5305223,0.005196620710194111
1467,1745715017.0364685,0.001085977884940803
1468,1745715040.9709394,0.001446746988222003
1469,1745715067.7461414,0.0019647283479571342
1470,1745715092.5126758,0.0017441000090911984
1471,1745715113.9166412,0.0007372959516942501
1472,1745715144.9458537,0.0015577730955556035
1473,1745715156.4486928,0.001872980035841465
1474,1745715177.887035,0.005764629691839218
1475,1745715205.4397743,0.00147718982771039
1476,1745715230.274477,0.0011218450963497162
1477,1745715255.2198765,0.0005520538543350995
1478,1745715280.5704625,0.003297381801530719
1479,1745715304.9276564,0.0028794570825994015
1480,1745715329.1699204,0.0025091376155614853
1481,1745715353.8922212,0.0026070764288306236
1482,1745715383.2165468,0.005509400274604559
1483,1745715406.753733,0.003953227307647467
1484,1745715429.8907695,0.004826896358281374
1485,1745715456.1713057,0.0013585302513092756
1486,1745715483.028073,0.0021172172855585814
1487,1745715510.011917,0.0029343164060264826
1488,1745715537.8451266,0.0025812764652073383
1489,1745715564.6124809,0.0017151095671579242
1490,1745715595.704665,0.0035102502442896366
1491,1745715607.8321202,0.0027651628479361534
1492,1745715636.3333817,0.0010147286811843514
1493,1745715660.0873923,0.0034878146834671497
1494,1745715687.7216797,0.0019583222456276417
1495,1745715713.636384,0.001479703700169921
1496,1745715740.5751739,0.0032866771798580885
1497,1745715769.3123827,0.002003334928303957
1498,1745715793.7744246,0.0007460875785909593
1499,1745715819.126299,0.002495936816558242
1500,1745715842.4640455,0.0005931338528171182
1501,1745715869.5891519,0.005872960668057203
1502,1745715895.8466494,0.0019480256596580148
1503,1745715923.129059,0.0034472031984478235
1504,1745715957.83284,0.0013128998689353466
1505,1745715977.8691013,0.002602274063974619
1506,1745716003.9093688,0.001059756614267826
1507,1745716032.3275733,0.006685321219265461
1508,1745716064.1073403,0.0011193947866559029
1509,1745716073.2315187,0.0023521813564002514
1510,1745716105.0016694,0.0011399862123653293
1511,1745716133.6307511,0.0037280318792909384
1512,1745716162.6492953,0.0031478896271437407
1513,1745716193.1001005,0.0009902544552460313
1514,1745716220.7627237,0.0032073408365249634
1515,1745716239.129899,0.0013331241207197309
1516,1745716261.6399114,0.002719504525884986
1517,1745716295.4231164,0.0013094571186229587
1518,1745716318.4811847,0.0021787614095956087
1519,1745716341.4098296,0.0013696618843823671
1520,1745716369.8903809,0.004001045599579811
1521,1745716391.575647,0.004629472270607948
1522,1745716416.810931,0.0006491043022833765
1523,1745716440.963584,0.003131298581138253
1524,1745716469.2828019,0.0038672410883009434
1525,1745716497.0111864,0.026503780856728554
1526,1745716521.7739763,0.0026099716778844595
1527,1745716544.737105,0.00401172274723649
1528,1745716571.9875486,0.0011193386744707823
1529,1745716596.4052472,0.003726596711203456
1530,1745716624.2417479,0.0027663058135658503
1531,1745716658.2997794,0.0013275044038891792
1532,1745716689.3125982,0.0022659723181277514
1533,1745716709.662344,0.0010943092638626695
1534,1745716737.6099496,0.001186848501674831
1535,1745716772.8431623,0.00418283324688673
1536,1745716802.803875,0.0012051814701408148
1537,1745716838.6644392,0.0015043126186355948
1538,1745716873.9734643,0.0020910375751554966
1539,1745716879.2486844,0.002649913541972637
1540,1745717095.7546132,0.0005110088386572897
1541,1745717120.7758505,0.000678584270644933
1542,1745717145.8645587,0.0011228180956095457
1543,1745717170.3298957,0.000885416055098176
1544,1745717194.520271,0.001959899440407753
1545,1745717229.72064,0.0011254965793341398
1546,1745717253.103196,0.00022706946765538305
1547,1745717290.206051,0.0009784467983990908
1548,1745717323.5967984,0.000713612767867744
1549,1745717348.4798183,0.0007740036817267537
1550,1745717365.6101007,0.0011751914862543344
1551,1745717396.2018266,0.0015136637957766652
1552,1745717423.652453,0.0009329145541414618
1553,1745717444.7601287,0.0018274799222126603
1554,1745717477.2291641,0.0008893348858691752
1555,1745717497.2321575,0.0017879732185974717
1556,1745717520.9495158,0.0008040741668082774
1557,1745717552.345697,0.000377841031877324
1558,1745717576.7510395,0.0008414918556809425
1559,1745717603.0774975,0.0005172687233425677
1560,1745717634.184773,0.0008640227606520057
1561,1745717666.4336772,0.0010178658412769437
1562,1745717691.9692185,0.0010563324904069304
1563,1745717711.3478248,0.002520658541470766
1564,1745717735.15512,0.0008844021358527243
1565,1745717773.4918418,0.020360741764307022
1566,1745717795.626577,0.0005179952131584287
1567,1745717816.419751,0.0012524605263024569
1568,1745717843.9553413,0.0019015211146324873
1569,1745717873.1853242,0.00169148959685117
1570,1745717900.801273,0.002635491779074073
1571,1745717925.8089607,0.0009964449563995004
1572,1745717956.8676693,0.0012410962954163551
1573,1745717972.5384762,0.0025033450219780207
1574,1745718004.2280135,0.001041818642988801
1575,1745718031.1520338,0.00424756808206439
1576,1745718058.4231071,0.0007413445855490863
1577,1745718082.2856257,0.0010333036771044135
1578,1745718110.2936459,0.0015484339091926813
1579,1745718134.498844,0.0005596154369413853
1580,1745718158.872078,0.0005322857177816331
1581,1745718177.7521205,0.001967335119843483
1582,1745718216.6194925,0.0007843642379157245
1583,1745718242.3246968,0.0009481542510911822
1584,1745718255.6846063,0.002525526564568281
1585,1745718289.474911,0.0004686148895416409
1586,1745718311.2597728,0.00030893852817825973
1587,1745718335.76248,0.0012892938684672117
1588,1745718364.354641,0.0014295326545834541
1589,1745718388.9402168,0.0005997502594254911
1590,1745718413.3740363,0.0030988752841949463
1591,1745718445.107053,0.002551398938521743
1592,1745718483.6640792,0.0007875636219978333
1593,1745718513.0764542,0.0006128181703388691
1594,1745718536.3394945,0.0019541240762919188
1595,1745718560.4907017,0.003678128821775317
1596,1745718584.5693665,0.0017975765513256192
1597,1745718611.943309,0.0012420930434018373
1598,1745718643.9248369,0.01148424856364727
1599,1745718678.0148785,0.000733144988771528
1600,1745718706.9932551,0.00037121979403309524
1601,1745718736.2732532,0.0003127149539068341
1602,1745718757.523026,0.0009697274654172361
1603,1745718783.7800615,0.0008189873769879341
1604,1745718817.6079068,0.0022114331368356943
1605,1745718853.103205,0.0004835027502849698
1606,1745718875.1735513,0.0011329780099913478
1607,1745718898.7459073,0.001313773333095014
1608,1745718925.9317825,0.0012487248750403523
1609,1745718952.0132658,0.001594244735315442
1610,1745718978.2775915,0.0008604731992818415
1611,1745719002.2733107,0.0023534034844487906
1612,1745719031.9979844,0.0010756670963019133
1613,1745719059.9987214,0.005570356268435717
1614,1745719085.808584,0.00156738655641675
1615,1745719109.5361567,0.0014683401677757502
1616,1745719140.6864898,0.004402942955493927
1617,1745719168.1111658,0.0005550950299948454
1618,1745719194.8777199,0.0015073086833581328
1619,1745719213.5464008,0.0012047963682562113
1620,1745719223.2841353,0.002302405424416065
1621,1745719459.6439672,0.00012069653894286603
1622,1745719490.7801046,0.001321894582360983
1623,1745719519.896164,0.0009803737048059702
1624,1745719551.7021053,0.0008371336152777076
1625,1745719572.66894,0.0006529467646032572
1626,1745719591.852731,0.0018072111997753382
1627,1745719630.721482,0.00036107582855038345
1628,1745719651.2511675,0.00041847661486826837
1629,1745719671.5506406,0.00035257317358627915
1630,1745719698.6427882,0.0013888196554034948
1631,1745719728.0597343,0.000483943207655102
1632,1745719749.2848349,0.0009801369160413742
1633,1745719776.6814177,0.0006098037702031434
1634,1745719802.2781322,0.00040190646541304886
1635,1745719840.4111083,0.002261117799207568
1636,1745719848.2492437,0.0009565563523210585
1637,1745719875.6239712,0.0006439287099055946
1638,1745719902.1897833,0.0009695860790088773
1639,1745719939.3834221,0.0003769165778066963
1640,1745719969.7296922,0.0005780589999631047
1641,1745719997.0120947,0.0010657585225999355
1642,1745720020.1937668,0.0005065992008894682
1643,1745720050.4248402,0.0003562697966117412
1644,1745720076.1860023,0.0008376800687983632
1645,1745720099.0679684,0.0006848085904493928
1646,1745720130.1398292,0.0009777438826858997
1647,1745720161.5058446,0.001565061043947935
1648,1745720178.0825324,0.0005743923247791827
1649,1745720204.5006917,0.0012058386346325278
1650,1745720230.5790706,0.000502266688272357
1651,1745720258.351322,0.00033970779622904956
1652,1745720284.1617799,0.0008484492427669466
1653,1745720308.4197388,0.001811316004022956
1654,1745720331.3089595,0.0005616371636278927
1655,1745720359.8586962,0.0006908474606461823
1656,1745720382.993967,0.0008117407560348511
1657,1745720405.7228706,0.0009082969627343118
1658,1745720444.6363065,0.0006229367572814226
1659,1745720472.418487,0.00044355817954055965
1660,1745720502.8613112,0.0006015350809320807
1661,1745720514.9262521,0.0029810939449816942
1662,1745720549.5369954,0.001082804286852479
1663,1745720560.575304,0.002121627563610673
1664,1745720598.109182,0.005599082447588444
1665,1745720636.978704,0.0004835267027374357
1666,1745720668.993025,0.0006431818474084139
1667,1745720700.8462567,0.0003205424000043422
1668,1745720715.322485,0.0013926076935604215
1669,1745720745.2721617,0.0016761085717007518
1670,1745720768.7543235,0.0005714143626391888
1671,1745720796.4076695,0.0004620231338776648
1672,1745720823.322468,0.0005418066284619272
1673,1745720845.8687205,0.001622882322408259
1674,1745720871.3040183,0.0009001254220493138
1675,1745720903.2093177,0.004021794069558382
1676,1745720936.8075666,0.00030390615575015545
1677,1745720969.6120305,0.002745385281741619
1678,1745720994.9798965,0.0006618352490477264
1679,1745721014.1445112,0.0009522300097160041
1680,1745721041.3502219,0.002097798977047205
1681,1745721076.2661521,0.0005379880894906819
1682,1745721107.0754356,0.0011747542303055525
1683,1745721127.8690393,0.0008326732786372304
1684,1745721156.1518629,0.0005948746111243963
1685,1745721179.1788006,0.0004927835543639958
1686,1745721207.7267158,0.0004684637242462486
1687,1745721234.3486574,0.0009580171899870038
1688,1745721260.8954191,0.0015748379519209266
1689,1745721286.8189466,0.0013930154964327812
1690,1745721313.3669107,0.00107602181378752
1691,1745721343.5751224,0.0011883805273100734
1692,1745721367.3817961,0.00034216404310427606
1693,1745721395.8687847,0.00041428845725022256
1694,1745721422.546085,0.0002871332981158048
1695,1745721453.855361,0.02311774343252182
1696,1745721478.7764068,0.001130579854361713
1697,1745721510.0822277,0.0034704809077084064
1698,1745721537.8208654,0.0027344292029738426
1699,1745721564.7482958,0.0017022105166688561
1700,1745721583.2255926,0.0006460584700107574
1701,1745721596.737009,0.00025763691519387066
1702,1745721837.0955913,0.0006683709216304123
1703,1745721858.3569217,0.0004144904960412532
1704,1745721879.2912416,0.00041366094956174493
1705,1745721907.1965253,0.002597166458144784
1706,1745721936.2735486,0.0008872873731888831
1707,1745721962.3387234,0.0019930237904191017
1708,1745721987.4891658,0.0011022581020370126
1709,1745722022.6226678,0.0003383835719432682
1710,1745722042.3897603,0.0006036738632246852
1711,1745722067.8754146,0.0031945870723575354
1712,1745722094.394839,0.0002916215162258595
1713,1745722124.507878,0.00346082029864192
1714,1745722148.856711,0.000429094594437629
1715,1745722177.2259166,0.0022990985307842493
1716,1745722195.0776937,0.00042398626101203263
1717,1745722225.0081537,0.0002925627923104912
1718,1745722249.0630946,0.0002492729399818927
1719,1745722276.8553908,0.0012869912898167968
1720,1745722303.146581,0.0004212265193928033
1721,1745722329.37673,0.0038189899642020464
1722,1745722354.1141198,0.00039438289240933955
1723,1745722386.4001043,0.00036590348463505507
1724,1745722416.4713736,0.0007885454688221216
1725,1745722441.6666539,0.002705759136006236
1726,1745722468.8510578,0.0002654445415828377
1727,1745722498.7682445,0.0007231474155560136
1728,1745722524.4555337,0.0007935435278341174
1729,1745722536.5204678,0.0005494512151926756
1730,1745722566.7319877,0.005003470461815596
1731,1745722601.0483682,0.0009215843165293336
1732,1745722637.5918412,0.0011525158770382404
1733,1745722664.763784,0.000692223955411464
1734,1745722696.3056543,0.0011232485994696617
1735,1745722717.7130299,0.0009452097001485527
1736,1745722743.3472571,0.0007775042904540896
1737,1745722767.595977,0.0007937850314192474
1738,1745722789.286542,7.86714517744258e-05
1739,1745722807.010229,0.000411317654652521
1740,1745722831.0464046,0.0013806208735331893
1741,1745722866.549146,0.00026327205705456436
1742,1745722888.4334087,0.0008021816611289978
1743,1745722906.2343354,0.00012815931404475123
1744,1745722934.083002,0.00015647178224753588
1745,1745722974.1347606,0.00037297868402674794
1746,1745722999.8872519,0.0020226447377353907
1747,1745723024.2945495,0.00024331033637281507
1748,1745723053.6660578,0.0007026128587312996
1749,1745723084.4219613,0.0005204909248277545
1750,1745723107.7572672,0.0004526524862740189
1751,1745723128.0467274,0.00020571979985106736
1752,1745723162.1827404,0.0006402801955118775
1753,1745723174.279729,0.0005318803014233708
1754,1745723196.5645888,0.0008167687337845564
1755,1745723234.004342,0.0017982620047405362
1756,1745723247.6542766,0.09656430780887604
1757,1745723280.931496,0.00021475652465596795
1758,1745723312.4633195,0.001344306394457817
1759,1745723341.7695131,0.00023868439893703908
1760,1745723358.982551,0.001557651674374938
1761,1745723387.9066596,0.0010715076932683587
1762,1745723421.6947234,0.0004067150584887713
1763,1745723433.570052,0.0005746713723056018
1764,1745723460.75129,0.010506600141525269
1765,1745723503.5567627,0.00022514689771924168
1766,1745723522.246773,0.0005985226016491652
1767,1745723547.5297036,0.0011359057389199734
1768,1745723572.8501613,0.001414599479176104
1769,1745723601.5784478,0.0009061944438144565
1770,1745723629.1587167,0.0020319458562880754
1771,1745723657.9243963,0.0007483140216208994
1772,1745723681.9773786,0.002676847856491804
1773,1745723710.1473155,0.0003952466940972954
1774,1745723739.9287195,0.0012697065249085426
1775,1745723772.87125,0.01376204565167427
1776,1745723791.2532213,0.0004477468319237232
1777,1745723818.9775538,0.0006579547771252692
1778,1745723847.8686435,0.0024777711369097233
1779,1745723874.5234172,0.0009026937768794596
1780,1745723902.4412866,0.00042954314267262816
1781,1745723929.5088139,0.004163794219493866
1782,1745723940.4223468,0.00021365936845541
1783,1745724155.4188204,0.0008922528359107673
1784,1745724182.3178055,0.0008795702015049756
1785,1745724211.9660482,0.00033292529406026006
1786,1745724235.6217918,0.0007331383530981839
1787,1745724264.1620052,0.0010344628244638443
1788,1745724293.904281,0.00020929488528054208
1789,1745724319.563251,0.0009755936334840953
1790,1745724348.4458776,0.0005087670870125294
1791,1745724376.3787663,0.00010993270552717149
1792,1745724398.7478578,0.00019488795078359544
1793,1745724420.7956877,0.001315663568675518
1794,1745724446.013688,0.0012591627892106771
1795,1745724472.1010354,0.0011360530043020844
1796,1745724506.7907107,0.0037210218142718077
1797,1745724533.9718778,0.00025318676489405334
1798,1745724546.5586874,0.00042888123425655067
1799,1745724572.7254882,0.0006623395602218807
1800,1745724596.8561504,0.0007628672174178064
1801,1745724625.0729346,0.0006450664950534701
1802,1745724653.5603683,0.000816355983261019
1803,1745724679.6436853,0.00021411303896456957
1804,1745724704.047247,0.00030721529037691653
1805,1745724722.0535781,0.0015157564776018262
1806,1745724749.6394017,0.0002846312418114394
1807,1745724777.2487266,0.00019177938520442694
1808,1745724802.2713614,0.0046704919077456
1809,1745724827.2012925,0.0006848406046628952
1810,1745724855.5956147,0.0006744968704879284
1811,1745724895.9123094,0.0004740927251987159
1812,1745724923.3781796,0.000617516168858856
1813,1745724946.4503706,0.00020812499860767275
1814,1745724973.6729462,0.0005556843825615942
1815,1745724991.873164,0.032399747520685196
1816,1745725014.2585497,0.00019620961393229663
1817,1745725040.9104285,0.0006093793781474233
1818,1745725062.034586,0.0003451839438639581
1819,1745725099.0247638,0.0002227806398877874
1820,1745725127.7571905,0.0009091459214687347
1821,1745725160.6366072,0.00375768612138927
1822,1745725180.0317645,0.0028482915367931128
1823,1745725198.156759,0.010348623618483543
1824,1745725224.6940677,0.0005728129763156176
1825,1745725253.106163,0.0003209570422768593
1826,1745725277.371277,0.00022418201842810959
1827,1745725310.6544228,0.0007288014749065042
1828,1745725333.5791178,0.0006545645301230252
1829,1745725356.8611612,0.0014493296621367335
1830,1745725384.3491693,0.0023328077513724566
1831,1745725416.8305516,0.00021488065249286592
1832,1745725433.874114,0.0006582869682461023
1833,1745725459.373493,0.0021813614293932915
1834,1745725489.9631886,0.0008146102190949023
1835,1745725515.440811,0.0015345095889642835
1836,1745725540.6014552,0.0008278691675513983
1837,1745725568.9802194,0.0012025374453514814
1838,1745725590.7940319,0.001047912985086441
1839,1745725623.0363834,0.001249185181222856
1840,1745725654.2583773,0.0005686283111572266
1841,1745725680.1493392,0.0005445147980935872
1842,1745725703.7226706,0.0003334672364871949
1843,1745725730.096579,0.000558821193408221
1844,1745725752.6881113,0.0001989156153285876
1845,1745725778.404291,0.0003546752850525081
1846,1745725804.2611363,0.00042237379238940775
1847,1745725835.0925145,0.00023265418712981045
1848,1745725858.8058438,0.00018112061661668122
1849,1745725883.4142203,0.001834167749620974
1850,1745725911.6174684,0.0003954752755817026
1851,1745725928.0848691,0.024974681437015533
1852,1745725955.1492195,0.005810260307043791
1853,1745725981.9392684,0.005809525027871132
1854,1745726012.1472363,0.0010144357802346349
1855,1745726039.829289,0.0030286728870123625
1856,1745726069.0347736,0.003016518894582987
1857,1745726103.6793315,0.0011169512290507555
1858,1745726134.3339107,0.00041555502684786916
1859,1745726144.362586,0.0018966387724503875
1860,1745726169.8759346,0.0012750696623697877
1861,1745726206.1592052,0.0039041985291987658
1862,1745726234.9438286,0.0008857940556481481
1863,1745726240.0947254,0.0003258570213802159
1864,1745726473.8809679,0.0011685650097206235
1865,1745726497.6999128,0.0009130968246608973
1866,1745726528.1134121,0.0003367772442288697
1867,1745726566.8591015,0.0007697356049902737
1868,1745726599.3360279,0.00029995368095114827
1869,1745726635.7135408,0.0003475532284937799
1870,1745726649.562925,0.0003959963214583695
1871,1745726673.7074306,0.0006186954560689628
1872,1745726685.9370682,0.0004909434937871993
1873,1745726715.0981174,0.00037582177901640534
1874,1745726741.965729,0.0003951236722059548
1875,1745726770.3090997,6.26097826170735e-05
1876,1745726802.4161232,0.0007675812230445445
1877,1745726821.8051713,0.0005034583737142384
1878,1745726846.5500855,0.00024419600958935916
1879,1745726869.9532547,0.0001189528193208389
1880,1745726902.4784389,0.0001355893473373726
1881,1745726932.4628267,0.0005429857410490513
1882,1745726957.9560537,0.0004911765572614968
1883,1745726982.7573502,0.00031924532959237695
1884,1745727003.1664424,0.00372139154933393
1885,1745727032.8681545,0.0003849941131193191
1886,1745727061.8658683,0.00023646058980375528
1887,1745727102.9838567,0.0011880096280947328
1888,1745727129.7646158,0.0004776098357979208
1889,1745727147.6329236,0.0016133439494296908
1890,1745727174.8210435,0.00030432362109422684
1891,1745727199.1853607,0.00022009419626556337
1892,1745727226.6603222,0.00036478505353443325
1893,1745727252.6586952,0.020602116361260414
1894,1745727277.8094223,0.0010041712084785104
1895,1745727301.6519706,0.0008232471300289035
1896,1745727324.8874404,0.0007642708369530737
1897,1745727345.441104,0.0006089431117288768
1898,1745727372.1579692,0.0001768246293067932
1899,1745727407.6972015,0.0008105487213470042
1900,1745727424.4908314,0.0007989011355675757
1901,1745727456.522389,0.0005468926974572241
1902,1745727484.2559478,0.0006134231807664037
1903,1745727501.471716,0.00017917489458341151
1904,1745727525.7576213,0.001878545735962689
1905,1745727547.0885708,0.00043348976760171354
1906,1745727580.8466854,0.00013039319310337305
1907,1745727606.513161,0.0004557651118375361
1908,1745727633.1722844,0.0007914163288660347
1909,1745727659.9090502,0.0006013743695802987
1910,1745727692.04059,0.0014667105861008167
1911,1745727734.0572665,0.0060638319700956345
1912,1745727760.7639463,0.0025278779212385416
1913,1745727767.6690142,0.0006209887214936316
1914,1745727791.0184138,0.0003535854339133948
1915,1745727835.9193723,0.001378218992613256
1916,1745727846.6595047,0.00042701541678979993
1917,1745727873.455498,0.0010530783329159021
1918,1745727893.3445818,0.0003228324931114912
1919,1745727922.5833476,0.00042143379687331617
1920,1745727962.7061303,0.0005816575139760971
1921,1745727989.5332844,0.0017469723243266344
1922,1745728017.1770008,0.0005291035049594939
1923,1745728045.428784,0.00024405025760643184
1924,1745728068.7624564,0.00048251746920868754
1925,1745728091.6288269,0.0005599686992354691
1926,1745728117.5528655,0.0012283967807888985
1927,1745728135.958832,0.031245116144418716
1928,1745728159.941606,0.0003937222354579717
1929,1745728188.4326172,0.0007932170992717147
1930,1745728213.3208294,0.0007858360768295825
1931,1745728240.0627723,0.00025655352510511875
1932,1745728262.4976947,0.00012673917808569968
1933,1745728286.5066867,0.0008069759933277965
1934,1745728313.7726073,0.0009679525392130017
1935,1745728342.3726876,0.00040687236469238997
1936,1745728369.0167096,8.102331776171923e-05
1937,1745728397.6686807,0.0003638349589891732
1938,1745728428.8750925,0.004588026087731123
1939,1745728457.7900488,0.00025001808535307646
1940,1745728470.074142,0.0029362794011831284
1941,1745728495.7184181,0.0003916847053915262
1942,1745728530.7928789,0.0006025928305462003
1943,1745728538.5760171,0.002674931427463889
1944,1745728548.1553013,0.0011553731746971607
1945,1745728765.7566812,0.000564229441806674
1946,1745728791.9576771,0.0008807556587271392
1947,1745728817.1157374,0.00012034308747388422
1948,1745728834.5148711,0.0003775853256229311
1949,1745728863.1655233,0.0008103102445602417
1950,1745728892.4698246,0.00012533973495010287
1951,1745728907.1019373,0.0001990701275644824
1952,1745728930.4519272,0.0006486967322416604
1953,1745728959.0799263,0.00046876128180883825
1954,1745728983.1104605,0.004566068761050701
1955,1745729001.4007568,0.0008365408866666257
1956,1745729031.0151222,0.0028649019077420235
1957,1745729053.9459174,0.00038413028232753277
1958,1745729077.655327,0.00040691514732316136
1959,1745729101.4009082,0.000436298840213567
1960,1745729128.9843237,0.0006316149374470115
1961,1745729154.827508,0.00030838127713650465
1962,1745729185.2058768,0.002184163546189666
1963,1745729213.7247913,0.018858959898352623
1964,1745729243.8365018,0.00025818124413490295
1965,1745729275.6668422,0.00024854057119227946
1966,1745729301.8969896,0.0003643207310233265
1967,1745729322.2965343,0.0002289140538778156
1968,1745729348.5393164,0.0002493600477464497
1969,1745729372.7754416,0.0003146591188851744
1970,1745729400.4830158,0.001056382548995316
1971,1745729428.6870751,0.0007627847953699529
1972,1745729455.6067915,0.0002828190627042204
1973,1745729479.9841092,0.0005060487310402095
1974,1745729500.8392243,0.02335713617503643
1975,1745729529.5905395,0.0005763155641034245
1976,1745729550.965261,0.0009959996677935123
1977,1745729575.2991872,0.001040220377035439
1978,1745729600.476804,0.002816782332956791
1979,1745729621.0237982,0.004699829965829849
1980,1745729651.302164,0.0007140490924939513
1981,1745729667.1962345,0.0007646832964383066
1982,1745729686.9022949,0.00017613616364542395
1983,1745729713.0063157,0.0012279332149773836
1984,1745729738.4948277,0.0011430045124143362
1985,1745729773.9367907,0.0019381855381652713
1986,1745729794.7466607,0.009880973957479
1987,1745729818.977046,0.0007128972792997956
1988,1745729845.1662254,0.00014492252375930548
1989,1745729874.3066165,0.001091374084353447
1990,1745729896.020487,0.00040936958976089954
1991,1745729922.270334,0.0002609099610708654
1992,1745729947.112301,0.0009730676538310945
1993,1745729955.913427,0.0033500159624964
1994,1745729988.9238155,0.00020866729028057307
1995,1745730027.4224417,0.00047337255091406405
1996,1745730054.4211922,0.00041586774750612676
1997,1745730076.1378715,0.0002508740872144699
1998,1745730096.7086532,0.0001661487913224846
1999,1745730126.567037,0.0003168430121149868
2000,1745730155.665587,0.00027843547286465764
2001,1745730181.5655522,0.00030730312573723495
2002,1745730203.7027996,0.0006787974270991981
2003,1745730228.4761448,0.0003133295977022499
2004,1745730261.2647574,0.0006978126475587487
2005,1745730286.9929984,0.0006631739670410752
2006,1745730310.8076289,0.0002773229207377881
2007,1745730336.7037306,0.00041077518835663795
2008,1745730370.487896,0.00010762201418401673
2009,1745730392.0320435,0.0002062953426502645
2010,1745730416.3321495,0.0003253883041907102
2011,1745730442.3576453,0.0005284009966999292
2012,1745730468.7967072,0.0001331543899141252
2013,1745730494.4558423,0.0002133036614395678
2014,1745730523.738048,0.00043688525329343975
2015,1745730554.1435473,0.00023798852635081857
2016,1745730584.168599,0.00010619965178193524
2017,1745730611.5959678,0.00012133767449995503
2018,1745730646.0210037,0.00020210833463352174
2019,1745730674.991784,0.00016020765178836882
2020,1745730705.7742646,0.0003311530454084277
2021,1745730739.3483741,0.00039438382373191416
2022,1745730764.1912205,0.00035143058630637825
2023,1745730794.5746334,0.0018692415906116366
2024,1745730815.6862187,0.0002419312804704532
2025,1745730826.1178195,5.401008820626885e-05
2026,1745731077.411241,0.0004152430919930339
2027,1745731105.4653056,0.00016346797929145396
2028,1745731125.6124685,0.00011536126839928329
2029,1745731147.6306338,0.00015808615717105567
2030,1745731175.1683633,7.730698416708037e-05
2031,1745731218.8755164,0.00021863385336473584
2032,1745731235.2146297,0.0005871605244465172
2033,1745731264.1764562,0.00024185277288779616
2034,1745731290.8682423,0.00023077196965459734
2035,1745731304.7920654,0.002415332244709134
2036,1745731328.2935443,0.00026405052631162107
2037,1745731350.3397632,0.00022622068354394287
2038,1745731361.4646733,3.3643224014667794e-05
2039,1745731389.0778959,0.0003076813882216811
2040,1745731417.2449768,6.550820398842916e-05
2041,1745731444.0116096,0.00018173114222008735
2042,1745731469.6785417,0.0005276625161059201
2043,1745731489.7066324,0.0012155045988038182
2044,1745731517.9473846,0.003021117765456438
2045,1745731537.172882,0.0001273085072170943
2046,1745731565.5060027,9.781741391634569e-05
2047,1745731596.0409198,0.00019735071691684425
2048,1745731617.460469,0.0003463735047262162
2049,1745731639.68083,0.00028688416932709515
2050,1745731662.7946713,0.00017409118299838156
2051,1745731679.5860105,0.00037888973020017147
2052,1745731701.020658,0.0007118839421309531
2053,1745731727.9383976,0.0009184060618281364
2054,1745731753.5585496,0.00031763434526510537
2055,1745731769.532402,0.0005479282117448747
2056,1745731795.557229,0.013492988422513008
2057,1745731827.1769044,0.0004962747916579247
2058,1745731859.5883918,0.0003216764598619193
2059,1745731885.5627077,0.003945581149309874
2060,1745731910.8589387,0.0028719527181237936
2061,1745731935.4196687,0.00573639664798975
2062,1745731960.14219,0.0004599288513418287
2063,1745731985.2479658,0.00026512480690144
2064,1745732009.4056914,0.0013520235661417246
2065,1745732031.538298,0.002076601143926382
2066,1745732058.873098,0.003347289515659213
2067,1745732084.0529633,0.0036830834578722715
2068,1745732117.5901976,0.0005640611052513123
2069,1745732138.3750443,0.0005012738984078169
2070,1745732163.7036421,0.00017511536134406924
2071,1745732189.2757688,0.0002899494720622897
2072,1745732212.5128298,0.007461249828338623
2073,1745732234.4372568,0.0013428011443465948
2074,1745732263.0946708,0.0009074449189938605
2075,1745732304.9950688,0.005699720699340105
2076,1745732337.3112745,0.00013468650286085904
2077,1745732361.5591316,0.0004139916563872248
2078,1745732379.2791035,0.0021451322827488184
2079,1745732405.1877418,0.0021721976809203625
2080,1745732441.6735861,0.0005327825201675296
2081,1745732471.759206,0.000994982081465423
2082,1745732485.4931898,0.0025251132901757956
2083,1745732518.7910237,0.00038440589560195804
2084,1745732541.955257,0.0005829875008203089
2085,1745732568.092709,0.00021921555162407458
2086,1745732596.1555414,0.0012430897913873196
2087,1745732628.9274225,0.013050958514213562
2088,1745732641.7003818,0.00013190307072363794
2089,1745732668.6913395,0.003882313845679164
2090,1745732695.7159352,0.0001491942530265078
2091,1745732723.6143858,0.000443791359430179
2092,1745732764.450719,0.00486582750454545
2093,1745732788.2379391,0.003852216759696603
2094,1745732814.5333862,0.0008521818090230227
2095,1745732836.262822,0.0023572861682623625
2096,1745732864.7251863,0.0021392779890447855
2097,1745732892.5949383,0.0050627971068024635
2098,1745732920.0880232,0.0001718170678941533
2099,1745732949.0062222,0.007113975938409567
2100,1745732976.3933856,0.0009307930595241487
2101,1745733000.6281388,0.049716826528310776
2102,1745733026.5433602,0.0070218537002801895
2103,1745733053.5869308,0.00017325085354968905
2104,1745733078.3238018,0.00048474231152795255
2105,1745733098.599192,0.004223911557346582
2106,1745733111.3928926,9.113804117077962e-05
2107,1745733339.9573314,0.0031678802333772182
2108,1745733363.0542192,0.001606137491762638
2109,1745733387.4454625,0.0025932658463716507
2110,1745733413.9883246,0.00037354390951804817
2111,1745733440.915656,0.0023750923573970795
2112,1745733473.988489,0.00045060840784572065
2113,1745733495.2176907,0.0014924820279702544
2114,1745733524.6743102,0.0002923807769548148
2115,1745733542.8878937,0.00048078675172291696
2116,1745733568.0850856,0.009769718162715435
2117,1745733603.1582525,0.0007821748731657863
2118,1745733626.7549603,0.001248501823283732
2119,1745733652.3216655,0.0014849756844341755
2120,1745733674.2031608,0.0023700720630586147
2121,1745733696.9057598,7.061383075779304e-05
2122,1745733722.2338853,0.001338186557404697
2123,1745733751.753283,0.004564974457025528
2124,1745733775.161872,0.00031420739833265543
2125,1745733802.3183987,0.001779637299478054
2126,1745733826.23751,0.0004209518083371222
2127,1745733848.1279213,0.00030666490783914924
2128,1745733879.6739337,0.0019225667929276824
2129,1745733891.4787157,0.0006320007378235459
2130,1745733917.5799239,0.0006321218679659069
2131,1745733927.690851,0.0011625193292275071
2132,1745733955.648241,0.0002626947534736246
2133,1745733973.6230612,0.000309534661937505
2134,1745733995.4661083,0.00034050230169668794
2135,1745734008.9877074,0.0009898837888613343
2136,1745734039.103035,0.001076085027307272
2137,1745734061.2423553,0.010005548596382141
2138,1745734078.611324,0.000170472776517272
2139,1745734117.1626244,0.0007097083725966513
2140,1745734125.7063055,0.002606032183393836
2141,1745734151.614415,0.0002946543972939253
2142,1745734177.7699819,0.001653096522204578
2143,1745734206.6134198,0.00032598490361124277
2144,1745734230.9390118,0.00034671887988224626
2145,1745734260.5158706,0.0006942084291949868
2146,1745734292.6899903,0.0010441959602758288
2147,1745734314.561628,0.0003066947974730283
2148,1745734335.0808582,0.0003530887479428202
2149,1745734361.7914693,0.0005568474298343062
2150,1745734402.8105237,0.00015780665853526443
2151,1745734413.790632,0.0009810741757974029
2152,1745734440.09875,0.005353693850338459
2153,1745734465.2961473,0.0008914456702768803
2154,1745734492.779995,0.006350970361381769
2155,1745734520.5436177,0.00020548915199469775
2156,1745734545.3451552,0.0004516209301073104
2157,1745734574.4541688,0.00036734240711666644
2158,1745734598.2823608,0.0005846824496984482
2159,1745734622.156623,0.0011673778062686324
2160,1745734655.3590233,0.00023438378411810845
2161,1745734684.0338185,0.0020202151499688625
2162,1745734705.1654656,0.0003847712359856814
2163,1745734729.4452615,0.0006612425786443055
2164,1745734752.5276237,0.0002020581014221534
2165,1745734772.1038227,0.0026115404907613993
2166,1745734788.3261883,0.0003586100647225976
2167,1745734816.4503186,0.015320478938519955
2168,1745734850.1830935,0.00037073789280839264
2169,1745734874.5844674,0.0022704971488565207
2170,1745734903.9209628,0.010734998621046543
2171,1745734919.934314,0.0003440975851844996
2172,1745734947.0473561,0.0001693273225100711
2173,1745734980.9596174,0.0002589880605228245
2174,1745735016.058954,0.000653875875286758
2175,1745735047.342925,0.00029304251074790955
2176,1745735068.2190294,0.0007565002888441086
2177,1745735092.9438794,0.002080918289721012
2178,1745735116.074883,0.0003999118634965271
2179,1745735140.9240835,0.00023167606559582055
2180,1745735170.9851491,0.0004700375720858574
2181,1745735201.1750863,0.0003269827866461128
2182,1745735230.1591032,0.000167604855960235
2183,1745735260.0624735,0.0005876767099834979
2184,1745735285.7569757,0.00039461927372030914
2185,1745735310.426237,0.0002257754822494462
2186,1745735342.373125,0.00038271889206953347
2187,1745735354.392727,7.698527042521164e-05
2188,1745735572.5440433,3.456739068496972e-05
2189,1745735597.7958024,0.000433041452197358
2190,1745735623.0341845,0.0002626135537866503
2191,1745735651.977232,0.0001376638247165829
2192,1745735673.5363262,0.0004809289239346981
2193,1745735689.0240545,0.0011204133043065667
2194,1745735716.8059108,0.00014810237917117774
2195,1745735740.962207,0.0010517355985939503
2196,1745735760.375566,0.00023163548030424863
2197,1745735788.9071891,0.00019996146147605032
2198,1745735818.4671807,0.0001374245184706524
2199,1745735840.4041083,0.00036177027504891157
2200,1745735859.3664403,3.609613122534938e-05
2201,1745735896.8275948,0.0006138419848866761
2202,1745735923.5447662,0.00019675098883453757
2203,1745735955.165138,0.00019620545208454132
2204,1745735978.445599,0.00010533725435379893
2205,1745736000.9878159,0.0001875296438811347
2206,1745736025.8289375,0.0022340938448905945
2207,1745736057.6334682,0.0005238901940174401
2208,1745736087.3077784,0.0007197250961326063
2209,1745736111.2938478,0.0002918127574957907
2210,1745736135.2196393,0.0003785956359934062
2211,1745736167.2251074,0.0001780992024578154
2212,1745736192.3996146,0.00017006257257889956
2213,1745736215.4201162,0.00018642423674464226
2214,1745736235.1157408,0.0004833676794078201
2215,1745736274.7502236,0.0002672746777534485
2216,1745736306.7954044,0.0017165746539831161
2217,1745736336.1380048,0.00021143224148545414
2218,1745736345.102237,0.00016837353177834302
2219,1745736372.873248,0.00021857036335859448
2220,1745736397.0375595,0.000254746584687382
2221,1745736416.9476378,5.552544826059602e-05
2222,1745736443.5516438,6.560064502991736e-05
2223,1745736461.8858435,0.0008143451996147633
2224,1745736486.7422822,0.0002791397273540497
2225,1745736512.6275637,8.31160505185835e-05
2226,1745736543.250027,0.00011586346226977184
2227,1745736570.1542559,0.00013484527880791575
2228,1745736602.580108,0.00015948568761814386
2229,1745736625.8457742,8.776915638009086e-05
2230,1745736646.255,9.2016787675675e-05
2231,1745736678.838679,7.313426613109186e-05
2232,1745736696.5293398,5.280965342535637e-05
2233,1745736724.0395107,0.00016576210327912122
2234,1745736761.3934307,0.0002939172263722867
2235,1745736787.4978547,9.01261591934599e-05
2236,1745736818.1365988,0.0030996024142950773
2237,1745736840.3839066,0.00022049590188544244
2238,1745736867.6239605,0.0004924339009448886
2239,1745736888.717291,0.00019177378271706402
2240,1745736912.0993004,7.8454046160914e-05
2241,1745736938.0334134,0.005150907207280397
2242,1745736961.5229173,0.00011891726171597838
2243,1745736984.5405111,0.00021522441238630563
2244,1745737017.513896,0.00020315320580266416
2245,1745737034.0953517,0.00024510870571248233
2246,1745737056.5458155,0.00020901416428387165
2247,1745737083.3783216,0.0003869729698635638
2248,1745737112.1710365,0.00010271569044562057
2249,1745737133.8185773,0.00027589956880547106
2250,1745737152.9657028,7.842537161195651e-05
2251,1745737178.302755,0.0006439360440708697
2252,1745737203.2744083,0.00015850069758016616
2253,1745737224.071359,6.63395767332986e-05
2254,1745737250.8090222,0.0014431873569265008
2255,1745737284.578123,0.010985251516103745
2256,1745737299.6429455,0.0004444740479812026
2257,1745737323.480945,0.00012677839549724013
2258,1745737352.2678206,0.0003112033009529114
2259,1745737374.3457136,0.003909215331077576
2260,1745737406.2985196,0.00041738362051546574
2261,1745737436.590803,0.0001110925804823637
2262,1745737460.4233224,0.020082565024495125
2263,1745737486.1483762,5.1521787099773064e-05
2264,1745737513.6683323,0.00021220670896582305
2265,1745737536.2349432,0.0009612538851797581
2266,1745737559.2582521,0.0038445712998509407
2267,1745737587.5631971,0.014495651237666607
2268,1745737599.2106376,0.001041340990923345
2269,1745737808.0945005,0.00011579722922760993
2270,1745737834.135304,6.319061503745615e-05
2271,1745737851.5209622,8.559424168197438e-05
2272,1745737870.7523713,0.0005736150778830051
2273,1745737903.4914782,4.3205258407397196e-05
2274,1745737932.9138265,0.00018773101328406483
2275,1745737966.2839406,0.0011444708798080683
2276,1745737978.3082466,0.0004426190280355513
2277,1745738007.479251,0.04173804447054863
2278,1745738042.0996907,5.1192298997193575e-05
2279,1745738073.000091,0.00013475508603733033
2280,1745738088.1901844,0.019195955246686935
2281,1745738118.2736874,6.157662573968992e-05
2282,1745738146.1918888,9.060404408955947e-05
2283,1745738178.742681,0.00010854977881535888
2284,1745738194.0323129,0.0001708702911855653
2285,1745738217.6304693,0.0014333882136270404
2286,1745738247.010559,0.0005871871835552156
2287,1745738275.428497,0.0009032372036017478
2288,1745738301.6770267,0.00017644642503000796
2289,1745738326.943485,0.0007798729930073023
2290,1745738349.8614469,0.002018414903432131
2291,1745738380.7473676,0.006769595202058554
2292,1745738403.1603906,0.00038683347520418465
2293,1745738429.777365,0.00016620912356302142
2294,1745738461.0034823,0.0002450041938573122
2295,1745738486.2637815,0.0005732560530304909
2296,1745738514.0117834,0.0035792039707303047
2297,1745738531.503934,9.780633263289928e-05
2298,1745738566.672481,9.957391011994332e-05
2299,1745738578.436751,0.00010184697748627514
2300,1745738601.0121138,0.0034193801693618298
2301,1745738632.5440888,0.000993498950265348
2302,1745738657.265113,8.539992995793e-05
2303,1745738674.6982868,0.0002308055554749444
2304,1745738697.2305105,0.0003613191074691713
2305,1745738726.6017349,0.0001605838624527678
2306,1745738748.2397673,0.00029021501541137695
2307,1745738774.1414728,5.734312071581371e-05
2308,1745738796.7974463,5.6642624258529395e-05
2309,1745738814.8290327,6.351391493808478e-05
2310,1745738840.5818076,0.0001738897553877905
2311,1745738878.5087078,0.00013984176621306688
2312,1745738904.8516853,0.0002578055136837065
2313,1745738915.9745271,0.0008028519805520773
2314,1745738940.4582415,0.0005519982078112662
2315,1745738976.2657454,0.005403658375144005
2316,1745739001.7538552,0.00026774723664857447
2317,1745739033.070561,0.0002709760738071054
2318,1745739056.8452876,0.0009065665653906763
2319,1745739083.2312908,0.009679137729108334
2320,1745739115.278713,0.00018418293620925397
2321,1745739132.7435217,0.0002133756352122873
2322,1745739156.5353134,0.00016554284957237542
2323,1745739184.9810438,0.0003874417452607304
2324,1745739211.8944497,0.0007571432506665587
2325,1745739236.9225166,0.0017161857103928924
2326,1745739264.57782,0.0004250365018378943
2327,1745739291.1993105,0.00028099800692871213
2328,1745739318.3938558,0.001494501600973308
2329,1745739347.459547,0.00039211640250869095
2330,1745739364.456335,0.00033784491824917495
2331,1745739389.3111353,0.00103176839184016
2332,1745739419.738822,0.00016872808919288218
2333,1745739447.7303176,8.832585444906726e-05
2334,1745739459.5289142,0.00020857992058154196
2335,1745739487.2021484,0.0010402924381196499
2336,1745739518.5384717,0.0006515801069326699
2337,1745739541.7859466,0.010552464053034782
2338,1745739567.7768774,0.0001898475456982851
2339,1745739597.6868122,5.48930729564745e-05
2340,1745739624.693951,6.335055513773113e-05
2341,1745739671.5040407,0.0004672931390814483
2342,1745739692.6765547,0.00034265752765350044
2343,1745739707.5882323,6.407886394299567e-05
2344,1745739738.2788672,4.3139825720572844e-05
2345,1745739767.8483956,0.001713559846393764
2346,1745739794.8474934,0.00017951594782061875
2347,1745739820.3017197,0.0002601270389277488
2348,1745739845.603776,0.0020783760119229555
2349,1745739856.1736815,0.0016544196987524629
2350,1745740069.445911,4.1647461330285296e-05
2351,1745740102.7174451,0.0001249747583642602
2352,1745740135.9224987,0.000314888107823208
2353,1745740154.734352,0.0009385847370140254
2354,1745740179.4685652,0.0004443945945240557
2355,1745740207.1397383,0.0008996193646453321
2356,1745740239.5739048,0.000727466307580471
2357,1745740265.77169,0.00013875291915610433
2358,1745740293.076938,0.0002814428007695824
2359,1745740315.7012274,0.00010959084465866908
2360,1745740335.8834763,0.00016909692203626037
2361,1745740356.9087641,8.168925705831498e-05
2362,1745740392.0679736,0.00022385711781680584
2363,1745740402.3651385,0.0011541461572051048
2364,1745740430.2140775,0.003656446235254407
2365,1745740456.9331627,9.216402395395562e-05
2366,1745740484.7094681,0.000173267035279423
2367,1745740510.375986,0.00013513320300262421
2368,1745740534.046088,0.014826617203652859
2369,1745740558.3527575,0.00022760586580261588
2370,1745740578.364062,0.014060047455132008
2371,1745740602.3179643,0.0006040813168510795
2372,1745740632.0931716,0.007350344676524401
2373,1745740652.329172,0.008789566345512867
2374,1745740676.753306,0.0013392175314947963
2375,1745740698.2233963,0.04023720696568489
2376,1745740731.3872054,0.0012819949770346284
2377,1745740758.1492674,0.007080645766109228
2378,1745740774.3632584,0.006114964839071035
2379,1745740801.975103,0.0020620920695364475
2380,1745740825.1028266,0.00014063324488233775
2381,1745740851.7638552,0.0002002600085688755
2382,1745740873.855248,0.00011763872316805646
2383,1745740895.8159745,0.0002558917331043631
2384,1745740919.2474182,0.00011521165288286284
2385,1745740940.5757837,0.003286497201770544
2386,1745740975.1523824,0.002058886457234621
2387,1745740989.8771088,0.00048496198724024
2388,1745741026.8781276,0.0023617155384272337
2389,1745741049.6710029,0.00023465396952815354
2390,1745741076.3348334,0.00026669068029150367
2391,1745741098.6882753,0.0002947010798379779
2392,1745741117.8703377,0.0003158489998895675
2393,1745741145.9846265,0.0005221059545874596
2394,1745741166.0067992,0.0020511127077043056
2395,1745741195.8047903,0.001139954081736505
2396,1745741219.66048,0.0009921713499352336
2397,1745741250.4062924,0.000567441456951201
2398,1745741290.2175775,8.832071034703404e-05
2399,1745741304.572018,8.812320447759703e-05
2400,1745741332.0065236,0.0004832131671719253
2401,1745741369.0559394,0.0005861892132088542
2402,1745741398.1765952,0.0007357890717685223
2403,1745741428.5467036,0.0007764652837067842
2404,1745741447.7786617,0.0012885293690487742
2405,1745741476.8322296,0.00047741548041813076
2406,1745741507.5405028,0.006325861904770136
2407,1745741544.545119,0.0033144312910735607
2408,1745741554.8539064,6.501282041426748e-05
2409,1745741582.5406713,0.001093816477805376
2410,1745741607.6516964,0.0017905763816088438
2411,1745741627.8477688,0.0106882993131876
2412,1745741656.207947,0.006147401873022318
2413,1745741679.5361984,0.0008845801930874586
2414,1745741696.7299848,0.00027465264429338276
2415,1745741725.1473408,0.0009940521558746696
2416,1745741749.4171238,0.005059207323938608
2417,1745741776.2429473,0.010498851537704468
2418,1745741790.6434975,0.0003282696125097573
2419,1745741816.2893074,0.022357406094670296
2420,1745741842.7779713,0.0004208057071082294
2421,1745741872.8890858,0.00021367918816395104
2422,1745741900.298194,0.016460735350847244
2423,1745741935.3356605,0.0067725102417171
2424,1745741948.9355164,0.009450608864426613
2425,1745741984.3533185,0.0036819386295974255
2426,1745741997.660255,0.00020633683016058058
2427,1745742021.7018058,0.0008620440494269133
2428,1745742047.5428464,0.0030282142106443644
2429,1745742076.7416747,0.02247832715511322
2430,1745742086.9667099,0.002115792129188776
2431,1745742337.1734416,0.00032732723047956824
2432,1745742360.184534,0.0004379356396384537
2433,1745742390.6318955,0.004504140466451645
2434,1745742412.9309683,0.006460634060204029
2435,1745742431.3790329,0.0033966610208153725
2436,1745742459.2487297,0.0020389158744364977
2437,1745742486.9872134,0.0026851478032767773
2438,1745742503.599115,8.272770355688408e-05
2439,1745742530.867827,0.0006251236773096025
2440,1745742551.4513593,0.002737171947956085
2441,1745742570.9640074,0.012465258128941059
2442,1745742602.242279,0.00011659016308840364
2443,1745742625.5754573,0.00022073928266763687
2444,1745742658.7666557,0.008833538740873337
2445,1745742687.4692357,0.004435008857399225
2446,1745742709.702153,0.004339887294918299
2447,1745742730.7695718,0.0007757339044474065
2448,1745742756.6147916,0.001042547170072794
2449,1745742787.4774616,0.013792789541184902
2450,1745742818.8763542,0.000378807308152318
2451,1745742847.2727268,0.00014934453065507114
2452,1745742875.0634813,0.003649486228823662
2453,1745742905.3775544,0.012315606698393822
2454,1745742939.7787313,0.006952070631086826
2455,1745742962.1838517,0.0013113857712596655
2456,1745742979.500296,0.0006614680169150233
2457,1745743007.6274633,0.05626305937767029
2458,1745743035.4399335,0.000693406502250582
2459,1745743062.8554983,0.000820498913526535
2460,1745743088.0796058,0.013079305179417133
2461,1745743114.3016944,0.007419476751238108
2462,1745743133.816187,0.005135347135365009
2463,1745743159.15928,0.008162259124219418
2464,1745743182.6203969,0.0024717915803194046
2465,1745743211.2294848,0.004549143370240927
2466,1745743226.5594232,0.0022897019516676664
2467,1745743254.2806861,0.027293916791677475
2468,1745743280.4798257,0.0006116932490840554
2469,1745743303.2433424,0.010876122862100601
2470,1745743323.929583,0.008114087395370007
2471,1745743346.6234484,0.01866033487021923
2472,1745743366.104719,0.019409025087952614
2473,1745743394.3504653,0.0015960613964125514
2474,1745743420.1947732,0.001152015756815672
2475,1745743452.7590404,0.003552705282345414
2476,1745743470.8602412,0.001483568106777966
2477,1745743490.1356552,0.028262244537472725
2478,1745743518.0509546,0.00641786539927125
2479,1745743545.1657896,0.004590356722474098
2480,1745743568.3937771,0.00017442247190047055
2481,1745743606.9597008,0.007359067909419537
2482,1745743635.339302,0.023810267448425293
2483,1745743658.8545306,0.10053064674139023
2484,1745743681.9644074,0.0032392076682299376
2485,1745743714.3154516,0.07308986783027649
2486,1745743743.5732527,0.08919509500265121
2487,1745743782.4887176,0.006740952376276255
2488,1745743808.172317,0.014942826703190804
2489,1745743833.964154,0.04721884801983833
2490,1745743858.3675816,0.16870635747909546
2491,1745743882.9460073,0.09224331378936768
2492,1745743911.4910257,0.0993073359131813
2493,1745743942.3780782,0.015416418202221394
2494,1745743964.1757426,0.006743188481777906
2495,1745743986.417385,0.022234544157981873
2496,1745744011.3816156,0.06306730210781097
2497,1745744032.6589637,0.02489931508898735
2498,1745744064.7016442,0.011294549331068993
2499,1745744092.041115,0.03877517580986023
2500,1745744116.8652918,0.018538666889071465
2501,1745744147.9734633,0.05856067314743996
2502,1745744168.4963014,0.0207660049200058
2503,1745744208.9028506,0.024882756173610687
2504,1745744236.5119362,0.010798665694892406
2505,1745744265.2685432,0.006458282936364412
2506,1745744275.7642083,0.006563865579664707
2507,1745744305.8605607,0.03289853408932686
2508,1745744317.935314,0.00977842416614294
2509,1745744344.8851771,0.01028689369559288
2510,1745744369.6930969,0.012928621843457222
2511,1745744380.6571143,0.06900528818368912
2512,1745744624.2753365,0.005899098236113787
2513,1745744655.1277514,0.03379315882921219
2514,1745744679.6282413,0.007475276477634907
2515,1745744707.0862234,0.01132409181445837
2516,1745744735.4568932,0.010462168604135513
2517,1745744761.1203167,0.004145174752920866
2518,1745744782.3900504,0.012546208687126637
2519,1745744804.716072,0.00944923609495163
2520,1745744829.412859,0.0020838987547904253
2521,1745744852.0504696,0.0049885837361216545
2522,1745744875.4352906,0.00744336424395442
2523,1745744905.7555518,0.015707354992628098
2524,1745744936.9664397,0.002902096137404442
2525,1745744963.9219482,0.0017911819741129875
2526,1745744980.5681577,0.004709868226200342
2527,1745744997.3021197,0.024632008746266365
2528,1745745028.5283926,0.008624930866062641
2529,1745745051.8193188,0.05568353086709976
2530,1745745067.615354,0.007853271439671516
2531,1745745098.343743,0.0012710728915408254
2532,1745745112.3812752,0.00046978285536170006
2533,1745745145.2899919,0.0074056959711015224
2534,1745745173.7963908,0.005041652824729681
2535,1745745206.4965127,0.005481645464897156
2536,1745745239.6306827,0.011709704995155334
2537,1745745247.471859,0.001487725181505084
2538,1745745278.3577054,0.00492805615067482
2539,1745745294.8325834,0.0012673191959038377
2540,1745745317.9196792,0.0030836702790111303
2541,1745745348.5105338,0.004216838162392378
2542,1745745374.5551243,0.009887590073049068
2543,1745745397.242797,0.0014793786685913801
2544,1745745430.1449986,0.0011770679848268628
2545,1745745460.4170227,0.0019642116967588663
2546,1745745480.7855828,0.004423257429152727
2547,1745745505.049162,0.0011505447328090668
2548,1745745544.1585155,0.004370879847556353
2549,1745745560.767931,0.0011517578968778253
2550,1745745585.4012628,0.0005968173500150442
2551,1745745618.4246078,0.004273612052202225
2552,1745745649.2207046,0.0019191124010831118
2553,1745745660.377996,0.0007877183961682022
2554,1745745690.41889,0.01854943297803402
2555,1745745717.8030417,0.010641003958880901
2556,1745745735.8197029,0.0009883607272058725
2557,1745745764.9980376,0.0019954703748226166
2558,1745745782.6875625,0.0034127456601709127
2559,1745745811.2935739,0.0037237710785120726
2560,1745745836.7428765,0.0035142386332154274
2561,1745745858.2017987,0.0005091593484394252
2562,1745745884.0146723,0.006554869934916496
2563,1745745902.692499,0.0011798636987805367
2564,1745745930.3244536,0.0020859430078417063
2565,1745745955.5529826,0.002801781753078103
2566,1745745976.2756505,0.002735518617555499
2567,1745746014.0287135,0.0022246672306209803
2568,1745746042.0731735,0.002910417038947344
2569,1745746072.4217627,0.0015845088055357337
2570,1745746080.1915967,0.002927502617239952
2571,1745746102.0787566,0.0026566425804048777
2572,1745746136.2285798,0.003738108091056347
2573,1745746166.060161,0.00543695455417037
2574,1745746188.4065413,0.00653736712411046
2575,1745746206.480116,0.0038389796391129494
2576,1745746234.9529846,0.00301432516425848
2577,1745746270.2267444,0.0016077379696071148
2578,1745746281.6804433,0.0016911170678213239
2579,1745746310.6317165,0.0006619234918616712
2580,1745746344.4737108,0.0018530647503212094
2581,1745746372.5347173,0.0030303176026791334
2582,1745746382.7897503,0.0014848022256046534
2583,1745746414.156862,0.0017717034788802266
2584,1745746427.3242135,0.0026989043690264225
2585,1745746453.8488424,9.13416370167397e-05
2586,1745746479.1010234,0.003310044063255191
2587,1745746495.6308892,0.0005533482180908322
2588,1745746528.7342246,0.0003291933098807931
2589,1745746556.7646594,0.001391243771649897
2590,1745746581.8688428,0.005433041602373123
2591,1745746612.0871415,0.004247649572789669
2592,1745746622.9361987,1.9735014575417154e-05
2593,1745746864.171564,0.001315034576691687
2594,1745746876.8443384,0.0008859854424372315
2595,1745746904.945906,0.00528373010456562
2596,1745746932.723409,0.000950451591052115
2597,1745746962.2107189,0.0008008192526176572
2598,1745746987.4644172,0.0002555677783675492
2599,1745747017.0344617,0.0003275795606896281
2600,1745747043.991222,0.00028994219610467553
2601,1745747071.0078208,0.0004976982017979026
2602,1745747097.2212784,0.0005685893702320755
2603,1745747121.3982868,0.000632328970823437
2604,1745747144.458792,0.00036491802893579006
2605,1745747169.4103837,0.0006354105425998569
2606,1745747196.5807252,0.00024084084725473076
2607,1745747217.3158853,0.0001877336617326364
2608,1745747244.0502362,0.0010815986897796392
2609,1745747272.7260375,0.00031220968230627477
2610,1745747293.513632,0.0013803108595311642
2611,1745747307.1899467,0.0001580381067469716
2612,1745747346.1388366,0.0006594673031941056
2613,1745747358.0613163,0.0011097710812464356
2614,1745747384.5200686,0.0009116926230490208
2615,1745747401.9326162,0.0003478867292869836
2616,1745747426.1779506,0.015682542696595192
2617,1745747456.7699597,0.00037159936618991196
2618,1745747480.595746,0.0011697015725076199
2619,1745747507.3689475,0.00014583310985472053
2620,1745747535.1484368,0.0006130439578555524
2621,1745747557.471375,0.0005991132347844541
2622,1745747577.4467328,0.0008291819249279797
2623,1745747609.725822,0.00038059658254496753
2624,1745747641.4947643,0.00021146103972569108
2625,1745747665.950258,0.00016354923718608916
2626,1745747686.3890026,0.00020983254944439977
2627,1745747715.8758335,0.0012983521446585655
2628,1745747753.758956,0.00035897758789360523
2629,1745747772.4690247,0.00018114966223947704
2630,1745747805.5267687,0.0001852485875133425
2631,1745747830.5282068,0.0002511497004888952
2632,1745747845.9186168,0.0007294861716218293
2633,1745747875.523536,0.0003403943555895239
2634,1745747899.5076182,0.0004676188400480896
2635,1745747925.0942461,0.00021253836166579276
2636,1745747951.8771677,0.005352145992219448
2637,1745747974.783335,0.00045085576130077243
2638,1745747999.5888295,0.0008291599806398153
2639,1745748027.899018,0.00017276541620958596
2640,1745748052.0662956,0.00018084404291585088
2641,1745748086.3126626,0.00012691285519395024
2642,1745748110.6146162,0.0012963232584297657
2643,1745748140.6438632,9.758112719282508e-05
2644,1745748168.3446305,0.0008278043242171407
2645,1745748188.4505222,0.0003472059906926006
2646,1745748212.6562748,0.00022962350340094417
2647,1745748236.7479513,0.0003280106175225228
2648,1745748264.4958806,0.0002498313842806965
2649,1745748287.949451,0.00017976276285480708
2650,1745748313.575891,0.000479427952086553
2651,1745748331.372197,9.033682727022097e-05
2652,1745748349.445844,0.00029598214314319193
2653,1745748375.5279903,0.0014062038389965892
2654,1745748406.8810394,0.0002950462221633643
2655,1745748435.935662,0.00034586654510349035
2656,1745748467.2655678,0.00030689226696267724
2657,1745748474.6874828,0.0003555008443072438
2658,1745748517.5552022,0.0003607963735703379
2659,1745748543.3748915,0.001417876803316176
2660,1745748558.4302847,0.00025510581326670945
2661,1745748584.1734405,0.0004066437832079828
2662,1745748602.2106977,0.004477602895349264
2663,1745748626.4611948,0.00018444930901750922
2664,1745748650.6992385,0.0003054318658541888
2665,1745748673.1200633,0.001525537227280438
2666,1745748706.3022404,0.0006347488961182535
2667,1745748735.6942933,0.0005669078091159463
2668,1745748754.3746789,0.0033341364469379187
2669,1745748781.3826594,0.0004756422422360629
2670,1745748805.3776681,0.00015400504344142973
2671,1745748829.9233248,0.0008518511895090342
2672,1745748849.7570007,0.0007810250390321016
2673,1745748862.406097,5.458767191157676e-05
2674,1745749103.751604,0.0003251384769100696
2675,1745749120.185486,9.682017844170332e-05
2676,1745749140.1545837,0.0003202375955879688
2677,1745749168.4868417,0.00019402845646254718
2678,1745749201.0161984,0.0002821864909492433
2679,1745749232.8175526,0.00029108766466379166
2680,1745749262.8045924,0.0004584681591950357
2681,1745749290.5659075,0.00027897144900634885
2682,1745749318.8275824,0.00020960655820090324
2683,1745749340.6665545,0.00023569108452647924
2684,1745749365.045938,0.0003925349737983197
2685,1745749399.18174,8.53355522849597e-05
2686,1745749423.6914823,0.00014939425454940647
2687,1745749444.6197007,4.714762690127827e-05
2688,1745749466.1604486,0.00027941411826759577
2689,1745749490.9298618,0.00022221382823772728
2690,1745749514.7536805,8.690767572261393e-05
2691,1745749542.4318006,7.518498023273423e-05
2692,1745749565.389524,0.0005619861767627299
2693,1745749605.2034287,0.000301071850117296
2694,1745749632.3491094,0.0002122788573615253
2695,1745749648.9210947,0.004402127582579851
2696,1745749671.5067031,0.00014128719340078533
2697,1745749691.202683,8.631205128040165e-05
2698,1745749721.2370415,8.744995284359902e-05
2699,1745749749.8799913,0.0001908320264192298
2700,1745749766.3016894,0.0004231614002492279
2701,1745749803.132166,0.0004573760670609772
2702,1745749816.3450298,3.261645542806946e-05
2703,1745749839.6272807,0.0002610251831356436
2704,1745749866.3523517,0.0003491067618597299
2705,1745749899.0238018,0.00036541870213113725
2706,1745749914.5608888,0.00016274077643174678
2707,1745749941.198292,0.0001424986548954621
2708,1745749969.7013025,8.830380829749629e-05
2709,1745749998.146992,0.00047078964416868985
2710,1745750035.2311053,0.00011840106890304014
2711,1745750054.3668523,0.00011780970817198977
2712,1745750073.1870155,0.00016347655036952347
2713,1745750101.9483764,7.577127689728513e-05
2714,1745750140.3596787,0.0026469577569514513
2715,1745750160.978546,0.000315390556352213
2716,1745750182.8732781,4.617361628334038e-05
2717,1745750228.6287994,4.647203968488611e-05
2718,1745750240.020322,7.150640158215538e-05
2719,1745750271.5082166,0.0001706711045699194
2720,1745750301.36094,0.000410926848417148
2721,1745750332.7590537,7.589849701616913e-05
2722,1745750354.6531217,0.0001301746378885582
2723,1745750378.1145337,0.00013216004299465567
2724,1745750406.587262,0.00010548227874096483
2725,1745750429.3166075,7.55925357225351e-05
2726,1745750453.2440224,0.0006393666844815016
2727,1745750471.776781,7.475366874132305e-05
2728,1745750496.9304883,0.00018412654753774405
2729,1745750525.3064008,0.00016810775559861213
2730,1745750537.3608198,0.00045989741920493543
2731,1745750560.223369,0.0002398349461145699
2732,1745750589.6445746,6.527759251184762e-05
2733,1745750616.5501735,0.0003700118395499885
2734,1745750640.7688944,0.016958540305495262
2735,1745750664.4631376,0.0007046042592264712
2736,1745750690.811213,0.001015351852402091
2737,1745750724.3647478,0.00018252443987876177
2738,1745750753.703386,9.587968816049397e-05
2739,1745750782.1647933,0.0002173192478949204
2740,1745750792.621082,0.0001745876215863973
2741,1745750829.112728,0.00014098962128628045
2742,1745750867.3844786,0.00012406191672198474
2743,1745750884.3369098,0.0004715280083473772
2744,1745750897.835374,0.00021848226606380194
2745,1745750929.33559,7.859641482355073e-05
2746,1745750958.6270592,0.0002109285705955699
2747,1745750993.1357775,0.00014896401262376457
2748,1745751015.0556653,0.00033525339676998556
2749,1745751037.401299,0.00012836928362958133
2750,1745751062.4282858,0.0001641970593482256
2751,1745751082.0085118,0.00024959282018244267
2752,1745751102.7983499,0.0003360414120834321
2753,1745751125.8040657,0.00011469970195321366
2754,1745751133.8782594,0.0004914455930702388
2755,1745751356.1627464,0.0001975675841094926
2756,1745751386.6949499,0.00011076502414653078
2757,1745751413.715363,5.9188932937104255e-05
2758,1745751439.2083158,0.00010669272160157561
2759,1745751468.195955,0.00010021332127507776
2760,1745751494.3820746,7.297358388314024e-05
2761,1745751517.5751436,0.00028395772096700966
2762,1745751545.3709056,0.0001242585713043809
2763,1745751567.5580835,0.0002110440982505679
2764,1745751595.555813,6.743334233760834e-05
2765,1745751616.0517836,4.842954149353318e-05
2766,1745751636.2008924,0.00010468951950315386
2767,1745751662.8716285,9.56008952925913e-05
2768,1745751699.503797,0.00017756053421180695
2769,1745751725.7118556,0.00014621613081544638
2770,1745751757.3498995,0.00036018845275975764
2771,1745751779.8450055,4.152665860601701e-05
2772,1745751806.4707785,0.00014286907389760017
2773,1745751832.3471873,9.414363012183458e-05
2774,1745751846.1346982,3.284703052486293e-05
2775,1745751871.5973568,0.00026970557519234717
2776,1745751888.346687,0.00011543388973223045
2777,1745751915.4339404,0.00014483967970591038
2778,1745751941.8052516,9.233633318217471e-05
2779,1745751970.7522652,0.0001172738047898747
2780,1745751996.1841092,4.6158234908943996e-05
2781,1745752012.9506264,7.857091986807063e-05
2782,1745752039.7632146,0.00010203206329606473
2783,1745752067.2768137,9.328917076345533e-05
2784,1745752093.933151,2.3161706849350594e-05
2785,1745752112.135075,4.029129559057765e-05
2786,1745752121.261964,0.00032061399542726576
2787,1745752147.838626,2.09565187105909e-05
2788,1745752171.143539,0.0003327092563267797
2789,1745752194.6252553,0.00015104570775292814
2790,1745752220.0293133,0.00011951584019698203
2791,1745752243.0303986,5.32285230292473e-05
2792,1745752268.1291857,0.00012356677325442433
2793,1745752301.0677366,0.00010000405018217862
2794,1745752311.0877984,4.820498725166544e-05
2795,1745752336.5411782,8.383427484659478e-05
2796,1745752365.1384602,0.004260495770722628
2797,1745752383.170782,0.0002334876626264304
2798,1745752406.7062073,0.0002704626531340182
2799,1745752433.3133366,0.00016336275439243764
2800,1745752462.9828098,0.00025112315779551864
2801,1745752488.4232733,0.00014616080443374813
2802,1745752514.6986194,0.0001875102607300505
2803,1745752539.282633,0.00026291311951354146
2804,1745752558.4717262,7.497853948734701e-05
2805,1745752590.4914875,0.00019109561981167644
2806,1745752604.5033567,2.826523814292159e-05
2807,1745752631.2385426,0.0002263056521769613
2808,1745752659.437501,0.00023627742484677583
2809,1745752682.7988265,0.00017553166253492236
2810,1745752704.1815019,0.0004788057703990489
2811,1745752733.3136768,7.436622399836779e-05
2812,1745752765.3607297,0.00019665781292133033
2813,1745752779.9090137,0.0001375065912725404
2814,1745752814.5882103,3.171240314259194e-05
2815,1745752836.803729,0.00012049898941768333
2816,1745752860.242776,5.959007467026822e-05
2817,1745752886.0596766,9.615629096515477e-05
2818,1745752910.7928832,4.594962592818774e-05
2819,1745752941.9091425,0.00016343894822057337
2820,1745752968.0791528,0.00022286438615992665
2821,1745752984.9106326,0.00018928364443127066
2822,1745753008.473423,0.059641607105731964
2823,1745753035.4926057,0.0001758279395289719
2824,1745753064.5812168,5.207191497902386e-05
2825,1745753083.0889118,3.5389632103033364e-05
2826,1745753110.813362,5.884028723812662e-05
2827,1745753137.7795641,6.696383934468031e-05
2828,1745753154.4830163,0.000464145588921383
2829,1745753178.126788,0.0003163804649375379
2830,1745753207.9563856,0.00035681616282090545
2831,1745753221.0753193,0.000367001339327544
2832,1745753245.3779187,7.098802598193288e-05
2833,1745753269.9289064,0.00010978309728670865
2834,1745753296.5167005,0.0002578500425443053
2835,1745753307.1334724,5.74388395762071e-05
2836,1745753508.288947,0.0004383261548355222
2837,1745753527.8775697,0.0005993094528093934
2838,1745753561.2334182,0.0001274505048058927
2839,1745753569.770466,0.00018490086949896067
2840,1745753603.3205545,0.0001600967370904982
2841,1745753637.8471613,0.00022880264441482723
2842,1745753666.5413406,0.00025176082272082567
2843,1745753697.6733124,0.0002633534895721823
2844,1745753732.2458107,0.00017192288942169398
2845,1745753761.036041,9.745326678967103e-05
2846,1745753792.0837164,9.057408169610426e-05
2847,1745753813.5143,4.524521136772819e-05
2848,1745753835.0453982,0.0006452309899032116
2849,1745753871.3995128,0.0005841332604177296
2850,1745753892.1869082,3.833067967207171e-05
2851,1745753903.2581594,0.00010288706107530743
2852,1745753930.7749066,0.00020711087563540787
2853,1745753961.7631655,0.00014335184823721647
2854,1745753996.0845783,0.0001695390819804743
2855,1745754018.936954,6.704460975015536e-05
2856,1745754039.7379837,0.00011925167200388387
2857,1745754062.0004103,6.0154892707942054e-05
2858,1745754098.0125406,0.00043680937960743904
2859,1745754120.479381,0.05494382232427597
2860,1745754140.9965496,0.0005416202475316823
2861,1745754165.5329998,0.00019712475477717817
2862,1745754189.295978,0.0005022597033530474
2863,1745754215.0431051,4.291679215384647e-05
2864,1745754240.8021698,0.00044817227171733975
2865,1745754266.7712228,0.0001515080512035638
2866,1745754290.6038246,0.00010664031287888065
2867,1745754312.984454,0.00035006788675673306
2868,1745754342.6258678,7.640088006155565e-05
2869,1745754365.5675929,8.690174581715837e-05
2870,1745754390.8240461,6.081455649109557e-05
2871,1745754419.847318,9.731481259223074e-05
2872,1745754432.8251114,8.53747405926697e-05
2873,1745754464.460149,6.58663411741145e-05
2874,1745754487.6019206,7.63843854656443e-05
2875,1745754512.0064156,0.00013740024587605149
2876,1745754535.9508777,9.693713946035132e-05
2877,1745754561.034964,0.0001012516368064098
2878,1745754587.0673943,0.00011690700193867087
2879,1745754610.3559685,0.0002558371052145958
2880,1745754638.1262965,0.00010217089584330097
2881,1745754664.9315593,0.00029080899548716843
2882,1745754700.2217,4.463213190319948e-05
2883,1745754720.0138204,9.163164941128343e-05
2884,1745754749.2632294,0.0001413853169651702
2885,1745754768.0599024,0.00012125088687753305
2886,1745754800.718298,0.00011945470032515004
2887,1745754829.8471596,9.606528328731656e-05
2888,1745754853.1020565,0.0002176749985665083
2889,1745754879.5143757,0.00010028736141975969
2890,1745754907.4667492,3.979295797762461e-05
2891,1745754933.787505,7.639039540663362e-05
2892,1745754958.3625445,5.655186396325007e-05
2893,1745754982.5583413,7.662207644898444e-05
2894,1745755014.9545493,4.05204737035092e-05
2895,1745755043.370643,3.477440623100847e-05
2896,1745755068.3427224,2.899770697695203e-05
2897,1745755084.7618473,7.907833787612617e-05
2898,1745755115.573174,0.00015228039410430938
2899,1745755154.8602192,6.342721462715417e-05
2900,1745755177.6798754,0.00010106009722221643
2901,1745755202.0408537,6.824528827564791e-05
2902,1745755228.5739586,2.9528500817832537e-05
2903,1745755254.7838306,7.00738382874988e-05
2904,1745755278.290858,0.00017116947856266052
2905,1745755302.9365,2.706419581954833e-05
2906,1745755329.2829638,0.0001734436518745497
2907,1745755369.024145,5.2291929023340344e-05
2908,1745755386.5961173,7.416356675093994e-05
2909,1745755417.0489638,8.653633267385885e-05
2910,1745755431.4129705,0.0008906279690563679
2911,1745755455.250127,0.0049927425570786
2912,1745755485.5144298,0.00017047763685695827
2913,1745755512.020355,0.00015236860781442374
2914,1745755524.623341,0.0001227009779540822
2915,1745755550.7767806,0.0002143004967365414
2916,1745755556.4287467,5.826517008244991e-05
2917,1745755773.9552066,0.00015566173533443362
2918,1745755801.5616033,0.00018373440252617002
2919,1745755824.4439077,0.0001426465023541823
2920,1745755846.551703,0.00011301969789201394
2921,1745755872.8921676,6.68600041535683e-05
2922,1745755904.253473,8.341119973920286e-05
2923,1745755931.4490855,0.00022545951651409268
2924,1745755956.8226616,0.00025487589300610125
2925,1745755980.2706842,0.00021247324184514582
2926,1745756007.0871215,0.0004705459577962756
2927,1745756035.342402,0.00029455855838023126
2928,1745756066.314725,6.764652789570391e-05
2929,1745756091.232115,0.0002235011343145743
2930,1745756112.1573882,0.00011137238470837474
2931,1745756141.7481692,0.00016245001461356878
2932,1745756177.4354377,6.5178785007447e-05
2933,1745756207.8336434,4.6133354771882296e-05
2934,1745756234.1413126,7.087871199473739e-05
2935,1745756260.3362792,9.243603562936187e-05
2936,1745756280.8318267,3.05663634208031e-05
2937,1745756300.832899,6.810866761952639e-05
2938,1745756327.2848399,0.00047676864778622985
2939,1745756349.39664,0.00013211074110586196
2940,1745756370.2993884,3.135715451207943e-05
2941,1745756391.7424412,7.729999924777076e-05
2942,1745756414.7307656,3.889583967975341e-05
2943,1745756439.515423,7.707939221290872e-05
2944,1745756461.6343026,8.275143045466393e-05
2945,1745756490.563742,8.752501889830455e-05
2946,1745756515.5868926,0.00015691167209297419
2947,1745756536.6711352,8.742166392039508e-05
2948,1745756557.654417,8.097517275018618e-05
2949,1745756582.3808184,5.138530832482502e-05
2950,1745756609.254385,5.816540578962304e-05
2951,1745756633.0646026,7.425502553815022e-05
2952,1745756651.4319701,0.00017005526751745492
2953,1745756685.0440805,5.7643119362182915e-05
2954,1745756701.0077183,0.00010410335380584002
2955,1745756711.531371,6.76863783155568e-05
2956,1745756742.9181137,0.00011228503717575222
2957,1745756768.6209688,0.00015136484580580145
2958,1745756793.3627377,2.6405301468912512e-05
2959,1745756820.8787034,5.299979238770902e-05
2960,1745756837.910657,0.0001646659802645445
2961,1745756869.7745318,3.9679209294263273e-05
2962,1745756877.8176098,8.094114309642464e-05
2963,1745756907.975539,9.688793943496421e-05
2964,1745756932.9050164,2.0929439415340312e-05
2965,1745756953.4815388,3.273475158493966e-05
2966,1745756979.830524,7.35627836547792e-05
2967,1745756992.495424,3.5493507311912253e-05
2968,1745757026.933035,8.559144771425053e-05
2969,1745757040.9559577,3.640175054897554e-05
2970,1745757063.3186264,4.380381142254919e-05
2971,1745757088.8195775,9.134175343206152e-05
2972,1745757107.7618968,2.08851615752792e-05
2973,1745757137.6069396,0.00012375418737065047
2974,1745757156.236091,6.319821841316298e-05
2975,1745757177.0932138,4.6186407416826114e-05
2976,1745757207.4870653,0.00015453369996976107
2977,1745757233.3773665,6.479250441771e-05
2978,1745757260.406118,6.727456639055163e-05
2979,1745757293.5438197,5.8936202549375594e-05
2980,1745757300.4268038,9.289554873248562e-05
2981,1745757330.0784423,3.8673584640491754e-05
2982,1745757362.249609,4.02874757128302e-05
2983,1745757373.3369348,1.845544102252461e-05
2984,1745757399.6336615,0.008198797702789307
2985,1745757428.9744492,0.00016633025370538235
2986,1745757452.6485114,0.00028539495542645454
2987,1745757485.1944103,3.638929410954006e-05
2988,1745757493.377922,7.558804645668715e-05
2989,1745757510.0987973,7.821779581718147e-05
2990,1745757529.983856,0.0003202167572453618
2991,1745757551.5343037,6.696616765111685e-05
2992,1745757583.2259529,0.00022061691561248153
2993,1745757594.1078167,0.00023723016784060746
2994,1745757601.6838052,0.0001732909877318889
2995,1745757624.2911723,9.994420543080196e-05
2996,1745757650.7009103,0.010187869891524315
2997,1745757664.420846,0.00029681710293516517
2998,1745757874.1964803,6.618657789658755e-05
2999,1745757897.0293114,6.839443085482344e-05
3000,1745757925.1388707,3.629090133472346e-05
3001,1745757947.4182622,0.0001944935938809067
3002,1745757982.4326243,0.00019554971368052065
3003,1745758006.701484,5.961099668638781e-05
3004,1745758029.3652012,5.7377677876502275e-05
3005,1745758057.1646707,4.9058235163101926e-05
3006,1745758080.6041858,0.0006145883817225695
3007,1745758107.5871456,0.0001368005177937448
3008,1745758134.2272294,0.00011701056791935116
3009,1745758160.5961869,0.0005371159641072154
3010,1745758188.374805,0.000997750903479755
3011,1745758217.612246,0.00029060160159133375
3012,1745758244.8745422,3.772203854168765e-05
3013,1745758273.0399287,0.00016887488891370595
3014,1745758301.112869,0.00014408481365535408
3015,1745758325.7045338,4.039323175675236e-05
3016,1745758349.6109166,8.262693881988525e-05
3017,1745758377.9177783,0.00012436638644430786
3018,1745758404.3932865,0.0003090100362896919
3019,1745758431.5510554,7.087255653459579e-05
3020,1745758458.0695386,6.57398923067376e-05
3021,1745758478.2104442,0.00012525422789622098
3022,1745758504.6138039,0.00017835698963608593
3023,1745758532.19254,7.226482557598501e-05
3024,1745758555.8268352,3.9106282201828435e-05
3025,1745758578.8023465,4.5947232138132676e-05
3026,1745758603.68712,0.00037941400660201907
3027,1745758630.0266373,4.8325760872103274e-05
3028,1745758656.2532084,4.285711838747375e-05
3029,1745758685.3795264,9.374654473504052e-05
3030,1745758720.8457305,8.810417784843594e-05
3031,1745758729.9981184,7.385663047898561e-05
3032,1745758757.8534265,2.451747059240006e-05
3033,1745758786.5260074,0.0001687099866103381
3034,1745758812.6693492,8.1292622780893e-05
3035,1745758840.4206007,3.6377066862769425e-05
3036,1745758854.2017865,0.00012626530951820314
3037,1745758887.1068957,9.828284237300977e-05
3038,1745758919.6073782,0.00010450852278154343
3039,1745758950.0227096,3.921775351045653e-05
3040,1745758970.9366848,5.6313310778932646e-05
3041,1745759000.2787051,3.482410465949215e-05
3042,1745759028.0589323,0.0001035921013681218
3043,1745759067.2879822,4.5032924390397966e-05
3044,1745759093.1384141,6.622971704928204e-05
3045,1745759113.3932457,0.00010087856207974255
3046,1745759140.300209,0.00010964626562781632
3047,1745759174.5884624,2.827138996508438e-05
3048,1745759190.3111582,7.04935664543882e-05
3049,1745759222.675467,0.007491046562790871
3050,1745759237.0123832,8.812213491182774e-05
3051,1745759263.191126,0.017230534926056862
3052,1745759287.1074824,0.00011133783118566498
3053,1745759320.2005372,9.202395449392498e-05
3054,1745759333.5367203,6.644669338129461e-05
3055,1745759360.080292,5.2470681112026796e-05
3056,1745759384.8028016,4.692983566201292e-05
3057,1745759411.0312555,0.0002340528735658154
3058,1745759432.1892254,3.128768366877921e-05
3059,1745759450.6715117,6.948965892661363e-05
3060,1745759482.5630636,7.154229388106614e-05
3061,1745759490.5693698,0.00010339663276681677
3062,1745759513.5691493,0.00020725249487441033
3063,1745759539.0105836,3.078134250245057e-05
3064,1745759545.874828,7.337099668802693e-05
3065,1745759571.8957167,6.304220732999966e-05
3066,1745759594.3143313,8.759659976931289e-05
3067,1745759619.6675217,0.00027987174689769745
3068,1745759644.248665,0.0003450129006523639
3069,1745759671.5409403,0.00034722720738500357
3070,1745759698.5893586,0.0002938913821708411
3071,1745759726.1790395,5.029556996305473e-05
3072,1745759745.6716313,0.0006206383695825934
3073,1745759777.8663757,3.940880924346857e-05
3074,1745759799.7503624,7.07423678250052e-05
3075,1745759817.668727,7.290392386494204e-05
3076,1745759846.2164788,4.93432889925316e-05
3077,1745759876.2102494,6.824591400800273e-05
3078,1745759886.5008962,5.1538485422497615e-05
3079,1745760072.3503025,1.9622271793195978e-05
3080,1745760101.678007,8.287990931421518e-05
3081,1745760122.3926024,3.519365418469533e-05
3082,1745760145.3349504,3.9328693674178794e-05
3083,1745760167.7898817,0.00013407936785370111
3084,1745760191.0275936,0.0001486961409682408
3085,1745760219.068046,6.016236511641182e-05
3086,1745760241.9007046,2.4193766876123846e-05
3087,1745760268.296444,0.00010942539665848017
3088,1745760294.9817982,0.002230430254712701
3089,1745760330.3765163,7.237857062136754e-05
3090,1745760364.8985155,3.5537563235266134e-05
3091,1745760395.5965157,0.0001076393891707994
3092,1745760424.1778338,3.316123184049502e-05
3093,1745760452.6904392,4.326503403717652e-05
3094,1745760483.9292033,5.030224201618694e-05
3095,1745760517.7883983,0.004730892833322287
3096,1745760538.2913787,2.037836384261027e-05
3097,1745760566.3953528,9.092184336623177e-05
3098,1745760587.0559533,3.1258456147043034e-05
3099,1745760623.596479,5.457559018395841e-05
3100,1745760650.9194622,6.655739707639441e-05
3101,1745760673.9578798,8.846050332067534e-05
3102,1745760700.442041,5.935370427323505e-05
3103,1745760727.1611176,0.0002383318787906319
3104,1745760751.7475436,0.00014774646842852235
3105,1745760783.5547814,0.0026100673712790012
3106,1745760807.1290565,8.92542811925523e-05
3107,1745760833.768168,8.987995533971116e-05
3108,1745760858.6608784,5.330474232323468e-05
3109,1745760889.12045,3.3495740353828296e-05
3110,1745760911.6782734,0.00015539421292487532
3111,1745760929.7386732,5.9455236623762175e-05
3112,1745760966.638714,6.132769340183586e-05
3113,1745760981.9515493,4.386888394947164e-05
3114,1745760992.367145,3.834217932308093e-05
3115,1745761018.969847,8.023990812944248e-05
3116,1745761051.1174576,3.0189650715328753e-05
3117,1745761065.7933893,8.037704537855461e-05
3118,1745761095.7406073,0.00011977886606473476
3119,1745761125.7569933,4.796990106115118e-05
3120,1745761151.1186905,3.073632251471281e-05
3121,1745761167.736865,8.235746645368636e-05
3122,1745761200.163061,6.402926373993978e-05
3123,1745761213.6852312,0.0001460839412175119
3124,1745761237.6303358,1.126277038565604e-05
3125,1745761271.9169285,5.011394023313187e-05
3126,1745761307.9820867,4.311497832532041e-05
3127,1745761329.3906748,4.0085338696371764e-05
3128,1745761353.4938169,9.272069291910157e-05
3129,1745761377.3694217,0.011333013884723186
3130,1745761411.249783,3.9854472561273724e-05
3131,1745761426.2065098,2.2238644305616617e-05
3132,1745761455.0037944,0.0002093430230161175
3133,1745761487.9723113,9.685223631095141e-05
3134,1745761520.5156736,5.9730460634455085e-05
3135,1745761539.5090766,7.465216185664758e-05
3136,1745761581.1017587,2.0424888134584762e-05
3137,1745761609.0290363,1.3673543435288593e-05
3138,1745761628.046361,0.00010087595728691667
3139,1745761651.3832746,6.0916816437384114e-05
3140,1745761678.658099,3.521709732012823e-05
3141,1745761705.9734213,2.599410800030455e-05
3142,1745761733.8184724,3.16139921778813e-05
3143,1745761756.923996,7.117075438145548e-05
3144,1745761781.5404234,0.00014080088294576854
3145,1745761813.0390806,2.5604715119698085e-05
3146,1745761839.4502845,5.6465883972123265e-05
3147,1745761866.099309,0.00016833021072670817
3148,1745761888.336962,7.445247319992632e-05
3149,1745761910.184095,1.724644607747905e-05
3150,1745761935.8235056,3.590025153243914e-05
3151,1745761955.1686385,4.920542778563686e-05
3152,1745761976.5819733,1.8772117982734926e-05
3153,1745762011.6001282,0.00010201177065027878
3154,1745762033.4138565,6.815467349952087e-05
3155,1745762052.553441,1.4686525901197456e-05
3156,1745762085.472917,9.818904072744772e-05
3157,1745762099.4021294,2.1730289518018253e-05
3158,1745762125.0569053,4.7071844164747745e-05
3159,1745762136.8089156,5.4339776397682726e-05
3160,1745762346.997275,5.5430813517887145e-05
3161,1745762378.926275,1.361429167445749e-05
3162,1745762408.0877266,3.7593832530546933e-05
3163,1745762438.983916,0.008244172669947147
3164,1745762449.5346909,7.258700497914106e-05
3165,1745762478.3619776,6.477513670688495e-05
3166,1745762495.5814908,7.98211112851277e-05
3167,1745762517.253154,8.308245014632121e-05
3168,1745762548.1426442,5.230159513303079e-05
3169,1745762572.2833195,8.586826879763976e-05
3170,1745762600.41595,5.823062019771896e-05
3171,1745762625.5816638,0.00011573096708161756
3172,1745762655.6933203,6.017686609993689e-05
3173,1745762686.1344094,6.320613465504721e-05
3174,1745762716.6288166,0.00023674152907915413
3175,1745762742.252627,0.00013251246127765626
3176,1745762772.8835967,0.00019358823192305863
3177,1745762799.4048746,0.00022423345944844186
3178,1745762822.9534612,0.0003427237970754504
3179,1745762848.3711314,0.0002002782712224871
3180,1745762875.6189785,0.00012019506539218128
3181,1745762900.8241334,0.000298145751003176
3182,1745762929.7361858,7.371210085693747e-05
3183,1745762954.478361,0.0001263015001313761
3184,1745762984.2498937,5.1881521358154714e-05
3185,1745763017.373278,0.00011194348917342722
3186,1745763033.2236972,0.00010941147775156423
3187,1745763054.154266,4.3745472794398665e-05
3188,1745763085.9191387,6.655861943727359e-05
3189,1745763102.572304,4.028332477901131e-05
3190,1745763125.3804233,4.4115338823758066e-05
3191,1745763151.8456192,3.29982431139797e-05
3192,1745763167.4875257,4.4036194594809785e-05
3193,1745763200.0952604,5.059963223175146e-05
3194,1745763223.6866138,6.938288424862549e-05
3195,1745763250.1133392,6.664385728072375e-05
3196,1745763279.1332855,4.2619711166480556e-05
3197,1745763305.874427,5.7045275752898306e-05
3198,1745763330.4815352,4.3717154767364264e-05
3199,1745763354.820067,8.302983042085543e-05
3200,1745763371.0065503,1.0733408089436125e-05
3201,1745763403.2213192,2.047125053650234e-05
3202,1745763423.782909,9.056196722667664e-05
3203,1745763456.100486,4.614677163772285e-05
3204,1745763483.925707,0.00012551448890008032
3205,1745763507.036767,2.088207475026138e-05
3206,1745763533.2478733,5.377556954044849e-05
3207,1745763554.0471954,6.896042759763077e-05
3208,1745763583.8948507,3.9328366256086156e-05
3209,1745763604.9129386,5.062681884737685e-05
3210,1745763634.6042328,4.317006460041739e-05
3211,1745763653.9817126,0.00017352297436445951
3212,1745763682.7376502,3.115918661933392e-05
3213,1745763713.6112175,5.4319676564773545e-05
3214,1745763724.4707842,4.65088669443503e-05
3215,1745763753.2394855,0.0001424438669346273
3216,1745763776.3632524,3.485408524284139e-05
3217,1745763799.5838363,7.330955850193277e-05
3218,1745763828.2656662,0.0024659226182848215
3219,1745763854.501735,3.8858102925587445e-05
3220,1745763880.5863795,7.382300100289285e-05
3221,1745763897.643655,2.0861345547018573e-05
3222,1745763924.765012,8.17498039396014e-06
3223,1745763951.480409,4.5329052227316424e-05
3224,1745763973.2811358,3.33836542267818e-05
3225,1745763997.970727,5.728018732042983e-05
3226,1745764023.1063318,6.800894334446639e-05
3227,1745764052.2025323,4.0100760088535026e-05
3228,1745764070.969298,6.465200567618012e-05
3229,1745764096.5553112,0.000964087201282382
3230,1745764127.6480112,8.661464380566031e-05
3231,1745764151.5364916,6.094440323067829e-05
3232,1745764179.8789496,0.0003302540862932801
3233,1745764209.2982504,9.967923688236624e-05
3234,1745764232.7565114,0.007252193056046963
3235,1745764256.3722196,7.402154733426869e-05
3236,1745764279.3184335,6.873090023873374e-05
3237,1745764303.9652994,3.314194327685982e-05
3238,1745764336.708718,0.00010192122135777026
3239,1745764363.9653816,4.450417691259645e-05
3240,1745764377.415154,0.01337846927344799
3241,1745764576.4847536,0.00020546221639961004
3242,1745764598.6296904,0.00017179416317958385
3243,1745764633.1209266,0.0006529342499561608
3244,1745764661.313052,0.0008097838144749403
3245,1745764687.1533303,0.00012408637849148363
3246,1745764724.825735,0.0009899192955344915
3247,1745764735.0090728,0.00027472813962958753
3248,1745764775.222972,0.0003625187964644283
3249,1745764786.6081944,0.0007550619193352759
3250,1745764810.1376684,0.00045393375330604613
3251,1745764841.7501857,0.000359999859938398
3252,1745764872.1434903,7.913932495284826e-05
3253,1745764903.0284832,0.0005792283336631954
3254,1745764927.8078346,0.000413785019190982
3255,1745764957.0457158,8.547932520741597e-05
3256,1745764978.8885438,3.0958002753322944e-05
3257,1745765002.634735,8.641412568977103e-05
3258,1745765030.933909,3.7015564885223284e-05
3259,1745765048.9425182,9.338599738839548e-06
3260,1745765080.824785,5.137676635058597e-05
3261,1745765109.060989,4.3106836528750136e-05
3262,1745765131.3052056,5.3098032367415726e-05
3263,1745765156.6165729,3.5084536648355424e-05
3264,1745765183.30873,4.9796082748798653e-05
3265,1745765208.8080046,5.692768536391668e-05
3266,1745765240.4468071,0.004890213720500469
3267,1745765271.8730757,2.063841930066701e-05
3268,1745765298.7251055,0.0019694389775395393
3269,1745765323.4588037,0.00010074370220536366
3270,1745765335.9232416,0.000154849563841708
3271,1745765362.607278,0.00017783499788492918
3272,1745765392.244055,3.090589234489016e-05
3273,1745765423.600398,9.54298593569547e-05
3274,1745765452.7824101,5.7119916164083406e-05
3275,1745765481.9189517,4.422142592375167e-05
3276,1745765508.702748,3.377402390469797e-05
3277,1745765534.682161,9.871280781226233e-05
3278,1745765563.1824024,9.115963621297851e-05
3279,1745765587.4571123,4.70573540951591e-05
3280,1745765616.7242014,8.449170127278194e-05
3281,1745765642.641368,4.1274455725215375e-05
3282,1745765670.7371972,7.595725764986128e-05
3283,1745765692.5162275,0.004798924550414085
3284,1745765718.7917016,0.0008500731782987714
3285,1745765745.1118417,1.344800057268003e-05
3286,1745765772.8154304,7.563616236438975e-05
3287,1745765810.701335,0.00017341373313684016
3288,1745765832.4473815,7.786840433254838e-05
3289,1745765852.718657,0.00020108160970266908
3290,1745765882.926924,3.095332795055583e-05
3291,1745765907.9462647,0.0001449092960683629
3292,1745765931.3335633,0.0001278561685467139
3293,1745765949.722077,5.660144233843312e-05
3294,1745765983.9754927,5.978416811558418e-05
3295,1745766002.3393087,0.00017206986376550049
3296,1745766027.3112764,0.00017012482567224652
3297,1745766058.9331157,4.826599615626037e-05
3298,1745766087.4461768,2.7849057005369104e-05
3299,1745766098.9431486,0.0024530787486582994
3300,1745766109.322006,6.320344982668757e-05
3301,1745766125.7911856,0.0001748693030094728
3302,1745766140.467364,4.839275425183587e-05
3303,1745766154.7625494,1.6323647287208587e-05
3304,1745766165.7970643,3.9583977923030034e-05
3305,1745766188.95496,3.0579129088437185e-05
3306,1745766201.90354,8.616282138973475e-05
3307,1745766212.4946272,1.8990454918821342e-05
3308,1745766228.8993566,6.500407471321523e-05
3309,1745766241.6489663,2.8370279324008152e-05
3310,1745766257.2592494,3.137036765110679e-05
3311,1745766266.4054415,1.636413981032092e-05
3312,1745766275.192718,6.749855674570426e-05
3313,1745766287.1649814,0.00015614225412718952
3314,1745766309.9365904,8.838262874633074e-05
3315,1745766320.4874227,8.54396857903339e-05
3316,1745766340.2421877,0.00039565603947266936
3317,1745766349.8959577,0.00015415971574839205
3318,1745766368.660526,4.312616874813102e-05
3319,1745766379.0380428,0.0174533911049366
3320,1745766393.403777,7.191685199359199e-06
3321,1745766398.7231946,9.104910714086145e-05
3322,1745766509.0590715,2.2903257558937185e-05
3323,1745766524.7580829,7.279784767888486e-05
3324,1745766536.9427047,5.9621270338539034e-05
3325,1745766552.7781804,7.622721750522032e-05
3326,1745766570.986125,0.00011982976866420358
3327,1745766587.3273146,9.652482549427077e-05
3328,1745766594.6977937,7.512396405218169e-05
3329,1745766615.2469714,0.00010209896572632715
3330,1745766631.4547212,5.154274549568072e-05
3331,1745766651.3923867,0.0003258973592892289
3332,1745766666.0389338,0.00017080608813557774
3333,1745766687.1771646,9.960783063434064e-05
3334,1745766701.1709113,6.75786504871212e-05
3335,1745766720.3512988,0.0030669542029500008
3336,1745766740.1555972,0.00018513386021368206
3337,1745766751.2068174,5.138400956639089e-05
3338,1745766769.7707202,0.00016043994401115924
3339,1745766782.4080768,8.220763993449509e-05
3340,1745766796.8773923,4.4516240450320765e-05
3341,1745766813.6853104,0.000941119680646807
3342,1745766820.457353,1.899544076877646e-05
3343,1745766840.871313,5.707631862605922e-05
3344,1745766854.178252,2.2888438252266496e-05
3345,1745766871.5567153,0.0007587235886603594
3346,1745766883.6189625,7.329272921197116e-05
3347,1745766897.676143,1.6847392544150352e-05
3348,1745766918.980103,8.190856169676408e-05
3349,1745766938.5921946,9.148900971922558e-06
3350,1745766948.9658523,4.7876859753159806e-05
3351,1745766969.4687383,8.59308274812065e-05
3352,1745766981.6013112,0.00017808588745538145
3353,1745766995.7101796,4.948404603055678e-05
3354,1745767015.6393104,4.785026249010116e-05
3355,1745767041.1148157,2.327359834453091e-05
3356,1745767055.85841,0.0003848607884719968
3357,1745767066.133016,1.3281807696330361e-05
3358,1745767085.155757,4.145998173044063e-05
3359,1745767097.2867932,0.00015371321933344007
3360,1745767111.116671,4.297098348615691e-05
3361,1745767131.0824294,4.0367827750742435e-05
3362,1745767147.9961908,5.01911090395879e-05
3363,1745767182.0637116,0.0007536451448686421
3364,1745767194.423233,2.7567193683353253e-05
3365,1745767206.2397254,3.472779644653201e-05
3366,1745767221.5928726,8.197584247682244e-05
3367,1745767229.9532585,3.319224560982548e-05
3368,1745767243.6184382,1.971663732547313e-05
3369,1745767261.3989673,7.504333188990131e-05
3370,1745767277.7904348,9.128320380114019e-05
3371,1745767286.9328055,2.952741488115862e-05
3372,1745767304.8042896,4.8667243390809745e-05
3373,1745767328.6437552,3.1503583159064874e-05
3374,1745767343.3692355,5.571975270868279e-05
3375,1745767354.9128833,2.138028503395617e-05
3376,1745767368.0471084,7.015703158685938e-05
3377,1745767384.5740845,1.566074206493795e-05
3378,1745767400.919001,2.711391425691545e-05
3379,1745767407.6630766,0.010080590844154358
3380,1745767425.0479896,2.7205038350075483e-05
3381,1745767442.7723377,2.284482616232708e-05
3382,1745767456.3866842,0.020732630044221878
3383,1745767473.0307503,5.4044641728978604e-05
3384,1745767492.6800454,6.086906068958342e-05
3385,1745767518.4589427,1.4046729120309465e-05
3386,1745767534.9539142,2.777285590127576e-05
3387,1745767542.3532321,7.255854870891199e-05
3388,1745767556.5889785,2.6532103220233694e-05
3389,1745767569.8723662,5.2393239457160234e-05
3390,1745767583.0657682,5.055757355876267e-05
3391,1745767595.0219893,6.026347546139732e-05
3392,1745767608.167896,3.0450646590907127e-05
3393,1745767619.543017,4.310981239541434e-05
3394,1745767635.8221638,3.9737562474329025e-05
3395,1745767655.835453,0.0007417953456752002
3396,1745767670.0028274,0.0008455778006464243
3397,1745767682.1102912,3.449323048698716e-05
3398,1745767703.3437357,5.8536763390293345e-05
3399,1745767714.0419931,0.00011689604434650391
3400,1745767724.400495,4.893820732831955e-05
3401,1745767740.4978101,8.476130460621789e-05
3402,1745767748.320338,6.048442446626723e-05
3403,1745767839.024347,5.528406472876668e-05
3404,1745767846.643701,2.0986013623769395e-05
3405,1745767865.0009727,5.113123552291654e-05
3406,1745767873.6985505,5.5490745580755174e-05
3407,1745767894.0915365,3.876126356772147e-05
3408,1745767916.4277837,0.0001341062888968736
3409,1745767924.510031,1.3121853044140153e-05
3410,1745767946.030966,2.3350094124907628e-05
3411,1745767958.1601133,0.00011025930871255696
3412,1745767974.0358524,3.341651972732507e-05
3413,1745767989.1760654,2.565982867963612e-05
3414,1745768000.1231365,9.452914673602208e-05
3415,1745768009.6241853,0.00011214397090952843
3416,1745768024.750132,5.3097832278581336e-05
3417,1745768033.2381437,1.6887355741346255e-05
3418,1745768052.039978,2.7551159291760996e-05
3419,1745768067.7627833,5.132806836627424e-05
3420,1745768074.0568385,7.884811202529818e-05
3421,1745768094.8991704,1.637533750908915e-05
3422,1745768115.7735705,2.007608418352902e-05
3423,1745768126.3101432,4.9288100854028016e-05
3424,1745768143.2865078,4.05566934205126e-05
3425,1745768160.254687,3.642901356215589e-05
3426,1745768172.769922,5.109052290208638e-05
3427,1745768200.2396863,0.000308594957459718
3428,1745768217.3528485,2.125939317920711e-05
3429,1745768229.2471344,0.00032181531423702836
3430,1745768245.5334475,0.00013907876564189792
3431,1745768267.5981104,4.410421388456598e-05
3432,1745768281.5011723,5.733979560318403e-05
3433,1745768295.1939523,2.0323337594163604e-05
3434,1745768311.227799,1.9200777387595735e-05
3435,1745768319.5757718,6.327940354822204e-05
3436,1745768334.6719387,0.0004328233771957457
3437,1745768346.0498562,4.1069459257414564e-05
3438,1745768366.3979309,3.1632898753741756e-05
3439,1745768376.653008,3.5683016903931275e-05
3440,1745768407.063279,0.0002573729434516281
3441,1745768424.676749,2.727339233388193e-05
3442,1745768448.4538736,3.246777851018123e-05
3443,1745768469.3494108,1.3627995031129103e-05
3444,1745768481.964758,2.0605637473636307e-05
3445,1745768497.9670503,3.567654130165465e-05
3446,1745768507.8507452,1.957218955794815e-05
3447,1745768532.713719,1.9539205823093653e-05
3448,1745768546.4464962,3.3463806175859645e-05
3449,1745768567.289509,0.020053962245583534
3450,1745768575.348812,5.884866914129816e-05
3451,1745768593.0786376,9.524007327854633e-05
3452,1745768609.730562,3.3120672014774755e-05
3453,1745768620.8310468,4.0841696318238974e-05
3454,1745768645.8727968,5.3006657253718004e-05
3455,1745768656.3093312,0.00016219806275330484
3456,1745768672.6522064,0.00037930021062493324
3457,1745768684.756866,3.475864286883734e-05
3458,1745768694.9693286,0.00019119313219562173
3459,1745768713.4400094,0.0001037913971231319
3460,1745768730.9427218,0.00024692085571587086
3461,1745768742.4111338,3.0208841053536162e-05
3462,1745768757.9636955,0.0003432630328461528
3463,1745768771.7413888,0.00012329683522693813
3464,1745768780.86494,7.552468741778284e-05
3465,1745768791.5201073,0.00010646159353200346
3466,1745768814.692771,2.3663564206799492e-05
3467,1745768823.6021519,4.999783050152473e-05
3468,1745768846.4604213,8.89428993104957e-05
3469,1745768856.9861875,0.00010845466749742627
3470,1745768874.4000695,0.004758758936077356
3471,1745768897.0898097,0.00010579038644209504
3472,1745768911.7942288,3.1514813599642366e-05
3473,1745768928.850579,3.485003981040791e-05
3474,1745768942.281316,0.009179826825857162
3475,1745768954.7721832,3.2793512218631804e-05
3476,1745768973.4694881,4.975857518729754e-05
3477,1745768988.1931221,0.00028432710678316653
3478,1745769007.706724,0.0003624625678639859
3479,1745769030.462254,0.00029756108415313065
3480,1745769049.1072063,0.0014592104125767946
3481,1745769064.4962182,0.0005052244523540139
3482,1745769084.1467357,0.0006913256947882473
3483,1745769088.40299,0.0006007791380397975
3484,1745769191.8612745,0.000519265653565526
3485,1745769202.1386485,0.00022876684670336545
3486,1745769219.624896,0.00013857425074093044
3487,1745769232.7274482,0.00010653373465174809
3488,1745769248.0437832,0.00028474541613832116
3489,1745769262.2829375,6.442981248255819e-05
3490,1745769274.9226022,0.021755289286375046
3491,1745769286.702807,6.568890967173502e-05
3492,1745769295.6718721,7.39630195312202e-05
3493,1745769314.1948857,6.66056148475036e-05
3494,1745769336.6020203,0.000246805400820449
3495,1745769347.0873861,0.0004431057604961097
3496,1745769365.4648385,0.0001378953893436119
3497,1745769379.7814815,0.0007090161670930684
3498,1745769395.272576,0.0005658513400703669
3499,1745769406.3107634,0.004530155565589666
3500,1745769422.311663,0.0010767068015411496
3501,1745769435.3610094,0.0003625993267633021
3502,1745769443.9252095,5.9763384342659265e-05
3503,1745769459.2691123,4.016183811472729e-05
3504,1745769471.5924528,3.969957469962537e-05
3505,1745769499.846994,3.7401769077405334e-05
3506,1745769511.664152,3.431026198086329e-05
3507,1745769520.7749865,6.19057536823675e-05
3508,1745769544.8155003,3.8081270758993924e-05
3509,1745769570.3756058,1.488085854361998e-05
3510,1745769589.2640207,4.20480573666282e-05
3511,1745769603.9897838,1.4894978448865004e-05
3512,1745769622.5033257,0.00014785867824684829
3513,1745769642.4451048,0.0001362792681902647
3514,1745769657.4271903,3.0887338652973995e-05
3515,1745769674.4698737,0.0004620881227310747
3516,1745769694.2464437,0.00047141299000941217
3517,1745769712.4036734,0.00014347706746775657
3518,1745769731.7688873,0.0023793939035385847
3519,1745769752.85089,9.299132216256112e-05
3520,1745769783.4134662,5.047698869020678e-05
3521,1745769810.9144192,4.907407856080681e-05
3522,1745769822.2631652,1.7657876014709473e-05
3523,1745769840.4035733,2.2597339921048842e-05
3524,1745769854.7095463,9.91841807262972e-05
3525,1745769862.7400024,4.489066850510426e-05
3526,1745769881.1046615,1.3193684935686179e-05
3527,1745769899.196891,2.247520023956895e-05
3528,1745769911.327031,3.155379090458155e-05
3529,1745769932.665406,5.293391950544901e-05
3530,1745769950.213553,7.09907035343349e-05
3531,1745769958.425722,3.1485618819715455e-05
3532,1745769971.8045561,7.528810965595767e-05
3533,1745769985.1889231,6.19168349658139e-05
3534,1745770001.5381267,9.346094884676859e-05
3535,1745770013.4828844,2.535411658755038e-05
3536,1745770025.54197,0.0001049161292030476
3537,1745770040.6078396,5.945911107119173e-05
3538,1745770056.1508315,2.1642594219883904e-05
3539,1745770066.6867561,3.530564936227165e-05
3540,1745770086.7324958,0.00423008855432272
3541,1745770111.2676976,0.00012309933663345873
3542,1745770123.3312502,5.3308634960558265e-05
3543,1745770141.351482,1.7792886865208857e-05
3544,1745770152.965053,0.00023890014563221484
3545,1745770173.430191,0.0030591320246458054
3546,1745770186.3029082,5.003488331567496e-05
3547,1745770202.2004247,9.307997970608994e-05
3548,1745770218.7099714,5.7628447393653914e-05
3549,1745770242.753891,0.00018493201059754938
3550,1745770260.3990674,6.0423397371778265e-05
3551,1745770271.1369572,2.5880375687847845e-05
3552,1745770282.8119001,5.296294330037199e-05
3553,1745770295.9538674,0.016803482547402382
3554,1745770313.8994734,3.436001134105027e-05
3555,1745770324.044704,3.3193260605912656e-05
3556,1745770350.8329635,4.970758891431615e-05
3557,1745770369.1835134,3.070925231440924e-05
3558,1745770379.6945853,0.00013551335723605007
3559,1745770406.2276924,0.0003995243168901652
3560,1745770417.7854362,0.0008949182229116559
3561,1745770432.003326,0.0005101727438159287
3562,1745770442.6428442,0.0020386078394949436
3563,1745770454.396683,0.00010027801909018308
3564,1745770462.2143369,0.00012266165867913514
3565,1745770564.1691658,0.0006695078918710351
3566,1745770575.1595314,1.4826824553892948e-05
3567,1745770587.3647752,0.0009905168553814292
3568,1745770602.5017815,0.000208744197152555
3569,1745770627.1349242,0.00010352306708227843
3570,1745770643.6006198,1.08046497189207e-05
3571,1745770656.4962847,4.3526804802240804e-05
3572,1745770672.0936143,7.955938053783029e-05
3573,1745770681.3676383,3.413684316910803e-05
3574,1745770691.9252055,7.913177978480235e-05
3575,1745770707.753762,0.008745647966861725
3576,1745770723.4372027,5.492865602718666e-05
3577,1745770731.3487604,4.470883868634701e-05
3578,1745770758.4936464,0.00014373836165759712
3579,1745770776.9700012,0.00019348134810570627
3580,1745770794.4555619,0.0006330960313789546
3581,1745770805.2935288,0.000551766948774457
3582,1745770818.0996227,0.00010944213136099279
3583,1745770832.6314583,4.6675770136062056e-05
3584,1745770846.1661012,3.267205829615705e-05
3585,1745770858.4615746,6.339261744869873e-05
3586,1745770873.3493998,0.00013352144742384553
3587,1745770889.4295025,2.6677633286453784e-05
3588,1745770904.7197983,5.4922511480981484e-05
3589,1745770920.2488403,0.0003483296022750437
3590,1745770935.2500653,0.0004722642479464412
3591,1745770954.4951892,5.262228660285473e-05
3592,1745770972.8683817,2.31137964874506e-05
3593,1745770979.8377287,4.58780923509039e-05
3594,1745771004.7265124,5.097780376672745e-05
3595,1745771010.8872166,0.0001639796100789681
3596,1745771028.9091425,8.10390047263354e-05
3597,1745771039.2408519,9.942850010702386e-05
3598,1745771050.3634276,0.019238010048866272
3599,1745771070.7497418,2.3019261789158918e-05
3600,1745771084.6298056,4.436941890162416e-05
3601,1745771097.8688514,7.831685070414096e-05
3602,1745771120.349456,0.00015923056344036013
3603,1745771129.5262308,3.182023283443414e-05
3604,1745771150.5323315,1.9519155102898367e-05
3605,1745771167.8727703,2.2152395104058087e-05
3606,1745771177.026398,0.0001255862443940714
3607,1745771200.0021544,1.1983660442638211e-05
3608,1745771220.9154983,7.084557000780478e-05
3609,1745771240.6649308,2.8904005375807174e-05
3610,1745771252.718337,9.310773020843044e-05
3611,1745771272.4048746,3.4454144042683765e-05
3612,1745771283.9752166,0.0005447884905152023
3613,1745771295.652285,2.1679063138435595e-05
3614,1745771316.6121778,0.00010222215496469289
3615,1745771330.8379645,4.009009717265144e-05
3616,1745771344.6112819,4.48038917966187e-05
3617,1745771357.7527294,8.24988728709286e-06
3618,1745771372.0803254,5.876718205399811e-05
3619,1745771389.127633,4.7733181418152526e-05
3620,1745771399.7520182,3.5775483411271125e-05
3621,1745771417.772039,2.7803729608422145e-05
3622,1745771441.6878095,8.720371988601983e-05
3623,1745771464.875239,1.6892405255930498e-05
3624,1745771478.1073215,3.264265615143813e-05
3625,1745771497.8570092,2.3225524273584597e-05
3626,1745771519.029764,0.0025884665083140135
3627,1745771529.6666088,5.403821705840528e-05
3628,1745771548.3227234,3.1862164178164676e-05
3629,1745771562.0295289,2.766554825939238e-05
3630,1745771574.1920547,4.340990199125372e-05
3631,1745771592.2023196,4.913169686915353e-05
3632,1745771606.5505085,5.232108378550038e-05
3633,1745771619.2991993,0.0014106110902503133
3634,1745771629.3722892,4.254393570590764e-05
3635,1745771655.0276415,0.00014295931032393128
3636,1745771670.8872647,0.0002090887282975018
3637,1745771692.0325286,6.649286660831422e-05
3638,1745771713.2190046,0.00015722303942311555
3639,1745771729.1185286,0.0006681571830995381
3640,1745771738.1875205,0.00024971217499114573
3641,1745771758.384321,0.00019761167641263455
3642,1745771778.0226614,0.0004089626017957926
3643,1745771787.706077,8.522775169694796e-05
3644,1745771806.4027462,0.001798277604393661
3645,1745771814.1864595,0.00012336844520177692
3646,1745771907.0013795,1.9232029444538057e-05
3647,1745771918.1918461,2.346813926124014e-05
3648,1745771936.4348726,4.302362140151672e-05
3649,1745771956.5127125,4.100532169104554e-05
3650,1745771975.4257057,1.8110977180185728e-05
3651,1745771984.6838238,3.7789308407809585e-05
3652,1745772014.3617954,1.33264065880212e-05
3653,1745772028.869986,4.920976789435372e-05
3654,1745772042.103685,5.501374471350573e-05
3655,1745772051.1265929,0.004513871390372515
3656,1745772064.2451596,6.135887088021263e-05
3657,1745772085.7524815,4.892651122645475e-05
3658,1745772104.7146933,2.3086186047294177e-05
3659,1745772133.239138,2.8805916372220963e-05
3660,1745772148.2738092,2.9971981348353438e-05
3661,1745772160.6109014,1.3004080756218173e-05
3662,1745772173.4769619,1.376233558403328e-05
3663,1745772186.4594147,7.978927169460803e-05
3664,1745772200.0767298,0.0002506065648049116
3665,1745772210.8315396,5.3956140618538484e-05
3666,1745772227.9108317,1.639415859244764e-05
3667,1745772250.944912,1.2876784239779226e-05
3668,1745772270.1114247,1.4438505786529277e-05
3669,1745772285.1372883,4.987261490896344e-05
3670,1745772298.906515,4.165330756222829e-05
3671,1745772310.5543227,8.912482371670194e-06
3672,1745772338.30436,1.58074326463975e-05
3673,1745772353.7153976,3.0521961889462546e-05
3674,1745772369.0081558,3.1923234928399324e-05
3675,1745772382.1055315,1.6458696336485445e-05
3676,1745772396.4507217,2.679416684259195e-05
3677,1745772405.527669,1.5008212358225137e-05
3678,1745772417.6887896,0.007303662598133087
3679,1745772434.0378594,1.3388340448727831e-05
3680,1745772455.161675,2.31150788749801e-05
3681,1745772462.5506825,3.394583472982049e-05
3682,1745772479.948586,4.358340083854273e-05
3683,1745772497.132526,2.3746209990349598e-05
3684,1745772513.4123976,5.702843554900028e-05
3685,1745772527.372042,2.6110385078936815e-05
3686,1745772548.8671925,9.388006219523959e-06
3687,1745772565.462893,4.23438468715176e-05
3688,1745772577.8479338,2.0452869648579508e-05
3689,1745772593.927768,4.317832281230949e-05
3690,1745772616.4752069,2.0583327568601817e-05
3691,1745772630.1955812,3.4906559449154884e-05
3692,1745772646.0113237,1.5880510545684956e-05
3693,1745772670.0067465,1.5805322618689388e-05
3694,1745772689.9435537,4.149953383603133e-06
3695,1745772699.819296,3.294174894108437e-05
3696,1745772723.1507308,2.9535885914810933e-05
3697,1745772735.0320427,4.9713671614881605e-05
3698,1745772745.0147965,1.289753163291607e-05
3699,1745772754.979493,1.6101363144116476e-05
3700,1745772771.5389335,1.3144919648766518e-05
3701,1745772790.458318,6.184729863889515e-05
3702,1745772799.6757462,4.0252209146274254e-05
3703,1745772819.2222338,3.155042577418499e-05
3704,1745772828.716677,3.0247267204686068e-05
3705,1745772837.5827377,3.14733806590084e-05
3706,1745772851.4658098,5.190816227695905e-05
3707,1745772865.5513883,1.2516202332335524e-05
3708,1745772889.181747,0.01021482516080141
3709,1745772898.0674858,1.938895547937136e-05
3710,1745772913.0066447,2.3536755179520696e-05
3711,1745772928.5120208,2.8525728339445777e-05
3712,1745772937.781592,0.00010512331209611148
3713,1745772958.1352983,5.868097650818527e-05
3714,1745772972.1112988,0.0003776353260036558
3715,1745772988.0572858,0.00011229411757085472
3716,1745773009.3023565,0.0007150208693929017
3717,1745773029.9137483,3.212818683095975e-06
3718,1745773046.1022341,0.000137243332574144
3719,1745773057.6258245,0.00017053668852895498
3720,1745773070.7015707,5.355241592042148e-05
3721,1745773088.802371,0.00014929390454199165
3722,1745773100.1548598,2.8252923584659584e-05
3723,1745773119.6021698,0.00026596186216920614
3724,1745773141.846721,3.514364652801305e-05
3725,1745773163.9509773,3.405756433494389e-05
3726,1745773171.8824153,0.00014446847490034997
3727,1745773275.0298595,3.9320722862612456e-05
3728,1745773289.4065447,0.009253701195120811
3729,1745773308.9820392,5.2181010687490925e-05
3730,1745773320.2221324,2.5681179977254942e-05
3731,1745773333.6089373,1.916656401590444e-05
3732,1745773344.150448,3.2512056350242347e-05
3733,1745773354.9204462,2.849026714102365e-05
3734,1745773375.855327,3.9375488995574415e-05
3735,1745773386.5336444,2.9445898690028116e-05
3736,1745773409.618868,2.8226391805219464e-05
3737,1745773432.5532424,3.70622037735302e-05
3738,1745773444.181496,7.1208614826900885e-06
3739,1745773469.2244718,3.079474117839709e-05
3740,1745773491.677799,1.7895268683787435e-05
3741,1745773516.2569141,9.097948350245133e-05
3742,1745773526.8803942,1.3725896678806748e-05
3743,1745773538.5787103,1.7923399354913272e-05
3744,1745773552.7798805,5.073508873465471e-05
3745,1745773562.963531,7.180327520472929e-05
3746,1745773579.0594606,1.763851469149813e-05
3747,1745773599.162668,9.353076166007668e-05
3748,1745773615.6346784,7.0733338361606e-05
3749,1745773629.6379623,3.4996483009308577e-05
3750,1745773646.464158,5.4102471040096134e-05
3751,1745773656.7084582,3.177620601491071e-05
3752,1745773678.860758,2.9074184567434713e-05
3753,1745773686.7473552,0.009584777057170868
3754,1745773711.960308,3.754547651624307e-05
3755,1745773725.5987608,7.803265361872036e-06
3756,1745773737.8732219,3.3590031307539903e-06
3757,1745773753.0340354,0.0035219464916735888
3758,1745773766.9488068,2.22962444240693e-05
3759,1745773778.5074444,3.007075792993419e-05
3760,1745773797.2616727,1.750159754010383e-05
3761,1745773807.9436047,3.29446374962572e-05
3762,1745773823.5278244,3.5776334698311985e-05
3763,1745773851.6744797,0.00017964467406272888
3764,1745773867.661446,1.8096196072292514e-05
3765,1745773878.8011603,4.632764830603264e-05
3766,1745773896.8016984,2.7704834792530164e-05
3767,1745773914.0861347,7.460485903720837e-06
3768,1745773931.717055,6.0208916693227366e-05
3769,1745773938.4000902,7.362790347542614e-05
3770,1745773951.9823353,3.095904685324058e-05
3771,1745773968.3991868,6.780949479434639e-05
3772,1745773980.5460405,2.6832300136447884e-05
3773,1745773991.1219177,2.6553156203590333e-05
3774,1745774006.3403773,1.9073975636274554e-05
3775,1745774020.5979576,2.966962165373843e-05
3776,1745774035.937413,1.6590242012171075e-05
3777,1745774050.9698167,6.127398955868557e-05
3778,1745774062.1125662,2.954976116598118e-05
3779,1745774086.3747003,3.747643131646328e-05
3780,1745774098.3792577,1.3422845768218394e-05
3781,1745774116.9056492,1.599965435161721e-05
3782,1745774127.4413955,5.223530934017617e-06
3783,1745774143.141695,2.4060189389274456e-05
3784,1745774165.0346751,3.576701783458702e-05
3785,1745774176.724776,2.6647274353308603e-05
3786,1745774191.016772,2.492052772140596e-05
3787,1745774212.1449113,1.8558037481852807e-05
3788,1745774221.404472,2.1588444724329747e-05
3789,1745774241.414315,2.01978073164355e-05
3790,1745774260.007811,3.036007910850458e-05
3791,1745774272.015825,1.8177172023570165e-05
3792,1745774281.6079519,2.7936399419559166e-05
3793,1745774301.6743832,9.883769962470978e-06
3794,1745774326.0972247,1.1143718438688666e-05
3795,1745774334.6633272,1.4501765690511093e-05
3796,1745774369.6113894,1.5268127754097804e-05
3797,1745774383.0308003,3.727962393895723e-05
3798,1745774401.4023864,8.386375156987924e-06
3799,1745774412.409722,4.648302638088353e-05
3800,1745774434.4239483,1.8902817828347906e-05
3801,1745774445.8108857,3.868850853905315e-06
3802,1745774465.0838666,1.5394083675346337e-05
3803,1745774481.395602,1.8353723135078326e-05
3804,1745774495.4272072,1.2023471754218917e-05
3805,1745774507.3141854,1.4350969649967737e-05
3806,1745774524.3589115,6.532506085932255e-05
3807,1745774534.8533082,1.2995915312785655e-05
3808,1745774630.3466403,1.256817085959483e-05
3809,1745774647.9409487,2.8281865525059402e-05
3810,1745774665.2936707,0.0003234279283788055
3811,1745774672.9306183,6.564283830812201e-05
3812,1745774693.2104676,1.735946898406837e-05
3813,1745774714.2080927,1.7792241123970598e-05
3814,1745774737.4081042,1.2523230907390825e-05
3815,1745774754.178709,1.2218964911880903e-05
3816,1745774766.3522265,2.7138657969771884e-05
3817,1745774776.7321708,2.5714598450576887e-05
3818,1745774791.9743748,1.839903234213125e-05
3819,1745774805.011013,1.2120153769501485e-05
3820,1745774829.4495676,1.462384079786716e-05
3821,1745774839.088096,7.02682109476882e-06
3822,1745774850.384093,0.00011214387632207945
3823,1745774870.764243,0.004460829775780439
3824,1745774887.60731,1.2359836546238512e-05
3825,1745774897.5221906,1.07391924757394e-05
3826,1745774915.3851423,4.5529031922342256e-05
3827,1745774929.5119064,1.2660919310292229e-05
3828,1745774947.7245958,2.7997208235319704e-05
3829,1745774963.7046366,8.363597771676723e-06
3830,1745774980.594989,2.889393363147974e-05
3831,1745774989.8487117,1.1128153346362524e-05
3832,1745775008.3051472,1.3652520465257112e-05
3833,1745775025.4173212,3.365093289176002e-05
3834,1745775037.365685,2.4493418095516972e-05
3835,1745775050.868896,1.6194439012906514e-05
3836,1745775068.3517177,1.9397417418076657e-05
3837,1745775081.5207078,3.607694816309959e-05
3838,1745775093.5959804,2.3647833586437628e-05
3839,1745775105.3819084,2.923033753177151e-05
3840,1745775126.8984406,1.480255104979733e-05
3841,1745775144.3842008,1.9938619516324252e-05
3842,1745775163.981108,0.0016865030629560351
3843,1745775177.0482686,2.2782523956266232e-05
3844,1745775194.260555,3.1630548619432375e-05
3845,1745775212.0810862,1.041514133248711e-05
3846,1745775226.2931805,1.2608183169504628e-05
3847,1745775235.0699964,7.884111255407333e-06
3848,1745775250.876811,1.2205376151541714e-05
3849,1745775264.38456,4.1837924072751775e-05
3850,1745775286.0971427,9.370856787427329e-06
3851,1745775302.9074683,2.1597246814053506e-05
3852,1745775317.4905093,2.189430051657837e-05
3853,1745775329.5916266,4.495104440138675e-05
3854,1745775341.9825056,2.323050648556091e-05
3855,1745775362.3892171,8.023511327337474e-06
3856,1745775379.1240897,0.00010725219181040302
3857,1745775387.798546,5.856553798366804e-06
3858,1745775407.2937884,1.1979129340033978e-05
3859,1745775422.0787077,2.20849433389958e-05
3860,1745775429.0032513,2.248236160085071e-05
3861,1745775449.605997,1.9573963072616607e-05
3862,1745775456.9645157,8.140920726873446e-06
3863,1745775485.6632204,2.3213980966829695e-05
3864,1745775496.5497162,3.0888451874488965e-05
3865,1745775507.6632924,1.3645102626469452e-05
3866,1745775524.9873319,1.6801255696918815e-05
3867,1745775539.594687,0.00012257343041710556
3868,1745775558.2986765,7.489130894100526e-06
3869,1745775568.77474,6.212588232301641e-06
3870,1745775584.0478132,2.3214077373268083e-05
3871,1745775597.7791042,7.165527676988859e-06
3872,1745775612.2139328,2.319645500392653e-05
3873,1745775627.4466043,8.898915439203847e-06
3874,1745775644.0482934,7.079926035657991e-06
3875,1745775659.8508775,3.1659608794143423e-05
3876,1745775669.9314137,1.0929145901172888e-05
3877,1745775691.3533058,2.8791437216568738e-05
3878,1745775706.4626188,2.6644773242878728e-05
3879,1745775719.816947,5.4590520448982716e-05
3880,1745775737.24492,1.099857490771683e-05
3881,1745775752.336,4.039282794110477e-05
3882,1745775763.324325,2.6814397642738186e-05
3883,1745775782.6573596,2.4583609047112986e-05
3884,1745775792.229569,1.3657062481797766e-05
3885,1745775812.0597632,6.9928432822052855e-06
3886,1745775832.5684075,1.3078458323434461e-05
3887,1745775843.9321063,1.706556577119045e-05
3888,1745775847.7627854,5.761645661550574e-05
3889,1745775957.2030513,5.2954204875277355e-05
3890,1745775983.2643282,1.2700975275947712e-05
3891,1745776009.5495334,2.8775120881618932e-05
3892,1745776036.7240858,2.3283793780137785e-05
3893,1745776064.4957252,3.2131920306710526e-05
3894,1745776093.0661318,1.8478111087461002e-05
3895,1745776127.6680052,1.3595591553894337e-05
3896,1745776159.0605984,1.894745037134271e-05
3897,1745776190.6574388,1.094891740649473e-05
3898,1745776199.951282,1.2740467354888096e-05
3899,1745776231.0325499,1.1157406333950348e-05
3900,1745776259.830147,2.196289278799668e-05
3901,1745776288.5564768,5.5123014135460835e-06
3902,1745776324.6077015,1.7579224731889553e-05
3903,1745776354.5340972,2.0094030332984403e-05
3904,1745776386.1746063,0.007045819889754057
3905,1745776415.6677349,8.228989827330224e-06
3906,1745776449.114131,1.3154215594113339e-05
3907,1745776474.6444101,9.285002306569368e-06
3908,1745776490.4845383,2.2485841327579692e-05
3909,1745776516.2137353,6.847556960565271e-06
3910,1745776542.310555,1.421486467734212e-05
3911,1745776571.6423469,2.1675457901437767e-05
3912,1745776600.689266,8.959371371020097e-06
3913,1745776628.1702726,9.56281837716233e-06
3914,1745776656.2312765,1.6238642274402082e-05
3915,1745776683.3006392,1.9924715161323547e-05
3916,1745776711.441557,1.7958485841518268e-05
3917,1745776747.0099556,1.5690709915361367e-05
3918,1745776778.8359172,2.5786965125007555e-05
3919,1745776795.0171578,1.7882468455354683e-05
3920,1745776822.6398647,1.8490432921680622e-05
3921,1745776851.798698,4.56580210084212e-06
3922,1745776883.2962406,2.0390381905599497e-05
3923,1745776910.9302251,2.2575051843887195e-05
3924,1745776928.7756622,0.002710613887757063
3925,1745776953.5440753,2.357613448111806e-05
3926,1745776984.7356358,2.426256105536595e-05
3927,1745777017.8109674,1.4930547877156641e-05
3928,1745777052.0072289,1.7535932784085162e-05
3929,1745777078.1734748,2.4842458515195176e-05
3930,1745777087.1938734,7.865535735618323e-06
3931,1745777110.6165996,1.7037302313838154e-05
3932,1745777128.564633,1.6169631635420956e-05
3933,1745777148.2109363,1.5809464457561262e-05
3934,1745777178.1757085,1.874868576123845e-05
3935,1745777186.6462753,1.833648821047973e-05
3936,1745777205.7702105,2.0161669453955255e-05
3937,1745777227.683031,0.005423888564109802
3938,1745777255.769932,1.204388536280021e-05
3939,1745777270.6974812,2.0975996449124068e-05
3940,1745777291.5285237,4.087216075276956e-05
3941,1745777315.7448304,2.274768667120952e-05
3942,1745777334.4201448,4.81816241517663e-05
3943,1745777351.406992,2.3230559236253612e-05
3944,1745777372.9078476,2.7749312721425667e-05
3945,1745777393.4992273,0.00012550802784971893
3946,1745777420.4242053,4.3085321522084996e-05
3947,1745777437.831522,0.0001569083979120478
3948,1745777455.1993015,0.00017066957661882043
3949,1745777476.6148312,0.00010331478551961482
3950,1745777503.9794185,0.01074512954801321
3951,1745777526.3485591,0.0002239162422483787
3952,1745777549.000139,3.48607572959736e-05
3953,1745777566.3099654,1.482338393543614e-05
3954,1745777587.3545864,1.6628506273264065e-05
3955,1745777612.5948284,1.8946395357488655e-05
3956,1745777633.497338,1.0241528798360378e-05
3957,1745777644.3823543,4.325252120906953e-06
3958,1745777670.3766072,7.487531092920108e-06
3959,1745777685.0525413,9.70785094978055e-06
3960,1745777703.8812268,4.424268627190031e-05
3961,1745777724.3132544,4.981818165106233e-06
3962,1745777747.063579,1.4590490536647849e-05
3963,1745777768.9039378,7.315489347092807e-05
3964,1745777784.827313,7.877188181737438e-05
3965,1745777812.1728792,4.089744470547885e-05
3966,1745777840.13176,0.00020551111083477736
3967,1745777860.1693373,6.457330891862512e-05
3968,1745777880.769206,4.601493492373265e-05
3969,1745777888.8726742,2.723303077800665e-05
3970,1745778064.502615,5.005259299650788e-05
3971,1745778084.4509656,0.0002347382833249867
3972,1745778105.5568268,5.881113247596659e-05
3973,1745778130.2620907,9.426053293282166e-05
3974,1745778141.8101163,2.7044205126003362e-05
3975,1745778164.5780914,5.498940936377039e-06
3976,1745778186.4246352,3.972483318648301e-05
3977,1745778207.356235,1.647761200729292e-05
3978,1745778231.9746616,9.606482308299746e-06
3979,1745778252.3237114,4.5752782170893624e-05
3980,1745778267.1862442,5.57139610464219e-05
3981,1745778295.0454879,4.38887691416312e-05
3982,1745778320.7478766,4.8110192437889054e-05
3983,1745778345.5974011,1.7537899111630395e-05
3984,1745778377.5176094,0.00018646284297574311
3985,1745778400.5064673,3.8627877074759454e-05
3986,1745778424.1909442,2.245089490315877e-05
3987,1745778442.5228758,1.2588004210556392e-05
3988,1745778462.1295621,1.2474989489419386e-05
3989,1745778482.921014,4.3778323743026704e-05
3990,1745778501.5063279,8.500568583258428e-06
3991,1745778526.5427525,1.286729548155563e-05
3992,1745778539.5680718,4.128225555177778e-05
3993,1745778557.2489567,3.1688607577962102e-06
3994,1745778580.0685935,2.2370721126208082e-05
3995,1745778595.3129387,5.922267973801354e-06
3996,1745778619.0475326,1.827211963245645e-05
3997,1745778640.571779,1.7566702808835544e-05
3998,1745778662.099575,1.0387062502559274e-05
3999,1745778682.2696505,1.0676333658921067e-05
4000,1745778702.270288,5.9366484492784366e-05
4001,1745778726.445481,1.9503102521412075e-05
4002,1745778747.8181715,8.52818902785657e-06
4003,1745778773.2921696,1.781442915671505e-05
4004,1745778800.0833812,2.2070680643082596e-05
4005,1745778823.2925792,3.089696110691875e-05
4006,1745778851.7103364,7.330529570026556e-06
4007,1745778867.2309344,9.192245670419652e-06
4008,1745778879.8235984,4.7067915147636086e-06
4009,1745778903.8753388,6.854813364043366e-06
4010,1745778933.9290473,1.1574395102798007e-05
4011,1745778963.1959162,1.21502225738368e-05
4012,1745778985.2989757,1.5465177057194524e-05
4013,1745779012.181541,1.9475515728117898e-05
4014,1745779034.6188786,1.4830200598225929e-05
4015,1745779043.9868922,1.0450237823533826e-05
4016,1745779070.4955711,1.608524689800106e-05
4017,1745779086.6650531,1.609456739970483e-05
4018,1745779105.9965088,5.320585387380561e-06
4019,1745779127.104645,0.006336629390716553
4020,1745779145.9865923,1.2580383554450236e-05
4021,1745779165.9217582,2.4621389457024634e-05
4022,1745779187.3639414,7.37120644771494e-05
4023,1745779212.2381566,0.00013379455776885152
4024,1745779230.851144,0.0001460518251406029
4025,1745779251.6752076,8.017580694286153e-05
4026,1745779272.5462618,0.0003794401418417692
4027,1745779295.079563,0.00018871473730541766
4028,1745779316.3892782,0.006934507749974728
4029,1745779342.8570483,0.00012709737347904593
4030,1745779362.1373048,0.00012271804735064507
4031,1745779380.9245913,0.0001869190891738981
4032,1745779400.1922412,9.886537009151652e-05
4033,1745779419.0098264,4.935117613058537e-05
4034,1745779440.7625206,6.68503125780262e-05
4035,1745779465.870546,2.8663340344792232e-05
4036,1745779487.5542805,5.241121834842488e-05
4037,1745779508.2194254,2.1159774405532517e-05
4038,1745779526.3119922,2.7509180654305965e-05
4039,1745779549.0473967,2.0570629203575663e-05
4040,1745779578.551175,2.0728162780869752e-05
4041,1745779608.143953,2.4388344172621146e-05
4042,1745779619.927509,5.48580874237814e-06
4043,1745779639.2875369,2.8938657123944722e-05
4044,1745779660.8613691,4.9818208935903385e-05
4045,1745779684.798513,2.539140587032307e-05
4046,1745779710.2106361,4.4071271986467764e-05
4047,1745779725.684715,2.9054226615699008e-05
4048,1745779757.468719,2.4930301151471213e-05
4049,1745779771.7768655,3.8614565710304305e-05
4050,1745779779.950795,7.832787377992645e-05
