step,wall_time,value
1,1748026690.533665,0.6802948713302612
2,1748026694.5696461,0.688994288444519
3,1748026701.7768362,0.6827208399772644
4,1748026708.2363958,0.697293758392334
5,1748026711.8714328,0.6928609609603882
6,1748026716.2588367,0.6827243566513062
7,1748026721.23771,0.6808837652206421
8,1748026728.715809,0.6828204989433289
9,1748026735.6054661,0.6650027632713318
10,1748026739.8911843,0.669493556022644
11,1748026743.012788,0.6666500568389893
12,1748026747.7918477,0.6403114795684814
13,1748026750.0290787,0.6330727338790894
14,1748026755.326241,0.6329595446586609
15,1748026761.3526967,0.6432894468307495
16,1748026768.4792447,0.6534607410430908
17,1748026771.832925,0.6020412445068359
18,1748026776.4906697,0.5965393781661987
19,1748026783.7281785,0.5610077381134033
20,1748026787.932646,0.6201504468917847
21,1748026794.0677655,0.5506836771965027
22,1748026802.6520083,0.6033114790916443
23,1748026808.0126715,0.5948666930198669
24,1748026815.0236075,0.6269940137863159
25,1748026819.0045023,0.6292378902435303
26,1748026823.9107049,0.5274101495742798
27,1748026827.6527932,0.4998705983161926
28,1748026832.5817406,0.6286494731903076
29,1748026837.2032106,0.5043842792510986
30,1748026843.4297373,0.5695222616195679
31,1748026845.8174708,0.5366928577423096
32,1748026851.2110956,0.515601634979248
33,1748026854.7933047,0.508793294429779
34,1748026861.6825964,0.5345722436904907
35,1748026865.8404322,0.41884467005729675
36,1748026868.5347455,0.5318472385406494
37,1748026873.6241012,0.46039414405822754
38,1748026879.653655,0.47779446840286255
39,1748026884.8241382,0.4041357934474945
40,1748026890.596311,0.4541575312614441
41,1748026895.3714013,0.47134655714035034
42,1748026903.9150884,0.42506760358810425
43,1748026910.803584,0.3717288374900818
44,1748026914.707935,0.6326409578323364
45,1748026919.037899,0.38410672545433044
46,1748026926.8964927,0.5698738098144531
47,1748026931.39043,0.3971589207649231
48,1748026936.2971275,0.5547972917556763
49,1748026940.9214964,0.49940991401672363
50,1748026948.3087966,0.4351496696472168
51,1748026953.5337646,0.4025269150733948
52,1748026959.3116963,0.5721761584281921
53,1748026963.1369624,0.43683528900146484
54,1748026968.7445312,0.5210171937942505
55,1748026973.2415488,0.34992438554763794
56,1748026977.037701,0.466317355632782
57,1748026983.1626925,0.36182838678359985
58,1748026986.3901234,0.37253910303115845
59,1748026991.5153012,0.3605825901031494
60,1748026995.901222,0.2665795087814331
61,1748026999.4169767,0.3052232265472412
62,1748027008.6088045,0.33288395404815674
63,1748027014.0936968,0.2631179690361023
64,1748027022.215302,0.41255125403404236
65,1748027026.5550263,0.43811267614364624
66,1748027031.6768787,0.3980211913585663
67,1748027036.5174618,0.2732919156551361
68,1748027041.9104826,0.3372820317745209
69,1748027046.0678818,0.2383693903684616
70,1748027051.6242697,0.33176618814468384
71,1748027057.137175,0.4213188886642456
72,1748027061.8873148,0.3347231149673462
73,1748027068.2178862,0.3498520255088806
74,1748027071.9257329,0.25958606600761414
75,1748027077.5537403,0.16951990127563477
76,1748027082.8288043,0.39324134588241577
77,1748027086.8354323,0.20381681621074677
78,1748027093.1735055,0.22821645438671112
79,1748027097.4707298,0.28152912855148315
80,1748027100.963581,0.4150867462158203
81,1748027105.9482954,0.27929696440696716
82,1748027111.2460372,0.3391488492488861
83,1748027115.5418088,0.19286751747131348
84,1748027122.3087099,0.32351064682006836
85,1748027130.361081,0.26452213525772095
86,1748027135.7318146,0.4362838864326477
87,1748027142.1698973,0.17605112493038177
88,1748027151.3506327,0.17244139313697815
89,1748027155.412113,0.2439543455839157
90,1748027159.949394,0.3349706828594208
91,1748027164.8121264,0.3959546685218811
92,1748027170.0517929,0.31321272253990173
93,1748027174.907209,0.7657136917114258
94,1748027180.2919378,0.24358272552490234
95,1748027185.0034406,0.28644928336143494
96,1748027188.6140583,0.331224650144577
97,1748027192.8521013,0.2500283718109131
98,1748027196.4068222,0.3341570794582367
99,1748027201.7069514,0.37691327929496765
100,1748027206.879243,0.27933740615844727
101,1748027211.05049,0.19943100214004517
102,1748027216.4275732,0.3771491050720215
103,1748027221.1333325,0.2032480239868164
104,1748027226.7638414,0.806827962398529
105,1748027232.1128008,0.3875216245651245
106,1748027237.4193838,0.23794111609458923
107,1748027244.4838386,0.2569257616996765
108,1748027249.6860802,0.26549920439720154
109,1748027253.6591115,0.200469970703125
110,1748027258.0414276,0.21266601979732513
111,1748027262.7704108,0.6262128353118896
112,1748027267.0644104,0.1333935409784317
113,1748027273.481648,0.2875874936580658
114,1748027279.3514981,0.13531067967414856
115,1748027283.2095845,0.22019347548484802
116,1748027284.901765,0.14152613282203674
117,1748027374.103725,0.09814475476741791
118,1748027380.2117367,0.5424160957336426
119,1748027384.7035005,0.9576897621154785
120,1748027388.452379,0.20854774117469788
121,1748027393.250299,0.14213207364082336
122,1748027399.0529897,0.370208203792572
123,1748027408.7977543,0.4353116452693939
124,1748027413.2181506,0.21610873937606812
125,1748027416.786231,0.08676975220441818
126,1748027421.3211906,0.346966028213501
127,1748027425.7274919,0.22484126687049866
128,1748027429.3147013,0.44196248054504395
129,1748027436.445662,0.12638753652572632
130,1748027441.883403,0.28583425283432007
131,1748027449.2602935,0.17751531302928925
132,1748027453.5246518,0.30311819911003113
133,1748027457.0829296,0.39650365710258484
134,1748027463.243112,0.1697409600019455
135,1748027466.8482509,0.18401142954826355
136,1748027472.1416755,0.2804535925388336
137,1748027477.461926,0.17340628802776337
138,1748027483.879839,0.37013697624206543
139,1748027488.754478,0.3125445544719696
140,1748027492.7848113,0.16432833671569824
141,1748027498.6331594,0.0958104133605957
142,1748027502.8152812,0.4119165539741516
143,1748027507.6872435,0.20690828561782837
144,1748027511.8553717,0.15468023717403412
145,1748027520.2575943,0.32120370864868164
146,1748027524.184164,0.19080542027950287
147,1748027531.3019297,0.09238767623901367
148,1748027535.7885447,0.2984841465950012
149,1748027542.172272,0.1343078911304474
150,1748027548.045151,0.1528070867061615
151,1748027555.2025828,0.271119624376297
152,1748027560.546718,0.2589477300643921
153,1748027565.4426596,0.3434986472129822
154,1748027570.2082698,0.10115566104650497
155,1748027576.268473,0.08785627782344818
156,1748027580.5358377,0.07055637240409851
157,1748027584.211537,0.11546657979488373
158,1748027589.6618025,0.2397526204586029
159,1748027595.3816383,0.30131399631500244
160,1748027599.9034507,0.3532099425792694
161,1748027607.2094917,0.36327680945396423
162,1748027612.637494,0.12655669450759888
163,1748027618.6777678,0.13905999064445496
164,1748027623.9838352,0.4015727639198303
165,1748027629.1112504,0.3643847405910492
166,1748027633.679216,0.6994454264640808
167,1748027642.3437476,0.3258126676082611
168,1748027649.7465062,0.21852213144302368
169,1748027654.0663657,0.13382890820503235
170,1748027657.8016875,0.23992979526519775
171,1748027666.9966497,0.17669197916984558
172,1748027672.4261675,0.3975856304168701
173,1748027678.3980253,0.021153299137949944
174,1748027683.4568186,0.10285075753927231
175,1748027687.6034138,1.6366794109344482
176,1748027693.5232193,0.06246774643659592
177,1748027698.414618,0.3971904516220093
178,1748027705.2226226,0.2612075209617615
179,1748027712.3186905,0.35172149538993835
180,1748027717.0112858,0.2716442346572876
181,1748027720.5557644,0.31305795907974243
182,1748027725.1828446,0.1500517576932907
183,1748027730.7439916,0.28957346081733704
184,1748027736.7616303,0.46540284156799316
185,1748027741.7148075,0.22514460980892181
186,1748027750.4709234,0.2926556468009949
187,1748027756.3067346,0.22003519535064697
188,1748027761.221808,0.2724766135215759
189,1748027766.6054645,0.1857137531042099
190,1748027775.5346248,0.3709186315536499
191,1748027784.3177884,0.3815593719482422
192,1748027791.013601,0.3167281746864319
193,1748027795.5734391,0.08543705940246582
194,1748027800.8420055,0.1697099208831787
195,1748027806.883533,0.1072528213262558
196,1748027812.1854093,0.250221312046051
197,1748027818.8607757,0.08232439309358597
198,1748027822.6373262,0.2742782235145569
199,1748027828.2080173,0.35079145431518555
200,1748027833.5814188,0.8271562457084656
201,1748027837.6582572,0.18971693515777588
202,1748027844.6935868,0.5177459716796875
203,1748027851.0990827,0.7312968969345093
204,1748027856.5408843,0.421872079372406
205,1748027861.9120765,0.23352384567260742
206,1748027865.5182142,0.5065553188323975
207,1748027871.5225923,0.303085595369339
208,1748027877.7081857,0.2558242380619049
209,1748027884.789219,0.6425724029541016
210,1748027887.5407395,0.3836246430873871
211,1748027892.1815014,0.3592529892921448
212,1748027899.4348307,0.29191693663597107
213,1748027905.513444,0.3604552745819092
214,1748027909.390176,0.04737238585948944
215,1748027916.8419356,0.40129172801971436
216,1748027922.5103724,0.3603098392486572
217,1748027927.5510902,0.19970998167991638
218,1748027931.6504483,0.07773034274578094
219,1748027938.5981305,0.21421174705028534
220,1748027942.9914978,0.6253149509429932
221,1748027949.0494244,0.2553853392601013
222,1748027952.9979753,0.2847312092781067
223,1748027959.0336623,0.15393900871276855
224,1748027963.09766,0.61631840467453
225,1748027970.1249382,0.20514965057373047
226,1748027976.0993884,0.16232874989509583
227,1748027980.4524424,0.21860939264297485
228,1748027987.1358342,0.2422294318675995
229,1748027993.6571903,0.3601444959640503
230,1748027997.1066961,0.2666209638118744
231,1748028001.8766448,0.1369236409664154
232,1748028005.1073422,0.23987092077732086
233,1748028080.2023513,0.3077790141105652
234,1748028083.744165,0.2851746082305908
235,1748028090.84319,0.12793460488319397
236,1748028094.4539735,0.22175148129463196
237,1748028099.7398553,0.10220153629779816
238,1748028105.6968403,0.1712382733821869
239,1748028110.8921661,0.1310741901397705
240,1748028116.5630736,0.06729426234960556
241,1748028121.429477,0.0884379893541336
242,1748028126.003333,0.0927891656756401
243,1748028130.8224711,0.16442152857780457
244,1748028134.948335,0.11534559726715088
245,1748028139.9592166,0.6526163816452026
246,1748028144.70348,0.07726606726646423
247,1748028148.9610944,0.41520410776138306
248,1748028153.5034635,0.3371700942516327
249,1748028157.907491,0.14177371561527252
250,1748028161.9211042,0.062447212636470795
251,1748028167.3390143,0.2672538757324219
252,1748028173.2769206,0.22742055356502533
253,1748028179.3435535,0.24287208914756775
254,1748028183.002018,0.13173849880695343
255,1748028187.8438647,0.1606239378452301
256,1748028193.0047388,0.2051822990179062
257,1748028199.0709922,0.18793772161006927
258,1748028202.254912,0.09652131795883179
259,1748028208.2963603,0.09357242286205292
260,1748028213.1840496,0.3805689513683319
261,1748028218.2810414,0.3695688247680664
262,1748028225.370325,0.06478632986545563
263,1748028230.9034312,0.08858891576528549
264,1748028235.0407872,0.12331891059875488
265,1748028238.9859505,0.0942307710647583
266,1748028243.9934692,0.13546323776245117
267,1748028249.1303132,0.321570485830307
268,1748028253.431295,0.20671693980693817
269,1748028258.08309,0.2283877581357956
270,1748028262.0663457,0.46107327938079834
271,1748028268.3636527,0.1300845444202423
272,1748028272.0776453,0.074760302901268
273,1748028277.0544763,0.15390954911708832
274,1748028282.3967285,0.11618642508983612
275,1748028286.5152526,0.042691729962825775
276,1748028295.1207876,0.3955002427101135
277,1748028302.7349749,0.04867793619632721
278,1748028309.5277462,0.35224711894989014
279,1748028313.4704719,0.07697030901908875
280,1748028321.403768,0.13778580725193024
281,1748028326.1441984,0.3863886296749115
282,1748028330.283107,0.14702343940734863
283,1748028335.9247487,0.10235802829265594
284,1748028341.0657244,0.06596903502941132
285,1748028346.5398822,0.2792920470237732
286,1748028353.9598327,0.1254209727048874
287,1748028359.763992,0.11176880449056625
288,1748028363.703065,0.11815443634986877
289,1748028367.3111305,0.1333167850971222
290,1748028372.9491313,0.08045971393585205
291,1748028378.5637639,0.16253875195980072
292,1748028383.7020698,0.022987496107816696
293,1748028390.4778707,0.18059490621089935
294,1748028397.3315005,0.2600853443145752
295,1748028403.6484056,0.31101176142692566
296,1748028409.6753876,0.281503826379776
297,1748028416.0986857,0.31771060824394226
298,1748028421.7097728,0.20195817947387695
299,1748028426.0821648,0.31939613819122314
300,1748028432.6536298,0.13780705630779266
301,1748028439.799182,0.4572882354259491
302,1748028445.9729118,0.33554530143737793
303,1748028451.3125353,0.407357394695282
304,1748028456.3574784,0.1759294718503952
305,1748028463.3105364,0.09589125216007233
306,1748028467.0912585,0.13696767389774323
307,1748028472.7536483,0.3275218605995178
308,1748028476.7743735,0.21928104758262634
309,1748028482.8260546,0.23804853856563568
310,1748028488.8241,0.14866694808006287
311,1748028496.117156,0.2154936045408249
312,1748028501.275294,0.11156510561704636
313,1748028507.869635,0.025486815720796585
314,1748028511.6247826,0.2494538426399231
315,1748028516.8032591,0.06316155195236206
316,1748028523.7990668,0.33164840936660767
317,1748028529.471755,0.023510193452239037
318,1748028535.6484895,0.10068975389003754
319,1748028540.071175,0.09140148013830185
320,1748028546.1817353,0.04091848060488701
321,1748028552.3475614,0.1306471824645996
322,1748028558.031273,0.11553281545639038
323,1748028562.139117,0.07460439950227737
324,1748028567.9204357,0.033005669713020325
325,1748028572.2181406,0.21511909365653992
326,1748028577.9476209,0.3593674302101135
327,1748028582.2136087,0.15209072828292847
328,1748028587.0520937,0.04594888538122177
329,1748028590.330438,0.08851532638072968
330,1748028595.3495526,0.6694873571395874
331,1748028601.3936417,0.23269891738891602
332,1748028610.428702,0.6170057654380798
333,1748028615.5605524,0.1822170615196228
334,1748028620.268258,0.5078257322311401
335,1748028625.515286,0.6938835382461548
336,1748028631.0554123,0.49577826261520386
337,1748028634.6034145,0.07568953931331635
338,1748028639.1158078,0.2245849370956421
339,1748028643.7574966,0.3444327712059021
340,1748028648.7507942,0.8986596465110779
341,1748028654.076131,0.30608850717544556
342,1748028658.3514066,0.25028184056282043
343,1748028663.710436,0.5190664529800415
344,1748028669.801553,0.4104073941707611
345,1748028674.1020143,0.5935652256011963
346,1748028679.928019,0.40046951174736023
347,1748028686.8679628,0.42014551162719727
348,1748028689.3462343,0.2819564640522003
349,1748028770.9398305,0.1307435780763626
350,1748028777.6030967,0.1738108992576599
351,1748028785.0250304,0.20455265045166016
352,1748028790.0082023,0.1268269270658493
353,1748028794.5957866,0.18001990020275116
354,1748028801.7166874,0.7420157194137573
355,1748028807.7921226,0.1487111747264862
356,1748028813.9005075,0.16601547598838806
357,1748028818.942548,0.21301601827144623
358,1748028824.3811762,0.2211143970489502
359,1748028827.2902508,0.354124516248703
360,1748028833.3839202,0.22512483596801758
361,1748028838.4094203,0.12652288377285004
362,1748028845.0729902,0.21800494194030762
363,1748028850.4834237,0.19992074370384216
364,1748028855.9600956,0.18281731009483337
365,1748028859.1294317,0.059814758598804474
366,1748028862.8397217,0.1375323385000229
367,1748028868.6120157,0.14382439851760864
368,1748028873.971349,0.11987810581922531
369,1748028880.6561859,0.1344297230243683
370,1748028886.643344,0.5346102714538574
371,1748028892.8682325,0.47663021087646484
372,1748028897.8195574,0.16915446519851685
373,1748028902.5746586,0.2690461277961731
374,1748028909.0604992,0.2721937894821167
375,1748028916.5636518,0.30926477909088135
376,1748028922.2121105,0.16775226593017578
377,1748028926.604296,0.1408521831035614
378,1748028931.4557242,0.30710893869400024
379,1748028936.2290585,0.15176162123680115
380,1748028942.2863457,0.31655651330947876
381,1748028946.106022,0.05120595544576645
382,1748028951.4045374,0.14911188185214996
383,1748028955.8036337,0.18441621959209442
384,1748028961.3213553,0.09131478518247604
385,1748028968.1159158,0.38409289717674255
386,1748028972.9327989,0.23581013083457947
387,1748028975.9660285,0.24289199709892273
388,1748028982.1538863,0.29360419511795044
389,1748028987.517987,0.34737104177474976
390,1748028990.4726167,0.19142435491085052
391,1748028994.6179109,0.2041727751493454
392,1748028998.4112155,0.12273374199867249
393,1748029003.1172457,0.18270546197891235
394,1748029006.047953,0.3497316241264343
395,1748029011.2400174,0.10681387782096863
396,1748029016.2701418,0.3752238154411316
397,1748029020.1069224,0.1456180065870285
398,1748029024.7148626,0.061231158673763275
399,1748029029.422664,0.3476465940475464
400,1748029035.7144902,0.08589886873960495
401,1748029039.632204,0.1668035387992859
402,1748029043.5639768,0.06312991678714752
403,1748029050.098965,0.12373971939086914
404,1748029056.3734903,0.2908157706260681
405,1748029060.1610177,0.4438413381576538
406,1748029065.9443784,0.24599073827266693
407,1748029072.359013,0.06592993438243866
408,1748029077.8940196,0.3445156216621399
409,1748029083.2399676,0.06747475266456604
410,1748029090.042575,0.20853738486766815
411,1748029094.8493268,0.13731442391872406
412,1748029100.244006,0.08398719877004623
413,1748029106.5531123,0.04043460637331009
414,1748029112.0161045,0.06406667828559875
415,1748029116.6062725,0.16449391841888428
416,1748029124.533636,0.16741999983787537
417,1748029131.5333512,0.08139465749263763
418,1748029136.7069674,0.1245737299323082
419,1748029142.4515328,0.09322737157344818
420,1748029149.1241167,0.05919216200709343
421,1748029155.4020824,0.13751673698425293
422,1748029163.7899363,0.2451896071434021
423,1748029169.319643,0.26943814754486084
424,1748029175.6845882,0.16952544450759888
425,1748029179.6669552,0.23772290349006653
426,1748029183.4968688,0.167997345328331
427,1748029188.141602,0.35920843482017517
428,1748029193.018862,0.32621002197265625
429,1748029197.9844325,0.21480756998062134
430,1748029203.8127022,0.1812225580215454
431,1748029210.2597692,0.18291209638118744
432,1748029214.717809,0.17795442044734955
433,1748029217.2884996,0.21509067714214325
434,1748029222.5173867,0.10494260489940643
435,1748029227.7078283,0.5190945863723755
436,1748029233.3618846,0.13485607504844666
437,1748029240.664607,0.09461621940135956
438,1748029247.315529,0.11298885196447372
439,1748029252.2691846,0.05613138899207115
440,1748029256.4779267,0.17603962123394012
441,1748029262.051053,0.37342196702957153
442,1748029270.627533,0.13065771758556366
443,1748029275.005454,0.044363390654325485
444,1748029279.3718462,0.27481961250305176
445,1748029285.0354264,0.07392749190330505
446,1748029291.6300757,0.43911489844322205
447,1748029296.8044097,0.22070032358169556
448,1748029301.6756966,0.2059556245803833
449,1748029306.1773872,0.13920781016349792
450,1748029309.9695356,0.03060607612133026
451,1748029317.4823928,0.24670273065567017
452,1748029320.6669228,0.32158389687538147
453,1748029326.582659,0.19114315509796143
454,1748029331.9669776,0.18170678615570068
455,1748029336.9098063,0.08784173429012299
456,1748029340.2450736,0.1750190109014511
457,1748029345.650435,0.06818842142820358
458,1748029351.6852267,0.22150425612926483
459,1748029357.9321523,0.3616991639137268
460,1748029365.1293612,0.28729066252708435
461,1748029369.2627504,0.14443589746952057
462,1748029376.6777854,0.04357300326228142
463,1748029382.903422,0.27561813592910767
464,1748029383.9513078,0.0017759893089532852
465,1748029467.6354287,0.1441432386636734
466,1748029473.8500063,0.05568202584981918
467,1748029478.8220272,0.021877333521842957
468,1748029483.1448896,0.22974196076393127
469,1748029486.1878572,0.05651990324258804
470,1748029491.7562757,0.08703269809484482
471,1748029497.7079897,0.08179665356874466
472,1748029502.108265,0.06558122485876083
473,1748029505.4973,0.18069545924663544
474,1748029511.0886784,0.08650010079145432
475,1748029513.6559718,0.009854222647845745
476,1748029517.6474085,0.19296710193157196
477,1748029521.7609372,0.13710527122020721
478,1748029526.1047947,0.06919565796852112
479,1748029532.1314027,0.11581762135028839
480,1748029537.3057704,0.12965121865272522
481,1748029542.583108,0.2675246596336365
482,1748029548.0913565,0.08284901827573776
483,1748029555.2365322,0.021426144987344742
484,1748029559.7368784,0.06451666355133057
485,1748029565.3634949,0.24417023360729218
486,1748029570.9364603,0.3417215049266815
487,1748029575.8379307,0.3126426935195923
488,1748029579.7653203,0.0889945849776268
489,1748029584.5371046,0.17474764585494995
490,1748029591.3619142,0.3469707667827606
491,1748029596.8086722,0.032526012510061264
492,1748029600.519491,0.07898060977458954
493,1748029604.3606899,0.1412317156791687
494,1748029611.1006603,0.11660689115524292
495,1748029617.443396,0.11579202115535736
496,1748029622.2336664,0.07878628373146057
497,1748029625.7157927,0.03143081068992615
498,1748029631.033436,0.21585944294929504
499,1748029635.1882594,0.15140725672245026
500,1748029645.218813,0.3125336766242981
501,1748029652.3667154,0.2309875190258026
502,1748029656.076426,0.011293528601527214
503,1748029659.8119748,0.22750505805015564
504,1748029665.8548794,0.1977996528148651
505,1748029670.912551,0.01763177663087845
506,1748029674.992346,0.34486839175224304
507,1748029680.7775497,0.03802606090903282
508,1748029686.4719834,0.014866127632558346
509,1748029693.631964,0.4903167486190796
510,1748029699.3879197,0.3551570177078247
511,1748029703.177932,0.08684545755386353
512,1748029707.1890996,0.12221398204565048
513,1748029711.2563334,0.04022688418626785
514,1748029717.989449,0.06566384434700012
515,1748029724.8243227,0.32380032539367676
516,1748029731.0838962,0.30868884921073914
517,1748029736.602888,0.17806610465049744
518,1748029742.4624653,0.3256340026855469
519,1748029748.1632764,0.2948310971260071
520,1748029753.886733,0.08342593908309937
521,1748029759.6326935,0.13060984015464783
522,1748029765.5552394,0.3837491273880005
523,1748029769.584808,0.31268730759620667
524,1748029775.0254526,0.23211929202079773
525,1748029779.1302974,0.459408700466156
526,1748029786.0181322,0.29343658685684204
527,1748029791.1672256,0.1396009922027588
528,1748029795.3503401,0.2232702076435089
529,1748029801.6073067,0.2714940309524536
530,1748029806.9152575,0.14016756415367126
531,1748029812.9314637,0.2135196328163147
532,1748029820.475755,0.3360339403152466
533,1748029823.7848744,0.12728279829025269
534,1748029830.1870651,0.11375308036804199
535,1748029834.2894711,0.1492074429988861
536,1748029838.857708,0.052424006164073944
537,1748029844.39031,0.05760357528924942
538,1748029849.464058,0.16797415912151337
539,1748029855.9811351,0.07336832582950592
540,1748029861.3201413,0.007857788354158401
541,1748029865.2632582,0.08851844072341919
542,1748029868.8807786,0.05414170026779175
543,1748029873.3302794,0.26391416788101196
544,1748029878.1464827,0.5336652994155884
545,1748029883.1708484,0.05125386267900467
546,1748029887.979716,0.08618717640638351
547,1748029895.3032427,0.2655195891857147
548,1748029899.456823,0.3602297902107239
549,1748029904.9511757,0.1856652945280075
550,1748029910.539717,0.09581649303436279
551,1748029916.2077115,0.5477715730667114
552,1748029922.940924,0.13031870126724243
553,1748029930.2547667,0.2672116756439209
554,1748029936.4602118,0.15423572063446045
555,1748029940.4485898,0.06924384087324142
556,1748029945.093141,0.07135799527168274
557,1748029950.2659812,0.07073239982128143
558,1748029957.32623,0.1484811007976532
559,1748029961.9077585,0.14927613735198975
560,1748029966.6246805,0.07110369205474854
561,1748029971.196137,0.2913745939731598
562,1748029977.8252625,0.27619504928588867
563,1748029982.0808673,0.1450084149837494
564,1748029987.7935154,0.14123483002185822
565,1748029992.2680733,0.11511590331792831
566,1748029997.750377,0.162074014544487
567,1748030001.2402678,0.021730899810791016
568,1748030007.4853773,0.278332382440567
569,1748030012.5701284,0.09370134770870209
570,1748030020.4850206,0.1784854531288147
571,1748030027.206011,0.31820008158683777
572,1748030032.496564,0.28531864285469055
573,1748030036.2291157,0.11902306973934174
574,1748030040.4212224,0.08663849532604218
575,1748030045.5797591,0.25409144163131714
576,1748030051.462103,0.15117323398590088
577,1748030056.9055357,0.31804776191711426
578,1748030062.4244423,0.2930161952972412
579,1748030067.1089458,0.029355306178331375
580,1748030070.067434,0.15547539293766022
581,1748030156.0551746,0.3116658926010132
582,1748030159.5776467,0.07649533450603485
583,1748030165.3946705,0.33630985021591187
584,1748030169.0640287,0.06940095126628876
585,1748030175.0698652,0.030962422490119934
586,1748030178.1810136,0.1753249615430832
587,1748030184.943255,0.1090957373380661
588,1748030191.0023732,0.16262444853782654
589,1748030196.8141816,0.7270657420158386
590,1748030201.3141816,0.198713481426239
591,1748030208.75595,0.15072807669639587
592,1748030213.3756967,0.13694024085998535
593,1748030218.450473,0.26267629861831665
594,1748030226.346345,0.571549654006958
595,1748030231.6392002,0.2133767455816269
596,1748030239.6070454,0.0990794450044632
597,1748030243.7795405,0.09099849313497543
598,1748030248.732281,0.07176545262336731
599,1748030254.5652385,0.19382040202617645
600,1748030260.4569247,0.1997067630290985
601,1748030266.435853,0.49278879165649414
602,1748030270.1320794,0.03471431881189346
603,1748030276.8183014,0.15191689133644104
604,1748030280.2487848,0.3045707643032074
605,1748030287.3245356,0.13853853940963745
606,1748030292.8869104,0.13953715562820435
607,1748030299.8780994,0.2139946073293686
608,1748030304.3765855,0.043578486889600754
609,1748030308.7375865,0.17369472980499268
610,1748030314.0923283,0.06998749077320099
611,1748030319.9918675,0.062338121235370636
612,1748030326.247061,0.12235210835933685
613,1748030333.2034285,0.15782339870929718
614,1748030337.2373827,0.12275367230176926
615,1748030341.4720144,0.03259330615401268
616,1748030346.4717972,0.0758720338344574
617,1748030351.0691051,0.16050642728805542
618,1748030355.691383,0.011391106992959976
619,1748030361.1894472,0.3031772971153259
620,1748030366.757494,0.08318904787302017
621,1748030375.1909142,0.2606889307498932
622,1748030378.851014,0.045910052955150604
623,1748030383.9575958,0.3998839557170868
624,1748030390.912915,0.39906904101371765
625,1748030393.3396688,0.2657874524593353
626,1748030399.1538956,0.1187581941485405
627,1748030404.2947016,0.029652655124664307
628,1748030409.5217276,0.07854237407445908
629,1748030413.6094577,0.03911113739013672
630,1748030418.530912,0.26522165536880493
631,1748030424.8771966,0.23533408343791962
632,1748030429.8892615,0.32292890548706055
633,1748030435.3825316,0.028647614642977715
634,1748030439.261076,0.3655359447002411
635,1748030444.8607087,0.32516178488731384
636,1748030451.9352496,0.14479240775108337
637,1748030456.0828903,0.3810100555419922
638,1748030462.9524958,0.3719790577888489
639,1748030467.0407715,0.1991366446018219
640,1748030473.744571,0.11647151410579681
641,1748030476.5378942,0.09632351994514465
642,1748030482.5141037,0.16567759215831757
643,1748030489.0374134,0.12371455132961273
644,1748030498.2987359,0.027110880240797997
645,1748030502.02316,0.39430975914001465
646,1748030506.1269693,0.3130694627761841
647,1748030510.1225863,0.20998166501522064
648,1748030516.553218,0.04372197389602661
649,1748030523.8259196,0.22980853915214539
650,1748030530.0085256,0.31432870030403137
651,1748030535.2117357,0.21512100100517273
652,1748030538.9004133,0.14558690786361694
653,1748030545.1199124,0.19518384337425232
654,1748030550.842436,0.3214520514011383
655,1748030556.9833379,0.06638236343860626
656,1748030561.9791129,0.6040627360343933
657,1748030567.1579878,0.43385395407676697
658,1748030573.6776261,0.21153587102890015
659,1748030578.8684144,0.2555742859840393
660,1748030584.7592304,0.057937636971473694
661,1748030589.2942207,0.3645366132259369
662,1748030593.584212,0.08818890899419785
663,1748030599.48718,0.17895381152629852
664,1748030605.9043648,0.3505821228027344
665,1748030614.1067274,0.040392808616161346
666,1748030619.3413098,0.21936003863811493
667,1748030624.0087767,0.22709278762340546
668,1748030630.2760305,0.10458098351955414
669,1748030636.3945394,0.11781414598226547
670,1748030642.0223227,0.1292005330324173
671,1748030649.8024373,0.14590995013713837
672,1748030656.6979392,0.06277413666248322
673,1748030664.0669358,0.18698880076408386
674,1748030668.997619,0.03711691498756409
675,1748030675.4855003,0.1108073890209198
676,1748030680.552123,0.6037444472312927
677,1748030689.1582682,0.13490712642669678
678,1748030694.2665908,0.0903579592704773
679,1748030700.7399275,0.34107887744903564
680,1748030705.9677668,0.10839362442493439
681,1748030714.2374344,0.3695353865623474
682,1748030720.2633483,0.10761241614818573
683,1748030725.6205478,0.1741209626197815
684,1748030730.1699092,0.2889290750026703
685,1748030735.6344583,0.06328187882900238
686,1748030740.1482682,0.2725925147533417
687,1748030747.2298274,0.26473239064216614
688,1748030750.5398295,0.09613197296857834
689,1748030754.6458035,0.20433340966701508
690,1748030761.2126265,0.03017602115869522
691,1748030771.7509658,0.04724395275115967
692,1748030776.02544,0.07553380727767944
693,1748030779.6491945,0.1763651818037033
694,1748030785.1416872,0.058624282479286194
695,1748030790.7827194,0.20949214696884155
696,1748030792.3652074,0.23847545683383942
697,1748030876.4323356,0.05016069859266281
698,1748030881.9224334,0.12386118620634079
699,1748030887.9933267,0.21476566791534424
700,1748030891.1375782,0.14982011914253235
701,1748030897.6637719,0.1433076411485672
702,1748030901.4215875,0.2670794129371643
703,1748030907.5520241,0.18933932483196259
704,1748030913.2530577,0.15449342131614685
705,1748030921.9874794,0.14861291646957397
706,1748030927.641815,0.07670465111732483
707,1748030931.3967805,0.259978711605072
708,1748030939.3229823,0.6480883359909058
709,1748030947.172926,0.21984003484249115
710,1748030952.438,0.1780121922492981
711,1748030955.3847501,0.04419007897377014
712,1748030961.7657104,0.15003497898578644
713,1748030967.381154,0.12684082984924316
714,1748030972.214605,0.06397269666194916
715,1748030976.953678,0.020983276888728142
716,1748030984.660369,0.17922040820121765
717,1748030987.897589,0.20937374234199524
718,1748030996.2302055,0.13083773851394653
719,1748031001.2114096,0.09665250778198242
720,1748031009.1519716,0.1000482589006424
721,1748031014.4926279,0.055234864354133606
722,1748031018.4473755,0.11123129725456238
723,1748031023.2482948,0.40347200632095337
724,1748031028.6050794,0.09257484972476959
725,1748031033.791146,0.03496953099966049
726,1748031037.077727,0.023832622915506363
727,1748031043.0978825,0.14087612926959991
728,1748031050.2401168,0.01037443708628416
729,1748031054.0703285,0.3276037275791168
730,1748031059.723828,0.03341415897011757
731,1748031068.6667788,0.15675723552703857
732,1748031073.5814161,0.0033945206087082624
733,1748031079.3544736,0.10170887410640717
734,1748031085.0284595,0.5733319520950317
735,1748031091.829856,0.03492661565542221
736,1748031096.9766998,0.13217583298683167
737,1748031102.9248545,0.01870744675397873
738,1748031109.7863398,0.16889576613903046
739,1748031113.9787824,0.10811980813741684
740,1748031120.6691365,0.22916921973228455
741,1748031126.971453,0.5028452277183533
742,1748031136.1812527,0.20403441786766052
743,1748031141.4981058,0.1036604791879654
744,1748031145.7950106,0.029232628643512726
745,1748031152.6940782,0.1803784817457199
746,1748031157.9273205,0.19531600177288055
747,1748031166.9653823,0.039986900985240936
748,1748031173.1365607,0.08131018280982971
749,1748031181.088191,0.09017972648143768
750,1748031187.684494,0.0032181234564632177
751,1748031195.932772,0.16643041372299194
752,1748031203.2231362,0.09970228374004364
753,1748031208.2594206,0.41933149099349976
754,1748031213.84671,0.40500935912132263
755,1748031219.9775276,0.0426492840051651
756,1748031223.934222,0.3135860562324524
757,1748031230.2611012,0.1787469983100891
758,1748031236.7872024,0.315033495426178
759,1748031242.2750587,0.1209685206413269
760,1748031245.853422,0.16853663325309753
761,1748031252.2183397,0.1893467754125595
762,1748031259.0773823,0.20649871230125427
763,1748031263.1588428,0.18621757626533508
764,1748031268.3310812,0.12174229323863983
765,1748031273.0354307,0.21430552005767822
766,1748031279.6314013,0.18840597569942474
767,1748031287.0244656,0.22012612223625183
768,1748031291.5448017,0.09342290461063385
769,1748031296.0622466,0.16258233785629272
770,1748031300.4770734,0.09877484291791916
771,1748031305.8008893,0.04463580250740051
772,1748031311.269567,0.04525061696767807
773,1748031317.2452273,0.09114041179418564
774,1748031323.7601664,0.14827972650527954
775,1748031329.5934117,0.08449053764343262
776,1748031334.3500154,0.3296056091785431
777,1748031339.468479,0.14391294121742249
778,1748031342.6523077,0.4487588405609131
779,1748031346.6835253,0.08516360819339752
780,1748031352.7540698,0.0678119882941246
781,1748031357.5638354,0.277164101600647
782,1748031363.5272565,0.14549806714057922
783,1748031369.5944934,0.07590505480766296
784,1748031374.1053588,0.6719088554382324
785,1748031378.7054524,0.15088750422000885
786,1748031384.3616312,0.1262030154466629
787,1748031391.241923,0.2568996548652649
788,1748031395.8108084,0.38324445486068726
789,1748031400.7092054,0.024621469900012016
790,1748031406.1933894,0.24614207446575165
791,1748031416.0205953,0.2589283585548401
792,1748031419.4811642,0.027264710515737534
793,1748031425.9470098,0.21807575225830078
794,1748031432.352442,0.07849475741386414
795,1748031440.4196956,0.18621468544006348
796,1748031444.7400494,0.08787398040294647
797,1748031449.4039936,0.05484577640891075
798,1748031455.1240726,0.07892212271690369
799,1748031461.0732572,0.10754457116127014
800,1748031467.6839058,0.20900706946849823
801,1748031470.8766422,0.13160081207752228
802,1748031479.5615678,0.06929027289152145
803,1748031490.0398343,0.3305847644805908
804,1748031496.4979596,0.40484318137168884
805,1748031501.4409025,0.03475797921419144
806,1748031506.4021156,0.06837143748998642
807,1748031510.5078754,0.37773165106773376
808,1748031515.1453235,0.08504878729581833
809,1748031518.933228,0.11342570185661316
810,1748031523.319506,0.1969321072101593
811,1748031528.0413816,0.01232842355966568
812,1748031531.3636682,0.33756598830223083
813,1748031595.291546,0.07474961131811142
814,1748031598.8074338,0.10802220553159714
815,1748031604.5274534,0.040469586849212646
816,1748031610.0062764,0.06528261303901672
817,1748031616.196395,0.18672314286231995
818,1748031622.0316463,0.3168754577636719
819,1748031626.1303432,0.09201028943061829
820,1748031632.1110106,0.13952751457691193
821,1748031637.2722394,0.16800153255462646
822,1748031641.5658371,0.0446152500808239
823,1748031646.9542785,0.14709047973155975
824,1748031651.7756422,0.012839216738939285
825,1748031656.60168,0.09213682264089584
826,1748031662.0277636,0.4387717843055725
827,1748031667.5034547,0.15840119123458862
828,1748031671.904059,0.06612621247768402
829,1748031678.6233993,0.4637451767921448
830,1748031682.1648183,0.2251315414905548
831,1748031690.1157517,0.1271001249551773
832,1748031695.8981438,0.24859949946403503
833,1748031702.2707965,0.26017171144485474
834,1748031708.6468956,0.26786136627197266
835,1748031712.718389,0.07115761935710907
836,1748031720.7965405,0.5463943481445312
837,1748031725.5515409,0.11328780651092529
838,1748031729.915199,0.13439379632472992
839,1748031733.7326345,0.13353127241134644
840,1748031742.443653,0.3496379852294922
841,1748031745.994901,0.029051806777715683
842,1748031750.0888708,0.04308152198791504
843,1748031757.0461814,0.1853581666946411
844,1748031762.5287106,0.10604216903448105
845,1748031768.8209298,0.13715796172618866
846,1748031776.4250417,0.062387943267822266
847,1748031783.97931,0.1961817443370819
848,1748031790.6590602,0.10493709146976471
849,1748031797.4293075,0.06943336874246597
850,1748031804.5757177,0.24411186575889587
851,1748031809.7264304,0.026745416224002838
852,1748031817.1237593,0.30115649104118347
853,1748031824.8352597,0.31836408376693726
854,1748031834.856692,0.29184144735336304
855,1748031841.0665224,0.13013975322246552
856,1748031845.3788302,0.07832129299640656
857,1748031850.182073,0.10944654792547226
858,1748031859.0320637,0.031211040914058685
859,1748031864.8142273,0.05502697825431824
860,1748031870.3851368,0.054843708872795105
861,1748031878.1289294,0.34804558753967285
862,1748031882.8083782,0.17638814449310303
863,1748031890.2356906,0.046311553567647934
864,1748031897.8298757,0.07436372339725494
865,1748031903.454812,0.20823657512664795
866,1748031910.8456771,0.013201436027884483
867,1748031916.4901636,0.07974780350923538
868,1748031921.827862,0.19224771857261658
869,1748031929.5953894,0.05375496670603752
870,1748031939.11909,0.1023092195391655
871,1748031947.0675092,0.17301319539546967
872,1748031954.1573079,0.14725086092948914
873,1748031959.4277728,0.09433289617300034
874,1748031966.807265,1.2118955850601196
875,1748031972.7265832,0.023745432496070862
876,1748031978.560988,0.0636446624994278
877,1748031984.2786298,0.20500651001930237
878,1748031990.5999827,0.32676994800567627
879,1748031995.904519,0.05145764350891113
880,1748031999.926019,0.0544392429292202
881,1748032004.8199537,0.36178967356681824
882,1748032008.1427865,0.04667780548334122
883,1748032011.7052042,0.0720951110124588
884,1748032017.5849319,0.07293401658535004
885,1748032023.7070193,0.20441757142543793
886,1748032028.9034822,0.05670759826898575
887,1748032038.168435,0.20354798436164856
888,1748032043.780482,0.12537668645381927
889,1748032049.527029,0.1300291121006012
890,1748032053.726713,0.07705357670783997
891,1748032057.645156,0.13458675146102905
892,1748032064.4329057,0.02964087389409542
893,1748032069.1034317,0.5132498741149902
894,1748032075.5821939,0.4748241901397705
895,1748032081.2601724,0.1835269033908844
896,1748032085.905603,0.12135516107082367
897,1748032091.3301015,0.07863453030586243
898,1748032099.0883946,0.3712477684020996
899,1748032105.0680919,0.16817522048950195
900,1748032110.622734,0.1284579634666443
901,1748032113.514363,0.020935725420713425
902,1748032119.6825194,0.14721642434597015
903,1748032127.258634,0.1260388195514679
904,1748032133.5054317,0.300994336605072
905,1748032136.8379688,0.11273359507322311
906,1748032143.4218373,0.26988837122917175
907,1748032150.2166927,0.2023034691810608
908,1748032156.4845228,0.1766209900379181
909,1748032160.7098727,0.1925864815711975
910,1748032167.6214674,0.2507306933403015
911,1748032171.788868,0.04387815296649933
912,1748032176.8716679,0.04586715251207352
913,1748032181.6399643,0.10190308094024658
914,1748032187.3216088,0.03442903235554695
915,1748032192.0042176,0.038593366742134094
916,1748032199.8306565,0.023109322413802147
917,1748032205.1640933,0.06372387707233429
918,1748032209.5812163,0.3197019100189209
919,1748032213.2403774,0.2733309864997864
920,1748032218.9727676,0.1702115535736084
921,1748032223.6054752,0.09586881846189499
922,1748032227.6776702,0.10896161198616028
923,1748032233.7321954,0.17851214110851288
924,1748032239.8742728,0.28701257705688477
925,1748032245.365276,0.430835485458374
926,1748032252.0795338,0.09018110483884811
927,1748032256.9282763,0.08513545244932175
928,1748032258.5894902,0.07271115481853485
929,1748032330.8973851,0.1396813839673996
930,1748032336.6330662,0.5163974165916443
931,1748032342.0270123,0.32515639066696167
932,1748032347.9480803,0.15924029052257538
933,1748032353.1611702,0.0986003577709198
934,1748032357.8416886,0.2908099889755249
935,1748032362.6366615,0.3151128888130188
936,1748032370.4692955,0.1562231481075287
937,1748032375.5848653,0.2139263153076172
938,1748032380.2697031,0.12869137525558472
939,1748032385.904517,0.12170253694057465
940,1748032391.900941,0.14997856318950653
941,1748032396.4638093,0.05102715641260147
942,1748032401.688363,0.20628277957439423
943,1748032406.2746975,0.21015962958335876
944,1748032410.9838283,0.1332135647535324
945,1748032415.872402,0.13052737712860107
946,1748032421.9085634,0.12260210514068604
947,1748032428.8582056,0.07591588795185089
948,1748032433.224053,0.1469423472881317
949,1748032440.2849145,0.05449525639414787
950,1748032445.4901369,0.21354615688323975
951,1748032453.931411,0.29787951707839966
952,1748032459.5048048,0.1464259922504425
953,1748032465.4225004,0.18963663280010223
954,1748032471.2383437,0.23081795871257782
955,1748032478.1778975,0.06318174302577972
956,1748032483.389656,0.008260950446128845
957,1748032489.3503892,0.009489516727626324
958,1748032492.5458763,0.07125919312238693
959,1748032496.66066,0.2135901153087616
960,1748032501.7410972,0.0938195213675499
961,1748032508.4011934,0.09619788825511932
962,1748032513.6489902,0.027645185589790344
963,1748032521.3827615,0.3128865361213684
964,1748032526.3265648,0.1948375552892685
965,1748032530.548659,0.1477590650320053
966,1748032535.7184727,0.19244444370269775
967,1748032539.7932982,0.22510692477226257
968,1748032545.0786128,0.21099328994750977
969,1748032550.0222156,0.23086899518966675
970,1748032555.64778,0.16729246079921722
971,1748032560.012452,0.05646298825740814
972,1748032563.99841,0.26584234833717346
973,1748032570.6991332,0.567077100276947
974,1748032574.2641637,0.29456326365470886
975,1748032578.074642,0.2862950563430786
976,1748032583.8699234,0.07809613645076752
977,1748032589.2872899,0.03457433357834816
978,1748032595.3531988,0.4920005202293396
979,1748032602.6386473,0.061404913663864136
980,1748032609.7268677,0.1250697672367096
981,1748032615.5234566,0.2902553975582123
982,1748032620.6826692,0.21334931254386902
983,1748032625.1126134,0.13278453052043915
984,1748032631.7526896,0.16870632767677307
985,1748032635.642495,0.18509960174560547
986,1748032640.6661737,0.06251679360866547
987,1748032646.464001,0.13299767673015594
988,1748032651.3004847,0.08589787781238556
989,1748032657.7440267,0.18061690032482147
990,1748032662.3593223,0.07401730120182037
991,1748032668.4663303,0.02464880608022213
992,1748032673.0327966,0.09924228489398956
993,1748032680.3094082,0.109775111079216
994,1748032685.2559686,0.05179332196712494
995,1748032689.9150877,0.05041254684329033
996,1748032693.7478576,0.1939982771873474
997,1748032698.7734234,0.19410377740859985
998,1748032705.7589426,0.14775937795639038
999,1748032711.7175343,0.198540598154068
1000,1748032717.4871457,0.0114650409668684
1001,1748032723.6034474,0.2083008885383606
1002,1748032728.8564901,0.27911385893821716
1003,1748032733.6635249,0.019823327660560608
1004,1748032739.7186632,0.6665507555007935
1005,1748032744.3952553,0.02929254248738289
1006,1748032749.3607051,0.22334632277488708
1007,1748032755.938332,0.28463974595069885
1008,1748032760.0338666,0.22441285848617554
1009,1748032764.5515585,0.2166827917098999
1010,1748032769.6503441,0.06058353930711746
1011,1748032774.77869,0.06108042597770691
1012,1748032780.3365228,0.21681831777095795
1013,1748032787.149951,0.0035136917140334845
1014,1748032792.6054986,0.15167784690856934
1015,1748032800.4566562,0.18403378129005432
1016,1748032807.189677,0.0647648274898529
1017,1748032810.568464,0.02266712859272957
1018,1748032818.2134807,0.03681885451078415
1019,1748032825.0939803,0.059219833463430405
1020,1748032830.3984194,0.14145925641059875
1021,1748032835.752942,0.038148343563079834
1022,1748032840.9311678,0.029715999960899353
1023,1748032844.241784,0.18069538474082947
1024,1748032849.4915767,0.24349477887153625
1025,1748032854.5859277,0.21672487258911133
1026,1748032859.913188,0.030652467161417007
1027,1748032863.6371653,0.07020822167396545
1028,1748032868.5376918,0.14160823822021484
1029,1748032876.6948433,0.5577080845832825
1030,1748032880.7641494,0.3114013075828552
1031,1748032884.1521025,0.09839649498462677
1032,1748032890.403416,0.061542801558971405
1033,1748032895.0759592,0.06589159369468689
1034,1748032899.9441142,0.13936126232147217
1035,1748032904.9193726,0.23861144483089447
1036,1748032908.9886675,0.09832348674535751
1037,1748032915.250792,0.17694425582885742
1038,1748032920.1779814,0.10589870065450668
1039,1748032924.5170307,0.030033957213163376
1040,1748032928.6482785,0.14167432487010956
1041,1748032933.3589416,0.03119463287293911
1042,1748032938.200345,0.15228980779647827
1043,1748032942.6758316,0.06325650960206985
1044,1748032945.8077452,0.04385451227426529
1045,1748033020.709706,0.015792563557624817
1046,1748033026.2149215,0.037012290209531784
1047,1748033032.5228786,0.07775621861219406
1048,1748033036.2054017,0.25662168860435486
1049,1748033042.3686888,0.17473332583904266
1050,1748033047.0203674,0.016845185309648514
1051,1748033051.2757502,0.06823402643203735
1052,1748033058.4035473,0.08934997767210007
1053,1748033063.7147682,0.05217759311199188
1054,1748033068.331097,0.01013704389333725
1055,1748033073.213693,0.03483419492840767
1056,1748033078.3737657,0.03510282188653946
1057,1748033082.9054844,0.009753827936947346
1058,1748033089.752855,0.034590594470500946
1059,1748033093.9484322,0.05541645735502243
1060,1748033098.9875848,0.4220431447029114
1061,1748033106.2043178,0.1355353444814682
1062,1748033111.0246406,0.008556176908314228
1063,1748033115.7092724,0.08317840844392776
1064,1748033121.7387211,0.04065902531147003
1065,1748033127.5108845,0.033700957894325256
1066,1748033131.0980637,0.1968471258878708
1067,1748033137.460045,0.13457821309566498
1068,1748033140.532983,0.668009877204895
1069,1748033146.0447145,0.04214029014110565
1070,1748033153.743868,0.30271482467651367
1071,1748033158.0874786,0.18791505694389343
1072,1748033164.3260431,0.12919172644615173
1073,1748033168.5705328,0.06411553919315338
1074,1748033176.0523627,0.21250352263450623
1075,1748033181.108555,0.0897020697593689
1076,1748033186.516296,0.09418313950300217
1077,1748033195.2401938,0.2326153963804245
1078,1748033198.6032999,0.13715124130249023
1079,1748033206.0794706,0.0985848605632782
1080,1748033211.3629243,0.24802879989147186
1081,1748033216.494903,0.09029349684715271
1082,1748033220.0138571,0.15676423907279968
1083,1748033225.1352823,0.06947952508926392
1084,1748033230.138945,0.18280518054962158
1085,1748033234.6951993,0.09922415018081665
1086,1748033240.0435398,0.020862575620412827
1087,1748033246.348066,0.033947624266147614
1088,1748033251.110268,0.005280802026391029
1089,1748033256.8138137,0.09291514754295349
1090,1748033260.7418265,0.14217250049114227
1091,1748033264.7526462,0.04075044393539429
1092,1748033268.4829023,0.10976627469062805
1093,1748033274.0189397,0.05258156359195709
1094,1748033280.8207982,0.05143420025706291
1095,1748033287.97001,0.05432036146521568
1096,1748033293.1473584,0.1920103281736374
1097,1748033298.2371454,0.013050816021859646
1098,1748033303.8694084,0.19836220145225525
1099,1748033307.5796976,0.2132149338722229
1100,1748033313.3686862,0.10749226808547974
1101,1748033318.9865382,0.18523788452148438
1102,1748033322.6436408,0.061373353004455566
1103,1748033327.5242987,0.07172122597694397
1104,1748033332.9499187,0.19269326329231262
1105,1748033340.640789,0.10156961530447006
1106,1748033344.0773854,0.01155837532132864
1107,1748033349.1902952,0.21913877129554749
1108,1748033356.7047882,0.15770991146564484
1109,1748033361.414329,0.10298392176628113
1110,1748033366.5209863,0.04477196931838989
1111,1748033372.853442,0.05809858441352844
1112,1748033377.3718185,0.1621936857700348
1113,1748033384.5703208,0.1306227296590805
1114,1748033389.4447002,0.02760114148259163
1115,1748033397.6843164,0.10673889517784119
1116,1748033402.1440523,0.15579858422279358
1117,1748033409.5659635,0.11194626986980438
1118,1748033416.8970726,0.037110939621925354
1119,1748033423.443443,0.0031626163981854916
1120,1748033431.8161576,0.21226555109024048
1121,1748033439.0088327,0.08028581738471985
1122,1748033447.1005337,0.013438407331705093
1123,1748033453.3567193,0.07038155198097229
1124,1748033457.627528,0.05440102517604828
1125,1748033464.7400281,0.03309938311576843
1126,1748033468.6197402,0.22054868936538696
1127,1748033474.3301811,0.047534048557281494
1128,1748033481.1101866,0.07029641419649124
1129,1748033485.3431845,0.18660348653793335
1130,1748033492.011986,0.16481997072696686
1131,1748033498.1776457,0.06187628209590912
1132,1748033503.0071702,0.1661180555820465
1133,1748033508.123431,0.2661585211753845
1134,1748033514.2288735,0.19205614924430847
1135,1748033520.2265549,0.011338043957948685
1136,1748033524.8585238,0.07686109095811844
1137,1748033530.3350148,0.17067337036132812
1138,1748033534.8463092,0.0760224312543869
1139,1748033539.9061902,0.2684589922428131
1140,1748033544.8329453,0.08595182001590729
1141,1748033551.889918,0.050289928913116455
1142,1748033557.27067,0.04798157513141632
1143,1748033562.382228,0.07460217922925949
1144,1748033565.942467,0.6756080389022827
1145,1748033571.4838748,0.12363504618406296
1146,1748033577.9281554,0.15009647607803345
1147,1748033582.2151854,0.009482871741056442
1148,1748033587.8623562,0.11479051411151886
1149,1748033595.055886,0.19723598659038544
1150,1748033598.7939045,0.06672057509422302
1151,1748033603.208728,0.09473150968551636
1152,1748033610.3189487,0.05862157791852951
1153,1748033613.6025841,0.23930172622203827
1154,1748033617.0245993,0.01313315611332655
1155,1748033623.0792372,0.011469177901744843
1156,1748033628.2486355,0.006111742462962866
1157,1748033636.2272027,0.36496293544769287
1158,1748033640.4322631,0.12253686040639877
1159,1748033644.7414076,0.007205092813819647
1160,1748033645.85066,0.001558805350214243
1161,1748033714.1065574,0.24244247376918793
1162,1748033721.372255,0.2666260898113251
1163,1748033729.6710951,0.09082773327827454
1164,1748033735.7925782,0.1349678635597229
1165,1748033743.457517,0.08644875884056091
1166,1748033751.084089,0.1749328374862671
1167,1748033755.8985531,0.03812037408351898
1168,1748033759.0434225,0.09152473509311676
1169,1748033766.4204447,0.14538268744945526
1170,1748033772.4016807,0.15637052059173584
1171,1748033779.0574195,0.11669673770666122
1172,1748033784.6156652,0.26903414726257324
1173,1748033789.9334822,0.05806634575128555
1174,1748033796.8300362,0.08800937980413437
1175,1748033801.4073904,0.09715241193771362
1176,1748033806.6670938,0.09064061939716339
1177,1748033811.512024,0.4027286469936371
1178,1748033817.161502,0.14319686591625214
1179,1748033821.7980747,0.04324636980891228
1180,1748033825.2860339,0.17589518427848816
1181,1748033833.138318,0.18027077615261078
1182,1748033836.0333061,0.1691683977842331
1183,1748033843.025828,0.07806508988142014
1184,1748033848.7354376,0.11272358149290085
1185,1748033852.4105232,0.11659272015094757
1186,1748033858.3664408,0.03215920925140381
1187,1748033863.3425846,0.21622471511363983
1188,1748033870.8125312,0.0071542104706168175
1189,1748033876.2910364,0.08021942526102066
1190,1748033882.2015858,0.16779696941375732
1191,1748033888.6505713,0.4595867097377777
1192,1748033894.0618594,0.07683371752500534
1193,1748033899.454798,0.03539026528596878
1194,1748033905.1697469,0.1554659903049469
1195,1748033910.3160307,0.07240331172943115
1196,1748033916.8456607,0.06326882541179657
1197,1748033922.5989552,0.04955899342894554
1198,1748033928.3074281,0.49791502952575684
1199,1748033934.6938918,0.11914542317390442
1200,1748033941.817812,0.13781000673770905
1201,1748033947.2353525,0.03838576748967171
1202,1748033954.2199123,0.055248163640499115
1203,1748033959.0477862,0.1345808058977127
1204,1748033965.4972491,0.3007967174053192
1205,1748033972.246031,0.03199506923556328
1206,1748033978.5483713,0.06268607825040817
1207,1748033982.986082,0.21880394220352173
1208,1748033986.7615008,0.004037084989249706
1209,1748033993.056906,0.1322646141052246
1210,1748033997.8867924,0.016530325636267662
1211,1748034002.7694018,0.1753539741039276
1212,1748034007.6364534,0.2872254550457001
1213,1748034015.404505,0.28181928396224976
1214,1748034019.80175,0.07333362847566605
1215,1748034025.3372555,0.08585809171199799
1216,1748034031.4330473,0.2870018780231476
1217,1748034039.8496087,0.12769284844398499
1218,1748034044.3973086,0.13254505395889282
1219,1748034047.845462,0.14439687132835388
1220,1748034054.7874224,0.2157168984413147
1221,1748034059.2285192,0.5117180347442627
1222,1748034063.5583758,0.14172053337097168
1223,1748034068.3333,0.1504204422235489
1224,1748034074.0860934,0.39418503642082214
1225,1748034079.4043064,0.1028422862291336
1226,1748034082.6071978,0.38992413878440857
1227,1748034088.1277673,0.03605549782514572
1228,1748034094.2397635,0.06971753388643265
1229,1748034097.5681605,0.138860821723938
1230,1748034103.3126051,0.1156693696975708
1231,1748034110.8004675,0.011733802035450935
1232,1748034118.6621516,0.07456062734127045
1233,1748034123.3453107,0.057551831007003784
1234,1748034127.29225,0.27594536542892456
1235,1748034131.9745126,0.1344165951013565
1236,1748034136.6924403,0.13646012544631958
1237,1748034143.2135515,0.18198397755622864
1238,1748034148.8185287,0.08402230590581894
1239,1748034156.435469,0.05109661445021629
1240,1748034162.7956927,0.0510588102042675
1241,1748034168.3505566,0.1599722057580948
1242,1748034174.5880191,0.07104711979627609
1243,1748034180.8984752,0.007762107998132706
1244,1748034186.6268358,0.00695365946739912
1245,1748034190.472501,0.009644817560911179
1246,1748034195.8760889,0.030008602887392044
1247,1748034204.9450457,0.08311343193054199
1248,1748034209.1564784,0.010176165960729122
1249,1748034214.6762617,0.07432874292135239
1250,1748034217.9292734,0.05581182241439819
1251,1748034223.4798954,0.05384280905127525
1252,1748034228.9549072,0.022570975124835968
1253,1748034233.5823176,0.09159864485263824
1254,1748034237.6538558,0.08837512135505676
1255,1748034242.361503,0.22627845406532288
1256,1748034249.3531818,0.07028327137231827
1257,1748034255.919511,0.046791911125183105
1258,1748034262.2405589,0.021400531753897667
1259,1748034267.182282,0.033574335277080536
1260,1748034272.6439447,0.02666926197707653
1261,1748034278.860196,0.09831958264112473
1262,1748034284.0381784,0.011636998504400253
1263,1748034290.5529277,0.37895116209983826
1264,1748034294.128822,0.05881335586309433
1265,1748034298.5057268,0.039788391441106796
1266,1748034303.9299603,0.04755057021975517
1267,1748034307.9290302,0.042850956320762634
1268,1748034312.5686877,0.06365387886762619
1269,1748034317.5003443,0.09139308333396912
1270,1748034323.7707562,0.06981729716062546
1271,1748034328.8514714,0.272121787071228
1272,1748034333.4724555,0.1360800862312317
1273,1748034337.7611184,0.014121120795607567
1274,1748034343.0256078,0.11269912123680115
1275,1748034348.5584137,0.04347940534353256
1276,1748034350.419512,0.007649529259651899
1277,1748034428.5174553,0.05079502984881401
1278,1748034435.4254606,0.1390495002269745
1279,1748034438.7715018,0.0007790355011820793
1280,1748034444.5273929,0.005280132405459881
1281,1748034448.3692849,0.0030871990602463484
1282,1748034453.9121714,0.0018582816701382399
1283,1748034458.2209682,0.042439788579940796
1284,1748034465.5922034,0.08139198273420334
1285,1748034469.7421787,0.0061598848551511765
1286,1748034477.6971936,0.24173997342586517
1287,1748034484.6534503,0.09945639967918396
1288,1748034489.1341574,0.0018400064436718822
1289,1748034493.5521011,0.2172921746969223
1290,1748034501.3982515,0.10753422230482101
1291,1748034505.9491384,0.008853885345160961
1292,1748034510.628968,0.49647268652915955
1293,1748034516.6970804,0.19374558329582214
1294,1748034521.8932934,0.4167584180831909
1295,1748034527.6299188,0.14942090213298798
1296,1748034533.3499718,0.15450115501880646
1297,1748034538.6130614,0.15416322648525238
1298,1748034544.9486742,0.2506859302520752
1299,1748034549.1058073,0.2025725543498993
1300,1748034555.2183862,0.21533504128456116
1301,1748034559.547948,0.18033218383789062
1302,1748034566.1818025,0.06631960719823837
1303,1748034571.9593875,0.093337282538414
1304,1748034578.5906408,0.04975747689604759
1305,1748034583.8293424,0.021611616015434265
1306,1748034588.6716669,0.08218663185834885
1307,1748034593.4437306,0.021378174424171448
1308,1748034598.433772,0.21371816098690033
1309,1748034602.7542493,0.07516497373580933
1310,1748034607.122384,0.16125690937042236
1311,1748034612.4516764,0.04319167882204056
1312,1748034617.7587993,0.05802759528160095
1313,1748034623.103426,0.22158360481262207
1314,1748034628.8494654,0.03687001019716263
1315,1748034634.1881208,0.016225753352046013
1316,1748034638.956016,0.07756407558917999
1317,1748034644.401821,0.016439251601696014
1318,1748034649.665887,0.0042470842599868774
1319,1748034656.4146147,0.09225881099700928
1320,1748034664.4665887,0.044678546488285065
1321,1748034671.5086539,0.06777039170265198
1322,1748034676.0745566,0.04979076609015465
1323,1748034681.1470673,0.1183469295501709
1324,1748034684.876527,0.09750448167324066
1325,1748034689.2852397,0.03569672629237175
1326,1748034693.9921775,0.018126491457223892
1327,1748034697.9379969,0.37877127528190613
1328,1748034705.1194136,0.557970404624939
1329,1748034708.8683429,0.14028802514076233
1330,1748034713.5896327,0.2899631857872009
1331,1748034719.866385,0.034308165311813354
1332,1748034724.7447786,0.12159264087677002
1333,1748034729.9671693,0.019960347563028336
1334,1748034735.5816326,0.4191325604915619
1335,1748034739.7466855,0.05761272832751274
1336,1748034743.1592631,0.050794072449207306
1337,1748034750.2101417,0.25843149423599243
1338,1748034755.3948314,0.2216598391532898
1339,1748034760.5562696,0.36987870931625366
1340,1748034766.1311052,0.3451042175292969
1341,1748034772.026441,0.3688564896583557
1342,1748034777.3214319,0.34147441387176514
1343,1748034782.1270552,0.058474987745285034
1344,1748034788.0719178,0.2568459212779999
1345,1748034793.4825394,0.06872926652431488
1346,1748034800.069655,0.13182812929153442
1347,1748034805.488737,0.07972078770399094
1348,1748034810.7368402,0.25016188621520996
1349,1748034814.2310514,0.07355473935604095
1350,1748034819.9349592,0.13605374097824097
1351,1748034825.3996642,0.3050006628036499
1352,1748034829.1878128,0.19024282693862915
1353,1748034835.2559268,0.2330213040113449
1354,1748034841.3620334,0.12402163445949554
1355,1748034846.6857405,0.23345467448234558
1356,1748034851.3995492,0.1106688603758812
1357,1748034857.8524504,0.04714766889810562
1358,1748034865.5539334,0.16955773532390594
1359,1748034870.2913284,0.08427846431732178
1360,1748034874.0559175,0.10075707733631134
1361,1748034881.1158545,0.07120266556739807
1362,1748034887.529615,0.038257699459791183
1363,1748034893.4053044,0.04974988102912903
1364,1748034899.3641055,0.03693985939025879
1365,1748034904.0253472,0.08957203477621078
1366,1748034907.8319519,0.03792260214686394
1367,1748034912.853129,0.06580968201160431
1368,1748034918.9235275,0.05549617111682892
1369,1748034927.2076411,0.09288918972015381
1370,1748034932.51681,0.004555102437734604
1371,1748034937.7367833,0.005264732986688614
1372,1748034942.9282491,0.08997711539268494
1373,1748034945.9817915,0.014490319415926933
1374,1748034951.5157664,0.03101828508079052
1375,1748034958.8000035,0.02830033004283905
1376,1748034965.8391845,0.04273185878992081
1377,1748034970.3043063,0.11853375285863876
1378,1748034972.813925,0.012345831841230392
1379,1748034978.8016093,0.1422540247440338
1380,1748034985.4749982,0.0008631846285425127
1381,1748034991.9696941,0.05960729345679283
1382,1748034997.823417,0.015784569084644318
1383,1748035004.0484354,0.40324562788009644
1384,1748035008.9896019,0.13115449249744415
1385,1748035014.4131598,0.3204967975616455
1386,1748035018.2163126,0.0037922891788184643
1387,1748035021.8248942,0.024509435519576073
1388,1748035025.5369802,0.00680705439299345
1389,1748035030.8094914,0.48924165964126587
1390,1748035036.4401627,0.6418984532356262
1391,1748035040.3153224,0.1349138468503952
1392,1748035042.7509844,0.04670095816254616
1393,1748035119.2044742,0.021530088037252426
1394,1748035125.937584,0.16784970462322235
1395,1748035130.6116397,0.4192597270011902
1396,1748035134.9352517,0.011154640465974808
1397,1748035140.9667954,0.023143446072936058
1398,1748035145.0733895,0.07847334444522858
1399,1748035151.585264,0.11075465381145477
1400,1748035159.5062172,0.06267489492893219
1401,1748035166.3715963,0.08264335244894028
1402,1748035170.7419171,0.09460322558879852
1403,1748035175.774015,0.1150580495595932
1404,1748035188.5245802,0.07224860042333603
1405,1748035193.7601767,0.09867649525403976
1406,1748035198.8409636,0.030067048966884613
1407,1748035204.4473362,0.07718861103057861
1408,1748035208.7071571,0.027220100164413452
1409,1748035214.2293246,0.24955163896083832
1410,1748035221.771693,0.04228764772415161
1411,1748035228.4327843,0.06117073446512222
1412,1748035235.2851055,0.04730166494846344
1413,1748035240.6523402,0.044648319482803345
1414,1748035244.3390102,0.0033657574094831944
1415,1748035251.5348666,0.3971783518791199
1416,1748035256.80347,0.049456723034381866
1417,1748035262.1383793,0.005455756094306707
1418,1748035268.1041164,0.005273533519357443
1419,1748035274.0645752,0.1326846331357956
1420,1748035277.9196467,0.12697549164295197
1421,1748035282.8405397,0.010713689029216766
1422,1748035288.5591636,0.11862993240356445
1423,1748035294.3341463,0.15804465115070343
1424,1748035298.200246,0.02539639174938202
1425,1748035302.3991885,0.16007190942764282
1426,1748035308.0643497,0.16812843084335327
1427,1748035313.1612637,0.026226729154586792
1428,1748035319.4240546,0.3085669279098511
1429,1748035322.9507813,0.03056172840297222
1430,1748035329.7159414,0.09318181872367859
1431,1748035337.1866164,0.07672862708568573
1432,1748035343.9218507,0.05846486613154411
1433,1748035352.479701,0.07148769497871399
1434,1748035359.130034,0.04900434613227844
1435,1748035365.927143,0.012443576008081436
1436,1748035372.859089,0.027002129703760147
1437,1748035377.3181372,0.09645920991897583
1438,1748035385.089683,0.10498189926147461
1439,1748035392.5594268,0.17263834178447723
1440,1748035400.1114151,0.0020617791451513767
1441,1748035405.7751102,0.018886469304561615
1442,1748035413.381336,0.058759670704603195
1443,1748035419.6042905,0.10505501925945282
1444,1748035426.189281,0.02026193216443062
1445,1748035432.056037,0.0993833988904953
1446,1748035436.8415809,0.04315929859876633
1447,1748035443.1242785,0.16435399651527405
1448,1748035448.6263757,0.13107097148895264
1449,1748035455.2743125,0.017637109383940697
1450,1748035460.8722072,0.028962669894099236
1451,1748035465.3384256,0.0932127982378006
1452,1748035472.136741,0.1653156280517578
1453,1748035478.610409,0.06293641030788422
1454,1748035482.774518,0.0033681183122098446
1455,1748035487.572388,0.04711737856268883
1456,1748035495.4095879,0.12492512911558151
1457,1748035500.8213387,0.010585094802081585
1458,1748035507.534404,0.22757653892040253
1459,1748035513.2131858,0.09515489637851715
1460,1748035519.254986,0.006027546711266041
1461,1748035523.440759,0.03007235750555992
1462,1748035527.6203852,0.08905765414237976
1463,1748035532.6783175,0.0021030097268521786
1464,1748035537.3172717,0.0230171587318182
1465,1748035543.0069635,0.042517613619565964
1466,1748035549.0035956,0.1276085376739502
1467,1748035556.1365197,0.0026261815801262856
1468,1748035559.3583603,0.00860128365457058
1469,1748035564.755636,0.023454327136278152
1470,1748035569.5567982,0.06227543577551842
1471,1748035574.6919322,0.01345311850309372
1472,1748035581.3297296,0.17900530993938446
1473,1748035586.559983,0.022847473621368408
1474,1748035590.3179271,0.11349852383136749
1475,1748035595.5273833,0.005199284292757511
1476,1748035599.1388311,0.25827187299728394
1477,1748035604.9967914,0.5053278803825378
1478,1748035607.728568,0.0008847180288285017
1479,1748035613.2571685,0.04562132805585861
1480,1748035617.4182389,0.06499945372343063
1481,1748035621.9676409,0.2610013782978058
1482,1748035627.584502,0.12203143537044525
1483,1748035634.3567352,0.03129022940993309
1484,1748035639.4367862,0.04828886315226555
1485,1748035643.7409651,0.29544496536254883
1486,1748035649.6440022,0.46596455574035645
1487,1748035654.0002887,0.16493958234786987
1488,1748035657.6592822,0.2715073227882385
1489,1748035664.664829,0.45772308111190796
1490,1748035671.374972,0.1156022697687149
1491,1748035677.80648,0.2120143622159958
1492,1748035684.183126,0.17540256679058075
1493,1748035689.0579584,0.06867513805627823
1494,1748035694.655268,0.16347265243530273
1495,1748035700.1791697,0.02967100590467453
1496,1748035706.7136095,0.21468311548233032
1497,1748035712.9112847,0.12909573316574097
1498,1748035717.2965484,0.46161210536956787
1499,1748035722.6409454,0.015680624172091484
1500,1748035730.3058996,0.010020112618803978
1501,1748035736.0586963,0.18023502826690674
1502,1748035741.5985417,0.1451360583305359
1503,1748035747.609864,0.6073246002197266
1504,1748035752.3130982,0.059303708374500275
1505,1748035755.679839,0.024382110685110092
1506,1748035761.7206407,0.1526487022638321
1507,1748035767.7377353,0.32396388053894043
1508,1748035769.129079,0.007628479041159153
1509,1748035844.9623973,0.058487482368946075
1510,1748035851.5831144,0.2240239679813385
1511,1748035858.6433058,0.22063928842544556
1512,1748035864.2068834,0.1448633372783661
1513,1748035872.5032876,0.08517345786094666
1514,1748035880.022044,0.11363823711872101
1515,1748035886.5841646,0.16245929896831512
1516,1748035891.4675117,0.16456818580627441
1517,1748035897.9114227,0.33505043387413025
1518,1748035904.1060312,0.036815885454416275
1519,1748035911.001722,0.07074973732233047
1520,1748035914.740661,0.017817862331867218
1521,1748035918.8064718,0.1248043105006218
1522,1748035923.3034246,0.039252158254384995
1523,1748035930.7174416,0.17367134988307953
1524,1748035936.9786682,0.051551513373851776
1525,1748035942.2061386,0.09309564530849457
1526,1748035949.4361744,0.001334535889327526
1527,1748035955.7785861,0.05394400656223297
1528,1748035960.7378209,0.010065468959510326
1529,1748035966.4034562,0.14755481481552124
1530,1748035972.2671428,0.07759778201580048
1531,1748035979.8665762,0.16056090593338013
1532,1748035985.6655548,0.1042344868183136
1533,1748035992.6691852,0.020355666056275368
1534,1748035996.503587,0.006041180342435837
1535,1748036003.493711,0.0896885022521019
1536,1748036009.4355884,0.04429982230067253
1537,1748036013.9785178,0.02730736881494522
1538,1748036019.7266915,0.1511160433292389
1539,1748036025.54956,0.07600335031747818
1540,1748036031.1819913,0.06525789201259613
1541,1748036039.6094046,0.2930564880371094
1542,1748036043.172003,0.009090272709727287
1543,1748036046.78115,0.04257356375455856
1544,1748036052.8918908,0.0017549426993355155
1545,1748036057.4430494,0.39041948318481445
1546,1748036062.4841535,0.00626410823315382
1547,1748036067.3479826,0.022701535373926163
1548,1748036072.3053012,0.06395751237869263
1549,1748036076.1608942,0.039686419069767
1550,1748036080.9041264,0.02932405099272728
1551,1748036088.315438,0.262020468711853
1552,1748036094.3697248,0.06826752424240112
1553,1748036098.369015,0.011375976726412773
1554,1748036108.1652148,0.18828481435775757
1555,1748036114.9376397,0.02285032533109188
1556,1748036119.6632192,0.0031907425727695227
1557,1748036124.8185825,0.06706534326076508
1558,1748036130.5752592,0.007140203379094601
1559,1748036136.5640087,0.6438000798225403
1560,1748036143.4641736,0.11499179899692535
1561,1748036146.7470715,0.42022594809532166
1562,1748036150.705853,0.0672559142112732
1563,1748036156.030979,0.06078845262527466
1564,1748036163.1573792,0.023855701088905334
1565,1748036166.4353938,0.09152279794216156
1566,1748036172.8538525,0.14272847771644592
1567,1748036176.053875,0.13828778266906738
1568,1748036181.3034213,0.20068421959877014
1569,1748036185.71767,0.05269193276762962
1570,1748036191.4260416,0.013906557112932205
1571,1748036198.7257051,0.23006165027618408
1572,1748036205.902898,0.05290452390909195
1573,1748036212.9949174,0.0627361312508583
1574,1748036220.3285356,0.21532587707042694
1575,1748036224.5255399,0.0533224456012249
1576,1748036229.7118106,0.08633516728878021
1577,1748036234.0315526,0.023100126534700394
1578,1748036238.3851566,0.1721983253955841
1579,1748036242.5694823,0.21644440293312073
1580,1748036247.6779668,0.28239646553993225
1581,1748036251.6542768,0.016580430790781975
1582,1748036257.5832956,0.06544514000415802
1583,1748036261.8264623,0.03536243736743927
1584,1748036266.3618352,0.20957475900650024
1585,1748036272.2374165,0.10271083563566208
1586,1748036276.1025386,0.003899210598319769
1587,1748036281.0601559,0.023759333416819572
1588,1748036285.3418198,0.16916440427303314
1589,1748036291.1838973,0.024383973330259323
1590,1748036296.034629,0.05980231612920761
1591,1748036304.2266405,0.08577524125576019
1592,1748036310.6729372,0.0703340545296669
1593,1748036314.2118998,0.021997271105647087
1594,1748036319.5093043,0.12031488865613937
1595,1748036323.1779203,0.07937454432249069
1596,1748036329.597506,0.11938625574111938
1597,1748036333.8690999,0.014190137386322021
1598,1748036338.4111652,0.1377100944519043
1599,1748036343.733209,0.09427681565284729
1600,1748036348.4203968,0.0837087631225586
1601,1748036354.1863196,0.08285960555076599
1602,1748036359.9260206,0.04546315222978592
1603,1748036363.0190315,0.18633024394512177
1604,1748036367.1670525,0.0224422849714756
1605,1748036372.7939026,0.10310991108417511
1606,1748036377.934069,0.18861550092697144
1607,1748036383.5874197,0.08144471049308777
1608,1748036391.0816443,0.4223344922065735
1609,1748036397.585387,0.01493682712316513
1610,1748036401.6624534,0.2616085112094879
1611,1748036405.768193,0.057272858917713165
1612,1748036412.3640478,0.04582679271697998
1613,1748036416.5435638,0.11979903280735016
1614,1748036420.8615677,0.32296961545944214
1615,1748036428.5018358,0.036059457808732986
1616,1748036435.173833,0.07649457454681396
1617,1748036443.3651805,0.07572083175182343
1618,1748036447.316724,0.02879182994365692
1619,1748036451.2172117,0.05387955158948898
1620,1748036459.318106,0.09538953006267548
1621,1748036467.036215,0.4570527672767639
1622,1748036474.118472,0.0032915063202381134
1623,1748036480.0609314,0.04472530633211136
1624,1748036481.2869804,0.053939539939165115
1625,1748036556.89664,0.1465834379196167
1626,1748036561.9617336,0.23743581771850586
1627,1748036566.8170922,0.08592191338539124
1628,1748036573.3394332,0.0695488303899765
1629,1748036578.3370383,0.041192807257175446
1630,1748036582.6822214,0.05406687408685684
1631,1748036591.3378036,0.12244072556495667
1632,1748036596.5013804,0.03396420180797577
1633,1748036599.6560783,0.0985984206199646
1634,1748036604.3512478,0.0650058388710022
1635,1748036609.0841486,0.013888787478208542
1636,1748036615.8556092,0.23582009971141815
1637,1748036623.0057688,0.05775681883096695
1638,1748036630.2464437,0.038984671235084534
1639,1748036636.4690952,0.06447473168373108
1640,1748036642.212741,0.22950950264930725
1641,1748036648.0094557,0.04578639566898346
1642,1748036656.3584414,0.04649275541305542
1643,1748036660.7218022,0.012727837078273296
1644,1748036664.742044,0.026244482025504112
1645,1748036671.3032181,0.10004469752311707
1646,1748036678.1215293,0.15436875820159912
1647,1748036681.574277,0.0025985976681113243
1648,1748036686.5056124,0.0014895214699208736
1649,1748036691.825718,0.03250689432024956
1650,1748036697.565907,0.24157172441482544
1651,1748036704.2292063,0.06631845235824585
1652,1748036708.657353,0.0003460656735114753
1653,1748036712.493456,0.16641446948051453
1654,1748036717.9343002,0.05537828430533409
1655,1748036722.661346,0.0909968912601471
1656,1748036728.0775628,0.07607205212116241
1657,1748036736.6444788,0.014909651130437851
1658,1748036743.9343815,0.24125950038433075
1659,1748036749.2333188,0.045964889228343964
1660,1748036753.462042,0.09648727625608444
1661,1748036758.1731508,0.001691365148872137
1662,1748036764.1361392,0.01056613214313984
1663,1748036770.4650164,0.0754239410161972
1664,1748036774.8610945,0.04139073193073273
1665,1748036779.9297376,0.10560545325279236
1666,1748036783.319566,0.06789045035839081
1667,1748036791.021187,0.029807977378368378
1668,1748036796.7914016,0.14448153972625732
1669,1748036801.3702161,0.48406657576560974
1670,1748036807.5324,0.47917887568473816
1671,1748036813.141079,0.2141621708869934
1672,1748036817.019891,0.07033267617225647
1673,1748036823.7601047,0.35525715351104736
1674,1748036828.8708785,0.13889312744140625
1675,1748036833.475406,0.06396239250898361
1676,1748036839.6898434,0.10449892282485962
1677,1748036843.6966221,0.14392824470996857
1678,1748036848.336628,0.061565738171339035
1679,1748036852.4013214,0.08445486426353455
1680,1748036858.4765012,0.0520394966006279
1681,1748036864.0020401,0.24281911551952362
1682,1748036873.2251248,0.08137547224760056
1683,1748036878.1731145,0.09483201801776886
1684,1748036883.2524621,0.03745313361287117
1685,1748036889.181295,0.13782474398612976
1686,1748036894.846665,0.1074361801147461
1687,1748036899.7302313,0.21502506732940674
1688,1748036905.2994258,0.14118514955043793
1689,1748036909.4561863,0.09105119109153748
1690,1748036915.8766162,0.011677945032715797
1691,1748036920.627128,0.3967989385128021
1692,1748036924.606841,0.07874701917171478
1693,1748036929.663863,0.2075318992137909
1694,1748036934.7148921,0.0022134119644761086
1695,1748036940.8493736,0.2086927592754364
1696,1748036946.2569718,0.15984567999839783
1697,1748036950.7499845,0.010124258697032928
1698,1748036955.3823464,0.05254857987165451
1699,1748036959.5622597,0.059743285179138184
1700,1748036963.4567676,0.08253321796655655
1701,1748036968.712512,0.07719768583774567
1702,1748036974.934953,0.2623912990093231
1703,1748036980.350032,0.14907750487327576
1704,1748036984.5412464,0.17204725742340088
1705,1748036989.6139853,0.051718831062316895
1706,1748036995.0851924,0.15483304858207703
1707,1748037000.4222152,0.16138018667697906
1708,1748037007.6866841,0.025459028780460358
1709,1748037012.52844,0.02491649053990841
1710,1748037016.3038974,0.018855025991797447
1711,1748037021.9250913,0.20360293984413147
1712,1748037028.8055086,0.013259178027510643
1713,1748037033.7241657,0.04413875192403793
1714,1748037041.902003,0.040832675993442535
1715,1748037049.9540267,0.14842912554740906
1716,1748037054.3317814,0.010162880644202232
1717,1748037061.6556683,0.05717241391539574
1718,1748037066.8787315,0.006353949196636677
1719,1748037071.9508216,0.13836199045181274
1720,1748037076.7890935,0.004428838845342398
1721,1748037083.258895,0.03433431684970856
1722,1748037089.4488542,0.1724216789007187
1723,1748037093.532511,0.06322220712900162
1724,1748037103.324324,0.02373605966567993
1725,1748037110.9844403,0.10202603042125702
1726,1748037117.284079,0.028683040291070938
1727,1748037122.179115,0.07755955308675766
1728,1748037126.8853066,0.10930418968200684
1729,1748037132.455329,0.008075812831521034
1730,1748037139.3005743,0.05198519676923752
1731,1748037144.686184,0.06081058830022812
1732,1748037151.3085837,0.12164667248725891
1733,1748037156.8396888,0.0788920670747757
1734,1748037163.5818493,0.023660551756620407
1735,1748037168.268547,0.029406461864709854
1736,1748037176.269426,0.06415194272994995
1737,1748037182.9991074,0.11474476754665375
1738,1748037189.6204598,0.21036729216575623
1739,1748037192.8483994,0.002290635835379362
1740,1748037194.225406,0.005051385145634413
1741,1748037277.7789416,0.11714854091405869
1742,1748037283.9918664,0.01590922474861145
1743,1748037289.367469,0.027639251202344894
1744,1748037295.8949664,0.03652917221188545
1745,1748037301.8375266,0.2813985049724579
1746,1748037307.1008291,0.055674321949481964
1747,1748037311.427067,0.2721824049949646
1748,1748037316.4864814,0.002026477362960577
1749,1748037329.812305,0.14023806154727936
1750,1748037337.6947947,0.3919292390346527
1751,1748037343.359748,0.09763641655445099
1752,1748037349.200147,0.24995657801628113
1753,1748037353.2264967,0.11289350688457489
1754,1748037358.11132,0.34671348333358765
1755,1748037364.117687,0.08685507625341415
1756,1748037367.0173876,0.15308800339698792
1757,1748037372.9352558,0.21212300658226013
1758,1748037378.0633698,0.21676573157310486
1759,1748037384.204993,0.07290427386760712
1760,1748037389.994669,0.05595492571592331
1761,1748037396.4432466,0.04422427713871002
1762,1748037403.6262693,0.02632077783346176
1763,1748037407.8098314,0.07934431731700897
1764,1748037419.5818768,0.29673075675964355
1765,1748037424.6388218,0.03789646551012993
1766,1748037431.7761834,0.0073049599304795265
1767,1748037439.4553308,0.02663075178861618
1768,1748037445.7127676,0.11181586235761642
1769,1748037451.0716908,0.2107466459274292
1770,1748037457.4232817,0.14952129125595093
1771,1748037465.4582777,0.016177143901586533
1772,1748037471.9285426,0.09649737179279327
1773,1748037477.4812303,0.04712369292974472
1774,1748037485.0184639,0.11379478871822357
1775,1748037489.0137835,0.058661650866270065
1776,1748037495.7748926,0.12006937712430954
1777,1748037501.5730693,0.23468446731567383
1778,1748037507.0780401,0.13549859821796417
1779,1748037513.4274545,0.20531249046325684
1780,1748037520.8995268,0.016176115721464157
1781,1748037526.7484035,0.0645669549703598
1782,1748037532.3337107,0.01236371323466301
1783,1748037538.7762733,0.005446087568998337
1784,1748037543.9163003,0.09209909290075302
1785,1748037550.4812326,0.004089463502168655
1786,1748037555.7135468,0.05463898181915283
1787,1748037562.8094468,0.0025608339346945286
1788,1748037565.8419764,0.347002238035202
1789,1748037571.36162,0.011232270859181881
1790,1748037578.1965156,0.005709381308406591
1791,1748037586.199399,0.13540968298912048
1792,1748037591.8270042,0.06794827431440353
1793,1748037598.5531888,0.13646864891052246
1794,1748037606.774239,0.221428781747818
1795,1748037612.4538076,0.003368243109434843
1796,1748037617.9133646,0.24864274263381958
1797,1748037622.3899138,0.026699943467974663
1798,1748037632.514688,0.24130472540855408
1799,1748037636.6743934,0.018312331289052963
1800,1748037640.0411205,0.01074825506657362
1801,1748037644.453612,0.015639154240489006
1802,1748037650.657798,0.10096877813339233
1803,1748037657.727401,0.014813247136771679
1804,1748037662.6847994,0.006068226881325245
1805,1748037668.1651986,0.028511440381407738
1806,1748037672.798328,0.3018569052219391
1807,1748037676.0312312,0.04866401478648186
1808,1748037681.1114652,0.03525742515921593
1809,1748037689.1537433,0.06910984218120575
1810,1748037695.2959816,0.036719910800457
1811,1748037699.599861,0.026347756385803223
1812,1748037703.9248426,0.11975032091140747
1813,1748037709.7325552,0.11900842189788818
1814,1748037714.7412558,0.06933750212192535
1815,1748037719.0642931,0.1379125714302063
1816,1748037724.9447033,0.0023991111665964127
1817,1748037729.7757354,0.005651762243360281
1818,1748037737.2680564,0.13765516877174377
1819,1748037742.385337,0.03235303983092308
1820,1748037747.8414707,0.0391240231692791
1821,1748037754.0316176,0.018911316990852356
1822,1748037758.8948858,0.0033661944326013327
1823,1748037765.4740243,0.16871695220470428
1824,1748037769.35625,0.04584641382098198
1825,1748037773.6149912,0.004660268314182758
1826,1748037778.2750106,0.0012881633592769504
1827,1748037784.728652,0.07043468952178955
1828,1748037789.8959296,0.14344388246536255
1829,1748037796.3661556,0.056500524282455444
1830,1748037802.1937702,0.004623892717063427
1831,1748037806.501837,0.1933160275220871
1832,1748037811.393506,0.10486667603254318
1833,1748037815.7489438,0.013147769495844841
1834,1748037821.125097,0.3981083035469055
1835,1748037827.549047,0.30184271931648254
1836,1748037833.5699637,0.3278559148311615
1837,1748037838.8855135,0.3058101534843445
1838,1748037843.5034614,0.0872918963432312
1839,1748037847.2235634,0.12883490324020386
1840,1748037852.8012576,0.27874135971069336
1841,1748037859.2709715,0.7704160213470459
1842,1748037865.607989,0.0965370237827301
1843,1748037870.061276,0.14962205290794373
1844,1748037875.404546,0.09850138425827026
1845,1748037879.4887013,0.13547152280807495
1846,1748037885.9911795,0.1363379806280136
1847,1748037891.6342928,0.07924389839172363
1848,1748037896.3897004,0.3191683888435364
1849,1748037900.1005964,0.05257345363497734
1850,1748037906.3134801,0.06686734408140182
1851,1748037913.176054,0.26253312826156616
1852,1748037916.5127692,0.0929093211889267
1853,1748037920.5409362,0.09988024085760117
1854,1748037927.510283,0.1247728168964386
1855,1748037932.8523507,0.11167743057012558
1856,1748037934.4853945,0.0473594069480896
1857,1748038008.3015404,0.2386600226163864
1858,1748038015.8682964,0.15129980444908142
1859,1748038022.06948,0.12356963008642197
1860,1748038028.8622582,0.09444078058004379
1861,1748038033.7085,0.1507350206375122
1862,1748038038.036439,0.1892879456281662
1863,1748038044.2260714,0.04604211077094078
1864,1748038050.6700015,0.05216861888766289
1865,1748038057.6438086,0.03102324716746807
1866,1748038063.226054,0.031264230608940125
1867,1748038069.3957844,0.06674391031265259
1868,1748038075.404776,0.07933288812637329
1869,1748038078.876912,0.016061481088399887
1870,1748038084.3826985,0.026801809668540955
1871,1748038087.7374442,0.034712228924036026
1872,1748038092.059786,0.024737607687711716
1873,1748038097.8718543,0.04144618660211563
1874,1748038102.9743726,0.006990942172706127
1875,1748038109.0635076,0.052978500723838806
1876,1748038113.448452,0.03112882189452648
1877,1748038118.3394992,0.04980449378490448
1878,1748038123.8485975,0.0019945292733609676
1879,1748038129.8654563,0.002715949434787035
1880,1748038134.8706558,0.030009156093001366
1881,1748038141.1826208,0.006483626551926136
1882,1748038147.0335777,0.06909031420946121
1883,1748038152.2265742,0.0070833852514624596
1884,1748038160.8610544,0.18415650725364685
1885,1748038166.1557994,0.0013236359227448702
1886,1748038172.0916808,0.0536404550075531
1887,1748038179.2271974,0.039190277457237244
1888,1748038183.7222617,0.09269177913665771
1889,1748038191.6601737,0.3499898314476013
1890,1748038196.8574073,0.021564265713095665
1891,1748038202.4809828,0.046780429780483246
1892,1748038206.7234488,0.46795791387557983
1893,1748038211.5215948,0.07717461884021759
1894,1748038216.4898884,0.006258325185626745
1895,1748038221.1853797,0.0027913874946534634
1896,1748038227.4492686,0.40527570247650146
1897,1748038233.2854874,0.07603700459003448
1898,1748038239.8960752,0.058621905744075775
1899,1748038244.8817577,0.11488380283117294
1900,1748038250.0344589,0.002440850017592311
1901,1748038254.0971587,0.02216055616736412
1902,1748038258.698626,0.008522477000951767
1903,1748038263.7310324,0.17215025424957275
1904,1748038268.17042,0.0933535099029541
1905,1748038274.7215385,0.004845716059207916
1906,1748038282.6149528,0.10126358270645142
1907,1748038288.6818054,0.0018156379228457808
1908,1748038292.4372933,0.04591699689626694
1909,1748038296.0637472,0.13586090505123138
1910,1748038303.9207048,0.016635268926620483
1911,1748038309.544999,0.12202152609825134
1912,1748038316.0842266,0.035411715507507324
1913,1748038321.3039382,0.05208222568035126
1914,1748038326.2307856,0.1926826536655426
1915,1748038331.1034539,0.05961001664400101
1916,1748038335.9803572,0.0754791721701622
1917,1748038341.8315048,0.03794129937887192
1918,1748038345.9653337,0.10079501569271088
1919,1748038350.9331405,0.06592143326997757
1920,1748038356.2621837,0.02843550592660904
1921,1748038362.263413,0.09689076989889145
1922,1748038367.85643,0.02892828732728958
1923,1748038371.9090214,0.0065610092133283615
1924,1748038376.8104866,0.12461408227682114
1925,1748038381.7415898,0.08430230617523193
1926,1748038385.285997,0.06320735812187195
1927,1748038389.9034464,0.2943035364151001
1928,1748038393.7942162,0.083526611328125
1929,1748038397.8418314,0.01694827899336815
1930,1748038403.445166,0.044993236660957336
1931,1748038408.1440837,0.001384283765219152
1932,1748038414.4877498,0.2749567925930023
1933,1748038417.971089,0.009183015674352646
1934,1748038422.9848452,0.03819039836525917
1935,1748038428.61906,0.09447017312049866
1936,1748038434.8379545,0.004140615463256836
1937,1748038441.9445584,0.025103455409407616
1938,1748038448.7566223,0.001191155519336462
1939,1748038454.2091768,0.10677474737167358
1940,1748038461.3299608,0.036926813423633575
1941,1748038466.2274265,0.1378643959760666
1942,1748038472.922692,0.19648367166519165
1943,1748038479.1823583,0.047112494707107544
1944,1748038486.3841352,0.10262089222669601
1945,1748038491.423849,0.17064118385314941
1946,1748038496.635933,0.004192435648292303
1947,1748038502.6908572,0.18840329349040985
1948,1748038505.8179939,0.0026800089981406927
1949,1748038512.595432,0.008585292845964432
1950,1748038518.9241483,0.3809218406677246
1951,1748038522.9449759,0.021363191306591034
1952,1748038528.2711055,0.014975640922784805
1953,1748038533.7791023,0.003848148975521326
1954,1748038538.0334094,0.020160961896181107
1955,1748038542.427518,0.08696061372756958
1956,1748038549.1947443,0.2987767457962036
1957,1748038555.7755706,0.20347383618354797
1958,1748038561.8207116,0.07411149144172668
1959,1748038568.9043756,0.10513408482074738
1960,1748038572.4764168,0.07871393859386444
1961,1748038579.421541,0.15647655725479126
1962,1748038585.7472281,0.08485104888677597
1963,1748038591.1356459,0.07370065897703171
1964,1748038595.5090976,0.06338909268379211
1965,1748038600.5478344,0.2507449686527252
1966,1748038607.6686394,0.25268593430519104
1967,1748038614.7346833,0.05619578808546066
1968,1748038618.6843853,0.0483209453523159
1969,1748038624.6281354,0.02546728029847145
1970,1748038629.2263906,0.15566854178905487
1971,1748038633.2165318,0.011800270527601242
1972,1748038634.5070167,0.002034940989688039
1973,1748038709.4142292,0.1600024402141571
1974,1748038713.450767,0.008729798719286919
1975,1748038720.1192915,0.17581743001937866
1976,1748038724.9244173,0.09326117485761642
1977,1748038729.013309,0.0864872932434082
1978,1748038735.71072,0.16485975682735443
1979,1748038742.8689857,0.1014576181769371
1980,1748038749.7763433,0.050673067569732666
1981,1748038754.6374097,0.1417173147201538
1982,1748038761.5970366,0.18655085563659668
1983,1748038769.5356169,0.14215858280658722
1984,1748038775.8428037,0.0646970123052597
1985,1748038780.4702725,0.026286203414201736
1986,1748038788.9023771,0.27603086829185486
1987,1748038793.2687378,0.06364354491233826
1988,1748038797.9035187,0.08070748299360275
1989,1748038803.6625226,0.021995898336172104
1990,1748038807.744277,0.03975004330277443
1991,1748038812.146102,0.25045275688171387
1992,1748038817.0776522,0.07120862603187561
1993,1748038821.9077082,0.016240699216723442
1994,1748038830.1048322,0.0706423968076706
1995,1748038834.9988253,0.006704853847622871
1996,1748038839.0304306,0.006024771835654974
1997,1748038844.0684767,0.013504872098565102
1998,1748038848.8114974,0.045964114367961884
1999,1748038852.1647964,0.20617586374282837
2000,1748038856.3822763,0.11239305138587952
2001,1748038861.8818653,0.0934838205575943
2002,1748038867.060443,0.014792727306485176
2003,1748038870.493521,0.0021521830931305885
2004,1748038874.702385,0.09116052091121674
2005,1748038883.4215577,0.40197914838790894
2006,1748038890.7806785,0.2601569890975952
2007,1748038897.0450957,0.10887011885643005
2008,1748038902.6260056,0.060782499611377716
2009,1748038907.7217507,0.026310965418815613
2010,1748038914.4213026,0.07851498574018478
2011,1748038920.1055143,0.33607980608940125
2012,1748038926.8706937,0.2398785650730133
2013,1748038931.2920496,0.11735900491476059
2014,1748038940.4118738,0.0485871247947216
2015,1748038946.940116,0.013576872646808624
2016,1748038950.7413526,0.07102739810943604
2017,1748038955.2774196,0.058148063719272614
2018,1748038959.2356787,0.10558651387691498
2019,1748038964.5228925,0.10452153533697128
2020,1748038969.720522,0.1172591894865036
2021,1748038973.8061404,0.002034860197454691
2022,1748038979.6290736,0.08092514425516129
2023,1748038984.47659,0.07739856839179993
2024,1748038990.4533463,0.23597417771816254
2025,1748038995.5563188,0.03338217735290527
2026,1748039002.9224732,0.036068812012672424
2027,1748039007.3303351,0.18534164130687714
2028,1748039013.3737009,0.15129517018795013
2029,1748039019.6579587,0.13712668418884277
2030,1748039026.0049498,0.04790337011218071
2031,1748039032.0022125,0.0441344752907753
2032,1748039038.9258413,0.05083649605512619
2033,1748039043.056595,0.06510983407497406
2034,1748039050.0672193,0.02782691828906536
2035,1748039057.759091,0.021146491169929504
2036,1748039061.8659692,0.0037935618311166763
2037,1748039065.365283,0.08759789913892746
2038,1748039070.8519669,0.033226195722818375
2039,1748039075.2214513,0.054810844361782074
2040,1748039078.3211854,0.12575212121009827
2041,1748039082.944779,0.004460291936993599
2042,1748039089.1349113,0.04699389263987541
2043,1748039094.8302858,0.031340960413217545
2044,1748039102.3764803,0.04790852591395378
2045,1748039109.1237762,0.01927531510591507
2046,1748039113.6671236,0.12826496362686157
2047,1748039117.782985,0.19004273414611816
2048,1748039122.1204398,0.021432798355817795
2049,1748039128.5573177,0.2596645951271057
2050,1748039134.8618445,0.16452732682228088
2051,1748039141.88,0.014153966680169106
2052,1748039146.119585,0.19370953738689423
2053,1748039153.2857337,0.08945824950933456
2054,1748039160.7929776,0.0648544579744339
2055,1748039164.7924974,0.00843442790210247
2056,1748039172.7424376,0.2991432547569275
2057,1748039178.6913042,0.2804180383682251
2058,1748039184.2459016,0.17185160517692566
2059,1748039189.7010467,0.03468237444758415
2060,1748039193.5450416,0.07520892471075058
2061,1748039199.4489455,0.023771125823259354
2062,1748039203.6265073,0.05119062587618828
2063,1748039209.8622959,0.008883864618837833
2064,1748039214.2847626,0.3416392207145691
2065,1748039218.8921134,0.24879023432731628
2066,1748039227.0847871,0.08607175201177597
2067,1748039230.518406,0.05255895107984543
2068,1748039240.2812903,0.11086821556091309
2069,1748039250.245828,0.06357307732105255
2070,1748039255.8402731,0.03936655819416046
2071,1748039259.573199,0.014588499441742897
2072,1748039266.0281456,0.16030675172805786
2073,1748039271.1715806,0.013349821791052818
2074,1748039274.4096804,0.14117860794067383
2075,1748039281.3899624,0.020649921149015427
2076,1748039288.3893774,0.16009286046028137
2077,1748039296.3623369,0.05725063011050224
2078,1748039299.476396,0.029971329495310783
2079,1748039305.22142,0.0038647400215268135
2080,1748039309.6291642,0.016872629523277283
2081,1748039316.8838449,0.15733526647090912
2082,1748039324.3164253,0.05752008408308029
2083,1748039329.306167,0.08005589246749878
2084,1748039333.026835,0.056803759187459946
2085,1748039339.9441042,0.040096741169691086
2086,1748039347.9522557,0.10951375961303711
2087,1748039353.670415,0.003013890702277422
2088,1748039355.4412103,0.07474510371685028
2089,1748039432.9034426,0.13723093271255493
2090,1748039437.9334006,0.005584401544183493
2091,1748039443.5236633,0.09484367072582245
2092,1748039448.61801,0.26705044507980347
2093,1748039452.8357258,0.05406833440065384
2094,1748039457.5623207,0.0017728430684655905
2095,1748039461.9584103,0.09300658106803894
2096,1748039466.73399,0.18427066504955292
2097,1748039472.6903026,0.02085205912590027
2098,1748039477.6648068,0.04191828891634941
2099,1748039481.5880427,0.005783712025731802
2100,1748039487.0449798,0.07319426536560059
2101,1748039492.613429,0.02492579072713852
2102,1748039496.7765296,0.0022869068197906017
2103,1748039502.8552682,0.07509966939687729
2104,1748039507.5769541,0.02995929680764675
2105,1748039512.3761456,0.18759970366954803
2106,1748039519.0529847,0.014103177934885025
2107,1748039523.108137,0.04131858050823212
2108,1748039529.0216372,0.08436642587184906
2109,1748039533.1320949,0.2034013569355011
2110,1748039538.4226396,0.020006220787763596
2111,1748039548.197353,0.15410833060741425
2112,1748039554.072208,0.04475396126508713
2113,1748039559.1969583,0.026627546176314354
2114,1748039564.629197,0.20761337876319885
2115,1748039569.571861,0.049496155232191086
2116,1748039576.8017693,0.10965655744075775
2117,1748039582.8272443,0.0007653315551578999
2118,1748039588.5880537,0.028931906446814537
2119,1748039593.5181422,0.04766450449824333
2120,1748039604.9460623,0.04249780997633934
2121,1748039610.5269508,0.041546911001205444
2122,1748039615.5708506,0.2278537005186081
2123,1748039622.26316,0.06289929151535034
2124,1748039629.670853,0.1174398884177208
2125,1748039636.718277,0.040178585797548294
2126,1748039640.9770243,0.12278689444065094
2127,1748039647.3097832,0.003431461751461029
2128,1748039652.6868682,0.04015202075242996
2129,1748039658.9034946,0.0040942709892988205
2130,1748039664.1324925,0.004543676041066647
2131,1748039668.6677544,0.11179640889167786
2132,1748039672.4172487,0.11936987936496735
2133,1748039678.7474158,0.004721201490610838
2134,1748039683.166289,0.3781620264053345
2135,1748039687.0278916,0.03747698292136192
2136,1748039691.7502487,0.01206497848033905
2137,1748039697.7565937,0.062473785132169724
2138,1748039703.7234228,0.03798729553818703
2139,1748039706.93076,0.04955270141363144
2140,1748039713.6157253,0.06839978694915771
2141,1748039718.7758846,0.02322389930486679
2142,1748039723.9948516,0.07487370073795319
2143,1748039729.711268,0.060972895473241806
2144,1748039733.7069705,0.009271059185266495
2145,1748039739.0815458,0.07888893783092499
2146,1748039743.7428107,0.05487523600459099
2147,1748039749.411802,0.02916552685201168
2148,1748039758.1071932,0.013396777212619781
2149,1748039762.704972,0.05303938314318657
2150,1748039766.7729275,0.009693492203950882
2151,1748039772.991628,0.08608945459127426
2152,1748039779.375629,0.11682993173599243
2153,1748039782.4617674,0.07963091880083084
2154,1748039788.93196,0.004135499242693186
2155,1748039792.3661134,0.12284424901008606
2156,1748039796.2113109,0.007029981818050146
2157,1748039802.1655633,0.12813837826251984
2158,1748039806.3228307,0.006750850938260555
2159,1748039811.8279586,0.011144740507006645
2160,1748039817.2413712,0.007256659679114819
2161,1748039824.7054582,0.0012043549213558435
2162,1748039829.350986,0.08801007270812988
2163,1748039834.2402341,0.19936394691467285
2164,1748039837.1080086,0.021715335547924042
2165,1748039842.2670484,0.006801168899983168
2166,1748039848.905609,0.023009739816188812
2167,1748039853.3201988,0.01179837342351675
2168,1748039859.4901688,0.01006714440882206
2169,1748039865.492807,0.1544514298439026
2170,1748039871.1708133,0.000950637913774699
2171,1748039876.7706196,0.04465070366859436
2172,1748039881.295072,0.09586935490369797
2173,1748039885.7201843,0.10133343935012817
2174,1748039890.408615,0.048457127064466476
2175,1748039896.0548184,0.0005919472896493971
2176,1748039900.577061,0.014991730451583862
2177,1748039906.8333623,0.251725971698761
2178,1748039912.539802,0.03224383667111397
2179,1748039916.8022785,0.18250605463981628
2180,1748039923.7370563,0.005064740311354399
2181,1748039929.8404155,0.18995040655136108
2182,1748039937.1801698,0.016243543475866318
2183,1748039944.3333886,0.02432667277753353
2184,1748039949.965878,0.0034477352164685726
2185,1748039955.811804,0.010743646882474422
2186,1748039960.456255,0.1540462225675583
2187,1748039965.9646444,0.11516866087913513
2188,1748039972.3202817,0.15201273560523987
2189,1748039978.1172242,0.18339715898036957
2190,1748039983.7436073,0.03529028594493866
2191,1748039989.1086264,0.024137407541275024
2192,1748039995.0510316,0.09210743755102158
2193,1748040000.3372185,0.004021013155579567
2194,1748040005.9440873,0.013756385073065758
2195,1748040009.7418683,0.04068858548998833
2196,1748040014.3321247,0.024442411959171295
2197,1748040018.6206088,0.04455229640007019
2198,1748040024.382987,0.04567773640155792
2199,1748040030.1982868,0.03308658301830292
2200,1748040034.351258,0.015552336350083351
2201,1748040043.6118457,0.09172692149877548
2202,1748040051.0625646,0.11989938467741013
2203,1748040059.984339,0.010945918038487434
2204,1748040061.5034475,0.5040743947029114
2205,1748040147.0688436,0.25833916664123535
2206,1748040154.7558296,0.08106179535388947
2207,1748040163.136384,0.12443217635154724
2208,1748040169.5607235,0.025189418345689774
2209,1748040176.8481958,0.01717682182788849
2210,1748040181.9180048,0.07420941442251205
2211,1748040186.4344783,0.13456234335899353
2212,1748040191.3642826,0.04319678246974945
2213,1748040197.408452,0.01657715067267418
2214,1748040203.6443138,0.06435496360063553
2215,1748040209.3343801,0.25685203075408936
2216,1748040214.1609838,0.07458868622779846
2217,1748040218.4980254,0.008387859910726547
2218,1748040225.1956012,0.04786761850118637
2219,1748040230.2414474,0.012133556418120861
2220,1748040234.1115985,0.0816679298877716
2221,1748040239.2572422,0.20296728610992432
2222,1748040246.47802,0.089599609375
2223,1748040251.6915205,0.001737191341817379
2224,1748040255.4992924,0.013530324213206768
2225,1748040260.0277557,0.0041283960454165936
2226,1748040265.7659786,0.08044596016407013
2227,1748040272.9862857,0.08159638941287994
2228,1748040277.8545732,0.012276489287614822
2229,1748040282.252736,0.20710954070091248
2230,1748040287.962496,0.005036144517362118
2231,1748040293.5978198,0.005929205566644669
2232,1748040300.0262141,0.002992022316902876
2233,1748040304.3501704,0.05586973577737808
2234,1748040309.1637545,0.016692329198122025
2235,1748040315.5059133,0.06743170320987701
2236,1748040319.1328354,0.0031220577657222748
2237,1748040324.7508214,0.05846253037452698
2238,1748040328.779443,0.07701429724693298
2239,1748040334.4969435,0.041738882660865784
2240,1748040338.718995,0.08063644170761108
2241,1748040346.0044708,0.034861527383327484
2242,1748040351.2512686,0.16435407102108002
2243,1748040354.4923322,0.008782737888395786
2244,1748040358.1323955,0.20387397706508636
2245,1748040364.2579522,0.0027786155696958303
2246,1748040367.935783,0.043979987502098083
2247,1748040372.467411,0.002832025056704879
2248,1748040376.180705,0.002556426916271448
2249,1748040379.7329087,0.03149643540382385
2250,1748040383.9106965,0.014075834304094315
2251,1748040388.2302127,0.024171005934476852
2252,1748040393.0897338,0.23632840812206268
2253,1748040397.5242014,0.30973541736602783
2254,1748040401.5989003,0.09934715926647186
2255,1748040404.8830535,0.00546016450971365
2256,1748040408.0980322,0.0129977036267519
2257,1748040411.140789,0.013158019632101059
2258,1748040414.199128,0.04885311424732208
2259,1748040418.317285,0.07827146351337433
2260,1748040421.7768877,0.19129113852977753
2261,1748040424.624526,0.03565499186515808
2262,1748040427.774096,0.003273644484579563
2263,1748040430.9118423,0.03614194691181183
2264,1748040433.8337493,0.04420728608965874
2265,1748040436.7785168,0.17008087038993835
2266,1748040440.1265454,0.11542493104934692
2267,1748040443.729956,0.1326134204864502
2268,1748040447.343496,0.10479980707168579
2269,1748040450.744717,0.056935831904411316
2270,1748040454.5062041,0.38498347997665405
2271,1748040458.0563235,0.06435787677764893
2272,1748040461.3364344,0.0367889367043972
2273,1748040464.600584,0.10256519168615341
2274,1748040468.3462217,0.10988686978816986
2275,1748040472.672242,0.007405164651572704
2276,1748040475.8061578,0.018426287919282913
2277,1748040479.4766412,0.04943811148405075
2278,1748040482.9944348,0.05191841349005699
2279,1748040486.5816505,0.03797063231468201
2280,1748040490.0197887,0.0033734708558768034
2281,1748040493.5885186,0.10587730258703232
2282,1748040496.8836286,0.00840400718152523
2283,1748040500.8630018,0.12135998904705048
2284,1748040504.3202028,0.08344533294439316
2285,1748040507.55992,0.019976884126663208
2286,1748040511.3274813,0.18352936208248138
2287,1748040514.938956,0.022767646238207817
2288,1748040519.2857673,0.07883249968290329
2289,1748040523.1873915,0.03892476484179497
2290,1748040527.023204,0.002519188215956092
2291,1748040530.3090327,0.013974446803331375
2292,1748040534.3589578,0.05590691417455673
2293,1748040537.559763,0.030007539317011833
2294,1748040541.1561213,0.046009570360183716
2295,1748040544.8878412,0.005234987940639257
2296,1748040548.4581575,0.0037863876204937696
2297,1748040552.036973,0.012202393263578415
2298,1748040555.2546,0.006691315211355686
2299,1748040558.5637207,0.005947344936430454
2300,1748040561.8624089,0.00043092365376651287
2301,1748040565.3778338,0.008308938704431057
2302,1748040569.700949,0.022378629073500633
2303,1748040573.520998,0.025801051408052444
2304,1748040577.14552,0.0004511659499257803
2305,1748040581.07009,0.0032256755512207747
2306,1748040584.6242511,0.0018303734250366688
2307,1748040587.607835,0.0013333044480532408
2308,1748040591.3252726,0.025953000411391258
2309,1748040595.0706332,0.003432229161262512
2310,1748040598.8889582,0.10186982154846191
2311,1748040602.6980531,0.016889844089746475
2312,1748040606.177096,0.010572548024356365
2313,1748040610.4143364,0.1740962117910385
2314,1748040613.7995427,7.838502642698586e-05
2315,1748040618.1720977,0.009132827632129192
2316,1748040621.774818,0.25796636939048767
2317,1748040625.1415215,0.0109638636931777
2318,1748040628.5937471,0.0019455798901617527
2319,1748040632.1086166,0.008400900289416313
2320,1748040633.5595055,0.11464118957519531
