step,wall_time,value
1,1748026690.533665,1.7241379737242823e-06
2,1748026694.5696461,3.4482759474485647e-06
3,1748026701.7768362,5.172413693799172e-06
4,1748026708.2363958,6.896551894897129e-06
5,1748026711.8714328,8.620690095995087e-06
6,1748026716.2588367,1.0344827387598343e-05
7,1748026721.23771,1.2068965588696301e-05
8,1748026728.715809,1.3793103789794259e-05
9,1748026735.6054661,1.5517241990892217e-05
10,1748026739.8911843,1.7241380191990174e-05
11,1748026743.012788,1.896551657409873e-05
12,1748026747.7918477,2.0689654775196686e-05
13,1748026750.0290787,2.2413792976294644e-05
14,1748026755.326241,2.4137931177392602e-05
15,1748026761.3526967,2.586206937849056e-05
16,1748026768.4792447,2.7586207579588518e-05
17,1748026771.832925,2.9310343961697072e-05
18,1748026776.4906697,3.103448398178443e-05
19,1748026783.7281785,3.275862036389299e-05
20,1748026787.932646,3.448276038398035e-05
21,1748026794.0677655,3.62068967660889e-05
22,1748026802.6520083,3.793103314819746e-05
23,1748026808.0126715,3.965517316828482e-05
24,1748026815.0236075,4.137930955039337e-05
25,1748026819.0045023,4.3103449570480734e-05
26,1748026823.9107049,4.482758595258929e-05
27,1748026827.6527932,4.655172233469784e-05
28,1748026832.5817406,4.8275862354785204e-05
29,1748026837.2032106,4.999999873689376e-05
30,1748026843.4297373,5.172413875698112e-05
31,1748026845.8174708,5.3448275139089674e-05
32,1748026851.2110956,5.5172415159177035e-05
33,1748026854.7933047,5.689655154128559e-05
34,1748026861.6825964,5.8620687923394144e-05
35,1748026865.8404322,6.0344827943481505e-05
36,1748026868.5347455,6.206896796356887e-05
37,1748026873.6241012,6.379310070769861e-05
38,1748026879.653655,6.551724072778597e-05
39,1748026884.8241382,6.724138074787334e-05
40,1748026890.596311,6.89655207679607e-05
41,1748026895.3714013,7.068965351209044e-05
42,1748026903.9150884,7.24137935321778e-05
43,1748026910.803584,7.413793355226517e-05
44,1748026914.707935,7.586206629639491e-05
45,1748026919.037899,7.758620631648228e-05
46,1748026926.8964927,7.931034633656964e-05
47,1748026931.39043,8.1034486356657e-05
48,1748026936.2971275,8.275861910078675e-05
49,1748026940.9214964,8.448275912087411e-05
50,1748026948.3087966,8.620689914096147e-05
51,1748026953.5337646,8.793103188509122e-05
52,1748026959.3116963,8.965517190517858e-05
53,1748026963.1369624,9.137931192526594e-05
54,1748026968.7445312,9.310344466939569e-05
55,1748026973.2415488,9.482758468948305e-05
56,1748026977.037701,9.655172470957041e-05
57,1748026983.1626925,9.827586472965777e-05
58,1748026986.3901234,9.999999747378752e-05
59,1748026991.5153012,0.00010172413749387488
60,1748026995.901222,0.00010344827751396224
61,1748026999.4169767,0.00010517241025809199
62,1748027008.6088045,0.00010689655027817935
63,1748027014.0936968,0.00010862069029826671
64,1748027022.215302,0.00011034483031835407
65,1748027026.5550263,0.00011206896306248382
66,1748027031.6768787,0.00011379310308257118
67,1748027036.5174618,0.00011551724310265854
68,1748027041.9104826,0.00011724137584678829
69,1748027046.0678818,0.00011896551586687565
70,1748027051.6242697,0.00012068965588696301
71,1748027057.137175,0.00012241379590705037
72,1748027061.8873148,0.00012413793592713773
73,1748027068.2178862,0.0001258620759472251
74,1748027071.9257329,0.00012758620141539723
75,1748027077.5537403,0.0001293103414354846
76,1748027082.8288043,0.00013103448145557195
77,1748027086.8354323,0.0001327586214756593
78,1748027093.1735055,0.00013448276149574667
79,1748027097.4707298,0.00013620690151583403
80,1748027100.963581,0.0001379310415359214
81,1748027105.9482954,0.00013965516700409353
82,1748027111.2460372,0.0001413793070241809
83,1748027115.5418088,0.00014310344704426825
84,1748027122.3087099,0.0001448275870643556
85,1748027130.361081,0.00014655172708444297
86,1748027135.7318146,0.00014827586710453033
87,1748027142.1698973,0.0001500000071246177
88,1748027151.3506327,0.00015172413259278983
89,1748027155.412113,0.0001534482726128772
90,1748027159.949394,0.00015517241263296455
91,1748027164.8121264,0.0001568965526530519
92,1748027170.0517929,0.00015862069267313927
93,1748027174.907209,0.00016034483269322664
94,1748027180.2919378,0.000162068972713314
95,1748027185.0034406,0.00016379309818148613
96,1748027188.6140583,0.0001655172382015735
97,1748027192.8521013,0.00016724137822166085
98,1748027196.4068222,0.00016896551824174821
99,1748027201.7069514,0.00017068965826183558
100,1748027206.879243,0.00017241379828192294
101,1748027211.05049,0.0001741379383020103
102,1748027216.4275732,0.00017586206377018243
103,1748027221.1333325,0.0001775862037902698
104,1748027226.7638414,0.00017931034381035715
105,1748027232.1128008,0.00018103448383044451
106,1748027237.4193838,0.00018275862385053188
107,1748027244.4838386,0.00018448276387061924
108,1748027249.6860802,0.00018620688933879137
109,1748027253.6591115,0.00018793102935887873
110,1748027258.0414276,0.0001896551693789661
111,1748027262.7704108,0.00019137930939905345
112,1748027267.0644104,0.00019310344941914082
113,1748027273.481648,0.00019482758943922818
114,1748027279.3514981,0.00019655172945931554
115,1748027283.2095845,0.00019827585492748767
116,1748027284.901765,0.00019999999494757503
117,1748027374.103725,0.0002017241349676624
118,1748027380.2117367,0.00020344827498774976
119,1748027384.7035005,0.00020517241500783712
120,1748027388.452379,0.00020689655502792448
121,1748027393.250299,0.00020862069504801184
122,1748027399.0529897,0.00021034482051618397
123,1748027408.7977543,0.00021206896053627133
124,1748027413.2181506,0.0002137931005563587
125,1748027416.786231,0.00021551724057644606
126,1748027421.3211906,0.00021724138059653342
127,1748027425.7274919,0.00021896552061662078
128,1748027429.3147013,0.00022068966063670814
129,1748027436.445662,0.00022241378610488027
130,1748027441.883403,0.00022413792612496763
131,1748027449.2602935,0.000225862066145055
132,1748027453.5246518,0.00022758620616514236
133,1748027457.0829296,0.00022931034618522972
134,1748027463.243112,0.00023103448620531708
135,1748027466.8482509,0.00023275862622540444
136,1748027472.1416755,0.00023448275169357657
137,1748027477.461926,0.00023620689171366394
138,1748027483.879839,0.0002379310317337513
139,1748027488.754478,0.00023965517175383866
140,1748027492.7848113,0.00024137931177392602
141,1748027498.6331594,0.00024310345179401338
142,1748027502.8152812,0.00024482759181410074
143,1748027507.6872435,0.0002465517318341881
144,1748027511.8553717,0.00024827587185427547
145,1748027520.2575943,0.0002500000118743628
146,1748027524.184164,0.0002517241518944502
147,1748027531.3019297,0.0002534482628107071
148,1748027535.7885447,0.00025517240283079445
149,1748027542.172272,0.0002568965428508818
150,1748027548.045151,0.0002586206828709692
151,1748027555.2025828,0.00026034482289105654
152,1748027560.546718,0.0002620689629111439
153,1748027565.4426596,0.00026379310293123126
154,1748027570.2082698,0.0002655172429513186
155,1748027576.268473,0.000267241382971406
156,1748027580.5358377,0.00026896552299149334
157,1748027584.211537,0.0002706896630115807
158,1748027589.6618025,0.00027241380303166807
159,1748027595.3816383,0.00027413794305175543
160,1748027599.9034507,0.0002758620830718428
161,1748027607.2094917,0.0002775861939880997
162,1748027612.637494,0.00027931033400818706
163,1748027618.6777678,0.0002810344740282744
164,1748027623.9838352,0.0002827586140483618
165,1748027629.1112504,0.00028448275406844914
166,1748027633.679216,0.0002862068940885365
167,1748027642.3437476,0.00028793103410862386
168,1748027649.7465062,0.0002896551741287112
169,1748027654.0663657,0.0002913793141487986
170,1748027657.8016875,0.00029310345416888595
171,1748027666.9966497,0.0002948275941889733
172,1748027672.4261675,0.00029655173420906067
173,1748027678.3980253,0.00029827587422914803
174,1748027683.4568186,0.0003000000142492354
175,1748027687.6034138,0.0003017241251654923
176,1748027693.5232193,0.00030344826518557966
177,1748027698.414618,0.000305172405205667
178,1748027705.2226226,0.0003068965452257544
179,1748027712.3186905,0.00030862068524584174
180,1748027717.0112858,0.0003103448252659291
181,1748027720.5557644,0.00031206896528601646
182,1748027725.1828446,0.0003137931053061038
183,1748027730.7439916,0.0003155172453261912
184,1748027736.7616303,0.00031724138534627855
185,1748027741.7148075,0.0003189655253663659
186,1748027750.4709234,0.00032068966538645327
187,1748027756.3067346,0.00032241380540654063
188,1748027761.221808,0.000324137945426628
189,1748027766.6054645,0.0003258620563428849
190,1748027775.5346248,0.00032758619636297226
191,1748027784.3177884,0.0003293103363830596
192,1748027791.013601,0.000331034476403147
193,1748027795.5734391,0.00033275861642323434
194,1748027800.8420055,0.0003344827564433217
195,1748027806.883533,0.00033620689646340907
196,1748027812.1854093,0.00033793103648349643
197,1748027818.8607757,0.0003396551765035838
198,1748027822.6373262,0.00034137931652367115
199,1748027828.2080173,0.0003431034565437585
200,1748027833.5814188,0.00034482759656384587
201,1748027837.6582572,0.00034655173658393323
202,1748027844.6935868,0.0003482758766040206
203,1748027851.0990827,0.0003499999875202775
204,1748027856.5408843,0.00035172412754036486
205,1748027861.9120765,0.0003534482675604522
206,1748027865.5182142,0.0003551724075805396
207,1748027871.5225923,0.00035689654760062695
208,1748027877.7081857,0.0003586206876207143
209,1748027884.789219,0.00036034482764080167
210,1748027887.5407395,0.00036206896766088903
211,1748027892.1815014,0.0003637931076809764
212,1748027899.4348307,0.00036551724770106375
213,1748027905.513444,0.0003672413877211511
214,1748027909.390176,0.0003689655277412385
215,1748027916.8419356,0.00037068966776132584
216,1748027922.5103724,0.00037241377867758274
217,1748027927.5510902,0.0003741379186976701
218,1748027931.6504483,0.00037586205871775746
219,1748027938.5981305,0.0003775861987378448
220,1748027942.9914978,0.0003793103387579322
221,1748027949.0494244,0.00038103447877801955
222,1748027952.9979753,0.0003827586187981069
223,1748027959.0336623,0.00038448275881819427
224,1748027963.09766,0.00038620689883828163
225,1748027970.1249382,0.000387931038858369
226,1748027976.0993884,0.00038965517887845635
227,1748027980.4524424,0.0003913793188985437
228,1748027987.1358342,0.0003931034589186311
229,1748027993.6571903,0.00039482759893871844
230,1748027997.1066961,0.00039655170985497534
231,1748028001.8766448,0.0003982758498750627
232,1748028005.1073422,0.00039999998989515007
233,1748028080.2023513,0.0004017241299152374
234,1748028083.744165,0.0004034482699353248
235,1748028090.84319,0.00040517240995541215
236,1748028094.4539735,0.0004068965499754995
237,1748028099.7398553,0.00040862068999558687
238,1748028105.6968403,0.00041034483001567423
239,1748028110.8921661,0.0004120689700357616
240,1748028116.5630736,0.00041379311005584896
241,1748028121.429477,0.0004155172500759363
242,1748028126.003333,0.0004172413900960237
243,1748028130.8224711,0.00041896553011611104
244,1748028134.948335,0.00042068964103236794
245,1748028139.9592166,0.0004224137810524553
246,1748028144.70348,0.00042413792107254267
247,1748028148.9610944,0.00042586206109263003
248,1748028153.5034635,0.0004275862011127174
249,1748028157.907491,0.00042931034113280475
250,1748028161.9211042,0.0004310344811528921
251,1748028167.3390143,0.0004327586211729795
252,1748028173.2769206,0.00043448276119306684
253,1748028179.3435535,0.0004362069012131542
254,1748028183.002018,0.00043793104123324156
255,1748028187.8438647,0.0004396551812533289
256,1748028193.0047388,0.0004413793212734163
257,1748028199.0709922,0.00044310346129350364
258,1748028202.254912,0.00044482757220976055
259,1748028208.2963603,0.0004465517122298479
260,1748028213.1840496,0.00044827585224993527
261,1748028218.2810414,0.00044999999227002263
262,1748028225.370325,0.00045172413229011
263,1748028230.9034312,0.00045344827231019735
264,1748028235.0407872,0.0004551724123302847
265,1748028238.9859505,0.0004568965523503721
266,1748028243.9934692,0.00045862069237045944
267,1748028249.1303132,0.0004603448323905468
268,1748028253.431295,0.00046206897241063416
269,1748028258.08309,0.0004637931124307215
270,1748028262.0663457,0.0004655172524508089
271,1748028268.3636527,0.00046724139247089624
272,1748028272.0776453,0.00046896550338715315
273,1748028277.0544763,0.0004706896434072405
274,1748028282.3967285,0.00047241378342732787
275,1748028286.5152526,0.00047413792344741523
276,1748028295.1207876,0.0004758620634675026
277,1748028302.7349749,0.00047758620348758996
278,1748028309.5277462,0.0004793103435076773
279,1748028313.4704719,0.0004810344835277647
280,1748028321.403768,0.00048275862354785204
281,1748028326.1441984,0.0004844827635679394
282,1748028330.283107,0.00048620690358802676
283,1748028335.9247487,0.0004879310436081141
284,1748028341.0657244,0.0004896551836282015
285,1748028346.5398822,0.0004913792945444584
286,1748028353.9598327,0.0004931034636683762
287,1748028359.763992,0.0004948275745846331
288,1748028363.703065,0.0004965517437085509
289,1748028367.3111305,0.0004982758546248078
290,1748028372.9491313,0.0005000000237487257
291,1748028378.5637639,0.0005017241346649826
292,1748028383.7020698,0.0005034483037889004
293,1748028390.4778707,0.0005051724147051573
294,1748028397.3315005,0.0005068965256214142
295,1748028403.6484056,0.000508620694745332
296,1748028409.6753876,0.0005103448056615889
297,1748028416.0986857,0.0005120689747855067
298,1748028421.7097728,0.0005137930857017636
299,1748028426.0821648,0.0005155172548256814
300,1748028432.6536298,0.0005172413657419384
301,1748028439.799182,0.0005189655348658562
302,1748028445.9729118,0.0005206896457821131
303,1748028451.3125353,0.0005224138149060309
304,1748028456.3574784,0.0005241379258222878
305,1748028463.3105364,0.0005258620949462056
306,1748028467.0912585,0.0005275862058624625
307,1748028472.7536483,0.0005293103167787194
308,1748028476.7743735,0.0005310344859026372
309,1748028482.8260546,0.0005327585968188941
310,1748028488.8241,0.000534482765942812
311,1748028496.117156,0.0005362068768590689
312,1748028501.275294,0.0005379310459829867
313,1748028507.869635,0.0005396551568992436
314,1748028511.6247826,0.0005413793260231614
315,1748028516.8032591,0.0005431034369394183
316,1748028523.7990668,0.0005448276060633361
317,1748028529.471755,0.000546551716979593
318,1748028535.6484895,0.0005482758861035109
319,1748028540.071175,0.0005499999970197678
320,1748028546.1817353,0.0005517241661436856
321,1748028552.3475614,0.0005534482770599425
322,1748028558.031273,0.0005551723879761994
323,1748028562.139117,0.0005568965571001172
324,1748028567.9204357,0.0005586206680163741
325,1748028572.2181406,0.0005603448371402919
326,1748028577.9476209,0.0005620689480565488
327,1748028582.2136087,0.0005637931171804667
328,1748028587.0520937,0.0005655172280967236
329,1748028590.330438,0.0005672413972206414
330,1748028595.3495526,0.0005689655081368983
331,1748028601.3936417,0.0005706896772608161
332,1748028610.428702,0.000572413788177073
333,1748028615.5605524,0.0005741379573009908
334,1748028620.268258,0.0005758620682172477
335,1748028625.515286,0.0005775861791335046
336,1748028631.0554123,0.0005793103482574224
337,1748028634.6034145,0.0005810344591736794
338,1748028639.1158078,0.0005827586282975972
339,1748028643.7574966,0.0005844827392138541
340,1748028648.7507942,0.0005862069083377719
341,1748028654.076131,0.0005879310192540288
342,1748028658.3514066,0.0005896551883779466
343,1748028663.710436,0.0005913792992942035
344,1748028669.801553,0.0005931034684181213
345,1748028674.1020143,0.0005948275793343782
346,1748028679.928019,0.0005965517484582961
347,1748028686.8679628,0.000598275859374553
348,1748028689.3462343,0.0006000000284984708
349,1748028770.9398305,0.0006017241394147277
350,1748028777.6030967,0.0006034482503309846
351,1748028785.0250304,0.0006051724194549024
352,1748028790.0082023,0.0006068965303711593
353,1748028794.5957866,0.0006086206994950771
354,1748028801.7166874,0.000610344810411334
355,1748028807.7921226,0.0006120689795352519
356,1748028813.9005075,0.0006137930904515088
357,1748028818.942548,0.0006155172595754266
358,1748028824.3811762,0.0006172413704916835
359,1748028827.2902508,0.0006189655396156013
360,1748028833.3839202,0.0006206896505318582
361,1748028838.4094203,0.000622413819655776
362,1748028845.0729902,0.0006241379305720329
363,1748028850.4834237,0.0006258620414882898
364,1748028855.9600956,0.0006275862106122077
365,1748028859.1294317,0.0006293103215284646
366,1748028862.8397217,0.0006310344906523824
367,1748028868.6120157,0.0006327586015686393
368,1748028873.971349,0.0006344827706925571
369,1748028880.6561859,0.000636206881608814
370,1748028886.643344,0.0006379310507327318
371,1748028892.8682325,0.0006396551616489887
372,1748028897.8195574,0.0006413793307729065
373,1748028902.5746586,0.0006431034416891634
374,1748028909.0604992,0.0006448276108130813
375,1748028916.5636518,0.0006465517217293382
376,1748028922.2121105,0.000648275890853256
377,1748028926.604296,0.0006500000017695129
378,1748028931.4557242,0.0006517241126857698
379,1748028936.2290585,0.0006534482818096876
380,1748028942.2863457,0.0006551723927259445
381,1748028946.106022,0.0006568965618498623
382,1748028951.4045374,0.0006586206727661192
383,1748028955.8036337,0.0006603448418900371
384,1748028961.3213553,0.000662068952806294
385,1748028968.1159158,0.0006637931219302118
386,1748028972.9327989,0.0006655172328464687
387,1748028975.9660285,0.0006672414019703865
388,1748028982.1538863,0.0006689655128866434
389,1748028987.517987,0.0006706896820105612
390,1748028990.4726167,0.0006724137929268181
391,1748028994.6179109,0.000674137903843075
392,1748028998.4112155,0.0006758620729669929
393,1748029003.1172457,0.0006775861838832498
394,1748029006.047953,0.0006793103530071676
395,1748029011.2400174,0.0006810344639234245
396,1748029016.2701418,0.0006827586330473423
397,1748029020.1069224,0.0006844827439635992
398,1748029024.7148626,0.000686206913087517
399,1748029029.422664,0.0006879310240037739
400,1748029035.7144902,0.0006896551931276917
401,1748029039.632204,0.0006913793040439487
402,1748029043.5639768,0.0006931034731678665
403,1748029050.098965,0.0006948275840841234
404,1748029056.3734903,0.0006965517532080412
405,1748029060.1610177,0.0006982758641242981
406,1748029065.9443784,0.000699999975040555
407,1748029072.359013,0.0007017241441644728
408,1748029077.8940196,0.0007034482550807297
409,1748029083.2399676,0.0007051724242046475
410,1748029090.042575,0.0007068965351209044
411,1748029094.8493268,0.0007086207042448223
412,1748029100.244006,0.0007103448151610792
413,1748029106.5531123,0.000712068984284997
414,1748029112.0161045,0.0007137930952012539
415,1748029116.6062725,0.0007155172643251717
416,1748029124.533636,0.0007172413752414286
417,1748029131.5333512,0.0007189655443653464
418,1748029136.7069674,0.0007206896552816033
419,1748029142.4515328,0.0007224137661978602
420,1748029149.1241167,0.0007241379353217781
421,1748029155.4020824,0.000725862046238035
422,1748029163.7899363,0.0007275862153619528
423,1748029169.319643,0.0007293103262782097
424,1748029175.6845882,0.0007310344954021275
425,1748029179.6669552,0.0007327586063183844
426,1748029183.4968688,0.0007344827754423022
427,1748029188.141602,0.0007362068863585591
428,1748029193.018862,0.000737931055482477
429,1748029197.9844325,0.0007396551663987339
430,1748029203.8127022,0.0007413793355226517
431,1748029210.2597692,0.0007431034464389086
432,1748029214.717809,0.0007448275573551655
433,1748029217.2884996,0.0007465517264790833
434,1748029222.5173867,0.0007482758373953402
435,1748029227.7078283,0.000750000006519258
436,1748029233.3618846,0.0007517241174355149
437,1748029240.664607,0.0007534482865594327
438,1748029247.315529,0.0007551723974756896
439,1748029252.2691846,0.0007568965665996075
440,1748029256.4779267,0.0007586206775158644
441,1748029262.051053,0.0007603448466397822
442,1748029270.627533,0.0007620689575560391
443,1748029275.005454,0.0007637931266799569
444,1748029279.3718462,0.0007655172375962138
445,1748029285.0354264,0.0007672414067201316
446,1748029291.6300757,0.0007689655176363885
447,1748029296.8044097,0.0007706896285526454
448,1748029301.6756966,0.0007724137976765633
449,1748029306.1773872,0.0007741379085928202
450,1748029309.9695356,0.000775862077716738
451,1748029317.4823928,0.0007775861886329949
452,1748029320.6669228,0.0007793103577569127
453,1748029326.582659,0.0007810344686731696
454,1748029331.9669776,0.0007827586377970874
455,1748029336.9098063,0.0007844827487133443
456,1748029340.2450736,0.0007862069178372622
457,1748029345.650435,0.0007879310287535191
458,1748029351.6852267,0.0007896551978774369
459,1748029357.9321523,0.0007913793087936938
460,1748029365.1293612,0.0007931034197099507
461,1748029369.2627504,0.0007948275888338685
462,1748029376.6777854,0.0007965516997501254
463,1748029382.903422,0.0007982758688740432
464,1748029383.9513078,0.0007999999797903001
465,1748029467.6354287,0.000801724148914218
466,1748029473.8500063,0.0008034482598304749
467,1748029478.8220272,0.0008051724289543927
468,1748029483.1448896,0.0008068965398706496
469,1748029486.1878572,0.0008086207089945674
470,1748029491.7562757,0.0008103448199108243
471,1748029497.7079897,0.0008120689890347421
472,1748029502.108265,0.000813793099950999
473,1748029505.4973,0.0008155172690749168
474,1748029511.0886784,0.0008172413799911737
475,1748029513.6559718,0.0008189654909074306
476,1748029517.6474085,0.0008206896600313485
477,1748029521.7609372,0.0008224137709476054
478,1748029526.1047947,0.0008241379400715232
479,1748029532.1314027,0.0008258620509877801
480,1748029537.3057704,0.0008275862201116979
481,1748029542.583108,0.0008293103310279548
482,1748029548.0913565,0.0008310345001518726
483,1748029555.2365322,0.0008327586110681295
484,1748029559.7368784,0.0008344827801920474
485,1748029565.3634949,0.0008362068911083043
486,1748029570.9364603,0.0008379310602322221
487,1748029575.8379307,0.000839655171148479
488,1748029579.7653203,0.0008413792820647359
489,1748029584.5371046,0.0008431034511886537
490,1748029591.3619142,0.0008448275621049106
491,1748029596.8086722,0.0008465517312288284
492,1748029600.519491,0.0008482758421450853
493,1748029604.3606899,0.0008500000112690032
494,1748029611.1006603,0.0008517241221852601
495,1748029617.443396,0.0008534482913091779
496,1748029622.2336664,0.0008551724022254348
497,1748029625.7157927,0.0008568965713493526
498,1748029631.033436,0.0008586206822656095
499,1748029635.1882594,0.0008603448513895273
500,1748029645.218813,0.0008620689623057842
501,1748029652.3667154,0.000863793131429702
502,1748029656.076426,0.000865517242345959
503,1748029659.8119748,0.0008672413532622159
504,1748029665.8548794,0.0008689655223861337
505,1748029670.912551,0.0008706896333023906
506,1748029674.992346,0.0008724138024263084
507,1748029680.7775497,0.0008741379133425653
508,1748029686.4719834,0.0008758620824664831
509,1748029693.631964,0.00087758619338274
510,1748029699.3879197,0.0008793103625066578
511,1748029703.177932,0.0008810344734229147
512,1748029707.1890996,0.0008827586425468326
513,1748029711.2563334,0.0008844827534630895
514,1748029717.989449,0.0008862069225870073
515,1748029724.8243227,0.0008879310335032642
516,1748029731.0838962,0.0008896551444195211
517,1748029736.602888,0.0008913793135434389
518,1748029742.4624653,0.0008931034244596958
519,1748029748.1632764,0.0008948275935836136
520,1748029753.886733,0.0008965517044998705
521,1748029759.6326935,0.0008982758736237884
522,1748029765.5552394,0.0008999999845400453
523,1748029769.584808,0.0009017241536639631
524,1748029775.0254526,0.00090344826458022
525,1748029779.1302974,0.0009051724337041378
526,1748029786.0181322,0.0009068965446203947
527,1748029791.1672256,0.0009086207137443125
528,1748029795.3503401,0.0009103448246605694
529,1748029801.6073067,0.0009120689937844872
530,1748029806.9152575,0.0009137931047007442
531,1748029812.9314637,0.0009155172156170011
532,1748029820.475755,0.0009172413847409189
533,1748029823.7848744,0.0009189654956571758
534,1748029830.1870651,0.0009206896647810936
535,1748029834.2894711,0.0009224137756973505
536,1748029838.857708,0.0009241379448212683
537,1748029844.39031,0.0009258620557375252
538,1748029849.464058,0.000927586224861443
539,1748029855.9811351,0.0009293103357777
540,1748029861.3201413,0.0009310345049016178
541,1748029865.2632582,0.0009327586158178747
542,1748029868.8807786,0.0009344827849417925
543,1748029873.3302794,0.0009362068958580494
544,1748029878.1464827,0.0009379310067743063
545,1748029883.1708484,0.0009396551758982241
546,1748029887.979716,0.000941379286814481
547,1748029895.3032427,0.0009431034559383988
548,1748029899.456823,0.0009448275668546557
549,1748029904.9511757,0.0009465517359785736
550,1748029910.539717,0.0009482758468948305
551,1748029916.2077115,0.0009500000160187483
552,1748029922.940924,0.0009517241269350052
553,1748029930.2547667,0.000953448296058923
554,1748029936.4602118,0.0009551724069751799
555,1748029940.4485898,0.0009568965760990977
556,1748029945.093141,0.0009586206870153546
557,1748029950.2659812,0.0009603448561392725
558,1748029957.32623,0.0009620689670555294
559,1748029961.9077585,0.0009637930779717863
560,1748029966.6246805,0.0009655172470957041
561,1748029971.196137,0.000967241358011961
562,1748029977.8252625,0.0009689655271358788
563,1748029982.0808673,0.0009706896380521357
564,1748029987.7935154,0.0009724138071760535
565,1748029992.2680733,0.0009741379180923104
566,1748029997.750377,0.0009758620872162282
567,1748030001.2402678,0.000977586256340146
568,1748030007.4853773,0.000979310367256403
569,1748030012.5701284,0.0009810344781726599
570,1748030020.4850206,0.0009827585890889168
571,1748030027.206011,0.0009844828164204955
572,1748030032.496564,0.0009862069273367524
573,1748030036.2291157,0.0009879310382530093
574,1748030040.4212224,0.0009896551491692662
575,1748030045.5797591,0.0009913792600855231
576,1748030051.462103,0.0009931034874171019
577,1748030056.9055357,0.0009948275983333588
578,1748030062.4244423,0.0009965517092496157
579,1748030067.1089458,0.0009982758201658726
580,1748030070.067434,0.0010000000474974513
581,1748030156.0551746,0.0009998084278777242
582,1748030159.5776467,0.000999616808257997
583,1748030165.3946705,0.0009994253050535917
584,1748030169.0640287,0.0009992336854338646
585,1748030175.0698652,0.0009990421822294593
586,1748030178.1810136,0.0009988505626097322
587,1748030184.943255,0.0009986590594053268
588,1748030191.0023732,0.0009984674397855997
589,1748030196.8141816,0.0009982758201658726
590,1748030201.3141816,0.0009980843169614673
591,1748030208.75595,0.0009978926973417401
592,1748030213.3756967,0.0009977011941373348
593,1748030218.450473,0.0009975095745176077
594,1748030226.346345,0.0009973179548978806
595,1748030231.6392002,0.0009971264516934752
596,1748030239.6070454,0.0009969348320737481
597,1748030243.7795405,0.0009967433288693428
598,1748030248.732281,0.0009965517092496157
599,1748030254.5652385,0.0009963602060452104
600,1748030260.4569247,0.0009961685864254832
601,1748030266.435853,0.000995976966805756
602,1748030270.1320794,0.0009957854636013508
603,1748030276.8183014,0.0009955938439816236
604,1748030280.2487848,0.0009954023407772183
605,1748030287.3245356,0.0009952107211574912
606,1748030292.8869104,0.000995019101537764
607,1748030299.8780994,0.0009948275983333588
608,1748030304.3765855,0.0009946359787136316
609,1748030308.7375865,0.0009944444755092263
610,1748030314.0923283,0.0009942528558894992
611,1748030319.9918675,0.0009940613526850939
612,1748030326.247061,0.0009938697330653667
613,1748030333.2034285,0.0009936781134456396
614,1748030337.2373827,0.0009934866102412343
615,1748030341.4720144,0.0009932949906215072
616,1748030346.4717972,0.0009931034874171019
617,1748030351.0691051,0.0009929118677973747
618,1748030355.691383,0.0009927203645929694
619,1748030361.1894472,0.0009925287449732423
620,1748030366.757494,0.0009923371253535151
621,1748030375.1909142,0.0009921456221491098
622,1748030378.851014,0.0009919540025293827
623,1748030383.9575958,0.0009917624993249774
624,1748030390.912915,0.0009915708797052503
625,1748030393.3396688,0.0009913792600855231
626,1748030399.1538956,0.0009911877568811178
627,1748030404.2947016,0.0009909961372613907
628,1748030409.5217276,0.0009908046340569854
629,1748030413.6094577,0.0009906130144372582
630,1748030418.530912,0.000990421511232853
631,1748030424.8771966,0.0009902298916131258
632,1748030429.8892615,0.0009900382719933987
633,1748030435.3825316,0.0009898467687889934
634,1748030439.261076,0.0009896551491692662
635,1748030444.8607087,0.000989463645964861
636,1748030451.9352496,0.0009892720263451338
637,1748030456.0828903,0.0009890804067254066
638,1748030462.9524958,0.0009888889035210013
639,1748030467.0407715,0.0009886972839012742
640,1748030473.744571,0.000988505780696869
641,1748030476.5378942,0.0009883141610771418
642,1748030482.5141037,0.0009881226578727365
643,1748030489.0374134,0.0009879310382530093
644,1748030498.2987359,0.0009877394186332822
645,1748030502.02316,0.0009875479154288769
646,1748030506.1269693,0.0009873562958091497
647,1748030510.1225863,0.0009871647926047444
648,1748030516.553218,0.0009869731729850173
649,1748030523.8259196,0.0009867815533652902
650,1748030530.0085256,0.0009865900501608849
651,1748030535.2117357,0.0009863984305411577
652,1748030538.9004133,0.0009862069273367524
653,1748030545.1199124,0.0009860153077170253
654,1748030550.842436,0.00098582380451262
655,1748030556.9833379,0.0009856321848928928
656,1748030561.9791129,0.0009854405652731657
657,1748030567.1579878,0.0009852490620687604
658,1748030573.6776261,0.0009850574424490333
659,1748030578.8684144,0.000984865939244628
660,1748030584.7592304,0.0009846743196249008
661,1748030589.2942207,0.0009844828164204955
662,1748030593.584212,0.0009842911968007684
663,1748030599.48718,0.0009840995771810412
664,1748030605.9043648,0.000983908073976636
665,1748030614.1067274,0.0009837164543569088
666,1748030619.3413098,0.0009835249511525035
667,1748030624.0087767,0.0009833333315327764
668,1748030630.2760305,0.0009831417119130492
669,1748030636.3945394,0.000982950208708644
670,1748030642.0223227,0.0009827585890889168
671,1748030649.8024373,0.0009825670858845115
672,1748030656.6979392,0.0009823754662647843
673,1748030664.0669358,0.000982183963060379
674,1748030668.997619,0.000981992343440652
675,1748030675.4855003,0.0009818007238209248
676,1748030680.552123,0.0009816092206165195
677,1748030689.1582682,0.0009814176009967923
678,1748030694.2665908,0.000981226097792387
679,1748030700.7399275,0.0009810344781726599
680,1748030705.9677668,0.0009808428585529327
681,1748030714.2374344,0.0009806513553485274
682,1748030720.2633483,0.0009804597357288003
683,1748030725.6205478,0.000980268232524395
684,1748030730.1699092,0.0009800766129046679
685,1748030735.6344583,0.0009798851097002625
686,1748030740.1482682,0.0009796934900805354
687,1748030747.2298274,0.0009795018704608083
688,1748030750.5398295,0.000979310367256403
689,1748030754.6458035,0.0009791187476366758
690,1748030761.2126265,0.0009789272444322705
691,1748030771.7509658,0.0009787356248125434
692,1748030776.02544,0.0009785440051928163
693,1748030779.6491945,0.000978352501988411
694,1748030785.1416872,0.0009781608823686838
695,1748030790.7827194,0.0009779693791642785
696,1748030792.3652074,0.0009777777595445514
697,1748030876.4323356,0.000977586256340146
698,1748030881.9224334,0.000977394636720419
699,1748030887.9933267,0.0009772030171006918
700,1748030891.1375782,0.0009770115138962865
701,1748030897.6637719,0.0009768198942765594
702,1748030901.4215875,0.000976628391072154
703,1748030907.5520241,0.0009764367714524269
704,1748030913.2530577,0.0009762452100403607
705,1748030921.9874794,0.0009760536486282945
706,1748030927.641815,0.0009758620872162282
707,1748030931.3967805,0.000975670525804162
708,1748030939.3229823,0.0009754789061844349
709,1748030947.172926,0.0009752873447723687
710,1748030952.438,0.0009750957833603024
711,1748030955.3847501,0.0009749042219482362
712,1748030961.7657104,0.00097471266053617
713,1748030967.381154,0.0009745210991241038
714,1748030972.214605,0.0009743294795043766
715,1748030976.953678,0.0009741379180923104
716,1748030984.660369,0.0009739463566802442
717,1748030987.897589,0.000973754795268178
718,1748030996.2302055,0.0009735632338561118
719,1748031001.2114096,0.0009733716724440455
720,1748031009.1519716,0.0009731800528243184
721,1748031014.4926279,0.0009729884914122522
722,1748031018.4473755,0.000972796930000186
723,1748031023.2482948,0.0009726053685881197
724,1748031028.6050794,0.0009724138071760535
725,1748031033.791146,0.0009722222457639873
726,1748031037.077727,0.0009720306261442602
727,1748031043.0978825,0.000971839064732194
728,1748031050.2401168,0.0009716475033201277
729,1748031054.0703285,0.0009714559419080615
730,1748031059.723828,0.0009712643804959953
731,1748031068.6667788,0.0009710728190839291
732,1748031073.5814161,0.0009708811994642019
733,1748031079.3544736,0.0009706896380521357
734,1748031085.0284595,0.0009704980766400695
735,1748031091.829856,0.0009703065152280033
736,1748031096.9766998,0.000970114953815937
737,1748031102.9248545,0.0009699233924038708
738,1748031109.7863398,0.0009697317727841437
739,1748031113.9787824,0.0009695402113720775
740,1748031120.6691365,0.0009693486499600112
741,1748031126.971453,0.000969157088547945
742,1748031136.1812527,0.0009689655271358788
743,1748031141.4981058,0.0009687739657238126
744,1748031145.7950106,0.0009685824043117464
745,1748031152.6940782,0.0009683907846920192
746,1748031157.9273205,0.000968199223279953
747,1748031166.9653823,0.0009680076618678868
748,1748031173.1365607,0.0009678161004558206
749,1748031181.088191,0.0009676245390437543
750,1748031187.684494,0.0009674329776316881
751,1748031195.932772,0.000967241358011961
752,1748031203.2231362,0.0009670497965998948
753,1748031208.2594206,0.0009668582351878285
754,1748031213.84671,0.0009666666737757623
755,1748031219.9775276,0.0009664751123636961
756,1748031223.934222,0.0009662835509516299
757,1748031230.2611012,0.0009660919313319027
758,1748031236.7872024,0.0009659003699198365
759,1748031242.2750587,0.0009657088085077703
760,1748031245.853422,0.0009655172470957041
761,1748031252.2183397,0.0009653256856836379
762,1748031259.0773823,0.0009651341242715716
763,1748031263.1588428,0.0009649425046518445
764,1748031268.3310812,0.0009647509432397783
765,1748031273.0354307,0.0009645593818277121
766,1748031279.6314013,0.0009643678204156458
767,1748031287.0244656,0.0009641762590035796
768,1748031291.5448017,0.0009639846975915134
769,1748031296.0622466,0.0009637930779717863
770,1748031300.4770734,0.00096360151655972
771,1748031305.8008893,0.0009634099551476538
772,1748031311.269567,0.0009632183937355876
773,1748031317.2452273,0.0009630268323235214
774,1748031323.7601664,0.0009628352709114552
775,1748031329.5934117,0.000962643651291728
776,1748031334.3500154,0.0009624520898796618
777,1748031339.468479,0.0009622605284675956
778,1748031342.6523077,0.0009620689670555294
779,1748031346.6835253,0.0009618774056434631
780,1748031352.7540698,0.0009616858442313969
781,1748031357.5638354,0.0009614942246116698
782,1748031363.5272565,0.0009613026631996036
783,1748031369.5944934,0.0009611111017875373
784,1748031374.1053588,0.0009609195403754711
785,1748031378.7054524,0.0009607279789634049
786,1748031384.3616312,0.0009605364175513387
787,1748031391.241923,0.0009603448561392725
788,1748031395.8108084,0.0009601532365195453
789,1748031400.7092054,0.0009599616751074791
790,1748031406.1933894,0.0009597701136954129
791,1748031416.0205953,0.0009595785522833467
792,1748031419.4811642,0.0009593869908712804
793,1748031425.9470098,0.0009591954294592142
794,1748031432.352442,0.0009590038098394871
795,1748031440.4196956,0.0009588122484274209
796,1748031444.7400494,0.0009586206870153546
797,1748031449.4039936,0.0009584291256032884
798,1748031455.1240726,0.0009582375641912222
799,1748031461.0732572,0.000958046002779156
800,1748031467.6839058,0.0009578543831594288
801,1748031470.8766422,0.0009576628217473626
802,1748031479.5615678,0.0009574712603352964
803,1748031490.0398343,0.0009572796989232302
804,1748031496.4979596,0.000957088137511164
805,1748031501.4409025,0.0009568965760990977
806,1748031506.4021156,0.0009567049564793706
807,1748031510.5078754,0.0009565133950673044
808,1748031515.1453235,0.0009563218336552382
809,1748031518.933228,0.0009561302722431719
810,1748031523.319506,0.0009559387108311057
811,1748031528.0413816,0.0009557471494190395
812,1748031531.3636682,0.0009555555297993124
813,1748031595.291546,0.0009553639683872461
814,1748031598.8074338,0.0009551724069751799
815,1748031604.5274534,0.0009549808455631137
816,1748031610.0062764,0.0009547892841510475
817,1748031616.196395,0.0009545977227389812
818,1748031622.0316463,0.0009544061031192541
819,1748031626.1303432,0.0009542145417071879
820,1748031632.1110106,0.0009540229802951217
821,1748031637.2722394,0.0009538314188830554
822,1748031641.5658371,0.0009536398574709892
823,1748031646.9542785,0.000953448296058923
824,1748031651.7756422,0.0009532566764391959
825,1748031656.60168,0.0009530651150271297
826,1748031662.0277636,0.0009528735536150634
827,1748031667.5034547,0.0009526819922029972
828,1748031671.904059,0.000952490430790931
829,1748031678.6233993,0.0009522988693788648
830,1748031682.1648183,0.0009521073079667985
831,1748031690.1157517,0.0009519156883470714
832,1748031695.8981438,0.0009517241269350052
833,1748031702.2707965,0.000951532565522939
834,1748031708.6468956,0.0009513410041108727
835,1748031712.718389,0.0009511494426988065
836,1748031720.7965405,0.0009509578812867403
837,1748031725.5515409,0.0009507662616670132
838,1748031729.915199,0.000950574700254947
839,1748031733.7326345,0.0009503831388428807
840,1748031742.443653,0.0009501915774308145
841,1748031745.994901,0.0009500000160187483
842,1748031750.0888708,0.0009498084546066821
843,1748031757.0461814,0.0009496168349869549
844,1748031762.5287106,0.0009494252735748887
845,1748031768.8209298,0.0009492337121628225
846,1748031776.4250417,0.0009490421507507563
847,1748031783.97931,0.00094885058933869
848,1748031790.6590602,0.0009486590279266238
849,1748031797.4293075,0.0009484674083068967
850,1748031804.5757177,0.0009482758468948305
851,1748031809.7264304,0.0009480842854827642
852,1748031817.1237593,0.000947892724070698
853,1748031824.8352597,0.0009477011626586318
854,1748031834.856692,0.0009475096012465656
855,1748031841.0665224,0.0009473179816268384
856,1748031845.3788302,0.0009471264202147722
857,1748031850.182073,0.000946934858802706
858,1748031859.0320637,0.0009467432973906398
859,1748031864.8142273,0.0009465517359785736
860,1748031870.3851368,0.0009463601745665073
861,1748031878.1289294,0.0009461685549467802
862,1748031882.8083782,0.000945976993534714
863,1748031890.2356906,0.0009457854321226478
864,1748031897.8298757,0.0009455938707105815
865,1748031903.454812,0.0009454023092985153
866,1748031910.8456771,0.0009452107478864491
867,1748031916.4901636,0.000945019128266722
868,1748031921.827862,0.0009448275668546557
869,1748031929.5953894,0.0009446360054425895
870,1748031939.11909,0.0009444444440305233
871,1748031947.0675092,0.0009442528826184571
872,1748031954.1573079,0.0009440613212063909
873,1748031959.4277728,0.0009438697597943246
874,1748031966.807265,0.0009436781401745975
875,1748031972.7265832,0.0009434865787625313
876,1748031978.560988,0.0009432950173504651
877,1748031984.2786298,0.0009431034559383988
878,1748031990.5999827,0.0009429118945263326
879,1748031995.904519,0.0009427203331142664
880,1748031999.926019,0.0009425287134945393
881,1748032004.8199537,0.000942337152082473
882,1748032008.1427865,0.0009421455906704068
883,1748032011.7052042,0.0009419540292583406
884,1748032017.5849319,0.0009417624678462744
885,1748032023.7070193,0.0009415709064342082
886,1748032028.9034822,0.000941379286814481
887,1748032038.168435,0.0009411877254024148
888,1748032043.780482,0.0009409961639903486
889,1748032049.527029,0.0009408046025782824
890,1748032053.726713,0.0009406130411662161
891,1748032057.645156,0.0009404214797541499
892,1748032064.4329057,0.0009402298601344228
893,1748032069.1034317,0.0009400382987223566
894,1748032075.5821939,0.0009398467373102903
895,1748032081.2601724,0.0009396551758982241
896,1748032085.905603,0.0009394636144861579
897,1748032091.3301015,0.0009392720530740917
898,1748032099.0883946,0.0009390804334543645
899,1748032105.0680919,0.0009388888720422983
900,1748032110.622734,0.0009386973106302321
901,1748032113.514363,0.0009385057492181659
902,1748032119.6825194,0.0009383141878060997
903,1748032127.258634,0.0009381226263940334
904,1748032133.5054317,0.0009379310067743063
905,1748032136.8379688,0.0009377394453622401
906,1748032143.4218373,0.0009375478839501739
907,1748032150.2166927,0.0009373563225381076
908,1748032156.4845228,0.0009371647611260414
909,1748032160.7098727,0.0009369731997139752
910,1748032167.6214674,0.0009367815800942481
911,1748032171.788868,0.0009365900186821818
912,1748032176.8716679,0.0009363984572701156
913,1748032181.6399643,0.0009362068958580494
914,1748032187.3216088,0.0009360153344459832
915,1748032192.0042176,0.000935823773033917
916,1748032199.8306565,0.0009356322116218507
917,1748032205.1640933,0.0009354405920021236
918,1748032209.5812163,0.0009352490305900574
919,1748032213.2403774,0.0009350574691779912
920,1748032218.9727676,0.0009348659077659249
921,1748032223.6054752,0.0009346743463538587
922,1748032227.6776702,0.0009344827849417925
923,1748032233.7321954,0.0009342911653220654
924,1748032239.8742728,0.0009340996039099991
925,1748032245.365276,0.0009339080424979329
926,1748032252.0795338,0.0009337164810858667
927,1748032256.9282763,0.0009335249196738005
928,1748032258.5894902,0.0009333333582617342
929,1748032330.8973851,0.0009331417386420071
930,1748032336.6330662,0.0009329501772299409
931,1748032342.0270123,0.0009327586158178747
932,1748032347.9480803,0.0009325670544058084
933,1748032353.1611702,0.0009323754929937422
934,1748032357.8416886,0.000932183931581676
935,1748032362.6366615,0.0009319923119619489
936,1748032370.4692955,0.0009318007505498827
937,1748032375.5848653,0.0009316091891378164
938,1748032380.2697031,0.0009314176277257502
939,1748032385.904517,0.000931226066313684
940,1748032391.900941,0.0009310345049016178
941,1748032396.4638093,0.0009308428852818906
942,1748032401.688363,0.0009306513238698244
943,1748032406.2746975,0.0009304597624577582
944,1748032410.9838283,0.000930268201045692
945,1748032415.872402,0.0009300766396336257
946,1748032421.9085634,0.0009298850782215595
947,1748032428.8582056,0.0009296934586018324
948,1748032433.224053,0.0009295018971897662
949,1748032440.2849145,0.0009293103357777
950,1748032445.4901369,0.0009291187743656337
951,1748032453.931411,0.0009289272129535675
952,1748032459.5048048,0.0009287356515415013
953,1748032465.4225004,0.0009285440901294351
954,1748032471.2383437,0.0009283524705097079
955,1748032478.1778975,0.0009281609090976417
956,1748032483.389656,0.0009279693476855755
957,1748032489.3503892,0.0009277777862735093
958,1748032492.5458763,0.000927586224861443
959,1748032496.66066,0.0009273946634493768
960,1748032501.7410972,0.0009272030438296497
961,1748032508.4011934,0.0009270114824175835
962,1748032513.6489902,0.0009268199210055172
963,1748032521.3827615,0.000926628359593451
964,1748032526.3265648,0.0009264367981813848
965,1748032530.548659,0.0009262452367693186
966,1748032535.7184727,0.0009260536171495914
967,1748032539.7932982,0.0009258620557375252
968,1748032545.0786128,0.000925670494325459
969,1748032550.0222156,0.0009254789329133928
970,1748032555.64778,0.0009252873715013266
971,1748032560.012452,0.0009250958100892603
972,1748032563.99841,0.0009249041904695332
973,1748032570.6991332,0.000924712629057467
974,1748032574.2641637,0.0009245210676454008
975,1748032578.074642,0.0009243295062333345
976,1748032583.8699234,0.0009241379448212683
977,1748032589.2872899,0.0009239463834092021
978,1748032595.3531988,0.000923754763789475
979,1748032602.6386473,0.0009235632023774087
980,1748032609.7268677,0.0009233716409653425
981,1748032615.5234566,0.0009231800795532763
982,1748032620.6826692,0.0009229885181412101
983,1748032625.1126134,0.0009227969567291439
984,1748032631.7526896,0.0009226053371094167
985,1748032635.642495,0.0009224137756973505
986,1748032640.6661737,0.0009222222142852843
987,1748032646.464001,0.0009220306528732181
988,1748032651.3004847,0.0009218390914611518
989,1748032657.7440267,0.0009216475300490856
990,1748032662.3593223,0.0009214559104293585
991,1748032668.4663303,0.0009212643490172923
992,1748032673.0327966,0.000921072787605226
993,1748032680.3094082,0.0009208812261931598
994,1748032685.2559686,0.0009206896647810936
995,1748032689.9150877,0.0009204981033690274
996,1748032693.7478576,0.0009203065419569612
997,1748032698.7734234,0.000920114922337234
998,1748032705.7589426,0.0009199233609251678
999,1748032711.7175343,0.0009197317995131016
1000,1748032717.4871457,0.0009195402381010354
1001,1748032723.6034474,0.0009193486766889691
1002,1748032728.8564901,0.0009191571152769029
1003,1748032733.6635249,0.0009189654956571758
1004,1748032739.7186632,0.0009187739342451096
1005,1748032744.3952553,0.0009185823728330433
1006,1748032749.3607051,0.0009183908114209771
1007,1748032755.938332,0.0009181992500089109
1008,1748032760.0338666,0.0009180076885968447
1009,1748032764.5515585,0.0009178160689771175
1010,1748032769.6503441,0.0009176245075650513
1011,1748032774.77869,0.0009174329461529851
1012,1748032780.3365228,0.0009172413847409189
1013,1748032787.149951,0.0009170498233288527
1014,1748032792.6054986,0.0009168582619167864
1015,1748032800.4566562,0.0009166666422970593
1016,1748032807.189677,0.0009164750808849931
1017,1748032810.568464,0.0009162835194729269
1018,1748032818.2134807,0.0009160919580608606
1019,1748032825.0939803,0.0009159003966487944
1020,1748032830.3984194,0.0009157088352367282
1021,1748032835.752942,0.0009155172156170011
1022,1748032840.9311678,0.0009153256542049348
1023,1748032844.241784,0.0009151340927928686
1024,1748032849.4915767,0.0009149425313808024
1025,1748032854.5859277,0.0009147509699687362
1026,1748032859.913188,0.00091455940855667
1027,1748032863.6371653,0.0009143677889369428
1028,1748032868.5376918,0.0009141762275248766
1029,1748032876.6948433,0.0009139846661128104
1030,1748032880.7641494,0.0009137931047007442
1031,1748032884.1521025,0.0009136015432886779
1032,1748032890.403416,0.0009134099818766117
1033,1748032895.0759592,0.0009132183622568846
1034,1748032899.9441142,0.0009130268008448184
1035,1748032904.9193726,0.0009128352394327521
1036,1748032908.9886675,0.0009126436780206859
1037,1748032915.250792,0.0009124521166086197
1038,1748032920.1779814,0.0009122605551965535
1039,1748032924.5170307,0.0009120689937844872
1040,1748032928.6482785,0.0009118773741647601
1041,1748032933.3589416,0.0009116858127526939
1042,1748032938.200345,0.0009114942513406277
1043,1748032942.6758316,0.0009113026899285614
1044,1748032945.8077452,0.0009111111285164952
1045,1748033020.709706,0.000910919567104429
1046,1748033026.2149215,0.0009107279474847019
1047,1748033032.5228786,0.0009105363860726357
1048,1748033036.2054017,0.0009103448246605694
1049,1748033042.3686888,0.0009101532632485032
1050,1748033047.0203674,0.000909961701836437
1051,1748033051.2757502,0.0009097701404243708
1052,1748033058.4035473,0.0009095785208046436
1053,1748033063.7147682,0.0009093869593925774
1054,1748033068.331097,0.0009091953979805112
1055,1748033073.213693,0.000909003836568445
1056,1748033078.3737657,0.0009088122751563787
1057,1748033082.9054844,0.0009086207137443125
1058,1748033089.752855,0.0009084290941245854
1059,1748033093.9484322,0.0009082375327125192
1060,1748033098.9875848,0.000908045971300453
1061,1748033106.2043178,0.0009078544098883867
1062,1748033111.0246406,0.0009076628484763205
1063,1748033115.7092724,0.0009074712870642543
1064,1748033121.7387211,0.0009072796674445271
1065,1748033127.5108845,0.0009070881060324609
1066,1748033131.0980637,0.0009068965446203947
1067,1748033137.460045,0.0009067049832083285
1068,1748033140.532983,0.0009065134217962623
1069,1748033146.0447145,0.000906321860384196
1070,1748033153.743868,0.0009061302407644689
1071,1748033158.0874786,0.0009059386793524027
1072,1748033164.3260431,0.0009057471179403365
1073,1748033168.5705328,0.0009055555565282702
1074,1748033176.0523627,0.000905363995116204
1075,1748033181.108555,0.0009051724337041378
1076,1748033186.516296,0.0009049808140844107
1077,1748033195.2401938,0.0009047892526723444
1078,1748033198.6032999,0.0009045976912602782
1079,1748033206.0794706,0.000904406129848212
1080,1748033211.3629243,0.0009042145684361458
1081,1748033216.494903,0.0009040230070240796
1082,1748033220.0138571,0.0009038314456120133
1083,1748033225.1352823,0.0009036398259922862
1084,1748033230.138945,0.00090344826458022
1085,1748033234.6951993,0.0009032567031681538
1086,1748033240.0435398,0.0009030651417560875
1087,1748033246.348066,0.0009028735803440213
1088,1748033251.110268,0.0009026820189319551
1089,1748033256.8138137,0.000902490399312228
1090,1748033260.7418265,0.0009022988379001617
1091,1748033264.7526462,0.0009021072764880955
1092,1748033268.4829023,0.0009019157150760293
1093,1748033274.0189397,0.0009017241536639631
1094,1748033280.8207982,0.0009015325922518969
1095,1748033287.97001,0.0009013409726321697
1096,1748033293.1473584,0.0009011494112201035
1097,1748033298.2371454,0.0009009578498080373
1098,1748033303.8694084,0.0009007662883959711
1099,1748033307.5796976,0.0009005747269839048
1100,1748033313.3686862,0.0009003831655718386
1101,1748033318.9865382,0.0009001915459521115
1102,1748033322.6436408,0.0008999999845400453
1103,1748033327.5242987,0.000899808423127979
1104,1748033332.9499187,0.0008996168617159128
1105,1748033340.640789,0.0008994253003038466
1106,1748033344.0773854,0.0008992337388917804
1107,1748033349.1902952,0.0008990421192720532
1108,1748033356.7047882,0.000898850557859987
1109,1748033361.414329,0.0008986589964479208
1110,1748033366.5209863,0.0008984674350358546
1111,1748033372.853442,0.0008982758736237884
1112,1748033377.3718185,0.0008980843122117221
1113,1748033384.5703208,0.000897892692591995
1114,1748033389.4447002,0.0008977011311799288
1115,1748033397.6843164,0.0008975095697678626
1116,1748033402.1440523,0.0008973180083557963
1117,1748033409.5659635,0.0008971264469437301
1118,1748033416.8970726,0.0008969348855316639
1119,1748033423.443443,0.0008967433241195977
1120,1748033431.8161576,0.0008965517044998705
1121,1748033439.0088327,0.0008963601430878043
1122,1748033447.1005337,0.0008961685816757381
1123,1748033453.3567193,0.0008959770202636719
1124,1748033457.627528,0.0008957854588516057
1125,1748033464.7400281,0.0008955938974395394
1126,1748033468.6197402,0.0008954022778198123
1127,1748033474.3301811,0.0008952107164077461
1128,1748033481.1101866,0.0008950191549956799
1129,1748033485.3431845,0.0008948275935836136
1130,1748033492.011986,0.0008946360321715474
1131,1748033498.1776457,0.0008944444707594812
1132,1748033503.0071702,0.0008942528511397541
1133,1748033508.123431,0.0008940612897276878
1134,1748033514.2288735,0.0008938697283156216
1135,1748033520.2265549,0.0008936781669035554
1136,1748033524.8585238,0.0008934866054914892
1137,1748033530.3350148,0.000893295044079423
1138,1748033534.8463092,0.0008931034244596958
1139,1748033539.9061902,0.0008929118630476296
1140,1748033544.8329453,0.0008927203016355634
1141,1748033551.889918,0.0008925287402234972
1142,1748033557.27067,0.0008923371788114309
1143,1748033562.382228,0.0008921456173993647
1144,1748033565.942467,0.0008919539977796376
1145,1748033571.4838748,0.0008917624363675714
1146,1748033577.9281554,0.0008915708749555051
1147,1748033582.2151854,0.0008913793135434389
1148,1748033587.8623562,0.0008911877521313727
1149,1748033595.055886,0.0008909961907193065
1150,1748033598.7939045,0.0008908045710995793
1151,1748033603.208728,0.0008906130096875131
1152,1748033610.3189487,0.0008904214482754469
1153,1748033613.6025841,0.0008902298868633807
1154,1748033617.0245993,0.0008900383254513144
1155,1748033623.0792372,0.0008898467640392482
1156,1748033628.2486355,0.0008896551444195211
1157,1748033636.2272027,0.0008894635830074549
1158,1748033640.4322631,0.0008892720215953887
1159,1748033644.7414076,0.0008890804601833224
1160,1748033645.85066,0.0008888888987712562
1161,1748033714.1065574,0.00088869733735919
1162,1748033721.372255,0.0008885057759471238
1163,1748033729.6710951,0.0008883141563273966
1164,1748033735.7925782,0.0008881225949153304
1165,1748033743.457517,0.0008879310335032642
1166,1748033751.084089,0.000887739472091198
1167,1748033755.8985531,0.0008875479106791317
1168,1748033759.0434225,0.0008873563492670655
1169,1748033766.4204447,0.0008871647296473384
1170,1748033772.4016807,0.0008869731682352722
1171,1748033779.0574195,0.000886781606823206
1172,1748033784.6156652,0.0008865900454111397
1173,1748033789.9334822,0.0008863984839990735
1174,1748033796.8300362,0.0008862069225870073
1175,1748033801.4073904,0.0008860153029672801
1176,1748033806.6670938,0.0008858237415552139
1177,1748033811.512024,0.0008856321801431477
1178,1748033817.161502,0.0008854406187310815
1179,1748033821.7980747,0.0008852490573190153
1180,1748033825.2860339,0.000885057495906949
1181,1748033833.138318,0.0008848658762872219
1182,1748033836.0333061,0.0008846743148751557
1183,1748033843.025828,0.0008844827534630895
1184,1748033848.7354376,0.0008842911920510232
1185,1748033852.4105232,0.000884099630638957
1186,1748033858.3664408,0.0008839080692268908
1187,1748033863.3425846,0.0008837164496071637
1188,1748033870.8125312,0.0008835248881950974
1189,1748033876.2910364,0.0008833333267830312
1190,1748033882.2015858,0.000883141765370965
1191,1748033888.6505713,0.0008829502039588988
1192,1748033894.0618594,0.0008827586425468326
1193,1748033899.454798,0.0008825670229271054
1194,1748033905.1697469,0.0008823754615150392
1195,1748033910.3160307,0.000882183900102973
1196,1748033916.8456607,0.0008819923386909068
1197,1748033922.5989552,0.0008818007772788405
1198,1748033928.3074281,0.0008816092158667743
1199,1748033934.6938918,0.0008814175962470472
1200,1748033941.817812,0.000881226034834981
1201,1748033947.2353525,0.0008810344734229147
1202,1748033954.2199123,0.0008808429120108485
1203,1748033959.0477862,0.0008806513505987823
1204,1748033965.4972491,0.0008804597891867161
1205,1748033972.246031,0.0008802682277746499
1206,1748033978.5483713,0.0008800766081549227
1207,1748033982.986082,0.0008798850467428565
1208,1748033986.7615008,0.0008796934853307903
1209,1748033993.056906,0.0008795019239187241
1210,1748033997.8867924,0.0008793103625066578
1211,1748034002.7694018,0.0008791188010945916
1212,1748034007.6364534,0.0008789271814748645
1213,1748034015.404505,0.0008787356200627983
1214,1748034019.80175,0.000878544058650732
1215,1748034025.3372555,0.0008783524972386658
1216,1748034031.4330473,0.0008781609358265996
1217,1748034039.8496087,0.0008779693744145334
1218,1748034044.3973086,0.0008777777547948062
1219,1748034047.845462,0.00087758619338274
1220,1748034054.7874224,0.0008773946319706738
1221,1748034059.2285192,0.0008772030705586076
1222,1748034063.5583758,0.0008770115091465414
1223,1748034068.3333,0.0008768199477344751
1224,1748034074.0860934,0.000876628328114748
1225,1748034079.4043064,0.0008764367667026818
1226,1748034082.6071978,0.0008762452052906156
1227,1748034088.1277673,0.0008760536438785493
1228,1748034094.2397635,0.0008758620824664831
1229,1748034097.5681605,0.0008756705210544169
1230,1748034103.3126051,0.0008754789014346898
1231,1748034110.8004675,0.0008752873400226235
1232,1748034118.6621516,0.0008750957786105573
1233,1748034123.3453107,0.0008749042171984911
1234,1748034127.29225,0.0008747126557864249
1235,1748034131.9745126,0.0008745210943743587
1236,1748034136.6924403,0.0008743294747546315
1237,1748034143.2135515,0.0008741379133425653
1238,1748034148.8185287,0.0008739463519304991
1239,1748034156.435469,0.0008737547905184329
1240,1748034162.7956927,0.0008735632291063666
1241,1748034168.3505566,0.0008733716676943004
1242,1748034174.5880191,0.0008731800480745733
1243,1748034180.8984752,0.0008729884866625071
1244,1748034186.6268358,0.0008727969252504408
1245,1748034190.472501,0.0008726053638383746
1246,1748034195.8760889,0.0008724138024263084
1247,1748034204.9450457,0.0008722222410142422
1248,1748034209.1564784,0.000872030679602176
1249,1748034214.6762617,0.0008718390599824488
1250,1748034217.9292734,0.0008716474985703826
1251,1748034223.4798954,0.0008714559371583164
1252,1748034228.9549072,0.0008712643757462502
1253,1748034233.5823176,0.0008710728143341839
1254,1748034237.6538558,0.0008708812529221177
1255,1748034242.361503,0.0008706896333023906
1256,1748034249.3531818,0.0008704980718903244
1257,1748034255.919511,0.0008703065104782581
1258,1748034262.2405589,0.0008701149490661919
1259,1748034267.182282,0.0008699233876541257
1260,1748034272.6439447,0.0008697318262420595
1261,1748034278.860196,0.0008695402066223323
1262,1748034284.0381784,0.0008693486452102661
1263,1748034290.5529277,0.0008691570837981999
1264,1748034294.128822,0.0008689655223861337
1265,1748034298.5057268,0.0008687739609740674
1266,1748034303.9299603,0.0008685823995620012
1267,1748034307.9290302,0.0008683907799422741
1268,1748034312.5686877,0.0008681992185302079
1269,1748034317.5003443,0.0008680076571181417
1270,1748034323.7707562,0.0008678160957060754
1271,1748034328.8514714,0.0008676245342940092
1272,1748034333.4724555,0.000867432972881943
1273,1748034337.7611184,0.0008672413532622159
1274,1748034343.0256078,0.0008670497918501496
1275,1748034348.5584137,0.0008668582304380834
1276,1748034350.419512,0.0008666666690260172
1277,1748034428.5174553,0.000866475107613951
1278,1748034435.4254606,0.0008662835462018847
1279,1748034438.7715018,0.0008660919265821576
1280,1748034444.5273929,0.0008659003651700914
1281,1748034448.3692849,0.0008657088037580252
1282,1748034453.9121714,0.000865517242345959
1283,1748034458.2209682,0.0008653256809338927
1284,1748034465.5922034,0.0008651341195218265
1285,1748034469.7421787,0.0008649424999020994
1286,1748034477.6971936,0.0008647509384900331
1287,1748034484.6534503,0.0008645593770779669
1288,1748034489.1341574,0.0008643678156659007
1289,1748034493.5521011,0.0008641762542538345
1290,1748034501.3982515,0.0008639846928417683
1291,1748034505.9491384,0.000863793131429702
1292,1748034510.628968,0.0008636015118099749
1293,1748034516.6970804,0.0008634099503979087
1294,1748034521.8932934,0.0008632183889858425
1295,1748034527.6299188,0.0008630268275737762
1296,1748034533.3499718,0.00086283526616171
1297,1748034538.6130614,0.0008626437047496438
1298,1748034544.9486742,0.0008624520851299167
1299,1748034549.1058073,0.0008622605237178504
1300,1748034555.2183862,0.0008620689623057842
1301,1748034559.547948,0.000861877400893718
1302,1748034566.1818025,0.0008616858394816518
1303,1748034571.9593875,0.0008614942780695856
1304,1748034578.5906408,0.0008613026584498584
1305,1748034583.8293424,0.0008611110970377922
1306,1748034588.6716669,0.000860919535625726
1307,1748034593.4437306,0.0008607279742136598
1308,1748034598.433772,0.0008605364128015935
1309,1748034602.7542493,0.0008603448513895273
1310,1748034607.122384,0.0008601532317698002
1311,1748034612.4516764,0.000859961670357734
1312,1748034617.7587993,0.0008597701089456677
1313,1748034623.103426,0.0008595785475336015
1314,1748034628.8494654,0.0008593869861215353
1315,1748034634.1881208,0.0008591954247094691
1316,1748034638.956016,0.0008590038050897419
1317,1748034644.401821,0.0008588122436776757
1318,1748034649.665887,0.0008586206822656095
1319,1748034656.4146147,0.0008584291208535433
1320,1748034664.4665887,0.0008582375594414771
1321,1748034671.5086539,0.0008580459980294108
1322,1748034676.0745566,0.0008578543784096837
1323,1748034681.1470673,0.0008576628169976175
1324,1748034684.876527,0.0008574712555855513
1325,1748034689.2852397,0.000857279694173485
1326,1748034693.9921775,0.0008570881327614188
1327,1748034697.9379969,0.0008568965713493526
1328,1748034705.1194136,0.0008567050099372864
1329,1748034708.8683429,0.0008565133903175592
1330,1748034713.5896327,0.000856321828905493
1331,1748034719.866385,0.0008561302674934268
1332,1748034724.7447786,0.0008559387060813606
1333,1748034729.9671693,0.0008557471446692944
1334,1748034735.5816326,0.0008555555832572281
1335,1748034739.7466855,0.000855363963637501
1336,1748034743.1592631,0.0008551724022254348
1337,1748034750.2101417,0.0008549808408133686
1338,1748034755.3948314,0.0008547892794013023
1339,1748034760.5562696,0.0008545977179892361
1340,1748034766.1311052,0.0008544061565771699
1341,1748034772.026441,0.0008542145369574428
1342,1748034777.3214319,0.0008540229755453765
1343,1748034782.1270552,0.0008538314141333103
1344,1748034788.0719178,0.0008536398527212441
1345,1748034793.4825394,0.0008534482913091779
1346,1748034800.069655,0.0008532567298971117
1347,1748034805.488737,0.0008530651102773845
1348,1748034810.7368402,0.0008528735488653183
1349,1748034814.2310514,0.0008526819874532521
1350,1748034819.9349592,0.0008524904260411859
1351,1748034825.3996642,0.0008522988646291196
1352,1748034829.1878128,0.0008521073032170534
1353,1748034835.2559268,0.0008519156835973263
1354,1748034841.3620334,0.0008517241221852601
1355,1748034846.6857405,0.0008515325607731938
1356,1748034851.3995492,0.0008513409993611276
1357,1748034857.8524504,0.0008511494379490614
1358,1748034865.5539334,0.0008509578765369952
1359,1748034870.2913284,0.000850766256917268
1360,1748034874.0559175,0.0008505746955052018
1361,1748034881.1158545,0.0008503831340931356
1362,1748034887.529615,0.0008501915726810694
1363,1748034893.4053044,0.0008500000112690032
1364,1748034899.3641055,0.0008498084498569369
1365,1748034904.0253472,0.0008496168302372098
1366,1748034907.8319519,0.0008494252688251436
1367,1748034912.853129,0.0008492337074130774
1368,1748034918.9235275,0.0008490421460010111
1369,1748034927.2076411,0.0008488505845889449
1370,1748034932.51681,0.0008486590231768787
1371,1748034937.7367833,0.0008484674617648125
1372,1748034942.9282491,0.0008482758421450853
1373,1748034945.9817915,0.0008480842807330191
1374,1748034951.5157664,0.0008478927193209529
1375,1748034958.8000035,0.0008477011579088867
1376,1748034965.8391845,0.0008475095964968204
1377,1748034970.3043063,0.0008473180350847542
1378,1748034972.813925,0.0008471264154650271
1379,1748034978.8016093,0.0008469348540529609
1380,1748034985.4749982,0.0008467432926408947
1381,1748034991.9696941,0.0008465517312288284
1382,1748034997.823417,0.0008463601698167622
1383,1748035004.0484354,0.000846168608404696
1384,1748035008.9896019,0.0008459769887849689
1385,1748035014.4131598,0.0008457854273729026
1386,1748035018.2163126,0.0008455938659608364
1387,1748035021.8248942,0.0008454023045487702
1388,1748035025.5369802,0.000845210743136704
1389,1748035030.8094914,0.0008450191817246377
1390,1748035036.4401627,0.0008448275621049106
1391,1748035040.3153224,0.0008446360006928444
1392,1748035042.7509844,0.0008444444392807782
1393,1748035119.2044742,0.000844252877868712
1394,1748035125.937584,0.0008440613164566457
1395,1748035130.6116397,0.0008438697550445795
1396,1748035134.9352517,0.0008436781354248524
1397,1748035140.9667954,0.0008434865740127861
1398,1748035145.0733895,0.0008432950126007199
1399,1748035151.585264,0.0008431034511886537
1400,1748035159.5062172,0.0008429118897765875
1401,1748035166.3715963,0.0008427203283645213
1402,1748035170.7419171,0.0008425287087447941
1403,1748035175.774015,0.0008423371473327279
1404,1748035188.5245802,0.0008421455859206617
1405,1748035193.7601767,0.0008419540245085955
1406,1748035198.8409636,0.0008417624630965292
1407,1748035204.4473362,0.000841570901684463
1408,1748035208.7071571,0.0008413792820647359
1409,1748035214.2293246,0.0008411877206526697
1410,1748035221.771693,0.0008409961592406034
1411,1748035228.4327843,0.0008408045978285372
1412,1748035235.2851055,0.000840613036416471
1413,1748035240.6523402,0.0008404214750044048
1414,1748035244.3390102,0.0008402299135923386
1415,1748035251.5348666,0.0008400382939726114
1416,1748035256.80347,0.0008398467325605452
1417,1748035262.1383793,0.000839655171148479
1418,1748035268.1041164,0.0008394636097364128
1419,1748035274.0645752,0.0008392720483243465
1420,1748035277.9196467,0.0008390804869122803
1421,1748035282.8405397,0.0008388888672925532
1422,1748035288.5591636,0.000838697305880487
1423,1748035294.3341463,0.0008385057444684207
1424,1748035298.200246,0.0008383141830563545
1425,1748035302.3991885,0.0008381226216442883
1426,1748035308.0643497,0.0008379310602322221
1427,1748035313.1612637,0.0008377394406124949
1428,1748035319.4240546,0.0008375478792004287
1429,1748035322.9507813,0.0008373563177883625
1430,1748035329.7159414,0.0008371647563762963
1431,1748035337.1866164,0.0008369731949642301
1432,1748035343.9218507,0.0008367816335521638
1433,1748035352.479701,0.0008365900139324367
1434,1748035359.130034,0.0008363984525203705
1435,1748035365.927143,0.0008362068911083043
1436,1748035372.859089,0.000836015329696238
1437,1748035377.3181372,0.0008358237682841718
1438,1748035385.089683,0.0008356322068721056
1439,1748035392.5594268,0.0008354405872523785
1440,1748035400.1114151,0.0008352490258403122
1441,1748035405.7751102,0.000835057464428246
1442,1748035413.381336,0.0008348659030161798
1443,1748035419.6042905,0.0008346743416041136
1444,1748035426.189281,0.0008344827801920474
1445,1748035432.056037,0.0008342911605723202
1446,1748035436.8415809,0.000834099599160254
1447,1748035443.1242785,0.0008339080377481878
1448,1748035448.6263757,0.0008337164763361216
1449,1748035455.2743125,0.0008335249149240553
1450,1748035460.8722072,0.0008333333535119891
1451,1748035465.3384256,0.000833141733892262
1452,1748035472.136741,0.0008329501724801958
1453,1748035478.610409,0.0008327586110681295
1454,1748035482.774518,0.0008325670496560633
1455,1748035487.572388,0.0008323754882439971
1456,1748035495.4095879,0.0008321839268319309
1457,1748035500.8213387,0.0008319923654198647
1458,1748035507.534404,0.0008318007458001375
1459,1748035513.2131858,0.0008316091843880713
1460,1748035519.254986,0.0008314176229760051
1461,1748035523.440759,0.0008312260615639389
1462,1748035527.6203852,0.0008310345001518726
1463,1748035532.6783175,0.0008308429387398064
1464,1748035537.3172717,0.0008306513191200793
1465,1748035543.0069635,0.0008304597577080131
1466,1748035549.0035956,0.0008302681962959468
1467,1748035556.1365197,0.0008300766348838806
1468,1748035559.3583603,0.0008298850734718144
1469,1748035564.755636,0.0008296935120597482
1470,1748035569.5567982,0.000829501892440021
1471,1748035574.6919322,0.0008293103310279548
1472,1748035581.3297296,0.0008291187696158886
1473,1748035586.559983,0.0008289272082038224
1474,1748035590.3179271,0.0008287356467917562
1475,1748035595.5273833,0.0008285440853796899
1476,1748035599.1388311,0.0008283524657599628
1477,1748035604.9967914,0.0008281609043478966
1478,1748035607.728568,0.0008279693429358304
1479,1748035613.2571685,0.0008277777815237641
1480,1748035617.4182389,0.0008275862201116979
1481,1748035621.9676409,0.0008273946586996317
1482,1748035627.584502,0.0008272030390799046
1483,1748035634.3567352,0.0008270114776678383
1484,1748035639.4367862,0.0008268199162557721
1485,1748035643.7409651,0.0008266283548437059
1486,1748035649.6440022,0.0008264367934316397
1487,1748035654.0002887,0.0008262452320195735
1488,1748035657.6592822,0.0008260536123998463
1489,1748035664.664829,0.0008258620509877801
1490,1748035671.374972,0.0008256704895757139
1491,1748035677.80648,0.0008254789281636477
1492,1748035684.183126,0.0008252873667515814
1493,1748035689.0579584,0.0008250958053395152
1494,1748035694.655268,0.0008249041857197881
1495,1748035700.1791697,0.0008247126243077219
1496,1748035706.7136095,0.0008245210628956556
1497,1748035712.9112847,0.0008243295014835894
1498,1748035717.2965484,0.0008241379400715232
1499,1748035722.6409454,0.000823946378659457
1500,1748035730.3058996,0.0008237548172473907
1501,1748035736.0586963,0.0008235631976276636
1502,1748035741.5985417,0.0008233716362155974
1503,1748035747.609864,0.0008231800748035312
1504,1748035752.3130982,0.000822988513391465
1505,1748035755.679839,0.0008227969519793987
1506,1748035761.7206407,0.0008226053905673325
1507,1748035767.7377353,0.0008224137709476054
1508,1748035769.129079,0.0008222222095355392
1509,1748035844.9623973,0.0008220306481234729
1510,1748035851.5831144,0.0008218390867114067
1511,1748035858.6433058,0.0008216475252993405
1512,1748035864.2068834,0.0008214559638872743
1513,1748035872.5032876,0.0008212643442675471
1514,1748035880.022044,0.0008210727828554809
1515,1748035886.5841646,0.0008208812214434147
1516,1748035891.4675117,0.0008206896600313485
1517,1748035897.9114227,0.0008204980986192822
1518,1748035904.1060312,0.000820306537207216
1519,1748035911.001722,0.0008201149175874889
1520,1748035914.740661,0.0008199233561754227
1521,1748035918.8064718,0.0008197317947633564
1522,1748035923.3034246,0.0008195402333512902
1523,1748035930.7174416,0.000819348671939224
1524,1748035936.9786682,0.0008191571105271578
1525,1748035942.2061386,0.0008189654909074306
1526,1748035949.4361744,0.0008187739294953644
1527,1748035955.7785861,0.0008185823680832982
1528,1748035960.7378209,0.000818390806671232
1529,1748035966.4034562,0.0008181992452591658
1530,1748035972.2671428,0.0008180076838470995
1531,1748035979.8665762,0.0008178160642273724
1532,1748035985.6655548,0.0008176245028153062
1533,1748035992.6691852,0.00081743294140324
1534,1748035996.503587,0.0008172413799911737
1535,1748036003.493711,0.0008170498185791075
1536,1748036009.4355884,0.0008168582571670413
1537,1748036013.9785178,0.0008166666957549751
1538,1748036019.7266915,0.0008164750761352479
1539,1748036025.54956,0.0008162835147231817
1540,1748036031.1819913,0.0008160919533111155
1541,1748036039.6094046,0.0008159003918990493
1542,1748036043.172003,0.0008157088304869831
1543,1748036046.78115,0.0008155172690749168
1544,1748036052.8918908,0.0008153256494551897
1545,1748036057.4430494,0.0008151340880431235
1546,1748036062.4841535,0.0008149425266310573
1547,1748036067.3479826,0.000814750965218991
1548,1748036072.3053012,0.0008145594038069248
1549,1748036076.1608942,0.0008143678423948586
1550,1748036080.9041264,0.0008141762227751315
1551,1748036088.315438,0.0008139846613630652
1552,1748036094.3697248,0.000813793099950999
1553,1748036098.369015,0.0008136015385389328
1554,1748036108.1652148,0.0008134099771268666
1555,1748036114.9376397,0.0008132184157148004
1556,1748036119.6632192,0.0008130267960950732
1557,1748036124.8185825,0.000812835234683007
1558,1748036130.5752592,0.0008126436732709408
1559,1748036136.5640087,0.0008124521118588746
1560,1748036143.4641736,0.0008122605504468083
1561,1748036146.7470715,0.0008120689890347421
1562,1748036150.705853,0.000811877369415015
1563,1748036156.030979,0.0008116858080029488
1564,1748036163.1573792,0.0008114942465908825
1565,1748036166.4353938,0.0008113026851788163
1566,1748036172.8538525,0.0008111111237667501
1567,1748036176.053875,0.0008109195623546839
1568,1748036181.3034213,0.0008107279427349567
1569,1748036185.71767,0.0008105363813228905
1570,1748036191.4260416,0.0008103448199108243
1571,1748036198.7257051,0.0008101532584987581
1572,1748036205.902898,0.0008099616970866919
1573,1748036212.9949174,0.0008097701356746256
1574,1748036220.3285356,0.0008095785160548985
1575,1748036224.5255399,0.0008093869546428323
1576,1748036229.7118106,0.0008091953932307661
1577,1748036234.0315526,0.0008090038318186998
1578,1748036238.3851566,0.0008088122704066336
1579,1748036242.5694823,0.0008086207089945674
1580,1748036247.6779668,0.0008084291475825012
1581,1748036251.6542768,0.000808237527962774
1582,1748036257.5832956,0.0008080459665507078
1583,1748036261.8264623,0.0008078544051386416
1584,1748036266.3618352,0.0008076628437265754
1585,1748036272.2374165,0.0008074712823145092
1586,1748036276.1025386,0.0008072797209024429
1587,1748036281.0601559,0.0008070881012827158
1588,1748036285.3418198,0.0008068965398706496
1589,1748036291.1838973,0.0008067049784585834
1590,1748036296.034629,0.0008065134170465171
1591,1748036304.2266405,0.0008063218556344509
1592,1748036310.6729372,0.0008061302942223847
1593,1748036314.2118998,0.0008059386746026576
1594,1748036319.5093043,0.0008057471131905913
1595,1748036323.1779203,0.0008055555517785251
1596,1748036329.597506,0.0008053639903664589
1597,1748036333.8690999,0.0008051724289543927
1598,1748036338.4111652,0.0008049808675423265
1599,1748036343.733209,0.0008047892479225993
1600,1748036348.4203968,0.0008045976865105331
1601,1748036354.1863196,0.0008044061250984669
1602,1748036359.9260206,0.0008042145636864007
1603,1748036363.0190315,0.0008040230022743344
1604,1748036367.1670525,0.0008038314408622682
1605,1748036372.7939026,0.0008036398212425411
1606,1748036377.934069,0.0008034482598304749
1607,1748036383.5874197,0.0008032566984184086
1608,1748036391.0816443,0.0008030651370063424
1609,1748036397.585387,0.0008028735755942762
1610,1748036401.6624534,0.00080268201418221
1611,1748036405.768193,0.0008024903945624828
1612,1748036412.3640478,0.0008022988331504166
1613,1748036416.5435638,0.0008021072717383504
1614,1748036420.8615677,0.0008019157103262842
1615,1748036428.5018358,0.000801724148914218
1616,1748036435.173833,0.0008015325875021517
1617,1748036443.3651805,0.0008013409678824246
1618,1748036447.316724,0.0008011494064703584
1619,1748036451.2172117,0.0008009578450582922
1620,1748036459.318106,0.0008007662836462259
1621,1748036467.036215,0.0008005747222341597
1622,1748036474.118472,0.0008003831608220935
1623,1748036480.0609314,0.0008001915994100273
1624,1748036481.2869804,0.0007999999797903001
1625,1748036556.89664,0.0007998084183782339
1626,1748036561.9617336,0.0007996168569661677
1627,1748036566.8170922,0.0007994252955541015
1628,1748036573.3394332,0.0007992337341420352
1629,1748036578.3370383,0.000799042172729969
1630,1748036582.6822214,0.0007988505531102419
1631,1748036591.3378036,0.0007986589916981757
1632,1748036596.5013804,0.0007984674302861094
1633,1748036599.6560783,0.0007982758688740432
1634,1748036604.3512478,0.000798084307461977
1635,1748036609.0841486,0.0007978927460499108
1636,1748036615.8556092,0.0007977011264301836
1637,1748036623.0057688,0.0007975095650181174
1638,1748036630.2464437,0.0007973180036060512
1639,1748036636.4690952,0.000797126442193985
1640,1748036642.212741,0.0007969348807819188
1641,1748036648.0094557,0.0007967433193698525
1642,1748036656.3584414,0.0007965516997501254
1643,1748036660.7218022,0.0007963601383380592
1644,1748036664.742044,0.000796168576925993
1645,1748036671.3032181,0.0007959770155139267
1646,1748036678.1215293,0.0007957854541018605
1647,1748036681.574277,0.0007955938926897943
1648,1748036686.5056124,0.0007954022730700672
1649,1748036691.825718,0.000795210711658001
1650,1748036697.565907,0.0007950191502459347
1651,1748036704.2292063,0.0007948275888338685
1652,1748036708.657353,0.0007946360274218023
1653,1748036712.493456,0.0007944444660097361
1654,1748036717.9343002,0.0007942528463900089
1655,1748036722.661346,0.0007940612849779427
1656,1748036728.0775628,0.0007938697235658765
1657,1748036736.6444788,0.0007936781621538103
1658,1748036743.9343815,0.000793486600741744
1659,1748036749.2333188,0.0007932950393296778
1660,1748036753.462042,0.0007931034197099507
1661,1748036758.1731508,0.0007929118582978845
1662,1748036764.1361392,0.0007927202968858182
1663,1748036770.4650164,0.000792528735473752
1664,1748036774.8610945,0.0007923371740616858
1665,1748036779.9297376,0.0007921456126496196
1666,1748036783.319566,0.0007919540512375534
1667,1748036791.021187,0.0007917624316178262
1668,1748036796.7914016,0.00079157087020576
1669,1748036801.3702161,0.0007913793087936938
1670,1748036807.5324,0.0007911877473816276
1671,1748036813.141079,0.0007909961859695613
1672,1748036817.019891,0.0007908046245574951
1673,1748036823.7601047,0.000790613004937768
1674,1748036828.8708785,0.0007904214435257018
1675,1748036833.475406,0.0007902298821136355
1676,1748036839.6898434,0.0007900383207015693
1677,1748036843.6966221,0.0007898467592895031
1678,1748036848.336628,0.0007896551978774369
1679,1748036852.4013214,0.0007894635782577097
1680,1748036858.4765012,0.0007892720168456435
1681,1748036864.0020401,0.0007890804554335773
1682,1748036873.2251248,0.0007888888940215111
1683,1748036878.1731145,0.0007886973326094449
1684,1748036883.2524621,0.0007885057711973786
1685,1748036889.181295,0.0007883141515776515
1686,1748036894.846665,0.0007881225901655853
1687,1748036899.7302313,0.0007879310287535191
1688,1748036905.2994258,0.0007877394673414528
1689,1748036909.4561863,0.0007875479059293866
1690,1748036915.8766162,0.0007873563445173204
1691,1748036920.627128,0.0007871647248975933
1692,1748036924.606841,0.000786973163485527
1693,1748036929.663863,0.0007867816020734608
1694,1748036934.7148921,0.0007865900406613946
1695,1748036940.8493736,0.0007863984792493284
1696,1748036946.2569718,0.0007862069178372622
1697,1748036950.7499845,0.000786015298217535
1698,1748036955.3823464,0.0007858237368054688
1699,1748036959.5622597,0.0007856321753934026
1700,1748036963.4567676,0.0007854406139813364
1701,1748036968.712512,0.0007852490525692701
1702,1748036974.934953,0.0007850574911572039
1703,1748036980.350032,0.0007848658715374768
1704,1748036984.5412464,0.0007846743101254106
1705,1748036989.6139853,0.0007844827487133443
1706,1748036995.0851924,0.0007842911873012781
1707,1748037000.4222152,0.0007840996258892119
1708,1748037007.6866841,0.0007839080644771457
1709,1748037012.52844,0.0007837165030650795
1710,1748037016.3038974,0.0007835248834453523
1711,1748037021.9250913,0.0007833333220332861
1712,1748037028.8055086,0.0007831417606212199
1713,1748037033.7241657,0.0007829501992091537
1714,1748037041.902003,0.0007827586377970874
1715,1748037049.9540267,0.0007825670763850212
1716,1748037054.3317814,0.0007823754567652941
1717,1748037061.6556683,0.0007821838953532279
1718,1748037066.8787315,0.0007819923339411616
1719,1748037071.9508216,0.0007818007725290954
1720,1748037076.7890935,0.0007816092111170292
1721,1748037083.258895,0.000781417649704963
1722,1748037089.4488542,0.0007812260300852358
1723,1748037093.532511,0.0007810344686731696
1724,1748037103.324324,0.0007808429072611034
1725,1748037110.9844403,0.0007806513458490372
1726,1748037117.284079,0.000780459784436971
1727,1748037122.179115,0.0007802682230249047
1728,1748037126.8853066,0.0007800766034051776
1729,1748037132.455329,0.0007798850419931114
1730,1748037139.3005743,0.0007796934805810452
1731,1748037144.686184,0.0007795019191689789
1732,1748037151.3085837,0.0007793103577569127
1733,1748037156.8396888,0.0007791187963448465
1734,1748037163.5818493,0.0007789271767251194
1735,1748037168.268547,0.0007787356153130531
1736,1748037176.269426,0.0007785440539009869
1737,1748037182.9991074,0.0007783524924889207
1738,1748037189.6204598,0.0007781609310768545
1739,1748037192.8483994,0.0007779693696647882
1740,1748037194.225406,0.0007777777500450611
1741,1748037277.7789416,0.0007775861886329949
1742,1748037283.9918664,0.0007773946272209287
1743,1748037289.367469,0.0007772030658088624
1744,1748037295.8949664,0.0007770115043967962
1745,1748037301.8375266,0.00077681994298473
1746,1748037307.1008291,0.0007766283815726638
1747,1748037311.427067,0.0007764367619529366
1748,1748037316.4864814,0.0007762452005408704
1749,1748037329.812305,0.0007760536391288042
1750,1748037337.6947947,0.000775862077716738
1751,1748037343.359748,0.0007756705163046718
1752,1748037349.200147,0.0007754789548926055
1753,1748037353.2264967,0.0007752873352728784
1754,1748037358.11132,0.0007750957738608122
1755,1748037364.117687,0.000774904212448746
1756,1748037367.0173876,0.0007747126510366797
1757,1748037372.9352558,0.0007745210896246135
1758,1748037378.0633698,0.0007743295282125473
1759,1748037384.204993,0.0007741379085928202
1760,1748037389.994669,0.000773946347180754
1761,1748037396.4432466,0.0007737547857686877
1762,1748037403.6262693,0.0007735632243566215
1763,1748037407.8098314,0.0007733716629445553
1764,1748037419.5818768,0.0007731801015324891
1765,1748037424.6388218,0.0007729884819127619
1766,1748037431.7761834,0.0007727969205006957
1767,1748037439.4553308,0.0007726053590886295
1768,1748037445.7127676,0.0007724137976765633
1769,1748037451.0716908,0.000772222236264497
1770,1748037457.4232817,0.0007720306748524308
1771,1748037465.4582777,0.0007718390552327037
1772,1748037471.9285426,0.0007716474938206375
1773,1748037477.4812303,0.0007714559324085712
1774,1748037485.0184639,0.000771264370996505
1775,1748037489.0137835,0.0007710728095844388
1776,1748037495.7748926,0.0007708812481723726
1777,1748037501.5730693,0.0007706896285526454
1778,1748037507.0780401,0.0007704980671405792
1779,1748037513.4274545,0.000770306505728513
1780,1748037520.8995268,0.0007701149443164468
1781,1748037526.7484035,0.0007699233829043806
1782,1748037532.3337107,0.0007697318214923143
1783,1748037538.7762733,0.0007695402018725872
1784,1748037543.9163003,0.000769348640460521
1785,1748037550.4812326,0.0007691570790484548
1786,1748037555.7135468,0.0007689655176363885
1787,1748037562.8094468,0.0007687739562243223
1788,1748037565.8419764,0.0007685823948122561
1789,1748037571.36162,0.0007683908334001899
1790,1748037578.1965156,0.0007681992137804627
1791,1748037586.199399,0.0007680076523683965
1792,1748037591.8270042,0.0007678160909563303
1793,1748037598.5531888,0.0007676245295442641
1794,1748037606.774239,0.0007674329681321979
1795,1748037612.4538076,0.0007672414067201316
1796,1748037617.9133646,0.0007670497871004045
1797,1748037622.3899138,0.0007668582256883383
1798,1748037632.514688,0.0007666666642762721
1799,1748037636.6743934,0.0007664751028642058
1800,1748037640.0411205,0.0007662835414521396
1801,1748037644.453612,0.0007660919800400734
1802,1748037650.657798,0.0007659003604203463
1803,1748037657.727401,0.00076570879900828
1804,1748037662.6847994,0.0007655172375962138
1805,1748037668.1651986,0.0007653256761841476
1806,1748037672.798328,0.0007651341147720814
1807,1748037676.0312312,0.0007649425533600152
1808,1748037681.1114652,0.000764750933740288
1809,1748037689.1537433,0.0007645593723282218
1810,1748037695.2959816,0.0007643678109161556
1811,1748037699.599861,0.0007641762495040894
1812,1748037703.9248426,0.0007639846880920231
1813,1748037709.7325552,0.0007637931266799569
1814,1748037714.7412558,0.0007636015070602298
1815,1748037719.0642931,0.0007634099456481636
1816,1748037724.9447033,0.0007632183842360973
1817,1748037729.7757354,0.0007630268228240311
1818,1748037737.2680564,0.0007628352614119649
1819,1748037742.385337,0.0007626436999998987
1820,1748037747.8414707,0.0007624520803801715
1821,1748037754.0316176,0.0007622605189681053
1822,1748037758.8948858,0.0007620689575560391
1823,1748037765.4740243,0.0007618773961439729
1824,1748037769.35625,0.0007616858347319067
1825,1748037773.6149912,0.0007614942733198404
1826,1748037778.2750106,0.0007613026537001133
1827,1748037784.728652,0.0007611110922880471
1828,1748037789.8959296,0.0007609195308759809
1829,1748037796.3661556,0.0007607279694639146
1830,1748037802.1937702,0.0007605364080518484
1831,1748037806.501837,0.0007603448466397822
1832,1748037811.393506,0.000760153285227716
1833,1748037815.7489438,0.0007599616656079888
1834,1748037821.125097,0.0007597701041959226
1835,1748037827.549047,0.0007595785427838564
1836,1748037833.5699637,0.0007593869813717902
1837,1748037838.8855135,0.000759195419959724
1838,1748037843.5034614,0.0007590038585476577
1839,1748037847.2235634,0.0007588122389279306
1840,1748037852.8012576,0.0007586206775158644
1841,1748037859.2709715,0.0007584291161037982
1842,1748037865.607989,0.0007582375546917319
1843,1748037870.061276,0.0007580459932796657
1844,1748037875.404546,0.0007578544318675995
1845,1748037879.4887013,0.0007576628122478724
1846,1748037885.9911795,0.0007574712508358061
1847,1748037891.6342928,0.0007572796894237399
1848,1748037896.3897004,0.0007570881280116737
1849,1748037900.1005964,0.0007568965665996075
1850,1748037906.3134801,0.0007567050051875412
1851,1748037913.176054,0.0007565133855678141
1852,1748037916.5127692,0.0007563218241557479
1853,1748037920.5409362,0.0007561302627436817
1854,1748037927.510283,0.0007559387013316154
1855,1748037932.8523507,0.0007557471399195492
1856,1748037934.4853945,0.000755555578507483
1857,1748038008.3015404,0.0007553639588877559
1858,1748038015.8682964,0.0007551723974756896
1859,1748038022.06948,0.0007549808360636234
1860,1748038028.8622582,0.0007547892746515572
1861,1748038033.7085,0.000754597713239491
1862,1748038038.036439,0.0007544061518274248
1863,1748038044.2260714,0.0007542145322076976
1864,1748038050.6700015,0.0007540229707956314
1865,1748038057.6438086,0.0007538314093835652
1866,1748038063.226054,0.000753639847971499
1867,1748038069.3957844,0.0007534482865594327
1868,1748038075.404776,0.0007532567251473665
1869,1748038078.876912,0.0007530651055276394
1870,1748038084.3826985,0.0007528735441155732
1871,1748038087.7374442,0.000752681982703507
1872,1748038092.059786,0.0007524904212914407
1873,1748038097.8718543,0.0007522988598793745
1874,1748038102.9743726,0.0007521072984673083
1875,1748038109.0635076,0.0007519157370552421
1876,1748038113.448452,0.0007517241174355149
1877,1748038118.3394992,0.0007515325560234487
1878,1748038123.8485975,0.0007513409946113825
1879,1748038129.8654563,0.0007511494331993163
1880,1748038134.8706558,0.00075095787178725
1881,1748038141.1826208,0.0007507663103751838
1882,1748038147.0335777,0.0007505746907554567
1883,1748038152.2265742,0.0007503831293433905
1884,1748038160.8610544,0.0007501915679313242
1885,1748038166.1557994,0.000750000006519258
1886,1748038172.0916808,0.0007498084451071918
1887,1748038179.2271974,0.0007496168836951256
1888,1748038183.7222617,0.0007494252640753984
1889,1748038191.6601737,0.0007492337026633322
1890,1748038196.8574073,0.000749042141251266
1891,1748038202.4809828,0.0007488505798391998
1892,1748038206.7234488,0.0007486590184271336
1893,1748038211.5215948,0.0007484674570150673
1894,1748038216.4898884,0.0007482758373953402
1895,1748038221.1853797,0.000748084275983274
1896,1748038227.4492686,0.0007478927145712078
1897,1748038233.2854874,0.0007477011531591415
1898,1748038239.8960752,0.0007475095917470753
1899,1748038244.8817577,0.0007473180303350091
1900,1748038250.0344589,0.000747126410715282
1901,1748038254.0971587,0.0007469348493032157
1902,1748038258.698626,0.0007467432878911495
1903,1748038263.7310324,0.0007465517264790833
1904,1748038268.17042,0.0007463601650670171
1905,1748038274.7215385,0.0007461686036549509
1906,1748038282.6149528,0.0007459769840352237
1907,1748038288.6818054,0.0007457854226231575
1908,1748038292.4372933,0.0007455938612110913
1909,1748038296.0637472,0.0007454022997990251
1910,1748038303.9207048,0.0007452107383869588
1911,1748038309.544999,0.0007450191769748926
1912,1748038316.0842266,0.0007448275573551655
1913,1748038321.3039382,0.0007446359959430993
1914,1748038326.2307856,0.000744444434531033
1915,1748038331.1034539,0.0007442528731189668
1916,1748038335.9803572,0.0007440613117069006
1917,1748038341.8315048,0.0007438697502948344
1918,1748038345.9653337,0.0007436781888827682
1919,1748038350.9331405,0.000743486569263041
1920,1748038356.2621837,0.0007432950078509748
1921,1748038362.263413,0.0007431034464389086
1922,1748038367.85643,0.0007429118850268424
1923,1748038371.9090214,0.0007427203236147761
1924,1748038376.8104866,0.0007425287622027099
1925,1748038381.7415898,0.0007423371425829828
1926,1748038385.285997,0.0007421455811709166
1927,1748038389.9034464,0.0007419540197588503
1928,1748038393.7942162,0.0007417624583467841
1929,1748038397.8418314,0.0007415708969347179
1930,1748038403.445166,0.0007413793355226517
1931,1748038408.1440837,0.0007411877159029245
1932,1748038414.4877498,0.0007409961544908583
1933,1748038417.971089,0.0007408045930787921
1934,1748038422.9848452,0.0007406130316667259
1935,1748038428.61906,0.0007404214702546597
1936,1748038434.8379545,0.0007402299088425934
1937,1748038441.9445584,0.0007400382892228663
1938,1748038448.7566223,0.0007398467278108001
1939,1748038454.2091768,0.0007396551663987339
1940,1748038461.3299608,0.0007394636049866676
1941,1748038466.2274265,0.0007392720435746014
1942,1748038472.922692,0.0007390804821625352
1943,1748038479.1823583,0.0007388888625428081
1944,1748038486.3841352,0.0007386973011307418
1945,1748038491.423849,0.0007385057397186756
1946,1748038496.635933,0.0007383141783066094
1947,1748038502.6908572,0.0007381226168945432
1948,1748038505.8179939,0.000737931055482477
1949,1748038512.595432,0.0007377394358627498
1950,1748038518.9241483,0.0007375478744506836
1951,1748038522.9449759,0.0007373563130386174
1952,1748038528.2711055,0.0007371647516265512
1953,1748038533.7791023,0.0007369731902144849
1954,1748038538.0334094,0.0007367816288024187
1955,1748038542.427518,0.0007365900673903525
1956,1748038549.1947443,0.0007363984477706254
1957,1748038555.7755706,0.0007362068863585591
1958,1748038561.8207116,0.0007360153249464929
1959,1748038568.9043756,0.0007358237635344267
1960,1748038572.4764168,0.0007356322021223605
1961,1748038579.421541,0.0007354406407102942
1962,1748038585.7472281,0.0007352490210905671
1963,1748038591.1356459,0.0007350574596785009
1964,1748038595.5090976,0.0007348658982664347
1965,1748038600.5478344,0.0007346743368543684
1966,1748038607.6686394,0.0007344827754423022
1967,1748038614.7346833,0.000734291214030236
1968,1748038618.6843853,0.0007340995944105089
1969,1748038624.6281354,0.0007339080329984426
1970,1748038629.2263906,0.0007337164715863764
1971,1748038633.2165318,0.0007335249101743102
1972,1748038634.5070167,0.000733333348762244
1973,1748038709.4142292,0.0007331417873501778
1974,1748038713.450767,0.0007329501677304506
1975,1748038720.1192915,0.0007327586063183844
1976,1748038724.9244173,0.0007325670449063182
1977,1748038729.013309,0.000732375483494252
1978,1748038735.71072,0.0007321839220821857
1979,1748038742.8689857,0.0007319923606701195
1980,1748038749.7763433,0.0007318007410503924
1981,1748038754.6374097,0.0007316091796383262
1982,1748038761.5970366,0.00073141761822626
1983,1748038769.5356169,0.0007312260568141937
1984,1748038775.8428037,0.0007310344954021275
1985,1748038780.4702725,0.0007308429339900613
1986,1748038788.9023771,0.0007306513143703341
1987,1748038793.2687378,0.0007304597529582679
1988,1748038797.9035187,0.0007302681915462017
1989,1748038803.6625226,0.0007300766301341355
1990,1748038807.744277,0.0007298850687220693
1991,1748038812.146102,0.000729693507310003
1992,1748038817.0776522,0.0007295018876902759
1993,1748038821.9077082,0.0007293103262782097
1994,1748038830.1048322,0.0007291187648661435
1995,1748038834.9988253,0.0007289272034540772
1996,1748038839.0304306,0.000728735642042011
1997,1748038844.0684767,0.0007285440806299448
1998,1748038848.8114974,0.0007283525192178786
1999,1748038852.1647964,0.0007281608995981514
2000,1748038856.3822763,0.0007279693381860852
2001,1748038861.8818653,0.000727777776774019
2002,1748038867.060443,0.0007275862153619528
2003,1748038870.493521,0.0007273946539498866
2004,1748038874.702385,0.0007272030925378203
2005,1748038883.4215577,0.0007270114729180932
2006,1748038890.7806785,0.000726819911506027
2007,1748038897.0450957,0.0007266283500939608
2008,1748038902.6260056,0.0007264367886818945
2009,1748038907.7217507,0.0007262452272698283
2010,1748038914.4213026,0.0007260536658577621
2011,1748038920.1055143,0.000725862046238035
2012,1748038926.8706937,0.0007256704848259687
2013,1748038931.2920496,0.0007254789234139025
2014,1748038940.4118738,0.0007252873620018363
2015,1748038946.940116,0.0007250958005897701
2016,1748038950.7413526,0.0007249042391777039
2017,1748038955.2774196,0.0007247126195579767
2018,1748038959.2356787,0.0007245210581459105
2019,1748038964.5228925,0.0007243294967338443
2020,1748038969.720522,0.0007241379353217781
2021,1748038973.8061404,0.0007239463739097118
2022,1748038979.6290736,0.0007237548124976456
2023,1748038984.47659,0.0007235631928779185
2024,1748038990.4533463,0.0007233716314658523
2025,1748038995.5563188,0.000723180070053786
2026,1748039002.9224732,0.0007229885086417198
2027,1748039007.3303351,0.0007227969472296536
2028,1748039013.3737009,0.0007226053858175874
2029,1748039019.6579587,0.0007224137661978602
2030,1748039026.0049498,0.000722222204785794
2031,1748039032.0022125,0.0007220306433737278
2032,1748039038.9258413,0.0007218390819616616
2033,1748039043.056595,0.0007216475205495954
2034,1748039050.0672193,0.0007214559591375291
2035,1748039057.759091,0.000721264339517802
2036,1748039061.8659692,0.0007210727781057358
2037,1748039065.365283,0.0007208812166936696
2038,1748039070.8519669,0.0007206896552816033
2039,1748039075.2214513,0.0007204980938695371
2040,1748039078.3211854,0.0007203065324574709
2041,1748039082.944779,0.0007201149710454047
2042,1748039089.1349113,0.0007199233514256775
2043,1748039094.8302858,0.0007197317900136113
2044,1748039102.3764803,0.0007195402286015451
2045,1748039109.1237762,0.0007193486671894789
2046,1748039113.6671236,0.0007191571057774127
2047,1748039117.782985,0.0007189655443653464
2048,1748039122.1204398,0.0007187739247456193
2049,1748039128.5573177,0.0007185823633335531
2050,1748039134.8618445,0.0007183908019214869
2051,1748039141.88,0.0007181992405094206
2052,1748039146.119585,0.0007180076790973544
2053,1748039153.2857337,0.0007178161176852882
2054,1748039160.7929776,0.0007176244980655611
2055,1748039164.7924974,0.0007174329366534948
2056,1748039172.7424376,0.0007172413752414286
2057,1748039178.6913042,0.0007170498138293624
2058,1748039184.2459016,0.0007168582524172962
2059,1748039189.7010467,0.00071666669100523
2060,1748039193.5450416,0.0007164750713855028
2061,1748039199.4489455,0.0007162835099734366
2062,1748039203.6265073,0.0007160919485613704
2063,1748039209.8622959,0.0007159003871493042
2064,1748039214.2847626,0.0007157088257372379
2065,1748039218.8921134,0.0007155172643251717
2066,1748039227.0847871,0.0007153256447054446
2067,1748039230.518406,0.0007151340832933784
2068,1748039240.2812903,0.0007149425218813121
2069,1748039250.245828,0.0007147509604692459
2070,1748039255.8402731,0.0007145593990571797
2071,1748039259.573199,0.0007143678376451135
2072,1748039266.0281456,0.0007141762180253863
2073,1748039271.1715806,0.0007139846566133201
2074,1748039274.4096804,0.0007137930952012539
2075,1748039281.3899624,0.0007136015337891877
2076,1748039288.3893774,0.0007134099723771214
2077,1748039296.3623369,0.0007132184109650552
2078,1748039299.476396,0.0007130267913453281
2079,1748039305.22142,0.0007128352299332619
2080,1748039309.6291642,0.0007126436685211957
2081,1748039316.8838449,0.0007124521071091294
2082,1748039324.3164253,0.0007122605456970632
2083,1748039329.306167,0.000712068984284997
2084,1748039333.026835,0.0007118774228729308
2085,1748039339.9441042,0.0007116858032532036
2086,1748039347.9522557,0.0007114942418411374
2087,1748039353.670415,0.0007113026804290712
2088,1748039355.4412103,0.000711111119017005
2089,1748039432.9034426,0.0007109195576049387
2090,1748039437.9334006,0.0007107279961928725
2091,1748039443.5236633,0.0007105363765731454
2092,1748039448.61801,0.0007103448151610792
2093,1748039452.8357258,0.000710153253749013
2094,1748039457.5623207,0.0007099616923369467
2095,1748039461.9584103,0.0007097701309248805
2096,1748039466.73399,0.0007095785695128143
2097,1748039472.6903026,0.0007093869498930871
2098,1748039477.6648068,0.0007091953884810209
2099,1748039481.5880427,0.0007090038270689547
2100,1748039487.0449798,0.0007088122656568885
2101,1748039492.613429,0.0007086207042448223
2102,1748039496.7765296,0.000708429142832756
2103,1748039502.8552682,0.0007082375232130289
2104,1748039507.5769541,0.0007080459618009627
2105,1748039512.3761456,0.0007078544003888965
2106,1748039519.0529847,0.0007076628389768302
2107,1748039523.108137,0.000707471277564764
2108,1748039529.0216372,0.0007072797161526978
2109,1748039533.1320949,0.0007070880965329707
2110,1748039538.4226396,0.0007068965351209044
2111,1748039548.197353,0.0007067049737088382
2112,1748039554.072208,0.000706513412296772
2113,1748039559.1969583,0.0007063218508847058
2114,1748039564.629197,0.0007061302894726396
2115,1748039569.571861,0.0007059386698529124
2116,1748039576.8017693,0.0007057471084408462
2117,1748039582.8272443,0.00070555554702878
2118,1748039588.5880537,0.0007053639856167138
2119,1748039593.5181422,0.0007051724242046475
2120,1748039604.9460623,0.0007049808627925813
2121,1748039610.5269508,0.0007047892431728542
2122,1748039615.5708506,0.000704597681760788
2123,1748039622.26316,0.0007044061203487217
2124,1748039629.670853,0.0007042145589366555
2125,1748039636.718277,0.0007040229975245893
2126,1748039640.9770243,0.0007038314361125231
2127,1748039647.3097832,0.0007036398747004569
2128,1748039652.6868682,0.0007034482550807297
2129,1748039658.9034946,0.0007032566936686635
2130,1748039664.1324925,0.0007030651322565973
2131,1748039668.6677544,0.0007028735708445311
2132,1748039672.4172487,0.0007026820094324648
2133,1748039678.7474158,0.0007024904480203986
2134,1748039683.166289,0.0007022988284006715
2135,1748039687.0278916,0.0007021072669886053
2136,1748039691.7502487,0.000701915705576539
2137,1748039697.7565937,0.0007017241441644728
2138,1748039703.7234228,0.0007015325827524066
2139,1748039706.93076,0.0007013410213403404
2140,1748039713.6157253,0.0007011494017206132
2141,1748039718.7758846,0.000700957840308547
2142,1748039723.9948516,0.0007007662788964808
2143,1748039729.711268,0.0007005747174844146
2144,1748039733.7069705,0.0007003831560723484
2145,1748039739.0815458,0.0007001915946602821
2146,1748039743.7428107,0.000699999975040555
2147,1748039749.411802,0.0006998084136284888
2148,1748039758.1071932,0.0006996168522164226
2149,1748039762.704972,0.0006994252908043563
2150,1748039766.7729275,0.0006992337293922901
2151,1748039772.991628,0.0006990421679802239
2152,1748039779.375629,0.0006988505483604968
2153,1748039782.4617674,0.0006986589869484305
2154,1748039788.93196,0.0006984674255363643
2155,1748039792.3661134,0.0006982758641242981
2156,1748039796.2113109,0.0006980843027122319
2157,1748039802.1655633,0.0006978927413001657
2158,1748039806.3228307,0.0006977011216804385
2159,1748039811.8279586,0.0006975095602683723
2160,1748039817.2413712,0.0006973179988563061
2161,1748039824.7054582,0.0006971264374442399
2162,1748039829.350986,0.0006969348760321736
2163,1748039834.2402341,0.0006967433146201074
2164,1748039837.1080086,0.0006965517532080412
2165,1748039842.2670484,0.0006963601335883141
2166,1748039848.905609,0.0006961685721762478
2167,1748039853.3201988,0.0006959770107641816
2168,1748039859.4901688,0.0006957854493521154
2169,1748039865.492807,0.0006955938879400492
2170,1748039871.1708133,0.000695402326527983
2171,1748039876.7706196,0.0006952107069082558
2172,1748039881.295072,0.0006950191454961896
2173,1748039885.7201843,0.0006948275840841234
2174,1748039890.408615,0.0006946360226720572
2175,1748039896.0548184,0.0006944444612599909
2176,1748039900.577061,0.0006942528998479247
2177,1748039906.8333623,0.0006940612802281976
2178,1748039912.539802,0.0006938697188161314
2179,1748039916.8022785,0.0006936781574040651
2180,1748039923.7370563,0.0006934865959919989
2181,1748039929.8404155,0.0006932950345799327
2182,1748039937.1801698,0.0006931034731678665
2183,1748039944.3333886,0.0006929118535481393
2184,1748039949.965878,0.0006927202921360731
2185,1748039955.811804,0.0006925287307240069
2186,1748039960.456255,0.0006923371693119407
2187,1748039965.9646444,0.0006921456078998744
2188,1748039972.3202817,0.0006919540464878082
2189,1748039978.1172242,0.0006917624268680811
2190,1748039983.7436073,0.0006915708654560149
2191,1748039989.1086264,0.0006913793040439487
2192,1748039995.0510316,0.0006911877426318824
2193,1748040000.3372185,0.0006909961812198162
2194,1748040005.9440873,0.00069080461980775
2195,1748040009.7418683,0.0006906130001880229
2196,1748040014.3321247,0.0006904214387759566
2197,1748040018.6206088,0.0006902298773638904
2198,1748040024.382987,0.0006900383159518242
2199,1748040030.1982868,0.000689846754539758
2200,1748040034.351258,0.0006896551931276917
2201,1748040043.6118457,0.0006894635735079646
2202,1748040051.0625646,0.0006892720120958984
2203,1748040059.984339,0.0006890804506838322
2204,1748040061.5034475,0.000688888889271766
2205,1748040147.0688436,0.0006886973278596997
2206,1748040154.7558296,0.0006885057664476335
2207,1748040163.136384,0.0006883142050355673
2208,1748040169.5607235,0.0006881225854158401
2209,1748040176.8481958,0.0006879310240037739
2210,1748040181.9180048,0.0006877394625917077
2211,1748040186.4344783,0.0006875479011796415
2212,1748040191.3642826,0.0006873563397675753
2213,1748040197.408452,0.000687164778355509
2214,1748040203.6443138,0.0006869731587357819
2215,1748040209.3343801,0.0006867815973237157
2216,1748040214.1609838,0.0006865900359116495
2217,1748040218.4980254,0.0006863984744995832
2218,1748040225.1956012,0.000686206913087517
2219,1748040230.2414474,0.0006860153516754508
2220,1748040234.1115985,0.0006858237320557237
2221,1748040239.2572422,0.0006856321706436574
2222,1748040246.47802,0.0006854406092315912
2223,1748040251.6915205,0.000685249047819525
2224,1748040255.4992924,0.0006850574864074588
2225,1748040260.0277557,0.0006848659249953926
2226,1748040265.7659786,0.0006846743053756654
2227,1748040272.9862857,0.0006844827439635992
2228,1748040277.8545732,0.000684291182551533
2229,1748040282.252736,0.0006840996211394668
2230,1748040287.962496,0.0006839080597274005
2231,1748040293.5978198,0.0006837164983153343
2232,1748040300.0262141,0.0006835248786956072
2233,1748040304.3501704,0.000683333317283541
2234,1748040309.1637545,0.0006831417558714747
2235,1748040315.5059133,0.0006829501944594085
2236,1748040319.1328354,0.0006827586330473423
2237,1748040324.7508214,0.0006825670716352761
2238,1748040328.779443,0.0006823754520155489
2239,1748040334.4969435,0.0006821838906034827
2240,1748040338.718995,0.0006819923291914165
2241,1748040346.0044708,0.0006818007677793503
2242,1748040351.2512686,0.0006816092063672841
2243,1748040354.4923322,0.0006814176449552178
2244,1748040358.1323955,0.0006812260253354907
2245,1748040364.2579522,0.0006810344639234245
2246,1748040367.935783,0.0006808429025113583
2247,1748040372.467411,0.000680651341099292
2248,1748040376.180705,0.0006804597796872258
2249,1748040379.7329087,0.0006802682182751596
2250,1748040383.9106965,0.0006800766568630934
2251,1748040388.2302127,0.0006798850372433662
2252,1748040393.0897338,0.0006796934758313
2253,1748040397.5242014,0.0006795019144192338
2254,1748040401.5989003,0.0006793103530071676
2255,1748040404.8830535,0.0006791187915951014
2256,1748040408.0980322,0.0006789272301830351
2257,1748040411.140789,0.000678735610563308
2258,1748040414.199128,0.0006785440491512418
2259,1748040418.317285,0.0006783524877391756
2260,1748040421.7768877,0.0006781609263271093
2261,1748040424.624526,0.0006779693649150431
2262,1748040427.774096,0.0006777778035029769
2263,1748040430.9118423,0.0006775861838832498
2264,1748040433.8337493,0.0006773946224711835
2265,1748040436.7785168,0.0006772030610591173
2266,1748040440.1265454,0.0006770114996470511
2267,1748040443.729956,0.0006768199382349849
2268,1748040447.343496,0.0006766283768229187
2269,1748040450.744717,0.0006764367572031915
2270,1748040454.5062041,0.0006762451957911253
2271,1748040458.0563235,0.0006760536343790591
2272,1748040461.3364344,0.0006758620729669929
2273,1748040464.600584,0.0006756705115549266
2274,1748040468.3462217,0.0006754789501428604
2275,1748040472.672242,0.0006752873305231333
2276,1748040475.8061578,0.0006750957691110671
2277,1748040479.4766412,0.0006749042076990008
2278,1748040482.9944348,0.0006747126462869346
2279,1748040486.5816505,0.0006745210848748684
2280,1748040490.0197887,0.0006743295234628022
2281,1748040493.5885186,0.000674137903843075
2282,1748040496.8836286,0.0006739463424310088
2283,1748040500.8630018,0.0006737547810189426
2284,1748040504.3202028,0.0006735632196068764
2285,1748040507.55992,0.0006733716581948102
2286,1748040511.3274813,0.0006731800967827439
2287,1748040514.938956,0.0006729884771630168
2288,1748040519.2857673,0.0006727969157509506
2289,1748040523.1873915,0.0006726053543388844
2290,1748040527.023204,0.0006724137929268181
2291,1748040530.3090327,0.0006722222315147519
2292,1748040534.3589578,0.0006720306701026857
2293,1748040537.559763,0.0006718391086906195
2294,1748040541.1561213,0.0006716474890708923
2295,1748040544.8878412,0.0006714559276588261
2296,1748040548.4581575,0.0006712643662467599
2297,1748040552.036973,0.0006710728048346937
2298,1748040555.2546,0.0006708812434226274
2299,1748040558.5637207,0.0006706896820105612
2300,1748040561.8624089,0.0006704980623908341
2301,1748040565.3778338,0.0006703065009787679
2302,1748040569.700949,0.0006701149395667017
2303,1748040573.520998,0.0006699233781546354
2304,1748040577.14552,0.0006697318167425692
2305,1748040581.07009,0.000669540255330503
2306,1748040584.6242511,0.0006693486357107759
2307,1748040587.607835,0.0006691570742987096
2308,1748040591.3252726,0.0006689655128866434
2309,1748040595.0706332,0.0006687739514745772
2310,1748040598.8889582,0.000668582390062511
2311,1748040602.6980531,0.0006683908286504447
2312,1748040606.177096,0.0006681992090307176
2313,1748040610.4143364,0.0006680076476186514
2314,1748040613.7995427,0.0006678160862065852
2315,1748040618.1720977,0.000667624524794519
2316,1748040621.774818,0.0006674329633824527
2317,1748040625.1415215,0.0006672414019703865
2318,1748040628.5937471,0.0006670497823506594
2319,1748040632.1086166,0.0006668582209385931
2320,1748040633.5595055,0.0006666666595265269
