step,wall_time,value
1,1747925563.2985768,0.698965311050415
2,1747925568.649177,0.697039008140564
3,1747925574.9855857,0.6782636642456055
4,1747925579.5817277,0.6918845176696777
5,1747925583.3007052,0.6996272802352905
6,1747925588.3999593,0.6908254623413086
7,1747925595.442437,0.6887550354003906
8,1747925600.899853,0.6776341795921326
9,1747925603.641835,0.6679797172546387
10,1747925608.149836,0.672775387763977
11,1747925612.154609,0.6677224040031433
12,1747925616.3408256,0.6527376174926758
13,1747925622.8414857,0.6504337787628174
14,1747925628.4611275,0.6697379946708679
15,1747925631.7977598,0.6270620822906494
16,1747925635.8880618,0.629300594329834
17,1747925644.9121711,0.6321125030517578
18,1747925648.5172503,0.6225928664207458
19,1747925651.3378034,0.6102502346038818
20,1747925656.5168912,0.6145471930503845
21,1747925662.4594395,0.6195864677429199
22,1747925666.604638,0.5870720744132996
23,1747925671.9625907,0.5749773979187012
24,1747925676.741973,0.602902889251709
25,1747925680.482725,0.5646418929100037
26,1747925686.0523534,0.5744166374206543
27,1747925694.3569176,0.5755515098571777
28,1747925697.8303351,0.5579701662063599
29,1747925703.51065,0.506354570388794
30,1747925711.7219145,0.5448927879333496
31,1747925717.4742558,0.4872380495071411
32,1747925721.788278,0.5609623193740845
33,1747925725.2503989,0.5432258248329163
34,1747925730.4759502,0.5114196538925171
35,1747925734.1527498,0.5749692916870117
36,1747925740.7995317,0.4083940386772156
37,1747925744.9176826,0.46466344594955444
38,1747925749.512263,0.4829939305782318
39,1747925754.4620843,0.49285683035850525
40,1747925762.0466156,0.48958152532577515
41,1747925765.5587764,0.4359649121761322
42,1747925769.5183659,0.3588324189186096
43,1747925774.2940257,0.4693990647792816
44,1747925779.8642118,0.45514780282974243
45,1747925785.7217195,0.5773642063140869
46,1747925792.434935,0.5334394574165344
47,1747925796.6410902,0.2715336084365845
48,1747925801.1202092,0.48692530393600464
49,1747925806.9309082,0.46515268087387085
50,1747925813.1445844,0.19152121245861053
51,1747925818.9702647,0.48740145564079285
52,1747925822.5456307,0.3749825954437256
53,1747925826.3049672,0.5035549998283386
54,1747925832.9317062,0.3083028197288513
55,1747925838.9969368,0.3710436224937439
56,1747925843.892198,0.3757248818874359
57,1747925849.138542,0.3748766779899597
58,1747925854.303895,0.49779099225997925
59,1747925859.8967147,0.46659597754478455
60,1747925864.2558138,0.6701722145080566
61,1747925869.3670886,0.32791587710380554
62,1747925874.5911589,0.45166391134262085
63,1747925881.1974344,0.3459254205226898
64,1747925888.2836015,0.41745859384536743
65,1747925894.8209906,0.5275927782058716
66,1747925901.9042833,0.37351733446121216
67,1747925906.8539371,0.4133570194244385
68,1747925912.3544896,0.5013031959533691
69,1747925917.5766745,0.4033535420894623
70,1747925922.0730782,0.36334675550460815
71,1747925927.1610856,0.3093940019607544
72,1747925933.3554587,0.3178020715713501
73,1747925939.7099786,0.2594495415687561
74,1747925946.9337096,0.39514702558517456
75,1747925952.4342375,0.2957475781440735
76,1747925957.6799166,0.4374741017818451
77,1747925963.1800277,0.3349453806877136
78,1747925968.3947256,0.41174110770225525
79,1747925975.7810068,0.47303327918052673
80,1747925981.7463396,0.3392941653728485
81,1747925985.111468,0.3998989760875702
82,1747925989.0738766,0.20641037821769714
83,1747925993.490456,0.24922601878643036
84,1747925999.118103,0.2518007755279541
85,1747926003.8357377,0.34914058446884155
86,1747926007.9890678,0.40563249588012695
87,1747926013.1373994,0.2521253228187561
88,1747926016.8359811,0.17452678084373474
89,1747926021.851412,0.28051334619522095
90,1747926030.6718247,0.4070921540260315
91,1747926036.606575,0.2595379948616028
92,1747926041.1588826,0.15830932557582855
93,1747926045.6785095,0.19602623581886292
94,1747926051.2176647,0.3613061308860779
95,1747926058.4079652,0.2046404331922531
96,1747926064.9708216,0.0835643857717514
97,1747926070.3985388,0.5162322521209717
98,1747926078.4948022,0.2685728669166565
99,1747926083.4342322,0.3229740262031555
100,1747926089.8001425,0.14072231948375702
101,1747926095.217385,0.3641202449798584
102,1747926099.418898,0.26934847235679626
103,1747926105.8998704,0.24224528670310974
104,1747926111.3144772,0.28550630807876587
105,1747926116.222677,0.18478858470916748
106,1747926120.6365616,0.302931010723114
107,1747926125.5687466,0.45946094393730164
108,1747926133.158633,0.21756258606910706
109,1747926140.8612914,0.2702944576740265
110,1747926149.8848717,0.22726938128471375
111,1747926155.9396434,0.3693304657936096
112,1747926161.5166209,0.17334024608135223
113,1747926169.8646271,0.44977855682373047
114,1747926178.5010939,0.3571615219116211
115,1747926184.2147238,0.5961746573448181
116,1747926185.5887618,0.14072421193122864
117,1747926272.1449652,0.34860044717788696
118,1747926276.8723998,0.4523402154445648
119,1747926284.8102381,0.2724166512489319
120,1747926292.4771721,0.3752536177635193
121,1747926295.979813,0.2545050084590912
122,1747926301.9484017,0.33324363827705383
123,1747926308.5884771,0.16373592615127563
124,1747926315.4113226,0.24281637370586395
125,1747926320.9739738,0.15395502746105194
126,1747926326.2577538,0.24574075639247894
127,1747926329.1525285,0.1567905992269516
128,1747926334.3419282,0.3528284430503845
129,1747926340.3436933,0.46090778708457947
130,1747926346.5064738,0.2055220603942871
131,1747926354.3868704,0.2179698646068573
132,1747926358.7342746,0.4040054976940155
133,1747926362.3342524,0.45424598455429077
134,1747926366.8746178,0.40933236479759216
135,1747926373.115891,0.3428851366043091
136,1747926378.8985672,0.12863381206989288
137,1747926383.699739,0.14132240414619446
138,1747926387.9548178,0.4604908227920532
139,1747926393.2934058,0.26725172996520996
140,1747926398.943998,0.20561125874519348
141,1747926406.3699582,0.294650673866272
142,1747926411.6023586,0.24391859769821167
143,1747926416.817205,0.3148040175437927
144,1747926424.9531887,0.44577717781066895
145,1747926432.6171422,0.16549351811408997
146,1747926436.271679,0.059080325067043304
147,1747926441.395262,0.20670711994171143
148,1747926447.1277428,0.276691734790802
149,1747926452.2455578,0.32997187972068787
150,1747926457.4005837,0.4853403568267822
151,1747926460.8829453,0.11775864660739899
152,1747926466.3464823,0.224627286195755
153,1747926472.7641892,0.42495307326316833
154,1747926478.0133243,0.08842947334051132
155,1747926482.4846535,0.10400912165641785
156,1747926486.8802469,0.13720276951789856
157,1747926490.5073578,0.21683645248413086
158,1747926497.9193249,0.32597774267196655
159,1747926505.3647616,0.23534637689590454
160,1747926512.056587,0.2542087733745575
161,1747926515.8946207,0.08624562621116638
162,1747926521.676734,0.12441705167293549
163,1747926529.2801847,0.553374707698822
164,1747926536.4963884,0.041715122759342194
165,1747926544.2560549,0.22838547825813293
166,1747926551.1104872,0.29150572419166565
167,1747926556.140652,0.27715596556663513
168,1747926560.6444821,0.22370129823684692
169,1747926564.5904496,0.20237290859222412
170,1747926568.5724714,0.24680522084236145
171,1747926573.8549507,0.2166263312101364
172,1747926579.113784,0.12014897912740707
173,1747926585.014991,0.055943556129932404
174,1747926589.519221,0.13068173825740814
175,1747926595.228825,0.04093177244067192
176,1747926600.9984698,0.1733247935771942
177,1747926608.1614919,0.15559248626232147
178,1747926616.5484939,0.2777499258518219
179,1747926623.3118708,0.10748427361249924
180,1747926628.3833005,0.18811839818954468
181,1747926634.176952,0.10761590301990509
182,1747926637.611764,0.1596612185239792
183,1747926642.456949,0.42280516028404236
184,1747926648.7169309,0.2815661132335663
185,1747926655.3167307,0.17483888566493988
186,1747926661.5657797,0.46860843896865845
187,1747926667.145986,0.09632571786642075
188,1747926673.8788912,0.027895739302039146
189,1747926679.5105855,0.253258615732193
190,1747926685.6121655,0.5777925848960876
191,1747926690.0451732,0.09392993897199631
192,1747926694.4251525,0.1544659286737442
193,1747926701.7186606,0.20866769552230835
194,1747926707.5075333,0.30385327339172363
195,1747926711.463484,0.13368213176727295
196,1747926718.1307216,0.1626116931438446
197,1747926724.0175447,0.30434679985046387
198,1747926729.8961227,0.2597804069519043
199,1747926733.422549,0.20829693973064423
200,1747926739.0394614,0.17083466053009033
201,1747926744.3219712,0.09892921894788742
202,1747926749.5925841,0.20710229873657227
203,1747926754.1500893,0.38287827372550964
204,1747926757.8438218,0.17052972316741943
205,1747926765.0966465,0.15616916120052338
206,1747926769.0966415,0.25596946477890015
207,1747926774.067066,0.1512882113456726
208,1747926781.1248107,0.44099757075309753
209,1747926789.7553918,0.13092410564422607
210,1747926794.9632714,0.2455742061138153
211,1747926798.9849126,0.17399942874908447
212,1747926803.0388014,0.09616555273532867
213,1747926808.675359,0.1648179143667221
214,1747926812.7779827,0.2012544721364975
215,1747926817.4368205,0.2704215347766876
216,1747926823.301785,0.24000442028045654
217,1747926827.672125,0.19548383355140686
218,1747926832.3720782,0.006604250054806471
219,1747926838.445072,0.3072021007537842
220,1747926844.585657,0.41700708866119385
221,1747926850.8071635,0.411451518535614
222,1747926855.906003,0.1579635590314865
223,1747926864.2969506,0.4259926676750183
224,1747926870.3705165,0.5810607075691223
225,1747926877.4659355,0.5302656888961792
226,1747926883.257176,0.38614997267723083
227,1747926887.833396,0.2802962064743042
228,1747926893.779187,0.26405787467956543
229,1747926901.2572577,0.3035125732421875
230,1747926907.127426,0.34189677238464355
231,1747926911.337458,0.37779057025909424
232,1747926913.3933785,0.08061790466308594
233,1747927001.5364416,0.2267395257949829
234,1747927005.5175862,0.45849937200546265
235,1747927011.963344,0.3722849488258362
236,1747927017.4352217,0.2130591720342636
237,1747927022.0925634,0.29974621534347534
238,1747927027.789347,0.161190003156662
239,1747927032.6945446,0.5595782995223999
240,1747927037.959661,0.5248265266418457
241,1747927043.9170127,0.07652120292186737
242,1747927050.1554153,0.19999206066131592
243,1747927054.1077323,0.15601590275764465
244,1747927059.1600282,0.32092103362083435
245,1747927064.2864833,0.44430288672447205
246,1747927070.2494166,0.1905985325574875
247,1747927074.9941323,0.19759432971477509
248,1747927079.7735353,0.12441425770521164
249,1747927084.9800673,0.12526875734329224
250,1747927091.4122586,0.07630714774131775
251,1747927096.151847,0.12968230247497559
252,1747927102.540304,0.13770824670791626
253,1747927105.9226143,0.280274897813797
254,1747927112.6795917,0.23203562200069427
255,1747927117.8011281,0.19253486394882202
256,1747927123.345347,0.04026234522461891
257,1747927127.001329,0.1371559500694275
258,1747927133.0404053,0.2138386219739914
259,1747927140.1778436,0.14575794339179993
260,1747927147.4933834,0.3235470950603485
261,1747927155.3661876,0.2258497178554535
262,1747927161.7860935,0.15632855892181396
263,1747927168.4180408,0.09876814484596252
264,1747927176.6924176,0.26104626059532166
265,1747927182.1651325,0.038437142968177795
266,1747927186.9465094,0.06964363157749176
267,1747927192.4526312,0.06139308959245682
268,1747927198.890508,0.42634910345077515
269,1747927204.1139314,0.1395561844110489
270,1747927208.9843621,0.061343930661678314
271,1747927215.3668225,0.16294682025909424
272,1747927219.8028069,0.1742176115512848
273,1747927224.9295356,0.1839156150817871
274,1747927230.7421741,0.13686299324035645
275,1747927234.730756,0.22211627662181854
276,1747927241.8695,0.4799148440361023
277,1747927248.3046048,0.051529642194509506
278,1747927257.1711683,0.22137516736984253
279,1747927263.8317132,0.27137741446495056
280,1747927267.559823,0.12455719709396362
281,1747927272.9472344,0.1377614289522171
282,1747927278.3679433,0.16355964541435242
283,1747927285.8851922,0.17801451683044434
284,1747927295.239762,0.2384776771068573
285,1747927302.1001432,0.12531909346580505
286,1747927306.8017256,0.3862703740596771
287,1747927311.5659099,0.15928152203559875
288,1747927317.963786,0.11728277802467346
289,1747927324.7357497,0.1816926896572113
290,1747927329.9679024,0.1418847143650055
291,1747927336.088444,0.36697110533714294
292,1747927340.9634771,0.3812043368816376
293,1747927345.4939153,0.3547767102718353
294,1747927354.660594,0.5183556079864502
295,1747927359.1552725,0.2626808285713196
296,1747927364.428058,0.20126239955425262
297,1747927369.4219177,0.38763803243637085
298,1747927375.4978244,0.1489008367061615
299,1747927385.1456814,0.2378385066986084
300,1747927390.4578953,0.15622860193252563
301,1747927395.3807647,0.09681196510791779
302,1747927399.2282622,0.15757374465465546
303,1747927405.4559553,0.19668814539909363
304,1747927409.2951856,0.2006237506866455
305,1747927416.0349288,0.2771785259246826
306,1747927423.1355898,0.31711050868034363
307,1747927429.6140356,0.12836769223213196
308,1747927433.9358797,0.12949436902999878
309,1747927438.5069473,0.21539589762687683
310,1747927442.4689608,0.14414149522781372
311,1747927447.625074,0.14563463628292084
312,1747927453.6396825,0.711208701133728
313,1747927460.610739,0.26676997542381287
314,1747927467.8413708,0.29836758971214294
315,1747927478.0004857,0.18607108294963837
316,1747927482.9387183,0.4845748841762543
317,1747927489.4309735,0.031159065663814545
318,1747927493.791711,0.6839083433151245
319,1747927501.761088,0.21039089560508728
320,1747927505.468927,0.06384507566690445
321,1747927514.109867,0.20767942070960999
322,1747927517.8155231,0.1651003062725067
323,1747927522.2973666,0.30916067957878113
324,1747927527.1871185,0.048644036054611206
325,1747927531.5930438,0.18129710853099823
326,1747927537.4452672,0.20625397562980652
327,1747927544.3694584,0.06685706228017807
328,1747927549.9851246,0.17186133563518524
329,1747927555.6098654,0.3584202229976654
330,1747927563.5963686,0.29353541135787964
331,1747927569.0625827,0.1680668592453003
332,1747927573.6342394,0.2785626947879791
333,1747927579.3342545,0.29893797636032104
334,1747927583.9478557,0.09499958157539368
335,1747927587.8342588,0.2674461603164673
336,1747927593.9498706,0.1771148145198822
337,1747927598.4957833,0.10911275446414948
338,1747927606.343321,0.058711644262075424
339,1747927611.8745823,0.2709389328956604
340,1747927619.5437486,0.10143240541219711
341,1747927629.3290195,0.16275708377361298
342,1747927636.82592,0.21627870202064514
343,1747927641.3378363,0.12063603103160858
344,1747927649.6410346,0.10810886323451996
345,1747927654.8727386,0.06971057504415512
346,1747927659.4959474,0.06146099418401718
347,1747927666.4090087,0.07044220715761185
348,1747927667.554341,0.12086677551269531
349,1747927752.3621647,0.23947905004024506
350,1747927758.7746534,0.1631077527999878
351,1747927763.8709552,0.29346680641174316
352,1747927768.5213208,0.17144736647605896
353,1747927776.2312078,0.12820175290107727
354,1747927782.0982997,0.16296085715293884
355,1747927792.6752422,0.4216296672821045
356,1747927801.2246468,0.18530809879302979
357,1747927809.0840585,0.04286270588636398
358,1747927814.6820588,0.14634303748607635
359,1747927821.7733192,0.12200315296649933
360,1747927827.3341174,0.8997106552124023
361,1747927833.3987758,0.1949964165687561
362,1747927837.7537,0.1604621559381485
363,1747927841.0550046,0.3229807913303375
364,1747927846.0397375,0.08378931879997253
365,1747927851.840441,0.2359393835067749
366,1747927857.9470086,0.18335142731666565
367,1747927864.0393627,0.2910609245300293
368,1747927867.481123,0.18746599555015564
369,1747927874.0789747,0.116641104221344
370,1747927878.7939587,0.0587100014090538
371,1747927885.1521904,0.17507700622081757
372,1747927889.9342303,0.14276880025863647
373,1747927894.5647116,0.09142385423183441
374,1747927902.8340545,0.3316689729690552
375,1747927907.574591,0.07634492963552475
376,1747927915.1357422,0.09306171536445618
377,1747927919.3555446,0.4699619710445404
378,1747927926.8840675,0.15547460317611694
379,1747927933.2577887,0.036465637385845184
380,1747927938.9471989,0.36511850357055664
381,1747927942.5437253,0.07814203202724457
382,1747927950.1789758,0.026231667026877403
383,1747927955.6180084,0.2663242816925049
384,1747927960.361748,0.09873785078525543
385,1747927963.9709823,0.14846286177635193
386,1747927971.442798,0.17311082780361176
387,1747927980.1527903,0.2504783570766449
388,1747927985.7869332,0.084479920566082
389,1747927990.2989392,0.0581233911216259
390,1747927995.3883011,0.06419529020786285
391,1747928000.0974085,0.06254341453313828
392,1747928007.7845423,0.25552433729171753
393,1747928014.2299974,0.2590939998626709
394,1747928021.6388955,0.198609858751297
395,1747928026.659091,0.16604401171207428
396,1747928034.0879674,0.0994800552725792
397,1747928042.7027106,0.31440556049346924
398,1747928048.9228857,0.12577402591705322
399,1747928056.1043887,0.06010578200221062
400,1747928062.2054293,0.0664629191160202
401,1747928068.1818817,0.18258176743984222
402,1747928072.2201521,0.14310967922210693
403,1747928075.8505008,0.18066918849945068
404,1747928081.3727703,0.08171392977237701
405,1747928086.0140624,0.4352750778198242
406,1747928093.1342494,0.577133059501648
407,1747928100.2602868,0.07751189172267914
408,1747928106.561837,0.21170532703399658
409,1747928111.074307,0.06847752630710602
410,1747928115.9355743,0.24516098201274872
411,1747928121.6814392,0.41299259662628174
412,1747928127.6726444,0.3636905550956726
413,1747928132.459118,0.15885524451732635
414,1747928137.3293452,0.11718223989009857
415,1747928143.3343024,0.24791553616523743
416,1747928148.6726413,0.16067998111248016
417,1747928152.4221911,0.016936220228672028
418,1747928158.108167,0.09505229443311691
419,1747928164.4000592,0.3058903217315674
420,1747928172.4919293,0.11842885613441467
421,1747928179.958414,0.29221662878990173
422,1747928189.6203847,0.33408355712890625
423,1747928196.4594593,0.05660359188914299
424,1747928202.9470744,0.19782540202140808
425,1747928207.9683797,0.07809825241565704
426,1747928213.8296437,0.1959874927997589
427,1747928219.3119574,0.23567217588424683
428,1747928226.7367742,0.19664758443832397
429,1747928231.221322,0.1510804146528244
430,1747928234.0525975,0.10374689102172852
431,1747928238.254228,0.14949792623519897
432,1747928242.7393434,0.21151088178157806
433,1747928247.8202608,0.17344292998313904
434,1747928252.773886,0.05816168710589409
435,1747928258.8560185,0.022135276347398758
436,1747928265.3403826,0.12243826687335968
437,1747928270.790676,0.17421917617321014
438,1747928276.7616127,0.09240227937698364
439,1747928283.4649384,0.21811264753341675
440,1747928289.3195906,0.15188664197921753
441,1747928295.438002,0.12197711318731308
442,1747928300.6216428,0.4824063777923584
443,1747928305.4489903,0.16494014859199524
444,1747928308.3710039,0.12982480227947235
445,1747928315.6090798,0.098538339138031
446,1747928321.7335129,0.05200647562742233
447,1747928326.0524716,0.07548923790454865
448,1747928331.2503207,0.3713687062263489
449,1747928336.516652,0.2600848078727722
450,1747928344.244401,0.3536989688873291
451,1747928348.2530804,0.21559679508209229
452,1747928353.9872038,0.20713794231414795
453,1747928360.357291,0.2960473299026489
454,1747928364.3370845,0.29416215419769287
455,1747928372.0306616,0.21102474629878998
456,1747928376.9526525,0.10941918939352036
457,1747928382.7159982,0.13221853971481323
458,1747928388.8102026,0.16320298612117767
459,1747928394.4357245,0.08397939801216125
460,1747928400.2702231,0.16372370719909668
461,1747928407.8381102,0.1174636110663414
462,1747928415.5085454,0.22557389736175537
463,1747928420.0844038,0.046126436442136765
464,1747928421.949862,0.006438768468797207
465,1747928504.4055367,0.033821359276771545
466,1747928510.836146,0.34342917799949646
467,1747928516.4865975,0.0353158637881279
468,1747928521.770362,0.12563522160053253
469,1747928527.2817848,0.03312971815466881
470,1747928532.1807647,0.442069411277771
471,1747928536.6948378,0.012281393632292747
472,1747928542.6758673,0.3263944983482361
473,1747928546.4068685,0.08867503702640533
474,1747928550.4504037,0.09105174243450165
475,1747928557.0344634,0.11419501155614853
476,1747928562.2292292,0.035670205950737
477,1747928565.959195,0.11497511714696884
478,1747928572.2955213,0.38712236285209656
479,1747928579.0372183,0.19963914155960083
480,1747928584.8281844,0.15483658015727997
481,1747928589.053907,0.1722002923488617
482,1747928596.4258971,0.09410633891820908
483,1747928604.9190397,0.17282402515411377
484,1747928610.7993445,0.12196671217679977
485,1747928617.8456345,0.5295478701591492
486,1747928622.3509943,0.11001543700695038
487,1747928627.1031353,0.1533278077840805
488,1747928632.8592298,0.12033414840698242
489,1747928637.7255876,0.05650045722723007
490,1747928644.4458628,0.1953563690185547
491,1747928649.949434,0.1527668833732605
492,1747928653.2155278,0.07527603209018707
493,1747928659.241781,0.05376945063471794
494,1747928664.1572046,0.02464526705443859
495,1747928669.7500882,0.05848590284585953
496,1747928680.3356905,0.36983200907707214
497,1747928687.3335242,0.2707706689834595
498,1747928693.9218454,0.10511195659637451
499,1747928701.8235888,0.08081437647342682
500,1747928709.0370831,0.07712925225496292
501,1747928713.7000184,0.5270687937736511
502,1747928720.4946978,0.04237162694334984
503,1747928724.6731913,0.12879204750061035
504,1747928730.5098388,0.4072435796260834
505,1747928735.5343788,0.06143767759203911
506,1747928738.691152,0.0456143319606781
507,1747928743.738732,0.04724201187491417
508,1747928749.9998877,0.08260321617126465
509,1747928755.7634308,0.22612535953521729
510,1747928759.9528368,0.1185261607170105
511,1747928767.6409624,0.2977653741836548
512,1747928772.3755848,0.21572189033031464
513,1747928776.10494,0.05150558054447174
514,1747928784.327353,0.10750304162502289
515,1747928790.461846,0.25028085708618164
516,1747928797.9168272,0.573974609375
517,1747928805.6836462,0.05511889606714249
518,1747928809.960724,0.02048281580209732
519,1747928812.9759486,0.18777990341186523
520,1747928817.2198446,0.006317777093499899
521,1747928823.1861565,0.19168245792388916
522,1747928827.9590604,0.21052353084087372
523,1747928833.6868234,0.2831741273403168
524,1747928838.8741279,0.15727820992469788
525,1747928844.7936435,0.14532622694969177
526,1747928851.5174017,0.04618924856185913
527,1747928858.4966314,0.0567561537027359
528,1747928865.5048258,0.08104538917541504
529,1747928871.1807506,0.056175511330366135
530,1747928878.722385,0.1003870815038681
531,1747928883.1891744,0.04548380896449089
532,1747928887.3589377,0.02295021526515484
533,1747928892.4709573,0.16607487201690674
534,1747928897.9769351,0.0428125262260437
535,1747928903.9593866,0.19765514135360718
536,1747928908.7442021,0.18704544007778168
537,1747928916.8974504,0.01345112919807434
538,1747928919.913055,0.16919156908988953
539,1747928924.8585865,0.33300265669822693
540,1747928932.9165087,0.13079535961151123
541,1747928939.2647896,0.011302024126052856
542,1747928945.5263376,0.010424397885799408
543,1747928949.523127,0.09352657198905945
544,1747928954.958949,0.14982300996780396
545,1747928959.4682841,0.045993007719516754
546,1747928966.4597325,0.09531375020742416
547,1747928972.4426873,0.15211716294288635
548,1747928979.413711,0.11435304582118988
549,1747928982.9924366,0.20434004068374634
550,1747928989.7544105,0.10139146447181702
551,1747928994.5330317,0.05343170464038849
552,1747928999.7852879,0.288715124130249
553,1747929004.974028,2.4598541259765625
554,1747929010.8727415,0.08696167171001434
555,1747929016.4809372,0.30144304037094116
556,1747929023.5887604,0.19847989082336426
557,1747929029.5511122,1.152834415435791
558,1747929035.392379,0.3306129276752472
559,1747929043.2132459,0.17596665024757385
560,1747929048.9427445,0.24900180101394653
561,1747929054.6605685,0.1593502163887024
562,1747929060.738767,0.15760084986686707
563,1747929066.5460024,0.22590884566307068
564,1747929070.6900089,0.4186737537384033
565,1747929075.9286625,0.14294779300689697
566,1747929082.2299385,0.23451010882854462
567,1747929088.377593,0.10661479085683823
568,1747929092.4718637,0.15772762894630432
569,1747929097.1710525,0.15631407499313354
570,1747929100.8096592,0.20786987245082855
571,1747929107.380638,0.11253753304481506
572,1747929113.4361327,0.02415372058749199
573,1747929119.0505068,0.037806153297424316
574,1747929124.6927543,0.2833855152130127
575,1747929129.886752,0.006080258172005415
576,1747929137.5610614,0.47885024547576904
577,1747929143.2691295,0.21491090953350067
578,1747929147.130204,0.1048542708158493
579,1747929153.0408514,0.49620553851127625
580,1747929154.2159383,0.020082220435142517
581,1747929237.4391506,0.2228277325630188
582,1747929244.905294,0.12678970396518707
583,1747929251.9578545,0.3128417730331421
584,1747929259.1700096,0.30916786193847656
585,1747929264.6996253,0.1645696461200714
586,1747929268.6533926,0.1442437618970871
587,1747929277.5937464,0.10748478025197983
588,1747929283.618411,0.026999633759260178
589,1747929286.8280852,0.14076122641563416
590,1747929292.431225,0.07323955744504929
591,1747929298.858488,0.12140540778636932
592,1747929302.5010195,0.5950542688369751
593,1747929306.8672361,0.12356339395046234
594,1747929313.7764618,0.14776238799095154
595,1747929318.6555882,0.07529009878635406
596,1747929326.4132926,0.4317861795425415
597,1747929335.6537955,0.04730059951543808
598,1747929340.346523,0.062295760959386826
599,1747929345.8288732,0.03580927848815918
600,1747929352.1013815,0.39800333976745605
601,1747929360.394188,0.14955827593803406
602,1747929367.4559407,0.3642139434814453
603,1747929373.9967747,0.23872089385986328
604,1747929380.6673412,0.12461704015731812
605,1747929384.2326372,0.11805006861686707
606,1747929390.3487096,0.23212739825248718
607,1747929396.3661609,0.06119636818766594
608,1747929402.4929967,0.24099087715148926
609,1747929408.8730419,0.054128728806972504
610,1747929416.9281094,0.24213874340057373
611,1747929419.7660935,0.118098184466362
612,1747929426.444267,0.19149935245513916
613,1747929433.009247,0.14125287532806396
614,1747929440.5493262,0.17330825328826904
615,1747929445.96853,0.16242876648902893
616,1747929450.8462703,0.1076483353972435
617,1747929456.2035697,0.29306232929229736
618,1747929462.0002832,0.12111768126487732
619,1747929469.169228,0.2722170650959015
620,1747929476.6520107,0.10166917741298676
621,1747929483.8612075,0.2210862636566162
622,1747929491.5205593,0.4007473587989807
623,1747929497.02258,0.04239645600318909
624,1747929506.688072,0.3923216462135315
625,1747929512.8918247,0.09091891348361969
626,1747929521.658704,0.2320643961429596
627,1747929530.798263,0.3361077308654785
628,1747929536.9288616,0.31706488132476807
629,1747929541.2415645,0.20741818845272064
630,1747929546.3239825,0.3060261607170105
631,1747929553.9250698,0.17294840514659882
632,1747929563.0058527,0.30625075101852417
633,1747929568.6435707,0.6472728252410889
634,1747929575.6681912,0.21716400980949402
635,1747929580.2368069,0.03265122324228287
636,1747929584.7514513,0.7057886123657227
637,1747929589.307394,0.1072508916258812
638,1747929594.8640811,0.13824580609798431
639,1747929600.6470604,0.2685281038284302
640,1747929605.107914,0.23307907581329346
641,1747929610.4413683,0.2305138111114502
642,1747929617.8726187,0.2368251532316208
643,1747929623.6060991,0.10412439703941345
644,1747929630.312927,0.16243299841880798
645,1747929634.7541683,0.2224363088607788
646,1747929641.5648277,0.43168240785598755
647,1747929645.5651987,0.18951725959777832
648,1747929649.0174787,0.14285580813884735
649,1747929655.0048437,0.3048517107963562
650,1747929660.4163868,0.24970655143260956
651,1747929666.5250013,0.40035566687583923
652,1747929672.0544462,0.16940507292747498
653,1747929679.1731262,0.10958269238471985
654,1747929684.8489096,0.15830719470977783
655,1747929691.249845,0.22540979087352753
656,1747929694.8040218,0.11122751235961914
657,1747929701.2065113,0.2593657672405243
658,1747929707.1031153,0.17818377912044525
659,1747929711.9911513,0.10975208878517151
660,1747929715.2187328,0.23520776629447937
661,1747929721.9531732,0.12710651755332947
662,1747929727.9894726,0.04162099212408066
663,1747929733.2395668,0.3300241231918335
664,1747929738.6612246,0.11173772811889648
665,1747929743.289997,0.07780738174915314
666,1747929749.6241786,0.2049456536769867
667,1747929757.216251,0.03774118050932884
668,1747929760.468176,0.11730610579252243
669,1747929767.3767803,0.12311156094074249
670,1747929772.8374484,0.010494081303477287
671,1747929777.7759173,0.029430758208036423
672,1747929787.6321945,0.14520490169525146
673,1747929793.3167217,0.08025842159986496
674,1747929796.65819,0.05505659431219101
675,1747929801.5441787,0.03442376106977463
676,1747929806.0342367,0.07599985599517822
677,1747929812.366996,0.4094817638397217
678,1747929817.6861997,0.06794503331184387
679,1747929823.4977388,0.095844566822052
680,1747929830.6030629,0.035882361233234406
681,1747929836.5549064,0.04299282282590866
682,1747929840.6214397,0.29635855555534363
683,1747929845.35543,0.24326002597808838
684,1747929851.330109,0.09917040914297104
685,1747929855.8338284,0.045602574944496155
686,1747929861.0412874,0.05365517735481262
687,1747929866.0523765,0.1555580496788025
688,1747929870.8022156,0.26133859157562256
689,1747929875.856064,0.29333722591400146
690,1747929879.7574081,0.06893903762102127
691,1747929886.6742277,0.35055011510849
692,1747929895.4971814,0.23615074157714844
693,1747929901.6030858,0.10226327180862427
694,1747929908.2429194,0.1453774869441986
695,1747929914.2620404,0.06480255722999573
696,1747929915.8066313,0.4285854697227478
697,1747929994.155859,0.032729439437389374
698,1747929998.5795255,0.15086394548416138
699,1747930004.4430912,0.12673845887184143
700,1747930010.1017942,0.059940677136182785
701,1747930016.976617,0.08092231303453445
702,1747930022.2981892,0.07152999937534332
703,1747930030.6032717,0.09820352494716644
704,1747930038.9886067,0.1738981306552887
705,1747930043.3775775,0.1663583368062973
706,1747930049.016535,0.11527445912361145
707,1747930052.8534029,0.4082602858543396
708,1747930058.1563919,0.22529518604278564
709,1747930063.321409,0.06865128874778748
710,1747930067.541004,0.1267048865556717
711,1747930074.0090504,0.14668911695480347
712,1747930078.1275496,0.023892179131507874
713,1747930082.9826248,0.41245508193969727
714,1747930087.254024,0.5788202881813049
715,1747930093.4347122,0.08352997153997421
716,1747930098.6690006,0.1748846173286438
717,1747930106.5023193,0.3150548040866852
718,1747930110.2801788,0.267219603061676
719,1747930114.7267206,0.12684354186058044
720,1747930120.0308204,0.10019831359386444
721,1747930125.4301214,0.20648448169231415
722,1747930131.2052743,0.2599504590034485
723,1747930136.9342682,0.1366511881351471
724,1747930142.751918,0.1686905324459076
725,1747930147.5862393,0.1503002643585205
726,1747930153.6361473,0.21694312989711761
727,1747930161.397681,0.10822787880897522
728,1747930168.636678,0.09488742798566818
729,1747930174.5096996,0.10370025038719177
730,1747930182.9342246,0.013893178664147854
731,1747930188.8480258,0.2388048619031906
732,1747930196.784774,0.20971864461898804
733,1747930203.284576,0.13842196762561798
734,1747930209.2342932,0.029316134750843048
735,1747930214.6342506,0.1692325919866562
736,1747930219.200463,0.09629126638174057
737,1747930225.846263,0.17209860682487488
738,1747930230.7912228,0.022417722269892693
739,1747930237.7908792,0.01712016761302948
740,1747930244.1342287,0.1546870470046997
741,1747930248.6656802,0.07387235015630722
742,1747930253.6164038,0.01682914048433304
743,1747930258.949418,0.035851649940013885
744,1747930264.1329255,0.249793142080307
745,1747930270.1928437,0.05246654152870178
746,1747930275.2103279,0.004008455201983452
747,1747930281.8581743,0.11478571593761444
748,1747930287.3931732,0.005846540443599224
749,1747930291.5596333,0.40007513761520386
750,1747930297.0512693,0.13253965973854065
751,1747930303.4714587,0.003503067186102271
752,1747930314.8894,0.16077710688114166
753,1747930320.0270772,0.27407306432724
754,1747930325.3259106,0.28260788321495056
755,1747930329.6527777,0.3529171347618103
756,1747930333.9343066,1.144157886505127
757,1747930339.4250572,0.09473388642072678
758,1747930344.656717,0.0790722593665123
759,1747930350.0054224,0.4249037206172943
760,1747930354.9733717,0.2652149796485901
761,1747930358.5529463,0.5516911745071411
762,1747930364.2427413,0.1375948041677475
763,1747930370.6120162,0.2225799262523651
764,1747930376.6762383,0.1934419721364975
765,1747930381.5819716,0.2310669869184494
766,1747930387.4447262,0.21832191944122314
767,1747930393.8535943,0.23585860431194305
768,1747930399.3759477,0.30111831426620483
769,1747930405.5313523,0.22004316747188568
770,1747930413.8014593,0.303688108921051
771,1747930421.9650137,0.17863404750823975
772,1747930427.234262,0.15783315896987915
773,1747930431.5938425,0.19115760922431946
774,1747930435.4915638,0.3944382071495056
775,1747930441.1803596,0.17682361602783203
776,1747930447.9784908,0.17283159494400024
777,1747930453.622743,0.1254620999097824
778,1747930464.508547,0.21586355566978455
779,1747930471.3607235,0.18654011189937592
780,1747930477.0362027,0.32950595021247864
781,1747930481.7796319,0.05587361752986908
782,1747930488.6490695,0.8144380450248718
783,1747930495.4760165,0.0442788228392601
784,1747930499.9685056,0.08871062844991684
785,1747930504.4463542,0.4651121497154236
786,1747930511.7031834,0.2065303921699524
787,1747930517.1791954,0.13025155663490295
788,1747930523.9906151,0.08682069182395935
789,1747930531.2632651,0.28362175822257996
790,1747930536.8548603,0.06087580323219299
791,1747930542.4763653,0.03053189441561699
792,1747930546.7924004,0.3531654477119446
793,1747930551.2463114,0.15193554759025574
794,1747930556.9255476,0.09455069899559021
795,1747930563.291672,0.03430981561541557
796,1747930569.2943966,0.11675207316875458
797,1747930573.4792733,0.33101674914360046
798,1747930579.93436,0.12285588681697845
799,1747930585.3555205,0.21486036479473114
800,1747930591.5453334,0.48410388827323914
801,1747930601.29279,0.16524825990200043
802,1747930606.5410037,0.0438956692814827
803,1747930614.2552574,0.16437029838562012
804,1747930620.505389,0.05483626946806908
805,1747930626.3105707,0.07398813962936401
806,1747930631.0815477,0.3326406478881836
807,1747930637.5066655,1.0801024436950684
808,1747930644.159899,0.099533811211586
809,1747930649.1176927,0.11852969229221344
810,1747930654.1128109,0.1683155745267868
811,1747930658.1556475,0.3638036251068115
812,1747930659.1359463,0.042155709117650986
813,1747930741.88929,0.148459330201149
814,1747930747.3433778,0.41077446937561035
815,1747930754.578094,0.08711889386177063
816,1747930757.809933,0.1743118166923523
817,1747930763.114807,0.06442632526159286
818,1747930770.3532996,0.1927414834499359
819,1747930776.0227082,0.23504051566123962
820,1747930783.360954,0.17590592801570892
821,1747930791.3397167,0.03955449163913727
822,1747930798.0450814,0.09881044924259186
823,1747930804.779626,0.07592253386974335
824,1747930810.354033,0.0900697112083435
825,1747930817.4732113,0.12709763646125793
826,1747930823.4927232,0.14353251457214355
827,1747930827.5472732,0.21399033069610596
828,1747930831.3538637,0.045040033757686615
829,1747930837.978277,0.1576291024684906
830,1747930843.245798,0.1218264102935791
831,1747930848.9341578,0.06916949152946472
832,1747930856.4651456,0.07201281189918518
833,1747930866.2393346,0.09274625778198242
834,1747930872.5503647,0.07780620455741882
835,1747930876.1982546,0.06806845963001251
836,1747930880.789363,0.22871695458889008
837,1747930889.1424108,0.18446683883666992
838,1747930895.8708477,0.06305506080389023
839,1747930901.4185815,0.10623270273208618
840,1747930907.9261427,0.03459450975060463
841,1747930912.2065952,0.046289026737213135
842,1747930916.686566,0.09937965124845505
843,1747930920.761082,0.22191046178340912
844,1747930925.6201172,0.07453441619873047
845,1747930931.4660633,0.03367383033037186
846,1747930939.9790008,0.011337361298501492
847,1747930945.9680169,0.030467398464679718
848,1747930949.8196318,0.03390578180551529
849,1747930956.6949399,0.09301075339317322
850,1747930963.667383,0.06297747790813446
851,1747930969.1342502,0.06078169494867325
852,1747930974.6742997,0.152349054813385
853,1747930978.9603379,0.027375008910894394
854,1747930983.976386,0.6397985219955444
855,1747930989.9149323,0.30548304319381714
856,1747930995.6121554,0.07610747963190079
857,1747931003.3233833,0.047670986503362656
858,1747931007.1313438,0.3591737747192383
859,1747931014.028621,0.07539793103933334
860,1747931020.5026078,0.1853601634502411
861,1747931026.5294049,0.3210075795650482
862,1747931031.944756,0.3006906509399414
863,1747931040.347528,0.21057260036468506
864,1747931045.525555,0.25116822123527527
865,1747931049.3777628,0.13534343242645264
866,1747931055.4637733,0.11794614046812057
867,1747931061.6516564,0.17435544729232788
868,1747931068.2995872,0.18421509861946106
869,1747931073.6571462,0.13387130200862885
870,1747931077.5565047,0.07665316015481949
871,1747931082.7252386,0.07859130948781967
872,1747931088.1875293,0.050442419946193695
873,1747931094.8166385,0.10255244374275208
874,1747931104.1931186,0.011321363970637321
875,1747931110.1631515,0.11917449533939362
876,1747931116.2178638,0.16454805433750153
877,1747931122.1059382,0.05450950190424919
878,1747931128.0481994,0.02026095986366272
879,1747931134.3501017,0.24147719144821167
880,1747931137.2912471,0.08084924519062042
881,1747931143.2935007,0.1454228013753891
882,1747931147.5906472,0.11378981918096542
883,1747931153.6863687,0.7268885374069214
884,1747931157.2943468,0.008357281796634197
885,1747931161.5954149,0.11067461967468262
886,1747931167.2021976,0.23188546299934387
887,1747931171.8674238,0.01661091111600399
888,1747931175.5512285,0.018426109105348587
889,1747931181.9721396,0.25411462783813477
890,1747931186.9343371,0.1108076423406601
891,1747931192.6078868,0.10814152657985687
892,1747931198.4036245,0.1727350652217865
893,1747931206.0716197,0.24385839700698853
894,1747931211.8714907,0.17862831056118011
895,1747931217.139888,0.03975304588675499
896,1747931223.4484136,0.7106647491455078
897,1747931228.9342618,0.15186312794685364
898,1747931232.77264,0.13178075850009918
899,1747931239.0637143,0.22122156620025635
900,1747931246.3652742,0.08845900744199753
901,1747931251.614656,0.32005178928375244
902,1747931257.5355983,0.1382974088191986
903,1747931261.793343,0.0794757604598999
904,1747931266.8822255,0.18993276357650757
905,1747931273.8318546,0.23615378141403198
906,1747931280.7213542,0.0075256614945828915
907,1747931286.7535453,0.272699236869812
908,1747931291.148728,0.16621612012386322
909,1747931296.5606287,0.2493448257446289
910,1747931302.7449284,0.16748152673244476
911,1747931308.9656231,0.44546791911125183
912,1747931314.2622867,0.04275503382086754
913,1747931320.9577026,0.29885125160217285
914,1747931330.103213,0.03222811222076416
915,1747931335.0113842,0.11702045053243637
916,1747931339.3661397,0.14970006048679352
917,1747931344.6424637,0.1524583101272583
918,1747931348.8889594,0.1074613556265831
919,1747931353.9856896,0.08258586376905441
920,1747931361.3674133,0.3032076954841614
921,1747931366.447275,0.07805190980434418
922,1747931371.6847122,0.08927969634532928
923,1747931376.0401149,0.16445240378379822
924,1747931381.7860622,0.06781473755836487
925,1747931389.0982718,0.09654802083969116
926,1747931393.971672,0.06727170944213867
927,1747931402.963822,0.19609509408473969
928,1747931404.0672941,0.025392647832632065
929,1747931491.5434318,0.10709728300571442
930,1747931496.7844543,0.06482763588428497
931,1747931501.5663419,0.03514859080314636
932,1747931506.5657334,0.21030375361442566
933,1747931512.162378,0.025548532605171204
934,1747931514.5080717,0.005132576916366816
935,1747931521.1953266,0.1907220482826233
936,1747931527.3217902,0.24450623989105225
937,1747931533.5223763,0.044034332036972046
938,1747931537.872959,0.005873578600585461
939,1747931541.1524699,0.06281689554452896
940,1747931546.8042495,0.006522625219076872
941,1747931552.1020553,0.3896412253379822
942,1747931559.8524897,0.2989075183868408
943,1747931564.1084967,0.013043969869613647
944,1747931568.3688328,0.035636380314826965
945,1747931575.302496,0.04793180152773857
946,1747931580.3235826,0.015625430271029472
947,1747931587.2750025,0.08221609890460968
948,1747931595.7946854,0.030546408146619797
949,1747931599.7932742,0.03866299241781235
950,1747931606.6774492,0.1632581353187561
951,1747931613.6421154,0.14500534534454346
952,1747931620.3773985,0.01399081852287054
953,1747931629.6677728,0.040931254625320435
954,1747931633.9910288,0.025002574548125267
955,1747931640.0314372,0.09510760009288788
956,1747931644.0667508,0.2667207717895508
957,1747931648.2183454,0.11015164852142334
958,1747931653.4457154,0.11278699338436127
959,1747931657.5031967,0.06050246208906174
960,1747931661.505461,0.07891491800546646
961,1747931666.9168537,0.04309786856174469
962,1747931674.5060074,0.2586013972759247
963,1747931680.5626373,0.03451506793498993
964,1747931684.0693393,0.12204786390066147
965,1747931688.2974916,0.09467148035764694
966,1747931695.134168,0.11762600392103195
967,1747931698.9461417,0.13370126485824585
968,1747931706.9870079,0.1401027888059616
969,1747931712.615054,0.057877689599990845
970,1747931717.4891765,0.08660362660884857
971,1747931722.2081661,0.08469995111227036
972,1747931729.2003796,0.06775371730327606
973,1747931736.6182864,0.15030038356781006
974,1747931740.5211546,0.11283501982688904
975,1747931746.2909145,0.09026508778333664
976,1747931752.9000156,0.02667383849620819
977,1747931759.74957,0.01798371411859989
978,1747931766.47324,0.10431747138500214
979,1747931772.5368874,0.06972987949848175
980,1747931777.5859907,0.009660851210355759
981,1747931782.7181203,0.25996530055999756
982,1747931789.6524122,0.024646200239658356
983,1747931793.4760525,0.001151881879195571
984,1747931799.2828066,0.20789319276809692
985,1747931805.3395872,0.6348016262054443
986,1747931808.7134395,0.046237822622060776
987,1747931814.8334455,0.5264376401901245
988,1747931819.443775,0.15415960550308228
989,1747931823.3615165,0.13376829028129578
990,1747931830.693232,0.10895438492298126
991,1747931835.8626344,0.14954015612602234
992,1747931841.2575376,0.004932722542434931
993,1747931851.7245154,0.18172523379325867
994,1747931857.6202302,0.2134023904800415
995,1747931864.3982103,0.30817878246307373
996,1747931872.0654244,0.19264402985572815
997,1747931879.2514863,0.11430726945400238
998,1747931884.4581785,0.10517971217632294
999,1747931891.3042853,0.09309305250644684
1000,1747931895.9429855,0.13687282800674438
1001,1747931900.0231142,0.2674996852874756
1002,1747931906.8260972,0.1100190281867981
1003,1747931914.4328353,0.019225124269723892
1004,1747931922.4099858,0.08306203782558441
1005,1747931928.747659,0.23244337737560272
1006,1747931935.5760162,0.031321343034505844
1007,1747931944.8436692,0.16326390206813812
1008,1747931953.600356,0.039444245398044586
1009,1747931958.27064,0.016583289951086044
1010,1747931963.1225073,0.12330260872840881
1011,1747931967.996435,0.004831322468817234
1012,1747931973.3839345,0.046030037105083466
1013,1747931980.4058526,0.2183295339345932
1014,1747931986.0167582,0.24630557000637054
1015,1747931992.9259317,0.007162243127822876
1016,1747931997.7659857,0.1559116095304489
1017,1747932002.974908,0.13162072002887726
1018,1747932008.3496377,0.17584633827209473
1019,1747932011.624838,0.06197166442871094
1020,1747932019.4879022,0.3380679488182068
1021,1747932028.255934,0.24088501930236816
1022,1747932035.204325,0.12884753942489624
1023,1747932041.9431698,0.037866853177547455
1024,1747932049.1683502,0.17601381242275238
1025,1747932057.3371868,0.09755058586597443
1026,1747932062.597367,0.008222397416830063
1027,1747932068.5403802,0.19339212775230408
1028,1747932072.7142208,0.4351501166820526
1029,1747932079.445248,0.08171625435352325
1030,1747932084.4133313,0.11816459894180298
1031,1747932089.0667686,0.11688997596502304
1032,1747932096.2342968,0.12789224088191986
1033,1747932102.9929004,0.019487736746668816
1034,1747932111.5358622,0.029886595904827118
1035,1747932116.6828566,0.09674757719039917
1036,1747932125.428473,0.20221082866191864
1037,1747932131.936586,0.07748156040906906
1038,1747932138.0842235,0.16772976517677307
1039,1747932142.90195,0.15008214116096497
1040,1747932148.028013,0.17530600726604462
1041,1747932151.7890315,0.446244478225708
1042,1747932156.4279733,0.27140456438064575
1043,1747932161.8301113,0.2456783950328827
1044,1747932163.1297743,0.0009361213888041675
1045,1747932252.349837,0.15311355888843536
1046,1747932256.4853787,0.15948167443275452
1047,1747932260.685843,0.15652143955230713
1048,1747932269.5530863,0.2312524914741516
1049,1747932274.053062,0.16367396712303162
1050,1747932280.3951,0.11260350793600082
1051,1747932284.4342456,0.0037722091656178236
1052,1747932289.3462162,0.19928912818431854
1053,1747932295.6396139,0.07490959763526917
1054,1747932301.1570911,0.04466347396373749
1055,1747932305.2466166,0.21142220497131348
1056,1747932309.837775,0.032177649438381195
1057,1747932316.9271545,0.09211717545986176
1058,1747932321.5797505,0.07230458408594131
1059,1747932326.95043,0.037953995168209076
1060,1747932334.2371106,0.08588093519210815
1061,1747932338.7776334,0.09374585747718811
1062,1747932346.9447775,0.036940496414899826
1063,1747932351.015191,0.1123180016875267
1064,1747932356.311048,0.04339919239282608
1065,1747932359.4314425,0.19211170077323914
1066,1747932363.222391,0.1136288046836853
1067,1747932371.0741146,0.15101781487464905
1068,1747932376.0453305,0.011596865952014923
1069,1747932380.9797523,0.04542539268732071
1070,1747932387.4911456,0.058722998946905136
1071,1747932393.6505282,0.22046256065368652
1072,1747932398.8675115,0.306462824344635
1073,1747932405.063928,0.1636352688074112
1074,1747932409.1028438,0.07296121120452881
1075,1747932415.352309,0.06321809440851212
1076,1747932420.7306018,0.1399531364440918
1077,1747932425.7636738,0.09119489789009094
1078,1747932429.7628422,0.12033036351203918
1079,1747932437.3531582,0.1367185413837433
1080,1747932443.7545576,0.047994550317525864
1081,1747932450.1017067,0.15825477242469788
1082,1747932457.0476048,0.04008004814386368
1083,1747932464.826712,0.5840567350387573
1084,1747932469.258015,0.04047585278749466
1085,1747932474.3265786,0.047877438366413116
1086,1747932480.2740018,0.0782879963517189
1087,1747932486.732161,0.061485759913921356
1088,1747932496.7584584,0.1258563995361328
1089,1747932504.6342962,0.12124991416931152
1090,1747932509.6464572,0.19534306228160858
1091,1747932515.708911,0.12427299469709396
1092,1747932521.2126067,0.27218055725097656
1093,1747932524.809506,0.09293618053197861
1094,1747932529.7020938,0.2603578567504883
1095,1747932537.6189537,0.12336309999227524
1096,1747932544.4574673,0.020392220467329025
1097,1747932549.8348057,0.08764509856700897
1098,1747932555.4859853,0.21865996718406677
1099,1747932559.0633419,0.23473140597343445
1100,1747932563.7672217,0.012908995151519775
1101,1747932569.250547,0.17040447890758514
1102,1747932575.5300734,0.12418685853481293
1103,1747932582.7815654,0.08201000094413757
1104,1747932588.590577,0.012861939147114754
1105,1747932595.0689425,0.13399973511695862
1106,1747932600.8140125,0.17617592215538025
1107,1747932607.7910285,0.12667781114578247
1108,1747932612.4262688,0.14861303567886353
1109,1747932617.942791,0.07595884799957275
1110,1747932625.3721838,0.052478209137916565
1111,1747932631.109618,0.08523070812225342
1112,1747932637.3422112,0.05925501137971878
1113,1747932643.320153,0.12416940927505493
1114,1747932651.7354043,0.03761620819568634
1115,1747932656.3402624,0.12745043635368347
1116,1747932660.2720184,0.3260855972766876
1117,1747932664.8943012,0.0732172504067421
1118,1747932669.7796648,0.02265981398522854
1119,1747932675.4538007,0.05649859458208084
1120,1747932681.4954925,0.2548244893550873
1121,1747932686.9342673,0.2475886344909668
1122,1747932694.227131,0.28261232376098633
1123,1747932701.4566376,0.013930674642324448
1124,1747932708.9542236,0.09567444026470184
1125,1747932714.4232354,0.036027226597070694
1126,1747932718.4712875,0.10166138410568237
1127,1747932724.231168,0.128932386636734
1128,1747932730.3790386,0.06237679719924927
1129,1747932736.5937543,0.024818023666739464
1130,1747932744.4448028,0.040089551359415054
1131,1747932748.76186,0.08761512488126755
1132,1747932755.2354136,0.02698364481329918
1133,1747932760.0901194,0.09240980446338654
1134,1747932766.0799463,0.09432327747344971
1135,1747932770.8260562,0.011333642527461052
1136,1747932778.8384442,0.2383548617362976
1137,1747932787.846728,0.037744488567113876
1138,1747932795.1776395,0.034296583384275436
1139,1747932799.7215703,0.007264505140483379
1140,1747932804.3645842,0.30696356296539307
1141,1747932808.9804075,0.18224093317985535
1142,1747932813.5456963,0.021587654948234558
1143,1747932817.581905,0.06541191786527634
1144,1747932823.9027903,0.013248401693999767
1145,1747932829.9786212,0.07322334498167038
1146,1747932835.9109268,0.05312062427401543
1147,1747932841.5762696,0.16990338265895844
1148,1747932847.2371716,0.07997731864452362
1149,1747932853.233839,0.020330844447016716
1150,1747932858.7331948,0.0413978174328804
1151,1747932865.493564,0.26591312885284424
1152,1747932871.6099138,0.18192946910858154
1153,1747932877.0778074,0.01577014848589897
1154,1747932880.5098538,0.014206434600055218
1155,1747932886.5588024,0.025846313685178757
1156,1747932890.4523864,0.30485999584198
1157,1747932895.6074219,0.1264275759458542
1158,1747932900.7352123,0.2285688817501068
1159,1747932907.419248,0.05715080350637436
1160,1747932908.7841704,0.007624091114848852
1161,1747932994.8657603,0.017897065728902817
1162,1747932999.6851285,0.04100155457854271
1163,1747933005.0008206,0.06352689117193222
1164,1747933010.120712,0.13308332860469818
1165,1747933017.4776947,0.2824924886226654
1166,1747933022.220426,0.12616130709648132
1167,1747933029.657398,0.0440744124352932
1168,1747933035.2148442,0.00561137031763792
1169,1747933041.7887263,0.06562342494726181
1170,1747933046.2170358,0.039582476019859314
1171,1747933054.106722,0.08720651268959045
1172,1747933060.7566164,0.00988334696739912
1173,1747933067.0948992,0.0819016546010971
1174,1747933070.5637376,0.02166770212352276
1175,1747933074.4716396,0.16119253635406494
1176,1747933081.1863422,0.08880780637264252
1177,1747933088.7523801,0.037043970078229904
1178,1747933093.454273,0.0023329989053308964
1179,1747933097.6275322,0.0912398025393486
1180,1747933102.6409662,0.13423709571361542
1181,1747933108.2933922,0.08668824285268784
1182,1747933114.7944503,0.2331625074148178
1183,1747933121.4618149,0.006191179156303406
1184,1747933130.5484428,0.21083799004554749
1185,1747933138.47442,0.06184273958206177
1186,1747933146.3480144,0.21625898778438568
1187,1747933152.8271146,0.025643538683652878
1188,1747933161.4384024,0.011537209153175354
1189,1747933169.9895325,0.1297995001077652
1190,1747933174.4923952,0.10877948254346848
1191,1747933181.1577775,0.04202304780483246
1192,1747933186.2651806,0.1950315684080124
1193,1747933190.6399455,0.22676359117031097
1194,1747933196.307421,0.02595514804124832
1195,1747933201.602888,0.009135528467595577
1196,1747933209.1952193,0.009171105921268463
1197,1747933214.561786,0.22000914812088013
1198,1747933220.062069,0.021934624761343002
1199,1747933225.5857065,0.24082347750663757
1200,1747933230.9455712,0.039011258631944656
1201,1747933237.7878313,0.05623726174235344
1202,1747933242.9862616,0.0848836749792099
1203,1747933246.511886,0.17855551838874817
1204,1747933251.9632776,0.13721299171447754
1205,1747933256.855919,0.13530047237873077
1206,1747933261.855204,0.012212824076414108
1207,1747933267.4610713,0.6571704149246216
1208,1747933274.0805678,0.057273946702480316
1209,1747933280.2698941,0.1145823523402214
1210,1747933287.8551724,0.0804736316204071
1211,1747933294.2589593,0.2125280350446701
1212,1747933300.2646348,0.03172551095485687
1213,1747933306.3896306,0.05749890208244324
1214,1747933313.6152596,0.03910304605960846
1215,1747933319.6178043,0.06767206639051437
1216,1747933324.2893333,0.11128931492567062
1217,1747933329.9183722,0.04197971150279045
1218,1747933335.7805781,0.15590137243270874
1219,1747933340.1502047,0.06936241686344147
1220,1747933344.860591,0.060146354138851166
1221,1747933351.760641,0.18166542053222656
1222,1747933358.9846966,0.01963523030281067
1223,1747933367.0984488,0.016990719363093376
1224,1747933372.4594862,0.002772584557533264
1225,1747933380.5878227,0.5065592527389526
1226,1747933387.7824135,0.38248246908187866
1227,1747933394.9694257,0.0758533701300621
1228,1747933399.796115,0.07547634840011597
1229,1747933404.6487613,0.34410664439201355
1230,1747933409.9809985,0.07029269635677338
1231,1747933415.1154337,0.0965602844953537
1232,1747933419.1634321,0.03572288900613785
1233,1747933424.0892437,0.41014713048934937
1234,1747933428.7003329,0.08301025629043579
1235,1747933433.685805,0.1325143724679947
1236,1747933439.0874643,0.08866652846336365
1237,1747933445.355451,0.22041980922222137
1238,1747933451.1919625,0.1194254457950592
1239,1747933457.233472,0.24440620839595795
1240,1747933461.2718391,0.07422398030757904
1241,1747933466.2594967,0.044944651424884796
1242,1747933473.924384,0.06820853799581528
1243,1747933479.0171824,0.04277079552412033
1244,1747933483.2179651,0.05217800661921501
1245,1747933489.8068998,0.24208354949951172
1246,1747933496.4585454,0.09933260083198547
1247,1747933501.7342396,0.2543722987174988
1248,1747933509.8431678,0.1723734587430954
1249,1747933514.6971831,0.006955099292099476
1250,1747933521.5643618,0.020806659013032913
1251,1747933526.8809311,0.13381415605545044
1252,1747933533.0238535,0.28258824348449707
1253,1747933542.0080986,0.1377725899219513
1254,1747933545.5808485,0.20557454228401184
1255,1747933552.203731,0.12821900844573975
1256,1747933556.5342317,0.18118876218795776
1257,1747933562.5445468,0.10088449716567993
1258,1747933567.3342457,0.1335306316614151
1259,1747933571.4210684,0.08848808705806732
1260,1747933577.0622017,0.2857764959335327
1261,1747933583.383901,0.3627700209617615
1262,1747933589.9160655,0.08187796175479889
1263,1747933594.5603013,0.08026084303855896
1264,1747933598.777075,0.07371646910905838
1265,1747933604.5323842,0.19517801702022552
1266,1747933610.7019598,0.17356711626052856
1267,1747933616.3328593,0.041343625634908676
1268,1747933619.4142933,0.12603287398815155
1269,1747933624.1730437,0.09979967772960663
1270,1747933629.4342635,0.06254468858242035
1271,1747933633.411379,0.09692609310150146
1272,1747933641.1927743,0.07083559036254883
1273,1747933645.978601,0.04110602289438248
1274,1747933652.4754117,0.14132773876190186
1275,1747933659.7201588,0.15271928906440735
1276,1747933661.3093722,0.18296021223068237
1277,1747933744.6343007,0.13236357271671295
1278,1747933752.3426404,0.10094847530126572
1279,1747933759.742985,0.034542471170425415
1280,1747933765.7342224,0.23645077645778656
1281,1747933770.0804887,0.052815116941928864
1282,1747933772.768919,0.0031517501920461655
1283,1747933778.9073558,0.02972174808382988
1284,1747933787.466033,0.06203591823577881
1285,1747933791.9645755,0.02829078398644924
1286,1747933797.338248,0.01065031811594963
1287,1747933804.5639732,0.0933811292052269
1288,1747933813.0686767,0.05283506214618683
1289,1747933817.2597013,0.05739369988441467
1290,1747933820.6015224,0.03395958989858627
1291,1747933827.2135444,0.06614552438259125
1292,1747933833.3834846,0.011579276993870735
1293,1747933837.2816222,0.1549227386713028
1294,1747933844.6688378,0.1590547263622284
1295,1747933850.3439686,0.00665426766499877
1296,1747933854.424665,0.05111481994390488
1297,1747933862.8467891,0.040618885308504105
1298,1747933869.594614,0.3483017385005951
1299,1747933873.5193217,0.38250547647476196
1300,1747933877.3513963,0.02432652935385704
1301,1747933883.4967544,0.029981037601828575
1302,1747933888.8231678,0.048870526254177094
1303,1747933892.5469365,0.04280123859643936
1304,1747933897.5398178,0.020875198766589165
1305,1747933906.159196,0.4030516743659973
1306,1747933911.9724665,0.3153078258037567
1307,1747933917.6852703,0.05923314020037651
1308,1747933926.5922253,0.008739599958062172
1309,1747933932.9312868,0.0516255646944046
1310,1747933939.2582078,0.21882152557373047
1311,1747933944.2506137,0.06325326859951019
1312,1747933948.0428298,0.21940463781356812
1313,1747933952.1185358,0.0032014555763453245
1314,1747933957.5558684,0.05730157718062401
1315,1747933964.6427639,0.09331053495407104
1316,1747933969.3794394,0.22155225276947021
1317,1747933975.016088,0.15139544010162354
1318,1747933978.4138238,0.0024065161123871803
1319,1747933982.8698707,0.020176339894533157
1320,1747933988.3765488,0.040603917092084885
1321,1747933993.033503,0.027307972311973572
1322,1747933999.908462,0.09821875393390656
1323,1747934008.1858947,0.05009923502802849
1324,1747934013.3145509,0.05688827857375145
1325,1747934017.6847231,0.16024845838546753
1326,1747934024.754107,0.05470716580748558
1327,1747934028.7581916,0.0338500440120697
1328,1747934033.5652683,0.055193446576595306
1329,1747934039.336444,0.0860554575920105
1330,1747934043.847555,0.08148814737796783
1331,1747934050.0082521,0.2510714530944824
1332,1747934057.463551,0.06314404308795929
1333,1747934064.9561653,0.051883310079574585
1334,1747934072.3439116,0.004824481904506683
1335,1747934078.4952865,0.005063259042799473
1336,1747934085.3366706,0.06242390722036362
1337,1747934091.149181,0.2857860326766968
1338,1747934097.9057565,0.4454340636730194
1339,1747934102.5252433,0.0024051591753959656
1340,1747934108.2886822,0.16493314504623413
1341,1747934114.8342283,0.13295020163059235
1342,1747934118.8934667,0.06487667560577393
1343,1747934126.7389126,0.08517973124980927
1344,1747934132.497812,0.005034750327467918
1345,1747934139.1976264,0.13129809498786926
1346,1747934146.2094123,0.32895100116729736
1347,1747934154.0520644,0.05814708024263382
1348,1747934159.7047405,0.1258779913187027
1349,1747934162.979661,0.017059888690710068
1350,1747934169.574597,0.03392775356769562
1351,1747934174.2515411,0.05884687229990959
1352,1747934179.1685557,0.06203678250312805
1353,1747934185.7053957,0.12298685312271118
1354,1747934190.1366897,0.01568082720041275
1355,1747934195.0397968,0.25702643394470215
1356,1747934201.0965772,0.019267532974481583
1357,1747934208.9537387,0.039490342140197754
1358,1747934214.8954163,0.037041906267404556
1359,1747934222.549536,0.0246905367821455
1360,1747934226.3527405,0.010045075789093971
1361,1747934232.3646355,0.0714435800909996
1362,1747934238.4558108,0.20933721959590912
1363,1747934242.94247,0.08168527483940125
1364,1747934248.2105753,0.07214468717575073
1365,1747934253.2910254,0.05755186080932617
1366,1747934258.315069,0.0769759863615036
1367,1747934263.1287413,0.02499384805560112
1368,1747934267.6318583,0.01663019508123398
1369,1747934274.653974,0.13256224989891052
1370,1747934281.9679203,0.15218710899353027
1371,1747934285.789902,0.16426301002502441
1372,1747934292.5343459,0.14281432330608368
1373,1747934298.259471,0.08474614471197128
1374,1747934303.0163863,0.03513997793197632
1375,1747934306.7919137,0.032690465450286865
1376,1747934314.6318355,0.1009305939078331
1377,1747934319.6503966,0.06543688476085663
1378,1747934326.956008,0.046026811003685
1379,1747934332.9335423,0.013731504790484905
1380,1747934341.9909103,0.27968108654022217
1381,1747934349.2777941,0.29100844264030457
1382,1747934354.4477465,0.011182129383087158
1383,1747934361.0342505,0.006342398934066296
1384,1747934365.5088851,0.01587575301527977
1385,1747934370.5796463,0.1710483729839325
1386,1747934377.615335,0.03384936600923538
1387,1747934384.0657854,0.0060181282460689545
1388,1747934389.9343007,0.0027152327820658684
1389,1747934394.289554,0.002117372117936611
1390,1747934399.106346,0.006829839199781418
1391,1747934403.4056127,0.03465908393263817
1392,1747934404.8416023,0.01166840922087431
1393,1747934498.230656,0.053397856652736664
1394,1747934504.4414802,0.052795782685279846
1395,1747934509.0102396,0.035620175302028656
1396,1747934512.2848957,0.008638887666165829
1397,1747934517.9359753,0.005792432930320501
1398,1747934523.8108482,0.007691363804042339
1399,1747934530.5125222,0.01909409835934639
1400,1747934536.7512407,0.1151331216096878
1401,1747934541.2197127,0.016118623316287994
1402,1747934548.5735288,0.024949844926595688
1403,1747934552.2665179,0.04106758162379265
1404,1747934555.9907618,0.2547113299369812
1405,1747934562.9791334,0.07126414030790329
1406,1747934566.5537343,0.3029978275299072
1407,1747934571.7214534,0.026653600856661797
1408,1747934575.32483,0.007288149558007717
1409,1747934582.4174454,0.375217080116272
1410,1747934589.152548,0.028063436970114708
1411,1747934594.0503407,0.027394283562898636
1412,1747934603.297606,0.31802231073379517
1413,1747934608.994655,0.06829777359962463
1414,1747934617.2318308,0.0629093199968338
1415,1747934625.7463684,0.15677955746650696
1416,1747934632.32109,0.005494713317602873
1417,1747934637.7208724,0.009791642427444458
1418,1747934643.5212004,0.04219510778784752
1419,1747934647.8465142,0.09304820001125336
1420,1747934653.7277138,0.11313474178314209
1421,1747934659.2664378,0.14107559621334076
1422,1747934667.1324534,0.14586520195007324
1423,1747934670.8981206,0.04600543901324272
1424,1747934676.7185645,0.005128057673573494
1425,1747934681.9642706,0.008290440775454044
1426,1747934687.3699327,0.03755472972989082
1427,1747934692.5249174,0.0397820882499218
1428,1747934697.455221,0.13563038408756256
1429,1747934704.3183582,0.04098087176680565
1430,1747934708.659156,0.02322528511285782
1431,1747934715.7489998,0.03419061750173569
1432,1747934725.8229837,0.1764611452817917
1433,1747934733.3144155,0.03663454204797745
1434,1747934736.5728254,0.14090663194656372
1435,1747934740.120572,0.032881759107112885
1436,1747934745.7722812,0.026880260556936264
1437,1747934750.092477,0.01835191249847412
1438,1747934753.4881408,0.2215125560760498
1439,1747934760.3349469,0.041490133851766586
1440,1747934768.5119233,0.012759502977132797
1441,1747934775.2906544,0.023060236126184464
1442,1747934780.563428,0.03613479435443878
1443,1747934785.4112911,0.12636128067970276
1444,1747934791.3672404,0.2363123893737793
1445,1747934797.285477,0.03180495277047157
1446,1747934801.7619183,0.15937553346157074
1447,1747934808.2832813,0.047992534935474396
1448,1747934811.9583297,0.008313260041177273
1449,1747934816.541047,0.0085067730396986
1450,1747934823.429838,0.05001215264201164
1451,1747934829.493289,0.035226453095674515
1452,1747934836.786136,0.01779317855834961
1453,1747934843.1169806,0.04026677459478378
1454,1747934848.8929174,0.3188665509223938
1455,1747934854.124538,0.17283716797828674
1456,1747934858.958539,0.02048339881002903
1457,1747934864.452151,0.06816014647483826
1458,1747934870.0535343,0.0856981873512268
1459,1747934875.2786207,0.11855407804250717
1460,1747934878.6251204,0.024813029915094376
1461,1747934883.4998357,0.04027136415243149
1462,1747934888.7442732,0.005988018121570349
1463,1747934892.336351,0.13055944442749023
1464,1747934897.178258,0.16446128487586975
1465,1747934903.820352,0.10503040999174118
1466,1747934909.6576083,0.01142230536788702
1467,1747934913.89566,0.011204758659005165
1468,1747934920.3900795,0.1897476613521576
1469,1747934924.7920625,0.06200414523482323
1470,1747934931.0920498,0.019435478374361992
1471,1747934938.623112,0.035557784140110016
1472,1747934942.2242546,0.01869034394621849
1473,1747934947.4876676,0.03476232290267944
1474,1747934953.4319606,0.030640970915555954
1475,1747934961.750128,0.01021809596568346
1476,1747934966.3396852,0.028729688376188278
1477,1747934969.235622,0.01092162262648344
1478,1747934976.9524508,0.12298496067523956
1479,1747934981.7941573,0.019443711265921593
1480,1747934986.1352103,0.03062497079372406
1481,1747934989.7439115,0.09252698719501495
1482,1747934997.4884763,0.0008091269992291927
1483,1747935004.192356,0.0007168954471126199
1484,1747935007.6348815,0.0030862074345350266
1485,1747935015.6370149,0.025647174566984177
1486,1747935020.380515,0.04713825881481171
1487,1747935027.5963604,0.08463884890079498
1488,1747935032.667417,0.023014210164546967
1489,1747935038.5632653,0.009815561585128307
1490,1747935043.6524432,0.006076778285205364
1491,1747935051.5595841,0.012403007596731186
1492,1747935057.5442033,0.08410301059484482
1493,1747935065.2170627,0.356665700674057
1494,1747935070.9055173,0.16579262912273407
1495,1747935075.0419195,0.3208046853542328
1496,1747935079.0974622,0.05600786209106445
1497,1747935084.552165,0.036763958632946014
1498,1747935091.7342832,0.04507608711719513
1499,1747935097.9625208,0.8945202231407166
1500,1747935101.883018,0.20643238723278046
1501,1747935105.9433792,0.1224977970123291
1502,1747935112.2771144,0.314253032207489
1503,1747935120.2951753,0.17436251044273376
1504,1747935127.2342272,0.1767200529575348
1505,1747935131.861439,0.25442203879356384
1506,1747935136.5248942,0.08255399763584137
1507,1747935143.3851283,0.2227882444858551
1508,1747935144.772953,0.00021884117450099438
1509,1747935224.5174103,0.025427546352148056
1510,1747935229.102793,0.11327943205833435
1511,1747935238.1952004,0.18270409107208252
1512,1747935243.0435789,0.0754406601190567
1513,1747935251.6346202,0.2573881447315216
1514,1747935257.893701,0.17746548354625702
1515,1747935262.6498713,0.1093485951423645
1516,1747935268.2832737,0.2309652864933014
1517,1747935272.9669938,0.14274749159812927
1518,1747935279.1319642,0.2571207582950592
1519,1747935284.1966205,0.14579936861991882
1520,1747935287.7218418,0.06472527980804443
1521,1747935293.5334241,0.3823988437652588
1522,1747935299.8352902,0.0710233598947525
1523,1747935304.2165174,0.06429919600486755
1524,1747935309.220547,0.13291943073272705
1525,1747935314.2678075,0.041121240705251694
1526,1747935319.4419658,0.13521723449230194
1527,1747935326.7140324,0.054309096187353134
1528,1747935332.7675745,0.04682324454188347
1529,1747935337.7638562,0.09832626581192017
1530,1747935343.3448114,0.124759241938591
1531,1747935351.0782585,0.15080814063549042
1532,1747935361.2455025,0.18616507947444916
1533,1747935364.9517007,0.031641971319913864
1534,1747935370.6415625,0.07785208523273468
1535,1747935375.4424064,0.14076921343803406
1536,1747935380.7019634,0.11667431890964508
1537,1747935386.6775062,0.054743703454732895
1538,1747935391.7551813,0.04295792430639267
1539,1747935395.8825905,0.04223206266760826
1540,1747935403.5740447,0.04640843719244003
1541,1747935407.7044163,0.03311591595411301
1542,1747935413.8627272,0.07116112858057022
1543,1747935420.2314715,0.06632004678249359
1544,1747935427.2754302,0.1666114628314972
1545,1747935432.909934,0.02634493261575699
1546,1747935436.0701947,0.2175450325012207
1547,1747935443.7468448,0.1553320288658142
1548,1747935447.9362628,0.07299292832612991
1549,1747935452.3373594,0.08860732614994049
1550,1747935462.4789307,0.02197091653943062
1551,1747935467.2652671,0.005678982939571142
1552,1747935471.592076,0.06183518096804619
1553,1747935476.811113,0.04173929989337921
1554,1747935482.0541105,0.010236082598567009
1555,1747935489.6508522,0.03345645219087601
1556,1747935497.237332,0.10226496309041977
1557,1747935502.2081184,0.02177608571946621
1558,1747935507.548016,0.1324920952320099
1559,1747935512.296082,0.0125265559181571
1560,1747935519.3049624,0.03040124848484993
1561,1747935525.1342397,0.04608070105314255
1562,1747935528.7535336,0.009782952256500721
1563,1747935532.3385456,0.0755806639790535
1564,1747935538.0562212,0.0434098094701767
1565,1747935544.845991,0.022335942834615707
1566,1747935548.4589934,0.04975173994898796
1567,1747935554.0884767,0.15131151676177979
1568,1747935557.3442767,0.11803779006004333
1569,1747935562.6457498,0.04509328305721283
1570,1747935570.271416,0.00892501138150692
1571,1747935575.5215204,0.15500274300575256
1572,1747935581.9846077,0.026399409398436546
1573,1747935587.1194735,0.19780594110488892
1574,1747935591.2592716,0.05580025166273117
1575,1747935594.864112,0.029083482921123505
1576,1747935600.226333,0.2393190711736679
1577,1747935606.8087153,0.1559252291917801
1578,1747935612.2588058,0.0038564587011933327
1579,1747935618.5458696,0.17085492610931396
1580,1747935622.9633892,0.005547520704567432
1581,1747935628.6725276,0.13869474828243256
1582,1747935634.7225804,0.0137050561606884
1583,1747935640.3616524,0.05736656114459038
1584,1747935644.8772326,0.026568453758955002
1585,1747935649.5457697,0.02554614655673504
1586,1747935655.741034,0.0015119328163564205
1587,1747935662.3262393,0.08525782823562622
1588,1747935669.547901,0.025808747857809067
1589,1747935677.3496408,0.1652858406305313
1590,1747935684.9862664,0.30204784870147705
1591,1747935691.4182448,0.0028713177889585495
1592,1747935698.9502594,0.005251116119325161
1593,1747935704.7807934,0.06594668328762054
1594,1747935709.3766882,0.01870676875114441
1595,1747935715.0521076,0.11717858910560608
1596,1747935720.5513701,0.047535233199596405
1597,1747935724.1383004,0.1044168621301651
1598,1747935728.7473958,0.1383715271949768
1599,1747935735.6953692,0.024761324748396873
1600,1747935742.0009735,0.1463446319103241
1601,1747935746.2785618,0.09184712171554565
1602,1747935754.6480193,0.2444939911365509
1603,1747935762.3654137,0.07175452262163162
1604,1747935768.096602,0.013628548011183739
1605,1747935774.1445746,0.017546329647302628
1606,1747935778.2641659,0.006637949030846357
1607,1747935783.095292,0.14269869029521942
1608,1747935787.4164672,0.21616575121879578
1609,1747935794.598921,0.016272440552711487
1610,1747935800.2325757,0.013764815405011177
1611,1747935808.4090016,0.08163893222808838
1612,1747935816.714058,0.05283736810088158
1613,1747935821.9313338,0.017996106296777725
1614,1747935828.293354,0.0165097713470459
1615,1747935832.9989111,0.05478423833847046
1616,1747935839.4080384,0.0719781368970871
1617,1747935845.9810596,0.11637221276760101
1618,1747935850.8748872,0.08895715326070786
1619,1747935856.573375,0.03627399355173111
1620,1747935862.2317314,0.011785713955760002
1621,1747935872.5838442,0.3467227816581726
1622,1747935876.8883796,0.2123853862285614
1623,1747935881.6569629,0.043246299028396606
1624,1747935882.9409142,0.003271746914833784
1625,1747935960.7915833,0.08766768872737885
1626,1747935967.470072,0.0770021453499794
1627,1747935971.2043746,0.012265520170331001
1628,1747935975.457703,0.0703749880194664
1629,1747935981.452408,0.2444862574338913
1630,1747935987.8342652,0.02687804028391838
1631,1747935995.7996159,0.042554378509521484
1632,1747936001.0705814,0.0713680237531662
1633,1747936009.0995429,0.007167504634708166
1634,1747936014.1650484,0.058152493089437485
1635,1747936018.6102204,0.26515448093414307
1636,1747936023.8246326,0.00708766421303153
1637,1747936029.1376064,0.003211111295968294
1638,1747936034.336912,0.05468962714076042
1639,1747936038.4333458,0.04277847334742546
1640,1747936043.744834,0.11326031386852264
1641,1747936049.2346232,0.01749265193939209
1642,1747936054.6550605,0.04877566918730736
1643,1747936060.9856617,0.044766925275325775
1644,1747936064.809835,0.005156915634870529
1645,1747936070.0174155,0.002648973371833563
1646,1747936074.5107431,0.011492982506752014
1647,1747936080.1892395,0.03270552307367325
1648,1747936086.0175412,0.02536104992032051
1649,1747936090.5382593,0.0323784276843071
1650,1747936095.3901043,0.07900772243738174
1651,1747936101.7846282,0.14197784662246704
1652,1747936107.615496,0.00687224417924881
1653,1747936112.2215555,0.008621037006378174
1654,1747936117.6412814,0.15684351325035095
1655,1747936123.6342645,0.06562576442956924
1656,1747936129.3379996,0.12812834978103638
1657,1747936134.3342924,0.0006369076436385512
1658,1747936139.2490838,0.011197971180081367
1659,1747936145.235337,0.013129043392837048
1660,1747936154.2076077,0.05471654236316681
1661,1747936160.2914648,0.14918115735054016
1662,1747936167.3748848,0.06518417596817017
1663,1747936174.095989,0.058029696345329285
1664,1747936179.5224638,0.009217293933033943
1665,1747936185.9425666,0.07159563899040222
1666,1747936193.8760092,0.01857713982462883
1667,1747936198.6342442,0.006286404095590115
1668,1747936201.947878,0.003614623798057437
1669,1747936208.854938,0.19962339103221893
1670,1747936214.6906939,0.09150664508342743
1671,1747936223.346952,0.05723416805267334
1672,1747936228.9823098,0.03537663072347641
1673,1747936232.2378962,0.004112807102501392
1674,1747936236.9481199,0.0005459731910377741
1675,1747936242.4146545,0.1733902394771576
1676,1747936247.184465,0.015876680612564087
1677,1747936252.8054557,0.3333895206451416
1678,1747936257.169419,0.013921483419835567
1679,1747936262.9902098,0.021478360518813133
1680,1747936268.4626942,0.36829447746276855
1681,1747936275.0754695,0.3780380189418793
1682,1747936281.0053308,0.009997950866818428
1683,1747936286.0135696,0.1903311312198639
1684,1747936290.9450412,0.0781809538602829
1685,1747936296.9288957,0.09570068120956421
1686,1747936303.0256603,0.005914919078350067
1687,1747936310.061448,0.5800747871398926
1688,1747936318.1942656,0.23537659645080566
1689,1747936326.308165,0.2362840175628662
1690,1747936331.3438175,0.25664156675338745
1691,1747936335.9881754,0.0763724073767662
1692,1747936340.525418,0.026918813586235046
1693,1747936346.741823,0.3895309567451477
1694,1747936352.8226895,0.2404477596282959
1695,1747936358.9292557,0.01910775899887085
1696,1747936365.522175,0.14323607087135315
1697,1747936369.971293,0.2272810935974121
1698,1747936376.3377037,0.10353098809719086
1699,1747936380.9849331,0.03135295584797859
1700,1747936386.0557945,0.022710120305418968
1701,1747936391.8787327,0.007216080091893673
1702,1747936399.3505232,0.07273408770561218
1703,1747936404.9515667,0.0652536004781723
1704,1747936412.32908,0.24748551845550537
1705,1747936418.3722165,0.006731461733579636
1706,1747936426.096711,0.08742168545722961
1707,1747936435.2722268,0.4613150358200073
1708,1747936439.5345068,0.08297674357891083
1709,1747936443.3230252,0.04956798255443573
1710,1747936446.8507655,0.00868907943367958
1711,1747936452.4010813,0.04004407674074173
1712,1747936456.0570004,0.013498436659574509
1713,1747936462.155294,0.22559323906898499
1714,1747936467.9399838,0.3537312150001526
1715,1747936473.9729204,0.19948577880859375
1716,1747936478.7012937,0.22917094826698303
1717,1747936483.9261916,0.15971334278583527
1718,1747936490.750946,0.0490754097700119
1719,1747936496.397144,0.09467332810163498
1720,1747936500.7942026,0.1169896051287651
1721,1747936506.2704902,0.015494952909648418
1722,1747936511.605495,0.19638574123382568
1723,1747936517.0686817,0.09114571660757065
1724,1747936520.8919368,0.03131486475467682
1725,1747936524.4408197,0.011537646874785423
1726,1747936529.9169466,0.02539392188191414
1727,1747936537.474078,0.14232245087623596
1728,1747936543.9268458,0.015161457471549511
1729,1747936549.2515287,0.013505402952432632
1730,1747936558.8909295,0.30673569440841675
1731,1747936566.9175675,0.10090412199497223
1732,1747936574.0796866,0.006460840813815594
1733,1747936579.6266563,0.022819343954324722
1734,1747936585.334143,0.2431250810623169
1735,1747936590.8592303,0.005837295204401016
1736,1747936595.8069556,0.06887662410736084
1737,1747936599.6835768,0.1873795986175537
1738,1747936604.9526944,0.11237947642803192
1739,1747936612.0722961,0.26651719212532043
1740,1747936613.2685778,0.12321136891841888
1741,1747936696.8743875,0.04598027095198631
1742,1747936705.031386,0.07864515483379364
1743,1747936709.0992994,0.12036051601171494
1744,1747936718.4135914,0.15011686086654663
1745,1747936724.3420494,0.034175992012023926
1746,1747936730.059791,0.1226523146033287
1747,1747936735.8132474,0.07348816096782684
1748,1747936743.8997333,0.2322952002286911
1749,1747936751.6557384,0.040170975029468536
1750,1747936755.1577663,0.03383312374353409
1751,1747936760.1753085,0.00939499493688345
1752,1747936765.0103714,0.006947615183889866
1753,1747936769.4586465,0.004045533947646618
1754,1747936773.9870744,0.020087890326976776
1755,1747936780.4500804,0.017853502184152603
1756,1747936786.667816,0.018866758793592453
1757,1747936792.3167498,0.0028738989494740963
1758,1747936795.4899907,0.0028040024917572737
1759,1747936799.537992,0.016539666801691055
1760,1747936805.6785583,0.015783533453941345
1761,1747936811.7930157,0.005011666100472212
1762,1747936818.212043,0.0016360953450202942
1763,1747936821.082731,0.2082839012145996
1764,1747936825.8843827,0.0001659296394791454
1765,1747936833.0660982,0.002915114164352417
1766,1747936839.9283488,0.001673849648796022
1767,1747936844.0163298,0.0051945885643363
1768,1747936849.6358342,0.03636551648378372
1769,1747936854.9058251,0.008984297513961792
1770,1747936860.2224262,0.15362030267715454
1771,1747936864.3369682,0.013779299333691597
1772,1747936868.6198277,0.030323443934321404
1773,1747936873.7147858,0.015563631430268288
1774,1747936879.4219706,0.18484173715114594
1775,1747936885.2152293,0.004409274086356163
1776,1747936889.0387845,0.22329866886138916
1777,1747936892.5936975,0.001251744106411934
1778,1747936898.0953007,0.04937577247619629
1779,1747936906.5592666,0.18502876162528992
1780,1747936910.1440713,0.0027932950761169195
1781,1747936915.0959988,0.07841511070728302
1782,1747936921.333242,0.14954552054405212
1783,1747936925.1929107,0.047218240797519684
1784,1747936929.982725,0.005877686198800802
1785,1747936936.2342434,0.061963945627212524
1786,1747936941.859463,0.05629648268222809
1787,1747936948.144995,0.08495409786701202
1788,1747936955.3341053,0.036132387816905975
1789,1747936960.2688353,0.016518421471118927
1790,1747936965.9342253,0.018796060234308243
1791,1747936970.8028996,0.04540956765413284
1792,1747936975.5451734,0.20234379172325134
1793,1747936980.5378506,0.03841752931475639
1794,1747936986.4630451,0.005848009139299393
1795,1747936993.7416003,0.05683134123682976
1796,1747936999.7725694,0.12352505326271057
1797,1747937005.2878752,0.02227495238184929
1798,1747937012.6787891,0.14428357779979706
1799,1747937017.9605005,0.011773660778999329
1800,1747937022.076086,0.025405248627066612
1801,1747937026.9639914,0.016860876232385635
1802,1747937030.9853623,0.0004939661594107747
1803,1747937036.8619986,0.06178564578294754
1804,1747937042.4859943,0.2659396827220917
1805,1747937047.082051,0.09380275011062622
1806,1747937052.4569988,0.003626385238021612
1807,1747937057.8932874,0.020626937970519066
1808,1747937064.4819813,0.017702599987387657
1809,1747937069.264884,0.060564976185560226
1810,1747937073.2102659,0.1934732049703598
1811,1747937079.1839712,0.004296986386179924
1812,1747937087.3263395,0.30520421266555786
1813,1747937093.3874662,0.07593563199043274
1814,1747937096.577453,0.13752681016921997
1815,1747937100.4516451,0.048801444470882416
1816,1747937106.1456518,0.030082985758781433
1817,1747937110.4543629,0.11507527530193329
1818,1747937113.9642444,0.23284092545509338
1819,1747937119.8402228,0.13436871767044067
1820,1747937126.6425233,0.10106940567493439
1821,1747937131.7803855,0.08553896844387054
1822,1747937137.676286,0.10135072469711304
1823,1747937141.315745,0.06032315641641617
1824,1747937145.2566028,0.029263384640216827
1825,1747937151.402528,0.03171772509813309
1826,1747937157.9421422,0.08833694458007812
1827,1747937163.7487679,0.02045210264623165
1828,1747937169.3262424,0.028493225574493408
1829,1747937175.0643096,0.008307497017085552
1830,1747937179.183216,0.17212924361228943
1831,1747937185.1449773,0.04385878145694733
1832,1747937190.307173,0.10447300970554352
1833,1747937196.8257174,0.1989336460828781
1834,1747937202.7797973,0.08006256073713303
1835,1747937210.0253336,0.04233662784099579
1836,1747937213.4876199,0.01945943385362625
1837,1747937219.4184926,0.08523871004581451
1838,1747937226.340107,0.07697777450084686
1839,1747937231.1386912,0.007168568670749664
1840,1747937236.8064075,0.039467599242925644
1841,1747937243.1409297,0.11861307919025421
1842,1747937246.8124855,0.07896025478839874
1843,1747937252.6648579,0.047342728823423386
1844,1747937259.8982906,0.004802563227713108
1845,1747937267.60356,0.010934646241366863
1846,1747937272.3532164,0.02149222046136856
1847,1747937276.1981785,0.12643428146839142
1848,1747937282.561517,0.0676242858171463
1849,1747937287.772742,0.2465258091688156
1850,1747937293.6439161,0.0010472278809174895
1851,1747937301.6112156,0.022702421993017197
1852,1747937307.3391235,0.02140950970351696
1853,1747937316.20517,0.0328821986913681
1854,1747937321.3877678,0.0319562591612339
1855,1747937327.7186735,0.09080275893211365
1856,1747937328.5643609,0.4629077613353729
1857,1747937406.5410213,0.0025777104310691357
1858,1747937411.8679948,0.10953392833471298
1859,1747937416.2552738,0.10879890620708466
1860,1747937420.6342468,0.07317497581243515
1861,1747937424.2880237,0.019886616617441177
1862,1747937430.3676083,0.1313423216342926
1863,1747937435.429916,0.014533239416778088
1864,1747937441.4140613,0.024210941046476364
1865,1747937446.0470133,0.028928909450769424
1866,1747937449.2697752,0.0101383738219738
1867,1747937454.4393828,0.006872027646750212
1868,1747937459.7968452,0.12924522161483765
1869,1747937465.734256,0.04461237043142319
1870,1747937472.959916,0.019554274156689644
1871,1747937477.5461802,0.006721753627061844
1872,1747937483.1565094,0.10739725083112717
1873,1747937488.3548393,0.011639832518994808
1874,1747937493.2471266,0.05321328341960907
1875,1747937500.7749705,0.24708741903305054
1876,1747937505.5523744,0.11806075274944305
1877,1747937512.5173326,0.27652913331985474
1878,1747937518.695238,0.004622558131814003
1879,1747937525.531016,0.1361055076122284
1880,1747937530.8764424,0.10587166249752045
1881,1747937537.603933,0.017002709209918976
1882,1747937543.763156,0.02238430827856064
1883,1747937548.0819302,0.033979520201683044
1884,1747937552.458958,0.005784263368695974
1885,1747937557.8597775,0.06517018377780914
1886,1747937564.7816923,0.12231453508138657
1887,1747937568.7293062,0.5394025444984436
1888,1747937573.943715,0.028583209961652756
1889,1747937578.2699254,0.03874772787094116
1890,1747937584.9725754,0.03326333686709404
1891,1747937589.154398,0.005035858601331711
1892,1747937594.8480055,0.011294521391391754
1893,1747937599.9465253,0.1302582323551178
1894,1747937605.6726372,0.005426924675703049
1895,1747937612.1923065,0.08572608232498169
1896,1747937616.9367654,0.03249996155500412
1897,1747937623.0863514,0.0037113861180841923
1898,1747937629.0493531,0.02647678554058075
1899,1747937636.7097907,0.010761315934360027
1900,1747937642.4873352,0.06294011324644089
1901,1747937647.5655978,0.0625595822930336
1902,1747937652.4417202,0.07015301287174225
1903,1747937658.5071578,0.10182717442512512
1904,1747937664.443937,0.08860071003437042
1905,1747937671.5602338,0.07956932485103607
1906,1747937679.0673892,0.031348228454589844
1907,1747937685.871182,0.17917516827583313
1908,1747937694.2486024,0.005798552185297012
1909,1747937698.516565,0.17085516452789307
1910,1747937702.9508398,0.000772057450376451
1911,1747937708.8888903,0.17548345029354095
1912,1747937716.37248,0.020173454657197
1913,1747937720.6920125,0.008218185976147652
1914,1747937726.704509,0.016550280153751373
1915,1747937731.2548873,0.0027237324975430965
1916,1747937737.1427557,0.050130605697631836
1917,1747937743.3931735,0.09213076531887054
1918,1747937749.681546,0.005688765551894903
1919,1747937755.2970042,0.003281132085248828
1920,1747937758.6875744,0.09266137331724167
1921,1747937764.5717347,0.00233567226678133
1922,1747937770.472123,0.0129538057371974
1923,1747937776.9500299,0.11934670805931091
1924,1747937780.7510495,0.007464495487511158
1925,1747937785.7642255,0.02711421623826027
1926,1747937790.9046128,0.0035307647194713354
1927,1747937795.4905093,0.021941443905234337
1928,1747937801.6713312,0.24834726750850677
1929,1747937806.4554393,0.06278225779533386
1930,1747937813.8107984,0.06954312324523926
1931,1747937821.9729393,0.031205397099256516
1932,1747937828.1117435,0.04489924758672714
1933,1747937835.4789631,0.09083576500415802
1934,1747937840.857383,0.005877428688108921
1935,1747937845.9444985,0.010501476936042309
1936,1747937854.433663,0.028343219310045242
1937,1747937861.3107176,0.021619174629449844
1938,1747937866.6954746,0.03266388922929764
1939,1747937873.9031558,0.037498120218515396
1940,1747937880.4620495,0.001093533937819302
1941,1747937888.018697,0.11784826219081879
1942,1747937891.759981,0.008527861908078194
1943,1747937895.8814225,0.0895085483789444
1944,1747937903.307548,0.11802294850349426
1945,1747937908.0825033,0.005714920349419117
1946,1747937912.0257473,0.015147830359637737
1947,1747937917.9503245,0.01583091914653778
1948,1747937924.2106986,0.015009941533207893
1949,1747937931.1614335,0.0270838662981987
1950,1747937936.0847661,0.004903332330286503
1951,1747937942.2101078,0.07382003962993622
1952,1747937949.2094262,0.15212421119213104
1953,1747937953.040511,0.004744655918329954
1954,1747937959.8532767,0.2593209743499756
1955,1747937964.9816303,0.023490888997912407
1956,1747937972.2999942,0.06759659945964813
1957,1747937978.6489103,0.004597589839249849
1958,1747937983.088005,0.12652912735939026
1959,1747937990.0006325,0.0742630735039711
1960,1747937997.4696517,0.07508089393377304
1961,1747938000.6427963,0.003813413670286536
1962,1747938006.1934984,0.008603318594396114
1963,1747938011.7394166,0.0005971540813334286
1964,1747938017.3913834,0.023986414074897766
1965,1747938020.57995,0.032121963798999786
1966,1747938025.347712,0.3469606041908264
1967,1747938031.8442168,0.11261563748121262
1968,1747938038.36076,0.001384577713906765
1969,1747938042.6689155,0.0746631994843483
1970,1747938046.4286165,0.08846999704837799
1971,1747938052.6359997,0.02730119600892067
1972,1747938054.9002233,0.7149092555046082
1973,1747938137.9316323,0.04645718261599541
1974,1747938142.3592477,0.003587104845792055
1975,1747938148.4047492,0.07343588769435883
1976,1747938153.4229074,0.2209497094154358
1977,1747938158.1479895,0.3124445676803589
1978,1747938164.49009,0.34467729926109314
1979,1747938171.5449142,0.17431476712226868
1980,1747938177.791883,0.004076248500496149
1981,1747938185.1169481,0.06581372022628784
1982,1747938192.9535482,0.16229626536369324
1983,1747938197.8459134,0.05585477501153946
1984,1747938203.6275249,0.1931733787059784
1985,1747938210.7800944,0.14910046756267548
1986,1747938215.7379475,0.039826102554798126
1987,1747938224.636659,0.22407042980194092
1988,1747938231.3173232,0.3403427302837372
1989,1747938237.7059119,0.0637965127825737
1990,1747938244.499384,0.21589180827140808
1991,1747938249.4158945,0.10324754565954208
1992,1747938255.6412318,0.056179262697696686
1993,1747938262.2060833,0.15871158242225647
1994,1747938268.7123628,0.05006873607635498
1995,1747938274.080059,0.2174636572599411
1996,1747938277.2488222,0.055037789046764374
1997,1747938284.6723576,0.26347869634628296
1998,1747938289.8894258,0.054695092141628265
1999,1747938294.0765402,0.03530685603618622
2000,1747938300.034258,0.04445604234933853
2001,1747938305.2299085,0.04870348423719406
2002,1747938309.3991878,0.012999973259866238
2003,1747938316.3953817,0.005364539101719856
2004,1747938321.568927,0.04694337770342827
2005,1747938326.275993,0.09039812535047531
2006,1747938333.5519397,0.17061102390289307
2007,1747938338.2567515,0.05890200659632683
2008,1747938342.2555983,0.004184354096651077
2009,1747938348.9944816,0.1461687982082367
2010,1747938353.795301,0.0902540534734726
2011,1747938361.1815345,0.0037718582898378372
2012,1747938367.9237955,0.1835237443447113
2013,1747938372.380931,0.006046561058610678
2014,1747938376.5366378,0.03070206008851528
2015,1747938382.5550013,0.0998699888586998
2016,1747938389.1603253,0.06398731470108032
2017,1747938398.1624353,0.047626059502363205
2018,1747938404.0910504,0.035475581884384155
2019,1747938408.697222,0.24615758657455444
2020,1747938414.759517,0.10065825283527374
2021,1747938421.1456184,0.05830766260623932
2022,1747938425.2956562,0.00996629148721695
2023,1747938429.2960734,0.03993383049964905
2024,1747938434.3915906,0.17621290683746338
2025,1747938439.3766754,0.003088211640715599
2026,1747938444.345766,0.2385527342557907
2027,1747938451.2516425,0.14432397484779358
2028,1747938457.5180702,0.013431889936327934
2029,1747938465.7617526,0.018061351031064987
2030,1747938473.6634204,0.2576570510864258
2031,1747938479.4615226,0.03945501521229744
2032,1747938484.6998203,0.00896436721086502
2033,1747938488.8153436,0.06250721216201782
2034,1747938495.337736,0.0999971479177475
2035,1747938502.1067235,0.0032985880970954895
2036,1747938508.2820313,0.11414182186126709
2037,1747938517.2223194,0.16823440790176392
2038,1747938523.046038,0.04219341278076172
2039,1747938529.0622501,0.06998045742511749
2040,1747938533.5652583,0.009261656552553177
2041,1747938538.7249556,0.0623367577791214
2042,1747938543.2836313,0.1554981917142868
2043,1747938547.5811398,0.1144145131111145
2044,1747938553.4311821,0.012255363166332245
2045,1747938558.86433,0.007802723906934261
2046,1747938564.0574727,0.13704633712768555
2047,1747938569.6581337,0.045043617486953735
2048,1747938575.92433,0.0017922455444931984
2049,1747938579.5934513,0.10431943833827972
2050,1747938584.759614,0.7390187978744507
2051,1747938590.2538242,0.01037105917930603
2052,1747938596.2478776,0.22122371196746826
2053,1747938602.0434139,0.018817873671650887
2054,1747938607.134261,0.02067767083644867
2055,1747938612.837026,0.1251826137304306
2056,1747938618.728726,0.05228746682405472
2057,1747938625.1077406,0.009242702275514603
2058,1747938629.8094559,0.014351996593177319
2059,1747938634.5428345,0.045435693114995956
2060,1747938641.5513203,0.03742363676428795
2061,1747938646.1625493,0.007852347567677498
2062,1747938653.3509073,0.04264911264181137
2063,1747938659.986017,0.06619343906641006
2064,1747938668.192085,0.15495407581329346
2065,1747938673.096937,0.05779044330120087
2066,1747938676.2201633,0.011103861033916473
2067,1747938683.2879655,0.044934652745723724
2068,1747938689.5102744,0.420461505651474
2069,1747938693.8964396,0.11380141973495483
2070,1747938698.5342584,0.0748351663351059
2071,1747938705.3615239,0.058367736637592316
2072,1747938711.1846504,0.07058360427618027
2073,1747938717.6731958,0.0590217188000679
2074,1747938723.3342917,0.07420870661735535
2075,1747938730.055251,0.021985501050949097
2076,1747938735.5572853,0.004364500287920237
2077,1747938740.4147232,0.08805244415998459
2078,1747938744.9522512,0.032571375370025635
2079,1747938750.9308348,0.0983286127448082
2080,1747938756.5493312,0.03577198088169098
2081,1747938762.4978814,0.049962230026721954
2082,1747938767.284087,0.23983043432235718
2083,1747938771.8836453,0.09076046198606491
2084,1747938777.1452472,0.0719539076089859
2085,1747938782.517013,0.027715347707271576
2086,1747938788.743041,0.043952636420726776
2087,1747938792.7238066,0.19820265471935272
2088,1747938794.595977,0.006890498101711273
2089,1747938876.9411194,0.03212002292275429
2090,1747938882.8501086,0.009230458177626133
2091,1747938886.4195995,0.061652347445487976
2092,1747938891.308441,0.11460762470960617
2093,1747938895.120508,0.04329417645931244
2094,1747938900.3978047,0.026438627392053604
2095,1747938905.6019328,0.6468394994735718
2096,1747938912.3291245,0.10020934045314789
2097,1747938917.4652386,0.26628348231315613
2098,1747938923.5949335,0.1273069679737091
2099,1747938931.0594702,0.11653923988342285
2100,1747938935.6900506,0.05049102008342743
2101,1747938941.356497,0.04913262650370598
2102,1747938949.7293992,0.21423828601837158
2103,1747938953.443414,0.0038581802509725094
2104,1747938958.844534,0.1103936955332756
2105,1747938963.0986893,0.030126390978693962
2106,1747938969.4475837,0.02058899588882923
2107,1747938974.7502716,0.026757238432765007
2108,1747938979.3431497,0.049082618206739426
2109,1747938983.0686502,0.030487075448036194
2110,1747938990.0702891,0.014652185142040253
2111,1747938995.50229,0.017633911222219467
2112,1747938999.39988,0.11002807319164276
2113,1747939004.0698037,0.05883226543664932
2114,1747939009.4777997,0.001832457259297371
2115,1747939016.1705883,0.09378793835639954
2116,1747939023.519097,0.17934423685073853
2117,1747939028.5099976,0.10723017156124115
2118,1747939032.7039523,0.012410810217261314
2119,1747939038.0374966,0.2692469656467438
2120,1747939043.4898999,0.047060199081897736
2121,1747939050.1563673,0.02316753938794136
2122,1747939057.571343,0.02863956056535244
2123,1747939061.2538357,0.17704790830612183
2124,1747939066.4683044,0.057532668113708496
2125,1747939070.9012084,0.013615667819976807
2126,1747939075.0808072,0.08409304916858673
2127,1747939083.1763825,0.1693236082792282
2128,1747939088.8409507,0.06837999820709229
2129,1747939092.3287537,0.008169692009687424
2130,1747939097.9342372,0.013240957632660866
2131,1747939105.2074995,0.16777926683425903
2132,1747939112.5311465,0.07512238621711731
2133,1747939116.6480935,0.011247138492763042
2134,1747939120.3154001,0.16345874965190887
2135,1747939125.1923866,0.005964379291981459
2136,1747939132.0095315,0.026470325887203217
2137,1747939138.032807,0.03641936182975769
2138,1747939143.7334213,0.11565358936786652
2139,1747939150.7330868,0.06088319048285484
2140,1747939155.5387266,0.13927596807479858
2141,1747939161.9533749,0.05020704120397568
2142,1747939166.1751235,0.03098042868077755
2143,1747939174.6138349,0.03217689320445061
2144,1747939180.3277106,0.02628011628985405
2145,1747939187.2137308,0.010296793654561043
2146,1747939194.629051,0.09624751657247543
2147,1747939202.0569448,0.16347724199295044
2148,1747939207.1995838,0.026960549876093864
2149,1747939212.191408,0.06289016455411911
2150,1747939217.4738994,0.0696365013718605
2151,1747939221.25865,0.12060924619436264
2152,1747939224.373324,0.016728956252336502
2153,1747939229.9022298,0.000833599828183651
2154,1747939235.7161295,0.09116114675998688
2155,1747939240.5483935,0.02005121111869812
2156,1747939245.3508043,0.003577509894967079
2157,1747939249.338548,0.0031496654264628887
2158,1747939255.4360738,0.01918087527155876
2159,1747939260.407551,0.016879048198461533
2160,1747939267.3859713,0.01835433393716812
2161,1747939274.3303444,0.08854057639837265
2162,1747939279.4406872,0.001056291745044291
2163,1747939285.5385284,0.02847544476389885
2164,1747939292.1056073,0.043822482228279114
2165,1747939299.0395477,0.01939832791686058
2166,1747939306.0191326,0.16009968519210815
2167,1747939312.99211,0.05026204511523247
2168,1747939318.4275162,0.05110926553606987
2169,1747939324.3718107,0.0027139652520418167
2170,1747939330.9836943,0.12207555770874023
2171,1747939337.283552,0.05714330077171326
2172,1747939344.2155113,0.015031158924102783
2173,1747939348.2210333,0.018274538218975067
2174,1747939355.8151977,0.014519786462187767
2175,1747939360.1051264,0.08061124384403229
2176,1747939365.0605109,0.017409320920705795
2177,1747939370.7294385,0.06942255049943924
2178,1747939377.288179,0.08993323892354965
2179,1747939382.9060724,0.022980328649282455
2180,1747939386.9397023,0.08697281777858734
2181,1747939391.885973,0.00785127840936184
2182,1747939398.7311378,0.004027149640023708
2183,1747939408.5667677,0.17534469068050385
2184,1747939412.066375,0.025463616475462914
2185,1747939416.875906,0.09351301193237305
2186,1747939422.3974354,0.18173640966415405
2187,1747939429.885234,0.005530898459255695
2188,1747939435.310642,0.07628922164440155
2189,1747939442.094448,0.003954108338803053
2190,1747939449.817427,0.028967373073101044
2191,1747939457.2417648,0.03543917089700699
2192,1747939464.1752563,0.12304797023534775
2193,1747939468.17274,0.019433913752436638
2194,1747939473.1270835,0.03637739270925522
2195,1747939479.4975934,0.04316360875964165
2196,1747939485.4306655,0.04112337529659271
2197,1747939490.5741084,0.012681095860898495
2198,1747939495.6704412,0.0005105045856907964
2199,1747939499.7153933,0.01958286762237549
2200,1747939504.1622903,0.0003556993033271283
2201,1747939509.8933074,0.052812304347753525
2202,1747939514.737698,0.0021714866161346436
2203,1747939518.3218126,0.03894639387726784
2204,1747939519.5877182,0.5586717128753662
2205,1747939598.7422712,0.15980643033981323
2206,1747939606.282175,0.0738859474658966
2207,1747939613.0919433,0.002582812448963523
2208,1747939618.6212416,0.07059155404567719
2209,1747939626.5322886,0.08939244598150253
2210,1747939632.6122086,0.11608420312404633
2211,1747939637.3568962,0.029778143391013145
2212,1747939641.8734214,0.09433658421039581
2213,1747939646.6586916,0.11189673840999603
2214,1747939651.7477715,0.023255065083503723
2215,1747939656.1788356,0.023176303133368492
2216,1747939661.3392522,0.054477088153362274
2217,1747939666.2940524,0.04518764466047287
2218,1747939673.8315024,0.046095363795757294
2219,1747939677.2535388,0.0544431135058403
2220,1747939682.3104672,0.035565078258514404
2221,1747939688.4501705,0.0343717560172081
2222,1747939695.9424198,0.006215426605194807
2223,1747939703.097335,0.036072950810194016
2224,1747939709.0015159,0.05340087041258812
2225,1747939713.7342713,0.008625095710158348
2226,1747939720.1641088,0.01619989611208439
2227,1747939725.0177953,0.06915426254272461
2228,1747939729.8141758,0.06684137135744095
2229,1747939733.9110317,0.05193120986223221
2230,1747939740.098103,0.0015686795813962817
2231,1747939746.092772,0.0007274089148268104
2232,1747939752.4633708,0.14825178682804108
2233,1747939757.2503746,0.05238209664821625
2234,1747939761.4827611,0.00018436512618791312
2235,1747939768.696814,0.1541544795036316
2236,1747939774.3179486,0.008048541843891144
2237,1747939780.1434624,0.0023850277066230774
2238,1747939785.9800894,0.018604416400194168
2239,1747939792.6263056,0.003603867255151272
2240,1747939800.1559248,0.09743311256170273
2241,1747939804.1928697,0.002869856311008334
2242,1747939809.4383833,0.04615733027458191
2243,1747939816.142329,0.007697748951613903
2244,1747939824.3308275,0.05053471773862839
2245,1747939827.7790823,0.019605770707130432
2246,1747939832.9773555,0.06994788348674774
2247,1747939837.034074,0.023003537207841873
2248,1747939843.975639,0.0024083838798105717
2249,1747939847.6030705,0.009427696466445923
2250,1747939852.0563989,0.0016414057463407516
2251,1747939860.9771318,0.005871770903468132
2252,1747939866.4533803,0.04800338298082352
2253,1747939871.2382936,0.37804827094078064
2254,1747939877.856394,0.0383208803832531
2255,1747939882.3417807,0.2926235795021057
2256,1747939888.464959,0.003382252063602209
2257,1747939893.6722047,0.1632327437400818
2258,1747939897.7586908,0.0049970513209700584
2259,1747939901.9067175,0.04047714173793793
2260,1747939908.2061718,0.2388041466474533
2261,1747939912.3110156,0.034358710050582886
2262,1747939918.333888,0.07186795771121979
2263,1747939924.5064504,0.11818784475326538
2264,1747939932.0574293,0.12254111468791962
2265,1747939938.3053427,0.07682450115680695
2266,1747939944.500623,0.018296074122190475
2267,1747939951.438325,0.006853729020804167
2268,1747939955.946302,0.00843561626970768
2269,1747939962.4366722,0.06370754539966583
2270,1747939969.2702534,0.018416237086057663
2271,1747939975.9347587,0.019888706505298615
2272,1747939983.835076,0.014709345065057278
2273,1747939987.8535893,0.08051315695047379
2274,1747939993.3063457,0.046664875000715256
2275,1747939998.4580927,0.01098660659044981
2276,1747940005.1828,0.18049752712249756
2277,1747940010.8330014,0.008607139810919762
2278,1747940016.5927606,0.015812009572982788
2279,1747940023.0450058,0.15535643696784973
2280,1747940029.5757732,0.010372476652264595
2281,1747940035.9391322,0.004060721956193447
2282,1747940042.1541872,0.025853261351585388
2283,1747940046.8119028,0.0028445618227124214
2284,1747940053.5948422,0.15434226393699646
2285,1747940060.2182944,0.057408761233091354
2286,1747940065.282271,0.007025228813290596
2287,1747940069.4154358,0.012786850333213806
2288,1747940075.9839444,0.5011754035949707
2289,1747940084.2473905,0.04299638420343399
2290,1747940087.772416,0.09781460464000702
2291,1747940093.2239904,0.09358014911413193
2292,1747940098.8449123,0.16366609930992126
2293,1747940104.2366564,0.028558246791362762
2294,1747940110.2496219,0.0010769274085760117
2295,1747940119.2002237,0.16612623631954193
2296,1747940124.8512988,0.04681556671857834
2297,1747940130.7496538,0.032893843948841095
2298,1747940136.9933074,0.13077768683433533
2299,1747940144.1348078,0.026135941967368126
2300,1747940152.4466338,0.021787822246551514
2301,1747940158.8781018,0.05942583084106445
2302,1747940165.5514324,0.07649432122707367
2303,1747940170.8343449,0.02510833740234375
2304,1747940174.0370512,0.005614135414361954
2305,1747940178.1369612,0.12137287110090256
2306,1747940185.0138352,0.01671903394162655
2307,1747940191.5399487,0.01711709052324295
2308,1747940194.9566472,0.0025224615819752216
2309,1747940199.70802,0.14011619985103607
2310,1747940204.4066103,0.02709038369357586
2311,1747940209.2458484,0.040595389902591705
2312,1747940212.7932124,0.08056135475635529
2313,1747940217.2946837,0.05266911908984184
2314,1747940223.1580677,0.018910540267825127
2315,1747940228.1373968,0.027764994651079178
2316,1747940236.4810066,0.28707239031791687
2317,1747940243.783036,0.00926012173295021
2318,1747940251.5701702,0.1432984173297882
2319,1747940258.103112,0.07414665818214417
2320,1747940258.9342291,0.006156639661639929
