step,wall_time,value
1,1745683529.3005674,1.918654203414917
2,1745683544.2218409,2.005013942718506
3,1745683552.0256739,1.5155515670776367
4,1745683563.4701447,1.7545928955078125
5,1745683572.2460082,1.8879287242889404
6,1745683583.9761014,1.9628841876983643
7,1745683599.0173845,1.8288551568984985
8,1745683610.7520046,1.6158452033996582
9,1745683623.3331265,1.7871042490005493
10,1745683634.202699,1.6806007623672485
11,1745683645.9957783,1.5455106496810913
12,1745683660.5738955,1.5668147802352905
13,1745683671.6504931,1.527788758277893
14,1745683684.0684373,1.4352498054504395
15,1745683696.4432395,1.3879246711730957
16,1745683707.714852,1.4073941707611084
17,1745683719.216842,1.302773118019104
18,1745683731.532985,1.3038737773895264
19,1745683740.1830401,1.2570360898971558
20,1745683747.6005325,1.1420501470565796
21,1745683759.9113717,1.055729866027832
22,1745683774.2371767,0.9107193946838379
23,1745683786.1229775,0.9193244576454163
24,1745683796.3148363,0.7602568864822388
25,1745683810.403981,0.7682634592056274
26,1745683820.5482924,0.7712239027023315
27,1745683831.7947004,0.7114244103431702
28,1745683842.528208,0.6242290139198303
29,1745683853.954624,0.5575745701789856
30,1745683869.304001,0.4952939450740814
31,1745683882.5604005,0.5240254998207092
32,1745683895.8837733,0.3889610767364502
33,1745683904.242678,0.38069987297058105
34,1745683916.3671298,0.34513720870018005
35,1745683931.9016595,0.27660295367240906
36,1745683940.5662308,0.2665421664714813
37,1745683952.671476,0.28301355242729187
38,1745683968.5284808,0.2403511106967926
39,1745683980.2724538,0.2377854287624359
40,1745683991.5612354,0.19515641033649445
41,1745684003.7986894,0.18376144766807556
42,1745684016.31604,0.19995173811912537
43,1745684030.0922697,0.13812318444252014
44,1745684036.6988204,0.20959827303886414
45,1745684047.3306909,0.1448395550251007
46,1745684057.6879718,0.1839049905538559
47,1745684069.9631355,0.11993976682424545
48,1745684080.5412254,0.15792347490787506
49,1745684092.0316262,0.12229057401418686
50,1745684105.6775131,0.14018160104751587
51,1745684114.34161,0.13695459067821503
52,1745684129.5261314,0.12878833711147308
53,1745684143.6343343,0.11887839436531067
54,1745684157.3530588,0.12451203912496567
55,1745684170.5584037,0.1300705224275589
56,1745684185.8024793,0.11183562874794006
57,1745684197.4640372,0.1275026798248291
58,1745684208.4286041,0.11913095414638519
59,1745684219.4455874,0.16664952039718628
60,1745684230.0370505,0.11867891997098923
61,1745684240.0117874,0.16468608379364014
62,1745684249.4257421,0.13507430255413055
63,1745684262.5121114,0.12033458799123764
64,1745684273.9770792,0.10952314734458923
65,1745684281.4242182,0.11007260531187057
66,1745684293.23666,0.12037547677755356
67,1745684303.7459333,0.11929810047149658
68,1745684318.665947,0.11740530282258987
69,1745684327.2826836,0.14937007427215576
70,1745684337.5179856,0.1206100583076477
71,1745684346.9761748,0.30256468057632446
72,1745684359.2457047,0.13727645576000214
73,1745684372.210555,0.09954828023910522
74,1745684385.707596,0.09366533160209656
75,1745684398.2387016,0.12105344980955124
76,1745684410.0111272,0.10859086364507675
77,1745684424.5408685,0.10357833653688431
78,1745684438.2062995,0.10813884437084198
79,1745684450.931173,0.1257733553647995
80,1745684461.2152948,0.11701735109090805
81,1745684470.5961869,0.16132159531116486
82,1745684479.9774911,0.14197386801242828
83,1745684492.990338,0.09042659401893616
84,1745684503.5808294,0.15169885754585266
85,1745684514.689176,0.12650933861732483
86,1745684519.2246706,0.1623622179031372
87,1745684596.2131617,0.1493208259344101
88,1745684611.585652,0.09352880716323853
89,1745684625.7598162,0.10149148851633072
90,1745684634.5201373,0.1727767288684845
91,1745684643.7304816,0.18139398097991943
92,1745684654.8272245,0.07478421181440353
93,1745684663.4947026,0.15516038239002228
94,1745684671.2632115,0.13826188445091248
95,1745684684.8380582,0.11471828073263168
96,1745684698.380433,0.12496799230575562
97,1745684710.316273,0.12120368331670761
98,1745684724.4935648,0.10349173843860626
99,1745684734.0309591,0.16508427262306213
100,1745684749.2314682,0.11070851981639862
101,1745684762.9214647,0.09078041464090347
102,1745684775.6826565,0.15059292316436768
103,1745684786.35522,0.16713884472846985
104,1745684797.7907362,0.13643281161785126
105,1745684806.4613323,0.14329920709133148
106,1745684816.6159434,0.15197055041790009
107,1745684832.6800976,0.12769708037376404
108,1745684845.1204407,0.10089542716741562
109,1745684856.049281,0.14934055507183075
110,1745684868.858911,0.10836315900087357
111,1745684879.7719939,0.11973340809345245
112,1745684891.129678,0.10332529246807098
113,1745684897.1381123,0.12636731564998627
114,1745684906.9264207,0.13106265664100647
115,1745684917.2566419,0.14634980261325836
116,1745684922.7526324,0.10686532407999039
117,1745684936.833501,0.15675866603851318
118,1745684951.1219494,0.09475965052843094
119,1745684967.7608457,0.10804353654384613
120,1745684978.0881357,0.1274271011352539
121,1745684991.2027047,0.10177228599786758
122,1745685001.5389168,0.10799086093902588
123,1745685014.388699,0.12106014788150787
124,1745685024.166759,0.11565366387367249
125,1745685035.9138136,0.11656899750232697
126,1745685048.0065637,0.13721854984760284
127,1745685059.7193873,0.11092866212129593
128,1745685074.1375465,0.09786057472229004
129,1745685088.7699053,0.08930172771215439
130,1745685106.8690944,0.10244753211736679
131,1745685117.7498307,0.14251168072223663
132,1745685128.5994968,0.12045370042324066
133,1745685139.6508875,0.15081149339675903
134,1745685153.763302,0.1242421343922615
135,1745685162.7961466,0.15409494936466217
136,1745685173.3699346,0.1162986233830452
137,1745685181.5211916,0.16791604459285736
138,1745685191.9762156,0.138357013463974
139,1745685202.8441572,0.11278444528579712
140,1745685215.6047943,0.17197591066360474
141,1745685222.1637437,0.17451874911785126
142,1745685234.4513967,0.08514197170734406
143,1745685246.5534642,0.07993794977664948
144,1745685261.4073079,0.10144113004207611
145,1745685271.7087154,0.11646163463592529
146,1745685284.209388,0.14315296709537506
147,1745685295.1372912,0.1402820497751236
148,1745685309.9851663,0.09715543687343597
149,1745685324.849448,0.08300494402647018
150,1745685337.667008,0.10024312138557434
151,1745685346.9525027,0.10819101333618164
152,1745685358.1796014,0.08720728754997253
153,1745685370.3601015,0.07899835705757141
154,1745685381.1492984,0.14003075659275055
155,1745685394.8909948,0.09160126000642776
156,1745685408.683544,0.11403418332338333
157,1745685419.9110587,0.13456153869628906
158,1745685431.8177671,0.1203315481543541
159,1745685444.6470659,0.12408353388309479
160,1745685457.6320345,0.14557981491088867
161,1745685468.6872783,0.12819455564022064
162,1745685483.3594997,0.08290477097034454
163,1745685494.3133483,0.12699374556541443
164,1745685509.989894,0.06417541950941086
165,1745685525.790832,0.0980379581451416
166,1745685536.063406,0.11617423593997955
167,1745685545.6182632,0.19479286670684814
168,1745685556.440644,0.15194584429264069
169,1745685571.1791341,0.1418207436800003
170,1745685582.04496,0.12228106707334518
171,1745685594.919769,0.08467257767915726
172,1745685597.3821335,0.12736454606056213
173,1745685674.8539615,0.0928020104765892
174,1745685688.2583234,0.08975005149841309
175,1745685699.7467039,0.08900822699069977
176,1745685714.417603,0.09937135875225067
177,1745685727.3024755,0.09301231801509857
178,1745685736.0433424,0.16267257928848267
179,1745685749.1910703,0.08850987255573273
180,1745685760.9387312,0.12280302494764328
181,1745685775.3658252,0.14408637583255768
182,1745685786.3674264,0.12055139988660812
183,1745685799.2005503,0.09862039983272552
184,1745685810.0411012,0.11225788295269012
185,1745685822.2953713,0.10825750231742859
186,1745685830.4060338,0.11997370421886444
187,1745685840.7119293,0.10931513458490372
188,1745685855.7554195,0.18384985625743866
189,1745685868.676009,0.0862775593996048
190,1745685875.508118,0.13592366874217987
191,1745685890.0840538,0.07742960751056671
192,1745685902.1645312,0.07786095887422562
193,1745685910.252429,0.10031969845294952
194,1745685924.4860475,0.09985396265983582
195,1745685937.2035408,0.10745172947645187
196,1745685945.1916122,0.11816012114286423
197,1745685955.9644408,0.10523989051580429
198,1745685967.049082,0.09204963594675064
199,1745685978.5621085,0.1277928352355957
200,1745685991.509144,0.09464902430772781
201,1745686005.1566386,0.08243197202682495
202,1745686021.112714,0.09919136017560959
203,1745686031.017324,0.08563917875289917
204,1745686039.9192593,0.14967027306556702
205,1745686047.8877528,0.13019323348999023
206,1745686063.7588649,0.09565463662147522
207,1745686080.231541,0.07046496123075485
208,1745686088.8829699,0.11180191487073898
209,1745686104.0339522,0.0900585874915123
210,1745686114.186718,0.09787025302648544
211,1745686126.3276293,0.08299001306295395
212,1745686135.0922334,0.08405870944261551
213,1745686145.0963767,0.11271177977323532
214,1745686158.8322048,0.10019656270742416
215,1745686168.5109901,0.0722830668091774
216,1745686180.1068006,0.09354650229215622
217,1745686191.8658543,0.13378751277923584
218,1745686203.022342,0.12085292488336563
219,1745686215.8508208,0.09556125104427338
220,1745686227.0215316,0.0774824321269989
221,1745686238.4856863,0.09162375330924988
222,1745686243.3831527,0.09195038676261902
223,1745686255.5829582,0.08993760496377945
224,1745686270.1537037,0.07133302092552185
225,1745686284.6584995,0.0878867655992508
226,1745686294.6730452,0.11906588822603226
227,1745686305.8402915,0.10833198577165604
228,1745686318.5405664,0.10738374292850494
229,1745686332.5945077,0.11920981854200363
230,1745686343.6112149,0.11500274389982224
231,1745686352.7079022,0.09926237910985947
232,1745686365.2935617,0.0813358798623085
233,1745686377.2655146,0.07300671935081482
234,1745686391.417387,0.08602439612150192
235,1745686398.9553294,0.11134994029998779
236,1745686407.867146,0.1409478634595871
237,1745686421.180119,0.07882604002952576
238,1745686433.683376,0.13544684648513794
239,1745686444.793909,0.11012788116931915
240,1745686455.7098706,0.09614875167608261
241,1745686470.851432,0.10357540100812912
242,1745686479.2436888,0.13851651549339294
243,1745686491.1899848,0.08729563653469086
244,1745686503.5575469,0.08803960680961609
245,1745686514.3287995,0.1208280399441719
246,1745686524.5907037,0.11138318479061127
247,1745686537.398701,0.09019115567207336
248,1745686547.975602,0.08318978548049927
249,1745686559.9756474,0.10977832973003387
250,1745686574.4436624,0.10553006082773209
251,1745686585.793691,0.09837784618139267
252,1745686596.1199903,0.11349545419216156
253,1745686610.0124912,0.12412034720182419
254,1745686617.9987566,0.09029899537563324
255,1745686628.0142903,0.16762937605381012
256,1745686643.933973,0.07783503085374832
257,1745686650.9078271,0.11759178340435028
258,1745686651.5460389,0.07948797941207886
259,1745686732.427399,0.07290927320718765
260,1745686740.7174418,0.0992005318403244
261,1745686755.289438,0.14647719264030457
262,1745686765.7297096,0.1162135899066925
263,1745686777.3256245,0.11898257583379745
264,1745686786.7626143,0.08603785932064056
265,1745686797.7110057,0.11756208539009094
266,1745686813.4424462,0.12002980709075928
267,1745686826.0411336,0.10286449640989304
268,1745686837.4977353,0.08240170031785965
269,1745686850.2962835,0.07219984382390976
270,1745686861.0774138,0.0889415442943573
271,1745686874.4436157,0.07238926738500595
272,1745686890.0837543,0.07464493811130524
273,1745686901.1656864,0.0854034498333931
274,1745686914.6369352,0.06702850013971329
275,1745686925.2899137,0.11710696667432785
276,1745686931.2155356,0.11185666918754578
277,1745686939.7436028,0.09752345830202103
278,1745686950.8556635,0.13970360159873962
279,1745686956.8541381,0.10104603320360184
280,1745686969.013769,0.10194844752550125
281,1745686981.781858,0.07164798676967621
282,1745686993.2488248,0.08392284065485
283,1745687008.5838456,0.07164841890335083
284,1745687026.898695,0.09273658692836761
285,1745687039.8912678,0.07923050969839096
286,1745687052.2326782,0.07780672609806061
287,1745687064.0274303,0.11369359493255615
288,1745687075.230452,0.06984975934028625
289,1745687089.4124126,0.0636340081691742
290,1745687098.1238267,0.1235116720199585
291,1745687110.294705,0.06502068787813187
292,1745687122.484794,0.1198953315615654
293,1745687133.7056782,0.1439742147922516
294,1745687148.0919013,0.0905001237988472
295,1745687162.654165,0.06358261406421661
296,1745687172.852369,0.06258872896432877
297,1745687184.7647998,0.12464987486600876
298,1745687193.3286073,0.07932249456644058
299,1745687204.4541357,0.07699808478355408
300,1745687217.569847,0.08278874307870865
301,1745687229.9879746,0.07699312269687653
302,1745687239.8151937,0.08545586466789246
303,1745687252.4504805,0.07448165118694305
304,1745687263.8462446,0.07007714360952377
305,1745687274.4144917,0.07244109362363815
306,1745687287.4342418,0.05952461436390877
307,1745687303.6886442,0.06995178014039993
308,1745687316.5514421,0.135068878531456
309,1745687327.7721052,0.12408657371997833
310,1745687339.2251034,0.09787560999393463
311,1745687346.660589,0.12099843472242355
312,1745687357.7174459,0.09321661293506622
313,1745687371.0856981,0.07902780175209045
314,1745687381.8581653,0.09071943163871765
315,1745687393.8978179,0.08557841181755066
316,1745687403.1706612,0.13397492468357086
317,1745687416.0240314,0.0781363993883133
318,1745687428.5608566,0.15745903551578522
319,1745687441.7341413,0.06971520930528641
320,1745687455.1783447,0.09164879471063614
321,1745687465.7958064,0.10414578020572662
322,1745687472.324752,0.07213076204061508
323,1745687485.4787278,0.07464835047721863
324,1745687497.2572596,0.08324798941612244
325,1745687512.000273,0.06354915350675583
326,1745687521.5639749,0.06436458975076675
327,1745687527.7556381,0.06687812507152557
328,1745687541.1212573,0.06671763211488724
329,1745687551.0301287,0.06804956495761871
330,1745687565.8067265,0.0874258503317833
331,1745687579.0861213,0.09114012867212296
332,1745687589.2141535,0.08353397250175476
333,1745687597.2632,0.07947877794504166
334,1745687605.238152,0.12355969101190567
335,1745687621.4159193,0.07825580984354019
336,1745687632.944368,0.21596521139144897
337,1745687644.047436,0.07448295503854752
338,1745687652.9372172,0.09845645725727081
339,1745687665.9610136,0.09401612728834152
340,1745687675.734034,0.1177908256649971
341,1745687687.7835681,0.10531797260046005
342,1745687695.7797022,0.08088964223861694
343,1745687702.3107934,0.11877807974815369
344,1745687705.0517035,0.07293212413787842
345,1745687782.3419166,0.06721780449151993
346,1745687798.7412052,0.13357451558113098
347,1745687814.193348,0.10443530231714249
348,1745687821.58755,0.09538804739713669
349,1745687831.3026686,0.1811443567276001
350,1745687845.8057427,0.06881815195083618
351,1745687858.6395855,0.08829568326473236
352,1745687873.4640625,0.062198735773563385
353,1745687887.5378206,0.07266394793987274
354,1745687900.7711375,0.11378028243780136
355,1745687912.643485,0.11598276346921921
356,1745687924.1423817,0.07738279551267624
357,1745687933.1924164,0.0797625407576561
358,1745687946.3404148,0.06810610741376877
359,1745687957.5890265,0.07281896471977234
360,1745687970.3146722,0.10722179710865021
361,1745687984.624007,0.07615979760885239
362,1745687993.2124248,0.09879922866821289
363,1745688000.7253098,0.07723437994718552
364,1745688012.0628746,0.16295062005519867
365,1745688026.702646,0.06010618805885315
366,1745688046.575712,0.05346113443374634
367,1745688056.4671822,0.14667025208473206
368,1745688067.0268946,0.10909606516361237
369,1745688078.1854534,0.0766163170337677
370,1745688085.2165635,0.07132145017385483
371,1745688097.6400259,0.08051283657550812
372,1745688108.0974653,0.05500693619251251
373,1745688117.5624382,0.06711040437221527
374,1745688124.0058024,0.10096374899148941
375,1745688136.7395267,0.09060988575220108
376,1745688149.5212102,0.07627154886722565
377,1745688160.8589551,0.09002908319234848
378,1745688168.8944468,0.08621366322040558
379,1745688181.7970133,0.07239864021539688
380,1745688192.72865,0.07820218801498413
381,1745688203.059313,0.08992107212543488
382,1745688214.2569005,0.10532205551862717
383,1745688230.2560332,0.05942130833864212
384,1745688238.8010597,0.05519617348909378
385,1745688251.1676702,0.11417170614004135
386,1745688265.501532,0.12088941782712936
387,1745688275.3691528,0.061152104288339615
388,1745688286.0125067,0.05591968446969986
389,1745688297.402677,0.095279760658741
390,1745688310.2207646,0.04368739575147629
391,1745688320.2788312,0.0803411602973938
392,1745688328.919455,0.13927525281906128
393,1745688339.7787182,0.05645144358277321
394,1745688353.7682526,0.05012788251042366
395,1745688362.670715,0.06998090445995331
396,1745688375.8656478,0.11864197999238968
397,1745688386.9472833,0.08092954754829407
398,1745688391.9849627,0.10050074756145477
399,1745688404.843566,0.0799039900302887
400,1745688419.00005,0.0891883596777916
401,1745688432.940714,0.07635217159986496
402,1745688442.7086341,0.1277826428413391
403,1745688455.8537157,0.049278374761343
404,1745688465.5855696,0.07585833966732025
405,1745688480.7821457,0.09388010948896408
406,1745688494.800164,0.11286455392837524
407,1745688509.2586954,0.06715752929449081
408,1745688527.1553385,0.06427133083343506
409,1745688542.8567784,0.0688186064362526
410,1745688554.719786,0.11002864688634872
411,1745688563.7163594,0.07520793378353119
412,1745688573.4035106,0.06957012414932251
413,1745688583.3097904,0.06987554579973221
414,1745688599.0167754,0.05979548767209053
415,1745688603.765558,0.07984424382448196
416,1745688613.4746587,0.09780219197273254
417,1745688624.7262454,0.0780813917517662
418,1745688635.5251245,0.07929850369691849
419,1745688645.4391859,0.07981918752193451
420,1745688654.1901503,0.08304980397224426
421,1745688663.4819813,0.0601828396320343
422,1745688676.9383683,0.06418534368276596
423,1745688688.3791418,0.058010559529066086
424,1745688699.9607196,0.051547277718782425
425,1745688709.5746884,0.0828862264752388
426,1745688717.0472064,0.12649133801460266
427,1745688726.8657877,0.10040750354528427
428,1745688737.799084,0.054675500839948654
429,1745688748.461412,0.07308568060398102
430,1745688749.8529234,0.06704384833574295
431,1745688829.7633662,0.18851222097873688
432,1745688846.3866808,0.089298315346241
433,1745688854.8391633,0.13645102083683014
434,1745688863.9107385,0.05125865340232849
435,1745688873.5754468,0.06941764056682587
436,1745688886.206564,0.05506759136915207
437,1745688899.4548602,0.06921163946390152
438,1745688911.1983025,0.13372071087360382
439,1745688922.1553276,0.10414648801088333
440,1745688933.8665316,0.09789972007274628
441,1745688942.631091,0.07433120906352997
442,1745688952.6466522,0.08280856162309647
443,1745688965.223524,0.03969858959317207
444,1745688979.4202414,0.0564153790473938
445,1745688990.7899032,0.06219536438584328
446,1745689002.6671896,0.06946025043725967
447,1745689012.5902221,0.07892940938472748
448,1745689025.3593664,0.0584469735622406
449,1745689034.6355398,0.05848339945077896
450,1745689047.1113691,0.08774872124195099
451,1745689060.696232,0.044306881725788116
452,1745689071.013882,0.07014472037553787
453,1745689081.5063279,0.049807172268629074
454,1745689090.3402503,0.07878220081329346
455,1745689099.4688969,0.0839628130197525
456,1745689111.5618494,0.05472760647535324
457,1745689123.3742146,0.03876533359289169
458,1745689132.3980196,0.08198101818561554
459,1745689143.0587645,0.0671520084142685
460,1745689157.6771653,0.08324678987264633
461,1745689170.5418394,0.08376721292734146
462,1745689177.0828135,0.07370660454034805
463,1745689189.3927457,0.06609593331813812
464,1745689202.5808692,0.04684045538306236
465,1745689211.5152671,0.13659334182739258
466,1745689221.7868903,0.0798550620675087
467,1745689233.119737,0.09764552861452103
468,1745689244.2582014,0.10185622423887253
469,1745689256.510682,0.06464701145887375
470,1745689265.2994025,0.06767820566892624
471,1745689277.2864764,0.10744525492191315
472,1745689287.2894304,0.08752380311489105
473,1745689299.7357326,0.06894857436418533
474,1745689312.7416108,0.10510721057653427
475,1745689324.5393388,0.062113095074892044
476,1745689336.92716,0.053431618958711624
477,1745689350.3118637,0.06407303363084793
478,1745689364.7491095,0.07103715091943741
479,1745689377.9608767,0.05515003576874733
480,1745689393.966299,0.07262454926967621
481,1745689410.4732087,0.0644916296005249
482,1745689423.882224,0.06332177668809891
483,1745689435.3866763,0.06598266214132309
484,1745689442.0707119,0.14343194663524628
485,1745689452.1934948,0.08399587124586105
486,1745689461.6821141,0.09424728155136108
487,1745689476.1995628,0.05297470837831497
488,1745689489.857787,0.08988604694604874
489,1745689500.4156675,0.05790853872895241
490,1745689510.2822819,0.07443802803754807
491,1745689521.765611,0.0793408527970314
492,1745689532.307722,0.08799808472394943
493,1745689541.8278444,0.10173722356557846
494,1745689553.3082304,0.07582005113363266
495,1745689564.951279,0.08509518951177597
496,1745689577.3661494,0.08041230589151382
497,1745689590.2959287,0.06375349313020706
498,1745689602.6748562,0.08372991532087326
499,1745689617.1296813,0.06134641543030739
500,1745689631.4814587,0.05924465134739876
501,1745689642.685688,0.07300946116447449
502,1745689653.780143,0.08057206869125366
503,1745689666.4966285,0.11700727045536041
504,1745689680.3439462,0.11041905730962753
505,1745689694.7257032,0.06015702709555626
506,1745689699.569363,0.05421319603919983
507,1745689714.4449797,0.05958794802427292
508,1745689725.2907615,0.05040806904435158
509,1745689735.9180574,0.05932197719812393
510,1745689744.8208616,0.0920676589012146
511,1745689753.2812865,0.06276882439851761
512,1745689762.608264,0.10753543674945831
513,1745689776.7886472,0.07530312985181808
514,1745689784.8719828,0.05347927659749985
515,1745689799.4475422,0.05423760786652565
516,1745689801.2237089,0.10725557059049606
517,1745689875.5761847,0.06018223240971565
518,1745689892.820021,0.07583791762590408
519,1745689903.0435188,0.0916685089468956
520,1745689916.1406806,0.0600939504802227
521,1745689925.4263408,0.0858779028058052
522,1745689939.4614763,0.07231377810239792
523,1745689947.4246068,0.06796417385339737
524,1745689956.100886,0.05369950458407402
525,1745689966.5351875,0.03940378874540329
526,1745689975.8150787,0.08520089834928513
527,1745689989.7448492,0.06841683387756348
528,1745689998.4005854,0.05946823209524155
529,1745690007.3119667,0.0749715119600296
530,1745690025.4304838,0.06113698333501816
531,1745690038.2460325,0.05650871992111206
532,1745690047.7822618,0.07786961644887924
533,1745690058.821921,0.09480089694261551
534,1745690067.944189,0.05159568414092064
535,1745690082.5645454,0.09095579385757446
536,1745690095.2809024,0.03811930865049362
537,1745690106.4258263,0.04942669719457626
538,1745690116.6358383,0.05340808629989624
539,1745690127.0630229,0.044122058898210526
540,1745690134.379821,0.06711889058351517
541,1745690147.2123923,0.05605585128068924
542,1745690161.7391016,0.05217530578374863
543,1745690170.477471,0.06679178774356842
544,1745690179.9411185,0.07740462571382523
545,1745690192.081609,0.10103929787874222
546,1745690209.4291081,0.08697278052568436
547,1745690220.975585,0.06736007332801819
548,1745690236.323654,0.05458268150687218
549,1745690243.540832,0.09673098474740982
550,1745690254.5485806,0.07150295376777649
551,1745690270.934528,0.07073404639959335
552,1745690287.4734046,0.06007542461156845
553,1745690298.2080743,0.050539787858724594
554,1745690309.7214425,0.09419760853052139
555,1745690317.2358196,0.16670958697795868
556,1745690330.7626233,0.04599934443831444
557,1745690342.196487,0.07852885872125626
558,1745690351.2948203,0.07828983664512634
559,1745690363.237923,0.050009675323963165
560,1745690375.3824139,0.048530008643865585
561,1745690385.4899297,0.05880449339747429
562,1745690396.9694872,0.08226530253887177
563,1745690403.6677248,0.06366648524999619
564,1745690418.9126048,0.04558037966489792
565,1745690429.2328684,0.07115485519170761
566,1745690441.9934278,0.03314739838242531
567,1745690452.5290785,0.08580268174409866
568,1745690467.4663212,0.06359701603651047
569,1745690483.2468884,0.10119197517633438
570,1745690495.4911072,0.0574781596660614
571,1745690502.26522,0.12317196279764175
572,1745690515.5188804,0.04896005243062973
573,1745690525.194534,0.07660352438688278
574,1745690536.4466848,0.06535070389509201
575,1745690549.7752228,0.05526256933808327
576,1745690565.9365187,0.06276793032884598
577,1745690578.909895,0.0871327668428421
578,1745690587.0402806,0.08311768621206284
579,1745690598.2921948,0.07913663983345032
580,1745690611.4019642,0.07593914121389389
581,1745690625.9253082,0.046297695487737656
582,1745690638.995049,0.07464908808469772
583,1745690649.9033246,0.07413098216056824
584,1745690663.6737597,0.0689382329583168
585,1745690673.117817,0.08370805531740189
586,1745690683.3298922,0.10370699316263199
587,1745690693.8756678,0.09394141286611557
588,1745690706.9373858,0.07667356729507446
589,1745690715.4471788,0.0498943105340004
590,1745690730.2267013,0.07341942936182022
591,1745690741.082695,0.0533255860209465
592,1745690751.4669511,0.06050457805395126
593,1745690764.8780067,0.0676305815577507
594,1745690774.3732085,0.06787321716547012
595,1745690788.8050737,0.037472330033779144
596,1745690800.9112103,0.1328745186328888
597,1745690811.119846,0.126775324344635
598,1745690818.4579873,0.09172700345516205
599,1745690831.018846,0.060686882585287094
600,1745690844.1535132,0.07935772836208344
601,1745690856.4152563,0.07028505951166153
602,1745690859.7783625,0.05470297113060951
603,1745690928.3473792,0.05877721682190895
604,1745690939.5263495,0.051130205392837524
605,1745690954.6064377,0.09277770668268204
606,1745690968.4626846,0.05733393877744675
607,1745690980.6526637,0.0737839788198471
608,1745690991.1119576,0.07326032221317291
609,1745690997.0399091,0.09461122006177902
610,1745691009.2783456,0.07719115167856216
611,1745691024.1650686,0.06923311203718185
612,1745691035.013417,0.04178907349705696
613,1745691045.8088462,0.08526992797851562
614,1745691057.3161547,0.14233726263046265
615,1745691067.5265408,0.06055188924074173
616,1745691081.8455396,0.048686448484659195
617,1745691093.8594072,0.09384704381227493
618,1745691105.5220182,0.0659496858716011
619,1745691113.475509,0.05752809718251228
620,1745691122.2008402,0.07636847347021103
621,1745691135.5246484,0.06031779572367668
622,1745691149.4934382,0.055554237216711044
623,1745691163.7884455,0.07568378001451492
624,1745691173.07458,0.043238867074251175
625,1745691187.6034038,0.05931145325303078
626,1745691198.6045394,0.08075354993343353
627,1745691211.5141168,0.05182242393493652
628,1745691222.1840227,0.04599238187074661
629,1745691235.656075,0.06136542558670044
630,1745691245.690063,0.04498850181698799
631,1745691253.811047,0.059940155595541
632,1745691264.6771195,0.07519379258155823
633,1745691273.1066356,0.06066923961043358
634,1745691284.694695,0.05974605306982994
635,1745691299.3841922,0.08617375046014786
636,1745691312.652871,0.09855032712221146
637,1745691322.782405,0.04036470875144005
638,1745691333.9449167,0.051912736147642136
639,1745691344.5177846,0.07349348813295364
640,1745691354.471104,0.062409475445747375
641,1745691364.463484,0.06660949438810349
642,1745691377.4266796,0.06852737814188004
643,1745691390.5609074,0.08387883007526398
644,1745691400.7245207,0.05645640194416046
645,1745691413.2109892,0.10944095253944397
646,1745691423.7902033,0.08816689252853394
647,1745691436.8453321,0.06944538652896881
648,1745691449.1996236,0.04353222995996475
649,1745691460.8780262,0.04370960593223572
650,1745691472.8942695,0.0566573441028595
651,1745691483.618647,0.05569722503423691
652,1745691493.6583016,0.09844411909580231
653,1745691510.6773047,0.056432850658893585
654,1745691521.8100069,0.08647117018699646
655,1745691534.3635314,0.04872335121035576
656,1745691546.7299185,0.05058152601122856
657,1745691560.7482705,0.05547952651977539
658,1745691572.2763064,0.06323174387216568
659,1745691585.7479455,0.06126737222075462
660,1745691595.3485103,0.04133224859833717
661,1745691605.9642832,0.05526721104979515
662,1745691618.186836,0.08531523495912552
663,1745691632.7407367,0.053859662264585495
664,1745691646.9324458,0.03691206872463226
665,1745691659.0909185,0.05918639525771141
666,1745691669.4823515,0.049571458250284195
667,1745691681.379369,0.05528932809829712
668,1745691693.6446564,0.05357077717781067
669,1745691707.621148,0.04786957800388336
670,1745691718.0100462,0.02738356590270996
671,1745691728.5386846,0.0883120521903038
672,1745691738.3695483,0.043052788823843
673,1745691749.122557,0.04691137745976448
674,1745691760.4897854,0.06598196923732758
675,1745691768.6378398,0.06283997744321823
676,1745691779.5606437,0.06390474736690521
677,1745691788.196702,0.04561448097229004
678,1745691798.2079887,0.050452519208192825
679,1745691809.3912904,0.10931026935577393
680,1745691819.7344053,0.08485547453165054
681,1745691829.953744,0.07092810422182083
682,1745691836.1375647,0.023936426267027855
683,1745691844.2472544,0.07260172069072723
684,1745691857.5159438,0.051819805055856705
685,1745691870.3557358,0.0749766156077385
686,1745691885.0081093,0.05335203558206558
687,1745691894.896324,0.06412457674741745
688,1745691898.4642103,0.04464001581072807
689,1745691976.5815063,0.061166904866695404
690,1745691989.1873872,0.06382676213979721
691,1745691996.8712702,0.0548507422208786
692,1745692007.5253525,0.05786927044391632
693,1745692023.9782295,0.09837707877159119
694,1745692037.6109447,0.05013067275285721
695,1745692049.7324643,0.06939537823200226
696,1745692058.4244764,0.07453343272209167
697,1745692067.0820699,0.04334735870361328
698,1745692079.5368617,0.037626370787620544
699,1745692088.835897,0.056497056037187576
700,1745692101.9243674,0.04641849920153618
701,1745692115.4752004,0.07021757960319519
702,1745692126.1795173,0.086984783411026
703,1745692132.6710536,0.04917105287313461
704,1745692142.234182,0.09119240194559097
705,1745692154.7565165,0.05311322957277298
706,1745692168.6443193,0.07914120703935623
707,1745692179.362645,0.02886439673602581
708,1745692193.9835956,0.05094863846898079
709,1745692205.8354564,0.04528399556875229
710,1745692218.429476,0.03566613793373108
711,1745692229.1283245,0.06020344793796539
712,1745692241.1096227,0.05545530840754509
713,1745692252.907688,0.059256985783576965
714,1745692265.58078,0.04799223691225052
715,1745692277.7056458,0.05616958439350128
716,1745692287.4477334,0.052064284682273865
717,1745692296.9624357,0.0505140982568264
718,1745692311.4048657,0.05025895684957504
719,1745692322.8876853,0.10662515461444855
720,1745692332.1330922,0.05320313572883606
721,1745692339.7358239,0.08143342286348343
722,1745692355.2211053,0.047844115644693375
723,1745692365.3494368,0.05326475203037262
724,1745692374.747689,0.05453205853700638
725,1745692381.5994992,0.04087859019637108
726,1745692395.830686,0.02629467099905014
727,1745692411.097266,0.09035470336675644
728,1745692418.6228693,0.07072637975215912
729,1745692430.1961422,0.08544209599494934
730,1745692444.1878426,0.07291166484355927
731,1745692460.4107692,0.047794610261917114
732,1745692472.4005325,0.0364266112446785
733,1745692487.4985301,0.03614808991551399
734,1745692501.293546,0.0669579803943634
735,1745692513.1960196,0.053818050771951675
736,1745692523.85666,0.06671104580163956
737,1745692536.3709452,0.03960351645946503
738,1745692548.956057,0.03845718875527382
739,1745692563.8956475,0.07598523795604706
740,1745692574.6356843,0.0521489717066288
741,1745692586.85554,0.12142880260944366
742,1745692600.0612655,0.043280478566884995
743,1745692611.598485,0.03733876720070839
744,1745692618.8672848,0.07298130542039871
745,1745692632.5534272,0.05393039807677269
746,1745692640.6299098,0.05994412302970886
747,1745692652.1092463,0.04397965595126152
748,1745692662.2503748,0.06967654079198837
749,1745692675.4446738,0.11902601271867752
750,1745692681.7889817,0.05685786157846451
751,1745692691.760464,0.04654844105243683
752,1745692703.6149702,0.06473937630653381
753,1745692716.5643413,0.06548505276441574
754,1745692731.4420555,0.03422107920050621
755,1745692746.3200784,0.049783509224653244
756,1745692760.8357258,0.0516861155629158
757,1745692776.618762,0.04895523563027382
758,1745692787.9441314,0.038703691214323044
759,1745692800.4695954,0.034992218017578125
760,1745692805.535164,0.07034008204936981
761,1745692820.806686,0.0971880555152893
762,1745692834.6574209,0.08531083166599274
763,1745692844.0701644,0.047092732042074203
764,1745692858.02508,0.07176919281482697
765,1745692866.4200852,0.06680665910243988
766,1745692877.068754,0.04977627471089363
767,1745692887.0078378,0.07927955687046051
768,1745692892.6488903,0.028260326012969017
769,1745692902.5832121,0.08119787275791168
770,1745692907.4203706,0.06712041050195694
771,1745692914.748033,0.04884425178170204
772,1745692925.9436111,0.05593041330575943
773,1745692937.1885633,0.04272029921412468
774,1745692939.302439,0.1916775107383728
775,1745693013.017959,0.03870593011379242
776,1745693026.0234053,0.07178505510091782
777,1745693034.652452,0.09550175070762634
778,1745693045.0980346,0.023170357570052147
779,1745693057.9376934,0.04944019764661789
780,1745693063.9632592,0.06344147771596909
781,1745693075.871624,0.0376853384077549
782,1745693090.153788,0.04256175085902214
783,1745693103.2806103,0.04719419404864311
784,1745693114.3139207,0.04079969972372055
785,1745693124.4896743,0.030683711171150208
786,1745693136.7466686,0.13012024760246277
787,1745693150.8635619,0.0790567398071289
788,1745693163.9546993,0.10391128063201904
789,1745693175.4124887,0.06087660416960716
790,1745693192.1538165,0.035456202924251556
791,1745693204.7745225,0.06913432478904724
792,1745693215.5261595,0.060329459607601166
793,1745693232.6773443,0.050048600882291794
794,1745693245.2440846,0.05673228204250336
795,1745693254.2397456,0.051597148180007935
796,1745693265.6627483,0.060142774134874344
797,1745693275.860637,0.0650104284286499
798,1745693291.3517528,0.06803040951490402
799,1745693300.4316914,0.0817713662981987
800,1745693312.5076766,0.03820544108748436
801,1745693325.6087217,0.0459662564098835
802,1745693333.1271472,0.0759173184633255
803,1745693346.980112,0.04401013255119324
804,1745693358.2698774,0.06359940022230148
805,1745693369.1117563,0.09407326579093933
806,1745693379.1663675,0.06780488789081573
807,1745693388.6462314,0.1038685217499733
808,1745693399.6601214,0.05641698092222214
809,1745693413.8116186,0.0572177954018116
810,1745693424.7767386,0.029726531356573105
811,1745693434.4952254,0.040333688259124756
812,1745693449.372608,0.05834774672985077
813,1745693459.9366558,0.061254072934389114
814,1745693471.570665,0.02686205692589283
815,1745693481.9189243,0.04033209756016731
816,1745693490.3399134,0.02352171577513218
817,1745693499.8851886,0.044741563498973846
818,1745693510.6125178,0.03881385549902916
819,1745693519.7728763,0.031731076538562775
820,1745693533.5954978,0.03440770506858826
821,1745693546.0689564,0.05803403630852699
822,1745693560.978394,0.05129886791110039
823,1745693567.313035,0.04651330038905144
824,1745693577.8134017,0.05314362421631813
825,1745693591.2723656,0.08303134143352509
826,1745693602.061744,0.11047052592039108
827,1745693616.2105036,0.04943230748176575
828,1745693627.9917266,0.06579038500785828
829,1745693639.445595,0.050028201192617416
830,1745693648.3894415,0.054598405957221985
831,1745693658.215797,0.04075511544942856
832,1745693670.8121645,0.05450929328799248
833,1745693682.6512666,0.061032429337501526
834,1745693696.0169268,0.04135611280798912
835,1745693705.4011633,0.04208783060312271
836,1745693713.7544465,0.031238948926329613
837,1745693722.2385836,0.033110588788986206
838,1745693732.2137835,0.02598399482667446
839,1745693740.9904146,0.020105810835957527
840,1745693753.4937787,0.0460757315158844
841,1745693764.6596773,0.043487969785928726
842,1745693780.638635,0.05402309074997902
843,1745693796.8496606,0.044438935816287994
844,1745693808.304164,0.09273365885019302
845,1745693815.656794,0.058766111731529236
846,1745693828.9914114,0.06212937459349632
847,1745693842.4018488,0.03166112303733826
848,1745693854.274221,0.046507578343153
849,1745693866.486308,0.042074985802173615
850,1745693882.3444486,0.06833667308092117
851,1745693896.0973408,0.03115914575755596
852,1745693902.894426,0.08425402641296387
853,1745693916.0250435,0.03489251062273979
854,1745693926.063193,0.08096453547477722
855,1745693932.172406,0.07651299983263016
856,1745693942.0185387,0.020893847569823265
857,1745693947.0222456,0.05205556005239487
858,1745693957.2740374,0.03215203061699867
859,1745693971.836625,0.0415409654378891
860,1745693975.1029298,0.0387289822101593
861,1745694049.9141629,0.06166648119688034
862,1745694063.2853043,0.06823591142892838
863,1745694072.5965958,0.08948568254709244
864,1745694082.8530934,0.014627802185714245
865,1745694096.0068088,0.05048332363367081
866,1745694107.895841,0.046376995742321014
867,1745694121.5381956,0.046719200909137726
868,1745694132.525257,0.02935882844030857
869,1745694144.898733,0.0432235449552536
870,1745694152.8950105,0.027256635949015617
871,1745694164.048391,0.03391462191939354
872,1745694176.2114983,0.024813776835799217
873,1745694187.3706675,0.03427018225193024
874,1745694198.245567,0.032186683267354965
875,1745694208.6918526,0.030361363664269447
876,1745694217.1250646,0.027976099401712418
877,1745694227.791426,0.03488805517554283
878,1745694236.6415427,0.06406132876873016
879,1745694253.220657,0.05178576707839966
880,1745694268.3331707,0.024167411029338837
881,1745694284.3722265,0.039586130529642105
882,1745694298.3552992,0.038664560765028
883,1745694308.2521234,0.05783920735120773
884,1745694319.1758237,0.04523683339357376
885,1745694332.0421002,0.0734514594078064
886,1745694342.8467093,0.045592498034238815
887,1745694357.85468,0.0756714791059494
888,1745694366.602727,0.03718867897987366
889,1745694377.623369,0.03258099779486656
890,1745694387.5397472,0.04777468368411064
891,1745694399.0301178,0.07865841686725616
892,1745694412.4950178,0.029606077820062637
893,1745694426.3765767,0.03672769293189049
894,1745694435.2254379,0.04684992879629135
895,1745694448.0202317,0.0683426707983017
896,1745694460.311048,0.034006938338279724
897,1745694474.814713,0.05270015075802803
898,1745694484.182011,0.05986204370856285
899,1745694498.743664,0.05621543154120445
900,1745694511.8327076,0.040986403822898865
901,1745694527.102982,0.06576196104288101
902,1745694536.9404619,0.07466201484203339
903,1745694550.9250224,0.10393267869949341
904,1745694559.820491,0.014428348280489445
905,1745694572.2671807,0.048390455543994904
906,1745694582.9798713,0.04127214476466179
907,1745694594.3957293,0.07697773724794388
908,1745694609.2074137,0.04167254641652107
909,1745694621.389692,0.027030372992157936
910,1745694635.5024128,0.07465946674346924
911,1745694648.4161477,0.05541197583079338
912,1745694658.601634,0.03632870689034462
913,1745694670.2028055,0.04145243391394615
914,1745694683.8946748,0.04949232563376427
915,1745694695.1296127,0.0622512586414814
916,1745694704.5959375,0.07698054611682892
917,1745694714.4620917,0.050060730427503586
918,1745694723.1852257,0.05971473082900047
919,1745694732.6935296,0.0487578883767128
920,1745694746.679498,0.04300476238131523
921,1745694758.1918209,0.04576151445508003
922,1745694768.0510798,0.039591122418642044
923,1745694779.8504174,0.04074162617325783
924,1745694787.9936063,0.042590491473674774
925,1745694797.0608146,0.061909254640340805
926,1745694808.9685197,0.03774307668209076
927,1745694819.978677,0.05485992506146431
928,1745694832.2114456,0.06191684678196907
929,1745694844.7347794,0.04010540246963501
930,1745694855.9906747,0.031613290309906006
931,1745694868.6896157,0.04174375534057617
932,1745694880.6824892,0.05246315896511078
933,1745694890.6071892,0.050561241805553436
934,1745694900.8752043,0.03018324449658394
935,1745694914.3874102,0.015293867327272892
936,1745694925.129799,0.04611724615097046
937,1745694938.324469,0.037463195621967316
938,1745694944.608424,0.049233343452215195
939,1745694954.7000527,0.047853562980890274
940,1745694967.3066914,0.025373172014951706
941,1745694974.1173484,0.03166551515460014
942,1745694986.4776888,0.05780412629246712
943,1745694997.9510517,0.04697147011756897
944,1745695009.5006132,0.02702765353024006
945,1745695018.4888513,0.04928538575768471
946,1745695020.9584715,0.09193915128707886
947,1745695094.9421809,0.05323175713419914
948,1745695105.5063746,0.03744865953922272
949,1745695116.260143,0.02033994346857071
950,1745695124.298732,0.03677552565932274
951,1745695138.0988379,0.028037184849381447
952,1745695149.1960237,0.05508793145418167
953,1745695165.169166,0.06546430289745331
954,1745695171.1492965,0.05068542808294296
955,1745695182.9124324,0.03296538442373276
956,1745695198.6770754,0.05813867226243019
957,1745695213.7068064,0.0478595495223999
958,1745695226.2825694,0.025548378005623817
959,1745695239.415093,0.02306186780333519
960,1745695248.5679986,0.03784940391778946
961,1745695260.6323593,0.04179999604821205
962,1745695274.7501614,0.022764546796679497
963,1745695279.7000382,0.057125091552734375
964,1745695290.5234935,0.0935773178935051
965,1745695306.0016813,0.03923982009291649
966,1745695313.8394203,0.05493629723787308
967,1745695326.6696792,0.04320308566093445
968,1745695337.7343736,0.04596222937107086
969,1745695349.5030303,0.03804924711585045
970,1745695366.427555,0.03777775540947914
971,1745695377.5549862,0.034298792481422424
972,1745695393.3480213,0.05571739748120308
973,1745695405.976266,0.053320515900850296
974,1745695420.9478772,0.041145242750644684
975,1745695432.4737024,0.018716594204306602
976,1745695446.774824,0.043401606380939484
977,1745695458.765088,0.05290466919541359
978,1745695467.8312097,0.030810024589300156
979,1745695478.6253316,0.023329947143793106
980,1745695493.5716848,0.060575105249881744
981,1745695497.9028168,0.049769457429647446
982,1745695509.4763644,0.10671461373567581
983,1745695519.7174034,0.03151584044098854
984,1745695529.4999123,0.04067518934607506
985,1745695543.5310695,0.03363985940814018
986,1745695558.074641,0.0287531279027462
987,1745695568.8227608,0.046595390886068344
988,1745695581.250086,0.03440958261489868
989,1745695591.4505403,0.03542537987232208
990,1745695601.6754937,0.03062618523836136
991,1745695616.1028144,0.0366247221827507
992,1745695624.560741,0.03726714849472046
993,1745695634.7422242,0.018353302031755447
994,1745695642.9380958,0.018025603145360947
995,1745695655.100251,0.04838622361421585
996,1745695669.2078185,0.03954486921429634
997,1745695677.5457754,0.024444138631224632
998,1745695690.858746,0.040771957486867905
999,1745695702.9535475,0.059350963681936264
1000,1745695715.511,0.0422343835234642
1001,1745695729.5276148,0.028007272630929947
1002,1745695744.3085642,0.031428057700395584
1003,1745695757.386927,0.0759863555431366
1004,1745695769.4548132,0.03575373440980911
1005,1745695774.531729,0.06519868969917297
1006,1745695786.9826784,0.03566502034664154
1007,1745695799.2726612,0.05813939496874809
1008,1745695810.0067303,0.05295789986848831
1009,1745695822.7403388,0.08768537640571594
1010,1745695836.5588315,0.03785780817270279
1011,1745695845.5372653,0.05842047184705734
1012,1745695859.381481,0.04255944490432739
1013,1745695867.8120785,0.04628537595272064
1014,1745695877.6400855,0.053222160786390305
1015,1745695893.2111568,0.019364796578884125
1016,1745695901.8722155,0.03801369294524193
1017,1745695912.8768106,0.052455026656389236
1018,1745695922.6582355,0.024148330092430115
1019,1745695934.681737,0.017509527504444122
1020,1745695946.147684,0.025746533647179604
1021,1745695957.724729,0.04327014461159706
1022,1745695963.5636487,0.043494198471307755
1023,1745695975.7265098,0.047823693603277206
1024,1745695980.6997483,0.04030748829245567
1025,1745695989.6281238,0.035623326897621155
1026,1745696001.3614,0.05928140506148338
1027,1745696005.8961995,0.031072260811924934
1028,1745696019.7221832,0.026062538847327232
1029,1745696039.1863754,0.042222071439027786
1030,1745696051.5897813,0.06098363548517227
1031,1745696061.8264878,0.030127739533782005
1032,1745696065.3885074,0.031874168664216995
1033,1745696127.029804,0.02896060049533844
1034,1745696142.2035978,0.042300958186388016
1035,1745696153.5083146,0.03330462425947189
1036,1745696164.0456834,0.0711975246667862
1037,1745696175.3885694,0.01979658752679825
1038,1745696186.9566364,0.04678986966609955
1039,1745696197.7130105,0.03637222573161125
1040,1745696209.1451323,0.032877884805202484
1041,1745696220.6703138,0.0542120561003685
1042,1745696230.0830579,0.050818756222724915
1043,1745696241.6511276,0.024146167561411858
1044,1745696253.0961075,0.043298158794641495
1045,1745696261.6593318,0.03956751897931099
1046,1745696272.1226792,0.039229586720466614
1047,1745696285.5790594,0.03353950008749962
1048,1745696298.7359304,0.03426550328731537
1049,1745696305.8852553,0.0286864060908556
1050,1745696317.831742,0.017744002863764763
1051,1745696332.3126101,0.017324501648545265
1052,1745696344.5025303,0.05395050346851349
1053,1745696355.2456033,0.05516594275832176
1054,1745696369.0761185,0.048980463296175
1055,1745696381.1816237,0.020583827048540115
1056,1745696390.1615925,0.02417578361928463
1057,1745696400.7642052,0.024096926674246788
1058,1745696412.8581545,0.027807746082544327
1059,1745696422.3797956,0.02805939130485058
1060,1745696435.4012487,0.025047078728675842
1061,1745696448.1919503,0.027066124603152275
1062,1745696455.7506835,0.038309309631586075
1063,1745696465.3242514,0.04959326982498169
1064,1745696475.8027742,0.019117208197712898
1065,1745696489.2823806,0.04646129161119461
1066,1745696502.8449717,0.039858076721429825
1067,1745696514.9402487,0.031418439000844955
1068,1745696529.204782,0.06510445475578308
1069,1745696544.598836,0.03197985142469406
1070,1745696557.282498,0.019356872886419296
1071,1745696567.715442,0.07231640815734863
1072,1745696579.1866972,0.04904959723353386
1073,1745696592.3024647,0.033382054418325424
1074,1745696606.8652625,0.029880480840802193
1075,1745696616.9488075,0.058137815445661545
1076,1745696627.0306883,0.03699929639697075
1077,1745696638.7013307,0.022638395428657532
1078,1745696654.9475822,0.037987157702445984
1079,1745696666.3185246,0.03248783200979233
1080,1745696677.6266959,0.04530595615506172
1081,1745696693.254731,0.05145994573831558
1082,1745696700.0476816,0.019916383549571037
1083,1745696712.7094727,0.04879767447710037
1084,1745696720.756851,0.02455492876470089
1085,1745696732.5386944,0.025797387585043907
1086,1745696744.7212486,0.047274474054574966
1087,1745696756.2680705,0.0406947024166584
1088,1745696770.320037,0.03153026103973389
1089,1745696778.6387954,0.019350716844201088
1090,1745696792.720855,0.01937444880604744
1091,1745696803.0688422,0.03799230232834816
1092,1745696811.6938922,0.046321168541908264
1093,1745696823.378869,0.051843833178281784
1094,1745696835.5913432,0.031068850308656693
1095,1745696851.393232,0.05395659804344177
1096,1745696862.6835585,0.042236413806676865
1097,1745696874.267057,0.05038641393184662
1098,1745696882.4160652,0.03336241468787193
1099,1745696892.0426311,0.0361427366733551
1100,1745696904.2977633,0.02106095477938652
1101,1745696916.273226,0.02446776255965233
1102,1745696928.0822947,0.05197354406118393
1103,1745696936.5999987,0.04789997637271881
1104,1745696943.5321116,0.03096270002424717
1105,1745696956.34586,0.04096952825784683
1106,1745696966.59675,0.03665623068809509
1107,1745696975.0295444,0.014817999675869942
1108,1745696986.905189,0.014722438529133797
1109,1745697001.0601342,0.041131552308797836
1110,1745697014.3319418,0.026810627430677414
1111,1745697020.9144042,0.05074156075716019
1112,1745697028.542628,0.024982210248708725
1113,1745697039.7721505,0.038357213139534
1114,1745697050.281885,0.029213842004537582
1115,1745697059.5807214,0.03164813295006752
1116,1745697075.01171,0.039180461317300797
1117,1745697089.3112624,0.021130520850419998
1118,1745697092.3498464,0.008339443244040012
1119,1745697170.820453,0.033192865550518036
1120,1745697184.2742062,0.03154433146119118
1121,1745697191.7254326,0.018077868968248367
1122,1745697203.1675715,0.030199425294995308
1123,1745697216.7906172,0.026282863691449165
1124,1745697230.386658,0.02297782525420189
1125,1745697245.9795787,0.03318886458873749
1126,1745697256.4046175,0.02477414347231388
1127,1745697269.7855015,0.027424901723861694
1128,1745697279.5649545,0.04854230955243111
1129,1745697288.159144,0.02794288657605648
1130,1745697298.4999633,0.02990846335887909
1131,1745697308.2531307,0.01981196738779545
1132,1745697316.476733,0.030376918613910675
1133,1745697328.8737414,0.03223294019699097
1134,1745697340.2350845,0.03691212087869644
1135,1745697345.512677,0.02757902629673481
1136,1745697359.9964578,0.011529125273227692
1137,1745697373.3232915,0.029134489595890045
1138,1745697386.0430834,0.03907984122633934
1139,1745697401.5166273,0.03931771218776703
1140,1745697413.6854484,0.029597720131278038
1141,1745697424.275731,0.017675533890724182
1142,1745697435.601388,0.021255822852253914
1143,1745697446.118071,0.0337158739566803
1144,1745697454.8733628,0.014578882604837418
1145,1745697470.4824097,0.020017746835947037
1146,1745697479.7968152,0.013058142736554146
1147,1745697491.4180899,0.059543948620557785
1148,1745697503.0443087,0.02644064463675022
1149,1745697516.0701385,0.041661087423563004
1150,1745697525.687181,0.02533593960106373
1151,1745697533.8531651,0.0771065205335617
1152,1745697550.4554126,0.02775387652218342
1153,1745697558.4693801,0.030746906995773315
1154,1745697570.8347008,0.023954255506396294
1155,1745697583.3012683,0.050842009484767914
1156,1745697593.9013886,0.02800665982067585
1157,1745697605.8283653,0.038246944546699524
1158,1745697618.4645152,0.03194960206747055
1159,1745697628.447689,0.04992225021123886
1160,1745697637.9134371,0.04973994567990303
1161,1745697650.7346237,0.03362012282013893
1162,1745697663.9271688,0.02660105936229229
1163,1745697680.6746745,0.021802229806780815
1164,1745697691.7573636,0.023016193881630898
1165,1745697696.1552095,0.03630692884325981
1166,1745697709.8695164,0.03826041519641876
1167,1745697721.7866852,0.036668580025434494
1168,1745697730.5021617,0.020071139559149742
1169,1745697737.6954112,0.05246222764253616
1170,1745697748.704264,0.04018762335181236
1171,1745697759.5483937,0.016197752207517624
1172,1745697772.428948,0.008588911965489388
1173,1745697784.0471764,0.019099514931440353
1174,1745697795.0426974,0.01796046458184719
1175,1745697804.135273,0.052673473954200745
1176,1745697817.9881005,0.03460711985826492
1177,1745697830.257996,0.04088228940963745
1178,1745697838.3011973,0.01606544479727745
1179,1745697849.036116,0.027522960677742958
1180,1745697860.7127395,0.04290401190519333
1181,1745697866.7287242,0.047952696681022644
1182,1745697877.8111494,0.08330850303173065
1183,1745697890.450658,0.03208164498209953
1184,1745697902.6685328,0.02491050213575363
1185,1745697915.868878,0.023368356749415398
1186,1745697927.591328,0.023072250187397003
1187,1745697940.303072,0.02888222225010395
1188,1745697948.8739152,0.02669089287519455
1189,1745697959.8644078,0.033918365836143494
1190,1745697971.3597865,0.02331152744591236
1191,1745697982.4058928,0.02045348659157753
1192,1745697993.701348,0.01576727069914341
1193,1745698010.4369416,0.0339970700442791
1194,1745698024.8617609,0.02932487241923809
1195,1745698034.7090535,0.016447309404611588
1196,1745698045.2592728,0.027268685400485992
1197,1745698052.6177437,0.0349639393389225
1198,1745698058.5815442,0.037446413189172745
1199,1745698068.970873,0.03179656341671944
1200,1745698080.8910005,0.06723801791667938
1201,1745698094.9346902,0.020100878551602364
1202,1745698106.859513,0.010817199945449829
1203,1745698117.3686383,0.06402885913848877
1204,1745698120.0981438,0.0033756564371287823
1205,1745698187.1290286,0.03486047685146332
1206,1745698203.5378277,0.028356321156024933
1207,1745698215.8085277,0.029092637822031975
1208,1745698226.4740813,0.029607314616441727
1209,1745698236.2375004,0.05758687108755112
1210,1745698250.1583307,0.021284865215420723
1211,1745698261.9752173,0.033670030534267426
1212,1745698273.670726,0.029172999784350395
1213,1745698284.9317358,0.00971296988427639
1214,1745698297.2715845,0.02614906243979931
1215,1745698307.8267593,0.017689935863018036
1216,1745698319.1360168,0.021304776892066002
1217,1745698329.7804134,0.009912182576954365
1218,1745698342.1176314,0.02418258599936962
1219,1745698354.2350702,0.026383722200989723
1220,1745698364.7285688,0.028160445392131805
1221,1745698376.0985155,0.027783256024122238
1222,1745698386.2633398,0.004205540753901005
1223,1745698400.6086125,0.020075751468539238
1224,1745698412.2882214,0.030579354614019394
1225,1745698425.29446,0.03990672156214714
1226,1745698436.7902434,0.017831001430749893
1227,1745698450.030648,0.022790784016251564
1228,1745698462.9592743,0.029738739132881165
1229,1745698471.9177094,0.03730347752571106
1230,1745698482.1929722,0.028372108936309814
1231,1745698492.1914098,0.017063219100236893
1232,1745698501.1408288,0.02791883982717991
1233,1745698514.418665,0.023915879428386688
1234,1745698530.585678,0.026494495570659637
1235,1745698541.8553784,0.013634289614856243
1236,1745698550.3774116,0.050997044891119
1237,1745698561.1554484,0.03152580186724663
1238,1745698575.761941,0.02276797965168953
1239,1745698584.9695582,0.011984968557953835
1240,1745698596.9300349,0.017812300473451614
1241,1745698609.392259,0.034414615482091904
1242,1745698619.9956667,0.01695147156715393
1243,1745698633.1197503,0.020391816273331642
1244,1745698646.2434042,0.012177879922091961
1245,1745698652.0485911,0.016939232125878334
1246,1745698663.7217724,0.022771619260311127
1247,1745698674.5386434,0.0423247367143631
1248,1745698681.3007808,0.029958363622426987
1249,1745698695.177803,0.0252920463681221
1250,1745698709.6426973,0.016621515154838562
1251,1745698722.2589476,0.03778805211186409
1252,1745698736.2840064,0.01911880075931549
1253,1745698748.825474,0.023973561823368073
1254,1745698761.83606,0.015750324353575706
1255,1745698768.834117,0.012323669157922268
1256,1745698781.1897655,0.035989027470350266
1257,1745698797.7995641,0.038899604231119156
1258,1745698812.808658,0.04577674716711044
1259,1745698823.9875147,0.007959208451211452
1260,1745698837.2865865,0.022007154300808907
1261,1745698852.5963712,0.01753813773393631
1262,1745698864.0079944,0.021667763590812683
1263,1745698875.873718,0.0338292270898819
1264,1745698883.741566,0.025171848013997078
1265,1745698893.8464184,0.025977788493037224
1266,1745698908.2656348,0.02607661858201027
1267,1745698918.1292672,0.010149617679417133
1268,1745698933.1963837,0.029532426968216896
1269,1745698946.1274104,0.03271113708615303
1270,1745698958.532176,0.026034802198410034
1271,1745698970.7224689,0.026202918961644173
1272,1745698984.1730225,0.02853269688785076
1273,1745698994.4129412,0.030799537897109985
1274,1745699006.9984615,0.02213071472942829
1275,1745699020.0261996,0.015175417996942997
1276,1745699029.6799285,0.008682371117174625
1277,1745699038.972521,0.05689311772584915
1278,1745699053.218704,0.017301958054304123
1279,1745699062.6117103,0.032242678105831146
1280,1745699070.121565,0.026999451220035553
1281,1745699079.5739508,0.015037594363093376
1282,1745699096.6148603,0.024936748668551445
1283,1745699110.7266917,0.020969990640878677
1284,1745699123.7031085,0.02373381145298481
1285,1745699132.6831903,0.01165751088410616
1286,1745699143.6502278,0.05829558148980141
1287,1745699147.899258,0.016129324212670326
1288,1745699158.5937998,0.018881812691688538
1289,1745699169.2814207,0.03582794964313507
1290,1745699170.9972684,0.04510936886072159
1291,1745699242.073381,0.019016029313206673
1292,1745699255.4987478,0.021951070055365562
1293,1745699266.1210945,0.013890489004552364
1294,1745699278.5471792,0.025902315974235535
1295,1745699290.5516944,0.040381599217653275
1296,1745699303.2417016,0.020450791344046593
1297,1745699318.0929146,0.03760620951652527
1298,1745699324.3429992,0.010064900852739811
1299,1745699336.9854093,0.028391091153025627
1300,1745699347.0855439,0.006701852194964886
1301,1745699357.293061,0.06102404743432999
1302,1745699367.5061924,0.036588992923498154
1303,1745699380.8026826,0.02526392787694931
1304,1745699390.1676595,0.01909477263689041
1305,1745699401.1817276,0.02249157987535
1306,1745699411.8058143,0.010049386881291866
1307,1745699421.1542583,0.025612059980630875
1308,1745699430.3925412,0.02028852514922619
1309,1745699444.8417978,0.01872001402080059
1310,1745699459.2346098,0.02271801233291626
1311,1745699474.4643333,0.013869069516658783
1312,1745699486.2846718,0.03423221409320831
1313,1745699492.8387077,0.011665219441056252
1314,1745699507.03724,0.024530433118343353
1315,1745699520.5986924,0.022288985550403595
1316,1745699531.6334672,0.009291492402553558
1317,1745699544.5518124,0.01692420244216919
1318,1745699557.2203248,0.02069852314889431
1319,1745699567.593647,0.018668707460165024
1320,1745699577.456586,0.021794898435473442
1321,1745699588.6027436,0.013175484724342823
1322,1745699600.1027033,0.015966206789016724
1323,1745699610.720821,0.011541686952114105
1324,1745699624.3442707,0.013578391633927822
1325,1745699637.9252732,0.015395905822515488
1326,1745699648.7884684,0.029334604740142822
1327,1745699659.7148457,0.02003433369100094
1328,1745699670.5685344,0.042266737669706345
1329,1745699683.692219,0.022894293069839478
1330,1745699699.9092698,0.019716843962669373
1331,1745699716.2280364,0.027218347415328026
1332,1745699730.0347514,0.016990602016448975
1333,1745699741.7988498,0.0089079225435853
1334,1745699753.0567162,0.026457874104380608
1335,1745699767.074935,0.03896564617753029
1336,1745699774.088492,0.0070922840386629105
1337,1745699787.3742945,0.011574551463127136
1338,1745699798.913204,0.028693968430161476
1339,1745699811.7346318,0.03337936848402023
1340,1745699826.1503503,0.03691912442445755
1341,1745699837.9637218,0.015539403073489666
1342,1745699851.9158528,0.013490715064108372
1343,1745699867.1227098,0.01136526744812727
1344,1745699879.2991476,0.09335172176361084
1345,1745699889.6179514,0.020908642560243607
1346,1745699903.4047434,0.033377934247255325
1347,1745699915.130095,0.02516237087547779
1348,1745699928.9989667,0.019742343574762344
1349,1745699935.230662,0.012913649901747704
1350,1745699946.955615,0.0294159185141325
1351,1745699963.021695,0.019588323310017586
1352,1745699973.1822014,0.015811804682016373
1353,1745699984.1196754,0.017009515315294266
1354,1745699991.9547036,0.016750091686844826
1355,1745700002.1722662,0.00935850664973259
1356,1745700015.092642,0.017942318692803383
1357,1745700026.572014,0.026656435802578926
1358,1745700040.614474,0.02305157482624054
1359,1745700045.53624,0.007898014970123768
1360,1745700057.6869783,0.012652021832764149
1361,1745700070.6565692,0.017276126891374588
1362,1745700080.9871092,0.028203073889017105
1363,1745700091.034767,0.021220160648226738
1364,1745700106.719892,0.035863373428583145
1365,1745700121.5218966,0.06357605755329132
1366,1745700131.937867,0.013542622327804565
1367,1745700142.905414,0.0274333693087101
1368,1745700155.1034331,0.029544668272137642
1369,1745700163.8221576,0.02235870249569416
1370,1745700175.2858415,0.04026663303375244
1371,1745700186.030679,0.012445547617971897
1372,1745700191.7243686,0.028430763632059097
1373,1745700198.5265136,0.02729080244898796
1374,1745700209.273395,0.02422424778342247
1375,1745700219.72826,0.032531265169382095
1376,1745700221.703701,0.0019116386538371444
1377,1745700295.7032459,0.030539989471435547
1378,1745700308.1930425,0.025933751836419106
1379,1745700319.3986945,0.016667351126670837
1380,1745700331.2650661,0.00999964028596878
1381,1745700339.9124851,0.019529635086655617
1382,1745700354.1372123,0.029366537928581238
1383,1745700364.6861823,0.010713787749409676
1384,1745700376.7560208,0.021153409034013748
1385,1745700387.4667037,0.014564384706318378
1386,1745700397.6797557,0.014216884039342403
1387,1745700411.8774748,0.042786046862602234
1388,1745700423.228425,0.02209976688027382
1389,1745700436.5993016,0.02172781713306904
1390,1745700444.1266854,0.006640791427344084
1391,1745700456.0069835,0.02340039610862732
1392,1745700468.7062366,0.014193661510944366
1393,1745700481.7846177,0.00613964581862092
1394,1745700490.143241,0.023090949282050133
1395,1745700501.809906,0.029591362923383713
1396,1745700518.2937996,0.031683724373579025
1397,1745700531.0329258,0.007906896993517876
1398,1745700541.8085833,0.011187072843313217
1399,1745700555.1866987,0.02179163321852684
1400,1745700565.881433,0.05219460651278496
1401,1745700577.2813835,0.021461844444274902
1402,1745700591.3096402,0.037445489317178726
1403,1745700599.4483974,0.021830856800079346
1404,1745700612.425791,0.05016634985804558
1405,1745700625.4313745,0.019819622859358788
1406,1745700637.2543051,0.017763575538992882
1407,1745700653.0070808,0.012675012461841106
1408,1745700669.1560206,0.02755945548415184
1409,1745700677.33175,0.015464480966329575
1410,1745700686.086803,0.03159581497311592
1411,1745700700.6716037,0.016172293573617935
1412,1745700713.0238497,0.02910984866321087
1413,1745700722.1055484,0.04529755935072899
1414,1745700728.5351899,0.023720448836684227
1415,1745700743.2372954,0.024494852870702744
1416,1745700755.8013935,0.023236416280269623
1417,1745700766.440563,0.011495450511574745
1418,1745700777.042686,0.03775588423013687
1419,1745700788.6325035,0.030227532610297203
1420,1745700799.4859831,0.022492870688438416
1421,1745700811.1904864,0.008249710313975811
1422,1745700820.6356566,0.014553021639585495
1423,1745700830.9525075,0.020767543464899063
1424,1745700841.0070426,0.019538231194019318
1425,1745700854.1484265,0.011795707046985626
1426,1745700863.0525901,0.017561333253979683
1427,1745700875.0446928,0.01952490024268627
1428,1745700890.7521064,0.017618676647543907
1429,1745700902.5373306,0.013515938073396683
1430,1745700914.6361308,0.01015758328139782
1431,1745700928.4048433,0.01210937649011612
1432,1745700938.689731,0.0705559179186821
1433,1745700950.7500489,0.017568757757544518
1434,1745700958.603261,0.0303643811494112
1435,1745700969.9191787,0.019301889464259148
1436,1745700981.0614998,0.011282299645245075
1437,1745700990.249526,0.012670770287513733
1438,1745701003.7500029,0.019596638157963753
1439,1745701015.890848,0.019816281273961067
1440,1745701027.918121,0.02702285349369049
1441,1745701037.7403703,0.011484112590551376
1442,1745701050.1334763,0.008045137859880924
1443,1745701062.0266144,0.0132781732827425
1444,1745701076.7458706,0.00996281299740076
1445,1745701089.0836573,0.018317408859729767
1446,1745701103.3789277,0.018408630043268204
1447,1745701115.254853,0.02541442960500717
1448,1745701126.5531435,0.02224322035908699
1449,1745701138.7873945,0.01773088611662388
1450,1745701149.430901,0.026961784809827805
1451,1745701157.989648,0.02187211439013481
1452,1745701169.7986836,0.014153861440718174
1453,1745701178.8109033,0.00879683904349804
1454,1745701190.1483595,0.01366253662854433
1455,1745701202.1826901,0.013109386898577213
1456,1745701211.6896956,0.027074238285422325
1457,1745701225.3162115,0.01971203275024891
1458,1745701238.1725452,0.017457736656069756
1459,1745701248.2124128,0.028843717649579048
1460,1745701256.2393274,0.004435716662555933
1461,1745701263.7299278,0.01934140734374523
1462,1745701267.527687,0.010095302015542984
1463,1745701337.3155124,0.016636988148093224
1464,1745701349.3947747,0.016789952293038368
1465,1745701363.9271123,0.012285353615880013
1466,1745701373.4898586,0.005386081524193287
1467,1745701383.9596694,0.008499467745423317
1468,1745701398.8962982,0.00962433684617281
1469,1745701411.4246233,0.007330802269279957
1470,1745701420.4837856,0.023780958727002144
1471,1745701429.8417172,0.015258979983627796
1472,1745701440.25579,0.008997608907520771
1473,1745701450.6529589,0.011278610676527023
1474,1745701460.5779052,0.00661687646061182
1475,1745701469.4076884,0.014047544449567795
1476,1745701482.6374524,0.01755155622959137
1477,1745701489.6728985,0.009181330911815166
1478,1745701503.3205264,0.008155453950166702
1479,1745701513.5403593,0.00645620608702302
1480,1745701523.6835334,0.01165319699794054
1481,1745701537.183816,0.004903064109385014
1482,1745701547.4882162,0.014239679090678692
1483,1745701559.9416478,0.010419773869216442
1484,1745701569.8483043,0.018206296488642693
1485,1745701581.910643,0.019716814160346985
1486,1745701590.6763735,0.018193209543824196
1487,1745701600.1339436,0.019379256293177605
1488,1745701611.7637036,0.0026296149007976055
1489,1745701622.4190009,0.011083901859819889
1490,1745701633.7679553,0.021878326311707497
1491,1745701647.0190465,0.010381297208368778
1492,1745701656.2747045,0.010419436730444431
1493,1745701672.1180892,0.009416873566806316
1494,1745701681.8180716,0.00871500838547945
1495,1745701698.91819,0.004856621380895376
1496,1745701709.1597416,0.00818084180355072
1497,1745701721.3954303,0.0051667941734194756
1498,1745701734.5038674,0.010447196662425995
1499,1745701747.6496048,0.013271206989884377
1500,1745701758.1141071,0.011439849622547626
1501,1745701772.9562328,0.00814918801188469
1502,1745701781.735281,0.005676234606653452
1503,1745701794.7381363,0.04345615953207016
1504,1745701806.8582973,0.013187621720135212
1505,1745701812.8098922,0.005653455387800932
1506,1745701823.3371186,0.013750842772424221
1507,1745701838.613454,0.025711890310049057
1508,1745701846.4748478,0.006526254583150148
1509,1745701858.8508663,0.01388572994619608
1510,1745701868.735603,0.05302468314766884
1511,1745701884.9571717,0.00852562952786684
1512,1745701896.7121034,0.01693820022046566
1513,1745701915.21785,0.03365611657500267
1514,1745701927.4505084,0.017192721366882324
1515,1745701940.2904735,0.00827009230852127
1516,1745701952.4988508,0.015513569116592407
1517,1745701963.5389948,0.03804101049900055
1518,1745701973.4426997,0.03897220641374588
1519,1745701981.7060316,0.0027735866606235504
1520,1745701992.7605968,0.014903226867318153
1521,1745702006.14623,0.025362448766827583
1522,1745702019.131206,0.023109862580895424
1523,1745702029.3919322,0.0025465944781899452
1524,1745702039.9322383,0.027835693210363388
1525,1745702051.070085,0.005642452742904425
1526,1745702062.358697,0.013176190666854382
1527,1745702075.3747525,0.015722649171948433
1528,1745702086.1439545,0.01654799096286297
1529,1745702098.197219,0.009883576072752476
1530,1745702109.3189197,0.03625542297959328
1531,1745702120.8305063,0.008899113163352013
1532,1745702132.2678316,0.023311976343393326
1533,1745702144.47117,0.03320004791021347
1534,1745702154.3772562,0.022468693554401398
1535,1745702166.92802,0.02027146704494953
1536,1745702176.8869202,0.01721476949751377
1537,1745702193.8555086,0.01720547303557396
1538,1745702205.989612,0.016571763902902603
1539,1745702214.33866,0.020269090309739113
1540,1745702224.4538634,0.005929872393608093
1541,1745702233.4865966,0.019794154912233353
1542,1745702246.207568,0.015067354775965214
1543,1745702258.1058033,0.022766489535570145
1544,1745702265.1013074,0.015124140307307243
1545,1745702275.334987,0.019141485914587975
1546,1745702283.7703385,0.00928984209895134
1547,1745702292.1636105,0.010190173983573914
1548,1745702294.7336283,0.058706317096948624
1549,1745702366.4375014,0.012806492857635021
1550,1745702379.736812,0.02957250364124775
1551,1745702391.5122907,0.06924983114004135
1552,1745702401.6960952,0.06306449323892593
1553,1745702416.190226,0.04668205603957176
1554,1745702431.2054956,0.052057866007089615
1555,1745702445.2934804,0.052096255123615265
1556,1745702454.449749,0.033524543046951294
1557,1745702465.8684716,0.047693200409412384
1558,1745702475.0647137,0.03231564909219742
1559,1745702486.9626505,0.033029887825250626
1560,1745702502.273392,0.01990746334195137
1561,1745702518.2169566,0.013147289864718914
1562,1745702528.8501973,0.041000861674547195
1563,1745702536.1415732,0.021091049537062645
1564,1745702546.5595055,0.016993004828691483
1565,1745702556.11208,0.0275876484811306
1566,1745702567.2436552,0.04599245265126228
1567,1745702577.8700993,0.03911024332046509
1568,1745702585.0020003,0.019092854112386703
1569,1745702594.5662944,0.05918774753808975
1570,1745702605.585724,0.019520096480846405
1571,1745702619.157514,0.013348766602575779
1572,1745702628.5283892,0.0080049317330122
1573,1745702640.3403609,0.01516159251332283
1574,1745702652.509873,0.01053792517632246
1575,1745702662.3902571,0.016580069437623024
1576,1745702673.0913928,0.012184873223304749
1577,1745702687.0878656,0.008950875140726566
1578,1745702697.6059394,0.0026267594657838345
1579,1745702711.4967747,0.016549505293369293
1580,1745702715.5382416,0.07179214060306549
1581,1745702732.7922945,0.04807739704847336
1582,1745702744.1853638,0.010899162851274014
1583,1745702754.4537096,0.06596110761165619
1584,1745702768.9202073,0.01507836114615202
1585,1745702779.8240128,0.017857814207673073
1586,1745702787.9107049,0.014581412076950073
1587,1745702801.9266725,0.02778806909918785
1588,1745702812.4977257,0.013789806514978409
1589,1745702823.60659,0.02634543366730213
1590,1745702832.9290445,0.014107706025242805
1591,1745702842.7841485,0.0067085986956954
1592,1745702855.32893,0.014039093628525734
1593,1745702864.0124233,0.01518701296299696
1594,1745702874.2036357,0.019066188484430313
1595,1745702887.251721,0.016371535137295723
1596,1745702901.8287323,0.013701537624001503
1597,1745702911.51869,0.012049552984535694
1598,1745702928.086618,0.011347079649567604
1599,1745702941.995491,0.030524106696248055
1600,1745702953.792012,0.04482494294643402
1601,1745702964.7094107,0.019413098692893982
1602,1745702976.417647,0.015859395265579224
1603,1745702983.3182085,0.014196787029504776
1604,1745702994.0589206,0.00708395941182971
1605,1745703004.6049242,0.026368526741862297
1606,1745703016.333852,0.02282656729221344
1607,1745703024.4047222,0.0015418940456584096
1608,1745703036.9657853,0.013642031699419022
1609,1745703049.2467253,0.023678461089730263
1610,1745703061.7211595,0.028469758108258247
1611,1745703073.376714,0.016653425991535187
1612,1745703089.1111012,0.014223586767911911
1613,1745703099.7012863,0.01928636245429516
1614,1745703114.4943323,0.0071155354380607605
1615,1745703128.2266796,0.007940161041915417
1616,1745703140.113153,0.011707916855812073
1617,1745703152.1742306,0.014065103605389595
1618,1745703165.6706645,0.005187745671719313
1619,1745703180.5077453,0.028290139511227608
1620,1745703189.2157369,0.007205894682556391
1621,1745703199.666293,0.015856126323342323
1622,1745703213.064764,0.01443499606102705
1623,1745703224.6261253,0.014137079939246178
1624,1745703229.7257714,0.010183712467551231
1625,1745703243.5913157,0.010990886017680168
1626,1745703253.6654801,0.006382155232131481
1627,1745703266.2378578,0.007121496833860874
1628,1745703275.7423584,0.015153065323829651
1629,1745703285.9011714,0.022285476326942444
1630,1745703296.395974,0.015571394935250282
1631,1745703306.612943,0.010849038138985634
1632,1745703314.9068441,0.014736678451299667
1633,1745703322.2411652,0.00989561527967453
1634,1745703324.521662,0.00870448537170887
1635,1745703396.7135303,0.0008778079645708203
1636,1745703408.5644772,0.010464339517056942
1637,1745703418.4535582,0.009384013712406158
1638,1745703431.347883,0.005731347948312759
1639,1745703442.7957513,0.008243485353887081
1640,1745703451.4131145,0.027291877195239067
1641,1745703463.2908459,0.007813532836735249
1642,1745703475.8512514,0.004926783498376608
1643,1745703486.8980272,0.00540511030703783
1644,1745703495.9727433,0.012860558927059174
1645,1745703508.4286442,0.007484277710318565
1646,1745703520.2374315,0.0034044967032969
1647,1745703534.2330418,0.012273888103663921
1648,1745703547.4075704,0.006065831985324621
1649,1745703553.6343434,0.011535071767866611
1650,1745703568.8176405,0.005975550040602684
1651,1745703580.5277631,0.00924358144402504
1652,1745703591.9712176,0.006117085926234722
1653,1745703609.02346,0.013082067482173443
1654,1745703618.3646836,0.008398347534239292
1655,1745703622.838263,0.002970709465444088
1656,1745703637.015907,0.0060474807396531105
1657,1745703648.5959044,0.004610399249941111
1658,1745703656.8573356,0.006020551547408104
1659,1745703666.3754158,0.008220224641263485
1660,1745703678.4054086,0.005463520064949989
1661,1745703691.3029785,0.004244645591825247
1662,1745703703.493601,0.009918796829879284
1663,1745703713.1964417,0.001064690062776208
1664,1745703724.0826094,0.003954027313739061
1665,1745703733.61474,0.004107033833861351
1666,1745703747.2876863,0.003705566981807351
1667,1745703761.1466577,0.0036003554705530405
1668,1745703773.154688,0.007477562874555588
1669,1745703784.8236141,0.004360028076916933
1670,1745703796.0210412,0.002179220085963607
1671,1745703809.127854,0.006499935407191515
1672,1745703815.575337,0.010215319693088531
1673,1745703829.9732485,0.0015160402981564403
1674,1745703845.366653,0.013358631171286106
1675,1745703860.708071,0.0024058714043349028
1676,1745703874.178698,0.005400526337325573
1677,1745703886.935338,0.019526373594999313
1678,1745703896.8659093,0.0039044241420924664
1679,1745703904.6866899,0.008382034488022327
1680,1745703916.6342676,0.008074345998466015
1681,1745703928.705957,0.008821872994303703
1682,1745703938.7579412,0.017826460301876068
1683,1745703952.3866522,0.016483711078763008
1684,1745703961.8222175,0.003422053763642907
1685,1745703974.0478768,0.005105226766318083
1686,1745703983.3179746,0.004340086132287979
1687,1745703996.601853,0.0026184662710875273
1688,1745704010.2397285,0.011643080040812492
1689,1745704020.455205,0.0019648184534162283
1690,1745704031.4057667,0.0075307623483240604
1691,1745704046.6868045,0.011104668490588665
1692,1745704059.7339,0.00951466429978609
1693,1745704069.5576932,0.004536190070211887
1694,1745704082.62868,0.004439008422195911
1695,1745704092.1210115,0.006646375171840191
1696,1745704102.9978921,0.008071493357419968
1697,1745704115.841676,0.009709813632071018
1698,1745704129.6988945,0.007516512647271156
1699,1745704139.9190686,0.008397841826081276
1700,1745704150.6718714,0.007228112779557705
1701,1745704162.1798124,0.007221553940325975
1702,1745704176.155411,0.0038241157308220863
1703,1745704187.022184,0.004916767589747906
1704,1745704197.6075797,0.007983013987541199
1705,1745704208.7205076,0.0024886643514037132
1706,1745704219.9323456,0.006837351247668266
1707,1745704231.1746788,0.009504699148237705
1708,1745704243.879895,0.0022099174093455076
1709,1745704250.7395058,0.018806612119078636
1710,1745704262.892288,0.005980934482067823
1711,1745704274.0425644,0.002080395817756653
1712,1745704284.2338138,0.014465606771409512
1713,1745704299.0637007,0.007783004082739353
1714,1745704308.6529183,0.011643530800938606
1715,1745704322.4598987,0.007060053758323193
1716,1745704333.7798367,0.00987816322594881
1717,1745704346.8731666,0.003899753326550126
1718,1745704360.5140421,0.009625444188714027
1719,1745704374.7149572,0.003045993624255061
1720,1745704376.8672915,0.007301290053874254
1721,1745704448.9266708,0.00274076871573925
1722,1745704458.9239805,0.0078222481533885
1723,1745704469.6849568,0.006954331416636705
1724,1745704484.0062628,0.003349368693307042
1725,1745704499.7841558,0.0033641348127275705
1726,1745704507.97172,0.011030352674424648
1727,1745704519.3375456,0.006354662589728832
1728,1745704527.0104074,0.006204238161444664
1729,1745704537.147122,0.006032619625329971
1730,1745704553.6862245,0.0043579768389463425
1731,1745704560.6228805,0.004842197056859732
1732,1745704572.646695,0.0023707253858447075
1733,1745704581.9061315,0.0033495735842734575
1734,1745704591.2787054,0.004457567818462849
1735,1745704604.9527485,0.0034485836513340473
1736,1745704618.4593365,0.002156271366402507
1737,1745704624.964369,0.0027561080642044544
1738,1745704639.0807507,0.005385546013712883
1739,1745704650.7992463,0.0020994616206735373
1740,1745704658.9348145,0.011429074220359325
1741,1745704667.5589578,0.00245381030254066
1742,1745704675.5327952,0.0007289006607607007
1743,1745704688.9357135,0.0019887578673660755
1744,1745704700.5251808,0.007007072679698467
1745,1745704708.620091,0.00577202346175909
1746,1745704718.8004394,0.012010863982141018
1747,1745704730.6588783,0.011299949139356613
1748,1745704747.185793,0.004877018742263317
1749,1745704757.9020038,0.006387745030224323
1750,1745704767.0262291,0.0042745331302285194
1751,1745704779.1428587,0.005256478674709797
1752,1745704794.1363564,0.0027505909092724323
1753,1745704808.5477521,0.00607651611790061
1754,1745704821.297686,0.0022553380113095045
1755,1745704833.165966,0.003186712972819805
1756,1745704844.601302,0.0030642657075077295
1757,1745704850.707461,0.005524971056729555
1758,1745704866.0577853,0.008049435913562775
1759,1745704877.025501,0.007659765891730785
1760,1745704888.901502,0.005774870980530977
1761,1745704899.8843634,0.005757217761129141
1762,1745704908.0693214,0.00247399415820837
1763,1745704916.6799846,0.0030659527983516455
1764,1745704930.2186985,0.006294230464845896
1765,1745704942.1230469,0.0018696468323469162
1766,1745704950.7877703,0.0072057475335896015
1767,1745704959.2329628,0.0010695030214264989
1768,1745704973.1842468,0.02412618137896061
1769,1745704987.1649094,0.002201660303398967
1770,1745704995.863538,0.003318140050396323
1771,1745705012.3505106,0.00403097877278924
1772,1745705026.2426825,0.003587349085137248
1773,1745705040.1113129,0.004282325506210327
1774,1745705051.981234,0.009362188167870045
1775,1745705062.4368534,0.010628252290189266
1776,1745705076.3971512,0.004770968575030565
1777,1745705083.8497007,0.004322017543017864
1778,1745705096.1138053,0.011524125933647156
1779,1745705107.3440301,0.004114850424230099
1780,1745705116.6186757,0.004843233618885279
1781,1745705125.5380874,0.004634912125766277
1782,1745705133.8874621,0.0012138704769313335
1783,1745705145.647218,0.004444917663931847
1784,1745705159.521273,0.0050447420217096806
1785,1745705168.5051994,0.0030908482149243355
1786,1745705181.9813151,0.011462124064564705
1787,1745705193.252693,0.005707382224500179
1788,1745705200.4627924,0.002323250751942396
1789,1745705214.390969,0.0016318889101967216
1790,1745705225.4381413,0.0029672589153051376
1791,1745705235.927951,0.0025368884671479464
1792,1745705246.544745,0.0023179620038717985
1793,1745705260.2447982,0.003958878107368946
1794,1745705274.2367358,0.009231162257492542
1795,1745705284.949602,0.002508506877347827
1796,1745705293.3099601,0.0021144680213183165
1797,1745705310.5996664,0.007084016688168049
1798,1745705322.3753788,0.006763865239918232
1799,1745705333.2711027,0.004599600564688444
1800,1745705348.542206,0.0035297658760100603
1801,1745705359.2745755,0.011505866423249245
1802,1745705371.1078722,0.0034759987611323595
1803,1745705375.8550448,0.002731879008933902
1804,1745705389.7093275,0.0029459057841449976
1805,1745705399.6422203,0.001540392404422164
1806,1745705402.268022,0.0016036102315410972
1807,1745705468.6883073,0.0017544121947139502
1808,1745705476.0484486,0.007796037942171097
1809,1745705484.133936,0.012487957254052162
1810,1745705492.9868248,0.014923006296157837
1811,1745705503.5878766,0.004442611243575811
1812,1745705518.5230398,0.00651134317740798
1813,1745705527.7996588,0.0031593528110533953
1814,1745705541.5786653,0.0020889677107334137
1815,1745705552.6818473,0.0013712106738239527
1816,1745705567.0506654,0.0037448343355208635
1817,1745705580.56058,0.0030186364892870188
1818,1745705589.3910692,0.004165803547948599
1819,1745705599.2895718,0.0035523404367268085
1820,1745705612.6344984,0.001793188857845962
1821,1745705626.8925176,0.004977828823029995
1822,1745705633.9110584,0.011036925949156284
1823,1745705644.1145277,0.005185096058994532
1824,1745705655.6360428,0.0006581975030712783
1825,1745705669.6996834,0.0009762346162460744
1826,1745705680.8730924,0.0020809550769627094
1827,1745705694.868502,0.0023188672494143248
1828,1745705705.893006,0.0003451920347288251
1829,1745705718.649121,0.006199437193572521
1830,1745705729.9504373,0.0051966467872262
1831,1745705741.3267052,0.006508491933345795
1832,1745705753.8598008,0.0032370120752602816
1833,1745705767.2718003,0.007262330036610365
1834,1745705782.0256612,0.006250843871384859
1835,1745705792.5591142,0.003123356495052576
1836,1745705806.5346642,0.0016985521651804447
1837,1745705818.9543307,0.010157725773751736
1838,1745705835.1187372,0.01283247210085392
1839,1745705851.9238074,0.010096807964146137
1840,1745705863.8283277,0.0009406231692992151
1841,1745705873.9991972,0.0027176334988325834
1842,1745705887.6128135,0.01457556989043951
1843,1745705899.2501795,0.004828512202948332
1844,1745705908.3280492,0.00940791703760624
1845,1745705919.1755166,0.0020950050093233585
1846,1745705929.8640246,0.012419757433235645
1847,1745705938.9119668,0.002406471874564886
1848,1745705952.5601943,0.005347473081201315
1849,1745705961.4193664,0.0022440915927290916
1850,1745705969.8145661,0.0005325214006006718
1851,1745705981.748012,0.004725259263068438
1852,1745705991.280689,0.0036150109954178333
1853,1745706001.1270416,0.0037818097043782473
1854,1745706014.500767,0.006852491293102503
1855,1745706029.312901,0.003375642467290163
1856,1745706047.5428283,0.001396677573211491
1857,1745706061.7746923,0.003464027075096965
1858,1745706072.1187801,0.0025398272555321455
1859,1745706085.780487,0.004200386814773083
1860,1745706095.7667348,0.003466296475380659
1861,1745706105.136726,0.004098411649465561
1862,1745706120.389289,0.002558392006903887
1863,1745706130.3434575,0.007401378825306892
1864,1745706141.7082562,0.014652232639491558
1865,1745706153.8905065,0.001598319155164063
1866,1745706163.5706801,0.017423061653971672
1867,1745706176.4316227,0.0037019187584519386
1868,1745706190.9948015,0.007215413264930248
1869,1745706202.120405,0.0014856925699859858
1870,1745706207.064029,0.0065260957926511765
1871,1745706220.179242,0.005784571636468172
1872,1745706237.6602552,0.0051982589066028595
1873,1745706248.5179412,0.0017426416743546724
1874,1745706266.3856149,0.013054504990577698
1875,1745706275.7733712,0.004128198605030775
1876,1745706287.9528663,0.011330830864608288
1877,1745706302.1166422,0.0021769795566797256
1878,1745706319.3156672,0.0018841053824871778
1879,1745706332.4675348,0.010281158611178398
1880,1745706340.8679123,0.008446813561022282
1881,1745706356.2879577,0.003338014241307974
1882,1745706368.193047,0.006670823786407709
1883,1745706377.9202733,0.009478542022407055
1884,1745706390.571188,0.0047452980652451515
1885,1745706401.3700576,0.002020110609009862
1886,1745706411.1234806,0.0017634263494983315
1887,1745706423.830678,0.0014522232813760638
1888,1745706435.6894727,0.0028567772824317217
1889,1745706443.5996273,0.0025446463841944933
1890,1745706454.5362644,0.0037376105319708586
1891,1745706462.4007177,0.008567098528146744
1892,1745706464.444503,0.004070811904966831
1893,1745706541.1834972,0.00143893260974437
1894,1745706554.5729647,0.003955773077905178
1895,1745706565.6909263,0.0017273579724133015
1896,1745706574.928579,0.006521688308566809
1897,1745706585.283277,0.0010823513148352504
1898,1745706596.5573225,0.00900197308510542
1899,1745706611.020422,0.003525629872456193
1900,1745706626.4374347,0.001649662503041327
1901,1745706639.5334263,0.005583371035754681
1902,1745706648.8038952,0.0011313476134091616
1903,1745706659.7739317,0.001553682261146605
1904,1745706673.0039902,0.0017839447828009725
1905,1745706686.4775906,0.010335033759474754
1906,1745706690.6264915,0.0005115202511660755
1907,1745706698.3662746,0.0013399866875261068
1908,1745706709.1599247,0.004365704488009214
1909,1745706717.7113008,0.002019136678427458
1910,1745706729.9786143,0.00414481433108449
1911,1745706740.8024225,0.0020792102441191673
1912,1745706749.8855817,0.0012671416625380516
1913,1745706764.268739,0.0028350483626127243
1914,1745706773.4194398,0.00288086268119514
1915,1745706783.8465083,0.0024637498427182436
1916,1745706793.6520822,0.0010448595276102424
1917,1745706807.2300754,0.0039100609719753265
1918,1745706818.1030777,0.001824576174840331
1919,1745706825.6776364,0.0015810260083526373
1920,1745706835.4979773,0.0012218839256092906
1921,1745706849.2460241,0.0026067139115184546
1922,1745706859.489427,0.0034658685326576233
1923,1745706871.774684,0.0025543677620589733
1924,1745706885.8361712,0.0033032505307346582
1925,1745706899.1659625,0.0011969171464443207
1926,1745706913.9887385,0.0022480948828160763
1927,1745706922.252472,0.0035816929303109646
1928,1745706935.3765197,0.005995316430926323
1929,1745706951.1515362,0.001776803401298821
1930,1745706962.3908842,0.002613793360069394
1931,1745706973.3550763,0.010133694857358932
1932,1745706986.2531319,0.0015224054222926497
1933,1745706998.4057884,0.000898617145139724
1934,1745707007.423685,0.0025781833101063967
1935,1745707015.7701638,0.0022467863745987415
1936,1745707031.9049003,0.008349564857780933
1937,1745707041.796869,0.0005744038498960435
1938,1745707054.7507885,0.0020807869732379913
1939,1745707065.3995194,0.002445671707391739
1940,1745707072.989504,0.004521159455180168
1941,1745707087.4752934,0.0014717364683747292
1942,1745707098.167803,0.0012920125154778361
1943,1745707106.944536,0.000726397440303117
1944,1745707116.6786916,0.0011456707725301385
1945,1745707130.359275,0.0016048458637669683
1946,1745707141.9231303,0.0024849192705005407
1947,1745707152.4119656,0.0018800480756908655
1948,1745707160.8071072,0.0024403741117566824
1949,1745707174.304484,0.01344569306820631
1950,1745707189.1981254,0.001654014689847827
1951,1745707200.0688767,0.004214006010442972
1952,1745707211.714908,0.0040812366642057896
1953,1745707220.8057365,0.004380271770060062
1954,1745707235.1728609,0.0008306982344947755
1955,1745707243.658341,0.0016329808859154582
1956,1745707257.3896666,0.0014751782873645425
1957,1745707267.428093,0.0030984245240688324
1958,1745707279.154684,0.002528903540223837
1959,1745707296.1026847,0.00796470046043396
1960,1745707303.0544853,0.002848998410627246
1961,1745707313.5136254,0.0026532066985964775
1962,1745707327.6516914,0.009932753629982471
1963,1745707342.6736166,0.007974744774401188
1964,1745707352.873072,0.001165087684057653
1965,1745707365.635951,0.0017673339461907744
1966,1745707373.812696,0.0014112278586253524
1967,1745707387.5005174,0.009030015207827091
1968,1745707401.421287,0.013920766301453114
1969,1745707416.9906888,0.0026719053275883198
1970,1745707428.5287445,0.0015513343969359994
1971,1745707433.1357234,0.0012489608488976955
1972,1745707445.0899508,0.0022624097764492035
1973,1745707456.9880517,0.0017808297416195273
1974,1745707469.103139,0.0002221587928943336
1975,1745707479.0461187,0.0017133628716692328
1976,1745707488.7547016,0.003275663359090686
1977,1745707500.9561455,0.0026751940604299307
1978,1745707505.5199473,0.0018856344977393746
1979,1745707580.1576362,0.0018446940230205655
1980,1745707589.2680423,0.0004081751685589552
1981,1745707597.243911,0.0017154775559902191
1982,1745707607.6117053,0.001009340863674879
1983,1745707614.8264582,0.0011649250518530607
1984,1745707626.4434469,0.0009562407503835857
1985,1745707639.5371678,0.00246676173992455
1986,1745707648.5861907,0.006194071378558874
1987,1745707660.3827066,0.0006585933151654899
1988,1745707669.7036052,0.007184805814176798
1989,1745707680.2008932,0.0030199268367141485
1990,1745707691.3965712,0.000902655883692205
1991,1745707700.8876815,0.0019298892002552748
1992,1745707712.6541073,0.004275064449757338
1993,1745707719.2444954,0.003513517789542675
1994,1745707732.0645456,0.0030987870413810015
1995,1745707742.7536044,0.0008684727363288403
1996,1745707755.7902427,0.004040027968585491
1997,1745707763.2303858,0.0009180473862215877
1998,1745707777.7258313,0.004785114899277687
1999,1745707796.1316483,0.015203251503407955
2000,1745707810.160413,0.0006537477602250874
2001,1745707822.859352,0.0013146892888471484
2002,1745707828.8942664,0.008320346474647522
2003,1745707841.3387399,0.0039659407921135426
2004,1745707855.2237196,0.016572890803217888
2005,1745707862.5554597,0.001997276209294796
2006,1745707873.0918238,0.0027170642279088497
2007,1745707886.7308652,0.020511534065008163
2008,1745707898.7677448,0.0107795475050807
2009,1745707910.4457753,0.0009369190665893257
2010,1745707925.376099,0.00485237967222929
2011,1745707940.9747095,0.018652061000466347
2012,1745707949.728581,0.01178964227437973
2013,1745707960.5852766,0.012490137480199337
2014,1745707973.7978024,0.0036954304669052362
2015,1745707987.5655737,0.0009982456685975194
2016,1745707997.0401986,0.004615625366568565
2017,1745708009.9762156,0.014160210266709328
2018,1745708020.7936924,0.008271821774542332
2019,1745708033.572906,0.003917250316590071
2020,1745708046.8367627,0.002378874458372593
2021,1745708059.670269,0.008234387263655663
2022,1745708071.1182218,0.018275456503033638
2023,1745708082.832094,0.015303344465792179
2024,1745708096.4751163,0.011956880800426006
2025,1745708108.9556713,0.0015459106070920825
2026,1745708122.9906693,0.00726024154573679
2027,1745708135.1896002,0.006695274263620377
2028,1745708143.426797,0.007122903596609831
2029,1745708156.2451484,0.0023627723567187786
2030,1745708166.5675423,0.004187462851405144
2031,1745708178.0498796,0.0013329810462892056
2032,1745708188.566697,0.012399529106914997
2033,1745708199.762293,0.004731442779302597
2034,1745708213.693787,0.002093477174639702
2035,1745708225.8462262,0.003065920900553465
2036,1745708242.7281344,0.0024982832837849855
2037,1745708253.7768826,0.006265061907470226
2038,1745708264.9179835,0.002889788243919611
2039,1745708276.2893057,0.0011530719930306077
2040,1745708286.5136676,0.0012624142691493034
2041,1745708297.9601297,0.0005114918458275497
2042,1745708306.426227,0.004562529269605875
2043,1745708319.2592752,0.01275150291621685
2044,1745708335.2204273,0.006762423552572727
2045,1745708346.6792421,0.005888954736292362
2046,1745708357.3383255,0.0009454046958126128
2047,1745708369.9147925,0.004156452137976885
2048,1745708382.3671837,0.0028831949457526207
2049,1745708398.438254,0.004981017671525478
2050,1745708410.1388652,0.00998609233647585
2051,1745708418.9920886,0.0023820134811103344
2052,1745708432.6271799,0.0030973537359386683
2053,1745708441.7188554,0.002719341078773141
2054,1745708453.745191,0.004516134038567543
2055,1745708461.2761676,0.0004419612232595682
2056,1745708473.2030082,0.002222368959337473
2057,1745708484.5966616,0.0005165914190001786
2058,1745708491.537749,0.0037319553084671497
2059,1745708501.0455327,0.0022773188538849354
2060,1745708508.915307,0.0010480579221621156
2061,1745708519.8625894,0.00934744905680418
2062,1745708530.0555687,0.00297448318451643
2063,1745708543.958646,0.0025650642346590757
2064,1745708546.4858732,0.0023117789532989264
2065,1745708619.2874367,0.00257921707816422
2066,1745708629.5229764,0.001603202079422772
2067,1745708639.1942346,0.005242765415459871
2068,1745708652.6466134,0.0024592247791588306
2069,1745708666.8552134,0.0036612562835216522
2070,1745708675.0587487,0.008478691801428795
2071,1745708685.5353532,0.004559770692139864
2072,1745708695.2106187,0.01055146474391222
2073,1745708704.1390293,0.0014637430431321263
2074,1745708717.5495107,0.00104810600169003
2075,1745708732.0940871,0.00234926282428205
2076,1745708748.5017047,0.004314316902309656
2077,1745708763.5685906,0.006164092570543289
2078,1745708773.5074117,0.010987328365445137
2079,1745708786.9971776,0.008953317999839783
2080,1745708794.1707044,0.003631248837336898
2081,1745708806.7494872,0.008210704661905766
2082,1745708824.6791463,0.005755677353590727
2083,1745708833.566577,0.0043726773001253605
2084,1745708843.6320748,0.0005283968057483435
2085,1745708857.5452125,0.0018935301341116428
2086,1745708866.1705296,0.0032772861886769533
2087,1745708875.684823,0.003030360210686922
2088,1745708886.062683,0.001493965508416295
2089,1745708900.9026856,0.010424877516925335
2090,1745708907.6667075,0.0025773632805794477
2091,1745708917.8377361,0.0019806164782494307
2092,1745708930.4616191,0.002645605243742466
2093,1745708941.6967518,0.0002274214057251811
2094,1745708954.4678042,0.003586031962186098
2095,1745708967.7129362,0.0008886046125553548
2096,1745708978.9395294,0.007640923373401165
2097,1745708989.9885757,0.0006052576936781406
2098,1745709002.120764,0.0020021446980535984
2099,1745709015.1758273,0.0012620132183656096
2100,1745709027.3239138,0.00899695698171854
2101,1745709037.0221143,0.0027831916231662035
2102,1745709049.3824294,0.008536823093891144
2103,1745709058.8475628,0.0035983314737677574
2104,1745709071.4992166,0.002595162484794855
2105,1745709083.158872,0.0014602516312152147
2106,1745709095.2613335,0.008682852610945702
2107,1745709109.3173676,0.002168425591662526
2108,1745709122.051855,0.0017289899988099933
2109,1745709132.3375487,0.007322802674025297
2110,1745709145.1679986,0.00045157287968322635
2111,1745709154.2716637,0.0009818058460950851
2112,1745709166.3678577,0.013697615824639797
2113,1745709180.4189603,0.0099356509745121
2114,1745709190.6159499,0.001076628570444882
2115,1745709201.7115571,0.0029925822746008635
2116,1745709216.336889,0.002842971356585622
2117,1745709230.309157,0.004956143442541361
2118,1745709245.7060964,0.015287200920283794
2119,1745709255.056163,0.0010499557247385383
2120,1745709265.0281568,0.006232639774680138
2121,1745709279.8180735,0.00879450049251318
2122,1745709292.2003086,0.00549131678417325
2123,1745709297.4764717,0.0031309097539633512
2124,1745709307.9653237,0.0039743524976074696
2125,1745709318.8346791,0.022014087066054344
2126,1745709328.5357237,0.0010758672142401338
2127,1745709338.6895993,0.009048347361385822
2128,1745709353.3879316,0.0017368117114529014
2129,1745709364.9334402,0.00998739618808031
2130,1745709376.6186895,0.0017868307186290622
2131,1745709391.1869338,0.002305385423824191
2132,1745709400.5806231,0.00131613842677325
2133,1745709408.382001,0.00607140501961112
2134,1745709418.5998743,0.005217627622187138
2135,1745709433.2434967,0.0016962789231911302
2136,1745709446.4373362,0.004414758644998074
2137,1745709460.5419505,0.0006998685421422124
2138,1745709470.4802754,0.016587568446993828
2139,1745709482.197435,0.0010702726431190968
2140,1745709496.417994,0.005495365709066391
2141,1745709506.7761555,0.003155623795464635
2142,1745709518.5387352,0.002364321378991008
2143,1745709528.1125324,0.012217544950544834
2144,1745709538.9539208,0.0010640606051310897
2145,1745709550.3417208,0.004055236000567675
2146,1745709559.0207644,0.007897678762674332
2147,1745709571.149513,0.003665155963972211
2148,1745709579.9989798,0.004889973904937506
2149,1745709592.4416766,0.017351657152175903
2150,1745709596.6666663,0.001738385995849967
2151,1745709663.921179,0.0036999124567955732
2152,1745709671.240541,0.0012812004424631596
2153,1745709681.5250003,0.000800810637883842
2154,1745709696.6451695,0.004372939933091402
2155,1745709710.3285813,0.0030721405055373907
2156,1745709720.1587794,0.0018651996506378055
2157,1745709730.3413095,0.006187623366713524
2158,1745709742.1084907,0.0013930543791502714
2159,1745709755.46701,0.005298965144902468
2160,1745709768.4781492,0.003346590558066964
2161,1745709782.8026664,0.0007347016944549978
2162,1745709795.2297065,0.0009690261213108897
2163,1745709807.1084027,0.003306476166471839
2164,1745709818.7838957,0.008322171866893768
2165,1745709826.5055714,0.0060457829385995865
2166,1745709838.8110456,0.0006000800058245659
2167,1745709849.3913524,0.0014766942476853728
2168,1745709859.2281785,0.009711840189993382
2169,1745709874.9831429,0.003253696020692587
2170,1745709890.968836,0.005732999183237553
2171,1745709905.3732896,0.0018856391543522477
2172,1745709918.4898849,0.007040280848741531
2173,1745709932.5246155,0.0006443153251893818
2174,1745709942.0450084,0.003047346603125334
2175,1745709952.688,0.0031634510960429907
2176,1745709965.7704403,0.0018516195705160499
2177,1745709977.2605686,0.0015789723256602883
2178,1745709986.1127625,0.0014381560031324625
2179,1745709994.407797,0.0012509013758972287
2180,1745710006.1376953,0.004065236076712608
2181,1745710013.5259,0.001603699871338904
2182,1745710026.8541012,0.004819766152650118
2183,1745710039.4133067,0.0030757293570786715
2184,1745710049.508672,0.0017519082175567746
2185,1745710059.8599024,0.006577708758413792
2186,1745710071.0111673,0.03714099898934364
2187,1745710083.2703276,0.00035653027589432895
2188,1745710095.4077733,0.005749928764998913
2189,1745710111.5961375,0.0008190957014448941
2190,1745710120.5466807,0.0007785613997839391
2191,1745710131.4096608,0.0016387824434787035
2192,1745710145.735585,0.0012372753117233515
2193,1745710158.3259885,0.002950140042230487
2194,1745710166.75322,0.0011140292044728994
2195,1745710176.0347588,0.0005794129683636129
2196,1745710187.1864126,0.0013803791953250766
2197,1745710201.0452106,0.01075566653162241
2198,1745710210.1773763,0.0006127371452748775
2199,1745710220.220763,0.006070525851100683
2200,1745710234.9773464,0.0013627842999994755
2201,1745710244.930439,0.0002711258421186358
2202,1745710257.9576306,0.0019903890788555145
2203,1745710270.0023737,0.0009066712227649987
2204,1745710279.440425,0.0003169202245771885
2205,1745710291.8582096,0.0017963212449103594
2206,1745710303.1363323,0.01710958033800125
2207,1745710313.867542,0.0005838053184561431
2208,1745710324.2912912,0.0013987224083393812
2209,1745710333.1310604,4.019664629595354e-05
2210,1745710341.771967,0.001785940257832408
2211,1745710354.4556925,0.0025202492251992226
2212,1745710367.9759266,0.005724577698856592
2213,1745710379.2732065,0.005341705400496721
2214,1745710390.6744182,0.004681224003434181
2215,1745710400.5543578,0.0016270005144178867
2216,1745710414.6762218,0.0012847204925492406
2217,1745710429.2299278,0.012617427855730057
2218,1745710440.9479625,0.0008594159153290093
2219,1745710449.3986228,0.001360237831249833
2220,1745710459.7006927,0.014891327358782291
2221,1745710469.6181178,0.00017824993119575083
2222,1745710484.25566,0.01304809469729662
2223,1745710496.333268,0.003746096743270755
2224,1745710504.7417746,0.006669692229479551
2225,1745710516.5323286,0.0015371082117781043
2226,1745710528.8131332,0.0032429294660687447
2227,1745710540.100906,0.0008952619973570108
2228,1745710554.775386,0.005094621796160936
2229,1745710562.2706876,0.002259851200506091
2230,1745710573.1212907,0.0006623603985644877
2231,1745710585.3608425,0.013151457533240318
2232,1745710596.3026779,0.0017383715603500605
2233,1745710605.021209,0.00028375425608828664
2234,1745710617.5780303,0.0016287791077047586
2235,1745710626.5026903,0.0058647943660616875
2236,1745710631.712779,0.0019984301179647446
2237,1745710690.68268,0.0030158443842083216
2238,1745710701.244227,0.0016299206763505936
2239,1745710710.268668,0.0023840044159442186
2240,1745710716.854815,0.01850447803735733
2241,1745710728.9346266,0.0005074212676845491
2242,1745710739.395779,0.001606584875844419
2243,1745710751.4296527,0.005665800999850035
2244,1745710763.5647843,0.01580660603940487
2245,1745710776.7299192,0.01044569630175829
2246,1745710791.0939486,0.00035530421882867813
2247,1745710797.5901952,0.0014964427100494504
2248,1745710809.38642,0.020433345809578896
2249,1745710821.4205232,0.0008156658732332289
2250,1745710831.3860831,0.0012551427353173494
2251,1745710843.6950855,0.0016627046279609203
2252,1745710856.0402513,0.0006617212784476578
2253,1745710863.0398564,0.005261392332613468
2254,1745710874.1666954,0.006567605771124363
2255,1745710887.2161193,0.006745507940649986
2256,1745710896.968541,0.0008165750768966973
2257,1745710905.7214453,0.002249085810035467
2258,1745710918.2216728,0.009317036718130112
2259,1745710932.2713342,0.0036621938925236464
2260,1745710944.4562979,0.0027715456672012806
2261,1745710955.2290628,0.002559621585533023
2262,1745710965.592746,0.0023111309856176376
2263,1745710978.2672281,0.005979941692203283
2264,1745710990.339407,0.0034530754201114178
2265,1745711000.4588897,0.00358708668500185
2266,1745711012.4945161,0.0022591780871152878
2267,1745711021.2215471,0.0004899754421785474
2268,1745711032.468375,0.0122912572696805
2269,1745711044.614176,0.005490536335855722
2270,1745711059.1897054,0.0028408472426235676
2271,1745711073.5297241,0.0018581671174615622
2272,1745711083.0754108,0.00036496808752417564
2273,1745711094.457827,0.0029209761414676905
2274,1745711106.23034,0.009704014286398888
2275,1745711114.1539774,0.0016152838943526149
2276,1745711126.9213388,0.009908976964652538
2277,1745711138.1040418,0.0016985831316560507
2278,1745711149.6503384,0.004544904455542564
2279,1745711159.4306777,0.0013780222507193685
2280,1745711167.3011992,0.008855770342051983
2281,1745711180.839255,0.0007831730763427913
2282,1745711191.9998918,0.002028913702815771
2283,1745711200.0453274,0.015201598405838013
2284,1745711209.6535058,0.004936637822538614
2285,1745711221.7719293,0.008197125047445297
2286,1745711235.1677818,0.019039440900087357
2287,1745711246.1653268,0.01578756794333458
2288,1745711257.9016693,0.002196637215092778
2289,1745711273.8005772,0.0012513548135757446
2290,1745711287.2789645,0.004636005964130163
2291,1745711301.9682493,0.0007829685928300023
2292,1745711314.6460316,0.002822542330250144
2293,1745711321.2252913,0.0018105844501405954
2294,1745711335.039551,0.004822076298296452
2295,1745711345.354582,0.0006353308563120663
2296,1745711360.7648585,0.002768436213955283
2297,1745711371.7142007,0.03191833198070526
2298,1745711385.1152494,0.001987284515053034
2299,1745711397.3982575,0.010305177420377731
2300,1745711405.5200405,0.0019594216719269753
2301,1745711416.7099526,0.020555952563881874
2302,1745711427.8360326,0.0030143638141453266
2303,1745711443.1030774,0.003088140394538641
2304,1745711455.7753913,0.009406274184584618
2305,1745711461.6037083,0.001635821769014001
2306,1745711474.140371,0.0009083864279091358
2307,1745711486.0985405,0.001525065046735108
2308,1745711496.825602,0.008417417295277119
2309,1745711508.7281706,0.0013060880592092872
2310,1745711522.3855658,0.0007911007851362228
2311,1745711532.920418,0.0005859917146153748
2312,1745711543.8989787,0.006855762097984552
2313,1745711556.9934027,0.009423897601664066
2314,1745711566.4654057,0.0022698049433529377
2315,1745711581.0785167,0.006217180751264095
2316,1745711591.1144676,5.7770797866396606e-05
2317,1745711606.0455542,0.004170176573097706
2318,1745711611.363547,0.0013497560285031796
2319,1745711621.3418276,0.0034069297835230827
2320,1745711633.3960686,0.004917098209261894
2321,1745711644.42719,0.004862925037741661
2322,1745711649.860822,0.0013274275697767735
2323,1745711707.540031,0.0006316081271506846
2324,1745711716.5256777,0.0041842395439744
2325,1745711725.3499107,0.0006933179683983326
2326,1745711734.997029,0.009526239708065987
2327,1745711745.8664868,0.0013739763526245952
2328,1745711759.3912182,0.004780489951372147
2329,1745711765.2286677,0.0005333469598554075
2330,1745711772.8427727,0.002590193646028638
2331,1745711782.85973,0.0008866774733178318
2332,1745711798.5176897,0.012748165056109428
2333,1745711811.0656545,0.001690537086687982
2334,1745711823.0206964,0.0005911084590479732
2335,1745711832.8626812,0.0028434835840016603
2336,1745711843.9413621,0.009119282476603985
2337,1745711855.0888758,0.01752021349966526
2338,1745711865.816731,0.000627335743047297
2339,1745711877.8456652,0.009411510080099106
2340,1745711889.6203098,0.003925322089344263
2341,1745711899.911482,0.004575114697217941
2342,1745711913.9808357,0.005659740883857012
2343,1745711927.6900382,0.0023309392854571342
2344,1745711939.6622357,0.00036159009323455393
2345,1745711951.1841962,0.0052640377543866634
2346,1745711968.068366,0.006325710564851761
2347,1745711984.1798599,0.010387069545686245
2348,1745711996.3279104,0.006718202494084835
2349,1745712004.8650837,0.0011546430177986622
2350,1745712016.2967207,0.000669716508127749
2351,1745712025.8052695,0.0007733099046163261
2352,1745712038.2593412,0.0012143268249928951
2353,1745712051.6570761,0.015674229711294174
2354,1745712063.8420246,0.0017330439295619726
2355,1745712077.5337982,0.001440446707420051
2356,1745712090.8355398,0.00047729164361953735
2357,1745712103.127371,0.0018550424138084054
2358,1745712112.9786663,0.004238992463797331
2359,1745712121.2976778,0.011969261802732944
2360,1745712131.9475346,0.0006354592042043805
2361,1745712146.7689064,0.00046423269668594003
2362,1745712159.9973004,0.01621556095778942
2363,1745712170.4977727,0.0021764328703284264
2364,1745712179.5636275,0.024036569520831108
2365,1745712192.313087,0.0029018933419138193
2366,1745712204.1643066,0.006870365235954523
2367,1745712219.812598,0.0033762920647859573
2368,1745712229.5837095,0.0015387735329568386
2369,1745712238.300967,0.007165341172367334
2370,1745712254.9263365,0.00746554508805275
2371,1745712268.971283,0.005097738932818174
2372,1745712279.6574507,0.00013937559560872614
2373,1745712292.7094443,0.00046409256174229085
2374,1745712305.303925,0.0022983821108937263
2375,1745712319.9663434,0.0009839509148150682
2376,1745712328.6167724,0.0037117230240255594
2377,1745712341.25551,0.0013108763378113508
2378,1745712354.523519,0.002242877846583724
2379,1745712366.3518298,0.0016060416819527745
2380,1745712374.7372432,0.0017026119166985154
2381,1745712386.841035,0.006192164029926062
2382,1745712395.2329922,0.005228543188422918
2383,1745712408.0761414,0.0017456731293350458
2384,1745712421.0534196,0.0011472926707938313
2385,1745712433.0591223,0.008300719782710075
2386,1745712446.9480293,0.003933919593691826
2387,1745712460.0687037,0.012071670033037663
2388,1745712469.5418901,0.0009679561480879784
2389,1745712482.4326694,0.0025354709941893816
2390,1745712492.2346706,0.010515931993722916
2391,1745712501.8258078,0.0025431960821151733
2392,1745712511.5234373,0.0006532644620165229
2393,1745712523.3205087,0.0005188158829696476
2394,1745712534.825456,0.002844942035153508
2395,1745712543.3368194,0.0010620482498779893
2396,1745712553.7478976,0.00022162331151776016
2397,1745712569.198125,0.00762823736295104
2398,1745712582.5866861,0.006226213648915291
2399,1745712591.5706782,0.001118355430662632
2400,1745712606.330918,0.0018340778769925237
2401,1745712618.1702595,0.0011108603794127703
2402,1745712628.3432064,0.04349755868315697
2403,1745712639.5300395,0.0007652237545698881
2404,1745712649.6398802,0.001337722409516573
2405,1745712660.3426878,0.019650490954518318
2406,1745712669.739556,0.011171741411089897
2407,1745712684.8925204,0.007474318612366915
2408,1745712686.46645,0.0007919230265542865
2409,1745712753.3771617,0.004648404661566019
2410,1745712760.4426992,0.010949341580271721
2411,1745712769.8631408,0.009729436598718166
2412,1745712781.1486404,0.007757836487144232
2413,1745712792.4386842,0.001880489056929946
2414,1745712801.807128,0.0023483869154006243
2415,1745712808.7076418,0.006283702328801155
2416,1745712822.8174586,0.002404919359833002
2417,1745712833.0351634,0.006346656940877438
2418,1745712848.1066823,0.00220504286698997
2419,1745712860.7876453,0.012564659118652344
2420,1745712874.8749921,0.0035393519792705774
2421,1745712885.8042896,0.0016095107421278954
2422,1745712905.0651813,0.009375323541462421
2423,1745712918.050934,0.00983195099979639
2424,1745712924.9402926,0.006418074481189251
2425,1745712936.9318218,0.017686888575553894
2426,1745712951.4998848,0.006504929158836603
2427,1745712958.2632446,0.0074786534532904625
2428,1745712970.0597715,0.007017218042165041
2429,1745712982.1525104,0.008273454383015633
2430,1745712994.5795078,0.0024152107071131468
2431,1745713003.885722,0.0017215932020917535
2432,1745713019.8301063,0.009440348483622074
2433,1745713032.988199,0.015948031097650528
2434,1745713042.022676,0.0009379450348205864
2435,1745713050.787141,0.0015436928952112794
2436,1745713061.6336355,0.0025167237035930157
2437,1745713066.450725,0.016698507592082024
2438,1745713081.976672,0.0018455982208251953
2439,1745713091.7578814,0.0014454099582508206
2440,1745713103.7570412,0.00032128297607414424
2441,1745713116.4292786,0.0014409918803721666
2442,1745713125.9826849,0.0015072050737217069
2443,1745713134.1139736,0.000771952560171485
2444,1745713149.5742013,0.0016449661925435066
2445,1745713161.6207247,0.0010714405216276646
2446,1745713169.8533247,0.006545867770910263
2447,1745713179.3778296,0.0021299943327903748
2448,1745713189.3596125,0.0019175335764884949
2449,1745713201.1530643,0.019773494452238083
2450,1745713211.5069263,0.001224531210027635
2451,1745713224.9658833,0.002224373398348689
2452,1745713237.0361714,0.0012421451974660158
2453,1745713247.8885329,0.0008617305429652333
2454,1745713260.13018,0.0009047385537996888
2455,1745713272.7344894,0.002032212447375059
2456,1745713285.7456608,0.0036247805692255497
2457,1745713296.0691013,0.004571608267724514
2458,1745713308.0705748,0.001720884465612471
2459,1745713318.868775,0.0006542144692502916
2460,1745713333.4104462,0.006690625101327896
2461,1745713346.8262022,0.00567814614623785
2462,1745713358.917137,0.03389234095811844
2463,1745713367.743691,0.001559800119139254
2464,1745713379.4503798,0.002279522828757763
2465,1745713391.7164462,0.0005247642984613776
2466,1745713400.6446033,3.879442374454811e-05
2467,1745713415.9740791,0.0013570761075243354
2468,1745713426.9187467,0.021269094198942184
2469,1745713435.3875663,0.003107316792011261
2470,1745713449.990964,0.002261918969452381
2471,1745713459.7906945,0.004643425811082125
2472,1745713469.2337394,0.0049331942573189735
2473,1745713482.6541717,0.002895592711865902
2474,1745713496.1068902,0.009228282608091831
2475,1745713505.157865,0.013840790838003159
2476,1745713518.5091026,0.0010540272342041135
2477,1745713532.4289572,0.007409074809402227
2478,1745713542.25724,0.007789548486471176
2479,1745713549.5304198,0.01678173616528511
2480,1745713561.9677958,0.0006214045570231974
2481,1745713570.1615472,0.004622044041752815
2482,1745713581.2717144,0.006288933102041483
2483,1745713594.5650105,0.004050303250551224
2484,1745713608.991998,0.012726732529699802
2485,1745713616.524424,0.016104787588119507
2486,1745713627.2924883,0.0026132119819521904
2487,1745713637.516519,0.021725602447986603
2488,1745713651.0015602,0.007654102519154549
2489,1745713665.387013,0.0019495721207931638
2490,1745713676.8659358,0.0014646616764366627
2491,1745713686.368724,0.01089970301836729
2492,1745713695.6348522,0.00967757124453783
2493,1745713707.9952948,0.012917142361402512
2494,1745713712.831684,0.06553096324205399
2495,1745713772.8393414,0.0044714780524373055
2496,1745713787.4311502,0.1150142028927803
2497,1745713796.257603,0.003100442700088024
2498,1745713804.8898325,0.02814573235809803
2499,1745713813.1520584,0.08252429217100143
2500,1745713822.7051234,0.047610972076654434
2501,1745713832.2803211,0.0578475259244442
2502,1745713838.3476753,0.03285297006368637
2503,1745713849.8892365,0.04725078120827675
2504,1745713860.1395628,0.046323828399181366
2505,1745713870.2817695,0.003950514830648899
2506,1745713882.5803702,0.041418083012104034
2507,1745713892.3471463,0.03075525537133217
2508,1745713906.1150448,0.05075054615736008
2509,1745713920.9544501,0.009901328012347221
2510,1745713934.1644738,0.00729399174451828
2511,1745713940.0458813,0.018989184871315956
2512,1745713953.5466352,0.03012053668498993
2513,1745713968.307683,0.016558604314923286
2514,1745713983.3942106,0.008203500881791115
2515,1745713992.8702989,0.0840301513671875
2516,1745713999.4439757,0.009751805104315281
2517,1745714012.2906616,0.014033396728336811
2518,1745714026.6408966,0.004778554663062096
2519,1745714041.5908952,0.016051141545176506
2520,1745714052.3303847,0.01600641943514347
2521,1745714067.090393,0.004697402473539114
2522,1745714081.2561507,0.041067566722631454
2523,1745714097.4986966,0.01105078961700201
2524,1745714109.3129199,0.010837099514901638
2525,1745714118.069335,0.01916465349495411
2526,1745714129.530683,0.005300603806972504
2527,1745714143.7775056,0.012813979759812355
2528,1745714153.2106829,0.01609467901289463
2529,1745714166.5567787,0.005581918638199568
2530,1745714176.005667,0.002527823206037283
2531,1745714188.4773152,0.0036006371956318617
2532,1745714200.7122405,0.009672765620052814
2533,1745714213.4685526,0.005332365166395903
2534,1745714222.5475173,0.006512258667498827
2535,1745714232.8354416,0.008848896250128746
2536,1745714244.6083174,0.023622991517186165
2537,1745714257.9291427,0.005493060685694218
2538,1745714269.5582488,0.005635333713144064
2539,1745714278.0437973,0.02017446607351303
2540,1745714288.9010313,0.025149669498205185
2541,1745714301.684468,0.011237869039177895
2542,1745714312.08072,0.0048000747337937355
2543,1745714325.3031063,0.01807074248790741
2544,1745714334.3300242,0.0217797439545393
2545,1745714344.3307164,0.02179437316954136
2546,1745714354.5150988,0.003092645900323987
2547,1745714364.65383,0.02048197016119957
2548,1745714378.6622968,0.021425791084766388
2549,1745714384.0162444,0.027300385758280754
2550,1745714395.5074492,0.017722805961966515
2551,1745714417.714682,0.003436630591750145
2552,1745714428.1863708,0.013441006653010845
2553,1745714444.4920385,0.0052703567780554295
2554,1745714455.5409505,0.10531012713909149
2555,1745714470.6074395,0.0047863200306892395
2556,1745714483.474718,0.13937336206436157
2557,1745714498.2595088,0.10666415840387344
2558,1745714508.0681882,0.05418652296066284
2559,1745714526.6843047,0.07038522511720657
2560,1745714535.5585,0.016978073865175247
2561,1745714554.184867,0.11919641494750977
2562,1745714574.1553574,0.057115498930215836
2563,1745714583.2432485,0.0040588765405118465
2564,1745714597.3839574,0.013299536891281605
2565,1745714610.2087638,0.029757827520370483
2566,1745714625.7149022,0.040943291038274765
2567,1745714635.0891044,0.051570549607276917
2568,1745714653.328293,0.06113208085298538
2569,1745714664.980601,0.03899829089641571
2570,1745714684.5143015,0.04170941188931465
2571,1745714701.0433507,0.03929362818598747
2572,1745714713.795484,0.022069895640015602
2573,1745714732.968766,0.015950562432408333
2574,1745714745.8612432,0.022058090195059776
2575,1745714760.7387474,0.012856916524469852
2576,1745714783.6171687,0.0673055499792099
2577,1745714795.028316,0.011516576632857323
2578,1745714804.5707195,0.03656741604208946
2579,1745714818.6286762,0.011221752502024174
2580,1745714819.9405906,0.0040626926347613335
2581,1745714953.2468843,0.03738728165626526
2582,1745714972.0629694,0.022762153297662735
2583,1745714981.0541656,0.0098081324249506
2584,1745714998.8461502,0.04058964177966118
2585,1745715014.6463864,0.01091331709176302
2586,1745715027.3362699,0.01707802712917328
2587,1745715041.264866,0.0063842893578112125
2588,1745715056.3564153,0.03206292539834976
2589,1745715073.421077,0.022499462589621544
2590,1745715090.369768,0.00718756765127182
2591,1745715107.6510177,0.00705920672044158
2592,1745715121.5434706,0.010402130894362926
2593,1745715136.2933922,0.011759515851736069
2594,1745715157.9538603,0.006000086665153503
2595,1745715164.7981846,0.007732689380645752
2596,1745715178.1084056,0.0062810699455440044
2597,1745715194.2719204,0.011234140954911709
2598,1745715204.31112,0.003250129520893097
2599,1745715219.6940005,0.0032967550214380026
2600,1745715233.6306365,0.0014430074952542782
2601,1745715246.7335944,0.008069147355854511
2602,1745715265.295021,0.0019641125109046698
2603,1745715272.0898001,0.0027168283704668283
2604,1745715286.9556518,0.018871840089559555
2605,1745715301.3802614,0.00632640952244401
2606,1745715315.2313187,0.0034062231425195932
2607,1745715329.6567729,0.0036993573885411024
2608,1745715354.6346595,0.021727029234170914
2609,1745715368.281209,0.0046786232851445675
2610,1745715374.7815604,0.0024800922255963087
2611,1745715384.285841,0.004691747482866049
2612,1745715400.2772894,0.001455312711186707
2613,1745715411.5093684,0.010167897678911686
2614,1745715424.6051285,0.007206835318356752
2615,1745715441.3651335,0.002829950302839279
2616,1745715451.1209257,0.002769751939922571
2617,1745715476.928512,0.018297817558050156
2618,1745715487.0187368,0.010019688867032528
2619,1745715502.8427284,0.006621089298278093
2620,1745715514.4971008,0.001522629987448454
2621,1745715525.0842366,0.001625880366191268
2622,1745715542.8624222,0.013628958724439144
2623,1745715552.3749769,0.011836963705718517
2624,1745715569.7672584,0.0027283821254968643
2625,1745715582.0537786,0.010019407607614994
2626,1745715595.458967,0.004633971955627203
2627,1745715607.9016206,0.0025470652617514133
2628,1745715623.6013927,0.0030193475540727377
2629,1745715634.7373788,0.0025716028176248074
2630,1745715648.308414,0.0004592559125740081
2631,1745715659.1706524,0.005192675162106752
2632,1745715679.147834,0.012881837785243988
2633,1745715688.4731069,0.0258539579808712
2634,1745715710.1832771,0.0033657019957900047
2635,1745715717.1090918,0.005488554481416941
2636,1745715729.3843138,0.007740580476820469
2637,1745715738.4280028,0.014199970290064812
2638,1745715767.7564714,0.012064195238053799
2639,1745715777.7678483,0.008438554592430592
2640,1745715790.276194,0.0027331379242241383
2641,1745715812.1365445,0.00988087709993124
2642,1745715821.8503056,0.001830565044656396
2643,1745715838.360129,0.009490754455327988
2644,1745715858.2285087,0.0038946354761719704
2645,1745715875.5470572,0.0033170206006616354
2646,1745715883.807,0.0019029787508770823
2647,1745715895.9078467,0.0009613423026166856
2648,1745715911.9027143,0.0023345989175140858
2649,1745715921.2493854,0.0006926890346221626
2650,1745715939.2819004,0.0015873212832957506
2651,1745715952.970768,0.003993939608335495
2652,1745715966.2269778,0.004034328740090132
2653,1745715974.8039143,0.010898669250309467
2654,1745715993.2120683,0.005272091366350651
2655,1745716002.920692,0.003772275522351265
2656,1745716020.9423103,0.003150732722133398
2657,1745716033.0703459,0.002112082438543439
2658,1745716048.2638183,0.019017692655324936
2659,1745716061.9844515,0.002041970379650593
2660,1745716074.7879782,0.0007261255523189902
2661,1745716087.1067798,0.00107859808485955
2662,1745716101.924663,0.003933517262339592
2663,1745716120.8881562,0.0055452631786465645
2664,1745716132.0736437,0.00042140361620113254
2665,1745716145.136442,0.000844184251036495
2666,1745716148.7962556,0.002927381545305252
2667,1745716281.929825,0.0007544864783994853
2668,1745716293.9901352,0.00198702747002244
2669,1745716311.2609158,0.0021762896794825792
2670,1745716328.1456952,0.0011337136384099722
2671,1745716343.3727903,0.00050850969273597
2672,1745716356.6218784,0.0011914385249838233
2673,1745716374.9446805,0.0017009915318340063
2674,1745716389.8725123,0.0006458054995164275
2675,1745716411.4646337,0.004388597793877125
2676,1745716429.1917953,0.0017261815955862403
2677,1745716447.899614,0.004605897236615419
2678,1745716464.0609353,0.004821415990591049
2679,1745716485.3343647,0.000281116139376536
2680,1745716495.6613781,0.0008326448150910437
2681,1745716508.828535,0.0019372201059013605
2682,1745716520.2983227,0.0019423023331910372
2683,1745716530.999095,0.0015351008623838425
2684,1745716546.8083057,0.0010730037465691566
2685,1745716570.2419891,0.0005274487193673849
2686,1745716575.4297953,6.777075032005087e-05
2687,1745716585.7265143,0.00294658076018095
2688,1745716603.9550543,0.008525445125997066
2689,1745716614.641833,0.002900813240557909
2690,1745716626.0442789,0.0008351586875505745
2691,1745716642.4096386,0.006519519258290529
2692,1745716653.2805452,0.0024224736262112856
2693,1745716669.9413805,0.0011870956514030695
2694,1745716690.6106832,0.009719434194266796
2695,1745716704.6295073,0.0005339623894542456
2696,1745716717.816998,0.0026078438386321068
2697,1745716733.2954137,0.0029988510068506002
2698,1745716745.8004653,0.004924870561808348
2699,1745716759.9357064,0.0014545274898409843
2700,1745716778.946221,0.0017939851386472583
2701,1745716790.714886,0.0003767448361031711
2702,1745716801.8922594,0.0009321273537352681
2703,1745716814.6144602,0.0020870978478342295
2704,1745716827.855191,0.0008730640984140337
2705,1745716845.4338937,0.00043486847425810993
2706,1745716855.9246242,0.000894974684342742
2707,1745716875.3952153,0.0004312616656534374
2708,1745716888.8853097,0.0024465820752084255
2709,1745716904.4751906,0.0013758239801973104
2710,1745716919.3851912,0.0012272566091269255
2711,1745716933.5829444,0.0032935584895312786
2712,1745716948.6714282,0.0003152446588501334
2713,1745716963.8494902,0.0011753460858017206
2714,1745716979.0899098,0.006669626571238041
2715,1745716991.471031,0.0017922590486705303
2716,1745717003.196203,0.024786904454231262
2717,1745717018.7082229,0.0013205279828980565
2718,1745717030.5522504,0.0008232739637605846
2719,1745717055.567693,0.0010670606279745698
2720,1745717061.098477,0.0014446398708969355
2721,1745717078.9259367,0.002736864611506462
2722,1745717087.0762115,0.0004664801526814699
2723,1745717111.9738965,0.0031421950552612543
2724,1745717121.261259,0.0007281904108822346
2725,1745717133.8316944,0.0032181614078581333
2726,1745717150.600046,0.0006301311077550054
2727,1745717158.9955003,0.012662860564887524
2728,1745717176.046727,0.00026767843519337475
2729,1745717188.0333135,0.0008578032138757408
2730,1745717203.3346004,0.0009479537256993353
2731,1745717214.2166092,0.0004150083987042308
2732,1745717232.1322942,0.0006885281763970852
2733,1745717244.6075883,0.0010466407984495163
2734,1745717253.797533,0.0002519676345400512
2735,1745717277.7177765,0.00032915465999394655
2736,1745717291.0118735,0.003611726453527808
2737,1745717299.1624835,0.00021312845638021827
2738,1745717321.4485402,0.0003529531823005527
2739,1745717330.0953023,0.00045895870425738394
2740,1745717344.9296823,0.0004847545351367444
2741,1745717363.9776573,0.003522405633702874
2742,1745717370.4580204,0.0017819118220359087
2743,1745717385.0637734,0.0002382875682087615
2744,1745717399.8839319,0.0013200314715504646
2745,1745717414.8077936,0.0005950955674052238
2746,1745717431.2840295,0.00036112466477788985
2747,1745717441.7613578,0.000793399871326983
2748,1745717459.4027147,0.001317110494710505
2749,1745717475.1206021,0.00357118621468544
2750,1745717485.6394372,0.0006770534091629088
2751,1745717497.8050802,0.002280340762808919
2752,1745717502.3613803,0.0010681655257940292
2753,1745717621.4201272,0.0004330938681960106
2754,1745717642.160568,0.0010126674314960837
2755,1745717660.7399971,0.0003141610068269074
2756,1745717680.1066933,0.00020686736388597637
2757,1745717697.4079866,0.0013738335110247135
2758,1745717712.1234589,0.00013056001625955105
2759,1745717730.8850348,0.003576618619263172
2760,1745717743.542037,0.0025352463126182556
2761,1745717754.1427693,0.00040095506119541824
2762,1745717773.1984947,0.009843723848462105
2763,1745717791.270374,0.0009495093254372478
2764,1745717806.3807867,0.010680755600333214
2765,1745717819.8680093,0.0003110657853540033
2766,1745717833.7410288,0.00031897641019895673
2767,1745717850.8583744,0.0002178152062697336
2768,1745717862.6528754,0.0003740159736480564
2769,1745717878.9096973,0.0005866335704922676
2770,1745717889.057239,0.0010580780217424035
2771,1745717908.3053493,0.00045422796392813325
2772,1745717920.9226804,0.0015238462947309017
2773,1745717934.4247267,0.00039714048034511507
2774,1745717947.5724552,0.0037635245826095343
2775,1745717957.021839,0.0011662677861750126
2776,1745717972.8194716,0.008731766603887081
2777,1745717989.1562386,0.0001648087054491043
2778,1745718002.5781438,0.00032957372604869306
2779,1745718017.6507313,0.001168021815828979
2780,1745718027.2469716,0.000639318663161248
2781,1745718034.5222971,0.0010509806452319026
2782,1745718048.1923995,0.0010240082629024982
2783,1745718063.3567894,0.02591179870069027
2784,1745718074.8032932,9.591248817741871e-05
2785,1745718091.0456314,0.007877662777900696
2786,1745718101.2912238,9.549177048029378e-05
2787,1745718120.2736645,0.0002953415678348392
2788,1745718130.649221,0.0011954704532399774
2789,1745718145.035595,0.00041913907625712454
2790,1745718158.283791,0.0022047674283385277
2791,1745718177.47414,0.0001970823941519484
2792,1745718187.6950982,0.015046914108097553
2793,1745718203.2586994,0.0007758706924505532
2794,1745718217.1787212,0.00111779838334769
2795,1745718232.4751885,0.0007164197158999741
2796,1745718242.060711,0.007882305420935154
2797,1745718262.086042,0.0005637232097797096
2798,1745718273.4318585,0.0005644012708216906
2799,1745718291.652407,0.0003757916565518826
2800,1745718307.6938834,0.003432135796174407
2801,1745718316.0573828,0.011568423360586166
2802,1745718331.4869847,0.001279389369301498
2803,1745718345.6477265,0.0010693834628909826
2804,1745718363.7287154,0.00013508397387340665
2805,1745718376.012443,0.0009096417343243957
2806,1745718389.9579034,0.00037808463093824685
2807,1745718402.3892772,0.000306240952340886
2808,1745718413.2832034,0.0013979609357193112
2809,1745718425.4093926,0.0017256824066862464
2810,1745718441.542261,0.004775677807629108
2811,1745718450.0315442,0.00016328714264091104
2812,1745718470.4572241,0.0005378995556384325
2813,1745718480.226597,0.00039261113852262497
2814,1745718489.699387,0.0027698103804141283
2815,1745718508.4074142,0.00039528950583189726
2816,1745718518.282663,0.00047848833492025733
2817,1745718538.8018732,0.00036526768235489726
2818,1745718550.2576857,0.0003547169326338917
2819,1745718569.1005416,0.0011408664286136627
2820,1745718577.7938886,0.00024006639432627708
2821,1745718586.129506,0.0002031206531682983
2822,1745718603.6031384,0.0004274135280866176
2823,1745718617.4576755,0.001222183695062995
2824,1745718630.1743338,0.0009192847064696252
2825,1745718653.4337747,0.002795641543343663
2826,1745718663.850484,0.00021755187481176108
2827,1745718681.5420887,0.0002567008777987212
2828,1745718694.7293155,0.0009574987343512475
2829,1745718707.4041502,0.0003439485444687307
2830,1745718731.355136,0.008716213516891003
2831,1745718739.485957,0.0004367567889858037
2832,1745718754.8412604,0.0002634737465996295
2833,1745718764.522404,0.0002906104491557926
2834,1745718781.7761211,0.000320983468554914
2835,1745718791.9545355,0.0002935999655164778
2836,1745718808.9907706,0.0009105085046030581
2837,1745718816.4015732,0.00015343217819463462
2838,1745718820.7007322,0.0005576882394962013
2839,1745718933.2907422,0.00019537677871994674
2840,1745718952.467113,0.00029070721939206123
2841,1745718972.5412555,0.0009466639021411538
2842,1745718994.633917,0.0003078012086916715
2843,1745719014.7928658,0.00019253873324487358
2844,1745719030.1810484,6.189564010128379e-05
2845,1745719045.4031048,0.000854518439155072
2846,1745719060.2247584,0.00021524311159737408
2847,1745719078.2785003,0.0003153856087010354
2848,1745719093.848155,0.00015250321303028613
2849,1745719114.1467063,0.0002715083828661591
2850,1745719122.7054446,0.0002792790764942765
2851,1745719138.2236905,0.00021225123782642186
2852,1745719154.3103607,9.921697346726432e-05
2853,1745719179.6483798,5.894299829378724e-05
2854,1745719195.7133312,0.00017525398288853467
2855,1745719209.3424919,0.0005302919307723641
2856,1745719219.0636585,0.00014611340884584934
2857,1745719229.8209984,0.0005541537539102137
2858,1745719245.873171,0.00022852109395898879
2859,1745719260.4563656,0.0003196213219780475
2860,1745719281.6206684,0.0002858769439626485
2861,1745719289.8411994,0.00012024815077893436
2862,1745719307.260685,0.001191824092529714
2863,1745719319.7746916,0.0003154387522954494
2864,1745719334.282111,0.0004631372867152095
2865,1745719343.7081904,0.0010112747550010681
2866,1745719361.766118,0.005031878594309092
2867,1745719378.631625,0.00030102263553999364
2868,1745719386.440994,0.00022040665498934686
2869,1745719404.637082,0.00029927314608357847
2870,1745719419.486791,0.0031289011240005493
2871,1745719430.9759235,0.00011433773033786565
2872,1745719441.135239,0.0002482685667928308
2873,1745719461.12052,0.00023987134045455605
2874,1745719469.5290976,0.0002171528321923688
2875,1745719482.5791066,7.139865192584693e-05
2876,1745719497.4597616,0.0004206182493362576
2877,1745719510.3604536,0.00036632403498515487
2878,1745719529.6464527,0.000247968768235296
2879,1745719540.485284,9.936432616086677e-05
2880,1745719559.43141,0.00046359861153177917
2881,1745719572.6239216,0.00013290347123984247
2882,1745719587.1406627,0.006274274084717035
2883,1745719601.1410387,0.00550868920981884
2884,1745719618.36457,0.0003786064335145056
2885,1745719627.0977857,0.0006277663051150739
2886,1745719645.756699,0.00010416805889690295
2887,1745719661.6433654,0.0005081158597022295
2888,1745719671.5376327,0.006374806631356478
2889,1745719686.7490354,0.0003767221642192453
2890,1745719699.7641711,0.004625933710485697
2891,1745719719.7485862,0.0009911729721352458
2892,1745719733.7644706,0.00027478853007778525
2893,1745719747.6191611,0.0018364210845902562
2894,1745719756.8572469,0.015813210979104042
2895,1745719770.8273067,0.0003361738345120102
2896,1745719784.7092748,0.00023829747806303203
2897,1745719803.458936,0.00040456149145029485
2898,1745719810.395575,0.0006923641776666045
2899,1745719826.4888334,0.000781422364525497
2900,1745719839.7394407,0.004781776573508978
2901,1745719856.978584,0.00014295510482043028
2902,1745719869.5704257,0.0004420814220793545
2903,1745719881.3114305,0.000533169019035995
2904,1745719898.5014822,0.0004681880527641624
2905,1745719909.420249,0.0002388914581388235
2906,1745719932.91225,0.007920756004750729
2907,1745719942.4190683,0.0018686492694541812
2908,1745719953.2893002,0.0008707671659067273
2909,1745719965.8984866,0.0004525125550571829
2910,1745719981.8427022,8.01418354967609e-05
2911,1745719994.7045915,0.0005789747228845954
2912,1745720010.3320258,0.013207662850618362
2913,1745720020.4641762,0.0007579887169413269
2914,1745720040.7646322,0.02497486211359501
2915,1745720051.4585185,0.001284094643779099
2916,1745720061.2163923,8.853140025166795e-05
2917,1745720075.7752972,6.19836209807545e-05
2918,1745720086.6168382,0.0029463795945048332
2919,1745720101.274189,0.0017953765345737338
2920,1745720120.6215632,0.022608788684010506
2921,1745720129.8108966,0.0005200281157158315
2922,1745720143.3183556,0.00025637290673330426
2923,1745720158.6689782,0.0006652420852333307
2924,1745720162.7324426,0.0002209402882726863
2925,1745720304.8292778,0.0010731146903708577
2926,1745720318.5635636,0.0007571042515337467
2927,1745720336.5847409,0.00569887226447463
2928,1745720353.0898645,0.0022584479302167892
2929,1745720369.0711753,0.0017947294982150197
2930,1745720391.1830988,0.0007963103125803173
2931,1745720401.086279,0.002355103613808751
2932,1745720409.1527731,0.0013270820491015911
2933,1745720424.454384,0.0004151328466832638
2934,1745720442.6379812,0.0007270423229783773
2935,1745720459.3363647,0.00024369572929572314
2936,1745720479.391193,0.0011657420545816422
2937,1745720487.4426765,8.449199958704412e-05
2938,1745720507.894319,0.00307792192324996
2939,1745720528.0861633,0.0006270953454077244
2940,1745720542.7626572,0.0009896793635562062
2941,1745720549.9507904,0.00018388715398032218
2942,1745720566.5472822,0.0017086047446355224
2943,1745720578.4704654,9.043486352311447e-05
2944,1745720592.7596097,0.0012763181002810597
2945,1745720609.921283,0.0005209989030845463
2946,1745720619.9125805,0.0004731998487841338
2947,1745720640.845769,0.0028273065108805895
2948,1745720655.2045145,0.00023649500508327037
2949,1745720665.7558334,0.00024717056658118963
2950,1745720681.3678238,0.00012578304449561983
2951,1745720693.72552,0.0002850206510629505
2952,1745720710.3546872,0.003364833304658532
2953,1745720718.5083852,0.004163507837802172
2954,1745720733.2016506,0.0006291953031904995
2955,1745720749.9365573,0.00023481014068238437
2956,1745720759.805623,0.0003109020763076842
2957,1745720782.0678036,0.00023281107132788748
2958,1745720797.4466963,0.000755338289309293
2959,1745720808.6195242,0.0005441103130578995
2960,1745720821.4874823,0.0003279944648966193
2961,1745720836.5867367,0.00030103186145424843
2962,1745720846.379244,0.0009322116384282708
2963,1745720867.5443387,0.00036250907578505576
2964,1745720875.6133716,0.00012696468911599368
2965,1745720897.5003943,0.0005993134691379964
2966,1745720905.1267319,7.364313205471262e-05
2967,1745720920.5434191,0.0003376120002940297
2968,1745720933.3509815,0.0003072597901336849
2969,1745720953.480131,0.0007135221967473626
2970,1745720969.5632463,0.00028590013971552253
2971,1745720982.7715256,0.012268967926502228
2972,1745720999.671429,0.009817701764404774
2973,1745721011.648266,0.0004513927851803601
2974,1745721022.01681,0.00018345307034906
2975,1745721039.452181,0.0003205019165761769
2976,1745721062.8359432,0.00043910465319640934
2977,1745721070.4212196,0.00030982261523604393
2978,1745721081.0114357,0.0002485494187567383
2979,1745721098.252116,0.015471451915800571
2980,1745721122.314916,0.0005439493106678128
2981,1745721131.8180392,0.00029384050867520273
2982,1745721142.6978111,0.00025212945183739066
2983,1745721163.3921988,0.005585294216871262
2984,1745721176.3385925,0.00016945127572398633
2985,1745721185.8837013,0.00037703075213357806
2986,1745721205.7146914,0.00010217211820418015
2987,1745721214.678366,0.0004343178297858685
2988,1745721230.8181076,0.0007004264043644071
2989,1745721247.6880698,0.0025814964901655912
2990,1745721263.9751537,0.0009488447685725987
2991,1745721284.234111,0.0003914922126568854
2992,1745721295.7151163,0.0005950435297563672
2993,1745721306.9095805,0.0002591228985693306
2994,1745721321.2273462,6.694829789921641e-05
2995,1745721328.7226908,0.000668768712785095
2996,1745721353.6164405,0.0264174472540617
2997,1745721361.4287179,0.008311011828482151
2998,1745721377.8800461,0.00033285480458289385
2999,1745721394.7274158,0.0004737236595246941
3000,1745721401.9443965,0.0009538273443467915
3001,1745721422.315536,0.0001747788628563285
3002,1745721432.8123934,0.00019477108435239643
3003,1745721441.502398,0.0016539882635697722
3004,1745721455.8416016,0.0008461343823000789
3005,1745721470.1226323,0.0008001649985089898
3006,1745721488.2538667,0.0004664722364395857
3007,1745721505.5447297,0.000297996390145272
3008,1745721517.854889,0.00039121913141570985
3009,1745721532.973409,0.007597631774842739
3010,1745721537.8689852,0.002344447420910001
3011,1745721681.3472855,0.000129268693854101
3012,1745721702.1412702,0.0002103298029396683
3013,1745721718.4066179,0.00027309267898090184
3014,1745721730.6479967,0.00771596422418952
3015,1745721746.6967905,0.0012881580041721463
3016,1745721763.4923959,0.002230501500889659
3017,1745721785.7486708,0.0002071961062029004
3018,1745721791.3994746,0.00039477780228480697
3019,1745721803.4805553,0.00013293050869833678
3020,1745721817.324009,0.0006860019057057798
3021,1745721838.0266638,0.0001526810956420377
3022,1745721846.4219513,0.0002868506999220699
3023,1745721861.4221349,0.00033510656794533134
3024,1745721879.1495845,3.496130011626519e-05
3025,1745721896.0283008,0.00030738222994841635
3026,1745721907.5980518,0.00011754190200008452
3027,1745721924.167827,0.0005695275031030178
3028,1745721935.1737144,0.000576235179323703
3029,1745721949.3765063,0.000283434841549024
3030,1745721969.1425686,0.00028343158192001283
3031,1745721984.5129564,0.00020621842122636735
3032,1745721994.8399715,0.000207153832889162
3033,1745722004.2303174,0.0002602866443339735
3034,1745722022.6535892,0.00029685383196920156
3035,1745722033.2454064,0.00013120444782543927
3036,1745722048.0186687,0.0001563687837915495
3037,1745722062.3101666,0.00021591525000985712
3038,1745722076.0067046,0.00010712918447097763
3039,1745722083.964146,0.003967988770455122
3040,1745722105.1148624,0.0001822371850721538
3041,1745722115.3489687,0.00019695283845067024
3042,1745722129.728941,0.00022550650464836508
3043,1745722142.8413074,7.944888056954369e-05
3044,1745722160.9587433,0.00017408693383913487
3045,1745722168.5476072,0.007089107297360897
3046,1745722180.3833773,0.00010668087634257972
3047,1745722198.261165,0.0005033316556364298
3048,1745722217.2434459,0.00024208873219322413
3049,1745722226.5335596,0.00021334878692869097
3050,1745722242.0602827,0.002770770341157913
3051,1745722252.2038648,0.015085245482623577
3052,1745722270.974051,0.0002035281650023535
3053,1745722282.5014873,0.00020362126815598458
3054,1745722299.35218,0.01496273372322321
3055,1745722319.9060247,0.00020759257313329726
3056,1745722326.526599,0.00022650804021395743
3057,1745722347.6217906,0.0001693012163741514
3058,1745722357.026393,0.00022266051382757723
3059,1745722375.4462633,0.00028139326605014503
3060,1745722388.30413,0.0005663249758072197
3061,1745722396.9590032,0.00012955922284163535
3062,1745722413.2063596,0.0006748714949935675
3063,1745722421.192421,0.004850848112255335
3064,1745722444.0667007,0.0004685348831117153
3065,1745722455.8522508,0.00018877151887863874
3066,1745722465.613379,8.607832569396123e-05
3067,1745722474.3011017,0.0010005799122154713
3068,1745722495.8744922,8.3866500062868e-05
3069,1745722505.5455935,0.0006681564263999462
3070,1745722520.6573522,0.0001247716718353331
3071,1745722533.0838976,0.00037040063762106
3072,1745722543.6805701,0.00025802067830227315
3073,1745722553.8639445,0.00012379557301755995
3074,1745722570.8279862,0.00038827091339044273
3075,1745722579.8997095,3.016466689587105e-05
3076,1745722598.0478797,0.0001744937471812591
3077,1745722607.130056,0.00017430284060537815
3078,1745722620.6751144,0.00032828678376972675
3079,1745722633.8507376,0.0002934921358246356
3080,1745722651.6545792,0.00026342790806666017
3081,1745722660.5707178,0.00015856129175517708
3082,1745722674.543291,0.0001375174178974703
3083,1745722687.5368967,0.008224830031394958
3084,1745722704.552487,3.717375875567086e-05
3085,1745722712.6345,7.452927820850164e-05
3086,1745722728.5725198,0.00023816924658603966
3087,1745722744.9744916,0.0001517382770543918
3088,1745722755.9459367,0.0002463312994223088
3089,1745722764.499319,0.000286669033812359
3090,1745722771.9535768,0.00019167513528373092
3091,1745722794.6506805,0.0003899996809195727
3092,1745722807.1684637,0.00012992580013815314
3093,1745722819.8213975,0.00015912085655145347
3094,1745722834.1346323,0.0002045637957053259
3095,1745722840.533148,0.01625904068350792
3096,1745722845.233177,0.0006807468016631901
3097,1745722993.0733807,6.266232958296314e-05
3098,1745723009.4130054,8.566814358346164e-05
3099,1745723030.7483075,8.565115422243252e-05
3100,1745723039.1088753,0.00016528178821317852
3101,1745723056.2182033,0.0004112079623155296
3102,1745723076.2417083,0.0026282467879354954
3103,1745723097.82724,9.93699868558906e-05
3104,1745723103.9770844,0.0012595499865710735
3105,1745723123.6518595,0.00018856473616324365
3106,1745723146.596802,0.007170211523771286
3107,1745723156.591765,0.00014340115012601018
3108,1745723172.7330306,0.00414228392764926
3109,1745723194.455621,0.00022170276497490704
3110,1745723206.1629221,0.0003139888867735863
3111,1745723213.5640814,0.00029904337134212255
3112,1745723229.4946883,0.00029587975586764514
3113,1745723238.0841312,0.002733036642894149
3114,1745723262.50109,0.0014124211156740785
3115,1745723270.874602,0.002137195784598589
3116,1745723291.0591948,0.001444516470655799
3117,1745723305.0546944,0.0009392012725584209
3118,1745723312.877995,0.0023318836465477943
3119,1745723332.6683407,0.00018311150779481977
3120,1745723344.3138406,0.0002715531154535711
3121,1745723353.6201138,0.00040737781091593206
3122,1745723367.7154326,0.00038443278754130006
3123,1745723390.2510428,0.00045352368033491075
3124,1745723402.876671,0.00019902923668269068
3125,1745723411.9541748,0.00020652169769164175
3126,1745723422.006527,0.0002183987235184759
3127,1745723435.809563,0.0009099553572013974
3128,1745723448.8468173,0.0004853377758990973
3129,1745723462.5321736,0.0003789387992583215
3130,1745723475.4926465,0.0004588037554640323
3131,1745723493.199671,0.0004564139526337385
3132,1745723500.0961325,0.019867343828082085
3133,1745723517.9029686,0.00019913696451112628
3134,1745723525.9869287,0.000658302684314549
3135,1745723541.1257825,0.00031247283914126456
3136,1745723549.3432014,0.00020892132306471467
3137,1745723564.9048483,8.790663559921086e-05
3138,1745723581.336131,0.00034075489384122193
3139,1745723593.9182189,0.00015345102292485535
3140,1745723601.5153806,0.0005516935489140451
3141,1745723621.330438,7.59144895710051e-05
3142,1745723628.5012188,0.00010848485544556752
3143,1745723649.721239,0.000173068925505504
3144,1745723660.8151577,0.0001456874597351998
3145,1745723687.8178508,0.0006875367253087461
3146,1745723701.638959,0.00044458697084337473
3147,1745723715.5236776,0.00016719548148103058
3148,1745723721.081943,0.00015247392002493143
3149,1745723740.7213607,0.0018420204287394881
3150,1745723748.6628659,0.00033084957976825535
3151,1745723762.6083274,0.000191917410120368
3152,1745723772.2838557,0.0003034445398952812
3153,1745723784.6708589,8.997578697744757e-05
3154,1745723795.4227853,0.0001270586799364537
3155,1745723813.5851586,0.00010910029232036322
3156,1745723822.5308108,0.00032774449209682643
3157,1745723840.3386948,0.0002880038518924266
3158,1745723850.4828656,0.00024247055989690125
3159,1745723865.5690868,0.010318727232515812
3160,1745723882.2607017,0.00010977791680488735
3161,1745723895.1907504,0.0001644865988055244
3162,1745723909.342814,0.00012174931180197746
3163,1745723923.7132921,4.748085484607145e-05
3164,1745723940.76058,0.007532483898103237
3165,1745723957.216379,0.0007413021521642804
3166,1745723968.5524838,9.457122359890491e-05
3167,1745723977.109543,0.00020016846247017384
3168,1745723992.6227396,9.862239676294848e-05
3169,1745724004.0788977,9.373969078296795e-05
3170,1745724013.9869633,0.005519035272300243
3171,1745724031.3787036,0.00010687021858757362
3172,1745724041.5471175,0.0001278315467061475
3173,1745724054.500215,5.7067318266490474e-05
3174,1745724072.6903186,0.00014540045231115073
3175,1745724085.1323504,0.0001849689579103142
3176,1745724096.0264513,0.009151667356491089
3177,1745724107.859559,0.00013497998588718474
3178,1745724129.2586117,5.970831261947751e-05
3179,1745724139.5494692,0.00039633523556403816
3180,1745724158.5806165,0.005304060410708189
3181,1745724164.8131416,9.817547834245488e-05
3182,1745724166.5289354,0.00010890512930927798
3183,1745724322.6495373,0.0003539954486768693
3184,1745724331.9514444,0.0001367782533634454
3185,1745724350.6984313,0.00014979846309870481
3186,1745724359.9845726,0.0002444856509100646
3187,1745724379.3229604,9.859741112450138e-05
3188,1745724393.9343104,0.0002626337518449873
3189,1745724407.5770957,0.0001811120891943574
3190,1745724419.0303178,0.0006527515943162143
3191,1745724434.0426657,0.0012097515864297748
3192,1745724445.6875079,0.0002483008138369769
3193,1745724456.937161,0.00018465403991285712
3194,1745724470.665132,0.00023519102251157165
3195,1745724487.0125935,6.224468961590901e-05
3196,1745724495.4117265,0.00026495178462937474
3197,1745724515.2170453,0.00010413546260679141
3198,1745724525.6571648,0.00016049083205871284
3199,1745724546.2256238,0.00010667772585293278
3200,1745724555.4527485,7.429262041114271e-05
3201,1745724569.535381,5.8498961152508855e-05
3202,1745724584.0599618,0.00012100355525035411
3203,1745724594.177445,0.0004326897906139493
3204,1745724611.523434,5.760724889114499e-05
3205,1745724620.6288123,0.00601968914270401
3206,1745724637.3115819,0.000160980096552521
3207,1745724650.2883315,0.0001952482998603955
3208,1745724664.3576255,0.0001741663581924513
3209,1745724674.8353136,0.015193619765341282
3210,1745724690.4688344,0.0003305799327790737
3211,1745724701.7450745,0.0037351518403738737
3212,1745724716.8892043,0.0009442711598239839
3213,1745724728.6244304,0.0036548536736518145
3214,1745724734.5732887,0.0003941584436688572
3215,1745724753.6202178,0.002038321690633893
3216,1745724765.5179837,0.008251644670963287
3217,1745724775.4228604,0.007978633977472782
3218,1745724787.023661,0.0002413956681266427
3219,1745724797.678684,0.00013949460117146373
3220,1745724808.591435,0.0002724711084738374
3221,1745724826.0002115,0.0003546722000464797
3222,1745724837.2627068,0.00016745380708016455
3223,1745724854.6791482,0.0008071535849012434
3224,1745724863.948954,0.00552937388420105
3225,1745724876.8687458,0.000827939948067069
3226,1745724891.0556552,0.0010419593891128898
3227,1745724902.0272565,0.00011220491433050483
3228,1745724914.072017,0.0001314553082920611
3229,1745724935.6793911,0.00015960456221364439
3230,1745724943.5314677,0.0001574695052113384
3231,1745724952.7092702,0.00023581451387144625
3232,1745724968.154959,9.93608045973815e-05
3233,1745724976.9306562,0.00022399613226298243
3234,1745724993.145814,0.00015887367771938443
3235,1745725007.6736782,9.653712913859636e-05
3236,1745725030.066933,0.0001683584414422512
3237,1745725040.6389883,0.00023725965002086014
3238,1745725053.6664517,0.00019397313008084893
3239,1745725059.7881808,0.0002252790000056848
3240,1745725073.874421,0.00013153896725270897
3241,1745725092.740068,0.0004367173241917044
3242,1745725105.691412,0.0015091679524630308
3243,1745725117.7458901,0.0005898086237721145
3244,1745725127.9591262,0.0002091269998345524
3245,1745725139.1185277,0.0011652319226413965
3246,1745725160.4005492,0.0001857130991993472
3247,1745725170.4932294,0.00012129045353503898
3248,1745725190.2178574,0.0011580558493733406
3249,1745725206.6802902,0.0013461969792842865
3250,1745725216.631247,0.00022609032748732716
3251,1745725229.6774292,7.06668506609276e-05
3252,1745725247.3953552,0.0004367001529317349
3253,1745725258.2041414,0.00021773221669718623
3254,1745725278.020354,4.8062971472973004e-05
3255,1745725288.9147406,0.0001464526285417378
3256,1745725300.0239034,0.00013448542449623346
3257,1745725308.6331384,0.003274324117228389
3258,1745725322.7071671,0.0009320279932580888
3259,1745725338.9286306,0.0018925947370007634
3260,1745725349.2650957,0.0001323716714978218
3261,1745725368.4665556,0.004425904247909784
3262,1745725385.2022715,0.00032051358721219003
3263,1745725399.9833548,0.0005878317751921713
3264,1745725414.6678681,0.0003177041362505406
3265,1745725423.3070998,0.008535214699804783
3266,1745725438.5307086,0.00015620690828654915
3267,1745725448.2026784,0.0002512922219466418
3268,1745725452.56846,3.571292108972557e-05
3269,1745725606.7576885,2.8882435799459927e-05
3270,1745725619.3019497,5.283614882500842e-05
3271,1745725629.4323566,4.407395317684859e-05
3272,1745725637.7640798,0.00018979406740982085
3273,1745725652.4626067,0.0024805653374642134
3274,1745725670.3306646,0.0002790882426779717
3275,1745725682.395978,6.053666947991587e-05
3276,1745725698.2476995,0.000222849688725546
3277,1745725713.7454891,0.0003984701179433614
3278,1745725721.2400715,0.0007363836048170924
3279,1745725744.2277033,0.0003691154415719211
3280,1745725755.6429908,0.00029403180815279484
3281,1745725763.6920986,3.308360101073049e-05
3282,1745725778.6633275,0.00020716586732305586
3283,1745725788.4829907,0.0001569532323628664
3284,1745725797.0397694,0.0011733577121049166
3285,1745725817.8273656,0.00018756912322714925
3286,1745725827.2786915,9.603213402442634e-05
3287,1745725838.7673397,0.00047403742792084813
3288,1745725847.9663453,3.7661568057956174e-05
3289,1745725863.47034,0.00028443202609196305
3290,1745725881.1110275,0.00024416783708147705
3291,1745725890.9180784,0.0002094176015816629
3292,1745725900.1096973,0.00010362855391576886
3293,1745725921.1300075,0.00038708397187292576
3294,1745725934.8338287,0.00012326051364652812
3295,1745725948.598286,0.0001828901731641963
3296,1745725959.5342188,0.00026036478811874986
3297,1745725977.6584117,4.9446542107034475e-05
3298,1745725989.4557986,0.00038010862772352993
3299,1745726004.1235895,0.00011538868420757353
3300,1745726023.8194892,0.00011688390077324584
3301,1745726036.8440642,6.732369365636259e-05
3302,1745726048.46041,0.00014135066885501146
3303,1745726057.4464684,0.00020297789887990803
3304,1745726071.4893775,0.011968430131673813
3305,1745726091.279392,0.000339155929395929
3306,1745726101.4294991,8.398495992878452e-05
3307,1745726114.5400286,0.0001533309114165604
3308,1745726129.3410065,9.963974298443645e-05
3309,1745726143.0264885,0.007143713999539614
3310,1745726156.1741915,0.00017051675240509212
3311,1745726174.9726384,0.0015055759577080607
3312,1745726182.3691225,0.0003585895465221256
3313,1745726197.4710224,0.0006668840069323778
3314,1745726210.27535,0.0008145644678734243
3315,1745726225.3575296,0.015357328578829765
3316,1745726235.3170626,0.0005362547817640007
3317,1745726253.7519584,0.0004961617523804307
3318,1745726265.687263,0.00022033837740309536
3319,1745726277.9752214,0.00011642328900052235
3320,1745726290.528128,0.0001227896718773991
3321,1745726305.0327265,6.704890984110534e-05
3322,1745726316.5787318,0.00024340359959751368
3323,1745726331.6431577,0.0002800745714921504
3324,1745726339.6120932,0.00013658071111422032
3325,1745726352.759072,3.7853005778742954e-05
3326,1745726368.9658837,0.01401863619685173
3327,1745726383.1840177,0.015689482912421227
3328,1745726397.4245968,0.00016605897690169513
3329,1745726404.278572,8.80681982380338e-05
3330,1745726423.551183,0.0009409880149178207
3331,1745726432.8451838,0.0001288873318117112
3332,1745726455.3677862,0.0014316840097308159
3333,1745726466.8272152,0.00014096644008532166
3334,1745726475.2793982,0.0005917942617088556
3335,1745726489.877916,0.002774375956505537
3336,1745726499.0526733,0.006217262241989374
3337,1745726504.3800116,0.0005715445731766522
3338,1745726525.0059204,0.0003294684283901006
3339,1745726538.5242968,7.270554488059133e-05
3340,1745726547.267824,0.00021653357543982565
3341,1745726555.6356566,3.5168821341358125e-05
3342,1745726567.265937,4.66755882371217e-05
3343,1745726580.0176504,0.0002295226149726659
3344,1745726602.9526765,0.000113477828563191
3345,1745726612.2398772,0.0021962462924420834
3346,1745726636.6305008,0.0017423642566427588
3347,1745726647.9680905,0.016179000958800316
3348,1745726656.443707,0.0003060023591388017
3349,1745726675.7174451,1.8664804883883335e-05
3350,1745726687.0826333,0.0001598598319105804
3351,1745726697.4312449,0.0001082873423001729
3352,1745726710.5131004,9.754477650858462e-05
3353,1745726731.302706,0.004211924504488707
3354,1745726735.4812353,3.128363096038811e-05
3355,1745726900.369056,0.00034352095099166036
3356,1745726914.8444414,8.484750287607312e-05
3357,1745726931.663673,0.0002311277639819309
3358,1745726940.9795034,0.00046064244816079736
3359,1745726952.2383664,0.0003879869182128459
3360,1745726965.159174,0.00021253224986139685
3361,1745726978.843573,5.653405241901055e-05
3362,1745726996.6868236,0.0010528684360906482
3363,1745727015.987015,0.0005316641181707382
3364,1745727035.9319525,0.00016364561452064663
3365,1745727043.772085,0.0002895677462220192
3366,1745727064.2053728,0.0009780912660062313
3367,1745727079.107777,0.00047713046660646796
3368,1745727090.8373866,3.81446625397075e-05
3369,1745727115.8546538,0.00020370791025925428
3370,1745727123.9550142,0.00015784859715495259
3371,1745727133.859002,9.403003787156194e-05
3372,1745727146.6114194,5.1982031436637044e-05
3373,1745727159.0208886,0.00010881722846534103
3374,1745727178.4958415,0.0006389347254298627
3375,1745727188.3050544,0.00025552554870955646
3376,1745727208.6473176,0.00013545517867896706
3377,1745727225.0020735,0.00012228736886754632
3378,1745727240.8602054,0.0016355420229956508
3379,1745727255.5316687,7.173783524194732e-05
3380,1745727270.6325002,5.283337668515742e-05
3381,1745727284.3158636,7.581921090604737e-05
3382,1745727293.4187791,0.00011307630484225228
3383,1745727310.3693027,0.00017350958660244942
3384,1745727320.7950034,0.0032618313562124968
3385,1745727338.9157696,0.0028179301880300045
3386,1745727348.1578708,6.255246989894658e-05
3387,1745727363.2244253,0.0011162686860188842
3388,1745727376.382815,8.237772999564186e-05
3389,1745727389.3184056,0.00017562799621373415
3390,1745727401.0257125,6.542733899550512e-05
3391,1745727416.9756143,0.00011172043741680682
3392,1745727436.5969524,9.540202154312283e-05
3393,1745727443.5676332,0.00022199127124622464
3394,1745727459.9951217,9.300517558585852e-05
3395,1745727474.4979289,0.00016988847346510738
3396,1745727485.0483363,0.002152984030544758
3397,1745727504.125663,0.003153708530589938
3398,1745727518.0103977,0.00013809373194817454
3399,1745727531.778801,0.00023686741769779474
3400,1745727546.9452572,6.330664473352954e-05
3401,1745727559.864797,0.00013573039905168116
3402,1745727575.7715244,0.00018835275841411203
3403,1745727597.60052,0.0013014228316023946
3404,1745727603.8372452,0.0001154737692559138
3405,1745727616.4232848,0.0001756250421749428
3406,1745727631.0442245,1.938691821123939e-05
3407,1745727647.4708323,0.006578152533620596
3408,1745727659.3538167,0.00024735869374126196
3409,1745727678.084101,0.00013364620099309832
3410,1745727687.584416,0.006663101725280285
3411,1745727701.8388531,7.631737389601767e-05
3412,1745727722.8537462,0.0002003583504119888
3413,1745727731.5961404,0.00014607080083806068
3414,1745727741.5766912,0.00011549156624823809
3415,1745727754.641034,0.00016234570648521185
3416,1745727772.517323,0.0001294909161515534
3417,1745727782.4239726,0.00011479220847832039
3418,1745727791.513467,0.00020286531071178615
3419,1745727808.109711,0.0008285232470370829
3420,1745727822.6765776,0.0028006008360534906
3421,1745727839.143169,0.0002678056189324707
3422,1745727856.379022,0.0007617311202920973
3423,1745727869.8213704,0.0006053427932783961
3424,1745727884.7327387,0.00047712691593915224
3425,1745727902.8834782,0.00019763399905059487
3426,1745727914.4007409,0.01608916185796261
3427,1745727926.7830827,7.284322055056691e-05
3428,1745727938.0203073,0.00016237027011811733
3429,1745727961.7654982,0.010367331095039845
3430,1745727970.6435058,0.00012116030120523646
3431,1745727981.585366,6.316585495369509e-05
3432,1745727993.7962072,8.006832649698481e-05
3433,1745728012.3955433,9.047855564858764e-05
3434,1745728021.5316107,0.000225501338718459
3435,1745728037.5005808,6.27560875727795e-05
3436,1745728049.765422,1.8304244804312475e-05
3437,1745728067.3369684,3.9771075535099953e-05
3438,1745728083.599807,0.00014952069614082575
3439,1745728101.9054313,0.00016025140939746052
3440,1745728106.5805323,0.00019841613539028913
3441,1745728264.249392,7.51916304579936e-05
3442,1745728275.1740637,0.00021029992785770446
3443,1745728288.3350089,7.891996938269585e-05
3444,1745728299.2518811,1.611453808436636e-05
3445,1745728315.8986938,0.00012742425315082073
3446,1745728327.2800999,0.00013368387590162456
3447,1745728337.6701257,9.124587813857943e-05
3448,1745728359.159382,0.00010050546552520245
3449,1745728373.0321765,7.923570956336334e-05
3450,1745728396.9605186,0.0002507230965420604
3451,1745728407.6060274,3.466179987299256e-05
3452,1745728422.2748275,0.00018598012684378773
3453,1745728431.761645,0.005991713609546423
3454,1745728452.731874,6.593490252271295e-05
3455,1745728464.9614801,0.0001657080720178783
3456,1745728485.9863212,8.083205466391519e-05
3457,1745728493.5197475,0.00012757364311255515
3458,1745728515.4874673,0.0037927343510091305
3459,1745728527.8084998,0.00010910863784374669
3460,1745728536.643061,0.00018364546122029424
3461,1745728551.3491488,0.0002983129525091499
3462,1745728562.7271066,0.00019264458387624472
3463,1745728586.1386988,0.00037240199162624776
3464,1745728599.6542883,0.00010415126598672941
3465,1745728611.6855872,0.00020493926422204822
3466,1745728633.503336,0.00016470259288325906
3467,1745728642.5454743,7.729563367320225e-05
3468,1745728650.5339253,0.004124383442103863
3469,1745728670.25578,0.00023020803928375244
3470,1745728680.058528,5.199295628699474e-05
3471,1745728694.230782,7.785626803524792e-05
3472,1745728707.0608435,0.00017234322149306536
3473,1745728725.7709424,8.483981946483254e-05
3474,1745728735.214937,9.94553993223235e-05
3475,1745728754.4604871,0.00010741950973169878
3476,1745728761.5181394,0.0003017318085767329
3477,1745728779.647303,0.00022887333761900663
3478,1745728786.7955587,0.0011444574920460582
3479,1745728803.644828,2.9876728149247356e-05
3480,1745728812.380471,0.00027468896587379277
3481,1745728828.4411178,0.0010002305498346686
3482,1745728839.645987,0.00010158118675462902
3483,1745728851.802522,0.00014046879368834198
3484,1745728867.1395514,8.282189082819968e-05
3485,1745728876.3926382,6.9922098191455e-05
3486,1745728894.942167,4.271194484317675e-05
3487,1745728905.6291845,2.138667696272023e-05
3488,1745728922.2156916,0.00012488574429880828
3489,1745728926.9614105,6.422039587050676e-05
3490,1745728943.7647867,4.805842399946414e-05
3491,1745728952.7040114,0.00010801782627822831
3492,1745728967.4692726,8.421643724432215e-05
3493,1745728984.288684,0.0004543254035525024
3494,1745728990.9374435,4.610598989529535e-05
3495,1745729007.3704197,0.004920030478388071
3496,1745729019.082116,0.00011475450446596369
3497,1745729034.9946303,0.0001616022491361946
3498,1745729048.2598445,0.00018390073091723025
3499,1745729059.4962358,6.256652704905719e-05
3500,1745729071.0570054,9.81241391855292e-05
3501,1745729086.71138,0.00018631770217325538
3502,1745729105.178021,5.412253085523844e-05
3503,1745729116.1859777,8.609872020315379e-05
3504,1745729132.2656176,0.005807606037706137
3505,1745729143.3067,0.007325796410441399
3506,1745729157.6960561,6.157442112453282e-05
3507,1745729168.3917115,3.7623351090587676e-05
3508,1745729177.6633146,4.001127672381699e-05
3509,1745729194.8916724,7.96094027464278e-05
3510,1745729213.8213544,0.005754830781370401
3511,1745729225.1805475,8.412863098783419e-05
3512,1745729248.8177152,6.192435830598697e-05
3513,1745729257.819317,7.034003647277132e-05
3514,1745729276.213918,0.000130291999084875
3515,1745729298.8008754,9.42895348998718e-05
3516,1745729308.3284125,5.489219620358199e-05
3517,1745729320.828209,0.008963407017290592
3518,1745729334.2146447,3.516142533044331e-05
3519,1745729347.561405,0.0003022145538125187
3520,1745729362.467469,0.0006786899175494909
3521,1745729374.0360591,2.405943268968258e-05
3522,1745729394.7806942,0.0003631951112765819
3523,1745729407.168389,0.0027402236592024565
3524,1745729421.3578928,0.00023041859094519168
3525,1745729431.5367749,0.00014239228039514273
3526,1745729435.6015828,0.0006860095891170204
3527,1745729580.7456567,5.7366509281564504e-05
3528,1745729591.430656,0.0010551989544183016
3529,1745729605.129743,5.379819413064979e-05
3530,1745729618.1546965,3.2420568459201604e-05
3531,1745729629.372769,0.0033050926867872477
3532,1745729644.5380452,6.473014946095645e-05
3533,1745729658.1262617,3.062480755033903e-05
3534,1745729670.0973415,2.9057693609502167e-05
3535,1745729688.5706716,6.520147871924564e-05
3536,1745729705.103528,4.191298285149969e-05
3537,1745729720.249783,9.271479939343408e-05
3538,1745729731.8130207,0.0001039646813296713
3539,1745729746.036735,0.00018846479360945523
3540,1745729761.965734,7.652930071344599e-05
3541,1745729777.128517,8.555873500881717e-05
3542,1745729799.7274256,1.0013108294515405e-05
3543,1745729808.1743104,0.009735195897519588
3544,1745729815.7162726,6.773225322831422e-05
3545,1745729834.0256474,4.265763345756568e-05
3546,1745729853.3165853,8.045144932111725e-05
3547,1745729871.933572,1.9715525922947563e-05
3548,1745729883.1840591,0.00011489430471556261
3549,1745729901.6560962,5.407338903751224e-05
3550,1745729910.5911613,0.0003831963986158371
3551,1745729930.8984208,5.942208008491434e-05
3552,1745729939.7166321,0.00011023069237126037
3553,1745729950.7671952,0.00010000108886742964
3554,1745729968.0397906,0.00010239100811304525
3555,1745729980.2066915,0.0101851224899292
3556,1745729993.2188053,7.646457379451022e-05
3557,1745730004.4569154,0.00014784425729885697
3558,1745730016.9905844,0.00013964198296889663
3559,1745730027.8398867,3.887655111611821e-05
3560,1745730044.4817252,3.816050957539119e-05
3561,1745730065.0058427,0.00011121689749415964
3562,1745730077.7992535,6.104294880060479e-05
3563,1745730087.0123284,0.002316191792488098
3564,1745730100.5990856,9.693249739939347e-05
3565,1745730118.252462,5.982030415907502e-05
3566,1745730129.5658917,4.653175710700452e-05
3567,1745730138.1720047,0.002740389434620738
3568,1745730161.4162755,4.7374836867675185e-05
3569,1745730169.428846,0.0001655457162996754
3570,1745730188.6934364,0.000236658874200657
3571,1745730199.137679,0.00017790055426303297
3572,1745730214.4386842,0.00010892262798734009
3573,1745730225.8475037,0.000544771843124181
3574,1745730241.1301265,0.00041903776582330465
3575,1745730254.0147002,0.00021935107361059636
3576,1745730264.0103083,0.0002795788459479809
3577,1745730277.7965093,0.02169778384268284
3578,1745730293.0196505,0.0009825082961469889
3579,1745730308.5996912,0.00011646038183243945
3580,1745730317.9076183,0.0002491223276592791
3581,1745730335.6315367,0.00020553376816678792
3582,1745730340.2548466,0.00010880114859901369
3583,1745730352.7999303,0.00010747706983238459
3584,1745730365.7208447,6.91155219101347e-06
3585,1745730377.7681992,0.00012143291678512469
3586,1745730388.4708087,7.877946336520836e-05
3587,1745730404.1493182,8.122508006636053e-05
3588,1745730418.2606795,8.812217856757343e-05
3589,1745730437.2609084,8.842701208777726e-05
3590,1745730446.6384552,4.0881448512664065e-05
3591,1745730464.3825006,5.6850760302040726e-05
3592,1745730475.2565498,0.00618180213496089
3593,1745730494.6625247,8.400624938076362e-05
3594,1745730508.7671885,0.00026829505804926157
3595,1745730520.4471023,0.00010568834113655612
3596,1745730536.0515933,0.00011403013922972605
3597,1745730554.8057978,0.00014448841102421284
3598,1745730564.3261862,0.00017468549776822329
3599,1745730580.5741374,0.0001399740722263232
3600,1745730601.1753602,0.00042847846634685993
3601,1745730617.6659102,0.00017233392281923443
3602,1745730629.5500438,0.00010924904199782759
3603,1745730638.3149903,0.0001685064344201237
3604,1745730656.1081257,8.137595432344824e-05
3605,1745730665.0557618,0.0002232287370134145
3606,1745730674.2504354,0.0008017783402465284
3607,1745730695.5177815,0.00015263768727891147
3608,1745730703.6731663,0.00013775166007690132
3609,1745730721.9500413,8.546660683350638e-05
3610,1745730737.5071757,5.961321949143894e-05
3611,1745730754.0114949,0.00011214496771572158
3612,1745730756.352452,6.633212251472287e-06
3613,1745730907.9612918,1.8644050214788876e-05
3614,1745730917.9106014,0.00012923587928526103
3615,1745730932.5249019,8.420756785199046e-05
3616,1745730954.1357265,0.00011888724111486226
3617,1745730964.632419,0.00026740762405097485
3618,1745730975.1825392,5.0045211537508294e-05
3619,1745730989.1409311,0.005951887462288141
3620,1745730999.7558506,8.492128108628094e-05
3621,1745731017.2802675,5.652362960972823e-05
3622,1745731033.9642258,5.314456211635843e-05
3623,1745731050.1122346,8.280345355160534e-05
3624,1745731058.782403,0.000241400848608464
3625,1745731075.8507514,0.0001499972422607243
3626,1745731083.331591,0.00029819755582138896
3627,1745731106.509679,0.0029792997520416975
3628,1745731120.2691298,0.000156801484990865
3629,1745731131.1253583,0.00014986876340117306
3630,1745731146.6976306,0.0002199755108449608
3631,1745731158.2584631,0.0010125457774847746
3632,1745731174.5250857,0.0001699706626823172
3633,1745731182.1283755,0.00016204654821194708
3634,1745731198.9312189,0.0001482507650507614
3635,1745731212.6148608,0.00019446518854238093
3636,1745731227.6931212,4.135594645049423e-05
3637,1745731237.241922,4.8102338041644543e-05
3638,1745731260.205574,0.00010964317334583029
3639,1745731266.9758725,0.00011003974941559136
3640,1745731286.2784448,0.00018913575331680477
3641,1745731295.5037599,0.0006967995432205498
3642,1745731311.029407,6.492779357358813e-05
3643,1745731321.453135,4.629014074453153e-05
3644,1745731343.0906904,0.001994526945054531
3645,1745731355.7861042,3.5294360714033246e-05
3646,1745731375.0044296,8.605884795542806e-05
3647,1745731385.2831903,0.0007585264393128455
3648,1745731394.4593873,0.0001690625649644062
3649,1745731409.6328492,0.00016973064339254051
3650,1745731428.614105,0.0008336510509252548
3651,1745731437.895256,0.0004252792277839035
3652,1745731458.2318847,0.00012756127398461103
3653,1745731465.6834836,0.00018320140952710062
3654,1745731476.2789872,4.0274124330608174e-05
3655,1745731503.380664,0.006561657413840294
3656,1745731514.044643,0.0004159112577326596
3657,1745731531.7171352,0.00012003123993054032
3658,1745731539.3537457,0.00026525362045504153
3659,1745731561.9799154,0.0027124478947371244
3660,1745731570.0827534,6.34738607914187e-05
3661,1745731589.1804936,0.00021014412050135434
3662,1745731600.3562124,0.00022256049851421267
3663,1745731609.2962918,6.683242827421054e-05
3664,1745731632.0686493,0.0001855639275163412
3665,1745731642.839204,0.0001442006614524871
3666,1745731653.0904617,8.862939284881577e-05
3667,1745731671.5547776,4.6380235289689153e-05
3668,1745731682.8083472,0.0002299086336279288
3669,1745731699.6015315,0.0001926710974657908
3670,1745731712.707297,0.0001071970327757299
3671,1745731724.886857,6.036898048478179e-05
3672,1745731736.3407075,7.761677989037707e-05
3673,1745731751.649021,3.067312354687601e-05
3674,1745731764.0637987,6.331435724860057e-05
3675,1745731781.9832652,4.534308391157538e-05
3676,1745731793.138682,9.279988444177434e-05
3677,1745731807.2016227,4.0370268834521994e-05
3678,1745731824.3751326,6.646678230026737e-05
3679,1745731835.216319,6.725390267092735e-05
3680,1745731853.2326663,5.490866533364169e-05
3681,1745731863.4574203,8.64034445839934e-05
3682,1745731880.069428,8.88951399247162e-05
3683,1745731899.1824281,2.496666093065869e-05
3684,1745731910.4546053,4.102481761947274e-05
3685,1745731924.5649598,0.00011128338519483805
3686,1745731931.6949918,4.9768012104323134e-05
3687,1745731956.055803,0.00011800726497313008
3688,1745731973.6074848,0.00013015620061196387
3689,1745731984.6861625,3.98110096284654e-05
3690,1745731994.4217165,4.395910946186632e-05
3691,1745732015.0844564,6.740703975083306e-05
3692,1745732025.219738,8.75944533618167e-05
3693,1745732045.8078349,0.007652612403035164
3694,1745732061.8418572,0.006425130181014538
3695,1745732078.1331615,4.847500895266421e-05
3696,1745732096.1919835,9.233449236489832e-05
3697,1745732106.0450816,4.537357744993642e-05
3698,1745732110.6705713,0.00016590412997175008
3699,1745732240.7365255,5.3134921472519636e-05
3700,1745732262.448954,0.0001664673036430031
3701,1745732270.2216773,9.649326966609806e-05
3702,1745732280.6010005,0.00013035318988841027
3703,1745732296.666593,0.00017873205069918185
3704,1745732308.8177204,0.00028327939799055457
3705,1745732323.3018317,8.90111768967472e-05
3706,1745732333.816615,0.0021309175062924623
3707,1745732346.5448554,0.00226481887511909
3708,1745732361.8158145,7.819968595867977e-05
3709,1745732380.5072641,0.0001672444341238588
3710,1745732391.4347126,7.07778672222048e-05
3711,1745732405.041346,0.00013168748409952968
3712,1745732422.3741043,5.6036100431811064e-05
3713,1745732445.9281375,0.00011795338650699705
3714,1745732457.1124852,3.3565716876182705e-05
3715,1745732473.652147,0.00011253825505264103
3716,1745732488.2173643,0.0001355616404907778
3717,1745732499.8304896,6.541432958329096e-05
3718,1745732516.7956097,5.8337518566986546e-05
3719,1745732534.0074089,0.004198526497930288
3720,1745732558.8168497,0.00012526031059678644
3721,1745732568.284286,0.0004883551737293601
3722,1745732576.4527261,0.00010220083640888333
3723,1745732588.8174896,0.00017053289047908038
3724,1745732602.2853875,0.00011129035556223243
3725,1745732625.7388723,0.008128673769533634
3726,1745732634.5746965,0.00013798057625535876
3727,1745732643.7810748,5.595595212071203e-05
3728,1745732659.659489,7.467503746738657e-05
3729,1745732669.120928,4.445125159691088e-05
3730,1745732682.8102465,4.181143958703615e-05
3731,1745732700.7176826,0.0003301507676951587
3732,1745732713.8966415,4.723112942883745e-05
3733,1745732725.6506257,5.321919888956472e-05
3734,1745732741.4783144,2.4550596208428033e-05
3735,1745732760.4381597,3.7532434362219647e-05
3736,1745732775.356115,3.425981049076654e-05
3737,1745732789.4816656,1.1741266462195199e-05
3738,1745732804.0462127,8.156141120707616e-05
3739,1745732821.7946832,0.004851014818996191
3740,1745732831.6182208,4.0728737076278776e-05
3741,1745732845.6944351,8.076014637481421e-05
3742,1745732859.6624577,6.921235763002187e-05
3743,1745732874.4557805,0.00044972283649258316
3744,1745732882.663793,7.899117190390825e-05
3745,1745732902.1066978,0.00010285562166245654
3746,1745732916.6882122,0.0022068675607442856
3747,1745732931.615298,0.00016718939878046513
3748,1745732944.9677536,3.4798693377524614e-05
3749,1745732960.1544561,0.00012292324390728027
3750,1745732971.6178973,0.0004032825818285346
3751,1745732986.4761863,0.0003185046371072531
3752,1745733001.7936268,6.824188312748447e-05
3753,1745733017.7899828,2.7695123208104633e-05
3754,1745733035.6521819,0.0052110678516328335
3755,1745733045.9537163,3.287755680503324e-05
3756,1745733060.0120125,0.0011092544300481677
3757,1745733078.863773,7.742855086689815e-05
3758,1745733090.2920866,5.4204967455007136e-05
3759,1745733107.9823508,0.00039698858745396137
3760,1745733117.9087186,9.157435852102935e-05
3761,1745733126.7880719,7.016535528237e-05
3762,1745733142.270146,0.0059711746871471405
3763,1745733165.6337786,0.00032488457509316504
3764,1745733176.1110272,6.874558312119916e-05
3765,1745733193.1778262,0.00012285515549592674
3766,1745733202.4785576,1.8868420738726854e-05
3767,1745733220.8242278,0.00017034115444403142
3768,1745733234.2324274,0.00035390909761190414
3769,1745733244.56284,5.383191455621272e-05
3770,1745733259.041328,0.0001512163580628112
3771,1745733272.7264209,0.00013527003466151655
3772,1745733286.3097777,0.0002055066725006327
3773,1745733304.5102367,8.923994755605236e-05
3774,1745733327.2138503,0.008412284776568413
3775,1745733337.2222965,6.043976100045256e-05
3776,1745733349.431546,4.728776912088506e-05
3777,1745733370.965989,0.00012070310913259163
3778,1745733385.4177854,0.00010930138523690403
3779,1745733397.8628864,0.00013293624215293676
3780,1745733412.0205526,0.0004966792184859514
3781,1745733428.223075,4.41357733507175e-05
3782,1745733444.9404962,0.00010819493036251515
3783,1745733460.2929356,6.386972381733358e-05
3784,1745733463.1907806,5.543408406083472e-05
3785,1745733613.7493944,4.445408922038041e-05
3786,1745733622.7144744,6.518675945699215e-05
3787,1745733630.7094164,6.744665734004229e-05
3788,1745733651.6469939,0.0003379059489816427
3789,1745733661.8992035,4.71407147415448e-05
3790,1745733676.0452242,1.2415625860739965e-05
3791,1745733691.9034376,0.0001085617404896766
3792,1745733704.4995725,5.902888369746506e-05
3793,1745733719.043956,5.610233711195178e-05
3794,1745733735.2416296,0.00011501742847030982
3795,1745733743.7814302,3.546145308064297e-05
3796,1745733763.823385,5.941748167970218e-05
3797,1745733782.15427,5.8085239288629964e-05
3798,1745733790.2727485,5.1779697969323024e-05
3799,1745733805.733611,8.666967914905399e-05
3800,1745733823.0010402,4.469576379051432e-05
3801,1745733838.543896,8.755885937716812e-05
3802,1745733849.5518413,8.86540801730007e-05
3803,1745733865.8596468,5.953167419647798e-05
3804,1745733878.6621268,3.183029548381455e-05
3805,1745733891.2540612,2.6528232410782948e-05
3806,1745733905.2164357,5.665336357196793e-05
3807,1745733918.3573782,3.153625948471017e-05
3808,1745733932.1229072,1.3874074284103699e-05
3809,1745733943.8925784,4.5172713726060465e-05
3810,1745733960.0673378,2.7169789973413572e-05
3811,1745733970.014941,2.3950071408762597e-05
3812,1745733981.7534113,0.0001996740174945444
3813,1745733997.8074834,0.0002427387225907296
3814,1745734016.1696951,1.9279143089079298e-05
3815,1745734027.1437478,5.343560405890457e-05
3816,1745734046.1586964,1.9184137272532098e-05
3817,1745734065.8754287,0.002453436376526952
3818,1745734071.5719137,3.5877055779565126e-05
3819,1745734085.7624445,4.723277015727945e-05
3820,1745734099.5495477,0.0002314251323696226
3821,1745734110.178196,3.891400046995841e-05
3822,1745734133.7208028,0.00012432853691279888
3823,1745734146.8259943,3.0141442039166577e-05
3824,1745734164.933585,4.388311936054379e-05
3825,1745734174.512729,4.024974623462185e-05
3826,1745734191.7916021,7.199744140962139e-05
3827,1745734200.1110702,2.8183538233861327e-05
3828,1745734215.8869233,6.020024011377245e-05
3829,1745734228.3491056,2.6743813577922992e-05
3830,1745734245.2506835,6.816614040872082e-05
3831,1745734255.3451874,3.946471770177595e-05
3832,1745734269.1212678,4.1474562749499455e-05
3833,1745734284.8796394,4.461006392375566e-05
3834,1745734296.8009818,0.005098802037537098
3835,1745734316.0704393,0.003890379797667265
3836,1745734324.337346,3.6224169889464974e-05
3837,1745734341.0463376,7.422215276164934e-05
3838,1745734360.0294676,2.5405315682291985e-05
3839,1745734369.3595932,6.883685273351148e-05
3840,1745734389.521446,5.8972600527340546e-05
3841,1745734400.1220298,1.7530028344481252e-05
3842,1745734410.6870508,4.7760851884959266e-05
3843,1745734421.1802647,4.250149868312292e-05
3844,1745734437.9693077,4.5215183490654454e-05
3845,1745734448.0830686,0.014292825013399124
3846,1745734457.434905,8.299119508592412e-05
3847,1745734478.918521,5.430154851637781e-05
3848,1745734489.6576536,8.34236343507655e-05
3849,1745734497.228763,7.287049811566249e-05
3850,1745734512.7436974,0.0034528817050158978
3851,1745734523.9498446,2.5627190552768297e-05
3852,1745734539.973023,0.000349081790773198
3853,1745734550.9324627,6.276354542933404e-05
3854,1745734570.8932252,6.822228169767186e-05
3855,1745734581.934828,3.397081309230998e-05
3856,1745734593.5538857,0.00010641849075909704
3857,1745734604.1704152,3.956758519052528e-05
3858,1745734626.7144606,0.00879388116300106
3859,1745734632.8452606,2.5490768166491762e-05
3860,1745734652.320038,2.781131843221374e-05
3861,1745734673.908638,5.3043146181153134e-05
3862,1745734684.1861074,7.617648952873424e-05
3863,1745734696.0399718,7.726412150077522e-05
3864,1745734705.4066079,0.00010057728650281206
3865,1745734721.9224992,7.207487215055153e-05
3866,1745734736.3276107,0.00014790052955504507
3867,1745734753.3333101,0.00012082591274520382
3868,1745734765.8034012,0.0002835857158061117
3869,1745734783.4683368,0.00018279037612956017
3870,1745734787.4359508,0.036365047097206116
3871,1745734933.9879391,0.0003317507216706872
3872,1745734951.6387722,0.0014988949988037348
3873,1745734960.5559976,0.0021003703586757183
3874,1745734976.1576443,0.0013212080812081695
3875,1745734991.5729802,0.025585036724805832
3876,1745735003.7076063,7.5206407927908e-05
3877,1745735019.4986787,0.00046802914584986866
3878,1745735032.9195068,0.002448322717100382
3879,1745735043.8677666,0.00019114598399028182
3880,1745735058.8746705,0.00033843997516669333
3881,1745735077.0092514,0.0011545249726623297
3882,1745735094.3815384,0.00203044805675745
3883,1745735104.9785118,0.0010967119596898556
3884,1745735119.8278372,0.0019908889662474394
3885,1745735133.6016533,0.0004352747928351164
3886,1745735149.1790504,0.00014984792505856603
3887,1745735165.0350304,0.00013441650662571192
3888,1745735182.3073459,5.510335540748201e-05
3889,1745735193.5409787,6.977880548220128e-05
3890,1745735203.353838,8.570538193453103e-05
3891,1745735219.5574958,7.585829735035077e-05
3892,1745735233.1651824,0.0005416540079750121
3893,1745735250.0740335,0.0013287821784615517
3894,1745735262.8396313,0.025930309668183327
3895,1745735286.23168,0.00014775579620618373
3896,1745735292.7016525,0.0002253048587590456
3897,1745735307.5149305,7.892386202001944e-05
3898,1745735325.1546576,0.00047812602133490145
3899,1745735333.8302035,0.0003066639183089137
3900,1745735348.2707455,0.0002319921914022416
3901,1745735360.9575434,0.00011903090489795431
3902,1745735372.2821898,0.00019149173749610782
3903,1745735389.3864937,0.0001326396013610065
3904,1745735400.6916308,0.00023301203327719122
3905,1745735418.2035446,0.0001547896390547976
3906,1745735434.194652,0.00011219594307476655
3907,1745735448.9487095,0.0002593942917883396
3908,1745735470.4140089,0.0001303452590946108
3909,1745735485.6595767,0.0001911496656248346
3910,1745735493.7947657,0.00014884652046021074
3911,1745735517.38526,0.00037801152211613953
3912,1745735528.253374,0.0005325308884494007
3913,1745735538.9465055,0.0001668051554588601
3914,1745735555.3526156,0.00014572642976418138
3915,1745735578.964207,5.624839832307771e-05
3916,1745735586.829632,0.00011330122651997954
3917,1745735600.4476604,0.0002409207954769954
3918,1745735612.5091462,9.6113835752476e-05
3919,1745735626.111358,6.761828990420327e-05
3920,1745735647.9925122,8.43174711917527e-05
3921,1745735657.5203881,0.00012213246372994035
3922,1745735667.6280153,0.00028895086143165827
3923,1745735677.6072814,0.00016901374328881502
3924,1745735696.942915,0.00023499919916503131
3925,1745735705.8815718,0.0004216884553898126
3926,1745735722.4236796,0.00011796932085417211
3927,1745735731.8698428,0.00024205114459618926
3928,1745735753.4778793,0.00018326238205190748
3929,1745735763.165587,0.00012986891670152545
3930,1745735785.050678,0.0075308214873075485
3931,1745735792.9371748,0.00022336564143188298
3932,1745735801.2303329,0.00022240988619159907
3933,1745735817.3547525,7.882757199695334e-05
3934,1745735828.332372,0.00029151327908039093
3935,1745735843.5952327,0.00010547717829467729
3936,1745735862.505931,0.00011693408305291086
3937,1745735876.8833013,0.0001307294296566397
3938,1745735884.5225806,0.00033170595997944474
3939,1745735904.4652605,0.00037082162452861667
3940,1745735912.2000842,0.00013066235987935215
3941,1745735925.1998892,0.00018957251450046897
3942,1745735937.5712407,3.5938650398747995e-05
3943,1745735958.3608806,0.00022409725352190435
3944,1745735965.2863197,0.00011257347068749368
3945,1745735987.163325,0.007442793343216181
3946,1745735993.1754239,0.00035568521707318723
3947,1745736009.4382603,7.188918243627995e-05
3948,1745736025.758687,0.00014372268924489617
3949,1745736032.3413424,0.0008184558828361332
3950,1745736050.8547535,0.0009158795583061874
3951,1745736058.0191638,0.00020104323630221188
3952,1745736070.6248102,7.888178515713662e-05
3953,1745736087.204398,3.285886850790121e-05
3954,1745736103.4274712,0.0001059570349752903
3955,1745736117.570863,0.00019749163766391575
3956,1745736122.0506885,0.0002655182033777237
3957,1745736277.8212564,3.232250674045645e-05
3958,1745736289.209401,7.917357288533822e-05
3959,1745736303.636271,0.00010664903675206006
3960,1745736316.3456912,8.202157914638519e-05
3961,1745736328.6697495,0.0001436988532077521
3962,1745736340.5329688,0.00014410058793146163
3963,1745736354.875376,5.4391828598454595e-05
3964,1745736370.9579582,9.855429379967973e-05
3965,1745736380.677293,9.313643386121839e-05
3966,1745736394.1620808,0.00016256707021966577
3967,1745736410.188285,0.0001541295350762084
3968,1745736430.051526,8.191569213522598e-05
3969,1745736447.0279312,0.00023378267360385507
3970,1745736456.3731287,2.1051233488833532e-05
3971,1745736467.4418387,0.0001207244858960621
3972,1745736481.4428816,8.607230120105669e-05
3973,1745736492.6677191,2.841746390913613e-05
3974,1745736507.566729,6.104320345912129e-05
3975,1745736518.887864,4.7045588871696964e-05
3976,1745736536.6772246,2.0738794773933478e-05
3977,1745736549.5352778,2.3689963200013153e-05
3978,1745736563.8066845,5.0547419959912077e-05
3979,1745736577.241881,3.622963777161203e-05
3980,1745736594.7783024,0.00019259625696577132
3981,1745736606.8798082,2.9840413844794966e-05
3982,1745736617.288098,8.300592162413523e-05
3983,1745736633.7109668,7.755622209515423e-05
3984,1745736651.5799417,0.0073308441787958145
3985,1745736659.4209843,4.67980898974929e-05
3986,1745736675.647643,0.0007678797701373696
3987,1745736689.9609773,3.685941192088649e-05
3988,1745736703.2561023,5.8900648582493886e-05
3989,1745736718.764075,8.816979971015826e-05
3990,1745736729.2694309,4.0334529330721125e-05
3991,1745736742.417388,4.762830940308049e-05
3992,1745736755.5651798,3.8616653910139576e-05
3993,1745736768.090953,7.779660518281162e-05
3994,1745736783.0635688,5.7135941460728645e-05
3995,1745736796.0005984,6.657911580987275e-05
3996,1745736810.9912481,0.010215714573860168
3997,1745736830.3742409,0.00015458365669474006
3998,1745736839.0622673,6.556133303092793e-05
3999,1745736856.2171404,6.715649215038866e-05
4000,1745736867.12902,0.00018880651623476297
4001,1745736889.8650737,2.725935701164417e-05
4002,1745736901.8727171,0.00018877838738262653
4003,1745736912.4505677,7.170224853325635e-05
4004,1745736925.0278633,0.000124927973956801
4005,1745736939.8438356,0.00018143498164135963
4006,1745736956.2272134,0.00010384586494183168
4007,1745736969.6152449,0.00010814992128871381
4008,1745736983.8328187,0.01737946830689907
4009,1745736996.4167864,0.000142312390380539
4010,1745737013.4307816,6.960298924241215e-05
4011,1745737027.5899374,0.00010192443005507812
4012,1745737043.6201289,3.4293900625925744e-06
4013,1745737055.997704,0.00012744672130793333
4014,1745737075.6398008,5.0757396820699796e-05
4015,1745737084.6829288,4.361527317087166e-05
4016,1745737097.9051077,0.00013242960267234594
4017,1745737110.0240173,1.4305180229712278e-05
4018,1745737127.401994,0.00018110210658051074
4019,1745737139.1114259,9.389541810378432e-05
4020,1745737155.1212382,0.0001469129347242415
4021,1745737167.6987052,4.3233067117398605e-05
4022,1745737176.2425284,1.1789492418756709e-05
4023,1745737197.6272297,7.950273720780388e-05
4024,1745737203.4677389,0.00011412351159378886
4025,1745737218.137384,4.3109677790198475e-05
4026,1745737237.4658043,0.00010303721501259133
4027,1745737247.2848487,7.236257806653157e-05
4028,1745737259.31517,3.753644341486506e-05
4029,1745737275.6644716,3.465223198872991e-05
4030,1745737293.3498662,0.00027585847419686615
4031,1745737301.3378856,8.763265213929117e-05
4032,1745737318.1083202,0.00016730488277971745
4033,1745737329.441986,0.0005366248078644276
4034,1745737342.9254022,3.558669413905591e-05
4035,1745737360.5206008,3.2074454793473706e-05
4036,1745737371.3005433,7.851263217162341e-05
4037,1745737380.6251976,8.084284490905702e-05
4038,1745737401.7860682,0.00031462954939343035
4039,1745737420.8988764,7.494820602005348e-05
4040,1745737440.0732894,7.327563798753545e-05
4041,1745737458.6349444,5.8202884247293696e-05
4042,1745737463.2988126,0.0009927013888955116
4043,1745737600.1565068,5.97405232838355e-05
4044,1745737612.330309,3.282337274868041e-05
4045,1745737626.2779303,0.00012083014007657766
4046,1745737642.266016,4.418355820234865e-05
4047,1745737652.9990327,0.00012003781012026593
4048,1745737662.19025,4.4414831791073084e-05
4049,1745737676.1478758,0.00010234273213427514
4050,1745737691.1972923,5.330922067514621e-05
4051,1745737705.2141476,0.0006948192603886127
4052,1745737717.2001355,1.9989618522231467e-05
4053,1745737736.8339546,6.788913015043363e-05
4054,1745737753.2919033,0.00011362117948010564
4055,1745737771.9322393,4.288597119739279e-05
4056,1745737779.4591522,9.251825395040214e-05
4057,1745737798.8072584,0.0003344865399412811
4058,1745737817.336352,8.413046452915296e-05
4059,1745737827.4683342,2.787844459817279e-05
4060,1745737841.1456761,1.8692517187446356e-05
4061,1745737862.707884,2.4767383365542628e-05
4062,1745737876.8217034,3.889379513566382e-05
4063,1745737889.4918752,3.555240255082026e-05
4064,1745737900.065568,4.768061262439005e-05
4065,1745737914.2101812,0.012300440110266209
4066,1745737928.4471815,3.114846913376823e-05
4067,1745737940.0626905,5.026578583056107e-05
4068,1745737954.8529046,2.7858653993462212e-05
4069,1745737982.345678,0.00020494917407631874
4070,1745737994.025944,8.412557508563623e-05
4071,1745738007.3762949,0.00010983958782162517
4072,1745738020.6337538,0.00011377515329513699
4073,1745738037.0667121,6.50036963634193e-05
4074,1745738050.647626,0.00014046319120097905
4075,1745738059.3998458,0.005910289473831654
4076,1745738082.5431483,0.00013536344340536743
4077,1745738093.53354,0.00035293068503960967
4078,1745738098.06674,0.00026210531359538436
4079,1745738115.0885422,0.0018170949770137668
4080,1745738127.813133,0.0001678534026723355
4081,1745738142.8365614,0.00025181498494930565
4082,1745738164.3417337,0.00013631832553073764
4083,1745738175.1381922,0.00013990588195156306
4084,1745738184.1314638,0.010773193091154099
4085,1745738200.2199652,2.3987400709302165e-05
4086,1745738212.8526347,0.0001201143313664943
4087,1745738226.4433732,3.130185723421164e-05
4088,1745738241.292127,5.03672199556604e-05
4089,1745738252.5325835,0.00011313632421661168
4090,1745738270.9369266,0.00013935127935837954
4091,1745738277.0770311,6.17389305261895e-05
4092,1745738295.7247064,0.0005577928968705237
4093,1745738308.720715,0.0007685238961130381
4094,1745738322.066431,0.0001690695498837158
4095,1745738334.0621493,0.00016479143232572824
4096,1745738350.936844,7.03170953784138e-05
4097,1745738362.255858,0.009439717046916485
4098,1745738378.7453785,0.00018030041246674955
4099,1745738392.9506156,0.00011268206435488537
4100,1745738404.0176039,7.629801984876394e-05
4101,1745738418.2515738,2.3449847503798082e-05
4102,1745738427.4161823,1.3484084774972871e-05
4103,1745738440.8589923,5.9440975746838376e-05
4104,1745738458.4841127,3.264972838223912e-05
4105,1745738472.3432734,1.4509542779705953e-05
4106,1745738483.3958278,4.4688964408123866e-05
4107,1745738501.4512484,0.00016895696171559393
4108,1745738514.1987245,0.00017641723388805985
4109,1745738529.5599787,2.5689778340165503e-05
4110,1745738541.025119,7.190780161181465e-05
4111,1745738557.2503796,9.397836402058601e-05
4112,1745738574.7103224,3.6383633414516225e-05
4113,1745738584.968392,7.414435094688088e-05
4114,1745738600.180875,5.940641858614981e-05
4115,1745738607.8652787,0.00013935468450654298
4116,1745738622.9622676,2.1109248336870223e-05
4117,1745738636.8908093,0.00016117685299832374
4118,1745738655.3166804,4.750996231450699e-05
4119,1745738664.253263,2.1653351723216474e-05
4120,1745738672.514426,1.81871928361943e-05
4121,1745738688.354652,3.74128321709577e-05
4122,1745738707.3393116,0.00016732730728108436
4123,1745738717.1456947,6.116157601354644e-05
4124,1745738728.5405083,2.2053649445297197e-05
4125,1745738742.797681,0.0001530539448140189
4126,1745738755.0743184,7.743126479908824e-05
4127,1745738769.0518062,0.00010008041135733947
4128,1745738772.8546648,4.4165150029584765e-05
4129,1745738928.4217272,2.9786149752908386e-05
4130,1745738941.960122,1.2664227142522577e-05
4131,1745738957.0026681,4.341903331805952e-05
4132,1745738968.1348848,6.192037835717201e-05
4133,1745738986.8774836,2.0786666937055998e-05
4134,1745738991.7289665,4.386044020066038e-05
4135,1745739007.3364255,2.767310979834292e-05
4136,1745739019.9677165,8.916132355807349e-05
4137,1745739037.6748722,8.554901432944462e-05
4138,1745739047.1703146,5.874636917724274e-05
4139,1745739068.1651912,3.968016608268954e-05
4140,1745739088.8426723,5.8022491430165246e-05
4141,1745739106.1292088,2.19839876081096e-05
4142,1745739114.0748928,1.787944529496599e-05
4143,1745739130.2307868,4.113537670491496e-06
4144,1745739148.3864474,2.8995302272960544e-05
4145,1745739160.6270123,4.74177832074929e-05
4146,1745739172.826972,3.922904215869494e-05
4147,1745739191.7035918,4.241766146151349e-05
4148,1745739201.7129838,2.1270070647005923e-05
4149,1745739211.567394,4.6417011617450044e-05
4150,1745739227.5620215,5.144083479535766e-05
4151,1745739243.4558303,0.00011229729716433212
4152,1745739260.4551437,2.005049645958934e-05
4153,1745739276.1505897,1.422903824277455e-05
4154,1745739287.368104,0.00014148092304822057
4155,1745739306.4581628,2.7460191631689668e-05
4156,1745739313.2657537,3.5385040973778814e-05
4157,1745739332.1904633,0.004204547964036465
4158,1745739344.3551655,2.1472516891662963e-05
4159,1745739356.7621686,3.497903890092857e-05
4160,1745739366.462439,4.1707255149958655e-05
4161,1745739387.0615766,2.2948304831515998e-05
4162,1745739394.4835541,5.0534712499938905e-05
4163,1745739410.6846943,6.604910595342517e-06
4164,1745739419.4149888,4.955883196089417e-05
4165,1745739435.7500472,0.0007786130299791694
4166,1745739444.6608615,0.00012088329822290689
4167,1745739466.7426908,5.532447175937705e-05
4168,1745739477.9126134,0.002561297034844756
4169,1745739488.4818208,6.309948366833851e-05
4170,1745739508.7625709,3.684025432448834e-05
4171,1745739519.9062047,0.00013233287609182298
4172,1745739532.2872055,2.5756877221283503e-05
4173,1745739542.5341713,0.00012169384717708454
4174,1745739560.0325625,0.0003206648107152432
4175,1745739570.4666038,2.6837078621611e-05
4176,1745739584.9460592,6.410021160263568e-05
4177,1745739596.8631713,5.0885064410977066e-05
4178,1745739608.6136355,6.955967546673492e-05
4179,1745739619.8294795,8.641979366075248e-05
4180,1745739637.432845,0.00035815240698866546
4181,1745739649.8728848,6.433702219510451e-05
4182,1745739662.548211,4.883838118985295e-05
4183,1745739676.870173,6.212896551005542e-05
4184,1745739692.4359577,8.925149450078607e-05
4185,1745739703.860214,0.00010240537085337564
4186,1745739711.613728,0.0001358814479317516
4187,1745739728.4433343,4.258706758264452e-05
4188,1745739745.9040747,6.077823127270676e-05
4189,1745739762.2169876,0.0005420775851234794
4190,1745739769.856399,2.4716491680010222e-05
4191,1745739784.0525596,5.827447967021726e-05
4192,1745739802.9192016,2.3119924662751146e-05
4193,1745739814.0792649,0.0004972138558514416
4194,1745739826.8318462,0.002804541029036045
4195,1745739840.5421493,1.8101902242051437e-05
4196,1745739851.2850437,1.4652346180810127e-05
4197,1745739867.5000715,3.908322105417028e-05
4198,1745739889.5160732,0.002024285728111863
4199,1745739896.9978695,0.00010791037493618205
4200,1745739910.4457939,4.232572246110067e-05
4201,1745739924.2319868,5.004031481803395e-05
4202,1745739939.6183724,0.000108711639768444
4203,1745739957.1023362,0.00011041892867069691
4204,1745739967.0325844,2.0076840883120894e-05
4205,1745739985.1328113,3.525247302604839e-05
4206,1745739993.7000523,5.137911284691654e-05
4207,1745740001.268492,6.205026693351101e-06
4208,1745740020.878691,2.6093483029399067e-05
4209,1745740032.5366528,3.382039358257316e-05
4210,1745740042.5290377,5.797258563688956e-05
4211,1745740059.0268264,5.757043254561722e-05
4212,1745740070.3776696,2.05620817723684e-05
4213,1745740081.8861184,3.00361880363198e-05
4214,1745740085.2198863,0.00010754122195066884
4215,1745740226.009568,1.8779577658278868e-05
4216,1745740240.5203898,5.14503444719594e-05
4217,1745740247.481056,9.348897583549842e-05
4218,1745740264.1106875,0.00032089301384985447
4219,1745740271.955307,6.770704931113869e-05
4220,1745740290.8683503,1.9669068933581002e-05
4221,1745740307.8235798,0.0001240492274519056
4222,1745740319.6417882,1.713252640911378e-05
4223,1745740332.3184772,4.916750913253054e-05
4224,1745740348.8367493,2.3662236344534904e-05
4225,1745740360.615279,2.5301174900960177e-05
4226,1745740378.2226825,4.849941615248099e-05
4227,1745740391.4826453,8.208487997762859e-05
4228,1745740403.117677,6.193997978698462e-05
4229,1745740425.8187742,4.279073982615955e-05
4230,1745740433.9623523,5.377535126172006e-05
4231,1745740450.352357,3.620886491262354e-05
4232,1745740464.4154944,4.859183536609635e-05
4233,1745740483.2185917,6.973668496357277e-05
4234,1745740496.104181,6.195780588313937e-05
4235,1745740514.9163926,6.018748536007479e-05
4236,1745740525.2479613,2.2203996195457876e-05
4237,1745740540.1512637,5.184613473829813e-05
4238,1745740556.2549658,1.4095935512159485e-05
4239,1745740569.4062393,1.4686583199363668e-05
4240,1745740584.6488528,9.816991223488003e-06
4241,1745740597.1106992,3.531611218932085e-05
4242,1745740605.9941437,6.053697688912507e-06
4243,1745740620.8975015,4.470908606890589e-05
4244,1745740640.7531173,2.0748795577674173e-05
4245,1745740650.6337216,3.691403617267497e-05
4246,1745740659.6928976,1.893581975309644e-05
4247,1745740682.0406842,1.5557423466816545e-05
4248,1745740693.836902,3.515513890306465e-05
4249,1745740704.4349089,9.199865417031106e-06
4250,1745740717.1778536,4.1151994082611054e-05
4251,1745740727.561467,7.789296068949625e-05
4252,1745740738.7091649,6.8356584961293265e-06
4253,1745740755.567835,2.7123929612571374e-05
4254,1745740767.9223187,1.7831125660450198e-05
4255,1745740783.5163245,0.013209767639636993
4256,1745740802.4648845,1.9446535588940606e-05
4257,1745740810.0890963,8.734946277400013e-06
4258,1745740824.5429378,7.0525573391933e-05
4259,1745740837.8664038,0.00011992277723038569
4260,1745740863.319933,5.362897354643792e-05
4261,1745740873.736286,0.00012283855176065117
4262,1745740891.8756638,0.00013361549645196646
4263,1745740901.4915323,0.00016142467211466283
4264,1745740920.3463666,4.728026397060603e-05
4265,1745740929.568212,6.909639341756701e-05
4266,1745740948.3159537,3.078627196373418e-05
4267,1745740958.9218113,8.42138470034115e-05
4268,1745740969.004289,3.493051917757839e-05
4269,1745740988.9538045,0.015893829986453056
4270,1745740996.034667,0.00033528910716995597
4271,1745741013.947707,6.417929398594424e-06
4272,1745741024.4643545,7.425199873978272e-05
4273,1745741041.608334,6.229612336028367e-05
4274,1745741051.868574,0.00011270913091721013
4275,1745741063.0143526,7.510699651902542e-05
4276,1745741073.669614,2.829299046425149e-05
4277,1745741088.581715,0.00036233928403817117
4278,1745741109.4477596,0.01966772973537445
4279,1745741120.745574,4.682747385231778e-05
4280,1745741135.7629228,0.0013096805196255445
4281,1745741148.716779,9.535807475913316e-05
4282,1745741158.9339848,9.3769260274712e-05
4283,1745741175.6377835,0.0005973721854388714
4284,1745741186.7058132,0.00019814590632449836
4285,1745741204.8382678,0.0002760027418844402
4286,1745741214.3714368,0.0003812933573499322
4287,1745741229.468414,0.0003977673186454922
4288,1745741245.142435,0.0008624185575172305
4289,1745741265.8765357,0.0011291828704997897
4290,1745741274.6038437,0.00010014713188866153
4291,1745741286.5877311,3.7185047403909266e-05
4292,1745741299.5710979,6.237404886633158e-05
4293,1745741316.5854764,0.00022922382049728185
4294,1745741330.4569159,0.0006485793273895979
4295,1745741340.4735353,1.3605841559183318e-05
4296,1745741354.6593006,0.00019905375665985048
4297,1745741371.021859,0.00048582302406430244
4298,1745741378.5417824,0.00014265593199525028
4299,1745741401.0663486,0.0003069413360208273
4300,1745741404.3435478,0.0004254992527421564
